{
"type": "FeatureCollection",
"name": "fdp",
"crs": { "type": "name", "properties": { "name": "urn:ogc:def:crs:EPSG::3111" } },
"features": [
{ "type": "Feature", "properties": { }, "geometry": { "type": "LineString", "coordinates": [ [ 2339773.667655403260142, 2444733.984942047391087 ], [ 2339773.667655403260142, 2444766.234504966065288 ], [ 2339741.418453997932374, 2444766.234504966065288 ], [ 2339709.168580635916442, 2444798.484067884273827 ], [ 2339547.922573608346283, 2444895.232084676623344 ], [ 2339451.174297435209155, 2444927.481647594831884 ], [ 2339418.925096029415727, 2444959.730538549833 ], [ 2339386.67589462408796, 2444991.9801014685072 ], [ 2339322.17681985674426, 2445024.229664387181401 ], [ 2339257.678417045623064, 2445088.728118260391057 ], [ 2339225.429215639829636, 2445153.227244097739458 ], [ 2339160.930140872485936, 2445217.725697970949113 ], [ 2339128.680939466692507, 2445282.224823808297515 ], [ 2339096.43173806136474, 2445314.473714762832969 ], [ 2338999.683461888227612, 2445507.970420310739428 ], [ 2338967.434260482434183, 2445572.468874183949083 ], [ 2338967.434260482434183, 2445604.718437102623284 ], [ 2338935.185059077106416, 2445669.216890975832939 ], [ 2338902.935857671312988, 2445701.46645389450714 ], [ 2338838.436782903969288, 2445830.464033605065197 ], [ 2338677.190103919710964, 2446088.45919302618131 ], [ 2338548.193298297468573, 2446314.204789528623223 ], [ 2338386.94661931367591, 2446539.950386031530797 ], [ 2338322.447544545866549, 2446668.947965742088854 ], [ 2338290.198343140538782, 2446701.197528660297394 ], [ 2338225.699940329417586, 2446830.195108371321112 ], [ 2338161.200865562073886, 2446926.943125163204968 ], [ 2338128.951664156280458, 2446991.441579036414623 ], [ 2338096.70246275048703, 2447023.691141955088824 ], [ 2338064.453261345159262, 2447055.940704873763025 ], [ 2338032.204059939831495, 2447152.688721665646881 ], [ 2337967.704985172022134, 2447313.935864294879138 ], [ 2337903.206582360900939, 2447442.933444005437195 ], [ 2337838.708179549779743, 2447604.179914670530707 ], [ 2337774.209104782436043, 2447733.177494381088763 ], [ 2337741.959903376642615, 2447765.427057299762964 ], [ 2337709.710701971314847, 2447797.676620218437165 ], [ 2337677.461500565521419, 2447862.17507409164682 ], [ 2337645.211627203971148, 2447926.674199928995222 ], [ 2337548.464022987056524, 2447991.172653802204877 ], [ 2337483.965620175935328, 2448023.422216720879078 ], [ 2337387.2173440027982, 2448120.170233512762934 ], [ 2337290.469067830126733, 2448216.918250305112451 ], [ 2337258.219866424333304, 2448249.167813223320991 ], [ 2337129.222388845868409, 2448378.165392933879048 ], [ 2337032.474784628953785, 2448474.913409726228565 ], [ 2336967.976381817832589, 2448539.412535563111305 ], [ 2336709.981426660902798, 2448797.407023020554334 ], [ 2336677.73222525510937, 2448829.656585939228535 ], [ 2336677.73222525510937, 2448861.906148857902735 ], [ 2336613.233822443988174, 2448926.404602731112391 ], [ 2336548.734747676644474, 2449023.152619522996247 ], [ 2336387.48806869238615, 2449248.898887989576906 ], [ 2336355.238867287058383, 2449345.646904781460762 ], [ 2336258.490591113921255, 2449474.644484492018819 ], [ 2336161.742986897006631, 2449603.642064202576876 ], [ 2336129.493785491678864, 2449668.140518075786531 ], [ 2336064.994710723869503, 2449700.390080994460732 ], [ 2335871.498830334283412, 2449958.385240415576845 ], [ 2335839.249628928955644, 2449990.634131370577961 ], [ 2335742.501352755818516, 2450087.382820126134902 ], [ 2335678.00294994469732, 2450184.130836918018758 ], [ 2335645.753748538903892, 2450248.629290791694075 ], [ 2335613.504547133576125, 2450248.629290791694075 ], [ 2335581.255345727782696, 2450280.878853710368276 ], [ 2335516.756270960438997, 2450377.626870502252132 ], [ 2335323.260390570852906, 2450571.123576049692929 ], [ 2335162.013711586594582, 2450732.370046715252101 ], [ 2335129.764510181266814, 2450764.619609633926302 ], [ 2335097.515308775473386, 2450796.869172552600503 ], [ 2335065.266107370145619, 2450796.869172552600503 ], [ 2335000.767032602336258, 2450861.367626425810158 ], [ 2334936.268629791215062, 2450893.617189344484359 ], [ 2334904.019428385887295, 2450893.617189344484359 ], [ 2334871.769555023871362, 2450925.86675226315856 ], [ 2334807.271152212750167, 2450925.86675226315856 ], [ 2334775.021950806956738, 2450925.86675226315856 ], [ 2334742.772749401628971, 2450958.115643217694014 ], [ 2334710.522876039613038, 2450958.115643217694014 ], [ 2334678.273674634285271, 2450958.115643217694014 ], [ 2334452.528592838905752, 2450958.115643217694014 ], [ 2334388.030190027784556, 2450990.365206136368215 ], [ 2334291.281913854647428, 2450990.365206136368215 ], [ 2334259.032712449319661, 2450990.365206136368215 ], [ 2334194.533637681510299, 2450990.365206136368215 ], [ 2334130.035234870389104, 2451022.614769055042416 ], [ 2334033.287630653940141, 2451054.864331973716617 ], [ 2334001.037757291924208, 2451087.113222928252071 ], [ 2333904.290153075009584, 2451119.362785846926272 ], [ 2333839.791078307665884, 2451151.612348765600473 ], [ 2333678.545071280095726, 2451248.360365557484329 ], [ 2333646.295197918079793, 2451248.360365557484329 ], [ 2332840.06247495347634, 2451667.601995644159615 ], [ 2332549.81831839075312, 2451796.599575354717672 ], [ 2331904.831602454185486, 2452119.093860612716526 ], [ 2331904.831602454185486, 2452151.342751567717642 ], [ 2331743.584923469927162, 2452215.841877405066043 ], [ 2331679.086520658805966, 2452248.091440323274583 ], [ 2331517.839841674547642, 2452312.589894196949899 ], [ 2331163.097282300703228, 2452506.086599744390696 ], [ 2330905.102327143773437, 2452635.083507491275668 ], [ 2330647.108043942600489, 2452764.081087201833725 ], [ 2330550.359767769929022, 2452828.580213039182127 ], [ 2330518.110566364135593, 2452828.580213039182127 ], [ 2330389.113088785670698, 2452893.078666912391782 ], [ 2330356.863887379877269, 2452925.328229831065983 ], [ 2330356.863887379877269, 2452893.078666912391782 ], [ 2330356.863887379877269, 2452828.580213039182127 ], [ 2330324.614685974549502, 2452731.83219624729827 ], [ 2330292.365484568756074, 2452441.587473907507956 ], [ 2330292.365484568756074, 2452377.089020033832639 ], [ 2330292.365484568756074, 2452248.091440323274583 ], [ 2330260.116283163428307, 2451990.096280902158469 ], [ 2330227.867081757634878, 2451764.350684399716556 ], [ 2330195.617208396084607, 2451538.605087897274643 ], [ 2330163.368006990291178, 2451280.60992847615853 ], [ 2330131.118805584963411, 2451119.362785846926272 ], [ 2330131.118805584963411, 2451054.864331973716617 ], [ 2330098.869604179169983, 2450829.118063507135957 ], [ 2330066.620402773842216, 2450571.123576049692929 ], [ 2330034.370529411826283, 2450345.377307583577931 ], [ 2330034.370529411826283, 2450248.629290791694075 ], [ 2329969.872126600705087, 2450248.629290791694075 ], [ 2329808.625447616446763, 2450280.878853710368276 ], [ 2329518.381291053723544, 2450313.128416628576815 ], [ 2329292.636209258344024, 2450345.377307583577931 ], [ 2329228.137806447222829, 2450345.377307583577931 ], [ 2328905.644448478706181, 2450377.626870502252132 ], [ 2328873.395247073378414, 2450377.626870502252132 ], [ 2328841.145373711362481, 2450377.626870502252132 ], [ 2328776.646970900241286, 2450409.876433420926332 ], [ 2328744.397769494913518, 2450409.876433420926332 ], [ 2328647.64949332177639, 2450409.876433420926332 ], [ 2328615.400291915982962, 2450409.876433420926332 ], [ 2328583.151090510655195, 2450409.876433420926332 ], [ 2328421.904411526396871, 2450442.125996339134872 ], [ 2328260.657732542138547, 2450442.125996339134872 ], [ 2328131.660254963673651, 2450474.374887294135988 ], [ 2328099.411053558345884, 2450474.374887294135988 ], [ 2327938.16437457408756, 2450506.624450212810189 ], [ 2327647.920889967586845, 2450538.874013131484389 ], [ 2327486.674210983328521, 2450538.874013131484389 ], [ 2327422.175136215984821, 2450571.123576049692929 ], [ 2327325.427531999070197, 2450571.123576049692929 ], [ 2327293.17833059374243, 2450571.123576049692929 ], [ 2327002.934174031019211, 2450603.372467004694045 ], [ 2326777.189092235639691, 2450635.622029923368245 ], [ 2326680.440816062502563, 2450635.622029923368245 ], [ 2326519.194137078244239, 2450667.871592842042446 ], [ 2326357.947458094451576, 2450667.871592842042446 ], [ 2326196.700779110193253, 2450700.121155760716647 ], [ 2326132.202376299072057, 2450700.121155760716647 ], [ 2326099.953174893278629, 2450700.121155760716647 ], [ 2326067.703301531728357, 2450700.121155760716647 ], [ 2326067.703301531728357, 2450732.370046715252101 ], [ 2325970.955697314813733, 2450732.370046715252101 ], [ 2325745.210615519434214, 2450764.619609633926302 ], [ 2325422.717257551383227, 2450796.869172552600503 ], [ 2325261.470578567124903, 2450829.118063507135957 ], [ 2325164.722302393987775, 2450829.118063507135957 ], [ 2324164.993027083575726, 2450958.115643217694014 ], [ 2324100.49462427245453, 2450958.115643217694014 ], [ 2323939.247945288196206, 2450958.115643217694014 ], [ 2323616.754587319679558, 2451022.614769055042416 ], [ 2323552.256184508558363, 2451022.614769055042416 ], [ 2323552.256184508558363, 2450925.86675226315856 ], [ 2323520.006983103230596, 2450829.118063507135957 ], [ 2323520.006983103230596, 2450796.869172552600503 ], [ 2323520.006983103230596, 2450732.370046715252101 ], [ 2323520.006983103230596, 2450667.871592842042446 ], [ 2323487.757109741214663, 2450474.374887294135988 ], [ 2323455.507908335886896, 2450313.128416628576815 ], [ 2323391.0095055247657, 2449700.390080994460732 ], [ 2323197.513625134713948, 2447991.172653802204877 ], [ 2323197.513625134713948, 2447958.923090883530676 ], [ 2323165.264423729386181, 2447894.424637010321021 ], [ 2323165.264423729386181, 2447829.92551117297262 ], [ 2322713.773588182404637, 2447862.17507409164682 ], [ 2322681.524386776611209, 2447894.424637010321021 ], [ 2322617.025312009267509, 2447894.424637010321021 ], [ 2322359.031028808560222, 2447926.674199928995222 ], [ 2320746.56491092313081, 2448120.170233512762934 ], [ 2319940.331516002304852, 2448216.918250305112451 ], [ 2319359.843874833080918, 2448281.417376141995192 ], [ 2319069.599718270357698, 2448313.666267096996307 ], [ 2319005.101315459236503, 2448313.666267096996307 ], [ 2318908.353039286565036, 2448345.915830015670508 ], [ 2318327.865398117341101, 2448410.414955852553248 ], [ 2317424.883727023378015, 2448507.162972644437104 ], [ 2316715.398608275689185, 2448603.910989436786622 ], [ 2315909.165885311085731, 2448700.659006228670478 ], [ 2315135.181691796053201, 2448797.407023020554334 ], [ 2314328.948296875227243, 2448894.155711776576936 ], [ 2313522.715573910623789, 2448990.903728568460792 ], [ 2313716.21145430020988, 2450571.123576049692929 ], [ 2312135.994537820573896, 2450796.869172552600503 ], [ 2310942.769382120575756, 2450925.86675226315856 ], [ 2310813.771904541645199, 2450925.86675226315856 ], [ 2310781.522703136317432, 2450958.115643217694014 ], [ 2310749.273501730524004, 2450958.115643217694014 ], [ 2310717.023628368508071, 2450958.115643217694014 ], [ 2310684.774426963180304, 2450990.365206136368215 ], [ 2310652.525225557386875, 2450990.365206136368215 ], [ 2310620.276024152059108, 2450990.365206136368215 ], [ 2310588.02682274626568, 2450990.365206136368215 ], [ 2310555.777621340937912, 2450958.115643217694014 ], [ 2310523.52774797892198, 2450958.115643217694014 ], [ 2310491.278546573594213, 2450958.115643217694014 ], [ 2309523.799144624732435, 2451087.113222928252071 ], [ 2307427.592317830771208, 2451345.108382349368185 ], [ 2307105.099631818942726, 2451377.357945268042386 ], [ 2306589.110393460839987, 2451441.856399141252041 ], [ 2306556.860520098824054, 2451441.856399141252041 ], [ 2306492.362117287702858, 2451474.105962059926242 ], [ 2306298.866236898116767, 2451538.605087897274643 ], [ 2306234.367834086995572, 2451570.853978851810098 ], [ 2306105.370356508065015, 2451570.853978851810098 ], [ 2305944.123677524272352, 2451538.605087897274643 ], [ 2305911.874476118478924, 2451538.605087897274643 ], [ 2305847.375401351135224, 2451538.605087897274643 ], [ 2305589.381118150427938, 2451570.853978851810098 ], [ 2305170.139484008774161, 2451603.103541770484298 ], [ 2304621.901044245343655, 2451667.601995644159615 ], [ 2304396.155962449964136, 2451699.851558562368155 ], [ 2304138.161007292568684, 2451732.101121481042355 ], [ 2301977.456449643708766, 2451990.096280902158469 ], [ 2300977.727174333296716, 2452119.093860612716526 ], [ 2300687.483017770573497, 2452151.342751567717642 ], [ 2299784.502018633298576, 2452248.091440323274583 ], [ 2299752.252817227505147, 2452280.340331278275698 ], [ 2299720.00361582217738, 2452280.340331278275698 ], [ 2298784.772743322420865, 2452377.089020033832639 ], [ 2298010.78922176361084, 2452473.837036826182157 ], [ 2297881.791744185145944, 2452506.086599744390696 ], [ 2297849.542542779352516, 2452506.086599744390696 ], [ 2297172.306625437457114, 2452570.585053618066013 ], [ 2295624.338910363148898, 2452796.330650120507926 ], [ 2294850.355388804338872, 2452925.328229831065983 ], [ 2292657.400957793463022, 2453247.821843125391752 ], [ 2292625.151756388135254, 2453247.821843125391752 ], [ 2292528.403480214998126, 2453151.073826333507895 ], [ 2291625.422481077257544, 2452473.837036826182157 ], [ 2290690.19160857796669, 2452602.834616536740214 ], [ 2289883.958885613363236, 2452731.83219624729827 ], [ 2289722.712206629570574, 2452731.83219624729827 ], [ 2288787.481334129814059, 2452860.829775957856327 ], [ 2288755.232132724486291, 2452893.078666912391782 ], [ 2288722.982931318692863, 2452893.078666912391782 ], [ 2288690.733729913365096, 2452893.078666912391782 ], [ 2288561.7362523349002, 2452893.078666912391782 ], [ 2288432.738774755969644, 2452925.328229831065983 ], [ 2288400.489573350641876, 2452925.328229831065983 ], [ 2288110.246088744141161, 2453151.073826333507895 ], [ 2288077.996215382125229, 2453183.323389252182096 ], [ 2287658.755253197159618, 2453409.068985754624009 ], [ 2287594.256850386038423, 2453441.31854867329821 ], [ 2287562.00697702402249, 2453473.567439628299326 ], [ 2287562.00697702402249, 2453505.817002546507865 ], [ 2287529.757775618694723, 2453505.817002546507865 ], [ 2287562.00697702402249, 2453538.066565465182066 ], [ 2287594.256850386038423, 2453925.059304596856236 ], [ 2287594.256850386038423, 2453989.557758470531553 ], [ 2287562.00697702402249, 2453989.557758470531553 ], [ 2286401.031694686040282, 2454150.804901099763811 ], [ 2285788.294180154800415, 2454247.552917891647667 ], [ 2285723.795777343679219, 2454279.802480810321867 ], [ 2285691.546575937885791, 2454312.051371764857322 ], [ 2285691.546575937885791, 2454344.300934683531523 ], [ 2285691.546575937885791, 2454408.800060520879924 ], [ 2285691.546575937885791, 2454441.048951475415379 ], [ 2285659.29670257633552, 2454441.048951475415379 ], [ 2285627.047501170542091, 2454473.29851439408958 ], [ 2285562.549098359420896, 2454473.29851439408958 ], [ 2285401.302419375162572, 2454505.54807731276378 ], [ 2285369.053217969834805, 2454505.54807731276378 ], [ 2285336.803344607818872, 2454537.797640231437981 ], [ 2285304.554143202025443, 2454570.046531185973436 ], [ 2285272.304941796697676, 2454570.046531185973436 ], [ 2285240.055740390904248, 2454537.797640231437981 ], [ 2285143.307464218232781, 2454537.797640231437981 ], [ 2284756.315703438594937, 2454376.550497602205724 ], [ 2284337.074741253629327, 2454247.552917891647667 ], [ 2284175.828062269371003, 2454183.05446401797235 ], [ 2284079.079786096233875, 2454183.05446401797235 ], [ 2284014.581383285112679, 2454183.05446401797235 ], [ 2283950.082308517768979, 2454183.05446401797235 ], [ 2283498.592144927475601, 2454376.550497602205724 ], [ 2283240.597189770080149, 2454505.54807731276378 ], [ 2283208.347988364286721, 2454537.797640231437981 ], [ 2283143.849585553165525, 2454570.046531185973436 ], [ 2283111.600384147837758, 2454602.296094104647636 ], [ 2283014.85210797470063, 2454763.543236733879894 ], [ 2282853.605428990442306, 2454989.288833236321807 ], [ 2282305.3669892270118, 2455215.03442973876372 ], [ 2282240.868586415890604, 2455215.03442973876372 ], [ 2282208.618713053874671, 2455215.03442973876372 ], [ 2282144.120310242753476, 2455182.784866820089519 ], [ 2282079.62190743163228, 2455150.535975865554065 ], [ 2282015.12283266428858, 2455150.535975865554065 ], [ 2281950.624429853167385, 2455182.784866820089519 ], [ 2281853.876153680030257, 2455215.03442973876372 ], [ 2281757.128549463581294, 2455247.283992657437921 ], [ 2281724.879348057787865, 2455279.532883611973375 ], [ 2281595.88187047932297, 2455344.032009449321777 ], [ 2281499.133594306185842, 2455440.780026241205633 ], [ 2281466.884392900858074, 2455473.029589159879833 ], [ 2281305.637713916599751, 2455602.02716887043789 ], [ 2281176.640236337669194, 2455731.024748580995947 ], [ 2281144.391034932341427, 2455763.273639535997063 ], [ 2281112.141833526547998, 2455763.273639535997063 ], [ 2281079.892632121220231, 2455795.523202454671264 ], [ 2281015.393557353876531, 2455795.523202454671264 ], [ 2280950.895154542755336, 2455827.772765372879803 ], [ 2280467.155117589980364, 2455795.523202454671264 ], [ 2280305.90843860572204, 2455763.273639535997063 ], [ 2280273.659237200394273, 2455763.273639535997063 ], [ 2280015.664953999686986, 2455795.523202454671264 ], [ 2279983.415080637671053, 2455795.523202454671264 ], [ 2279886.667476420756429, 2455795.523202454671264 ], [ 2279822.169073609635234, 2455795.523202454671264 ], [ 2279725.420797436963767, 2455731.024748580995947 ], [ 2279628.672521263826638, 2455698.775185662321746 ], [ 2279499.675715641584247, 2455666.525622744113207 ], [ 2279467.425842279568315, 2455666.525622744113207 ], [ 2279338.429036657325923, 2455666.525622744113207 ], [ 2279273.929961889982224, 2455634.276059825439006 ], [ 2279209.431559078861028, 2455634.276059825439006 ], [ 2279177.1823576730676, 2455602.02716887043789 ], [ 2279144.933156267739832, 2455602.02716887043789 ], [ 2279177.1823576730676, 2455634.276059825439006 ], [ 2279177.1823576730676, 2455666.525622744113207 ], [ 2279209.431559078861028, 2455698.775185662321746 ], [ 2279273.929961889982224, 2455795.523202454671264 ], [ 2279241.680760484188795, 2455795.523202454671264 ], [ 2279209.431559078861028, 2455795.523202454671264 ], [ 2279177.1823576730676, 2455795.523202454671264 ], [ 2279144.933156267739832, 2455795.523202454671264 ], [ 2279048.184880094602704, 2455795.523202454671264 ], [ 2279048.184880094602704, 2455827.772765372879803 ], [ 2279015.935678688809276, 2455827.772765372879803 ], [ 2278983.686477283481508, 2455860.022328291554004 ], [ 2278951.436603921465576, 2455860.022328291554004 ], [ 2278919.187402516137809, 2455860.022328291554004 ], [ 2278886.93820111034438, 2455860.022328291554004 ], [ 2278854.688999705016613, 2455892.27121924655512 ], [ 2278854.688999705016613, 2455924.520782165229321 ], [ 2278822.439798299223185, 2455956.77034508343786 ], [ 2278790.190596893895417, 2455956.77034508343786 ], [ 2278725.691522126086056, 2455956.77034508343786 ], [ 2278725.691522126086056, 2455989.019908002112061 ], [ 2278693.442320720758289, 2455989.019908002112061 ], [ 2278628.943917909637094, 2455989.019908002112061 ], [ 2278628.943917909637094, 2456021.268798957113177 ], [ 2278596.694044547621161, 2456021.268798957113177 ], [ 2278564.444843142293394, 2455989.019908002112061 ], [ 2278532.195641736499965, 2455989.019908002112061 ], [ 2278499.946440331172198, 2455956.77034508343786 ], [ 2278467.69723892537877, 2455956.77034508343786 ], [ 2278467.69723892537877, 2455989.019908002112061 ], [ 2278435.448037520051003, 2455989.019908002112061 ], [ 2278435.448037520051003, 2455956.77034508343786 ], [ 2278403.19816415803507, 2455956.77034508343786 ], [ 2278370.948962752241641, 2455956.77034508343786 ], [ 2278370.948962752241641, 2455989.019908002112061 ], [ 2278338.699761346913874, 2455989.019908002112061 ], [ 2278338.699761346913874, 2456021.268798957113177 ], [ 2278306.450559941120446, 2456053.518361875787377 ], [ 2278274.201358535792679, 2456053.518361875787377 ], [ 2278274.201358535792679, 2456085.767924794461578 ], [ 2278274.201358535792679, 2456150.266378667671233 ], [ 2278241.951485173776746, 2456182.515941586345434 ], [ 2278241.951485173776746, 2456214.765504505019635 ], [ 2278241.951485173776746, 2456247.014395459555089 ], [ 2278209.702283767983317, 2456279.26395837822929 ], [ 2278177.45308236265555, 2456279.26395837822929 ], [ 2278177.45308236265555, 2456311.513521296903491 ], [ 2278145.203880956862122, 2456311.513521296903491 ], [ 2278112.954679551534355, 2456311.513521296903491 ], [ 2278112.954679551534355, 2456343.763084215577692 ], [ 2278112.954679551534355, 2456376.011975170113146 ], [ 2278145.203880956862122, 2456408.261538088787347 ], [ 2278112.954679551534355, 2456408.261538088787347 ], [ 2278145.203880956862122, 2456408.261538088787347 ], [ 2278145.203880956862122, 2456440.511101007461548 ], [ 2278145.203880956862122, 2456472.760663926135749 ], [ 2278112.954679551534355, 2456472.760663926135749 ], [ 2278145.203880956862122, 2456505.009554880671203 ], [ 2278145.203880956862122, 2456569.508680718019605 ], [ 2278145.203880956862122, 2456666.256697509903461 ], [ 2278145.203880956862122, 2456730.755151383113116 ], [ 2278112.954679551534355, 2456763.004714301787317 ], [ 2278080.704806189518422, 2456795.254277220461518 ], [ 2278048.455604784190655, 2456859.752731093671173 ], [ 2278016.206403378397226, 2456924.251856931019574 ], [ 2278016.206403378397226, 2456988.75031080422923 ], [ 2278016.206403378397226, 2457020.99987372290343 ], [ 2278016.206403378397226, 2457085.498327596113086 ], [ 2278048.455604784190655, 2457182.247016352135688 ], [ 2278080.704806189518422, 2457214.495907306671143 ], [ 2278112.954679551534355, 2457278.995033144019544 ], [ 2278112.954679551534355, 2457311.244596062693745 ], [ 2278145.203880956862122, 2457311.244596062693745 ], [ 2278145.203880956862122, 2457343.493487017229199 ], [ 2278145.203880956862122, 2457375.7430499359034 ], [ 2278177.45308236265555, 2457440.241503809578717 ], [ 2278177.45308236265555, 2457504.740629646461457 ], [ 2278209.702283767983317, 2457569.239083520136774 ], [ 2278209.702283767983317, 2457633.738209357019514 ], [ 2278209.702283767983317, 2457698.23666323069483 ], [ 2278209.702283767983317, 2457762.735789067577571 ], [ 2278209.702283767983317, 2457859.483805859927088 ], [ 2278209.702283767983317, 2458020.730948489159346 ], [ 2278209.702283767983317, 2458085.229402362369001 ], [ 2278209.702283767983317, 2458214.226982072927058 ], [ 2278177.45308236265555, 2458310.974998864810914 ], [ 2278177.45308236265555, 2458375.474124702159315 ], [ 2278177.45308236265555, 2458407.72301565669477 ], [ 2278177.45308236265555, 2458439.972578575368971 ], [ 2278177.45308236265555, 2458472.222141494043171 ], [ 2278145.203880956862122, 2458536.720595367252827 ], [ 2278177.45308236265555, 2458568.970158285927027 ], [ 2278177.45308236265555, 2458601.219721204601228 ], [ 2278177.45308236265555, 2458665.718175077810884 ], [ 2278209.702283767983317, 2458730.217300915159285 ], [ 2278209.702283767983317, 2458794.71575478836894 ], [ 2278241.951485173776746, 2458826.965317707043141 ], [ 2278274.201358535792679, 2458859.214880625717342 ], [ 2278274.201358535792679, 2458891.463771580252796 ], [ 2278306.450559941120446, 2458923.713334498926997 ], [ 2278274.201358535792679, 2458955.962897417601198 ], [ 2278274.201358535792679, 2459020.461351290810853 ], [ 2278274.201358535792679, 2459052.710914209485054 ], [ 2278274.201358535792679, 2459117.210040046833456 ], [ 2278274.201358535792679, 2459181.708493920043111 ], [ 2278274.201358535792679, 2459246.206947793718427 ], [ 2278274.201358535792679, 2459278.456510712392628 ], [ 2278306.450559941120446, 2459310.706073630601168 ], [ 2278306.450559941120446, 2459375.204527504276484 ], [ 2278274.201358535792679, 2459439.703653341159225 ], [ 2278274.201358535792679, 2459504.202107214834541 ], [ 2278274.201358535792679, 2459568.701233051717281 ], [ 2278241.951485173776746, 2459600.950124006718397 ], [ 2278274.201358535792679, 2459633.199686925392598 ], [ 2278274.201358535792679, 2459665.449249844066799 ], [ 2278274.201358535792679, 2459697.698812762275338 ], [ 2278274.201358535792679, 2459762.197266635950655 ], [ 2278306.450559941120446, 2459826.696392472833395 ], [ 2278338.699761346913874, 2459923.444409265182912 ], [ 2278370.948962752241641, 2460020.192426057066768 ], [ 2278403.19816415803507, 2460052.441988975740969 ], [ 2278403.19816415803507, 2460116.940442848950624 ], [ 2278435.448037520051003, 2460181.439568686299026 ], [ 2278467.69723892537877, 2460278.187585478182882 ], [ 2278467.69723892537877, 2460342.686039351392537 ], [ 2278499.946440331172198, 2460407.185165188740939 ], [ 2278499.946440331172198, 2460471.683619061950594 ], [ 2278499.946440331172198, 2460536.182744899298996 ], [ 2278499.946440331172198, 2460600.681198772508651 ], [ 2278467.69723892537877, 2460665.180324609857053 ], [ 2278499.946440331172198, 2460761.928341401740909 ], [ 2278499.946440331172198, 2460794.177904320415109 ], [ 2278499.946440331172198, 2460826.426795274950564 ], [ 2278532.195641736499965, 2460890.925921112298965 ], [ 2278532.195641736499965, 2460987.673937904182822 ], [ 2278532.195641736499965, 2461084.421954696066678 ], [ 2278499.946440331172198, 2461116.671517614740878 ], [ 2278499.946440331172198, 2461181.169971488416195 ], [ 2278499.946440331172198, 2461277.918660243973136 ], [ 2278499.946440331172198, 2461310.167551198974252 ], [ 2278499.946440331172198, 2461342.417114117648453 ], [ 2278499.946440331172198, 2461406.915567990858108 ], [ 2278499.946440331172198, 2461439.165130909532309 ], [ 2278499.946440331172198, 2461503.664256746415049 ], [ 2278499.946440331172198, 2461535.913147701416165 ], [ 2278499.946440331172198, 2461568.162710620090365 ], [ 2278532.195641736499965, 2461600.412273538764566 ], [ 2278564.444843142293394, 2461600.412273538764566 ], [ 2278596.694044547621161, 2461600.412273538764566 ], [ 2278628.943917909637094, 2461600.412273538764566 ], [ 2278661.193119314964861, 2461632.661836456973106 ], [ 2278725.691522126086056, 2461632.661836456973106 ], [ 2278757.940723531879485, 2461664.910727411974221 ], [ 2278790.190596893895417, 2461664.910727411974221 ], [ 2278886.93820111034438, 2461729.409853249322623 ], [ 2278919.187402516137809, 2461761.659416167531163 ], [ 2278919.187402516137809, 2461793.908307122532278 ], [ 2278919.187402516137809, 2461826.157870041206479 ], [ 2278919.187402516137809, 2461858.40743295988068 ], [ 2278886.93820111034438, 2461922.905886833090335 ], [ 2278886.93820111034438, 2461955.155449751764536 ], [ 2278919.187402516137809, 2462019.653903624974191 ], [ 2278951.436603921465576, 2462051.903466543648392 ], [ 2279015.935678688809276, 2462051.903466543648392 ], [ 2279048.184880094602704, 2462084.153029462322593 ], [ 2279080.434081499930471, 2462084.153029462322593 ], [ 2279144.933156267739832, 2462116.402592380996794 ], [ 2279177.1823576730676, 2462180.901046254206449 ], [ 2279209.431559078861028, 2462213.15060917288065 ], [ 2279241.680760484188795, 2462342.148188883438706 ], [ 2279241.680760484188795, 2462406.646642756648362 ], [ 2279273.929961889982224, 2462471.145768593996763 ], [ 2279338.429036657325923, 2462567.893785385880619 ], [ 2279370.678238063119352, 2462696.891365096438676 ], [ 2279370.678238063119352, 2462729.140256051439792 ], [ 2279402.927439468447119, 2462825.888944806996733 ], [ 2279402.927439468447119, 2462890.387398680206388 ], [ 2279435.176640874240547, 2462922.636961598880589 ], [ 2279499.675715641584247, 2463019.384978390764445 ], [ 2279628.672521263826638, 2463116.132995183113962 ], [ 2279660.922394625842571, 2463148.382558101322502 ], [ 2279660.922394625842571, 2463180.632121019996703 ], [ 2279693.171596031170338, 2463212.881011974997818 ], [ 2279693.171596031170338, 2463245.130574893672019 ], [ 2279660.922394625842571, 2463309.62970073055476 ], [ 2279660.922394625842571, 2463374.128154604230076 ], [ 2279628.672521263826638, 2463503.125734314788133 ], [ 2279660.922394625842571, 2463632.12331402534619 ], [ 2279660.922394625842571, 2463664.372876944020391 ], [ 2279660.922394625842571, 2463696.621767898555845 ], [ 2279660.922394625842571, 2463761.120893735904247 ], [ 2279660.922394625842571, 2463793.370456654578447 ], [ 2279628.672521263826638, 2463825.619347609113902 ], [ 2279628.672521263826638, 2463890.118473446462303 ], [ 2279628.672521263826638, 2463986.866490238346159 ], [ 2279693.171596031170338, 2464083.614507030230016 ], [ 2279693.171596031170338, 2464148.113632867578417 ], [ 2279725.420797436963767, 2464212.612086740788072 ], [ 2279757.669998842291534, 2464244.861649659462273 ], [ 2279757.669998842291534, 2464277.111212578136474 ], [ 2279757.669998842291534, 2464373.85922937002033 ], [ 2279789.919200248084962, 2464438.357683243229985 ], [ 2279822.169073609635234, 2464599.604825872462243 ], [ 2280628.401796574238688, 2464599.604825872462243 ], [ 2280660.650997980032116, 2464599.604825872462243 ], [ 2280692.900871341582388, 2464599.604825872462243 ], [ 2281434.635191495064646, 2464631.854388791136444 ], [ 2287110.516813433729112, 2464825.350422374904156 ], [ 2287336.26189522864297, 2464825.350422374904156 ], [ 2287304.012693823315203, 2464889.848876248579472 ], [ 2287271.763492417521775, 2464954.348002085462213 ], [ 2287207.264417650178075, 2465051.09601887781173 ], [ 2287110.516813433729112, 2465083.345581796020269 ], [ 2287046.017738665919751, 2465147.844035669695586 ], [ 2286981.519335854798555, 2465244.592724425252527 ], [ 2286981.519335854798555, 2465276.841615380253643 ], [ 2286949.270134449470788, 2465373.589632172137499 ], [ 2286917.02093304367736, 2465438.0887580094859 ], [ 2286852.52185827633366, 2465470.338320928160101 ], [ 2286820.272656871005893, 2465534.836774801369756 ], [ 2286723.525052654091269, 2465567.086337720043957 ], [ 2286594.527575075626373, 2465631.584791593253613 ], [ 2286497.779298902489245, 2465663.834354511927813 ], [ 2286401.031694686040282, 2465728.333480349276215 ], [ 2286304.283418512903154, 2465792.83193422248587 ], [ 2286239.785015701781958, 2465889.579951014369726 ], [ 2286143.03673952864483, 2465986.327967806253582 ], [ 2286046.289135311730206, 2466115.325547516811639 ], [ 2285981.790060544386506, 2466212.073564308695495 ], [ 2285949.540859139058739, 2466373.320706937927753 ], [ 2285917.291657733265311, 2466534.56784956716001 ], [ 2285885.042456327937543, 2466599.066303440369666 ], [ 2285852.792582965921611, 2466663.565429277718067 ], [ 2285820.543381560128182, 2466695.814320232719183 ], [ 2285756.044978749006987, 2466792.563008988276124 ], [ 2285659.29670257633552, 2466921.560588698834181 ], [ 2285594.798299765214324, 2467018.308605490718037 ], [ 2285562.549098359420896, 2467082.807059364393353 ], [ 2285562.549098359420896, 2467179.55507615627721 ], [ 2285530.299896954093128, 2467244.054201993625611 ], [ 2285530.299896954093128, 2467308.552655866835266 ], [ 2285562.549098359420896, 2467340.802218785509467 ], [ 2285594.798299765214324, 2467405.301344622857869 ], [ 2285627.047501170542091, 2467437.550235577393323 ], [ 2285691.546575937885791, 2467469.799798496067524 ], [ 2285756.044978749006987, 2467502.049361414741725 ], [ 2285885.042456327937543, 2467534.298252369277179 ], [ 2286014.039261950179935, 2467631.046941125299782 ], [ 2286239.785015701781958, 2467792.293411790393293 ], [ 2286433.280896091368049, 2467953.540554419625551 ], [ 2286594.527575075626373, 2468082.538134130183607 ], [ 2286852.52185827633366, 2468179.286150922067463 ], [ 2286884.771059682127088, 2468211.535713840741664 ], [ 2286884.771059682127088, 2468243.785276759415865 ], [ 2286884.771059682127088, 2468276.034167713951319 ], [ 2286884.771059682127088, 2468308.28373063262552 ], [ 2286820.272656871005893, 2468372.782856469973922 ], [ 2286788.023455465212464, 2468405.031747424509376 ], [ 2286723.525052654091269, 2468437.281310343183577 ], [ 2286659.025977886747569, 2468501.779764216858894 ], [ 2286562.278373669832945, 2468566.278890053741634 ], [ 2286530.028500308282673, 2468630.77734392741695 ], [ 2286530.028500308282673, 2468695.276469764299691 ], [ 2286530.028500308282673, 2468727.526032682973891 ], [ 2286562.278373669832945, 2468759.774923637975007 ], [ 2286626.77677648095414, 2468759.774923637975007 ], [ 2286691.275179292075336, 2468759.774923637975007 ], [ 2286755.774254059884697, 2468759.774923637975007 ], [ 2286820.272656871005893, 2468792.024486556649208 ], [ 2286852.52185827633366, 2468856.522940429858863 ], [ 2286852.52185827633366, 2468888.772503348533064 ], [ 2286852.52185827633366, 2468953.271629185415804 ], [ 2286852.52185827633366, 2469050.019645977765322 ], [ 2286820.272656871005893, 2469114.518099850974977 ], [ 2286788.023455465212464, 2469243.515679561533034 ], [ 2286788.023455465212464, 2469308.014805398881435 ], [ 2286788.023455465212464, 2469404.762822190765291 ], [ 2286788.023455465212464, 2469598.258855774533004 ], [ 2286755.774254059884697, 2469630.508418693207204 ], [ 2286723.525052654091269, 2469727.25643548509106 ], [ 2286691.275179292075336, 2469888.503578114323318 ], [ 2286626.77677648095414, 2470114.249174616765231 ], [ 2286594.527575075626373, 2470210.997191408649087 ], [ 2286530.028500308282673, 2470372.244334037881345 ], [ 2286497.779298902489245, 2470533.491476667113602 ], [ 2286497.779298902489245, 2470565.740367622114718 ], [ 2286497.779298902489245, 2470597.989930540788919 ], [ 2286497.779298902489245, 2470662.488384413998574 ], [ 2286497.779298902489245, 2470694.737947332672775 ], [ 2286530.028500308282673, 2470759.237073169555515 ], [ 2286562.278373669832945, 2470791.485964124556631 ], [ 2286626.77677648095414, 2470823.735527043230832 ], [ 2286626.77677648095414, 2470855.985089961905032 ], [ 2286659.025977886747569, 2470920.483543835114688 ], [ 2286659.025977886747569, 2470984.982669672463089 ], [ 2286659.025977886747569, 2471049.481123545672745 ], [ 2286659.025977886747569, 2471081.730686464346945 ], [ 2286659.025977886747569, 2471113.980249383021146 ], [ 2286691.275179292075336, 2471113.980249383021146 ], [ 2286723.525052654091269, 2471146.229140337556601 ], [ 2286755.774254059884697, 2471178.478703256230801 ], [ 2286820.272656871005893, 2471210.728266174905002 ], [ 2286884.771059682127088, 2471210.728266174905002 ], [ 2286917.02093304367736, 2471210.728266174905002 ], [ 2286949.270134449470788, 2471242.977829093579203 ], [ 2287046.017738665919751, 2471242.977829093579203 ], [ 2287110.516813433729112, 2471242.977829093579203 ], [ 2287142.766014839056879, 2471242.977829093579203 ], [ 2287175.015216244850308, 2471275.226720048114657 ], [ 2287175.015216244850308, 2471307.476282966788858 ], [ 2287207.264417650178075, 2471339.725845885463059 ], [ 2287175.015216244850308, 2471371.97540880413726 ], [ 2287110.516813433729112, 2471436.473862677346915 ], [ 2287046.017738665919751, 2471468.723425596021116 ], [ 2287013.768537260591984, 2471533.221879469230771 ], [ 2286981.519335854798555, 2471565.471442387904972 ], [ 2286981.519335854798555, 2471629.969896261114627 ], [ 2286981.519335854798555, 2471694.469022098463029 ], [ 2286949.270134449470788, 2471758.967475971672684 ], [ 2286917.02093304367736, 2471855.716164727695286 ], [ 2286917.02093304367736, 2472016.962635392788798 ], [ 2286884.771059682127088, 2472145.960215103346854 ], [ 2286884.771059682127088, 2472178.209778022021055 ], [ 2286884.771059682127088, 2472210.459340940695256 ], [ 2286884.771059682127088, 2472274.957794813904911 ], [ 2286884.771059682127088, 2472307.207357732579112 ], [ 2286884.771059682127088, 2472339.456248687580228 ], [ 2286884.771059682127088, 2472371.705811606254429 ], [ 2286884.771059682127088, 2472403.955374524462968 ], [ 2286884.771059682127088, 2472436.204937443137169 ], [ 2286884.771059682127088, 2472468.453828398138285 ], [ 2286852.52185827633366, 2472500.703391316812485 ], [ 2286820.272656871005893, 2472565.202517153695226 ], [ 2286755.774254059884697, 2472661.950533946044743 ], [ 2286691.275179292075336, 2472758.698550737928599 ], [ 2286691.275179292075336, 2472823.197004611138254 ], [ 2286691.275179292075336, 2472855.446567529812455 ], [ 2286691.275179292075336, 2472887.696130448486656 ], [ 2286691.275179292075336, 2472952.194584321696311 ], [ 2286691.275179292075336, 2472984.444147240370512 ], [ 2286659.025977886747569, 2473016.693710159044713 ], [ 2286659.025977886747569, 2473081.192164032254368 ], [ 2286626.77677648095414, 2473145.69128986960277 ], [ 2286562.278373669832945, 2473210.189743742812425 ], [ 2286465.530097497161478, 2473306.937760534696281 ], [ 2286401.031694686040282, 2473371.436886372044683 ], [ 2286368.781821324024349, 2473403.686449290718883 ], [ 2286304.283418512903154, 2473435.935340245254338 ], [ 2286239.785015701781958, 2473435.935340245254338 ], [ 2286175.285940933972597, 2473435.935340245254338 ], [ 2286110.787538122851402, 2473435.935340245254338 ], [ 2286046.289135311730206, 2473435.935340245254338 ], [ 2285981.790060544386506, 2473435.935340245254338 ], [ 2285949.540859139058739, 2473468.184903163928539 ], [ 2285917.291657733265311, 2473500.434466082602739 ], [ 2285885.042456327937543, 2473532.68402900127694 ], [ 2285852.792582965921611, 2473564.932919955812395 ], [ 2285820.543381560128182, 2473597.182482874486595 ], [ 2285820.543381560128182, 2473661.680936747696251 ], [ 2285788.294180154800415, 2473726.180062585044652 ], [ 2285788.294180154800415, 2473758.429625503718853 ], [ 2285788.294180154800415, 2473790.678516458254308 ], [ 2285756.044978749006987, 2473822.928079376928508 ], [ 2285723.795777343679219, 2473855.177642295602709 ], [ 2285691.546575937885791, 2473887.42720521427691 ], [ 2285691.546575937885791, 2473919.676096168812364 ], [ 2285659.29670257633552, 2473984.175222006160766 ], [ 2285627.047501170542091, 2474016.424784924834967 ], [ 2285594.798299765214324, 2474080.923238798044622 ], [ 2285562.549098359420896, 2474145.421692671719939 ], [ 2285498.050023592077196, 2474209.920818508602679 ], [ 2285433.551620780956, 2474338.918398219160736 ], [ 2285401.302419375162572, 2474371.167961137834936 ], [ 2285369.053217969834805, 2474435.666415011510253 ], [ 2285369.053217969834805, 2474467.915977929718792 ], [ 2285336.803344607818872, 2474500.165540848392993 ], [ 2285304.554143202025443, 2474532.414431803394109 ], [ 2285272.304941796697676, 2474596.913557640742511 ], [ 2285240.055740390904248, 2474661.412011513952166 ], [ 2285207.806538985576481, 2474758.160028305836022 ], [ 2285207.806538985576481, 2474790.409591224510223 ], [ 2285207.806538985576481, 2474822.659154143184423 ], [ 2285207.806538985576481, 2474854.908717061858624 ], [ 2285175.557337579783052, 2474887.157608016394079 ], [ 2285143.307464218232781, 2474919.40717093506828 ], [ 2285111.058262812439352, 2474951.65673385374248 ], [ 2285111.058262812439352, 2474983.905624808277935 ], [ 2285111.058262812439352, 2475048.404750645626336 ], [ 2285046.559860001318157, 2475145.152767437510192 ], [ 2285014.31065859599039, 2475241.900784229394048 ], [ 2284982.060785233974457, 2475338.649472985416651 ], [ 2284982.060785233974457, 2475370.898363939952105 ], [ 2284917.562382422853261, 2475435.397489777300507 ], [ 2284756.315703438594937, 2475628.893523361068219 ], [ 2284724.06650203326717, 2475693.39264919841662 ], [ 2284595.069024454336613, 2475854.639119863510132 ], [ 2284498.321420237887651, 2475983.63669957453385 ], [ 2284369.323942659422755, 2476177.133405121974647 ], [ 2284143.578860864043236, 2476531.876581335440278 ], [ 2284014.581383285112679, 2476660.874161045998335 ], [ 2283885.583905706647784, 2476789.871068792417645 ], [ 2283756.586428128182888, 2477015.617337258998305 ], [ 2283692.088025317061692, 2477209.113370842766017 ], [ 2283595.339749143924564, 2477434.85896734520793 ], [ 2283434.09307015966624, 2477660.604563847649843 ], [ 2283305.096264537423849, 2477854.101269395556301 ], [ 2283111.600384147837758, 2478015.347740061115474 ], [ 2282918.103831801563501, 2478241.093336563557386 ], [ 2282821.356227585114539, 2478370.090916274115443 ], [ 2282789.10702617932111, 2478434.590042111463845 ], [ 2282692.358750006649643, 2478563.587621822021902 ], [ 2282531.112071022391319, 2478724.834092487115413 ], [ 2282208.618713053874671, 2479111.826831618789583 ], [ 2282176.369511648546904, 2479273.073974248021841 ], [ 2282047.372034069616348, 2479402.071553958579898 ], [ 2281918.375228447373956, 2479531.069133669137955 ], [ 2281789.377750868909061, 2479724.565167252905667 ], [ 2283240.597189770080149, 2479756.814730171579868 ], [ 2283272.847063132096082, 2479756.814730171579868 ], [ 2283627.589622505940497, 2479756.814730171579868 ], [ 2283788.836301490198821, 2479789.064293090254068 ], [ 2284401.573144064750522, 2479789.064293090254068 ], [ 2284659.568099222145975, 2479789.064293090254068 ], [ 2284982.060785233974457, 2479789.064293090254068 ], [ 2285014.31065859599039, 2479789.064293090254068 ], [ 2285046.559860001318157, 2479789.064293090254068 ], [ 2285046.559860001318157, 2479821.313184045255184 ], [ 2285207.806538985576481, 2479821.313184045255184 ], [ 2285240.055740390904248, 2479821.313184045255184 ], [ 2285304.554143202025443, 2479821.313184045255184 ], [ 2285433.551620780956, 2479821.313184045255184 ], [ 2286433.280896091368049, 2479853.562746963463724 ], [ 2286497.779298902489245, 2479853.562746963463724 ], [ 2287046.017738665919751, 2479853.562746963463724 ], [ 2287078.267612027935684, 2479853.562746963463724 ], [ 2287271.763492417521775, 2479885.812309882137924 ], [ 2287304.012693823315203, 2479885.812309882137924 ], [ 2287368.511096634436399, 2479885.812309882137924 ], [ 2287594.256850386038423, 2479885.812309882137924 ], [ 2287787.752730775624514, 2479885.812309882137924 ], [ 2287884.500334992539138, 2479918.06120083713904 ], [ 2288013.497812571004033, 2479918.06120083713904 ], [ 2288400.489573350641876, 2479918.06120083713904 ], [ 2288529.487050929106772, 2479918.06120083713904 ], [ 2289109.974692098330706, 2479918.06120083713904 ], [ 2289303.470572487916797, 2479918.06120083713904 ], [ 2289335.72044584993273, 2479918.06120083713904 ], [ 2289367.969647255726159, 2479918.06120083713904 ], [ 2290012.956363192293793, 2479950.310763755813241 ], [ 2290077.454766003414989, 2479918.06120083713904 ], [ 2290109.703967408742756, 2479918.06120083713904 ], [ 2291012.684966546483338, 2479950.310763755813241 ], [ 2291464.175802093464881, 2479950.310763755813241 ], [ 2291528.674204904586077, 2479950.310763755813241 ], [ 2291560.924078266136348, 2479950.310763755813241 ], [ 2291593.173279671929777, 2479950.310763755813241 ], [ 2292560.652681620325893, 2479982.560326674487442 ], [ 2292818.647636777721345, 2479982.560326674487442 ], [ 2292850.896838183049113, 2480014.809889592695981 ], [ 2293753.877837320789695, 2480014.809889592695981 ], [ 2295172.848074816167355, 2480047.058780547697097 ], [ 2295430.843029973562807, 2480079.308343466371298 ], [ 2295688.837313174270093, 2480079.308343466371298 ], [ 2296075.829745910130441, 2480079.308343466371298 ], [ 2296366.073230516631156, 2480079.308343466371298 ], [ 2296527.31990950088948, 2480079.308343466371298 ], [ 2296559.569110906217247, 2480111.557906385045499 ], [ 2296624.068185673560947, 2480111.557906385045499 ], [ 2296720.815789890475571, 2480143.807469303254038 ], [ 2296753.065663252491504, 2480143.807469303254038 ], [ 2296817.5640660636127, 2480111.557906385045499 ], [ 2297269.054901610128582, 2480111.557906385045499 ], [ 2297236.80502824857831, 2480982.291401440277696 ], [ 2297236.80502824857831, 2481272.535451815929264 ], [ 2297236.80502824857831, 2481724.026644821278751 ], [ 2298333.282579732127488, 2481756.276207739952952 ], [ 2298784.772743322420865, 2481756.276207739952952 ], [ 2298817.022616684436798, 2481788.525770658627152 ], [ 2298817.022616684436798, 2481756.276207739952952 ], [ 2298849.271818090230227, 2481724.026644821278751 ], [ 2299042.767698479816318, 2481595.029065110720694 ], [ 2299204.014377464074641, 2481530.530611237045377 ], [ 2299236.263578869402409, 2481498.281048318836838 ], [ 2299268.512780275195837, 2481466.032157363835722 ], [ 2299268.512780275195837, 2481369.283468608278781 ], [ 2299300.761981680523604, 2481175.787435024045408 ], [ 2299300.761981680523604, 2481143.537872105371207 ], [ 2299752.252817227505147, 2481079.039418232161552 ], [ 2299752.252817227505147, 2481111.288981150835752 ], [ 2299849.001093400642276, 2481079.039418232161552 ], [ 2299913.499496211763471, 2481143.537872105371207 ], [ 2299913.499496211763471, 2481175.787435024045408 ], [ 2299977.997899022884667, 2481208.036997942719609 ], [ 2300010.247100428212434, 2481208.036997942719609 ], [ 2300042.496973790228367, 2481240.285888897255063 ], [ 2300106.995376601349562, 2481272.535451815929264 ], [ 2300139.244578007142991, 2481272.535451815929264 ], [ 2300171.493779412470758, 2481272.535451815929264 ], [ 2300203.743652774486691, 2481272.535451815929264 ], [ 2300268.242055585607886, 2481240.285888897255063 ], [ 2300300.491256990935653, 2481175.787435024045408 ], [ 2300397.239533164072782, 2481111.288981150835752 ], [ 2300493.987137380987406, 2480982.291401440277696 ], [ 2300622.984614959452301, 2480950.041838521603495 ], [ 2300687.483017770573497, 2480917.792275602929294 ], [ 2300751.982092537917197, 2480885.542712684255093 ], [ 2300784.231293943710625, 2480950.041838521603495 ], [ 2300848.729696754831821, 2480982.291401440277696 ], [ 2300913.228771522175521, 2481466.032157363835722 ], [ 2300913.228771522175521, 2481562.780174155719578 ], [ 2301009.976375739090145, 2481627.278628029394895 ], [ 2301074.475450506433845, 2481691.777753866277635 ], [ 2301235.722129490692168, 2481788.525770658627152 ], [ 2301300.220532301813364, 2481691.777753866277635 ], [ 2301364.71893511293456, 2481627.278628029394895 ], [ 2301396.968808474484831, 2481627.278628029394895 ], [ 2301461.467211285606027, 2481917.523350369185209 ], [ 2301622.713890269864351, 2481885.273787450511009 ], [ 2301687.212293080985546, 2481820.775333576835692 ], [ 2301816.209770659916103, 2481820.775333576835692 ], [ 2301848.45897206524387, 2481820.775333576835692 ], [ 2301783.960569254122674, 2481627.278628029394895 ], [ 2301783.960569254122674, 2481595.029065110720694 ], [ 2301783.960569254122674, 2481498.281048318836838 ], [ 2301783.960569254122674, 2481433.782594445161521 ], [ 2301751.711367848794907, 2481208.036997942719609 ], [ 2301912.957374876365066, 2481175.787435024045408 ], [ 2301816.209770659916103, 2480563.049099389929324 ], [ 2302590.193292218726128, 2480434.051519679371268 ], [ 2302622.443165580742061, 2480434.051519679371268 ], [ 2302590.193292218726128, 2480272.80437705013901 ], [ 2303009.434926359914243, 2480208.305923176929355 ], [ 2303041.684127765707672, 2480111.557906385045499 ], [ 2303041.684127765707672, 2480079.308343466371298 ], [ 2303138.432403938379139, 2479724.565167252905667 ], [ 2303170.681605344172567, 2479627.817150461021811 ], [ 2303170.681605344172567, 2479563.318024624139071 ], [ 2303202.930806749500334, 2478982.829251908231527 ], [ 2303235.180008155293763, 2478982.829251908231527 ], [ 2304202.660082060378045, 2478853.83167219767347 ], [ 2304202.660082060378045, 2479047.328377745579928 ], [ 2304525.153440028429031, 2479015.078814826905727 ], [ 2305073.391879792325199, 2478950.579688989557326 ], [ 2305621.630319555755705, 2478886.081235116347671 ], [ 2305686.1287223668769, 2478886.081235116347671 ], [ 2305782.876998540014029, 2478853.83167219767347 ], [ 2305847.375401351135224, 2478853.83167219767347 ], [ 2306234.367834086995572, 2478789.333218324463814 ], [ 2306460.11291588190943, 2478789.333218324463814 ], [ 2306782.606273850426078, 2478724.834092487115413 ], [ 2306750.357072445098311, 2478434.590042111463845 ], [ 2307137.348833224270493, 2478402.340479192789644 ], [ 2307459.842191192787141, 2478337.842025319114327 ], [ 2307492.091392598114908, 2478176.594882690347731 ], [ 2307492.091392598114908, 2478144.34531977167353 ], [ 2307492.091392598114908, 2478112.09575685299933 ], [ 2307524.340594003908336, 2478079.846865897998214 ], [ 2307524.340594003908336, 2478047.597302979789674 ], [ 2307556.589795409236103, 2477983.098849106114358 ], [ 2307556.589795409236103, 2477950.849286187440157 ], [ 2307717.836474393494427, 2477596.106109974440187 ], [ 2307750.085675799287856, 2477531.606984137091786 ], [ 2307782.334877204615623, 2477499.358093182556331 ], [ 2307782.334877204615623, 2477467.10853026388213 ], [ 2308008.080630956217647, 2477015.617337258998305 ], [ 2308040.329832362011075, 2476951.118211421649903 ], [ 2308201.576511345803738, 2476564.125472289975733 ], [ 2308233.825712751597166, 2476564.125472289975733 ], [ 2308556.319070719648153, 2476499.627018416766077 ], [ 2308814.3133539208211, 2476467.377455498091877 ], [ 2308846.563227282837033, 2476467.377455498091877 ], [ 2308878.8124286881648, 2476435.127892579417676 ], [ 2309040.059107672423124, 2476435.127892579417676 ], [ 2309362.552465640474111, 2476402.87900162441656 ], [ 2309394.801667046267539, 2476402.87900162441656 ], [ 2309427.050868451595306, 2476402.87900162441656 ], [ 2309491.549271262716502, 2476370.62943870620802 ], [ 2309556.048346030525863, 2476370.62943870620802 ], [ 2309620.546748841647059, 2476370.62943870620802 ], [ 2309717.295025014318526, 2476370.62943870620802 ], [ 2310136.535987199749798, 2476306.130312868859619 ], [ 2310136.535987199749798, 2476402.87900162441656 ], [ 2310362.281068994663656, 2476370.62943870620802 ], [ 2310523.52774797892198, 2476370.62943870620802 ], [ 2310523.52774797892198, 2476273.881421913858503 ], [ 2311007.267784931696951, 2476209.382296076975763 ], [ 2311007.267784931696951, 2476273.881421913858503 ], [ 2311523.257023289334029, 2476209.382296076975763 ], [ 2311523.257023289334029, 2476048.13582541141659 ], [ 2311491.007821884006262, 2475983.63669957453385 ], [ 2311877.999582663644105, 2475951.387136655859649 ], [ 2311910.248784068971872, 2475951.387136655859649 ], [ 2311974.747858836315572, 2475919.138245700858533 ], [ 2312135.994537820573896, 2475919.138245700858533 ], [ 2312168.243739226367325, 2475919.138245700858533 ], [ 2312200.492940631695092, 2475919.138245700858533 ], [ 2312168.243739226367325, 2475886.888682782184333 ], [ 2312168.243739226367325, 2475822.390228908974677 ], [ 2312168.243739226367325, 2475790.140665990300477 ], [ 2312168.243739226367325, 2475757.891103071626276 ], [ 2312458.487895789090544, 2475725.641540152952075 ], [ 2312490.737097194418311, 2475725.641540152952075 ], [ 2312522.98629860021174, 2475725.641540152952075 ], [ 2312555.235500005539507, 2475725.641540152952075 ], [ 2313748.460655706003308, 2475564.395069487858564 ], [ 2313780.709857111331075, 2475564.395069487858564 ], [ 2313812.959058517124504, 2475564.395069487858564 ], [ 2313845.208931879140437, 2475564.395069487858564 ], [ 2314748.189931016415358, 2475467.646380731835961 ], [ 2315328.677572185639292, 2475403.147926858626306 ], [ 2315328.677572185639292, 2475467.646380731835961 ], [ 2315360.926773590967059, 2475467.646380731835961 ], [ 2315683.420131559483707, 2475177.402330356184393 ], [ 2315812.417609137948602, 2475338.649472985416651 ], [ 2316779.897683043032885, 2475209.651893274858594 ], [ 2317166.889443822670728, 2475145.152767437510192 ], [ 2317231.387846633791924, 2475080.654313564300537 ], [ 2317263.637048039119691, 2475145.152767437510192 ], [ 2317489.382801790721714, 2475112.903204518835992 ], [ 2318424.613002333790064, 2474983.905624808277935 ], [ 2318489.112077101133764, 2475596.643960442394018 ], [ 2318489.112077101133764, 2475661.14308627974242 ], [ 2318747.106360302306712, 2477692.854126766324043 ], [ 2318618.108882723376155, 2477725.103689684998244 ], [ 2318650.358084129169583, 2477725.103689684998244 ], [ 2318747.106360302306712, 2478660.335638613905758 ], [ 2318811.604763113427907, 2478660.335638613905758 ], [ 2318779.355561707634479, 2478724.834092487115413 ], [ 2318650.358084129169583, 2478982.829251908231527 ], [ 2318650.358084129169583, 2479079.577268700115383 ], [ 2318908.353039286565036, 2479047.328377745579928 ], [ 2318940.602240691892803, 2479402.071553958579898 ], [ 2318972.851442097686231, 2479531.069133669137955 ], [ 2319037.350516865029931, 2479498.819570750463754 ], [ 2319166.347322487272322, 2479498.819570750463754 ], [ 2319263.095598660409451, 2479531.069133669137955 ], [ 2319359.843874833080918, 2479531.069133669137955 ], [ 2319521.089881861116737, 2479563.318024624139071 ], [ 2319682.336560845375061, 2479563.318024624139071 ], [ 2319779.084837018046528, 2479498.819570750463754 ], [ 2319940.331516002304852, 2479369.821991039905697 ], [ 2320037.079120219219476, 2479240.82441132934764 ], [ 2320037.079120219219476, 2479208.57484841067344 ], [ 2320004.829918813426048, 2478692.585201532579958 ], [ 2320907.811589907389134, 2478595.836512776557356 ], [ 2321004.559194124303758, 2478628.086075695231557 ], [ 2321101.307470296975225, 2478563.587621822021902 ], [ 2321133.556671702768654, 2478531.338058903347701 ], [ 2321165.805873108096421, 2478531.338058903347701 ], [ 2321262.554149281233549, 2478499.0884959846735 ], [ 2321294.803350687026978, 2478499.0884959846735 ], [ 2321327.052552092354745, 2478531.338058903347701 ], [ 2321359.301753498148173, 2478531.338058903347701 ], [ 2321423.800828265491873, 2478531.338058903347701 ], [ 2321488.299231076613069, 2478563.587621822021902 ], [ 2321585.046835293062031, 2478563.587621822021902 ], [ 2321746.293514277320355, 2478531.338058903347701 ], [ 2321875.290991855785251, 2478434.590042111463845 ], [ 2321939.790066623594612, 2478434.590042111463845 ], [ 2321875.290991855785251, 2477821.8517064768821 ], [ 2323004.017744745127857, 2477660.604563847649843 ], [ 2323939.247945288196206, 2477531.606984137091786 ], [ 2324197.242900445591658, 2477499.358093182556331 ], [ 2325261.470578567124903, 2477370.360513471998274 ], [ 2325293.71977997245267, 2477370.360513471998274 ], [ 2325422.717257551383227, 2477338.110950553324074 ], [ 2325777.459816925227642, 2477305.861387634649873 ], [ 2326744.939218873623759, 2477176.863807924091816 ], [ 2326777.189092235639691, 2477176.863807924091816 ], [ 2326809.438293640967458, 2477402.609404426533729 ], [ 2326809.438293640967458, 2477563.856547055765986 ], [ 2326809.438293640967458, 2477596.106109974440187 ], [ 2326841.687495046760887, 2477596.106109974440187 ], [ 2327680.170091372914612, 2477467.10853026388213 ], [ 2327712.419292778708041, 2477467.10853026388213 ], [ 2327938.16437457408756, 2479208.57484841067344 ], [ 2328002.66344934143126, 2479692.315604334697127 ], [ 2328228.40853113681078, 2481466.032157363835722 ], [ 2328260.657732542138547, 2481498.281048318836838 ], [ 2328292.906933947931975, 2481724.026644821278751 ], [ 2328292.906933947931975, 2481917.523350369185209 ], [ 2328389.655210121069103, 2481885.273787450511009 ], [ 2329066.891127462964505, 2481788.525770658627152 ], [ 2329453.882888242602348, 2481756.276207739952952 ], [ 2329453.882888242602348, 2481562.780174155719578 ], [ 2329615.129567226860672, 2481627.278628029394895 ], [ 2329776.376246210653335, 2481788.525770658627152 ], [ 2329808.625447616446763, 2481788.525770658627152 ], [ 2330421.36296214768663, 2481079.039418232161552 ], [ 2330840.603924332652241, 2481046.789855313487351 ], [ 2330872.853125737980008, 2481046.789855313487351 ], [ 2331034.099804722238332, 2481014.54029239481315 ], [ 2331098.598879489582032, 2481014.54029239481315 ], [ 2331259.844886517617851, 2480982.291401440277696 ], [ 2331292.094759879633784, 2480982.291401440277696 ] ] } },
{ "type": "Feature", "properties": { }, "geometry": { "type": "LineString", "coordinates": [ [ 2331292.094759879633784, 2480982.291401440277696 ], [ 2331324.343961284961551, 2481014.54029239481315 ], [ 2331356.59316269075498, 2481014.54029239481315 ], [ 2331388.842364096082747, 2480982.291401440277696 ], [ 2331421.091565501876175, 2480982.291401440277696 ], [ 2331453.341438863426447, 2480982.291401440277696 ], [ 2331453.341438863426447, 2480950.041838521603495 ], [ 2331485.590640269219875, 2480950.041838521603495 ], [ 2332227.324960422702134, 2480885.542712684255093 ], [ 2332259.574161828029901, 2480885.542712684255093 ], [ 2332259.574161828029901, 2480853.293821729719639 ], [ 2332291.823363233823329, 2480853.293821729719639 ], [ 2332324.073236595373601, 2480885.542712684255093 ], [ 2332356.322438001167029, 2480885.542712684255093 ], [ 2332388.571639406494796, 2480885.542712684255093 ], [ 2332453.070042217615992, 2480853.293821729719639 ], [ 2332485.319915579631925, 2480821.044258811045438 ], [ 2332485.319915579631925, 2480788.794695892371237 ], [ 2332517.569116985425353, 2480756.545132973697037 ], [ 2332517.569116985425353, 2480724.296242019161582 ], [ 2332549.81831839075312, 2480724.296242019161582 ], [ 2332549.81831839075312, 2480692.046679100487381 ], [ 2332549.81831839075312, 2480659.79711618181318 ], [ 2332517.569116985425353, 2480659.79711618181318 ], [ 2332485.319915579631925, 2480627.548225227277726 ], [ 2332485.319915579631925, 2480595.298662308603525 ], [ 2332517.569116985425353, 2480563.049099389929324 ], [ 2332517.569116985425353, 2480530.799536471255124 ], [ 2332549.81831839075312, 2480498.550645516719669 ], [ 2332582.067519796546549, 2480498.550645516719669 ], [ 2332614.316721201874316, 2480466.301082598045468 ], [ 2332646.566594563890249, 2480434.051519679371268 ], [ 2332678.815795969218016, 2480401.801956760697067 ], [ 2332711.064997375011444, 2480401.801956760697067 ], [ 2332743.314198780339211, 2480401.801956760697067 ], [ 2332775.56340018613264, 2480369.553065806161612 ], [ 2332775.56340018613264, 2480305.053939968813211 ], [ 2332807.812601591460407, 2480272.80437705013901 ], [ 2332840.06247495347634, 2480240.555486095603555 ], [ 2332872.311676359269768, 2480240.555486095603555 ], [ 2332904.560877764597535, 2480208.305923176929355 ], [ 2332904.560877764597535, 2480176.056360258255154 ], [ 2332904.560877764597535, 2480143.807469303254038 ], [ 2332936.810079170390964, 2480111.557906385045499 ], [ 2332936.810079170390964, 2480047.058780547697097 ], [ 2332969.059280575718731, 2480047.058780547697097 ], [ 2332969.059280575718731, 2480014.809889592695981 ], [ 2333001.309153937734663, 2480014.809889592695981 ], [ 2333033.558355343528092, 2479982.560326674487442 ], [ 2333033.558355343528092, 2479950.310763755813241 ], [ 2333033.558355343528092, 2479918.06120083713904 ], [ 2333065.807556748855859, 2479885.812309882137924 ], [ 2333098.056758154649287, 2479885.812309882137924 ], [ 2333130.305959559977055, 2479821.313184045255184 ], [ 2333130.305959559977055, 2479789.064293090254068 ], [ 2333162.555832921992987, 2479756.814730171579868 ], [ 2333162.555832921992987, 2479724.565167252905667 ], [ 2333194.805034327320755, 2479724.565167252905667 ], [ 2333227.054235733114183, 2479692.315604334697127 ], [ 2333259.30343713844195, 2479692.315604334697127 ], [ 2333291.552638544235379, 2479692.315604334697127 ], [ 2333323.801839949563146, 2479692.315604334697127 ], [ 2333356.051713311579078, 2479660.066713379696012 ], [ 2333356.051713311579078, 2479627.817150461021811 ], [ 2333356.051713311579078, 2479595.56758754234761 ], [ 2333388.300914717372507, 2479563.318024624139071 ], [ 2333420.550116122700274, 2479531.069133669137955 ], [ 2333452.799317528493702, 2479531.069133669137955 ], [ 2333485.04851893382147, 2479531.069133669137955 ], [ 2333485.04851893382147, 2479563.318024624139071 ], [ 2333517.298392295837402, 2479595.56758754234761 ], [ 2333517.298392295837402, 2479563.318024624139071 ], [ 2333549.547593701165169, 2479563.318024624139071 ], [ 2333549.547593701165169, 2479498.819570750463754 ], [ 2333549.547593701165169, 2479466.570007831789553 ], [ 2333549.547593701165169, 2479434.320444913581014 ], [ 2333581.796795106958598, 2479369.821991039905697 ], [ 2333614.045996512286365, 2479337.572428121231496 ], [ 2333646.295197918079793, 2479337.572428121231496 ], [ 2333646.295197918079793, 2479305.323537166696042 ], [ 2333678.545071280095726, 2479273.073974248021841 ], [ 2333678.545071280095726, 2479240.82441132934764 ], [ 2333678.545071280095726, 2479208.57484841067344 ], [ 2333646.295197918079793, 2479208.57484841067344 ], [ 2333646.295197918079793, 2479176.325957456137985 ], [ 2333678.545071280095726, 2479176.325957456137985 ], [ 2333678.545071280095726, 2479144.076394537463784 ], [ 2333710.794272685423493, 2479144.076394537463784 ], [ 2333743.043474091216922, 2479144.076394537463784 ], [ 2333775.292675496544689, 2479111.826831618789583 ], [ 2333807.541876902338117, 2479111.826831618789583 ], [ 2333807.541876902338117, 2479144.076394537463784 ], [ 2333839.791078307665884, 2479144.076394537463784 ], [ 2333839.791078307665884, 2479176.325957456137985 ], [ 2333872.040951669681817, 2479208.57484841067344 ], [ 2333904.290153075009584, 2479176.325957456137985 ], [ 2333936.539354480803013, 2479144.076394537463784 ], [ 2333968.78855588613078, 2479111.826831618789583 ], [ 2334001.037757291924208, 2479111.826831618789583 ], [ 2334001.037757291924208, 2479079.577268700115383 ], [ 2334001.037757291924208, 2479047.328377745579928 ], [ 2334033.287630653940141, 2479047.328377745579928 ], [ 2334065.536832059267908, 2479047.328377745579928 ], [ 2334097.786033465061337, 2479047.328377745579928 ], [ 2334130.035234870389104, 2479015.078814826905727 ], [ 2334162.284436276182532, 2479015.078814826905727 ], [ 2334226.783511043526232, 2478982.829251908231527 ], [ 2334259.032712449319661, 2478982.829251908231527 ], [ 2334259.032712449319661, 2479015.078814826905727 ], [ 2334291.281913854647428, 2479015.078814826905727 ], [ 2334291.281913854647428, 2479047.328377745579928 ], [ 2334323.531115260440856, 2479047.328377745579928 ], [ 2334355.780316665768623, 2479047.328377745579928 ], [ 2334388.030190027784556, 2479047.328377745579928 ], [ 2334420.279391433112323, 2479015.078814826905727 ], [ 2334452.528592838905752, 2479015.078814826905727 ], [ 2334452.528592838905752, 2479047.328377745579928 ], [ 2334484.777794244233519, 2479047.328377745579928 ], [ 2334517.026995650026947, 2479047.328377745579928 ], [ 2334549.27686901204288, 2479015.078814826905727 ], [ 2334581.526070417370647, 2479015.078814826905727 ], [ 2334613.775271823164076, 2479015.078814826905727 ], [ 2334613.775271823164076, 2479047.328377745579928 ], [ 2334646.024473228491843, 2479079.577268700115383 ], [ 2334646.024473228491843, 2479111.826831618789583 ], [ 2334646.024473228491843, 2479144.076394537463784 ], [ 2334646.024473228491843, 2479176.325957456137985 ], [ 2334613.775271823164076, 2479176.325957456137985 ], [ 2334613.775271823164076, 2479208.57484841067344 ], [ 2334613.775271823164076, 2479240.82441132934764 ], [ 2334581.526070417370647, 2479273.073974248021841 ], [ 2334581.526070417370647, 2479305.323537166696042 ], [ 2334613.775271823164076, 2479305.323537166696042 ], [ 2334646.024473228491843, 2479305.323537166696042 ], [ 2334678.273674634285271, 2479273.073974248021841 ], [ 2334710.522876039613038, 2479273.073974248021841 ], [ 2334710.522876039613038, 2479305.323537166696042 ], [ 2334678.273674634285271, 2479337.572428121231496 ], [ 2334678.273674634285271, 2479369.821991039905697 ], [ 2334678.273674634285271, 2479402.071553958579898 ], [ 2334710.522876039613038, 2479402.071553958579898 ], [ 2334742.772749401628971, 2479402.071553958579898 ], [ 2334775.021950806956738, 2479402.071553958579898 ], [ 2334807.271152212750167, 2479402.071553958579898 ], [ 2334807.271152212750167, 2479369.821991039905697 ], [ 2334807.271152212750167, 2479337.572428121231496 ], [ 2334807.271152212750167, 2479305.323537166696042 ], [ 2334839.520353618077934, 2479305.323537166696042 ], [ 2334871.769555023871362, 2479305.323537166696042 ], [ 2334871.769555023871362, 2479273.073974248021841 ], [ 2334904.019428385887295, 2479273.073974248021841 ], [ 2334904.019428385887295, 2479240.82441132934764 ], [ 2334936.268629791215062, 2479240.82441132934764 ], [ 2334936.268629791215062, 2479273.073974248021841 ], [ 2334968.517831197008491, 2479273.073974248021841 ], [ 2335000.767032602336258, 2479273.073974248021841 ], [ 2335033.016234008129686, 2479273.073974248021841 ], [ 2335097.515308775473386, 2479273.073974248021841 ], [ 2335129.764510181266814, 2479273.073974248021841 ], [ 2335162.013711586594582, 2479273.073974248021841 ], [ 2335226.512114397715777, 2479273.073974248021841 ], [ 2335226.512114397715777, 2479305.323537166696042 ], [ 2335258.76198775973171, 2479305.323537166696042 ], [ 2335258.76198775973171, 2479337.572428121231496 ], [ 2335291.011189165059477, 2479337.572428121231496 ], [ 2335291.011189165059477, 2479305.323537166696042 ], [ 2335323.260390570852906, 2479305.323537166696042 ], [ 2335355.509591976180673, 2479305.323537166696042 ], [ 2335387.758793381974101, 2479305.323537166696042 ], [ 2335387.758793381974101, 2479273.073974248021841 ], [ 2335420.008666743990034, 2479273.073974248021841 ], [ 2335420.008666743990034, 2479305.323537166696042 ], [ 2335452.257868149317801, 2479305.323537166696042 ], [ 2335516.756270960438997, 2479337.572428121231496 ], [ 2335549.005472366232425, 2479369.821991039905697 ], [ 2335581.255345727782696, 2479402.071553958579898 ], [ 2335613.504547133576125, 2479434.320444913581014 ], [ 2335645.753748538903892, 2479434.320444913581014 ], [ 2335678.00294994469732, 2479434.320444913581014 ], [ 2335710.252151350025088, 2479466.570007831789553 ], [ 2335774.751226117834449, 2479466.570007831789553 ], [ 2335807.000427523162216, 2479466.570007831789553 ], [ 2335807.000427523162216, 2479434.320444913581014 ], [ 2335807.000427523162216, 2479402.071553958579898 ], [ 2335807.000427523162216, 2479369.821991039905697 ], [ 2335807.000427523162216, 2479337.572428121231496 ], [ 2335807.000427523162216, 2479305.323537166696042 ], [ 2335839.249628928955644, 2479305.323537166696042 ], [ 2335871.498830334283412, 2479305.323537166696042 ], [ 2335871.498830334283412, 2479337.572428121231496 ], [ 2335871.498830334283412, 2479369.821991039905697 ], [ 2335903.74803174007684, 2479369.821991039905697 ], [ 2335903.74803174007684, 2479337.572428121231496 ], [ 2335935.997905101627111, 2479337.572428121231496 ], [ 2335935.997905101627111, 2479305.323537166696042 ], [ 2335903.74803174007684, 2479273.073974248021841 ], [ 2335903.74803174007684, 2479240.82441132934764 ], [ 2335871.498830334283412, 2479240.82441132934764 ], [ 2335871.498830334283412, 2479208.57484841067344 ], [ 2335903.74803174007684, 2479208.57484841067344 ], [ 2335935.997905101627111, 2479208.57484841067344 ], [ 2335935.997905101627111, 2479176.325957456137985 ], [ 2335968.24710650742054, 2479176.325957456137985 ], [ 2335935.997905101627111, 2479176.325957456137985 ], [ 2335935.997905101627111, 2479144.076394537463784 ], [ 2335935.997905101627111, 2479111.826831618789583 ], [ 2335935.997905101627111, 2479079.577268700115383 ], [ 2335903.74803174007684, 2479079.577268700115383 ], [ 2335903.74803174007684, 2479047.328377745579928 ], [ 2335935.997905101627111, 2479047.328377745579928 ], [ 2335935.997905101627111, 2479015.078814826905727 ], [ 2335968.24710650742054, 2479047.328377745579928 ], [ 2336000.496307913213968, 2479047.328377745579928 ], [ 2336032.745509318541735, 2479047.328377745579928 ], [ 2336032.745509318541735, 2479015.078814826905727 ], [ 2336064.994710723869503, 2479015.078814826905727 ], [ 2336064.994710723869503, 2478982.829251908231527 ], [ 2336097.244584085885435, 2478982.829251908231527 ], [ 2336097.244584085885435, 2479015.078814826905727 ], [ 2336097.244584085885435, 2478982.829251908231527 ], [ 2336129.493785491678864, 2478982.829251908231527 ], [ 2336129.493785491678864, 2478950.579688989557326 ], [ 2336129.493785491678864, 2478918.330798035021871 ], [ 2336129.493785491678864, 2478886.081235116347671 ], [ 2336161.742986897006631, 2478886.081235116347671 ], [ 2336193.992188302800059, 2478886.081235116347671 ], [ 2336193.992188302800059, 2478853.83167219767347 ], [ 2336226.241389708127826, 2478853.83167219767347 ], [ 2336226.241389708127826, 2478821.582781243138015 ], [ 2336193.992188302800059, 2478821.582781243138015 ], [ 2336193.992188302800059, 2478789.333218324463814 ], [ 2336226.241389708127826, 2478789.333218324463814 ], [ 2336258.490591113921255, 2478757.083655405789614 ], [ 2336226.241389708127826, 2478757.083655405789614 ], [ 2336258.490591113921255, 2478724.834092487115413 ], [ 2336290.740464475937188, 2478724.834092487115413 ], [ 2336290.740464475937188, 2478757.083655405789614 ], [ 2336322.989665881264955, 2478757.083655405789614 ], [ 2336355.238867287058383, 2478757.083655405789614 ], [ 2336387.48806869238615, 2478724.834092487115413 ], [ 2336419.737270098179579, 2478692.585201532579958 ], [ 2336451.98714345972985, 2478724.834092487115413 ], [ 2336484.236344865523279, 2478724.834092487115413 ], [ 2336484.236344865523279, 2478757.083655405789614 ], [ 2336516.485546270851046, 2478757.083655405789614 ], [ 2336548.734747676644474, 2478724.834092487115413 ], [ 2336548.734747676644474, 2478692.585201532579958 ], [ 2336580.983949081972241, 2478692.585201532579958 ], [ 2336580.983949081972241, 2478660.335638613905758 ], [ 2336613.233822443988174, 2478660.335638613905758 ], [ 2336613.233822443988174, 2478628.086075695231557 ], [ 2336645.483023849781603, 2478628.086075695231557 ], [ 2336645.483023849781603, 2478595.836512776557356 ], [ 2336677.73222525510937, 2478595.836512776557356 ], [ 2336677.73222525510937, 2478563.587621822021902 ], [ 2336709.981426660902798, 2478563.587621822021902 ], [ 2336709.981426660902798, 2478595.836512776557356 ], [ 2336742.230628066230565, 2478595.836512776557356 ], [ 2336742.230628066230565, 2478563.587621822021902 ], [ 2336742.230628066230565, 2478531.338058903347701 ], [ 2336774.479829472023994, 2478531.338058903347701 ], [ 2336806.729702833574265, 2478499.0884959846735 ], [ 2336838.978904239367694, 2478499.0884959846735 ], [ 2336871.228105644695461, 2478499.0884959846735 ], [ 2336871.228105644695461, 2478466.839605030138046 ], [ 2336903.477307050488889, 2478434.590042111463845 ], [ 2336935.726508455816656, 2478434.590042111463845 ], [ 2336935.726508455816656, 2478466.839605030138046 ], [ 2336967.976381817832589, 2478466.839605030138046 ], [ 2336967.976381817832589, 2478499.0884959846735 ], [ 2337000.225583223626018, 2478499.0884959846735 ], [ 2337032.474784628953785, 2478499.0884959846735 ], [ 2337064.723986034747213, 2478531.338058903347701 ], [ 2337032.474784628953785, 2478563.587621822021902 ], [ 2337032.474784628953785, 2478595.836512776557356 ], [ 2337032.474784628953785, 2478628.086075695231557 ], [ 2337064.723986034747213, 2478628.086075695231557 ], [ 2337096.97318744007498, 2478628.086075695231557 ], [ 2337096.97318744007498, 2478595.836512776557356 ], [ 2337129.222388845868409, 2478595.836512776557356 ], [ 2337161.472262207884341, 2478595.836512776557356 ], [ 2337161.472262207884341, 2478628.086075695231557 ], [ 2337161.472262207884341, 2478660.335638613905758 ], [ 2337193.721463613212109, 2478660.335638613905758 ], [ 2337225.970665019005537, 2478660.335638613905758 ], [ 2337225.970665019005537, 2478692.585201532579958 ], [ 2337258.219866424333304, 2478692.585201532579958 ], [ 2337258.219866424333304, 2478724.834092487115413 ], [ 2337290.469067830126733, 2478724.834092487115413 ], [ 2337290.469067830126733, 2478692.585201532579958 ], [ 2337322.718941191677004, 2478692.585201532579958 ], [ 2337322.718941191677004, 2478660.335638613905758 ], [ 2337322.718941191677004, 2478628.086075695231557 ], [ 2337354.968142597470433, 2478628.086075695231557 ], [ 2337354.968142597470433, 2478595.836512776557356 ], [ 2337354.968142597470433, 2478563.587621822021902 ], [ 2337322.718941191677004, 2478563.587621822021902 ], [ 2337322.718941191677004, 2478531.338058903347701 ], [ 2337354.968142597470433, 2478531.338058903347701 ], [ 2337354.968142597470433, 2478499.0884959846735 ], [ 2337354.968142597470433, 2478466.839605030138046 ], [ 2337354.968142597470433, 2478434.590042111463845 ], [ 2337322.718941191677004, 2478434.590042111463845 ], [ 2337322.718941191677004, 2478402.340479192789644 ], [ 2337322.718941191677004, 2478370.090916274115443 ], [ 2337290.469067830126733, 2478370.090916274115443 ], [ 2337290.469067830126733, 2478337.842025319114327 ], [ 2337322.718941191677004, 2478305.592462400905788 ], [ 2337322.718941191677004, 2478273.342899482231587 ], [ 2337354.968142597470433, 2478241.093336563557386 ], [ 2337387.2173440027982, 2478241.093336563557386 ], [ 2337419.466545408591628, 2478241.093336563557386 ], [ 2337419.466545408591628, 2478273.342899482231587 ], [ 2337419.466545408591628, 2478305.592462400905788 ], [ 2337451.715746813919395, 2478305.592462400905788 ], [ 2337483.965620175935328, 2478273.342899482231587 ], [ 2337516.214821581728756, 2478273.342899482231587 ], [ 2337516.214821581728756, 2478241.093336563557386 ], [ 2337516.214821581728756, 2478208.844445608556271 ], [ 2337483.965620175935328, 2478208.844445608556271 ], [ 2337483.965620175935328, 2478176.594882690347731 ], [ 2337451.715746813919395, 2478176.594882690347731 ], [ 2337451.715746813919395, 2478144.34531977167353 ], [ 2337451.715746813919395, 2478112.09575685299933 ], [ 2337419.466545408591628, 2478079.846865897998214 ], [ 2337419.466545408591628, 2478047.597302979789674 ], [ 2337419.466545408591628, 2478015.347740061115474 ], [ 2337451.715746813919395, 2478015.347740061115474 ], [ 2337483.965620175935328, 2478015.347740061115474 ], [ 2337483.965620175935328, 2478047.597302979789674 ], [ 2337516.214821581728756, 2478015.347740061115474 ], [ 2337516.214821581728756, 2478047.597302979789674 ], [ 2337548.464022987056524, 2478047.597302979789674 ], [ 2337580.713224392849952, 2478047.597302979789674 ], [ 2337580.713224392849952, 2478015.347740061115474 ], [ 2337612.962425798177719, 2478015.347740061115474 ], [ 2337612.962425798177719, 2478047.597302979789674 ], [ 2337645.211627203971148, 2478047.597302979789674 ], [ 2337645.211627203971148, 2478015.347740061115474 ], [ 2337677.461500565521419, 2477983.098849106114358 ], [ 2337677.461500565521419, 2477950.849286187440157 ], [ 2337645.211627203971148, 2477950.849286187440157 ], [ 2337645.211627203971148, 2477918.599723269231617 ], [ 2337677.461500565521419, 2477918.599723269231617 ], [ 2337709.710701971314847, 2477918.599723269231617 ], [ 2337741.959903376642615, 2477918.599723269231617 ], [ 2337741.959903376642615, 2477886.350160350557417 ], [ 2337774.209104782436043, 2477886.350160350557417 ], [ 2337774.209104782436043, 2477854.101269395556301 ], [ 2337806.45830618776381, 2477854.101269395556301 ], [ 2337806.45830618776381, 2477886.350160350557417 ], [ 2337838.708179549779743, 2477886.350160350557417 ], [ 2337870.957380955573171, 2477886.350160350557417 ], [ 2337903.206582360900939, 2477886.350160350557417 ], [ 2337903.206582360900939, 2477854.101269395556301 ], [ 2337935.455783766694367, 2477854.101269395556301 ], [ 2337967.704985172022134, 2477854.101269395556301 ], [ 2337967.704985172022134, 2477821.8517064768821 ], [ 2337967.704985172022134, 2477789.602143558207899 ], [ 2337967.704985172022134, 2477757.35258063999936 ], [ 2337999.954858534038067, 2477757.35258063999936 ], [ 2338032.204059939831495, 2477757.35258063999936 ], [ 2338032.204059939831495, 2477725.103689684998244 ], [ 2338064.453261345159262, 2477725.103689684998244 ], [ 2338096.70246275048703, 2477725.103689684998244 ], [ 2338096.70246275048703, 2477757.35258063999936 ], [ 2338128.951664156280458, 2477757.35258063999936 ], [ 2338128.951664156280458, 2477789.602143558207899 ], [ 2338161.200865562073886, 2477789.602143558207899 ], [ 2338193.450738923624158, 2477789.602143558207899 ], [ 2338225.699940329417586, 2477757.35258063999936 ], [ 2338225.699940329417586, 2477725.103689684998244 ], [ 2338257.949141734745353, 2477725.103689684998244 ], [ 2338257.949141734745353, 2477692.854126766324043 ], [ 2338290.198343140538782, 2477692.854126766324043 ], [ 2338290.198343140538782, 2477660.604563847649843 ], [ 2338322.447544545866549, 2477660.604563847649843 ], [ 2338354.697417907882482, 2477660.604563847649843 ], [ 2338386.94661931367591, 2477660.604563847649843 ], [ 2338419.195820719003677, 2477660.604563847649843 ], [ 2338419.195820719003677, 2477628.355000929441303 ], [ 2338419.195820719003677, 2477596.106109974440187 ], [ 2338419.195820719003677, 2477563.856547055765986 ], [ 2338451.445022124797106, 2477563.856547055765986 ], [ 2338483.694223530124873, 2477531.606984137091786 ], [ 2338515.944096892140806, 2477531.606984137091786 ], [ 2338548.193298297468573, 2477531.606984137091786 ], [ 2338580.442499703262001, 2477531.606984137091786 ], [ 2338612.691701108589768, 2477531.606984137091786 ], [ 2338644.940902514383197, 2477531.606984137091786 ], [ 2338677.190103919710964, 2477531.606984137091786 ], [ 2338677.190103919710964, 2477563.856547055765986 ], [ 2338709.439977281726897, 2477563.856547055765986 ], [ 2338741.689178687520325, 2477563.856547055765986 ], [ 2338773.938380092848092, 2477531.606984137091786 ], [ 2338838.436782903969288, 2477531.606984137091786 ], [ 2338870.686656265985221, 2477531.606984137091786 ], [ 2338902.935857671312988, 2477563.856547055765986 ], [ 2338902.935857671312988, 2477596.106109974440187 ], [ 2338902.935857671312988, 2477628.355000929441303 ], [ 2338902.935857671312988, 2477660.604563847649843 ], [ 2338870.686656265985221, 2477692.854126766324043 ], [ 2338870.686656265985221, 2477660.604563847649843 ], [ 2338870.686656265985221, 2477692.854126766324043 ], [ 2338838.436782903969288, 2477692.854126766324043 ], [ 2338806.187581498641521, 2477725.103689684998244 ], [ 2338806.187581498641521, 2477757.35258063999936 ], [ 2338806.187581498641521, 2477789.602143558207899 ], [ 2338806.187581498641521, 2477854.101269395556301 ], [ 2338806.187581498641521, 2477886.350160350557417 ], [ 2338806.187581498641521, 2477918.599723269231617 ], [ 2338838.436782903969288, 2477918.599723269231617 ], [ 2338870.686656265985221, 2477950.849286187440157 ], [ 2338870.686656265985221, 2477983.098849106114358 ], [ 2338870.686656265985221, 2478015.347740061115474 ], [ 2338902.935857671312988, 2478015.347740061115474 ], [ 2338902.935857671312988, 2478047.597302979789674 ], [ 2338935.185059077106416, 2478047.597302979789674 ], [ 2338935.185059077106416, 2478079.846865897998214 ], [ 2338967.434260482434183, 2478079.846865897998214 ], [ 2338967.434260482434183, 2478112.09575685299933 ], [ 2338967.434260482434183, 2478144.34531977167353 ], [ 2338999.683461888227612, 2478144.34531977167353 ], [ 2338999.683461888227612, 2478176.594882690347731 ], [ 2339031.933335250243545, 2478176.594882690347731 ], [ 2339064.182536655571312, 2478176.594882690347731 ], [ 2339096.43173806136474, 2478176.594882690347731 ], [ 2339128.680939466692507, 2478176.594882690347731 ], [ 2339160.930140872485936, 2478176.594882690347731 ], [ 2339193.179342277813703, 2478176.594882690347731 ], [ 2339193.179342277813703, 2478208.844445608556271 ], [ 2339193.179342277813703, 2478241.093336563557386 ], [ 2339225.429215639829636, 2478241.093336563557386 ], [ 2339225.429215639829636, 2478273.342899482231587 ], [ 2339257.678417045623064, 2478273.342899482231587 ], [ 2339289.927618450950831, 2478273.342899482231587 ], [ 2339322.17681985674426, 2478273.342899482231587 ], [ 2339354.426021262072027, 2478273.342899482231587 ], [ 2339354.426021262072027, 2478305.592462400905788 ], [ 2339386.67589462408796, 2478305.592462400905788 ], [ 2339418.925096029415727, 2478305.592462400905788 ], [ 2339451.174297435209155, 2478337.842025319114327 ], [ 2339451.174297435209155, 2478370.090916274115443 ], [ 2339418.925096029415727, 2478370.090916274115443 ], [ 2339418.925096029415727, 2478402.340479192789644 ], [ 2339386.67589462408796, 2478434.590042111463845 ], [ 2339418.925096029415727, 2478434.590042111463845 ], [ 2339418.925096029415727, 2478466.839605030138046 ], [ 2339386.67589462408796, 2478499.0884959846735 ], [ 2339386.67589462408796, 2478531.338058903347701 ], [ 2339354.426021262072027, 2478531.338058903347701 ], [ 2339354.426021262072027, 2478595.836512776557356 ], [ 2339354.426021262072027, 2478628.086075695231557 ], [ 2339386.67589462408796, 2478628.086075695231557 ], [ 2339354.426021262072027, 2478628.086075695231557 ], [ 2339354.426021262072027, 2478660.335638613905758 ], [ 2339386.67589462408796, 2478660.335638613905758 ], [ 2339386.67589462408796, 2478692.585201532579958 ], [ 2339418.925096029415727, 2478692.585201532579958 ], [ 2339451.174297435209155, 2478692.585201532579958 ], [ 2339451.174297435209155, 2478660.335638613905758 ], [ 2339483.423498840536922, 2478660.335638613905758 ], [ 2339515.672700246330351, 2478660.335638613905758 ], [ 2339547.922573608346283, 2478628.086075695231557 ], [ 2339580.171775013674051, 2478628.086075695231557 ], [ 2339612.420976419467479, 2478628.086075695231557 ], [ 2339612.420976419467479, 2478660.335638613905758 ], [ 2339644.670177824795246, 2478660.335638613905758 ], [ 2339676.919379230588675, 2478660.335638613905758 ], [ 2339709.168580635916442, 2478660.335638613905758 ], [ 2339709.168580635916442, 2478692.585201532579958 ], [ 2339709.168580635916442, 2478724.834092487115413 ], [ 2339709.168580635916442, 2478757.083655405789614 ], [ 2339741.418453997932374, 2478757.083655405789614 ], [ 2339773.667655403260142, 2478757.083655405789614 ], [ 2339805.91685680905357, 2478757.083655405789614 ], [ 2339805.91685680905357, 2478789.333218324463814 ], [ 2339805.91685680905357, 2478821.582781243138015 ], [ 2339773.667655403260142, 2478853.83167219767347 ], [ 2339773.667655403260142, 2478886.081235116347671 ], [ 2339741.418453997932374, 2478886.081235116347671 ], [ 2339741.418453997932374, 2478918.330798035021871 ], [ 2339741.418453997932374, 2478950.579688989557326 ], [ 2339709.168580635916442, 2478950.579688989557326 ], [ 2339709.168580635916442, 2478982.829251908231527 ], [ 2339676.919379230588675, 2479015.078814826905727 ], [ 2339644.670177824795246, 2479015.078814826905727 ], [ 2339644.670177824795246, 2479047.328377745579928 ], [ 2339612.420976419467479, 2479047.328377745579928 ], [ 2339612.420976419467479, 2479079.577268700115383 ], [ 2339580.171775013674051, 2479079.577268700115383 ], [ 2339580.171775013674051, 2479047.328377745579928 ], [ 2339547.922573608346283, 2479047.328377745579928 ], [ 2339547.922573608346283, 2479079.577268700115383 ], [ 2339515.672700246330351, 2479079.577268700115383 ], [ 2339483.423498840536922, 2479079.577268700115383 ], [ 2339483.423498840536922, 2479111.826831618789583 ], [ 2339451.174297435209155, 2479111.826831618789583 ], [ 2339451.174297435209155, 2479144.076394537463784 ], [ 2339451.174297435209155, 2479176.325957456137985 ], [ 2339451.174297435209155, 2479208.57484841067344 ], [ 2339418.925096029415727, 2479240.82441132934764 ], [ 2339451.174297435209155, 2479273.073974248021841 ], [ 2339451.174297435209155, 2479305.323537166696042 ], [ 2339451.174297435209155, 2479337.572428121231496 ], [ 2339451.174297435209155, 2479369.821991039905697 ], [ 2339483.423498840536922, 2479369.821991039905697 ], [ 2339515.672700246330351, 2479369.821991039905697 ], [ 2339515.672700246330351, 2479402.071553958579898 ], [ 2339483.423498840536922, 2479402.071553958579898 ], [ 2339483.423498840536922, 2479434.320444913581014 ], [ 2339515.672700246330351, 2479434.320444913581014 ], [ 2339515.672700246330351, 2479466.570007831789553 ], [ 2339515.672700246330351, 2479498.819570750463754 ], [ 2339483.423498840536922, 2479498.819570750463754 ], [ 2339483.423498840536922, 2479531.069133669137955 ], [ 2339515.672700246330351, 2479531.069133669137955 ], [ 2339515.672700246330351, 2479563.318024624139071 ], [ 2339547.922573608346283, 2479595.56758754234761 ], [ 2339580.171775013674051, 2479595.56758754234761 ], [ 2339612.420976419467479, 2479563.318024624139071 ], [ 2339644.670177824795246, 2479563.318024624139071 ], [ 2339676.919379230588675, 2479563.318024624139071 ], [ 2339709.168580635916442, 2479563.318024624139071 ], [ 2339741.418453997932374, 2479563.318024624139071 ], [ 2339773.667655403260142, 2479563.318024624139071 ], [ 2339805.91685680905357, 2479531.069133669137955 ], [ 2339838.166058214381337, 2479531.069133669137955 ], [ 2339870.415259620174766, 2479531.069133669137955 ], [ 2339902.665132982190698, 2479498.819570750463754 ], [ 2339934.914334387518466, 2479498.819570750463754 ], [ 2339934.914334387518466, 2479466.570007831789553 ], [ 2339967.163535793311894, 2479466.570007831789553 ], [ 2339967.163535793311894, 2479498.819570750463754 ], [ 2339967.163535793311894, 2479531.069133669137955 ], [ 2339999.412737198639661, 2479531.069133669137955 ], [ 2339999.412737198639661, 2479563.318024624139071 ], [ 2339967.163535793311894, 2479563.318024624139071 ], [ 2339967.163535793311894, 2479595.56758754234761 ], [ 2339934.914334387518466, 2479627.817150461021811 ], [ 2339934.914334387518466, 2479660.066713379696012 ], [ 2339934.914334387518466, 2479692.315604334697127 ], [ 2339967.163535793311894, 2479692.315604334697127 ], [ 2339999.412737198639661, 2479692.315604334697127 ], [ 2339999.412737198639661, 2479724.565167252905667 ], [ 2339999.412737198639661, 2479756.814730171579868 ], [ 2339999.412737198639661, 2479789.064293090254068 ], [ 2339967.163535793311894, 2479821.313184045255184 ], [ 2339967.163535793311894, 2479853.562746963463724 ], [ 2339999.412737198639661, 2479885.812309882137924 ], [ 2339999.412737198639661, 2479918.06120083713904 ], [ 2339999.412737198639661, 2479950.310763755813241 ], [ 2339999.412737198639661, 2479982.560326674487442 ], [ 2340031.661938604433089, 2479982.560326674487442 ], [ 2340063.911140009760857, 2480014.809889592695981 ], [ 2340096.161013371776789, 2480014.809889592695981 ], [ 2340128.410214777570218, 2480014.809889592695981 ], [ 2340128.410214777570218, 2480047.058780547697097 ], [ 2340160.659416182897985, 2480047.058780547697097 ], [ 2340160.659416182897985, 2480079.308343466371298 ], [ 2340192.908617588691413, 2480079.308343466371298 ], [ 2340225.157818994019181, 2480079.308343466371298 ], [ 2340257.407692356035113, 2480079.308343466371298 ], [ 2340289.65689376136288, 2480079.308343466371298 ], [ 2340289.65689376136288, 2480111.557906385045499 ], [ 2340321.906095167156309, 2480111.557906385045499 ], [ 2340354.155296572484076, 2480143.807469303254038 ], [ 2340386.404497978277504, 2480176.056360258255154 ], [ 2340386.404497978277504, 2480208.305923176929355 ], [ 2340418.654371340293437, 2480176.056360258255154 ], [ 2340418.654371340293437, 2480208.305923176929355 ], [ 2340418.654371340293437, 2480240.555486095603555 ], [ 2340386.404497978277504, 2480272.80437705013901 ], [ 2340354.155296572484076, 2480272.80437705013901 ], [ 2340354.155296572484076, 2480305.053939968813211 ], [ 2340321.906095167156309, 2480337.303502887487411 ], [ 2340321.906095167156309, 2480369.553065806161612 ], [ 2340289.65689376136288, 2480369.553065806161612 ], [ 2340289.65689376136288, 2480401.801956760697067 ], [ 2340321.906095167156309, 2480401.801956760697067 ], [ 2340321.906095167156309, 2480434.051519679371268 ], [ 2340321.906095167156309, 2480466.301082598045468 ], [ 2340321.906095167156309, 2480498.550645516719669 ], [ 2340321.906095167156309, 2480530.799536471255124 ], [ 2340354.155296572484076, 2480563.049099389929324 ], [ 2340354.155296572484076, 2480595.298662308603525 ], [ 2340386.404497978277504, 2480627.548225227277726 ], [ 2340418.654371340293437, 2480627.548225227277726 ], [ 2340418.654371340293437, 2480595.298662308603525 ], [ 2340450.903572745621204, 2480595.298662308603525 ], [ 2340450.903572745621204, 2480563.049099389929324 ], [ 2340450.903572745621204, 2480530.799536471255124 ], [ 2340483.152774151414633, 2480530.799536471255124 ], [ 2340483.152774151414633, 2480563.049099389929324 ], [ 2340515.4019755567424, 2480563.049099389929324 ], [ 2340547.651176962535828, 2480563.049099389929324 ], [ 2340579.900378367863595, 2480563.049099389929324 ], [ 2340612.150251729879528, 2480563.049099389929324 ], [ 2340612.150251729879528, 2480595.298662308603525 ], [ 2340612.150251729879528, 2480627.548225227277726 ], [ 2340612.150251729879528, 2480659.79711618181318 ], [ 2340612.150251729879528, 2480692.046679100487381 ], [ 2340579.900378367863595, 2480692.046679100487381 ], [ 2340612.150251729879528, 2480724.296242019161582 ], [ 2340612.150251729879528, 2480756.545132973697037 ], [ 2340612.150251729879528, 2480788.794695892371237 ], [ 2340644.399453135207295, 2480788.794695892371237 ], [ 2340644.399453135207295, 2480821.044258811045438 ], [ 2340644.399453135207295, 2480788.794695892371237 ], [ 2340676.648654541000724, 2480788.794695892371237 ], [ 2340708.897855946328491, 2480788.794695892371237 ], [ 2340741.147057352121919, 2480756.545132973697037 ], [ 2340773.396930714137852, 2480756.545132973697037 ], [ 2340805.646132119465619, 2480756.545132973697037 ], [ 2340837.895333525259048, 2480756.545132973697037 ], [ 2340837.895333525259048, 2480724.296242019161582 ], [ 2340870.144534930586815, 2480724.296242019161582 ], [ 2340902.393736336380243, 2480724.296242019161582 ], [ 2340934.643609697930515, 2480724.296242019161582 ], [ 2340966.892811103723943, 2480756.545132973697037 ], [ 2340934.643609697930515, 2480788.794695892371237 ], [ 2340966.892811103723943, 2480788.794695892371237 ], [ 2340966.892811103723943, 2480821.044258811045438 ], [ 2340999.14201250905171, 2480821.044258811045438 ], [ 2341063.640415320172906, 2480853.293821729719639 ], [ 2341063.640415320172906, 2480885.542712684255093 ], [ 2341063.640415320172906, 2480917.792275602929294 ], [ 2341095.889616725966334, 2480917.792275602929294 ], [ 2341128.139490087982267, 2480917.792275602929294 ], [ 2341128.139490087982267, 2480950.041838521603495 ], [ 2341160.388691493310034, 2480950.041838521603495 ], [ 2341160.388691493310034, 2480982.291401440277696 ], [ 2341160.388691493310034, 2481014.54029239481315 ], [ 2341192.637892899103463, 2481046.789855313487351 ], [ 2341224.88709430443123, 2481079.039418232161552 ], [ 2341257.136295710224658, 2481079.039418232161552 ], [ 2341289.386169072240591, 2481079.039418232161552 ], [ 2341289.386169072240591, 2481111.288981150835752 ], [ 2341321.635370477568358, 2481111.288981150835752 ], [ 2341353.884571883361787, 2481111.288981150835752 ], [ 2341386.133773288689554, 2481143.537872105371207 ], [ 2341418.382974694482982, 2481143.537872105371207 ], [ 2341450.632848056033254, 2481143.537872105371207 ], [ 2341450.632848056033254, 2481175.787435024045408 ], [ 2341482.882049461826682, 2481175.787435024045408 ], [ 2341482.882049461826682, 2481208.036997942719609 ], [ 2341515.131250867154449, 2481208.036997942719609 ], [ 2341547.380452272947878, 2481240.285888897255063 ], [ 2341579.629653678275645, 2481272.535451815929264 ], [ 2341611.878855084069073, 2481304.785014734603465 ], [ 2341611.878855084069073, 2481337.034577653277665 ], [ 2341611.878855084069073, 2481369.283468608278781 ], [ 2341644.128728446085006, 2481369.283468608278781 ], [ 2341644.128728446085006, 2481401.533031526487321 ], [ 2341644.128728446085006, 2481433.782594445161521 ], [ 2341676.377929851412773, 2481433.782594445161521 ], [ 2341676.377929851412773, 2481466.032157363835722 ], [ 2341740.876332662533969, 2481466.032157363835722 ], [ 2341773.125534068327397, 2481498.281048318836838 ], [ 2341773.125534068327397, 2481466.032157363835722 ], [ 2341805.375407429877669, 2481466.032157363835722 ], [ 2341837.624608835671097, 2481466.032157363835722 ], [ 2341869.873810240998864, 2481498.281048318836838 ], [ 2341902.123011646792293, 2481498.281048318836838 ], [ 2341934.37221305212006, 2481498.281048318836838 ], [ 2341966.622086414135993, 2481498.281048318836838 ], [ 2341966.622086414135993, 2481530.530611237045377 ], [ 2341998.871287819929421, 2481530.530611237045377 ], [ 2341998.871287819929421, 2481562.780174155719578 ], [ 2341998.871287819929421, 2481595.029065110720694 ], [ 2342031.120489225257188, 2481595.029065110720694 ], [ 2342063.369690631050617, 2481595.029065110720694 ], [ 2342127.868093442171812, 2481530.530611237045377 ], [ 2342160.117966804187745, 2481530.530611237045377 ], [ 2342192.367168209515512, 2481498.281048318836838 ], [ 2342224.61636961530894, 2481498.281048318836838 ], [ 2342256.865571020636708, 2481498.281048318836838 ], [ 2342289.114772425964475, 2481498.281048318836838 ], [ 2342321.364645787980407, 2481498.281048318836838 ], [ 2342321.364645787980407, 2481466.032157363835722 ], [ 2342353.613847193773836, 2481466.032157363835722 ], [ 2342353.613847193773836, 2481433.782594445161521 ], [ 2342385.863048599101603, 2481401.533031526487321 ], [ 2342385.863048599101603, 2481369.283468608278781 ], [ 2342450.361451410222799, 2481337.034577653277665 ], [ 2342450.361451410222799, 2481304.785014734603465 ], [ 2342482.611324772238731, 2481272.535451815929264 ], [ 2342514.86052617803216, 2481240.285888897255063 ], [ 2342547.109727583359927, 2481240.285888897255063 ], [ 2342547.109727583359927, 2481208.036997942719609 ], [ 2342611.608130394481122, 2481143.537872105371207 ], [ 2342611.608130394481122, 2481111.288981150835752 ], [ 2342643.857331800274551, 2481111.288981150835752 ], [ 2342676.107205161824822, 2481111.288981150835752 ], [ 2342708.356406567618251, 2481111.288981150835752 ], [ 2342740.605607972946018, 2481111.288981150835752 ], [ 2342740.605607972946018, 2481079.039418232161552 ], [ 2342772.854809378739446, 2481079.039418232161552 ], [ 2342772.854809378739446, 2481046.789855313487351 ], [ 2342805.104010784067214, 2481046.789855313487351 ], [ 2342837.353884146083146, 2481046.789855313487351 ], [ 2342869.603085551876575, 2481014.54029239481315 ], [ 2342901.852286957204342, 2481014.54029239481315 ], [ 2342901.852286957204342, 2480950.041838521603495 ], [ 2342934.10148836299777, 2480950.041838521603495 ], [ 2342934.10148836299777, 2480917.792275602929294 ], [ 2342966.350689768325537, 2480917.792275602929294 ], [ 2342966.350689768325537, 2480885.542712684255093 ], [ 2342966.350689768325537, 2480853.293821729719639 ], [ 2342966.350689768325537, 2480821.044258811045438 ], [ 2342966.350689768325537, 2480788.794695892371237 ], [ 2342998.599891174118966, 2480756.545132973697037 ], [ 2343030.849764536134899, 2480724.296242019161582 ], [ 2343030.849764536134899, 2480692.046679100487381 ], [ 2343063.098965941462666, 2480692.046679100487381 ], [ 2343095.348167346790433, 2480692.046679100487381 ], [ 2343127.597368752583861, 2480692.046679100487381 ], [ 2343159.84657015837729, 2480692.046679100487381 ], [ 2343159.84657015837729, 2480659.79711618181318 ], [ 2343127.597368752583861, 2480659.79711618181318 ], [ 2343127.597368752583861, 2480627.548225227277726 ], [ 2343159.84657015837729, 2480595.298662308603525 ], [ 2343159.84657015837729, 2480563.049099389929324 ], [ 2343159.84657015837729, 2480530.799536471255124 ], [ 2343159.84657015837729, 2480498.550645516719669 ], [ 2343127.597368752583861, 2480498.550645516719669 ], [ 2343127.597368752583861, 2480466.301082598045468 ], [ 2343095.348167346790433, 2480434.051519679371268 ], [ 2343063.098965941462666, 2480401.801956760697067 ], [ 2343063.098965941462666, 2480337.303502887487411 ], [ 2343030.849764536134899, 2480337.303502887487411 ], [ 2343030.849764536134899, 2480305.053939968813211 ], [ 2343063.098965941462666, 2480305.053939968813211 ], [ 2343063.098965941462666, 2480272.80437705013901 ], [ 2343095.348167346790433, 2480272.80437705013901 ], [ 2343095.348167346790433, 2480240.555486095603555 ], [ 2343095.348167346790433, 2480208.305923176929355 ], [ 2343095.348167346790433, 2480176.056360258255154 ], [ 2343127.597368752583861, 2480176.056360258255154 ], [ 2343095.348167346790433, 2480176.056360258255154 ], [ 2343095.348167346790433, 2480143.807469303254038 ], [ 2343095.348167346790433, 2480111.557906385045499 ], [ 2343127.597368752583861, 2480111.557906385045499 ], [ 2343127.597368752583861, 2480079.308343466371298 ], [ 2343159.84657015837729, 2480079.308343466371298 ], [ 2343159.84657015837729, 2480047.058780547697097 ], [ 2343192.096443519927561, 2480047.058780547697097 ], [ 2343192.096443519927561, 2480014.809889592695981 ], [ 2343224.34564492572099, 2480014.809889592695981 ], [ 2343192.096443519927561, 2480014.809889592695981 ], [ 2343192.096443519927561, 2479982.560326674487442 ], [ 2343159.84657015837729, 2479950.310763755813241 ], [ 2343159.84657015837729, 2479918.06120083713904 ], [ 2343159.84657015837729, 2479885.812309882137924 ], [ 2343159.84657015837729, 2479853.562746963463724 ], [ 2343192.096443519927561, 2479853.562746963463724 ], [ 2343192.096443519927561, 2479821.313184045255184 ], [ 2343224.34564492572099, 2479821.313184045255184 ], [ 2343256.594846331048757, 2479821.313184045255184 ], [ 2343288.844047736842185, 2479821.313184045255184 ], [ 2343321.093249142169952, 2479821.313184045255184 ], [ 2343353.343122504185885, 2479821.313184045255184 ], [ 2343385.592323909979314, 2479789.064293090254068 ], [ 2343385.592323909979314, 2479756.814730171579868 ], [ 2343417.841525315307081, 2479756.814730171579868 ], [ 2343417.841525315307081, 2479724.565167252905667 ], [ 2343450.090726721100509, 2479724.565167252905667 ], [ 2343482.339928126428276, 2479692.315604334697127 ], [ 2343482.339928126428276, 2479660.066713379696012 ], [ 2343482.339928126428276, 2479627.817150461021811 ], [ 2343514.589129532221705, 2479627.817150461021811 ], [ 2343514.589129532221705, 2479595.56758754234761 ], [ 2343514.589129532221705, 2479563.318024624139071 ], [ 2343546.839002893771976, 2479563.318024624139071 ], [ 2343579.088204299565405, 2479563.318024624139071 ], [ 2343579.088204299565405, 2479531.069133669137955 ], [ 2343579.088204299565405, 2479498.819570750463754 ], [ 2343611.337405704893172, 2479498.819570750463754 ], [ 2343643.5866071106866, 2479498.819570750463754 ], [ 2343675.835808516014367, 2479498.819570750463754 ], [ 2343708.0856818780303, 2479498.819570750463754 ], [ 2343708.0856818780303, 2479466.570007831789553 ], [ 2343708.0856818780303, 2479434.320444913581014 ], [ 2343740.334883283823729, 2479434.320444913581014 ], [ 2343740.334883283823729, 2479402.071553958579898 ], [ 2343772.584084689151496, 2479402.071553958579898 ], [ 2343804.833286094944924, 2479402.071553958579898 ], [ 2343837.082487500272691, 2479402.071553958579898 ], [ 2343837.082487500272691, 2479369.821991039905697 ], [ 2343869.332360862288624, 2479369.821991039905697 ], [ 2343901.581562267616391, 2479369.821991039905697 ], [ 2343933.83076367340982, 2479369.821991039905697 ], [ 2343966.079965078737587, 2479369.821991039905697 ], [ 2343998.329166484531015, 2479369.821991039905697 ], [ 2344030.578367889858782, 2479369.821991039905697 ], [ 2344030.578367889858782, 2479402.071553958579898 ], [ 2344062.828241251874715, 2479402.071553958579898 ], [ 2344095.077442657668144, 2479434.320444913581014 ], [ 2344127.326644062995911, 2479434.320444913581014 ], [ 2344159.575845468789339, 2479466.570007831789553 ], [ 2344191.825046874117106, 2479498.819570750463754 ], [ 2344224.074920236133039, 2479498.819570750463754 ], [ 2344256.324121641926467, 2479531.069133669137955 ], [ 2344320.822524453047663, 2479531.069133669137955 ], [ 2344353.07172585837543, 2479531.069133669137955 ], [ 2344385.321599220391363, 2479531.069133669137955 ], [ 2344385.321599220391363, 2479563.318024624139071 ], [ 2344417.57080062571913, 2479563.318024624139071 ], [ 2344449.820002031512558, 2479531.069133669137955 ], [ 2344482.069203436840326, 2479531.069133669137955 ], [ 2344514.318404842633754, 2479531.069133669137955 ], [ 2344546.567606247961521, 2479531.069133669137955 ], [ 2344546.567606247961521, 2479498.819570750463754 ], [ 2344546.567606247961521, 2479466.570007831789553 ], [ 2344546.567606247961521, 2479434.320444913581014 ], [ 2344546.567606247961521, 2479402.071553958579898 ], [ 2344578.817479609977454, 2479402.071553958579898 ], [ 2344578.817479609977454, 2479369.821991039905697 ], [ 2344611.066681015770882, 2479369.821991039905697 ], [ 2344611.066681015770882, 2479337.572428121231496 ], [ 2344611.066681015770882, 2479305.323537166696042 ], [ 2344643.31588242109865, 2479305.323537166696042 ], [ 2344643.31588242109865, 2479273.073974248021841 ], [ 2344675.565083826892078, 2479273.073974248021841 ], [ 2344707.814285232219845, 2479273.073974248021841 ], [ 2344707.814285232219845, 2479240.82441132934764 ], [ 2344740.064158594235778, 2479240.82441132934764 ], [ 2344740.064158594235778, 2479208.57484841067344 ], [ 2344740.064158594235778, 2479176.325957456137985 ], [ 2344740.064158594235778, 2479144.076394537463784 ], [ 2344772.313359999563545, 2479144.076394537463784 ], [ 2344772.313359999563545, 2479111.826831618789583 ], [ 2344804.562561405356973, 2479079.577268700115383 ], [ 2344804.562561405356973, 2479047.328377745579928 ], [ 2344804.562561405356973, 2479015.078814826905727 ], [ 2344836.811762810684741, 2479015.078814826905727 ], [ 2344836.811762810684741, 2478982.829251908231527 ], [ 2344836.811762810684741, 2478950.579688989557326 ], [ 2344836.811762810684741, 2478918.330798035021871 ], [ 2344869.060964216478169, 2478918.330798035021871 ], [ 2344901.310837578494102, 2478886.081235116347671 ], [ 2344933.560038983821869, 2478886.081235116347671 ], [ 2344965.809240389615297, 2478886.081235116347671 ], [ 2344998.058441794943064, 2478886.081235116347671 ], [ 2345030.307643200736493, 2478886.081235116347671 ], [ 2345030.307643200736493, 2478853.83167219767347 ], [ 2345062.55684460606426, 2478853.83167219767347 ], [ 2345094.806717968080193, 2478821.582781243138015 ], [ 2345127.05591937340796, 2478821.582781243138015 ], [ 2345159.305120779201388, 2478821.582781243138015 ], [ 2345159.305120779201388, 2478789.333218324463814 ], [ 2345159.305120779201388, 2478757.083655405789614 ], [ 2345191.554322184994817, 2478724.834092487115413 ], [ 2345223.803523590322584, 2478724.834092487115413 ], [ 2345223.803523590322584, 2478692.585201532579958 ], [ 2345256.053396952338517, 2478692.585201532579958 ], [ 2345288.302598357666284, 2478660.335638613905758 ], [ 2345320.551799763459712, 2478628.086075695231557 ], [ 2345352.801001168787479, 2478628.086075695231557 ], [ 2345385.050202574580908, 2478595.836512776557356 ], [ 2345417.300075936596841, 2478595.836512776557356 ], [ 2345449.549277341924608, 2478595.836512776557356 ], [ 2345481.798478747718036, 2478595.836512776557356 ], [ 2345514.047680153045803, 2478595.836512776557356 ], [ 2345546.296881558839232, 2478595.836512776557356 ], [ 2345578.546082964166999, 2478563.587621822021902 ], [ 2345610.795956326182932, 2478563.587621822021902 ], [ 2345643.045157731510699, 2478531.338058903347701 ], [ 2345643.045157731510699, 2478499.0884959846735 ], [ 2345675.294359137304127, 2478499.0884959846735 ], [ 2345707.543560542631894, 2478466.839605030138046 ], [ 2345772.042635310441256, 2478466.839605030138046 ], [ 2345804.291836715769023, 2478466.839605030138046 ], [ 2345804.291836715769023, 2478434.590042111463845 ], [ 2345836.541038121562451, 2478402.340479192789644 ], [ 2345836.541038121562451, 2478370.090916274115443 ], [ 2345836.541038121562451, 2478337.842025319114327 ], [ 2345836.541038121562451, 2478305.592462400905788 ], [ 2345868.790239526890218, 2478305.592462400905788 ], [ 2345901.039440932683647, 2478273.342899482231587 ], [ 2345933.288642338011414, 2478241.093336563557386 ], [ 2345933.288642338011414, 2478208.844445608556271 ], [ 2345933.288642338011414, 2478176.594882690347731 ], [ 2345933.288642338011414, 2478144.34531977167353 ], [ 2345901.039440932683647, 2478112.09575685299933 ], [ 2345933.288642338011414, 2478112.09575685299933 ], [ 2345933.288642338011414, 2478079.846865897998214 ], [ 2345933.288642338011414, 2478047.597302979789674 ], [ 2345933.288642338011414, 2478015.347740061115474 ], [ 2345933.288642338011414, 2477983.098849106114358 ], [ 2345933.288642338011414, 2477950.849286187440157 ], [ 2345933.288642338011414, 2477918.599723269231617 ], [ 2345933.288642338011414, 2477886.350160350557417 ], [ 2345901.039440932683647, 2477886.350160350557417 ], [ 2345901.039440932683647, 2477854.101269395556301 ], [ 2345901.039440932683647, 2477821.8517064768821 ], [ 2345901.039440932683647, 2477789.602143558207899 ], [ 2345901.039440932683647, 2477757.35258063999936 ], [ 2345933.288642338011414, 2477757.35258063999936 ], [ 2345933.288642338011414, 2477725.103689684998244 ], [ 2345965.538515700027347, 2477692.854126766324043 ], [ 2345965.538515700027347, 2477660.604563847649843 ], [ 2345997.787717105355114, 2477660.604563847649843 ], [ 2345997.787717105355114, 2477628.355000929441303 ], [ 2345965.538515700027347, 2477596.106109974440187 ], [ 2345997.787717105355114, 2477563.856547055765986 ], [ 2346030.036918511148542, 2477563.856547055765986 ], [ 2346062.286119916476309, 2477531.606984137091786 ], [ 2346062.286119916476309, 2477499.358093182556331 ], [ 2346062.286119916476309, 2477467.10853026388213 ], [ 2346094.535321322269738, 2477434.85896734520793 ], [ 2346094.535321322269738, 2477402.609404426533729 ], [ 2346094.535321322269738, 2477370.360513471998274 ], [ 2346126.785194684285671, 2477338.110950553324074 ], [ 2346159.034396089613438, 2477338.110950553324074 ], [ 2346191.283597495406866, 2477305.861387634649873 ], [ 2346223.532798900734633, 2477273.611824715975672 ], [ 2346288.031873668543994, 2477241.362933761440217 ], [ 2346320.281075073871762, 2477209.113370842766017 ], [ 2346320.281075073871762, 2477176.863807924091816 ], [ 2346352.53027647966519, 2477144.614916969556361 ], [ 2346384.779477884992957, 2477144.614916969556361 ], [ 2346417.028679290786386, 2477080.11579113220796 ], [ 2346449.277880696114153, 2477047.866228213533759 ], [ 2346481.527754058130085, 2477015.617337258998305 ], [ 2346481.527754058130085, 2476983.367774340324104 ], [ 2346481.527754058130085, 2476951.118211421649903 ], [ 2346513.776955463457853, 2476918.868648502975702 ], [ 2346513.776955463457853, 2476854.370194629766047 ], [ 2346513.776955463457853, 2476822.120631711091846 ], [ 2346513.776955463457853, 2476789.871068792417645 ], [ 2346513.776955463457853, 2476757.622177837882191 ], [ 2346513.776955463457853, 2476725.37261491920799 ], [ 2346481.527754058130085, 2476693.123052000533789 ], [ 2346449.277880696114153, 2476660.874161045998335 ], [ 2346417.028679290786386, 2476628.624598127324134 ], [ 2346384.779477884992957, 2476596.375035208649933 ], [ 2346384.779477884992957, 2476564.125472289975733 ], [ 2346352.53027647966519, 2476531.876581335440278 ], [ 2346384.779477884992957, 2476467.377455498091877 ], [ 2346384.779477884992957, 2476435.127892579417676 ], [ 2346384.779477884992957, 2476402.87900162441656 ], [ 2346352.53027647966519, 2476370.62943870620802 ], [ 2346320.281075073871762, 2476338.37987578753382 ], [ 2346288.031873668543994, 2476338.37987578753382 ], [ 2346255.782000306528062, 2476338.37987578753382 ], [ 2346255.782000306528062, 2476306.130312868859619 ], [ 2346223.532798900734633, 2476306.130312868859619 ], [ 2346223.532798900734633, 2476273.881421913858503 ], [ 2346255.782000306528062, 2476241.631858995649964 ], [ 2346223.532798900734633, 2476209.382296076975763 ], [ 2346223.532798900734633, 2476177.133405121974647 ], [ 2346191.283597495406866, 2476144.883842203300446 ], [ 2346223.532798900734633, 2476112.634279285091907 ], [ 2346223.532798900734633, 2476080.384716366417706 ], [ 2346255.782000306528062, 2476048.13582541141659 ], [ 2346255.782000306528062, 2476015.886262492742389 ], [ 2346255.782000306528062, 2475983.63669957453385 ], [ 2346288.031873668543994, 2475951.387136655859649 ], [ 2346288.031873668543994, 2475919.138245700858533 ], [ 2346352.53027647966519, 2475854.639119863510132 ], [ 2346352.53027647966519, 2475822.390228908974677 ], [ 2346352.53027647966519, 2475790.140665990300477 ], [ 2346352.53027647966519, 2475757.891103071626276 ], [ 2346384.779477884992957, 2475757.891103071626276 ], [ 2346417.028679290786386, 2475757.891103071626276 ], [ 2346449.277880696114153, 2475725.641540152952075 ], [ 2346449.277880696114153, 2475693.39264919841662 ], [ 2346417.028679290786386, 2475693.39264919841662 ], [ 2346417.028679290786386, 2475661.14308627974242 ], [ 2346449.277880696114153, 2475628.893523361068219 ], [ 2346449.277880696114153, 2475596.643960442394018 ], [ 2346449.277880696114153, 2475532.145506569184363 ], [ 2346449.277880696114153, 2475499.895943650510162 ], [ 2346449.277880696114153, 2475435.397489777300507 ], [ 2346417.028679290786386, 2475403.147926858626306 ], [ 2346417.028679290786386, 2475370.898363939952105 ], [ 2346417.028679290786386, 2475338.649472985416651 ], [ 2346417.028679290786386, 2475306.39991006674245 ], [ 2346417.028679290786386, 2475274.150347148068249 ], [ 2346449.277880696114153, 2475274.150347148068249 ], [ 2346449.277880696114153, 2475241.900784229394048 ], [ 2346449.277880696114153, 2475209.651893274858594 ], [ 2346481.527754058130085, 2475209.651893274858594 ], [ 2346513.776955463457853, 2475177.402330356184393 ], [ 2346546.026156869251281, 2475145.152767437510192 ], [ 2346546.026156869251281, 2475112.903204518835992 ], [ 2346546.026156869251281, 2475080.654313564300537 ], [ 2346578.275358274579048, 2475048.404750645626336 ], [ 2346610.524559680372477, 2475048.404750645626336 ], [ 2346642.774433042388409, 2475016.155187726952136 ], [ 2346642.774433042388409, 2474983.905624808277935 ], [ 2346675.023634447716177, 2474951.65673385374248 ], [ 2346675.023634447716177, 2474919.40717093506828 ], [ 2346642.774433042388409, 2474887.157608016394079 ], [ 2346610.524559680372477, 2474887.157608016394079 ], [ 2346610.524559680372477, 2474854.908717061858624 ], [ 2346610.524559680372477, 2474822.659154143184423 ], [ 2346610.524559680372477, 2474790.409591224510223 ], [ 2346610.524559680372477, 2474758.160028305836022 ], [ 2346610.524559680372477, 2474725.911137351300567 ], [ 2346610.524559680372477, 2474693.661574432626367 ], [ 2346642.774433042388409, 2474661.412011513952166 ], [ 2346610.524559680372477, 2474629.162448595277965 ], [ 2346642.774433042388409, 2474629.162448595277965 ], [ 2346642.774433042388409, 2474596.913557640742511 ], [ 2346610.524559680372477, 2474596.913557640742511 ], [ 2346642.774433042388409, 2474564.66399472206831 ], [ 2346642.774433042388409, 2474532.414431803394109 ], [ 2346675.023634447716177, 2474532.414431803394109 ], [ 2346675.023634447716177, 2474500.165540848392993 ], [ 2346707.272835853509605, 2474467.915977929718792 ], [ 2346739.522037258837372, 2474467.915977929718792 ], [ 2346739.522037258837372, 2474435.666415011510253 ], [ 2346771.7712386646308, 2474435.666415011510253 ], [ 2346771.7712386646308, 2474403.416852092836052 ], [ 2346804.021112026181072, 2474403.416852092836052 ], [ 2346804.021112026181072, 2474371.167961137834936 ], [ 2346804.021112026181072, 2474338.918398219160736 ], [ 2346836.2703134319745, 2474338.918398219160736 ], [ 2346836.2703134319745, 2474306.668835300952196 ], [ 2346868.519514837302268, 2474306.668835300952196 ], [ 2346868.519514837302268, 2474274.419272382277995 ], [ 2346868.519514837302268, 2474242.17038142727688 ] ] } },
{ "type": "Feature", "properties": { }, "geometry": { "type": "LineString", "coordinates": [ [ 2346868.519514837302268, 2474242.17038142727688 ], [ 2346900.768716243095696, 2474242.17038142727688 ], [ 2346933.017917648423463, 2474242.17038142727688 ], [ 2346965.267119054216892, 2474209.920818508602679 ], [ 2346965.267119054216892, 2474177.671255590394139 ], [ 2346965.267119054216892, 2474145.421692671719939 ], [ 2346997.516992416232824, 2474145.421692671719939 ], [ 2346997.516992416232824, 2474113.172801716718823 ], [ 2347029.766193821560591, 2474113.172801716718823 ], [ 2347029.766193821560591, 2474080.923238798044622 ], [ 2347062.01539522735402, 2474080.923238798044622 ], [ 2347062.01539522735402, 2474048.673675879836082 ], [ 2347094.264596632681787, 2474048.673675879836082 ], [ 2347094.264596632681787, 2474016.424784924834967 ], [ 2347094.264596632681787, 2473984.175222006160766 ], [ 2347126.513798038475215, 2473984.175222006160766 ], [ 2347126.513798038475215, 2473951.925659087486565 ], [ 2347126.513798038475215, 2473919.676096168812364 ], [ 2347126.513798038475215, 2473887.42720521427691 ], [ 2347158.763671400025487, 2473887.42720521427691 ], [ 2347191.012872805818915, 2473855.177642295602709 ], [ 2347223.262074211612344, 2473855.177642295602709 ], [ 2347255.511275616940111, 2473855.177642295602709 ], [ 2347255.511275616940111, 2473822.928079376928508 ], [ 2347255.511275616940111, 2473790.678516458254308 ], [ 2347287.760477022733539, 2473790.678516458254308 ], [ 2347287.760477022733539, 2473758.429625503718853 ], [ 2347320.010350384283811, 2473758.429625503718853 ], [ 2347352.259551790077239, 2473758.429625503718853 ], [ 2347384.508753195405006, 2473726.180062585044652 ], [ 2347416.757954601198435, 2473726.180062585044652 ], [ 2347416.757954601198435, 2473693.930499666370451 ], [ 2347449.007156006526202, 2473693.930499666370451 ], [ 2347449.007156006526202, 2473661.680936747696251 ], [ 2347481.25635741231963, 2473661.680936747696251 ], [ 2347481.25635741231963, 2473629.432045793160796 ], [ 2347513.506230774335563, 2473629.432045793160796 ], [ 2347513.506230774335563, 2473597.182482874486595 ], [ 2347545.75543217966333, 2473564.932919955812395 ], [ 2347545.75543217966333, 2473532.68402900127694 ], [ 2347578.004633585456759, 2473500.434466082602739 ], [ 2347610.253834990784526, 2473468.184903163928539 ], [ 2347610.253834990784526, 2473435.935340245254338 ], [ 2347610.253834990784526, 2473403.686449290718883 ], [ 2347642.503036396577954, 2473371.436886372044683 ], [ 2347674.752909758128226, 2473339.187323453370482 ], [ 2347674.752909758128226, 2473306.937760534696281 ], [ 2347707.002111163921654, 2473274.688869580160826 ], [ 2347739.251312569249421, 2473274.688869580160826 ], [ 2347739.251312569249421, 2473242.439306661486626 ], [ 2347739.251312569249421, 2473210.189743742812425 ], [ 2347739.251312569249421, 2473177.94085278827697 ], [ 2347739.251312569249421, 2473145.69128986960277 ], [ 2347739.251312569249421, 2473113.441726950928569 ], [ 2347739.251312569249421, 2473081.192164032254368 ], [ 2347771.50051397504285, 2473048.943273077718914 ], [ 2347771.50051397504285, 2473016.693710159044713 ], [ 2347771.50051397504285, 2472984.444147240370512 ], [ 2347771.50051397504285, 2472952.194584321696311 ], [ 2347803.749715380370617, 2472919.945693367160857 ], [ 2347803.749715380370617, 2472887.696130448486656 ], [ 2347835.99958874238655, 2472887.696130448486656 ], [ 2347835.99958874238655, 2472855.446567529812455 ], [ 2347835.99958874238655, 2472823.197004611138254 ], [ 2347835.99958874238655, 2472790.9481136566028 ], [ 2347835.99958874238655, 2472758.698550737928599 ], [ 2347803.749715380370617, 2472758.698550737928599 ], [ 2347803.749715380370617, 2472726.448987819254398 ], [ 2347803.749715380370617, 2472694.200096864253283 ], [ 2347835.99958874238655, 2472661.950533946044743 ], [ 2347868.248790148179978, 2472661.950533946044743 ], [ 2347868.248790148179978, 2472629.700971027370542 ], [ 2347900.497991553507745, 2472597.451408108696342 ], [ 2347932.747192959301174, 2472565.202517153695226 ], [ 2347932.747192959301174, 2472532.952954235486686 ], [ 2347932.747192959301174, 2472500.703391316812485 ], [ 2347932.747192959301174, 2472468.453828398138285 ], [ 2347900.497991553507745, 2472436.204937443137169 ], [ 2347900.497991553507745, 2472403.955374524462968 ], [ 2347932.747192959301174, 2472371.705811606254429 ], [ 2347932.747192959301174, 2472339.456248687580228 ], [ 2347932.747192959301174, 2472307.207357732579112 ], [ 2347964.996394364628941, 2472274.957794813904911 ], [ 2347964.996394364628941, 2472242.708231895696372 ], [ 2347932.747192959301174, 2472210.459340940695256 ], [ 2347932.747192959301174, 2472178.209778022021055 ], [ 2347964.996394364628941, 2472178.209778022021055 ], [ 2347964.996394364628941, 2472145.960215103346854 ], [ 2347932.747192959301174, 2472113.710652185138315 ], [ 2347932.747192959301174, 2472081.461761230137199 ], [ 2347964.996394364628941, 2472081.461761230137199 ], [ 2347964.996394364628941, 2472049.212198311462998 ], [ 2347964.996394364628941, 2472016.962635392788798 ], [ 2347964.996394364628941, 2471984.713072474114597 ], [ 2347964.996394364628941, 2471952.464181519579142 ], [ 2347964.996394364628941, 2471920.214618600904942 ], [ 2347964.996394364628941, 2471887.965055682230741 ], [ 2347964.996394364628941, 2471855.716164727695286 ], [ 2347964.996394364628941, 2471823.466601809021086 ], [ 2347964.996394364628941, 2471791.217038890346885 ], [ 2347964.996394364628941, 2471758.967475971672684 ], [ 2347932.747192959301174, 2471758.967475971672684 ], [ 2347932.747192959301174, 2471726.718585017137229 ], [ 2347932.747192959301174, 2471694.469022098463029 ], [ 2347932.747192959301174, 2471662.219459179788828 ], [ 2347932.747192959301174, 2471629.969896261114627 ], [ 2347932.747192959301174, 2471597.721005306579173 ], [ 2347932.747192959301174, 2471565.471442387904972 ], [ 2347964.996394364628941, 2471565.471442387904972 ], [ 2347964.996394364628941, 2471533.221879469230771 ], [ 2347964.996394364628941, 2471500.97231655055657 ], [ 2347964.996394364628941, 2471468.723425596021116 ], [ 2347964.996394364628941, 2471436.473862677346915 ], [ 2347964.996394364628941, 2471404.224299758672714 ], [ 2347964.996394364628941, 2471371.97540880413726 ], [ 2347997.245595770422369, 2471371.97540880413726 ], [ 2347997.245595770422369, 2471339.725845885463059 ], [ 2347997.245595770422369, 2471307.476282966788858 ], [ 2347964.996394364628941, 2471307.476282966788858 ], [ 2347964.996394364628941, 2471275.226720048114657 ], [ 2347964.996394364628941, 2471242.977829093579203 ], [ 2347964.996394364628941, 2471210.728266174905002 ], [ 2347932.747192959301174, 2471210.728266174905002 ], [ 2347932.747192959301174, 2471178.478703256230801 ], [ 2347964.996394364628941, 2471178.478703256230801 ], [ 2347932.747192959301174, 2471178.478703256230801 ], [ 2347932.747192959301174, 2471146.229140337556601 ], [ 2347932.747192959301174, 2471113.980249383021146 ], [ 2347964.996394364628941, 2471113.980249383021146 ], [ 2347964.996394364628941, 2471081.730686464346945 ], [ 2347932.747192959301174, 2471081.730686464346945 ], [ 2347932.747192959301174, 2471049.481123545672745 ], [ 2347932.747192959301174, 2471017.231560626998544 ], [ 2347900.497991553507745, 2470984.982669672463089 ], [ 2347900.497991553507745, 2470952.733106753788888 ], [ 2347900.497991553507745, 2470920.483543835114688 ], [ 2347900.497991553507745, 2470888.234652880113572 ], [ 2347868.248790148179978, 2470888.234652880113572 ], [ 2347868.248790148179978, 2470855.985089961905032 ], [ 2347868.248790148179978, 2470823.735527043230832 ], [ 2347868.248790148179978, 2470791.485964124556631 ], [ 2347868.248790148179978, 2470759.237073169555515 ], [ 2347835.99958874238655, 2470759.237073169555515 ], [ 2347835.99958874238655, 2470726.987510251346976 ], [ 2347835.99958874238655, 2470694.737947332672775 ], [ 2347835.99958874238655, 2470662.488384413998574 ], [ 2347803.749715380370617, 2470662.488384413998574 ], [ 2347803.749715380370617, 2470630.239493458997458 ], [ 2347771.50051397504285, 2470630.239493458997458 ], [ 2347803.749715380370617, 2470630.239493458997458 ], [ 2347803.749715380370617, 2470597.989930540788919 ], [ 2347771.50051397504285, 2470565.740367622114718 ], [ 2347771.50051397504285, 2470533.491476667113602 ], [ 2347771.50051397504285, 2470501.241913748439401 ], [ 2347771.50051397504285, 2470468.992350829765201 ], [ 2347771.50051397504285, 2470436.742787911556661 ], [ 2347739.251312569249421, 2470436.742787911556661 ], [ 2347739.251312569249421, 2470404.493896956555545 ], [ 2347707.002111163921654, 2470404.493896956555545 ], [ 2347739.251312569249421, 2470404.493896956555545 ], [ 2347739.251312569249421, 2470372.244334037881345 ], [ 2347739.251312569249421, 2470339.994771119207144 ], [ 2347707.002111163921654, 2470339.994771119207144 ], [ 2347707.002111163921654, 2470307.745208200998604 ], [ 2347707.002111163921654, 2470275.496317245997488 ], [ 2347674.752909758128226, 2470275.496317245997488 ], [ 2347674.752909758128226, 2470243.246754327323288 ], [ 2347674.752909758128226, 2470210.997191408649087 ], [ 2347674.752909758128226, 2470178.747628490440547 ], [ 2347707.002111163921654, 2470146.498737535439432 ], [ 2347707.002111163921654, 2470114.249174616765231 ], [ 2347707.002111163921654, 2470081.99961169809103 ], [ 2347739.251312569249421, 2470081.99961169809103 ], [ 2347707.002111163921654, 2470081.99961169809103 ], [ 2347707.002111163921654, 2470049.750720743555576 ], [ 2347739.251312569249421, 2470049.750720743555576 ], [ 2347739.251312569249421, 2470017.501157824881375 ], [ 2347771.50051397504285, 2470017.501157824881375 ], [ 2347771.50051397504285, 2469985.251594906207174 ], [ 2347803.749715380370617, 2469985.251594906207174 ], [ 2347803.749715380370617, 2469953.002031987532973 ], [ 2347803.749715380370617, 2469920.753141032997519 ], [ 2347771.50051397504285, 2469920.753141032997519 ], [ 2347803.749715380370617, 2469920.753141032997519 ], [ 2347803.749715380370617, 2469888.503578114323318 ], [ 2347771.50051397504285, 2469888.503578114323318 ], [ 2347803.749715380370617, 2469888.503578114323318 ], [ 2347803.749715380370617, 2469856.254015195649117 ], [ 2347771.50051397504285, 2469856.254015195649117 ], [ 2347771.50051397504285, 2469824.004452276974916 ], [ 2347739.251312569249421, 2469824.004452276974916 ], [ 2347739.251312569249421, 2469791.755561322439462 ], [ 2347739.251312569249421, 2469759.505998403765261 ], [ 2347739.251312569249421, 2469727.25643548509106 ], [ 2347739.251312569249421, 2469695.007544530555606 ], [ 2347771.50051397504285, 2469695.007544530555606 ], [ 2347803.749715380370617, 2469695.007544530555606 ], [ 2347803.749715380370617, 2469662.757981611881405 ], [ 2347803.749715380370617, 2469630.508418693207204 ], [ 2347803.749715380370617, 2469598.258855774533004 ], [ 2347803.749715380370617, 2469566.009964819997549 ], [ 2347835.99958874238655, 2469566.009964819997549 ], [ 2347835.99958874238655, 2469533.760401901323348 ], [ 2347835.99958874238655, 2469501.510838982649148 ], [ 2347868.248790148179978, 2469501.510838982649148 ], [ 2347868.248790148179978, 2469469.261276063974947 ], [ 2347868.248790148179978, 2469437.012385109439492 ], [ 2347835.99958874238655, 2469437.012385109439492 ], [ 2347868.248790148179978, 2469437.012385109439492 ], [ 2347868.248790148179978, 2469404.762822190765291 ], [ 2347835.99958874238655, 2469404.762822190765291 ], [ 2347835.99958874238655, 2469372.513259272091091 ], [ 2347835.99958874238655, 2469340.26369635341689 ], [ 2347835.99958874238655, 2469275.765242480207235 ], [ 2347868.248790148179978, 2469275.765242480207235 ], [ 2347868.248790148179978, 2469243.515679561533034 ], [ 2347932.747192959301174, 2469211.266788606997579 ], [ 2347964.996394364628941, 2469179.017225688323379 ], [ 2347964.996394364628941, 2469146.767662769649178 ], [ 2347997.245595770422369, 2469146.767662769649178 ], [ 2347997.245595770422369, 2469114.518099850974977 ], [ 2347997.245595770422369, 2469082.269208895973861 ], [ 2347997.245595770422369, 2469050.019645977765322 ], [ 2348029.495469131972641, 2469050.019645977765322 ], [ 2348029.495469131972641, 2469017.770083059091121 ], [ 2348029.495469131972641, 2468985.52052014041692 ], [ 2348029.495469131972641, 2468953.271629185415804 ], [ 2348061.744670537766069, 2468953.271629185415804 ], [ 2348061.744670537766069, 2468921.022066267207265 ], [ 2348061.744670537766069, 2468888.772503348533064 ], [ 2348061.744670537766069, 2468856.522940429858863 ], [ 2348093.993871943093836, 2468856.522940429858863 ], [ 2348093.993871943093836, 2468824.274049474857748 ], [ 2348126.243073348887265, 2468824.274049474857748 ], [ 2348126.243073348887265, 2468792.024486556649208 ], [ 2348158.492274754215032, 2468792.024486556649208 ], [ 2348158.492274754215032, 2468759.774923637975007 ], [ 2348190.742148116230965, 2468663.026906846091151 ], [ 2348222.991349522024393, 2468630.77734392741695 ], [ 2348222.991349522024393, 2468598.528452972415835 ], [ 2348255.24055092735216, 2468534.029327135067433 ], [ 2348287.489752333145589, 2468501.779764216858894 ], [ 2348287.489752333145589, 2468469.530873261857778 ], [ 2348255.24055092735216, 2468469.530873261857778 ], [ 2348255.24055092735216, 2468437.281310343183577 ], [ 2348255.24055092735216, 2468405.031747424509376 ], [ 2348287.489752333145589, 2468405.031747424509376 ], [ 2348255.24055092735216, 2468276.034167713951319 ], [ 2348255.24055092735216, 2468243.785276759415865 ], [ 2348255.24055092735216, 2468211.535713840741664 ], [ 2348255.24055092735216, 2468179.286150922067463 ], [ 2348287.489752333145589, 2468114.787697048857808 ], [ 2348287.489752333145589, 2468082.538134130183607 ], [ 2348287.489752333145589, 2468050.288571211509407 ], [ 2348319.738953738473356, 2467985.790117338299751 ], [ 2348351.988827100489289, 2467921.29099150095135 ], [ 2348351.988827100489289, 2467824.542974709067494 ], [ 2348384.238028506282717, 2467727.794957917183638 ], [ 2348416.487229911610484, 2467695.545394998509437 ], [ 2348448.736431317403913, 2467631.046941125299782 ], [ 2348480.98563272273168, 2467631.046941125299782 ], [ 2348480.98563272273168, 2467598.797378206625581 ], [ 2348480.98563272273168, 2467566.54781528795138 ], [ 2348480.98563272273168, 2467534.298252369277179 ], [ 2348480.98563272273168, 2467502.049361414741725 ], [ 2348480.98563272273168, 2467469.799798496067524 ], [ 2348448.736431317403913, 2467405.301344622857869 ], [ 2348448.736431317403913, 2467340.802218785509467 ], [ 2348513.234834128525108, 2467147.306185201276094 ], [ 2348287.489752333145589, 2467050.558168409392238 ], [ 2348222.991349522024393, 2467018.308605490718037 ], [ 2348190.742148116230965, 2467018.308605490718037 ], [ 2348158.492274754215032, 2466986.059042572509497 ], [ 2348126.243073348887265, 2466953.809479653835297 ], [ 2348093.993871943093836, 2466921.560588698834181 ], [ 2348061.744670537766069, 2466921.560588698834181 ], [ 2348029.495469131972641, 2466889.31102578015998 ], [ 2347997.245595770422369, 2466857.061462861951441 ], [ 2347964.996394364628941, 2466824.81189994327724 ], [ 2347932.747192959301174, 2466824.81189994327724 ], [ 2347900.497991553507745, 2466824.81189994327724 ], [ 2347900.497991553507745, 2466792.563008988276124 ], [ 2347868.248790148179978, 2466792.563008988276124 ], [ 2347803.749715380370617, 2466824.81189994327724 ], [ 2347739.251312569249421, 2466824.81189994327724 ], [ 2347707.002111163921654, 2466857.061462861951441 ], [ 2347674.752909758128226, 2466857.061462861951441 ], [ 2347642.503036396577954, 2466857.061462861951441 ], [ 2347578.004633585456759, 2466857.061462861951441 ], [ 2347545.75543217966333, 2466857.061462861951441 ], [ 2347513.506230774335563, 2466824.81189994327724 ], [ 2347481.25635741231963, 2466824.81189994327724 ], [ 2347481.25635741231963, 2466792.563008988276124 ], [ 2347449.007156006526202, 2466824.81189994327724 ], [ 2347449.007156006526202, 2466857.061462861951441 ], [ 2347416.757954601198435, 2466889.31102578015998 ], [ 2347384.508753195405006, 2466889.31102578015998 ], [ 2347352.259551790077239, 2466921.560588698834181 ], [ 2347352.259551790077239, 2466953.809479653835297 ], [ 2347287.760477022733539, 2466953.809479653835297 ], [ 2347287.760477022733539, 2466986.059042572509497 ], [ 2347255.511275616940111, 2466986.059042572509497 ], [ 2347223.262074211612344, 2466986.059042572509497 ], [ 2347191.012872805818915, 2466986.059042572509497 ], [ 2347158.763671400025487, 2467018.308605490718037 ], [ 2347126.513798038475215, 2467050.558168409392238 ], [ 2347094.264596632681787, 2467050.558168409392238 ], [ 2347062.01539522735402, 2467082.807059364393353 ], [ 2347062.01539522735402, 2467115.056622283067554 ], [ 2347029.766193821560591, 2467115.056622283067554 ], [ 2346933.017917648423463, 2467115.056622283067554 ], [ 2346900.768716243095696, 2467115.056622283067554 ], [ 2346868.519514837302268, 2467115.056622283067554 ], [ 2346836.2703134319745, 2467115.056622283067554 ], [ 2346804.021112026181072, 2467115.056622283067554 ], [ 2346739.522037258837372, 2467115.056622283067554 ], [ 2346675.023634447716177, 2467115.056622283067554 ], [ 2346642.774433042388409, 2467147.306185201276094 ], [ 2346610.524559680372477, 2467147.306185201276094 ], [ 2346578.275358274579048, 2467147.306185201276094 ], [ 2346513.776955463457853, 2467179.55507615627721 ], [ 2346481.527754058130085, 2467179.55507615627721 ], [ 2346449.277880696114153, 2467179.55507615627721 ], [ 2346417.028679290786386, 2467179.55507615627721 ], [ 2346384.779477884992957, 2467179.55507615627721 ], [ 2346352.53027647966519, 2467179.55507615627721 ], [ 2346320.281075073871762, 2467211.80463907495141 ], [ 2346255.782000306528062, 2467211.80463907495141 ], [ 2346223.532798900734633, 2467211.80463907495141 ], [ 2346159.034396089613438, 2467211.80463907495141 ], [ 2346094.535321322269738, 2467244.054201993625611 ], [ 2346030.036918511148542, 2467308.552655866835266 ], [ 2345997.787717105355114, 2467340.802218785509467 ], [ 2345965.538515700027347, 2467373.051781704183668 ], [ 2345933.288642338011414, 2467405.301344622857869 ], [ 2345901.039440932683647, 2467405.301344622857869 ], [ 2345901.039440932683647, 2467437.550235577393323 ], [ 2345868.790239526890218, 2467437.550235577393323 ], [ 2345836.541038121562451, 2467469.799798496067524 ], [ 2345804.291836715769023, 2467502.049361414741725 ], [ 2345772.042635310441256, 2467502.049361414741725 ], [ 2345707.543560542631894, 2467502.049361414741725 ], [ 2345643.045157731510699, 2467534.298252369277179 ], [ 2345610.795956326182932, 2467534.298252369277179 ], [ 2345578.546082964166999, 2467534.298252369277179 ], [ 2345546.296881558839232, 2467534.298252369277179 ], [ 2345514.047680153045803, 2467534.298252369277179 ], [ 2345481.798478747718036, 2467502.049361414741725 ], [ 2345449.549277341924608, 2467469.799798496067524 ], [ 2345449.549277341924608, 2467437.550235577393323 ], [ 2345417.300075936596841, 2467405.301344622857869 ], [ 2345385.050202574580908, 2467373.051781704183668 ], [ 2345352.801001168787479, 2467373.051781704183668 ], [ 2345288.302598357666284, 2467340.802218785509467 ], [ 2345223.803523590322584, 2467308.552655866835266 ], [ 2345127.05591937340796, 2467308.552655866835266 ], [ 2345062.55684460606426, 2467276.303764912299812 ], [ 2345030.307643200736493, 2467244.054201993625611 ], [ 2344965.809240389615297, 2467211.80463907495141 ], [ 2344901.310837578494102, 2467211.80463907495141 ], [ 2344869.060964216478169, 2467179.55507615627721 ], [ 2344804.562561405356973, 2467179.55507615627721 ], [ 2344772.313359999563545, 2467147.306185201276094 ], [ 2344707.814285232219845, 2467115.056622283067554 ], [ 2344675.565083826892078, 2467115.056622283067554 ], [ 2344643.31588242109865, 2467082.807059364393353 ], [ 2344611.066681015770882, 2467082.807059364393353 ], [ 2344546.567606247961521, 2467050.558168409392238 ], [ 2344514.318404842633754, 2467082.807059364393353 ], [ 2344449.820002031512558, 2467082.807059364393353 ], [ 2344417.57080062571913, 2467115.056622283067554 ], [ 2344385.321599220391363, 2467147.306185201276094 ], [ 2344320.822524453047663, 2467147.306185201276094 ], [ 2344256.324121641926467, 2467147.306185201276094 ], [ 2344224.074920236133039, 2467115.056622283067554 ], [ 2344159.575845468789339, 2467082.807059364393353 ], [ 2344127.326644062995911, 2467082.807059364393353 ], [ 2344095.077442657668144, 2467082.807059364393353 ], [ 2344030.578367889858782, 2467082.807059364393353 ], [ 2343998.329166484531015, 2467050.558168409392238 ], [ 2343966.079965078737587, 2467018.308605490718037 ], [ 2343933.83076367340982, 2466986.059042572509497 ], [ 2343901.581562267616391, 2466953.809479653835297 ], [ 2343837.082487500272691, 2466921.560588698834181 ], [ 2343708.0856818780303, 2466921.560588698834181 ], [ 2343611.337405704893172, 2466889.31102578015998 ], [ 2343579.088204299565405, 2466889.31102578015998 ], [ 2343514.589129532221705, 2466857.061462861951441 ], [ 2343482.339928126428276, 2466857.061462861951441 ], [ 2343417.841525315307081, 2466792.563008988276124 ], [ 2343321.093249142169952, 2466728.063883151393384 ], [ 2343256.594846331048757, 2466663.565429277718067 ], [ 2343159.84657015837729, 2466599.066303440369666 ], [ 2343063.098965941462666, 2466534.56784956716001 ], [ 2343030.849764536134899, 2466502.31828664848581 ], [ 2342966.350689768325537, 2466470.068723729811609 ], [ 2342901.852286957204342, 2466437.819832775276154 ], [ 2342837.353884146083146, 2466373.320706937927753 ], [ 2342805.104010784067214, 2466276.572690146043897 ], [ 2342772.854809378739446, 2466244.323127227369696 ], [ 2342772.854809378739446, 2466179.824673354160041 ], [ 2342805.104010784067214, 2466115.325547516811639 ], [ 2342805.104010784067214, 2466018.577530724927783 ], [ 2342805.104010784067214, 2465954.079076851718128 ], [ 2342869.603085551876575, 2465857.330388095695525 ], [ 2342901.852286957204342, 2465825.081497141160071 ], [ 2342934.10148836299777, 2465760.582371303811669 ], [ 2342934.10148836299777, 2465696.083917430602014 ], [ 2342934.10148836299777, 2465663.834354511927813 ], [ 2342966.350689768325537, 2465599.335900638718158 ], [ 2343030.849764536134899, 2465502.587211882695556 ], [ 2343095.348167346790433, 2465438.0887580094859 ], [ 2343159.84657015837729, 2465341.340741217602044 ], [ 2343224.34564492572099, 2465276.841615380253643 ], [ 2343256.594846331048757, 2465212.343161506578326 ], [ 2343256.594846331048757, 2465147.844035669695586 ], [ 2343288.844047736842185, 2465051.09601887781173 ], [ 2343288.844047736842185, 2464954.348002085462213 ], [ 2343288.844047736842185, 2464857.599985293578357 ], [ 2343288.844047736842185, 2464825.350422374904156 ], [ 2343288.844047736842185, 2464760.8519685016945 ], [ 2343288.844047736842185, 2464728.6024055830203 ], [ 2343256.594846331048757, 2464631.854388791136444 ], [ 2343224.34564492572099, 2464502.856809080578387 ], [ 2343192.096443519927561, 2464406.108792288694531 ], [ 2343159.84657015837729, 2464309.360103532671928 ], [ 2343127.597368752583861, 2464212.612086740788072 ], [ 2343095.348167346790433, 2464115.864069948904216 ], [ 2342998.599891174118966, 2463954.616927319671959 ], [ 2342934.10148836299777, 2463857.868910527788103 ], [ 2342837.353884146083146, 2463728.871330817230046 ], [ 2342740.605607972946018, 2463664.372876944020391 ], [ 2342740.605607972946018, 2463535.375297233462334 ], [ 2342385.863048599101603, 2463535.375297233462334 ], [ 2342385.863048599101603, 2464115.864069948904216 ], [ 2341708.627131257206202, 2464083.614507030230016 ], [ 2341708.627131257206202, 2464019.11605315702036 ], [ 2341708.627131257206202, 2463793.370456654578447 ], [ 2341644.128728446085006, 2463825.619347609113902 ], [ 2341547.380452272947878, 2463825.619347609113902 ], [ 2341386.133773288689554, 2463793.370456654578447 ], [ 2341257.136295710224658, 2463761.120893735904247 ], [ 2341095.889616725966334, 2463696.621767898555845 ], [ 2340999.14201250905171, 2463664.372876944020391 ], [ 2340966.892811103723943, 2463632.12331402534619 ], [ 2340837.895333525259048, 2463567.624188187997788 ], [ 2340708.897855946328491, 2463503.125734314788133 ], [ 2340579.900378367863595, 2463438.627280441112816 ], [ 2340483.152774151414633, 2463341.878591685555875 ], [ 2340418.654371340293437, 2463277.38013781234622 ], [ 2340354.155296572484076, 2463212.881011974997818 ], [ 2340257.407692356035113, 2463148.382558101322502 ], [ 2340192.908617588691413, 2463051.634541309438646 ], [ 2340096.161013371776789, 2462954.88652451755479 ], [ 2340031.661938604433089, 2462890.387398680206388 ], [ 2339999.412737198639661, 2462858.137835761997849 ], [ 2340031.661938604433089, 2462858.137835761997849 ], [ 2340063.911140009760857, 2462825.888944806996733 ], [ 2340160.659416182897985, 2462761.389818969648331 ], [ 2340225.157818994019181, 2462729.140256051439792 ], [ 2340257.407692356035113, 2462696.891365096438676 ], [ 2340289.65689376136288, 2462696.891365096438676 ], [ 2340321.906095167156309, 2462664.641802177764475 ], [ 2340354.155296572484076, 2462664.641802177764475 ], [ 2340386.404497978277504, 2462632.392239259090275 ], [ 2340418.654371340293437, 2462600.14334830455482 ], [ 2340450.903572745621204, 2462600.14334830455482 ], [ 2340483.152774151414633, 2462567.893785385880619 ], [ 2340515.4019755567424, 2462567.893785385880619 ], [ 2340547.651176962535828, 2462535.644222467206419 ], [ 2340579.900378367863595, 2462535.644222467206419 ], [ 2340612.150251729879528, 2462535.644222467206419 ], [ 2340612.150251729879528, 2462503.394659548532218 ], [ 2340612.150251729879528, 2462471.145768593996763 ], [ 2340612.150251729879528, 2462438.896205675322562 ], [ 2340612.150251729879528, 2462245.399500127416104 ], [ 2340612.150251729879528, 2462180.901046254206449 ], [ 2340612.150251729879528, 2462116.402592380996794 ], [ 2340612.150251729879528, 2461955.155449751764536 ], [ 2340612.150251729879528, 2461858.40743295988068 ], [ 2340612.150251729879528, 2461729.409853249322623 ], [ 2340612.150251729879528, 2461632.661836456973106 ], [ 2340612.150251729879528, 2461600.412273538764566 ], [ 2340644.399453135207295, 2461535.913147701416165 ], [ 2340644.399453135207295, 2461406.915567990858108 ], [ 2340644.399453135207295, 2461148.921080533415079 ], [ 2340644.399453135207295, 2461116.671517614740878 ], [ 2340644.399453135207295, 2461052.172391777858138 ], [ 2340676.648654541000724, 2460923.174812067300081 ], [ 2340676.648654541000724, 2460890.925921112298965 ], [ 2340676.648654541000724, 2460761.928341401740909 ], [ 2340676.648654541000724, 2460632.930761691182852 ], [ 2340676.648654541000724, 2460568.43163585383445 ], [ 2340676.648654541000724, 2460374.935602270066738 ], [ 2340676.648654541000724, 2460116.940442848950624 ], [ 2340708.897855946328491, 2459987.942863138392568 ], [ 2340708.897855946328491, 2459858.945283427834511 ], [ 2340708.897855946328491, 2459794.446829554624856 ], [ 2340708.897855946328491, 2459665.449249844066799 ], [ 2340708.897855946328491, 2459600.950124006718397 ], [ 2340708.897855946328491, 2459407.454090422950685 ], [ 2340708.897855946328491, 2459213.958056838717312 ], [ 2340708.897855946328491, 2459084.960477128159255 ], [ 2340708.897855946328491, 2458955.962897417601198 ], [ 2340741.147057352121919, 2458923.713334498926997 ], [ 2340773.396930714137852, 2458923.713334498926997 ], [ 2340805.646132119465619, 2458923.713334498926997 ], [ 2341063.640415320172906, 2458923.713334498926997 ], [ 2341224.88709430443123, 2458955.962897417601198 ], [ 2341289.386169072240591, 2458955.962897417601198 ], [ 2341321.635370477568358, 2458923.713334498926997 ], [ 2343030.849764536134899, 2458955.962897417601198 ], [ 2343321.093249142169952, 2458988.212460336275399 ], [ 2343288.844047736842185, 2458859.214880625717342 ], [ 2344127.326644062995911, 2458568.970158285927027 ], [ 2344417.57080062571913, 2458472.222141494043171 ], [ 2344836.811762810684741, 2458407.72301565669477 ], [ 2344869.060964216478169, 2458407.72301565669477 ], [ 2344869.060964216478169, 2458343.224561783485115 ], [ 2344836.811762810684741, 2458310.974998864810914 ], [ 2344869.060964216478169, 2458310.974998864810914 ], [ 2344869.060964216478169, 2458278.725435946136713 ], [ 2344869.060964216478169, 2458246.476544991601259 ], [ 2344869.060964216478169, 2458214.226982072927058 ], [ 2344869.060964216478169, 2458149.728528199717402 ], [ 2344869.060964216478169, 2458117.478965281043202 ], [ 2344869.060964216478169, 2458085.229402362369001 ], [ 2344836.811762810684741, 2458052.9798394436948 ], [ 2344836.811762810684741, 2457988.481385570485145 ], [ 2344804.562561405356973, 2457956.231822651810944 ], [ 2344772.313359999563545, 2457923.982259733136743 ], [ 2344740.064158594235778, 2457859.483805859927088 ], [ 2344707.814285232219845, 2457794.985351986251771 ], [ 2344611.066681015770882, 2457665.987772275693715 ], [ 2344611.066681015770882, 2457633.738209357019514 ], [ 2344578.817479609977454, 2457601.488646438810974 ], [ 2344514.318404842633754, 2457504.740629646461457 ], [ 2344449.820002031512558, 2457343.493487017229199 ], [ 2344417.57080062571913, 2457311.244596062693745 ], [ 2344385.321599220391363, 2457278.995033144019544 ], [ 2344385.321599220391363, 2457246.745470225345343 ], [ 2344320.822524453047663, 2457117.747890514787287 ], [ 2344224.074920236133039, 2456956.500747885555029 ], [ 2344191.825046874117106, 2456924.251856931019574 ], [ 2344127.326644062995911, 2456730.755151383113116 ], [ 2344095.077442657668144, 2456601.757571672555059 ], [ 2344030.578367889858782, 2456440.511101007461548 ], [ 2343933.83076367340982, 2456182.515941586345434 ], [ 2343837.082487500272691, 2455892.27121924655512 ], [ 2344578.817479609977454, 2455666.525622744113207 ], [ 2344804.562561405356973, 2455602.02716887043789 ], [ 2345159.305120779201388, 2455473.029589159879833 ], [ 2345159.305120779201388, 2455440.780026241205633 ], [ 2345127.05591937340796, 2455440.780026241205633 ], [ 2345127.05591937340796, 2455376.281572367995977 ], [ 2345094.806717968080193, 2455376.281572367995977 ], [ 2345094.806717968080193, 2455344.032009449321777 ], [ 2345094.806717968080193, 2455279.532883611973375 ], [ 2345062.55684460606426, 2455247.283992657437921 ], [ 2345062.55684460606426, 2455215.03442973876372 ], [ 2345062.55684460606426, 2455182.784866820089519 ], [ 2345062.55684460606426, 2455150.535975865554065 ], [ 2345094.806717968080193, 2455118.286412946879864 ], [ 2345159.305120779201388, 2455118.286412946879864 ], [ 2345159.305120779201388, 2455053.787287109531462 ], [ 2345159.305120779201388, 2455021.538396154996008 ], [ 2345159.305120779201388, 2454989.288833236321807 ], [ 2345127.05591937340796, 2454989.288833236321807 ], [ 2345094.806717968080193, 2454957.039270317647606 ], [ 2345094.806717968080193, 2454924.789707398973405 ], [ 2345062.55684460606426, 2454924.789707398973405 ], [ 2345062.55684460606426, 2454892.540816444437951 ], [ 2345030.307643200736493, 2454892.540816444437951 ], [ 2344998.058441794943064, 2454860.29125352576375 ], [ 2344965.809240389615297, 2454828.041690607089549 ], [ 2344965.809240389615297, 2454795.792127688415349 ], [ 2344933.560038983821869, 2454795.792127688415349 ], [ 2344933.560038983821869, 2454763.543236733879894 ], [ 2344933.560038983821869, 2454731.293673815205693 ], [ 2344933.560038983821869, 2454699.044110896531492 ], [ 2344933.560038983821869, 2454602.296094104647636 ], [ 2344933.560038983821869, 2454537.797640231437981 ], [ 2344933.560038983821869, 2454473.29851439408958 ], [ 2344933.560038983821869, 2454441.048951475415379 ], [ 2344901.310837578494102, 2454441.048951475415379 ], [ 2344901.310837578494102, 2454408.800060520879924 ], [ 2344869.060964216478169, 2454376.550497602205724 ], [ 2344772.313359999563545, 2454215.303354972973466 ], [ 2344772.313359999563545, 2454183.05446401797235 ], [ 2344740.064158594235778, 2454150.804901099763811 ], [ 2344707.814285232219845, 2454118.55533818108961 ], [ 2344643.31588242109865, 2454086.305775262415409 ], [ 2344611.066681015770882, 2454086.305775262415409 ], [ 2344611.066681015770882, 2454054.056884307414293 ], [ 2344611.066681015770882, 2453989.557758470531553 ], [ 2344578.817479609977454, 2453989.557758470531553 ], [ 2344578.817479609977454, 2453957.308195551857352 ], [ 2344578.817479609977454, 2453925.059304596856236 ], [ 2344546.567606247961521, 2453892.809741678182036 ], [ 2344482.069203436840326, 2453860.560178759973496 ], [ 2344449.820002031512558, 2453860.560178759973496 ], [ 2344385.321599220391363, 2453860.560178759973496 ], [ 2344353.07172585837543, 2453860.560178759973496 ], [ 2344320.822524453047663, 2453860.560178759973496 ], [ 2344320.822524453047663, 2453828.31128780497238 ], [ 2344288.573323047254235, 2453828.31128780497238 ], [ 2344288.573323047254235, 2453796.06172488629818 ], [ 2344256.324121641926467, 2453763.812161967623979 ], [ 2344224.074920236133039, 2453731.562599049415439 ], [ 2344191.825046874117106, 2453699.313708094414324 ], [ 2344159.575845468789339, 2453699.313708094414324 ], [ 2344127.326644062995911, 2453667.064145175740123 ], [ 2344095.077442657668144, 2453602.565019338857383 ], [ 2344062.828241251874715, 2453602.565019338857383 ], [ 2344030.578367889858782, 2453570.316128383856267 ], [ 2343966.079965078737587, 2453538.066565465182066 ], [ 2343804.833286094944924, 2453505.817002546507865 ], [ 2343804.833286094944924, 2453473.567439628299326 ], [ 2343804.833286094944924, 2453441.31854867329821 ], [ 2343772.584084689151496, 2453409.068985754624009 ], [ 2343772.584084689151496, 2453376.819422835949808 ], [ 2343740.334883283823729, 2453344.570531881414354 ], [ 2343708.0856818780303, 2453344.570531881414354 ], [ 2343708.0856818780303, 2453312.320968962740153 ], [ 2343675.835808516014367, 2453280.071406044065952 ], [ 2343643.5866071106866, 2453280.071406044065952 ], [ 2343611.337405704893172, 2453247.821843125391752 ], [ 2343546.839002893771976, 2453247.821843125391752 ], [ 2343514.589129532221705, 2453247.821843125391752 ], [ 2343514.589129532221705, 2453215.572952170856297 ], [ 2343482.339928126428276, 2453215.572952170856297 ], [ 2343482.339928126428276, 2453183.323389252182096 ], [ 2343482.339928126428276, 2453151.073826333507895 ], [ 2343417.841525315307081, 2453151.073826333507895 ], [ 2343385.592323909979314, 2453118.824263414833695 ], [ 2343353.343122504185885, 2453086.57537246029824 ], [ 2343321.093249142169952, 2453054.325809541624039 ], [ 2343288.844047736842185, 2453054.325809541624039 ], [ 2343288.844047736842185, 2453022.076246622949839 ], [ 2343256.594846331048757, 2453022.076246622949839 ], [ 2343256.594846331048757, 2452989.826683704275638 ], [ 2343224.34564492572099, 2452989.826683704275638 ], [ 2343192.096443519927561, 2452925.328229831065983 ], [ 2343159.84657015837729, 2452893.078666912391782 ], [ 2343127.597368752583861, 2452893.078666912391782 ], [ 2343063.098965941462666, 2452860.829775957856327 ], [ 2343030.849764536134899, 2452860.829775957856327 ], [ 2342998.599891174118966, 2452860.829775957856327 ], [ 2342998.599891174118966, 2452828.580213039182127 ], [ 2342934.10148836299777, 2452796.330650120507926 ], [ 2342934.10148836299777, 2452764.081087201833725 ], [ 2342901.852286957204342, 2452764.081087201833725 ], [ 2342869.603085551876575, 2452764.081087201833725 ], [ 2342837.353884146083146, 2452764.081087201833725 ], [ 2342772.854809378739446, 2452731.83219624729827 ], [ 2342740.605607972946018, 2452699.58263332862407 ], [ 2342708.356406567618251, 2452699.58263332862407 ], [ 2342676.107205161824822, 2452667.333070409949869 ], [ 2342676.107205161824822, 2452602.834616536740214 ], [ 2342643.857331800274551, 2452570.585053618066013 ], [ 2342611.608130394481122, 2452538.335490699391812 ], [ 2342579.358928989153355, 2452506.086599744390696 ], [ 2342547.109727583359927, 2452506.086599744390696 ], [ 2342514.86052617803216, 2452506.086599744390696 ], [ 2342482.611324772238731, 2452473.837036826182157 ], [ 2342450.361451410222799, 2452409.337910988833755 ], [ 2342418.112250004895031, 2452377.089020033832639 ], [ 2342418.112250004895031, 2452312.589894196949899 ], [ 2342418.112250004895031, 2452248.091440323274583 ], [ 2342418.112250004895031, 2452183.592314486391842 ], [ 2342418.112250004895031, 2452119.093860612716526 ], [ 2342385.863048599101603, 2452022.34584382083267 ], [ 2342385.863048599101603, 2451957.846717983484268 ], [ 2342385.863048599101603, 2451925.597155065275729 ], [ 2342353.613847193773836, 2451893.348264110274613 ], [ 2342353.613847193773836, 2451861.098701191600412 ], [ 2342321.364645787980407, 2451861.098701191600412 ], [ 2342289.114772425964475, 2451861.098701191600412 ], [ 2342224.61636961530894, 2451893.348264110274613 ], [ 2342192.367168209515512, 2451893.348264110274613 ], [ 2342160.117966804187745, 2451893.348264110274613 ], [ 2342127.868093442171812, 2451861.098701191600412 ], [ 2342095.618892036378384, 2451828.849138272926211 ], [ 2342063.369690631050617, 2451828.849138272926211 ], [ 2342031.120489225257188, 2451828.849138272926211 ], [ 2341998.871287819929421, 2451828.849138272926211 ], [ 2341934.37221305212006, 2451796.599575354717672 ], [ 2341902.123011646792293, 2451796.599575354717672 ], [ 2341869.873810240998864, 2451764.350684399716556 ], [ 2341837.624608835671097, 2451764.350684399716556 ], [ 2341837.624608835671097, 2451732.101121481042355 ], [ 2341805.375407429877669, 2451699.851558562368155 ], [ 2341805.375407429877669, 2451667.601995644159615 ], [ 2341773.125534068327397, 2451667.601995644159615 ], [ 2341773.125534068327397, 2451635.353104689158499 ], [ 2341740.876332662533969, 2451603.103541770484298 ], [ 2341740.876332662533969, 2451570.853978851810098 ], [ 2341740.876332662533969, 2451506.355524978600442 ], [ 2341740.876332662533969, 2451409.607508186716586 ], [ 2341708.627131257206202, 2451377.357945268042386 ], [ 2341708.627131257206202, 2451345.108382349368185 ], [ 2341676.377929851412773, 2451312.858819430693984 ], [ 2341676.377929851412773, 2451280.60992847615853 ], [ 2341644.128728446085006, 2451280.60992847615853 ], [ 2341644.128728446085006, 2451248.360365557484329 ], [ 2341644.128728446085006, 2451216.110802638810128 ], [ 2341611.878855084069073, 2451216.110802638810128 ], [ 2341515.131250867154449, 2451216.110802638810128 ], [ 2341482.882049461826682, 2451151.612348765600473 ], [ 2341482.882049461826682, 2451119.362785846926272 ], [ 2341450.632848056033254, 2451087.113222928252071 ], [ 2341450.632848056033254, 2451054.864331973716617 ], [ 2341418.382974694482982, 2451022.614769055042416 ], [ 2341386.133773288689554, 2451022.614769055042416 ], [ 2341386.133773288689554, 2450990.365206136368215 ], [ 2341353.884571883361787, 2450990.365206136368215 ], [ 2341353.884571883361787, 2450958.115643217694014 ], [ 2341321.635370477568358, 2450958.115643217694014 ], [ 2341321.635370477568358, 2450925.86675226315856 ], [ 2341289.386169072240591, 2450925.86675226315856 ], [ 2341257.136295710224658, 2450925.86675226315856 ], [ 2341257.136295710224658, 2450958.115643217694014 ], [ 2341224.88709430443123, 2450958.115643217694014 ], [ 2341224.88709430443123, 2450990.365206136368215 ], [ 2341192.637892899103463, 2450990.365206136368215 ], [ 2341160.388691493310034, 2450990.365206136368215 ], [ 2341128.139490087982267, 2450990.365206136368215 ], [ 2341128.139490087982267, 2451022.614769055042416 ], [ 2341095.889616725966334, 2451022.614769055042416 ], [ 2341095.889616725966334, 2450990.365206136368215 ], [ 2341063.640415320172906, 2450990.365206136368215 ], [ 2341031.391213914845139, 2451022.614769055042416 ], [ 2340999.14201250905171, 2451022.614769055042416 ], [ 2340966.892811103723943, 2451022.614769055042416 ], [ 2340966.892811103723943, 2451054.864331973716617 ], [ 2340934.643609697930515, 2451054.864331973716617 ], [ 2340934.643609697930515, 2451087.113222928252071 ], [ 2340902.393736336380243, 2451087.113222928252071 ], [ 2340870.144534930586815, 2451087.113222928252071 ], [ 2340870.144534930586815, 2451119.362785846926272 ], [ 2340837.895333525259048, 2451119.362785846926272 ], [ 2340805.646132119465619, 2451119.362785846926272 ], [ 2340773.396930714137852, 2451119.362785846926272 ], [ 2340741.147057352121919, 2451119.362785846926272 ], [ 2340708.897855946328491, 2451119.362785846926272 ], [ 2340676.648654541000724, 2451119.362785846926272 ], [ 2340676.648654541000724, 2451151.612348765600473 ], [ 2340644.399453135207295, 2451151.612348765600473 ], [ 2340612.150251729879528, 2451151.612348765600473 ], [ 2340579.900378367863595, 2451151.612348765600473 ], [ 2340579.900378367863595, 2451119.362785846926272 ], [ 2340547.651176962535828, 2451119.362785846926272 ], [ 2340547.651176962535828, 2451151.612348765600473 ], [ 2340515.4019755567424, 2451151.612348765600473 ], [ 2340515.4019755567424, 2451183.861911684274673 ], [ 2340483.152774151414633, 2451183.861911684274673 ], [ 2340450.903572745621204, 2451151.612348765600473 ], [ 2340450.903572745621204, 2450925.86675226315856 ], [ 2340418.654371340293437, 2450861.367626425810158 ], [ 2340418.654371340293437, 2450829.118063507135957 ], [ 2340418.654371340293437, 2450796.869172552600503 ], [ 2340418.654371340293437, 2450700.121155760716647 ], [ 2340386.404497978277504, 2450506.624450212810189 ], [ 2340354.155296572484076, 2450280.878853710368276 ], [ 2340354.155296572484076, 2450055.133257207460701 ], [ 2340321.906095167156309, 2449797.138097786344588 ], [ 2340289.65689376136288, 2449571.392501283902675 ], [ 2340192.908617588691413, 2448732.908569147344679 ], [ 2340096.161013371776789, 2447926.674199928995222 ], [ 2340128.410214777570218, 2447926.674199928995222 ], [ 2340096.161013371776789, 2447926.674199928995222 ], [ 2340063.911140009760857, 2446733.447091578971595 ], [ 2339773.667655403260142, 2444733.984942047391087 ] ] } },
{ "type": "Feature", "properties": { }, "geometry": { "type": "LineString", "coordinates": [ [ 2351125.430899280589074, 2437445.624712237156928 ], [ 2351318.926779670175165, 2437993.863922034390271 ], [ 2351383.42518248129636, 2438219.609518536832184 ], [ 2351351.175981075968593, 2438219.609518536832184 ], [ 2351060.931824512779713, 2438251.859081455506384 ], [ 2350899.68514552898705, 2438284.108644374180585 ], [ 2350706.189265138935298, 2438316.358207292854786 ], [ 2350383.695907170884311, 2438348.60709824739024 ], [ 2350157.950825375504792, 2438380.856661166064441 ], [ 2349996.704146391246468, 2438413.106224084738642 ], [ 2349964.454944985918701, 2438413.106224084738642 ], [ 2349867.706668812781572, 2438445.355787003412843 ], [ 2348835.728192096576095, 2438606.602257668506354 ], [ 2348771.229789285454899, 2438606.602257668506354 ], [ 2348706.731386474333704, 2438606.602257668506354 ], [ 2348609.983110301196575, 2438638.851820587180555 ], [ 2348545.48470749007538, 2438671.101383505854756 ], [ 2348480.98563272273168, 2438671.101383505854756 ], [ 2348448.736431317403913, 2438703.35027446039021 ], [ 2348384.238028506282717, 2438703.35027446039021 ], [ 2348190.742148116230965, 2438735.599837379064411 ], [ 2347964.996394364628941, 2438767.849400297738612 ], [ 2347932.747192959301174, 2438767.849400297738612 ], [ 2347868.248790148179978, 2438767.849400297738612 ], [ 2347803.749715380370617, 2438767.849400297738612 ], [ 2347739.251312569249421, 2438767.849400297738612 ], [ 2347707.002111163921654, 2438767.849400297738612 ], [ 2347642.503036396577954, 2438767.849400297738612 ], [ 2347158.763671400025487, 2438832.347854170948267 ], [ 2346933.017917648423463, 2438864.597417089622468 ], [ 2346320.281075073871762, 2438961.345433881971985 ], [ 2345481.798478747718036, 2439090.343013592530042 ], [ 2345417.300075936596841, 2439090.343013592530042 ], [ 2345352.801001168787479, 2439090.343013592530042 ], [ 2345288.302598357666284, 2439058.093450673855841 ], [ 2345256.053396952338517, 2439025.844559718854725 ], [ 2345191.554322184994817, 2438993.594996800180525 ], [ 2343837.082487500272691, 2437993.863922034390271 ], [ 2343804.833286094944924, 2437961.615031079854816 ], [ 2343772.584084689151496, 2437929.365468161180615 ], [ 2343740.334883283823729, 2437897.115905242506415 ], [ 2343063.098965941462666, 2437993.863922034390271 ], [ 2342095.618892036378384, 2438122.861501744948328 ], [ 2341031.391213914845139, 2438284.108644374180585 ], [ 2339160.930140872485936, 2438574.352694749832153 ], [ 2339354.426021262072027, 2439025.844559718854725 ], [ 2339451.174297435209155, 2439187.091030384413898 ], [ 2339483.423498840536922, 2439316.088610094971955 ], [ 2339515.672700246330351, 2439348.338173013646156 ], [ 2339547.922573608346283, 2439380.587735932320356 ], [ 2339580.171775013674051, 2439412.836626886855811 ], [ 2339644.670177824795246, 2439477.335752724204212 ], [ 2339709.168580635916442, 2439541.834206597413868 ], [ 2339741.418453997932374, 2439574.083769516088068 ], [ 2339805.91685680905357, 2439606.333332434762269 ], [ 2339902.665132982190698, 2439703.081349226646125 ], [ 2340031.661938604433089, 2439767.580475063994527 ], [ 2340096.161013371776789, 2439832.078928937204182 ], [ 2340128.410214777570218, 2439864.328491855878383 ], [ 2340257.407692356035113, 2440025.574962520971894 ], [ 2340289.65689376136288, 2440057.824525439646095 ], [ 2340257.407692356035113, 2440057.824525439646095 ], [ 2339096.43173806136474, 2440251.320559023413807 ], [ 2339096.43173806136474, 2440315.819684860762209 ], [ 2339225.429215639829636, 2441057.555600205436349 ], [ 2339515.672700246330351, 2443476.259379824157804 ], [ 2339515.672700246330351, 2443508.508270778693259 ], [ 2339547.922573608346283, 2443540.75783369736746 ], [ 2339547.922573608346283, 2443573.00739661604166 ], [ 2339580.171775013674051, 2443637.505850489251316 ], [ 2339580.171775013674051, 2443702.004976326599717 ], [ 2339580.171775013674051, 2443766.503430199809372 ], [ 2339580.171775013674051, 2443798.752993118483573 ], [ 2339580.171775013674051, 2443863.251446991693228 ], [ 2339612.420976419467479, 2443863.251446991693228 ], [ 2339612.420976419467479, 2443927.75057282904163 ], [ 2339612.420976419467479, 2443992.249026702251285 ], [ 2339612.420976419467479, 2444024.498589620925486 ], [ 2339644.670177824795246, 2444056.748152539599687 ], [ 2339676.919379230588675, 2444088.997715458273888 ], [ 2339709.168580635916442, 2444121.246606412809342 ], [ 2339709.168580635916442, 2444153.496169331483543 ], [ 2339709.168580635916442, 2444217.994623205158859 ], [ 2339709.168580635916442, 2444282.4937490420416 ], [ 2339709.168580635916442, 2444346.992202915716916 ], [ 2339741.418453997932374, 2444379.241765833925456 ], [ 2339741.418453997932374, 2444443.740891671273857 ], [ 2339741.418453997932374, 2444475.989782626274973 ], [ 2339741.418453997932374, 2444508.239345544483513 ], [ 2339741.418453997932374, 2444572.738471381831914 ], [ 2339741.418453997932374, 2444604.98736233683303 ], [ 2339773.667655403260142, 2444637.236925255041569 ], [ 2339773.667655403260142, 2444669.48648817371577 ], [ 2339773.667655403260142, 2444733.984942047391087 ], [ 2340063.911140009760857, 2446733.447091578971595 ], [ 2340096.161013371776789, 2447926.674199928995222 ], [ 2340128.410214777570218, 2447926.674199928995222 ], [ 2340096.161013371776789, 2447926.674199928995222 ], [ 2340192.908617588691413, 2448732.908569147344679 ], [ 2340289.65689376136288, 2449571.392501283902675 ], [ 2340321.906095167156309, 2449797.138097786344588 ], [ 2340354.155296572484076, 2450055.133257207460701 ], [ 2340354.155296572484076, 2450280.878853710368276 ], [ 2340386.404497978277504, 2450506.624450212810189 ], [ 2340418.654371340293437, 2450700.121155760716647 ], [ 2340418.654371340293437, 2450796.869172552600503 ], [ 2340418.654371340293437, 2450829.118063507135957 ], [ 2340418.654371340293437, 2450861.367626425810158 ], [ 2340450.903572745621204, 2450925.86675226315856 ], [ 2340450.903572745621204, 2451151.612348765600473 ], [ 2340483.152774151414633, 2451183.861911684274673 ], [ 2340515.4019755567424, 2451183.861911684274673 ], [ 2340515.4019755567424, 2451151.612348765600473 ], [ 2340547.651176962535828, 2451151.612348765600473 ], [ 2340547.651176962535828, 2451119.362785846926272 ], [ 2340579.900378367863595, 2451119.362785846926272 ], [ 2340579.900378367863595, 2451151.612348765600473 ], [ 2340612.150251729879528, 2451151.612348765600473 ], [ 2340644.399453135207295, 2451151.612348765600473 ], [ 2340676.648654541000724, 2451151.612348765600473 ], [ 2340676.648654541000724, 2451119.362785846926272 ], [ 2340708.897855946328491, 2451119.362785846926272 ], [ 2340741.147057352121919, 2451119.362785846926272 ], [ 2340773.396930714137852, 2451119.362785846926272 ], [ 2340805.646132119465619, 2451119.362785846926272 ], [ 2340837.895333525259048, 2451119.362785846926272 ], [ 2340870.144534930586815, 2451119.362785846926272 ], [ 2340870.144534930586815, 2451087.113222928252071 ], [ 2340902.393736336380243, 2451087.113222928252071 ], [ 2340934.643609697930515, 2451087.113222928252071 ], [ 2340934.643609697930515, 2451054.864331973716617 ], [ 2340966.892811103723943, 2451054.864331973716617 ], [ 2340966.892811103723943, 2451022.614769055042416 ], [ 2340999.14201250905171, 2451022.614769055042416 ], [ 2341031.391213914845139, 2451022.614769055042416 ], [ 2341063.640415320172906, 2450990.365206136368215 ], [ 2341095.889616725966334, 2450990.365206136368215 ], [ 2341095.889616725966334, 2451022.614769055042416 ], [ 2341128.139490087982267, 2451022.614769055042416 ], [ 2341128.139490087982267, 2450990.365206136368215 ], [ 2341160.388691493310034, 2450990.365206136368215 ], [ 2341192.637892899103463, 2450990.365206136368215 ], [ 2341224.88709430443123, 2450990.365206136368215 ], [ 2341224.88709430443123, 2450958.115643217694014 ], [ 2341257.136295710224658, 2450958.115643217694014 ], [ 2341257.136295710224658, 2450925.86675226315856 ], [ 2341289.386169072240591, 2450925.86675226315856 ], [ 2341321.635370477568358, 2450925.86675226315856 ], [ 2341321.635370477568358, 2450958.115643217694014 ], [ 2341353.884571883361787, 2450958.115643217694014 ], [ 2341353.884571883361787, 2450990.365206136368215 ], [ 2341386.133773288689554, 2450990.365206136368215 ], [ 2341386.133773288689554, 2451022.614769055042416 ], [ 2341418.382974694482982, 2451022.614769055042416 ], [ 2341450.632848056033254, 2451054.864331973716617 ], [ 2341450.632848056033254, 2451087.113222928252071 ], [ 2341482.882049461826682, 2451119.362785846926272 ], [ 2341482.882049461826682, 2451151.612348765600473 ], [ 2341515.131250867154449, 2451216.110802638810128 ], [ 2341611.878855084069073, 2451216.110802638810128 ], [ 2341644.128728446085006, 2451216.110802638810128 ], [ 2341644.128728446085006, 2451248.360365557484329 ], [ 2341644.128728446085006, 2451280.60992847615853 ], [ 2341676.377929851412773, 2451280.60992847615853 ], [ 2341676.377929851412773, 2451312.858819430693984 ], [ 2341708.627131257206202, 2451345.108382349368185 ], [ 2341708.627131257206202, 2451377.357945268042386 ], [ 2341740.876332662533969, 2451409.607508186716586 ], [ 2341740.876332662533969, 2451506.355524978600442 ], [ 2341740.876332662533969, 2451570.853978851810098 ], [ 2341740.876332662533969, 2451603.103541770484298 ], [ 2341773.125534068327397, 2451635.353104689158499 ], [ 2341773.125534068327397, 2451667.601995644159615 ], [ 2341805.375407429877669, 2451667.601995644159615 ], [ 2341805.375407429877669, 2451699.851558562368155 ], [ 2341837.624608835671097, 2451732.101121481042355 ], [ 2341837.624608835671097, 2451764.350684399716556 ], [ 2341869.873810240998864, 2451764.350684399716556 ], [ 2341902.123011646792293, 2451796.599575354717672 ], [ 2341934.37221305212006, 2451796.599575354717672 ], [ 2341998.871287819929421, 2451828.849138272926211 ], [ 2342031.120489225257188, 2451828.849138272926211 ], [ 2342063.369690631050617, 2451828.849138272926211 ], [ 2342095.618892036378384, 2451828.849138272926211 ], [ 2342127.868093442171812, 2451861.098701191600412 ], [ 2342160.117966804187745, 2451893.348264110274613 ], [ 2342192.367168209515512, 2451893.348264110274613 ], [ 2342224.61636961530894, 2451893.348264110274613 ], [ 2342289.114772425964475, 2451861.098701191600412 ], [ 2342321.364645787980407, 2451861.098701191600412 ], [ 2342353.613847193773836, 2451861.098701191600412 ], [ 2342353.613847193773836, 2451893.348264110274613 ], [ 2342385.863048599101603, 2451925.597155065275729 ], [ 2342385.863048599101603, 2451957.846717983484268 ], [ 2342385.863048599101603, 2452022.34584382083267 ], [ 2342418.112250004895031, 2452119.093860612716526 ], [ 2342418.112250004895031, 2452183.592314486391842 ], [ 2342418.112250004895031, 2452248.091440323274583 ], [ 2342418.112250004895031, 2452312.589894196949899 ], [ 2342418.112250004895031, 2452377.089020033832639 ], [ 2342450.361451410222799, 2452409.337910988833755 ], [ 2342482.611324772238731, 2452473.837036826182157 ], [ 2342514.86052617803216, 2452506.086599744390696 ], [ 2342547.109727583359927, 2452506.086599744390696 ], [ 2342579.358928989153355, 2452506.086599744390696 ], [ 2342611.608130394481122, 2452538.335490699391812 ], [ 2342643.857331800274551, 2452570.585053618066013 ], [ 2342676.107205161824822, 2452602.834616536740214 ], [ 2342676.107205161824822, 2452667.333070409949869 ], [ 2342708.356406567618251, 2452699.58263332862407 ], [ 2342740.605607972946018, 2452699.58263332862407 ], [ 2342772.854809378739446, 2452731.83219624729827 ], [ 2342837.353884146083146, 2452764.081087201833725 ], [ 2342869.603085551876575, 2452764.081087201833725 ], [ 2342901.852286957204342, 2452764.081087201833725 ], [ 2342934.10148836299777, 2452764.081087201833725 ], [ 2342934.10148836299777, 2452796.330650120507926 ], [ 2342998.599891174118966, 2452828.580213039182127 ], [ 2342998.599891174118966, 2452860.829775957856327 ], [ 2343030.849764536134899, 2452860.829775957856327 ], [ 2343063.098965941462666, 2452860.829775957856327 ], [ 2343127.597368752583861, 2452893.078666912391782 ], [ 2343159.84657015837729, 2452893.078666912391782 ], [ 2343192.096443519927561, 2452925.328229831065983 ], [ 2343224.34564492572099, 2452989.826683704275638 ], [ 2343256.594846331048757, 2452989.826683704275638 ], [ 2343256.594846331048757, 2453022.076246622949839 ], [ 2343288.844047736842185, 2453022.076246622949839 ], [ 2343288.844047736842185, 2453054.325809541624039 ], [ 2343321.093249142169952, 2453054.325809541624039 ], [ 2343353.343122504185885, 2453086.57537246029824 ], [ 2343385.592323909979314, 2453118.824263414833695 ], [ 2343417.841525315307081, 2453151.073826333507895 ], [ 2343482.339928126428276, 2453151.073826333507895 ], [ 2343482.339928126428276, 2453183.323389252182096 ], [ 2343482.339928126428276, 2453215.572952170856297 ], [ 2343514.589129532221705, 2453215.572952170856297 ], [ 2343514.589129532221705, 2453247.821843125391752 ], [ 2343546.839002893771976, 2453247.821843125391752 ], [ 2343611.337405704893172, 2453247.821843125391752 ], [ 2343643.5866071106866, 2453280.071406044065952 ], [ 2343675.835808516014367, 2453280.071406044065952 ], [ 2343708.0856818780303, 2453312.320968962740153 ], [ 2343708.0856818780303, 2453344.570531881414354 ], [ 2343740.334883283823729, 2453344.570531881414354 ], [ 2343772.584084689151496, 2453376.819422835949808 ], [ 2343772.584084689151496, 2453409.068985754624009 ], [ 2343804.833286094944924, 2453441.31854867329821 ], [ 2343804.833286094944924, 2453473.567439628299326 ], [ 2343804.833286094944924, 2453505.817002546507865 ], [ 2343966.079965078737587, 2453538.066565465182066 ], [ 2344030.578367889858782, 2453570.316128383856267 ], [ 2344062.828241251874715, 2453602.565019338857383 ], [ 2344095.077442657668144, 2453602.565019338857383 ], [ 2344127.326644062995911, 2453667.064145175740123 ], [ 2344159.575845468789339, 2453699.313708094414324 ], [ 2344191.825046874117106, 2453699.313708094414324 ], [ 2344224.074920236133039, 2453731.562599049415439 ], [ 2344256.324121641926467, 2453763.812161967623979 ], [ 2344288.573323047254235, 2453796.06172488629818 ], [ 2344288.573323047254235, 2453828.31128780497238 ], [ 2344320.822524453047663, 2453828.31128780497238 ], [ 2344320.822524453047663, 2453860.560178759973496 ], [ 2344353.07172585837543, 2453860.560178759973496 ], [ 2344385.321599220391363, 2453860.560178759973496 ], [ 2344449.820002031512558, 2453860.560178759973496 ], [ 2344482.069203436840326, 2453860.560178759973496 ], [ 2344546.567606247961521, 2453892.809741678182036 ], [ 2344578.817479609977454, 2453925.059304596856236 ], [ 2344578.817479609977454, 2453957.308195551857352 ], [ 2344578.817479609977454, 2453989.557758470531553 ], [ 2344611.066681015770882, 2453989.557758470531553 ], [ 2344611.066681015770882, 2454054.056884307414293 ], [ 2344611.066681015770882, 2454086.305775262415409 ], [ 2344643.31588242109865, 2454086.305775262415409 ], [ 2344707.814285232219845, 2454118.55533818108961 ], [ 2344740.064158594235778, 2454150.804901099763811 ], [ 2344772.313359999563545, 2454183.05446401797235 ], [ 2344772.313359999563545, 2454215.303354972973466 ], [ 2344869.060964216478169, 2454376.550497602205724 ], [ 2344901.310837578494102, 2454408.800060520879924 ], [ 2344901.310837578494102, 2454441.048951475415379 ], [ 2344933.560038983821869, 2454441.048951475415379 ], [ 2344933.560038983821869, 2454473.29851439408958 ], [ 2344933.560038983821869, 2454537.797640231437981 ], [ 2344933.560038983821869, 2454602.296094104647636 ], [ 2344933.560038983821869, 2454699.044110896531492 ], [ 2344933.560038983821869, 2454731.293673815205693 ], [ 2344933.560038983821869, 2454763.543236733879894 ], [ 2344933.560038983821869, 2454795.792127688415349 ], [ 2344965.809240389615297, 2454795.792127688415349 ], [ 2344965.809240389615297, 2454828.041690607089549 ], [ 2344998.058441794943064, 2454860.29125352576375 ], [ 2345030.307643200736493, 2454892.540816444437951 ], [ 2345062.55684460606426, 2454892.540816444437951 ], [ 2345062.55684460606426, 2454924.789707398973405 ], [ 2345094.806717968080193, 2454924.789707398973405 ], [ 2345094.806717968080193, 2454957.039270317647606 ], [ 2345127.05591937340796, 2454989.288833236321807 ], [ 2345159.305120779201388, 2454989.288833236321807 ], [ 2345159.305120779201388, 2455021.538396154996008 ], [ 2345159.305120779201388, 2455053.787287109531462 ], [ 2345159.305120779201388, 2455118.286412946879864 ], [ 2345094.806717968080193, 2455118.286412946879864 ], [ 2345062.55684460606426, 2455150.535975865554065 ], [ 2345062.55684460606426, 2455182.784866820089519 ], [ 2345062.55684460606426, 2455215.03442973876372 ], [ 2345062.55684460606426, 2455247.283992657437921 ], [ 2345094.806717968080193, 2455279.532883611973375 ], [ 2345094.806717968080193, 2455344.032009449321777 ], [ 2345094.806717968080193, 2455376.281572367995977 ], [ 2345127.05591937340796, 2455376.281572367995977 ], [ 2345127.05591937340796, 2455440.780026241205633 ], [ 2345159.305120779201388, 2455440.780026241205633 ], [ 2345159.305120779201388, 2455473.029589159879833 ], [ 2344804.562561405356973, 2455602.02716887043789 ], [ 2344578.817479609977454, 2455666.525622744113207 ], [ 2343837.082487500272691, 2455892.27121924655512 ], [ 2343933.83076367340982, 2456182.515941586345434 ], [ 2344030.578367889858782, 2456440.511101007461548 ], [ 2344095.077442657668144, 2456601.757571672555059 ], [ 2344127.326644062995911, 2456730.755151383113116 ], [ 2344191.825046874117106, 2456924.251856931019574 ], [ 2344224.074920236133039, 2456956.500747885555029 ], [ 2344320.822524453047663, 2457117.747890514787287 ], [ 2344385.321599220391363, 2457246.745470225345343 ], [ 2344385.321599220391363, 2457278.995033144019544 ], [ 2344417.57080062571913, 2457311.244596062693745 ], [ 2344449.820002031512558, 2457343.493487017229199 ], [ 2344514.318404842633754, 2457504.740629646461457 ], [ 2344578.817479609977454, 2457601.488646438810974 ], [ 2344611.066681015770882, 2457633.738209357019514 ], [ 2344611.066681015770882, 2457665.987772275693715 ], [ 2344707.814285232219845, 2457794.985351986251771 ], [ 2344740.064158594235778, 2457859.483805859927088 ], [ 2344772.313359999563545, 2457923.982259733136743 ], [ 2344804.562561405356973, 2457956.231822651810944 ], [ 2344836.811762810684741, 2457988.481385570485145 ], [ 2344836.811762810684741, 2458052.9798394436948 ], [ 2344869.060964216478169, 2458085.229402362369001 ], [ 2344869.060964216478169, 2458117.478965281043202 ], [ 2344869.060964216478169, 2458149.728528199717402 ], [ 2344869.060964216478169, 2458214.226982072927058 ], [ 2344869.060964216478169, 2458246.476544991601259 ], [ 2344869.060964216478169, 2458278.725435946136713 ], [ 2344869.060964216478169, 2458310.974998864810914 ], [ 2344836.811762810684741, 2458310.974998864810914 ], [ 2344869.060964216478169, 2458343.224561783485115 ], [ 2344869.060964216478169, 2458407.72301565669477 ], [ 2344836.811762810684741, 2458407.72301565669477 ], [ 2344417.57080062571913, 2458472.222141494043171 ], [ 2344127.326644062995911, 2458568.970158285927027 ], [ 2343288.844047736842185, 2458859.214880625717342 ], [ 2343321.093249142169952, 2458988.212460336275399 ], [ 2343030.849764536134899, 2458955.962897417601198 ], [ 2341321.635370477568358, 2458923.713334498926997 ], [ 2341289.386169072240591, 2458955.962897417601198 ], [ 2341224.88709430443123, 2458955.962897417601198 ], [ 2341063.640415320172906, 2458923.713334498926997 ], [ 2340805.646132119465619, 2458923.713334498926997 ], [ 2340773.396930714137852, 2458923.713334498926997 ], [ 2340741.147057352121919, 2458923.713334498926997 ], [ 2340708.897855946328491, 2458955.962897417601198 ], [ 2340708.897855946328491, 2459084.960477128159255 ], [ 2340708.897855946328491, 2459213.958056838717312 ], [ 2340708.897855946328491, 2459407.454090422950685 ], [ 2340708.897855946328491, 2459600.950124006718397 ], [ 2340708.897855946328491, 2459665.449249844066799 ], [ 2340708.897855946328491, 2459794.446829554624856 ], [ 2340708.897855946328491, 2459858.945283427834511 ], [ 2340708.897855946328491, 2459987.942863138392568 ], [ 2340676.648654541000724, 2460116.940442848950624 ], [ 2340676.648654541000724, 2460374.935602270066738 ], [ 2340676.648654541000724, 2460568.43163585383445 ], [ 2340676.648654541000724, 2460632.930761691182852 ], [ 2340676.648654541000724, 2460761.928341401740909 ], [ 2340676.648654541000724, 2460890.925921112298965 ], [ 2340676.648654541000724, 2460923.174812067300081 ], [ 2340644.399453135207295, 2461052.172391777858138 ], [ 2340644.399453135207295, 2461116.671517614740878 ], [ 2340644.399453135207295, 2461148.921080533415079 ], [ 2340644.399453135207295, 2461406.915567990858108 ], [ 2340644.399453135207295, 2461535.913147701416165 ], [ 2340612.150251729879528, 2461600.412273538764566 ], [ 2340612.150251729879528, 2461632.661836456973106 ], [ 2340612.150251729879528, 2461729.409853249322623 ], [ 2340612.150251729879528, 2461858.40743295988068 ], [ 2340612.150251729879528, 2461955.155449751764536 ], [ 2340612.150251729879528, 2462116.402592380996794 ], [ 2340612.150251729879528, 2462180.901046254206449 ], [ 2340612.150251729879528, 2462245.399500127416104 ], [ 2340612.150251729879528, 2462438.896205675322562 ], [ 2340612.150251729879528, 2462471.145768593996763 ], [ 2340612.150251729879528, 2462503.394659548532218 ], [ 2340612.150251729879528, 2462535.644222467206419 ], [ 2340579.900378367863595, 2462535.644222467206419 ], [ 2340547.651176962535828, 2462535.644222467206419 ], [ 2340515.4019755567424, 2462567.893785385880619 ], [ 2340483.152774151414633, 2462567.893785385880619 ], [ 2340450.903572745621204, 2462600.14334830455482 ], [ 2340418.654371340293437, 2462600.14334830455482 ], [ 2340386.404497978277504, 2462632.392239259090275 ], [ 2340354.155296572484076, 2462664.641802177764475 ], [ 2340321.906095167156309, 2462664.641802177764475 ], [ 2340289.65689376136288, 2462696.891365096438676 ], [ 2340257.407692356035113, 2462696.891365096438676 ], [ 2340225.157818994019181, 2462729.140256051439792 ], [ 2340160.659416182897985, 2462761.389818969648331 ], [ 2340063.911140009760857, 2462825.888944806996733 ], [ 2340031.661938604433089, 2462858.137835761997849 ], [ 2339999.412737198639661, 2462858.137835761997849 ], [ 2340031.661938604433089, 2462890.387398680206388 ], [ 2340096.161013371776789, 2462954.88652451755479 ], [ 2340192.908617588691413, 2463051.634541309438646 ], [ 2340257.407692356035113, 2463148.382558101322502 ], [ 2340354.155296572484076, 2463212.881011974997818 ], [ 2340418.654371340293437, 2463277.38013781234622 ], [ 2340483.152774151414633, 2463341.878591685555875 ], [ 2340579.900378367863595, 2463438.627280441112816 ], [ 2340708.897855946328491, 2463503.125734314788133 ], [ 2340837.895333525259048, 2463567.624188187997788 ], [ 2340966.892811103723943, 2463632.12331402534619 ], [ 2340999.14201250905171, 2463664.372876944020391 ], [ 2341095.889616725966334, 2463696.621767898555845 ], [ 2341257.136295710224658, 2463761.120893735904247 ], [ 2341386.133773288689554, 2463793.370456654578447 ], [ 2341547.380452272947878, 2463825.619347609113902 ], [ 2341644.128728446085006, 2463825.619347609113902 ], [ 2341708.627131257206202, 2463793.370456654578447 ], [ 2341708.627131257206202, 2464019.11605315702036 ], [ 2341708.627131257206202, 2464083.614507030230016 ], [ 2342385.863048599101603, 2464115.864069948904216 ], [ 2342385.863048599101603, 2463535.375297233462334 ], [ 2342740.605607972946018, 2463535.375297233462334 ], [ 2342740.605607972946018, 2463664.372876944020391 ], [ 2342837.353884146083146, 2463728.871330817230046 ], [ 2342934.10148836299777, 2463857.868910527788103 ], [ 2342998.599891174118966, 2463954.616927319671959 ], [ 2343095.348167346790433, 2464115.864069948904216 ], [ 2343127.597368752583861, 2464212.612086740788072 ], [ 2343159.84657015837729, 2464309.360103532671928 ], [ 2343192.096443519927561, 2464406.108792288694531 ], [ 2343224.34564492572099, 2464502.856809080578387 ], [ 2343256.594846331048757, 2464631.854388791136444 ], [ 2343288.844047736842185, 2464728.6024055830203 ], [ 2343288.844047736842185, 2464760.8519685016945 ], [ 2343288.844047736842185, 2464825.350422374904156 ], [ 2343288.844047736842185, 2464857.599985293578357 ], [ 2343288.844047736842185, 2464954.348002085462213 ], [ 2343288.844047736842185, 2465051.09601887781173 ], [ 2343256.594846331048757, 2465147.844035669695586 ], [ 2343256.594846331048757, 2465212.343161506578326 ], [ 2343224.34564492572099, 2465276.841615380253643 ], [ 2343159.84657015837729, 2465341.340741217602044 ], [ 2343095.348167346790433, 2465438.0887580094859 ], [ 2343030.849764536134899, 2465502.587211882695556 ], [ 2342966.350689768325537, 2465599.335900638718158 ], [ 2342934.10148836299777, 2465663.834354511927813 ], [ 2342934.10148836299777, 2465696.083917430602014 ], [ 2342934.10148836299777, 2465760.582371303811669 ], [ 2342901.852286957204342, 2465825.081497141160071 ], [ 2342869.603085551876575, 2465857.330388095695525 ], [ 2342805.104010784067214, 2465954.079076851718128 ], [ 2342805.104010784067214, 2466018.577530724927783 ], [ 2342805.104010784067214, 2466115.325547516811639 ], [ 2342772.854809378739446, 2466179.824673354160041 ], [ 2342772.854809378739446, 2466244.323127227369696 ], [ 2342805.104010784067214, 2466276.572690146043897 ], [ 2342837.353884146083146, 2466373.320706937927753 ], [ 2342901.852286957204342, 2466437.819832775276154 ], [ 2342966.350689768325537, 2466470.068723729811609 ], [ 2343030.849764536134899, 2466502.31828664848581 ], [ 2343063.098965941462666, 2466534.56784956716001 ], [ 2343159.84657015837729, 2466599.066303440369666 ], [ 2343256.594846331048757, 2466663.565429277718067 ], [ 2343321.093249142169952, 2466728.063883151393384 ], [ 2343417.841525315307081, 2466792.563008988276124 ], [ 2343482.339928126428276, 2466857.061462861951441 ], [ 2343514.589129532221705, 2466857.061462861951441 ], [ 2343579.088204299565405, 2466889.31102578015998 ], [ 2343611.337405704893172, 2466889.31102578015998 ], [ 2343708.0856818780303, 2466921.560588698834181 ], [ 2343837.082487500272691, 2466921.560588698834181 ], [ 2343901.581562267616391, 2466953.809479653835297 ], [ 2343933.83076367340982, 2466986.059042572509497 ], [ 2343966.079965078737587, 2467018.308605490718037 ], [ 2343998.329166484531015, 2467050.558168409392238 ], [ 2344030.578367889858782, 2467082.807059364393353 ], [ 2344095.077442657668144, 2467082.807059364393353 ], [ 2344127.326644062995911, 2467082.807059364393353 ], [ 2344159.575845468789339, 2467082.807059364393353 ], [ 2344224.074920236133039, 2467115.056622283067554 ], [ 2344256.324121641926467, 2467147.306185201276094 ], [ 2344320.822524453047663, 2467147.306185201276094 ], [ 2344385.321599220391363, 2467147.306185201276094 ], [ 2344417.57080062571913, 2467115.056622283067554 ], [ 2344449.820002031512558, 2467082.807059364393353 ], [ 2344514.318404842633754, 2467082.807059364393353 ], [ 2344546.567606247961521, 2467050.558168409392238 ], [ 2344611.066681015770882, 2467082.807059364393353 ], [ 2344643.31588242109865, 2467082.807059364393353 ], [ 2344675.565083826892078, 2467115.056622283067554 ], [ 2344707.814285232219845, 2467115.056622283067554 ], [ 2344772.313359999563545, 2467147.306185201276094 ], [ 2344804.562561405356973, 2467179.55507615627721 ], [ 2344869.060964216478169, 2467179.55507615627721 ], [ 2344901.310837578494102, 2467211.80463907495141 ], [ 2344965.809240389615297, 2467211.80463907495141 ], [ 2345030.307643200736493, 2467244.054201993625611 ], [ 2345062.55684460606426, 2467276.303764912299812 ], [ 2345127.05591937340796, 2467308.552655866835266 ], [ 2345223.803523590322584, 2467308.552655866835266 ], [ 2345288.302598357666284, 2467340.802218785509467 ], [ 2345352.801001168787479, 2467373.051781704183668 ], [ 2345385.050202574580908, 2467373.051781704183668 ], [ 2345417.300075936596841, 2467405.301344622857869 ], [ 2345449.549277341924608, 2467437.550235577393323 ], [ 2345449.549277341924608, 2467469.799798496067524 ], [ 2345481.798478747718036, 2467502.049361414741725 ], [ 2345514.047680153045803, 2467534.298252369277179 ], [ 2345546.296881558839232, 2467534.298252369277179 ], [ 2345578.546082964166999, 2467534.298252369277179 ], [ 2345610.795956326182932, 2467534.298252369277179 ], [ 2345643.045157731510699, 2467534.298252369277179 ], [ 2345707.543560542631894, 2467502.049361414741725 ], [ 2345772.042635310441256, 2467502.049361414741725 ], [ 2345804.291836715769023, 2467502.049361414741725 ], [ 2345836.541038121562451, 2467469.799798496067524 ], [ 2345868.790239526890218, 2467437.550235577393323 ], [ 2345901.039440932683647, 2467437.550235577393323 ], [ 2345901.039440932683647, 2467405.301344622857869 ], [ 2345933.288642338011414, 2467405.301344622857869 ], [ 2345965.538515700027347, 2467373.051781704183668 ], [ 2345997.787717105355114, 2467340.802218785509467 ], [ 2346030.036918511148542, 2467308.552655866835266 ], [ 2346094.535321322269738, 2467244.054201993625611 ], [ 2346159.034396089613438, 2467211.80463907495141 ], [ 2346223.532798900734633, 2467211.80463907495141 ], [ 2346255.782000306528062, 2467211.80463907495141 ], [ 2346320.281075073871762, 2467211.80463907495141 ], [ 2346352.53027647966519, 2467179.55507615627721 ], [ 2346384.779477884992957, 2467179.55507615627721 ], [ 2346417.028679290786386, 2467179.55507615627721 ], [ 2346449.277880696114153, 2467179.55507615627721 ], [ 2346481.527754058130085, 2467179.55507615627721 ], [ 2346513.776955463457853, 2467179.55507615627721 ], [ 2346578.275358274579048, 2467147.306185201276094 ], [ 2346610.524559680372477, 2467147.306185201276094 ], [ 2346642.774433042388409, 2467147.306185201276094 ], [ 2346675.023634447716177, 2467115.056622283067554 ], [ 2346739.522037258837372, 2467115.056622283067554 ], [ 2346804.021112026181072, 2467115.056622283067554 ], [ 2346836.2703134319745, 2467115.056622283067554 ], [ 2346868.519514837302268, 2467115.056622283067554 ], [ 2346900.768716243095696, 2467115.056622283067554 ], [ 2346933.017917648423463, 2467115.056622283067554 ], [ 2347029.766193821560591, 2467115.056622283067554 ], [ 2347062.01539522735402, 2467115.056622283067554 ], [ 2347062.01539522735402, 2467082.807059364393353 ], [ 2347094.264596632681787, 2467050.558168409392238 ], [ 2347126.513798038475215, 2467050.558168409392238 ], [ 2347158.763671400025487, 2467018.308605490718037 ], [ 2347191.012872805818915, 2466986.059042572509497 ], [ 2347223.262074211612344, 2466986.059042572509497 ], [ 2347255.511275616940111, 2466986.059042572509497 ], [ 2347287.760477022733539, 2466986.059042572509497 ], [ 2347287.760477022733539, 2466953.809479653835297 ], [ 2347352.259551790077239, 2466953.809479653835297 ], [ 2347352.259551790077239, 2466921.560588698834181 ], [ 2347384.508753195405006, 2466889.31102578015998 ], [ 2347416.757954601198435, 2466889.31102578015998 ], [ 2347449.007156006526202, 2466857.061462861951441 ], [ 2347449.007156006526202, 2466824.81189994327724 ], [ 2347481.25635741231963, 2466792.563008988276124 ], [ 2347481.25635741231963, 2466824.81189994327724 ], [ 2347513.506230774335563, 2466824.81189994327724 ], [ 2347545.75543217966333, 2466857.061462861951441 ], [ 2347578.004633585456759, 2466857.061462861951441 ], [ 2347642.503036396577954, 2466857.061462861951441 ], [ 2347674.752909758128226, 2466857.061462861951441 ], [ 2347707.002111163921654, 2466857.061462861951441 ], [ 2347739.251312569249421, 2466824.81189994327724 ], [ 2347803.749715380370617, 2466824.81189994327724 ], [ 2347868.248790148179978, 2466792.563008988276124 ], [ 2347900.497991553507745, 2466792.563008988276124 ], [ 2347900.497991553507745, 2466824.81189994327724 ], [ 2347932.747192959301174, 2466824.81189994327724 ], [ 2347964.996394364628941, 2466824.81189994327724 ], [ 2347997.245595770422369, 2466857.061462861951441 ], [ 2348029.495469131972641, 2466889.31102578015998 ], [ 2348061.744670537766069, 2466921.560588698834181 ], [ 2348093.993871943093836, 2466921.560588698834181 ], [ 2348126.243073348887265, 2466953.809479653835297 ], [ 2348158.492274754215032, 2466986.059042572509497 ], [ 2348190.742148116230965, 2467018.308605490718037 ], [ 2348222.991349522024393, 2467018.308605490718037 ], [ 2348287.489752333145589, 2467050.558168409392238 ], [ 2348513.234834128525108, 2467147.306185201276094 ], [ 2348448.736431317403913, 2467340.802218785509467 ], [ 2348448.736431317403913, 2467405.301344622857869 ], [ 2348480.98563272273168, 2467469.799798496067524 ], [ 2348480.98563272273168, 2467502.049361414741725 ], [ 2348480.98563272273168, 2467534.298252369277179 ], [ 2348480.98563272273168, 2467566.54781528795138 ], [ 2348480.98563272273168, 2467598.797378206625581 ], [ 2348480.98563272273168, 2467631.046941125299782 ], [ 2348448.736431317403913, 2467631.046941125299782 ], [ 2348416.487229911610484, 2467695.545394998509437 ], [ 2348384.238028506282717, 2467727.794957917183638 ], [ 2348351.988827100489289, 2467824.542974709067494 ], [ 2348351.988827100489289, 2467921.29099150095135 ], [ 2348319.738953738473356, 2467985.790117338299751 ], [ 2348287.489752333145589, 2468050.288571211509407 ], [ 2348287.489752333145589, 2468082.538134130183607 ], [ 2348287.489752333145589, 2468114.787697048857808 ], [ 2348255.24055092735216, 2468179.286150922067463 ], [ 2348255.24055092735216, 2468211.535713840741664 ], [ 2348255.24055092735216, 2468243.785276759415865 ], [ 2348255.24055092735216, 2468276.034167713951319 ], [ 2348287.489752333145589, 2468405.031747424509376 ], [ 2348255.24055092735216, 2468405.031747424509376 ], [ 2348255.24055092735216, 2468437.281310343183577 ], [ 2348255.24055092735216, 2468469.530873261857778 ], [ 2348287.489752333145589, 2468469.530873261857778 ], [ 2348287.489752333145589, 2468501.779764216858894 ], [ 2348255.24055092735216, 2468534.029327135067433 ], [ 2348222.991349522024393, 2468598.528452972415835 ], [ 2348222.991349522024393, 2468630.77734392741695 ], [ 2348190.742148116230965, 2468663.026906846091151 ], [ 2348158.492274754215032, 2468759.774923637975007 ], [ 2348158.492274754215032, 2468792.024486556649208 ], [ 2348126.243073348887265, 2468792.024486556649208 ], [ 2348126.243073348887265, 2468824.274049474857748 ], [ 2348093.993871943093836, 2468824.274049474857748 ], [ 2348093.993871943093836, 2468856.522940429858863 ], [ 2348061.744670537766069, 2468856.522940429858863 ], [ 2348061.744670537766069, 2468888.772503348533064 ], [ 2348061.744670537766069, 2468921.022066267207265 ], [ 2348061.744670537766069, 2468953.271629185415804 ], [ 2348029.495469131972641, 2468953.271629185415804 ], [ 2348029.495469131972641, 2468985.52052014041692 ], [ 2348029.495469131972641, 2469017.770083059091121 ], [ 2348029.495469131972641, 2469050.019645977765322 ], [ 2347997.245595770422369, 2469050.019645977765322 ], [ 2347997.245595770422369, 2469082.269208895973861 ], [ 2347997.245595770422369, 2469114.518099850974977 ], [ 2347997.245595770422369, 2469146.767662769649178 ], [ 2347964.996394364628941, 2469146.767662769649178 ], [ 2347964.996394364628941, 2469179.017225688323379 ], [ 2347932.747192959301174, 2469211.266788606997579 ], [ 2347868.248790148179978, 2469243.515679561533034 ], [ 2347868.248790148179978, 2469275.765242480207235 ], [ 2347835.99958874238655, 2469275.765242480207235 ], [ 2347835.99958874238655, 2469340.26369635341689 ], [ 2347835.99958874238655, 2469372.513259272091091 ], [ 2347835.99958874238655, 2469404.762822190765291 ], [ 2347868.248790148179978, 2469404.762822190765291 ], [ 2347868.248790148179978, 2469437.012385109439492 ], [ 2347835.99958874238655, 2469437.012385109439492 ], [ 2347868.248790148179978, 2469437.012385109439492 ], [ 2347868.248790148179978, 2469469.261276063974947 ], [ 2347868.248790148179978, 2469501.510838982649148 ], [ 2347835.99958874238655, 2469501.510838982649148 ], [ 2347835.99958874238655, 2469533.760401901323348 ], [ 2347835.99958874238655, 2469566.009964819997549 ], [ 2347803.749715380370617, 2469566.009964819997549 ], [ 2347803.749715380370617, 2469598.258855774533004 ], [ 2347803.749715380370617, 2469630.508418693207204 ], [ 2347803.749715380370617, 2469662.757981611881405 ], [ 2347803.749715380370617, 2469695.007544530555606 ], [ 2347771.50051397504285, 2469695.007544530555606 ], [ 2347739.251312569249421, 2469695.007544530555606 ], [ 2347739.251312569249421, 2469727.25643548509106 ], [ 2347739.251312569249421, 2469759.505998403765261 ], [ 2347739.251312569249421, 2469791.755561322439462 ], [ 2347739.251312569249421, 2469824.004452276974916 ], [ 2347771.50051397504285, 2469824.004452276974916 ], [ 2347771.50051397504285, 2469856.254015195649117 ], [ 2347803.749715380370617, 2469856.254015195649117 ], [ 2347803.749715380370617, 2469888.503578114323318 ], [ 2347771.50051397504285, 2469888.503578114323318 ], [ 2347803.749715380370617, 2469888.503578114323318 ], [ 2347803.749715380370617, 2469920.753141032997519 ], [ 2347771.50051397504285, 2469920.753141032997519 ], [ 2347803.749715380370617, 2469920.753141032997519 ], [ 2347803.749715380370617, 2469953.002031987532973 ], [ 2347803.749715380370617, 2469985.251594906207174 ], [ 2347771.50051397504285, 2469985.251594906207174 ], [ 2347771.50051397504285, 2470017.501157824881375 ], [ 2347739.251312569249421, 2470017.501157824881375 ], [ 2347739.251312569249421, 2470049.750720743555576 ], [ 2347707.002111163921654, 2470049.750720743555576 ], [ 2347707.002111163921654, 2470081.99961169809103 ], [ 2347739.251312569249421, 2470081.99961169809103 ], [ 2347707.002111163921654, 2470081.99961169809103 ], [ 2347707.002111163921654, 2470114.249174616765231 ], [ 2347707.002111163921654, 2470146.498737535439432 ], [ 2347674.752909758128226, 2470178.747628490440547 ], [ 2347674.752909758128226, 2470210.997191408649087 ], [ 2347674.752909758128226, 2470243.246754327323288 ], [ 2347674.752909758128226, 2470275.496317245997488 ], [ 2347707.002111163921654, 2470275.496317245997488 ], [ 2347707.002111163921654, 2470307.745208200998604 ], [ 2347707.002111163921654, 2470339.994771119207144 ], [ 2347739.251312569249421, 2470339.994771119207144 ], [ 2347739.251312569249421, 2470372.244334037881345 ], [ 2347739.251312569249421, 2470404.493896956555545 ], [ 2347707.002111163921654, 2470404.493896956555545 ], [ 2347739.251312569249421, 2470404.493896956555545 ], [ 2347739.251312569249421, 2470436.742787911556661 ], [ 2347771.50051397504285, 2470436.742787911556661 ], [ 2347771.50051397504285, 2470468.992350829765201 ], [ 2347771.50051397504285, 2470501.241913748439401 ], [ 2347771.50051397504285, 2470533.491476667113602 ], [ 2347771.50051397504285, 2470565.740367622114718 ], [ 2347803.749715380370617, 2470597.989930540788919 ], [ 2347803.749715380370617, 2470630.239493458997458 ], [ 2347771.50051397504285, 2470630.239493458997458 ], [ 2347803.749715380370617, 2470630.239493458997458 ], [ 2347803.749715380370617, 2470662.488384413998574 ], [ 2347835.99958874238655, 2470662.488384413998574 ], [ 2347835.99958874238655, 2470694.737947332672775 ], [ 2347835.99958874238655, 2470726.987510251346976 ], [ 2347835.99958874238655, 2470759.237073169555515 ], [ 2347868.248790148179978, 2470759.237073169555515 ], [ 2347868.248790148179978, 2470791.485964124556631 ], [ 2347868.248790148179978, 2470823.735527043230832 ], [ 2347868.248790148179978, 2470855.985089961905032 ], [ 2347868.248790148179978, 2470888.234652880113572 ], [ 2347900.497991553507745, 2470888.234652880113572 ], [ 2347900.497991553507745, 2470920.483543835114688 ], [ 2347900.497991553507745, 2470952.733106753788888 ], [ 2347900.497991553507745, 2470984.982669672463089 ], [ 2347932.747192959301174, 2471017.231560626998544 ], [ 2347932.747192959301174, 2471049.481123545672745 ], [ 2347932.747192959301174, 2471081.730686464346945 ], [ 2347964.996394364628941, 2471081.730686464346945 ], [ 2347964.996394364628941, 2471113.980249383021146 ], [ 2347932.747192959301174, 2471113.980249383021146 ], [ 2347932.747192959301174, 2471146.229140337556601 ], [ 2347932.747192959301174, 2471178.478703256230801 ], [ 2347964.996394364628941, 2471178.478703256230801 ], [ 2347932.747192959301174, 2471178.478703256230801 ], [ 2347932.747192959301174, 2471210.728266174905002 ], [ 2347964.996394364628941, 2471210.728266174905002 ], [ 2347964.996394364628941, 2471242.977829093579203 ], [ 2347964.996394364628941, 2471275.226720048114657 ], [ 2347964.996394364628941, 2471307.476282966788858 ], [ 2347997.245595770422369, 2471307.476282966788858 ], [ 2347997.245595770422369, 2471339.725845885463059 ], [ 2347997.245595770422369, 2471371.97540880413726 ], [ 2347964.996394364628941, 2471371.97540880413726 ], [ 2347964.996394364628941, 2471404.224299758672714 ], [ 2347964.996394364628941, 2471436.473862677346915 ], [ 2347964.996394364628941, 2471468.723425596021116 ], [ 2347964.996394364628941, 2471500.97231655055657 ], [ 2347964.996394364628941, 2471533.221879469230771 ], [ 2347964.996394364628941, 2471565.471442387904972 ], [ 2347932.747192959301174, 2471565.471442387904972 ], [ 2347932.747192959301174, 2471597.721005306579173 ], [ 2347932.747192959301174, 2471629.969896261114627 ], [ 2347932.747192959301174, 2471662.219459179788828 ], [ 2347932.747192959301174, 2471694.469022098463029 ], [ 2347932.747192959301174, 2471726.718585017137229 ], [ 2347932.747192959301174, 2471758.967475971672684 ], [ 2347964.996394364628941, 2471758.967475971672684 ], [ 2347964.996394364628941, 2471791.217038890346885 ], [ 2347964.996394364628941, 2471823.466601809021086 ], [ 2347964.996394364628941, 2471855.716164727695286 ], [ 2347964.996394364628941, 2471887.965055682230741 ], [ 2347964.996394364628941, 2471920.214618600904942 ], [ 2347964.996394364628941, 2471952.464181519579142 ], [ 2347964.996394364628941, 2471984.713072474114597 ], [ 2347964.996394364628941, 2472016.962635392788798 ], [ 2347964.996394364628941, 2472049.212198311462998 ], [ 2347964.996394364628941, 2472081.461761230137199 ], [ 2347932.747192959301174, 2472081.461761230137199 ], [ 2347932.747192959301174, 2472113.710652185138315 ], [ 2347964.996394364628941, 2472145.960215103346854 ], [ 2347964.996394364628941, 2472178.209778022021055 ], [ 2347932.747192959301174, 2472178.209778022021055 ], [ 2347932.747192959301174, 2472210.459340940695256 ], [ 2347964.996394364628941, 2472242.708231895696372 ], [ 2347964.996394364628941, 2472274.957794813904911 ], [ 2347932.747192959301174, 2472307.207357732579112 ], [ 2347932.747192959301174, 2472339.456248687580228 ], [ 2347932.747192959301174, 2472371.705811606254429 ], [ 2347900.497991553507745, 2472403.955374524462968 ], [ 2347900.497991553507745, 2472436.204937443137169 ], [ 2347932.747192959301174, 2472468.453828398138285 ], [ 2347932.747192959301174, 2472500.703391316812485 ], [ 2347932.747192959301174, 2472532.952954235486686 ], [ 2347932.747192959301174, 2472565.202517153695226 ], [ 2347900.497991553507745, 2472597.451408108696342 ], [ 2347868.248790148179978, 2472629.700971027370542 ], [ 2347868.248790148179978, 2472661.950533946044743 ], [ 2347835.99958874238655, 2472661.950533946044743 ], [ 2347803.749715380370617, 2472694.200096864253283 ], [ 2347803.749715380370617, 2472726.448987819254398 ], [ 2347803.749715380370617, 2472758.698550737928599 ], [ 2347835.99958874238655, 2472758.698550737928599 ], [ 2347835.99958874238655, 2472790.9481136566028 ], [ 2347835.99958874238655, 2472823.197004611138254 ], [ 2347835.99958874238655, 2472855.446567529812455 ], [ 2347835.99958874238655, 2472887.696130448486656 ], [ 2347803.749715380370617, 2472887.696130448486656 ], [ 2347803.749715380370617, 2472919.945693367160857 ], [ 2347771.50051397504285, 2472952.194584321696311 ], [ 2347771.50051397504285, 2472984.444147240370512 ], [ 2347771.50051397504285, 2473016.693710159044713 ], [ 2347771.50051397504285, 2473048.943273077718914 ], [ 2347739.251312569249421, 2473081.192164032254368 ], [ 2347739.251312569249421, 2473113.441726950928569 ], [ 2347739.251312569249421, 2473145.69128986960277 ], [ 2347739.251312569249421, 2473177.94085278827697 ], [ 2347739.251312569249421, 2473210.189743742812425 ], [ 2347739.251312569249421, 2473242.439306661486626 ], [ 2347739.251312569249421, 2473274.688869580160826 ], [ 2347707.002111163921654, 2473274.688869580160826 ], [ 2347674.752909758128226, 2473306.937760534696281 ], [ 2347674.752909758128226, 2473339.187323453370482 ], [ 2347642.503036396577954, 2473371.436886372044683 ], [ 2347610.253834990784526, 2473403.686449290718883 ], [ 2347610.253834990784526, 2473435.935340245254338 ], [ 2347610.253834990784526, 2473468.184903163928539 ], [ 2347578.004633585456759, 2473500.434466082602739 ], [ 2347545.75543217966333, 2473532.68402900127694 ], [ 2347545.75543217966333, 2473564.932919955812395 ], [ 2347513.506230774335563, 2473597.182482874486595 ], [ 2347513.506230774335563, 2473629.432045793160796 ], [ 2347481.25635741231963, 2473629.432045793160796 ], [ 2347481.25635741231963, 2473661.680936747696251 ], [ 2347449.007156006526202, 2473661.680936747696251 ], [ 2347449.007156006526202, 2473693.930499666370451 ], [ 2347416.757954601198435, 2473693.930499666370451 ], [ 2347416.757954601198435, 2473726.180062585044652 ], [ 2347384.508753195405006, 2473726.180062585044652 ], [ 2347352.259551790077239, 2473758.429625503718853 ], [ 2347320.010350384283811, 2473758.429625503718853 ], [ 2347287.760477022733539, 2473758.429625503718853 ], [ 2347287.760477022733539, 2473790.678516458254308 ], [ 2347255.511275616940111, 2473790.678516458254308 ], [ 2347255.511275616940111, 2473822.928079376928508 ], [ 2347255.511275616940111, 2473855.177642295602709 ], [ 2347223.262074211612344, 2473855.177642295602709 ], [ 2347191.012872805818915, 2473855.177642295602709 ], [ 2347158.763671400025487, 2473887.42720521427691 ], [ 2347126.513798038475215, 2473887.42720521427691 ], [ 2347126.513798038475215, 2473919.676096168812364 ], [ 2347126.513798038475215, 2473951.925659087486565 ], [ 2347126.513798038475215, 2473984.175222006160766 ], [ 2347094.264596632681787, 2473984.175222006160766 ], [ 2347094.264596632681787, 2474016.424784924834967 ], [ 2347094.264596632681787, 2474048.673675879836082 ], [ 2347062.01539522735402, 2474048.673675879836082 ], [ 2347062.01539522735402, 2474080.923238798044622 ], [ 2347029.766193821560591, 2474080.923238798044622 ], [ 2347029.766193821560591, 2474113.172801716718823 ], [ 2346997.516992416232824, 2474113.172801716718823 ], [ 2346997.516992416232824, 2474145.421692671719939 ], [ 2346965.267119054216892, 2474145.421692671719939 ], [ 2346965.267119054216892, 2474177.671255590394139 ], [ 2346965.267119054216892, 2474209.920818508602679 ], [ 2346933.017917648423463, 2474242.17038142727688 ], [ 2346900.768716243095696, 2474242.17038142727688 ], [ 2346868.519514837302268, 2474242.17038142727688 ], [ 2346868.519514837302268, 2474274.419272382277995 ], [ 2346868.519514837302268, 2474306.668835300952196 ], [ 2346836.2703134319745, 2474306.668835300952196 ], [ 2346836.2703134319745, 2474338.918398219160736 ], [ 2346804.021112026181072, 2474338.918398219160736 ], [ 2346804.021112026181072, 2474371.167961137834936 ], [ 2346804.021112026181072, 2474403.416852092836052 ], [ 2346771.7712386646308, 2474403.416852092836052 ], [ 2346771.7712386646308, 2474435.666415011510253 ], [ 2346739.522037258837372, 2474435.666415011510253 ], [ 2346739.522037258837372, 2474467.915977929718792 ], [ 2346707.272835853509605, 2474467.915977929718792 ], [ 2346675.023634447716177, 2474500.165540848392993 ], [ 2346675.023634447716177, 2474532.414431803394109 ], [ 2346642.774433042388409, 2474532.414431803394109 ], [ 2346642.774433042388409, 2474564.66399472206831 ], [ 2346610.524559680372477, 2474596.913557640742511 ], [ 2346642.774433042388409, 2474596.913557640742511 ], [ 2346642.774433042388409, 2474629.162448595277965 ], [ 2346610.524559680372477, 2474629.162448595277965 ], [ 2346642.774433042388409, 2474661.412011513952166 ], [ 2346610.524559680372477, 2474693.661574432626367 ], [ 2346610.524559680372477, 2474725.911137351300567 ], [ 2346610.524559680372477, 2474758.160028305836022 ], [ 2346610.524559680372477, 2474790.409591224510223 ], [ 2346610.524559680372477, 2474822.659154143184423 ], [ 2346610.524559680372477, 2474854.908717061858624 ], [ 2346610.524559680372477, 2474887.157608016394079 ], [ 2346642.774433042388409, 2474887.157608016394079 ], [ 2346675.023634447716177, 2474919.40717093506828 ], [ 2346675.023634447716177, 2474951.65673385374248 ], [ 2346642.774433042388409, 2474983.905624808277935 ], [ 2346642.774433042388409, 2475016.155187726952136 ], [ 2346610.524559680372477, 2475048.404750645626336 ], [ 2346578.275358274579048, 2475048.404750645626336 ], [ 2346546.026156869251281, 2475080.654313564300537 ], [ 2346546.026156869251281, 2475112.903204518835992 ], [ 2346546.026156869251281, 2475145.152767437510192 ], [ 2346513.776955463457853, 2475177.402330356184393 ], [ 2346481.527754058130085, 2475209.651893274858594 ], [ 2346449.277880696114153, 2475209.651893274858594 ], [ 2346449.277880696114153, 2475241.900784229394048 ], [ 2346449.277880696114153, 2475274.150347148068249 ], [ 2346417.028679290786386, 2475274.150347148068249 ], [ 2346417.028679290786386, 2475306.39991006674245 ], [ 2346417.028679290786386, 2475338.649472985416651 ], [ 2346417.028679290786386, 2475370.898363939952105 ], [ 2346417.028679290786386, 2475403.147926858626306 ], [ 2346449.277880696114153, 2475435.397489777300507 ], [ 2346449.277880696114153, 2475499.895943650510162 ], [ 2346449.277880696114153, 2475532.145506569184363 ], [ 2346449.277880696114153, 2475596.643960442394018 ], [ 2346449.277880696114153, 2475628.893523361068219 ], [ 2346417.028679290786386, 2475661.14308627974242 ], [ 2346417.028679290786386, 2475693.39264919841662 ], [ 2346449.277880696114153, 2475693.39264919841662 ], [ 2346449.277880696114153, 2475725.641540152952075 ], [ 2346417.028679290786386, 2475757.891103071626276 ], [ 2346384.779477884992957, 2475757.891103071626276 ], [ 2346352.53027647966519, 2475757.891103071626276 ], [ 2346352.53027647966519, 2475790.140665990300477 ], [ 2346352.53027647966519, 2475822.390228908974677 ], [ 2346352.53027647966519, 2475854.639119863510132 ], [ 2346288.031873668543994, 2475919.138245700858533 ], [ 2346288.031873668543994, 2475951.387136655859649 ], [ 2346255.782000306528062, 2475983.63669957453385 ], [ 2346255.782000306528062, 2476015.886262492742389 ], [ 2346255.782000306528062, 2476048.13582541141659 ], [ 2346223.532798900734633, 2476080.384716366417706 ], [ 2346223.532798900734633, 2476112.634279285091907 ], [ 2346191.283597495406866, 2476144.883842203300446 ], [ 2346223.532798900734633, 2476177.133405121974647 ], [ 2346223.532798900734633, 2476209.382296076975763 ], [ 2346255.782000306528062, 2476241.631858995649964 ], [ 2346223.532798900734633, 2476273.881421913858503 ], [ 2346223.532798900734633, 2476306.130312868859619 ], [ 2346255.782000306528062, 2476306.130312868859619 ], [ 2346255.782000306528062, 2476338.37987578753382 ], [ 2346288.031873668543994, 2476338.37987578753382 ], [ 2346320.281075073871762, 2476338.37987578753382 ], [ 2346352.53027647966519, 2476370.62943870620802 ], [ 2346384.779477884992957, 2476402.87900162441656 ], [ 2346384.779477884992957, 2476435.127892579417676 ], [ 2346384.779477884992957, 2476467.377455498091877 ], [ 2346352.53027647966519, 2476531.876581335440278 ], [ 2346384.779477884992957, 2476564.125472289975733 ], [ 2346384.779477884992957, 2476596.375035208649933 ], [ 2346417.028679290786386, 2476628.624598127324134 ], [ 2346449.277880696114153, 2476660.874161045998335 ], [ 2346481.527754058130085, 2476693.123052000533789 ], [ 2346513.776955463457853, 2476725.37261491920799 ], [ 2346513.776955463457853, 2476757.622177837882191 ], [ 2346513.776955463457853, 2476789.871068792417645 ], [ 2346513.776955463457853, 2476822.120631711091846 ], [ 2346513.776955463457853, 2476854.370194629766047 ], [ 2346513.776955463457853, 2476918.868648502975702 ], [ 2346481.527754058130085, 2476951.118211421649903 ], [ 2346481.527754058130085, 2476983.367774340324104 ], [ 2346481.527754058130085, 2477015.617337258998305 ], [ 2346449.277880696114153, 2477047.866228213533759 ], [ 2346417.028679290786386, 2477080.11579113220796 ], [ 2346384.779477884992957, 2477144.614916969556361 ], [ 2346352.53027647966519, 2477144.614916969556361 ], [ 2346320.281075073871762, 2477176.863807924091816 ], [ 2346320.281075073871762, 2477209.113370842766017 ], [ 2346288.031873668543994, 2477241.362933761440217 ], [ 2346223.532798900734633, 2477273.611824715975672 ], [ 2346191.283597495406866, 2477305.861387634649873 ], [ 2346159.034396089613438, 2477338.110950553324074 ], [ 2346126.785194684285671, 2477338.110950553324074 ], [ 2346094.535321322269738, 2477370.360513471998274 ], [ 2346094.535321322269738, 2477402.609404426533729 ], [ 2346094.535321322269738, 2477434.85896734520793 ], [ 2346062.286119916476309, 2477467.10853026388213 ], [ 2346062.286119916476309, 2477499.358093182556331 ], [ 2346062.286119916476309, 2477531.606984137091786 ], [ 2346030.036918511148542, 2477563.856547055765986 ], [ 2345997.787717105355114, 2477563.856547055765986 ], [ 2345965.538515700027347, 2477596.106109974440187 ], [ 2345997.787717105355114, 2477628.355000929441303 ], [ 2345997.787717105355114, 2477660.604563847649843 ], [ 2345965.538515700027347, 2477660.604563847649843 ], [ 2345965.538515700027347, 2477692.854126766324043 ], [ 2345933.288642338011414, 2477725.103689684998244 ], [ 2345933.288642338011414, 2477757.35258063999936 ], [ 2345901.039440932683647, 2477757.35258063999936 ], [ 2345901.039440932683647, 2477789.602143558207899 ], [ 2345901.039440932683647, 2477821.8517064768821 ], [ 2345901.039440932683647, 2477854.101269395556301 ], [ 2345901.039440932683647, 2477886.350160350557417 ], [ 2345933.288642338011414, 2477886.350160350557417 ], [ 2345933.288642338011414, 2477918.599723269231617 ], [ 2345933.288642338011414, 2477950.849286187440157 ], [ 2345933.288642338011414, 2477983.098849106114358 ], [ 2345933.288642338011414, 2478015.347740061115474 ], [ 2345933.288642338011414, 2478047.597302979789674 ], [ 2345933.288642338011414, 2478079.846865897998214 ], [ 2345933.288642338011414, 2478112.09575685299933 ], [ 2345901.039440932683647, 2478112.09575685299933 ], [ 2345933.288642338011414, 2478144.34531977167353 ], [ 2345933.288642338011414, 2478176.594882690347731 ], [ 2345933.288642338011414, 2478208.844445608556271 ], [ 2345933.288642338011414, 2478241.093336563557386 ], [ 2345901.039440932683647, 2478273.342899482231587 ], [ 2345868.790239526890218, 2478305.592462400905788 ], [ 2345836.541038121562451, 2478305.592462400905788 ], [ 2345836.541038121562451, 2478337.842025319114327 ], [ 2345836.541038121562451, 2478370.090916274115443 ], [ 2345836.541038121562451, 2478402.340479192789644 ], [ 2345804.291836715769023, 2478434.590042111463845 ], [ 2345804.291836715769023, 2478466.839605030138046 ], [ 2345772.042635310441256, 2478466.839605030138046 ], [ 2345707.543560542631894, 2478466.839605030138046 ], [ 2345675.294359137304127, 2478499.0884959846735 ], [ 2345643.045157731510699, 2478499.0884959846735 ], [ 2345643.045157731510699, 2478531.338058903347701 ], [ 2345610.795956326182932, 2478563.587621822021902 ], [ 2345578.546082964166999, 2478563.587621822021902 ] ] } },
{ "type": "Feature", "properties": { }, "geometry": { "type": "LineString", "coordinates": [ [ 2345578.546082964166999, 2478563.587621822021902 ], [ 2345546.296881558839232, 2478595.836512776557356 ], [ 2345514.047680153045803, 2478595.836512776557356 ], [ 2345481.798478747718036, 2478595.836512776557356 ], [ 2345449.549277341924608, 2478595.836512776557356 ], [ 2345417.300075936596841, 2478595.836512776557356 ], [ 2345385.050202574580908, 2478595.836512776557356 ], [ 2345352.801001168787479, 2478628.086075695231557 ], [ 2345320.551799763459712, 2478628.086075695231557 ], [ 2345288.302598357666284, 2478660.335638613905758 ], [ 2345256.053396952338517, 2478692.585201532579958 ], [ 2345223.803523590322584, 2478692.585201532579958 ], [ 2345223.803523590322584, 2478724.834092487115413 ], [ 2345191.554322184994817, 2478724.834092487115413 ], [ 2345159.305120779201388, 2478757.083655405789614 ], [ 2345159.305120779201388, 2478789.333218324463814 ], [ 2345159.305120779201388, 2478821.582781243138015 ], [ 2345127.05591937340796, 2478821.582781243138015 ], [ 2345094.806717968080193, 2478821.582781243138015 ], [ 2345062.55684460606426, 2478853.83167219767347 ], [ 2345030.307643200736493, 2478853.83167219767347 ], [ 2345030.307643200736493, 2478886.081235116347671 ], [ 2344998.058441794943064, 2478886.081235116347671 ], [ 2344965.809240389615297, 2478886.081235116347671 ], [ 2344933.560038983821869, 2478886.081235116347671 ], [ 2344901.310837578494102, 2478886.081235116347671 ], [ 2344869.060964216478169, 2478918.330798035021871 ], [ 2344836.811762810684741, 2478918.330798035021871 ], [ 2344836.811762810684741, 2478950.579688989557326 ], [ 2344836.811762810684741, 2478982.829251908231527 ], [ 2344836.811762810684741, 2479015.078814826905727 ], [ 2344804.562561405356973, 2479015.078814826905727 ], [ 2344804.562561405356973, 2479047.328377745579928 ], [ 2344804.562561405356973, 2479079.577268700115383 ], [ 2344772.313359999563545, 2479111.826831618789583 ], [ 2344772.313359999563545, 2479144.076394537463784 ], [ 2344740.064158594235778, 2479144.076394537463784 ], [ 2344740.064158594235778, 2479176.325957456137985 ], [ 2344740.064158594235778, 2479208.57484841067344 ], [ 2344740.064158594235778, 2479240.82441132934764 ], [ 2344707.814285232219845, 2479240.82441132934764 ], [ 2344707.814285232219845, 2479273.073974248021841 ], [ 2344675.565083826892078, 2479273.073974248021841 ], [ 2344643.31588242109865, 2479273.073974248021841 ], [ 2344643.31588242109865, 2479305.323537166696042 ], [ 2344611.066681015770882, 2479305.323537166696042 ], [ 2344611.066681015770882, 2479337.572428121231496 ], [ 2344611.066681015770882, 2479369.821991039905697 ], [ 2344578.817479609977454, 2479369.821991039905697 ], [ 2344578.817479609977454, 2479402.071553958579898 ], [ 2344546.567606247961521, 2479402.071553958579898 ], [ 2344546.567606247961521, 2479434.320444913581014 ], [ 2344546.567606247961521, 2479466.570007831789553 ], [ 2344546.567606247961521, 2479498.819570750463754 ], [ 2344546.567606247961521, 2479531.069133669137955 ], [ 2344514.318404842633754, 2479531.069133669137955 ], [ 2344482.069203436840326, 2479531.069133669137955 ], [ 2344449.820002031512558, 2479531.069133669137955 ], [ 2344417.57080062571913, 2479563.318024624139071 ], [ 2344385.321599220391363, 2479563.318024624139071 ], [ 2344385.321599220391363, 2479531.069133669137955 ], [ 2344353.07172585837543, 2479531.069133669137955 ], [ 2344320.822524453047663, 2479531.069133669137955 ], [ 2344256.324121641926467, 2479531.069133669137955 ], [ 2344224.074920236133039, 2479498.819570750463754 ], [ 2344191.825046874117106, 2479498.819570750463754 ], [ 2344159.575845468789339, 2479466.570007831789553 ], [ 2344127.326644062995911, 2479434.320444913581014 ], [ 2344095.077442657668144, 2479434.320444913581014 ], [ 2344062.828241251874715, 2479402.071553958579898 ], [ 2344030.578367889858782, 2479402.071553958579898 ], [ 2344030.578367889858782, 2479369.821991039905697 ], [ 2343998.329166484531015, 2479369.821991039905697 ], [ 2343966.079965078737587, 2479369.821991039905697 ], [ 2343933.83076367340982, 2479369.821991039905697 ], [ 2343901.581562267616391, 2479369.821991039905697 ], [ 2343869.332360862288624, 2479369.821991039905697 ], [ 2343837.082487500272691, 2479369.821991039905697 ], [ 2343837.082487500272691, 2479402.071553958579898 ], [ 2343804.833286094944924, 2479402.071553958579898 ], [ 2343772.584084689151496, 2479402.071553958579898 ], [ 2343740.334883283823729, 2479402.071553958579898 ], [ 2343740.334883283823729, 2479434.320444913581014 ], [ 2343708.0856818780303, 2479434.320444913581014 ], [ 2343708.0856818780303, 2479466.570007831789553 ], [ 2343708.0856818780303, 2479498.819570750463754 ], [ 2343675.835808516014367, 2479498.819570750463754 ], [ 2343643.5866071106866, 2479498.819570750463754 ], [ 2343611.337405704893172, 2479498.819570750463754 ], [ 2343579.088204299565405, 2479498.819570750463754 ], [ 2343579.088204299565405, 2479531.069133669137955 ], [ 2343579.088204299565405, 2479563.318024624139071 ], [ 2343546.839002893771976, 2479563.318024624139071 ], [ 2343514.589129532221705, 2479563.318024624139071 ], [ 2343514.589129532221705, 2479595.56758754234761 ], [ 2343514.589129532221705, 2479627.817150461021811 ], [ 2343482.339928126428276, 2479627.817150461021811 ], [ 2343482.339928126428276, 2479660.066713379696012 ], [ 2343482.339928126428276, 2479692.315604334697127 ], [ 2343450.090726721100509, 2479724.565167252905667 ], [ 2343417.841525315307081, 2479724.565167252905667 ], [ 2343417.841525315307081, 2479756.814730171579868 ], [ 2343385.592323909979314, 2479756.814730171579868 ], [ 2343385.592323909979314, 2479789.064293090254068 ], [ 2343353.343122504185885, 2479821.313184045255184 ], [ 2343321.093249142169952, 2479821.313184045255184 ], [ 2343288.844047736842185, 2479821.313184045255184 ], [ 2343256.594846331048757, 2479821.313184045255184 ], [ 2343224.34564492572099, 2479821.313184045255184 ], [ 2343192.096443519927561, 2479821.313184045255184 ], [ 2343192.096443519927561, 2479853.562746963463724 ], [ 2343159.84657015837729, 2479853.562746963463724 ], [ 2343159.84657015837729, 2479885.812309882137924 ], [ 2343159.84657015837729, 2479918.06120083713904 ], [ 2343159.84657015837729, 2479950.310763755813241 ], [ 2343192.096443519927561, 2479982.560326674487442 ], [ 2343192.096443519927561, 2480014.809889592695981 ], [ 2343224.34564492572099, 2480014.809889592695981 ], [ 2343192.096443519927561, 2480014.809889592695981 ], [ 2343192.096443519927561, 2480047.058780547697097 ], [ 2343159.84657015837729, 2480047.058780547697097 ], [ 2343159.84657015837729, 2480079.308343466371298 ], [ 2343127.597368752583861, 2480079.308343466371298 ], [ 2343127.597368752583861, 2480111.557906385045499 ], [ 2343095.348167346790433, 2480111.557906385045499 ], [ 2343095.348167346790433, 2480143.807469303254038 ], [ 2343095.348167346790433, 2480176.056360258255154 ], [ 2343127.597368752583861, 2480176.056360258255154 ], [ 2343095.348167346790433, 2480176.056360258255154 ], [ 2343095.348167346790433, 2480208.305923176929355 ], [ 2343095.348167346790433, 2480240.555486095603555 ], [ 2343095.348167346790433, 2480272.80437705013901 ], [ 2343063.098965941462666, 2480272.80437705013901 ], [ 2343063.098965941462666, 2480305.053939968813211 ], [ 2343030.849764536134899, 2480305.053939968813211 ], [ 2343030.849764536134899, 2480337.303502887487411 ], [ 2343063.098965941462666, 2480337.303502887487411 ], [ 2343063.098965941462666, 2480401.801956760697067 ], [ 2343095.348167346790433, 2480434.051519679371268 ], [ 2343127.597368752583861, 2480466.301082598045468 ], [ 2343127.597368752583861, 2480498.550645516719669 ], [ 2343159.84657015837729, 2480498.550645516719669 ], [ 2343159.84657015837729, 2480530.799536471255124 ], [ 2343159.84657015837729, 2480563.049099389929324 ], [ 2343159.84657015837729, 2480595.298662308603525 ], [ 2343127.597368752583861, 2480627.548225227277726 ], [ 2343127.597368752583861, 2480659.79711618181318 ], [ 2343159.84657015837729, 2480659.79711618181318 ], [ 2343159.84657015837729, 2480692.046679100487381 ], [ 2343127.597368752583861, 2480692.046679100487381 ], [ 2343095.348167346790433, 2480692.046679100487381 ], [ 2343063.098965941462666, 2480692.046679100487381 ], [ 2343030.849764536134899, 2480692.046679100487381 ], [ 2343030.849764536134899, 2480724.296242019161582 ], [ 2342998.599891174118966, 2480756.545132973697037 ], [ 2342966.350689768325537, 2480788.794695892371237 ], [ 2342966.350689768325537, 2480821.044258811045438 ], [ 2342966.350689768325537, 2480853.293821729719639 ], [ 2342966.350689768325537, 2480885.542712684255093 ], [ 2342966.350689768325537, 2480917.792275602929294 ], [ 2342934.10148836299777, 2480917.792275602929294 ], [ 2342934.10148836299777, 2480950.041838521603495 ], [ 2342901.852286957204342, 2480950.041838521603495 ], [ 2342901.852286957204342, 2481014.54029239481315 ], [ 2342869.603085551876575, 2481014.54029239481315 ], [ 2342837.353884146083146, 2481046.789855313487351 ], [ 2342805.104010784067214, 2481046.789855313487351 ], [ 2342772.854809378739446, 2481046.789855313487351 ], [ 2342772.854809378739446, 2481079.039418232161552 ], [ 2342740.605607972946018, 2481079.039418232161552 ], [ 2342740.605607972946018, 2481111.288981150835752 ], [ 2342708.356406567618251, 2481111.288981150835752 ], [ 2342676.107205161824822, 2481111.288981150835752 ], [ 2342643.857331800274551, 2481111.288981150835752 ], [ 2342611.608130394481122, 2481111.288981150835752 ], [ 2342611.608130394481122, 2481143.537872105371207 ], [ 2342547.109727583359927, 2481208.036997942719609 ], [ 2342547.109727583359927, 2481240.285888897255063 ], [ 2342514.86052617803216, 2481240.285888897255063 ], [ 2342482.611324772238731, 2481272.535451815929264 ], [ 2342450.361451410222799, 2481304.785014734603465 ], [ 2342450.361451410222799, 2481337.034577653277665 ], [ 2342385.863048599101603, 2481369.283468608278781 ], [ 2342385.863048599101603, 2481401.533031526487321 ], [ 2342353.613847193773836, 2481433.782594445161521 ], [ 2342353.613847193773836, 2481466.032157363835722 ], [ 2342321.364645787980407, 2481466.032157363835722 ], [ 2342321.364645787980407, 2481498.281048318836838 ], [ 2342289.114772425964475, 2481498.281048318836838 ], [ 2342256.865571020636708, 2481498.281048318836838 ], [ 2342224.61636961530894, 2481498.281048318836838 ], [ 2342192.367168209515512, 2481498.281048318836838 ], [ 2342160.117966804187745, 2481530.530611237045377 ], [ 2342127.868093442171812, 2481530.530611237045377 ], [ 2342063.369690631050617, 2481595.029065110720694 ], [ 2342031.120489225257188, 2481595.029065110720694 ], [ 2341998.871287819929421, 2481595.029065110720694 ], [ 2341998.871287819929421, 2481562.780174155719578 ], [ 2341998.871287819929421, 2481530.530611237045377 ], [ 2341966.622086414135993, 2481530.530611237045377 ], [ 2341966.622086414135993, 2481498.281048318836838 ], [ 2341934.37221305212006, 2481498.281048318836838 ], [ 2341902.123011646792293, 2481498.281048318836838 ], [ 2341869.873810240998864, 2481498.281048318836838 ], [ 2341837.624608835671097, 2481466.032157363835722 ], [ 2341805.375407429877669, 2481466.032157363835722 ], [ 2341773.125534068327397, 2481466.032157363835722 ], [ 2341773.125534068327397, 2481498.281048318836838 ], [ 2341740.876332662533969, 2481466.032157363835722 ], [ 2341676.377929851412773, 2481466.032157363835722 ], [ 2341676.377929851412773, 2481433.782594445161521 ], [ 2341644.128728446085006, 2481433.782594445161521 ], [ 2341644.128728446085006, 2481401.533031526487321 ], [ 2341644.128728446085006, 2481369.283468608278781 ], [ 2341611.878855084069073, 2481369.283468608278781 ], [ 2341611.878855084069073, 2481337.034577653277665 ], [ 2341611.878855084069073, 2481304.785014734603465 ], [ 2341579.629653678275645, 2481272.535451815929264 ], [ 2341547.380452272947878, 2481240.285888897255063 ], [ 2341515.131250867154449, 2481208.036997942719609 ], [ 2341482.882049461826682, 2481208.036997942719609 ], [ 2341482.882049461826682, 2481175.787435024045408 ], [ 2341450.632848056033254, 2481175.787435024045408 ], [ 2341450.632848056033254, 2481143.537872105371207 ], [ 2341418.382974694482982, 2481143.537872105371207 ], [ 2341386.133773288689554, 2481143.537872105371207 ], [ 2341353.884571883361787, 2481111.288981150835752 ], [ 2341321.635370477568358, 2481111.288981150835752 ], [ 2341289.386169072240591, 2481111.288981150835752 ], [ 2341289.386169072240591, 2481079.039418232161552 ], [ 2341257.136295710224658, 2481079.039418232161552 ], [ 2341224.88709430443123, 2481079.039418232161552 ], [ 2341192.637892899103463, 2481046.789855313487351 ], [ 2341160.388691493310034, 2481014.54029239481315 ], [ 2341160.388691493310034, 2480982.291401440277696 ], [ 2341160.388691493310034, 2480950.041838521603495 ], [ 2341128.139490087982267, 2480950.041838521603495 ], [ 2341128.139490087982267, 2480917.792275602929294 ], [ 2341095.889616725966334, 2480917.792275602929294 ], [ 2341063.640415320172906, 2480917.792275602929294 ], [ 2341063.640415320172906, 2480885.542712684255093 ], [ 2341063.640415320172906, 2480853.293821729719639 ], [ 2340999.14201250905171, 2480821.044258811045438 ], [ 2340966.892811103723943, 2480821.044258811045438 ], [ 2340966.892811103723943, 2480788.794695892371237 ], [ 2340934.643609697930515, 2480788.794695892371237 ], [ 2340966.892811103723943, 2480756.545132973697037 ], [ 2340934.643609697930515, 2480724.296242019161582 ], [ 2340902.393736336380243, 2480724.296242019161582 ], [ 2340870.144534930586815, 2480724.296242019161582 ], [ 2340837.895333525259048, 2480724.296242019161582 ], [ 2340837.895333525259048, 2480756.545132973697037 ], [ 2340805.646132119465619, 2480756.545132973697037 ], [ 2340773.396930714137852, 2480756.545132973697037 ], [ 2340741.147057352121919, 2480756.545132973697037 ], [ 2340708.897855946328491, 2480788.794695892371237 ], [ 2340676.648654541000724, 2480788.794695892371237 ], [ 2340644.399453135207295, 2480788.794695892371237 ], [ 2340644.399453135207295, 2480821.044258811045438 ], [ 2340644.399453135207295, 2480788.794695892371237 ], [ 2340612.150251729879528, 2480788.794695892371237 ], [ 2340612.150251729879528, 2480756.545132973697037 ], [ 2340612.150251729879528, 2480724.296242019161582 ], [ 2340579.900378367863595, 2480692.046679100487381 ], [ 2340612.150251729879528, 2480692.046679100487381 ], [ 2340612.150251729879528, 2480659.79711618181318 ], [ 2340612.150251729879528, 2480627.548225227277726 ], [ 2340612.150251729879528, 2480595.298662308603525 ], [ 2340612.150251729879528, 2480563.049099389929324 ], [ 2340579.900378367863595, 2480563.049099389929324 ], [ 2340547.651176962535828, 2480563.049099389929324 ], [ 2340515.4019755567424, 2480563.049099389929324 ], [ 2340483.152774151414633, 2480563.049099389929324 ], [ 2340483.152774151414633, 2480530.799536471255124 ], [ 2340450.903572745621204, 2480530.799536471255124 ], [ 2340450.903572745621204, 2480563.049099389929324 ], [ 2340450.903572745621204, 2480595.298662308603525 ], [ 2340418.654371340293437, 2480595.298662308603525 ], [ 2340418.654371340293437, 2480627.548225227277726 ], [ 2340386.404497978277504, 2480627.548225227277726 ], [ 2340354.155296572484076, 2480595.298662308603525 ], [ 2340354.155296572484076, 2480563.049099389929324 ], [ 2340321.906095167156309, 2480530.799536471255124 ], [ 2340321.906095167156309, 2480498.550645516719669 ], [ 2340321.906095167156309, 2480466.301082598045468 ], [ 2340321.906095167156309, 2480434.051519679371268 ], [ 2340321.906095167156309, 2480401.801956760697067 ], [ 2340289.65689376136288, 2480401.801956760697067 ], [ 2340289.65689376136288, 2480369.553065806161612 ], [ 2340321.906095167156309, 2480369.553065806161612 ], [ 2340321.906095167156309, 2480337.303502887487411 ], [ 2340354.155296572484076, 2480305.053939968813211 ], [ 2340354.155296572484076, 2480272.80437705013901 ], [ 2340386.404497978277504, 2480272.80437705013901 ], [ 2340418.654371340293437, 2480240.555486095603555 ], [ 2340418.654371340293437, 2480208.305923176929355 ], [ 2340418.654371340293437, 2480176.056360258255154 ], [ 2340386.404497978277504, 2480208.305923176929355 ], [ 2340386.404497978277504, 2480176.056360258255154 ], [ 2340354.155296572484076, 2480143.807469303254038 ], [ 2340321.906095167156309, 2480111.557906385045499 ], [ 2340289.65689376136288, 2480111.557906385045499 ], [ 2340289.65689376136288, 2480079.308343466371298 ], [ 2340257.407692356035113, 2480079.308343466371298 ], [ 2340225.157818994019181, 2480079.308343466371298 ], [ 2340192.908617588691413, 2480079.308343466371298 ], [ 2340160.659416182897985, 2480079.308343466371298 ], [ 2340160.659416182897985, 2480047.058780547697097 ], [ 2340128.410214777570218, 2480047.058780547697097 ], [ 2340128.410214777570218, 2480014.809889592695981 ], [ 2340096.161013371776789, 2480014.809889592695981 ], [ 2340063.911140009760857, 2480014.809889592695981 ], [ 2340031.661938604433089, 2479982.560326674487442 ], [ 2339999.412737198639661, 2479982.560326674487442 ], [ 2339999.412737198639661, 2479950.310763755813241 ], [ 2339999.412737198639661, 2479918.06120083713904 ], [ 2339999.412737198639661, 2479885.812309882137924 ], [ 2339967.163535793311894, 2479853.562746963463724 ], [ 2339967.163535793311894, 2479821.313184045255184 ], [ 2339999.412737198639661, 2479789.064293090254068 ], [ 2339999.412737198639661, 2479756.814730171579868 ], [ 2339999.412737198639661, 2479724.565167252905667 ], [ 2339999.412737198639661, 2479692.315604334697127 ], [ 2339967.163535793311894, 2479692.315604334697127 ], [ 2339934.914334387518466, 2479692.315604334697127 ], [ 2339934.914334387518466, 2479660.066713379696012 ], [ 2339934.914334387518466, 2479627.817150461021811 ], [ 2339967.163535793311894, 2479595.56758754234761 ], [ 2339967.163535793311894, 2479563.318024624139071 ], [ 2339999.412737198639661, 2479563.318024624139071 ], [ 2339999.412737198639661, 2479531.069133669137955 ], [ 2339967.163535793311894, 2479531.069133669137955 ], [ 2339967.163535793311894, 2479498.819570750463754 ], [ 2339967.163535793311894, 2479466.570007831789553 ], [ 2339934.914334387518466, 2479466.570007831789553 ], [ 2339934.914334387518466, 2479498.819570750463754 ], [ 2339902.665132982190698, 2479498.819570750463754 ], [ 2339870.415259620174766, 2479531.069133669137955 ], [ 2339838.166058214381337, 2479531.069133669137955 ], [ 2339805.91685680905357, 2479531.069133669137955 ], [ 2339773.667655403260142, 2479563.318024624139071 ], [ 2339741.418453997932374, 2479563.318024624139071 ], [ 2339709.168580635916442, 2479563.318024624139071 ], [ 2339676.919379230588675, 2479563.318024624139071 ], [ 2339644.670177824795246, 2479563.318024624139071 ], [ 2339612.420976419467479, 2479563.318024624139071 ], [ 2339580.171775013674051, 2479595.56758754234761 ], [ 2339547.922573608346283, 2479595.56758754234761 ], [ 2339515.672700246330351, 2479563.318024624139071 ], [ 2339515.672700246330351, 2479531.069133669137955 ], [ 2339483.423498840536922, 2479531.069133669137955 ], [ 2339483.423498840536922, 2479498.819570750463754 ], [ 2339515.672700246330351, 2479498.819570750463754 ], [ 2339515.672700246330351, 2479466.570007831789553 ], [ 2339515.672700246330351, 2479434.320444913581014 ], [ 2339483.423498840536922, 2479434.320444913581014 ], [ 2339483.423498840536922, 2479402.071553958579898 ], [ 2339515.672700246330351, 2479402.071553958579898 ], [ 2339515.672700246330351, 2479369.821991039905697 ], [ 2339483.423498840536922, 2479369.821991039905697 ], [ 2339451.174297435209155, 2479369.821991039905697 ], [ 2339451.174297435209155, 2479337.572428121231496 ], [ 2339451.174297435209155, 2479305.323537166696042 ], [ 2339451.174297435209155, 2479273.073974248021841 ], [ 2339418.925096029415727, 2479240.82441132934764 ], [ 2339451.174297435209155, 2479208.57484841067344 ], [ 2339451.174297435209155, 2479176.325957456137985 ], [ 2339451.174297435209155, 2479144.076394537463784 ], [ 2339451.174297435209155, 2479111.826831618789583 ], [ 2339483.423498840536922, 2479111.826831618789583 ], [ 2339483.423498840536922, 2479079.577268700115383 ], [ 2339515.672700246330351, 2479079.577268700115383 ], [ 2339547.922573608346283, 2479079.577268700115383 ], [ 2339547.922573608346283, 2479047.328377745579928 ], [ 2339580.171775013674051, 2479047.328377745579928 ], [ 2339580.171775013674051, 2479079.577268700115383 ], [ 2339612.420976419467479, 2479079.577268700115383 ], [ 2339612.420976419467479, 2479047.328377745579928 ], [ 2339644.670177824795246, 2479047.328377745579928 ], [ 2339644.670177824795246, 2479015.078814826905727 ], [ 2339676.919379230588675, 2479015.078814826905727 ], [ 2339709.168580635916442, 2478982.829251908231527 ], [ 2339709.168580635916442, 2478950.579688989557326 ], [ 2339741.418453997932374, 2478950.579688989557326 ], [ 2339741.418453997932374, 2478918.330798035021871 ], [ 2339741.418453997932374, 2478886.081235116347671 ], [ 2339773.667655403260142, 2478886.081235116347671 ], [ 2339773.667655403260142, 2478853.83167219767347 ], [ 2339805.91685680905357, 2478821.582781243138015 ], [ 2339805.91685680905357, 2478789.333218324463814 ], [ 2339805.91685680905357, 2478757.083655405789614 ], [ 2339773.667655403260142, 2478757.083655405789614 ], [ 2339741.418453997932374, 2478757.083655405789614 ], [ 2339709.168580635916442, 2478757.083655405789614 ], [ 2339709.168580635916442, 2478724.834092487115413 ], [ 2339709.168580635916442, 2478692.585201532579958 ], [ 2339709.168580635916442, 2478660.335638613905758 ], [ 2339676.919379230588675, 2478660.335638613905758 ], [ 2339644.670177824795246, 2478660.335638613905758 ], [ 2339612.420976419467479, 2478660.335638613905758 ], [ 2339612.420976419467479, 2478628.086075695231557 ], [ 2339580.171775013674051, 2478628.086075695231557 ], [ 2339547.922573608346283, 2478628.086075695231557 ], [ 2339515.672700246330351, 2478660.335638613905758 ], [ 2339483.423498840536922, 2478660.335638613905758 ], [ 2339451.174297435209155, 2478660.335638613905758 ], [ 2339451.174297435209155, 2478692.585201532579958 ], [ 2339418.925096029415727, 2478692.585201532579958 ], [ 2339386.67589462408796, 2478692.585201532579958 ], [ 2339386.67589462408796, 2478660.335638613905758 ], [ 2339354.426021262072027, 2478660.335638613905758 ], [ 2339354.426021262072027, 2478628.086075695231557 ], [ 2339386.67589462408796, 2478628.086075695231557 ], [ 2339354.426021262072027, 2478628.086075695231557 ], [ 2339354.426021262072027, 2478595.836512776557356 ], [ 2339354.426021262072027, 2478531.338058903347701 ], [ 2339386.67589462408796, 2478531.338058903347701 ], [ 2339386.67589462408796, 2478499.0884959846735 ], [ 2339418.925096029415727, 2478466.839605030138046 ], [ 2339418.925096029415727, 2478434.590042111463845 ], [ 2339386.67589462408796, 2478434.590042111463845 ], [ 2339418.925096029415727, 2478402.340479192789644 ], [ 2339418.925096029415727, 2478370.090916274115443 ], [ 2339451.174297435209155, 2478370.090916274115443 ], [ 2339451.174297435209155, 2478337.842025319114327 ], [ 2339418.925096029415727, 2478305.592462400905788 ], [ 2339386.67589462408796, 2478305.592462400905788 ], [ 2339354.426021262072027, 2478305.592462400905788 ], [ 2339354.426021262072027, 2478273.342899482231587 ], [ 2339322.17681985674426, 2478273.342899482231587 ], [ 2339289.927618450950831, 2478273.342899482231587 ], [ 2339257.678417045623064, 2478273.342899482231587 ], [ 2339225.429215639829636, 2478273.342899482231587 ], [ 2339225.429215639829636, 2478241.093336563557386 ], [ 2339193.179342277813703, 2478241.093336563557386 ], [ 2339193.179342277813703, 2478208.844445608556271 ], [ 2339193.179342277813703, 2478176.594882690347731 ], [ 2339160.930140872485936, 2478176.594882690347731 ], [ 2339128.680939466692507, 2478176.594882690347731 ], [ 2339096.43173806136474, 2478176.594882690347731 ], [ 2339064.182536655571312, 2478176.594882690347731 ], [ 2339031.933335250243545, 2478176.594882690347731 ], [ 2338999.683461888227612, 2478176.594882690347731 ], [ 2338999.683461888227612, 2478144.34531977167353 ], [ 2338967.434260482434183, 2478144.34531977167353 ], [ 2338967.434260482434183, 2478112.09575685299933 ], [ 2338967.434260482434183, 2478079.846865897998214 ], [ 2338935.185059077106416, 2478079.846865897998214 ], [ 2338935.185059077106416, 2478047.597302979789674 ], [ 2338902.935857671312988, 2478047.597302979789674 ], [ 2338902.935857671312988, 2478015.347740061115474 ], [ 2338870.686656265985221, 2478015.347740061115474 ], [ 2338870.686656265985221, 2477983.098849106114358 ], [ 2338870.686656265985221, 2477950.849286187440157 ], [ 2338838.436782903969288, 2477918.599723269231617 ], [ 2338806.187581498641521, 2477918.599723269231617 ], [ 2338806.187581498641521, 2477886.350160350557417 ], [ 2338806.187581498641521, 2477854.101269395556301 ], [ 2338806.187581498641521, 2477789.602143558207899 ], [ 2338806.187581498641521, 2477757.35258063999936 ], [ 2338806.187581498641521, 2477725.103689684998244 ], [ 2338838.436782903969288, 2477692.854126766324043 ], [ 2338870.686656265985221, 2477692.854126766324043 ], [ 2338870.686656265985221, 2477660.604563847649843 ], [ 2338870.686656265985221, 2477692.854126766324043 ], [ 2338902.935857671312988, 2477660.604563847649843 ], [ 2338902.935857671312988, 2477628.355000929441303 ], [ 2338902.935857671312988, 2477596.106109974440187 ], [ 2338902.935857671312988, 2477563.856547055765986 ], [ 2338870.686656265985221, 2477531.606984137091786 ], [ 2338838.436782903969288, 2477531.606984137091786 ], [ 2338773.938380092848092, 2477531.606984137091786 ], [ 2338741.689178687520325, 2477563.856547055765986 ], [ 2338709.439977281726897, 2477563.856547055765986 ], [ 2338677.190103919710964, 2477563.856547055765986 ], [ 2338677.190103919710964, 2477531.606984137091786 ], [ 2338644.940902514383197, 2477531.606984137091786 ], [ 2338612.691701108589768, 2477531.606984137091786 ], [ 2338580.442499703262001, 2477531.606984137091786 ], [ 2338548.193298297468573, 2477531.606984137091786 ], [ 2338515.944096892140806, 2477531.606984137091786 ], [ 2338483.694223530124873, 2477531.606984137091786 ], [ 2338451.445022124797106, 2477563.856547055765986 ], [ 2338419.195820719003677, 2477563.856547055765986 ], [ 2338419.195820719003677, 2477596.106109974440187 ], [ 2338419.195820719003677, 2477628.355000929441303 ], [ 2338419.195820719003677, 2477660.604563847649843 ], [ 2338386.94661931367591, 2477660.604563847649843 ], [ 2338354.697417907882482, 2477660.604563847649843 ], [ 2338322.447544545866549, 2477660.604563847649843 ], [ 2338290.198343140538782, 2477660.604563847649843 ], [ 2338290.198343140538782, 2477692.854126766324043 ], [ 2338257.949141734745353, 2477692.854126766324043 ], [ 2338257.949141734745353, 2477725.103689684998244 ], [ 2338225.699940329417586, 2477725.103689684998244 ], [ 2338225.699940329417586, 2477757.35258063999936 ], [ 2338193.450738923624158, 2477789.602143558207899 ], [ 2338161.200865562073886, 2477789.602143558207899 ], [ 2338128.951664156280458, 2477789.602143558207899 ], [ 2338128.951664156280458, 2477757.35258063999936 ], [ 2338096.70246275048703, 2477757.35258063999936 ], [ 2338096.70246275048703, 2477725.103689684998244 ], [ 2338064.453261345159262, 2477725.103689684998244 ], [ 2338032.204059939831495, 2477725.103689684998244 ], [ 2338032.204059939831495, 2477757.35258063999936 ], [ 2337999.954858534038067, 2477757.35258063999936 ], [ 2337967.704985172022134, 2477757.35258063999936 ], [ 2337967.704985172022134, 2477789.602143558207899 ], [ 2337967.704985172022134, 2477821.8517064768821 ], [ 2337967.704985172022134, 2477854.101269395556301 ], [ 2337935.455783766694367, 2477854.101269395556301 ], [ 2337903.206582360900939, 2477854.101269395556301 ], [ 2337903.206582360900939, 2477886.350160350557417 ], [ 2337870.957380955573171, 2477886.350160350557417 ], [ 2337838.708179549779743, 2477886.350160350557417 ], [ 2337806.45830618776381, 2477886.350160350557417 ], [ 2337806.45830618776381, 2477854.101269395556301 ], [ 2337774.209104782436043, 2477854.101269395556301 ], [ 2337774.209104782436043, 2477886.350160350557417 ], [ 2337741.959903376642615, 2477886.350160350557417 ], [ 2337741.959903376642615, 2477918.599723269231617 ], [ 2337709.710701971314847, 2477918.599723269231617 ], [ 2337677.461500565521419, 2477918.599723269231617 ], [ 2337645.211627203971148, 2477918.599723269231617 ], [ 2337645.211627203971148, 2477950.849286187440157 ], [ 2337677.461500565521419, 2477950.849286187440157 ], [ 2337677.461500565521419, 2477983.098849106114358 ], [ 2337645.211627203971148, 2478015.347740061115474 ], [ 2337645.211627203971148, 2478047.597302979789674 ], [ 2337612.962425798177719, 2478047.597302979789674 ], [ 2337612.962425798177719, 2478015.347740061115474 ], [ 2337580.713224392849952, 2478015.347740061115474 ], [ 2337580.713224392849952, 2478047.597302979789674 ], [ 2337548.464022987056524, 2478047.597302979789674 ], [ 2337516.214821581728756, 2478047.597302979789674 ], [ 2337516.214821581728756, 2478015.347740061115474 ], [ 2337483.965620175935328, 2478047.597302979789674 ], [ 2337483.965620175935328, 2478015.347740061115474 ], [ 2337451.715746813919395, 2478015.347740061115474 ], [ 2337419.466545408591628, 2478015.347740061115474 ], [ 2337419.466545408591628, 2478047.597302979789674 ], [ 2337419.466545408591628, 2478079.846865897998214 ], [ 2337451.715746813919395, 2478112.09575685299933 ], [ 2337451.715746813919395, 2478144.34531977167353 ], [ 2337451.715746813919395, 2478176.594882690347731 ], [ 2337483.965620175935328, 2478176.594882690347731 ], [ 2337483.965620175935328, 2478208.844445608556271 ], [ 2337516.214821581728756, 2478208.844445608556271 ], [ 2337516.214821581728756, 2478241.093336563557386 ], [ 2337516.214821581728756, 2478273.342899482231587 ], [ 2337483.965620175935328, 2478273.342899482231587 ], [ 2337451.715746813919395, 2478305.592462400905788 ], [ 2337419.466545408591628, 2478305.592462400905788 ], [ 2337419.466545408591628, 2478273.342899482231587 ], [ 2337419.466545408591628, 2478241.093336563557386 ], [ 2337387.2173440027982, 2478241.093336563557386 ], [ 2337354.968142597470433, 2478241.093336563557386 ], [ 2337322.718941191677004, 2478273.342899482231587 ], [ 2337322.718941191677004, 2478305.592462400905788 ], [ 2337290.469067830126733, 2478337.842025319114327 ], [ 2337290.469067830126733, 2478370.090916274115443 ], [ 2337322.718941191677004, 2478370.090916274115443 ], [ 2337322.718941191677004, 2478402.340479192789644 ], [ 2337322.718941191677004, 2478434.590042111463845 ], [ 2337354.968142597470433, 2478434.590042111463845 ], [ 2337354.968142597470433, 2478466.839605030138046 ], [ 2337354.968142597470433, 2478499.0884959846735 ], [ 2337354.968142597470433, 2478531.338058903347701 ], [ 2337322.718941191677004, 2478531.338058903347701 ], [ 2337322.718941191677004, 2478563.587621822021902 ], [ 2337354.968142597470433, 2478563.587621822021902 ], [ 2337354.968142597470433, 2478595.836512776557356 ], [ 2337354.968142597470433, 2478628.086075695231557 ], [ 2337322.718941191677004, 2478628.086075695231557 ], [ 2337322.718941191677004, 2478660.335638613905758 ], [ 2337322.718941191677004, 2478692.585201532579958 ], [ 2337290.469067830126733, 2478692.585201532579958 ], [ 2337290.469067830126733, 2478724.834092487115413 ], [ 2337258.219866424333304, 2478724.834092487115413 ], [ 2337258.219866424333304, 2478692.585201532579958 ], [ 2337225.970665019005537, 2478692.585201532579958 ], [ 2337225.970665019005537, 2478660.335638613905758 ], [ 2337193.721463613212109, 2478660.335638613905758 ], [ 2337161.472262207884341, 2478660.335638613905758 ], [ 2337161.472262207884341, 2478628.086075695231557 ], [ 2337161.472262207884341, 2478595.836512776557356 ], [ 2337129.222388845868409, 2478595.836512776557356 ], [ 2337096.97318744007498, 2478595.836512776557356 ], [ 2337096.97318744007498, 2478628.086075695231557 ], [ 2337064.723986034747213, 2478628.086075695231557 ], [ 2337032.474784628953785, 2478628.086075695231557 ], [ 2337032.474784628953785, 2478595.836512776557356 ], [ 2337032.474784628953785, 2478563.587621822021902 ], [ 2337064.723986034747213, 2478531.338058903347701 ], [ 2337032.474784628953785, 2478499.0884959846735 ], [ 2337000.225583223626018, 2478499.0884959846735 ], [ 2336967.976381817832589, 2478499.0884959846735 ], [ 2336967.976381817832589, 2478466.839605030138046 ], [ 2336935.726508455816656, 2478466.839605030138046 ], [ 2336935.726508455816656, 2478434.590042111463845 ], [ 2336903.477307050488889, 2478434.590042111463845 ], [ 2336871.228105644695461, 2478466.839605030138046 ], [ 2336871.228105644695461, 2478499.0884959846735 ], [ 2336838.978904239367694, 2478499.0884959846735 ], [ 2336806.729702833574265, 2478499.0884959846735 ], [ 2336774.479829472023994, 2478531.338058903347701 ], [ 2336742.230628066230565, 2478531.338058903347701 ], [ 2336742.230628066230565, 2478563.587621822021902 ], [ 2336742.230628066230565, 2478595.836512776557356 ], [ 2336709.981426660902798, 2478595.836512776557356 ], [ 2336709.981426660902798, 2478563.587621822021902 ], [ 2336677.73222525510937, 2478563.587621822021902 ], [ 2336677.73222525510937, 2478595.836512776557356 ], [ 2336645.483023849781603, 2478595.836512776557356 ], [ 2336645.483023849781603, 2478628.086075695231557 ], [ 2336613.233822443988174, 2478628.086075695231557 ], [ 2336613.233822443988174, 2478660.335638613905758 ], [ 2336580.983949081972241, 2478660.335638613905758 ], [ 2336580.983949081972241, 2478692.585201532579958 ], [ 2336548.734747676644474, 2478692.585201532579958 ], [ 2336548.734747676644474, 2478724.834092487115413 ], [ 2336516.485546270851046, 2478757.083655405789614 ], [ 2336484.236344865523279, 2478757.083655405789614 ], [ 2336484.236344865523279, 2478724.834092487115413 ], [ 2336451.98714345972985, 2478724.834092487115413 ], [ 2336419.737270098179579, 2478692.585201532579958 ], [ 2336387.48806869238615, 2478724.834092487115413 ], [ 2336355.238867287058383, 2478757.083655405789614 ], [ 2336322.989665881264955, 2478757.083655405789614 ], [ 2336290.740464475937188, 2478757.083655405789614 ], [ 2336290.740464475937188, 2478724.834092487115413 ], [ 2336258.490591113921255, 2478724.834092487115413 ], [ 2336226.241389708127826, 2478757.083655405789614 ], [ 2336258.490591113921255, 2478757.083655405789614 ], [ 2336226.241389708127826, 2478789.333218324463814 ], [ 2336193.992188302800059, 2478789.333218324463814 ], [ 2336193.992188302800059, 2478821.582781243138015 ], [ 2336226.241389708127826, 2478821.582781243138015 ], [ 2336226.241389708127826, 2478853.83167219767347 ], [ 2336193.992188302800059, 2478853.83167219767347 ], [ 2336193.992188302800059, 2478886.081235116347671 ], [ 2336161.742986897006631, 2478886.081235116347671 ], [ 2336129.493785491678864, 2478886.081235116347671 ], [ 2336129.493785491678864, 2478918.330798035021871 ], [ 2336129.493785491678864, 2478950.579688989557326 ], [ 2336129.493785491678864, 2478982.829251908231527 ], [ 2336097.244584085885435, 2478982.829251908231527 ], [ 2336097.244584085885435, 2479015.078814826905727 ], [ 2336097.244584085885435, 2478982.829251908231527 ], [ 2336064.994710723869503, 2478982.829251908231527 ], [ 2336064.994710723869503, 2479015.078814826905727 ], [ 2336032.745509318541735, 2479015.078814826905727 ], [ 2336032.745509318541735, 2479047.328377745579928 ], [ 2336000.496307913213968, 2479047.328377745579928 ], [ 2335968.24710650742054, 2479047.328377745579928 ], [ 2335935.997905101627111, 2479015.078814826905727 ], [ 2335935.997905101627111, 2479047.328377745579928 ], [ 2335903.74803174007684, 2479047.328377745579928 ], [ 2335903.74803174007684, 2479079.577268700115383 ], [ 2335935.997905101627111, 2479079.577268700115383 ], [ 2335935.997905101627111, 2479111.826831618789583 ], [ 2335935.997905101627111, 2479144.076394537463784 ], [ 2335935.997905101627111, 2479176.325957456137985 ], [ 2335968.24710650742054, 2479176.325957456137985 ], [ 2335935.997905101627111, 2479176.325957456137985 ], [ 2335935.997905101627111, 2479208.57484841067344 ], [ 2335903.74803174007684, 2479208.57484841067344 ], [ 2335871.498830334283412, 2479208.57484841067344 ], [ 2335871.498830334283412, 2479240.82441132934764 ], [ 2335903.74803174007684, 2479240.82441132934764 ], [ 2335903.74803174007684, 2479273.073974248021841 ], [ 2335935.997905101627111, 2479305.323537166696042 ], [ 2335935.997905101627111, 2479337.572428121231496 ], [ 2335903.74803174007684, 2479337.572428121231496 ], [ 2335903.74803174007684, 2479369.821991039905697 ], [ 2335871.498830334283412, 2479369.821991039905697 ], [ 2335871.498830334283412, 2479337.572428121231496 ], [ 2335871.498830334283412, 2479305.323537166696042 ], [ 2335839.249628928955644, 2479305.323537166696042 ], [ 2335807.000427523162216, 2479305.323537166696042 ], [ 2335807.000427523162216, 2479337.572428121231496 ], [ 2335807.000427523162216, 2479369.821991039905697 ], [ 2335807.000427523162216, 2479402.071553958579898 ], [ 2335807.000427523162216, 2479434.320444913581014 ], [ 2335807.000427523162216, 2479466.570007831789553 ], [ 2335774.751226117834449, 2479466.570007831789553 ], [ 2335710.252151350025088, 2479466.570007831789553 ], [ 2335678.00294994469732, 2479434.320444913581014 ], [ 2335645.753748538903892, 2479434.320444913581014 ], [ 2335613.504547133576125, 2479434.320444913581014 ], [ 2335581.255345727782696, 2479402.071553958579898 ], [ 2335549.005472366232425, 2479369.821991039905697 ], [ 2335516.756270960438997, 2479337.572428121231496 ], [ 2335452.257868149317801, 2479305.323537166696042 ], [ 2335420.008666743990034, 2479305.323537166696042 ], [ 2335420.008666743990034, 2479273.073974248021841 ], [ 2335387.758793381974101, 2479273.073974248021841 ], [ 2335387.758793381974101, 2479305.323537166696042 ], [ 2335355.509591976180673, 2479305.323537166696042 ], [ 2335323.260390570852906, 2479305.323537166696042 ], [ 2335291.011189165059477, 2479305.323537166696042 ], [ 2335291.011189165059477, 2479337.572428121231496 ], [ 2335258.76198775973171, 2479337.572428121231496 ], [ 2335258.76198775973171, 2479305.323537166696042 ], [ 2335226.512114397715777, 2479305.323537166696042 ], [ 2335226.512114397715777, 2479273.073974248021841 ], [ 2335162.013711586594582, 2479273.073974248021841 ], [ 2335129.764510181266814, 2479273.073974248021841 ], [ 2335097.515308775473386, 2479273.073974248021841 ], [ 2335033.016234008129686, 2479273.073974248021841 ], [ 2335000.767032602336258, 2479273.073974248021841 ], [ 2334968.517831197008491, 2479273.073974248021841 ], [ 2334936.268629791215062, 2479273.073974248021841 ], [ 2334936.268629791215062, 2479240.82441132934764 ], [ 2334904.019428385887295, 2479240.82441132934764 ], [ 2334904.019428385887295, 2479273.073974248021841 ], [ 2334871.769555023871362, 2479273.073974248021841 ], [ 2334871.769555023871362, 2479305.323537166696042 ], [ 2334839.520353618077934, 2479305.323537166696042 ], [ 2334807.271152212750167, 2479305.323537166696042 ], [ 2334807.271152212750167, 2479337.572428121231496 ], [ 2334807.271152212750167, 2479369.821991039905697 ], [ 2334807.271152212750167, 2479402.071553958579898 ], [ 2334775.021950806956738, 2479402.071553958579898 ], [ 2334742.772749401628971, 2479402.071553958579898 ], [ 2334710.522876039613038, 2479402.071553958579898 ], [ 2334678.273674634285271, 2479402.071553958579898 ], [ 2334678.273674634285271, 2479369.821991039905697 ], [ 2334678.273674634285271, 2479337.572428121231496 ], [ 2334710.522876039613038, 2479305.323537166696042 ], [ 2334710.522876039613038, 2479273.073974248021841 ], [ 2334678.273674634285271, 2479273.073974248021841 ], [ 2334646.024473228491843, 2479305.323537166696042 ], [ 2334613.775271823164076, 2479305.323537166696042 ], [ 2334581.526070417370647, 2479305.323537166696042 ], [ 2334581.526070417370647, 2479273.073974248021841 ], [ 2334613.775271823164076, 2479240.82441132934764 ], [ 2334613.775271823164076, 2479208.57484841067344 ], [ 2334613.775271823164076, 2479176.325957456137985 ], [ 2334646.024473228491843, 2479176.325957456137985 ], [ 2334646.024473228491843, 2479144.076394537463784 ], [ 2334646.024473228491843, 2479111.826831618789583 ], [ 2334646.024473228491843, 2479079.577268700115383 ], [ 2334613.775271823164076, 2479047.328377745579928 ], [ 2334613.775271823164076, 2479015.078814826905727 ], [ 2334581.526070417370647, 2479015.078814826905727 ], [ 2334549.27686901204288, 2479015.078814826905727 ], [ 2334517.026995650026947, 2479047.328377745579928 ], [ 2334484.777794244233519, 2479047.328377745579928 ], [ 2334452.528592838905752, 2479047.328377745579928 ], [ 2334452.528592838905752, 2479015.078814826905727 ], [ 2334420.279391433112323, 2479015.078814826905727 ], [ 2334388.030190027784556, 2479047.328377745579928 ], [ 2334355.780316665768623, 2479047.328377745579928 ], [ 2334323.531115260440856, 2479047.328377745579928 ], [ 2334291.281913854647428, 2479047.328377745579928 ], [ 2334291.281913854647428, 2479015.078814826905727 ], [ 2334259.032712449319661, 2479015.078814826905727 ], [ 2334259.032712449319661, 2478982.829251908231527 ], [ 2334226.783511043526232, 2478982.829251908231527 ], [ 2334162.284436276182532, 2479015.078814826905727 ], [ 2334130.035234870389104, 2479015.078814826905727 ], [ 2334097.786033465061337, 2479047.328377745579928 ], [ 2334065.536832059267908, 2479047.328377745579928 ], [ 2334033.287630653940141, 2479047.328377745579928 ], [ 2334001.037757291924208, 2479047.328377745579928 ], [ 2334001.037757291924208, 2479079.577268700115383 ], [ 2334001.037757291924208, 2479111.826831618789583 ], [ 2333968.78855588613078, 2479111.826831618789583 ], [ 2333936.539354480803013, 2479144.076394537463784 ], [ 2333904.290153075009584, 2479176.325957456137985 ], [ 2333872.040951669681817, 2479208.57484841067344 ], [ 2333839.791078307665884, 2479176.325957456137985 ], [ 2333839.791078307665884, 2479144.076394537463784 ], [ 2333807.541876902338117, 2479144.076394537463784 ], [ 2333807.541876902338117, 2479111.826831618789583 ], [ 2333775.292675496544689, 2479111.826831618789583 ], [ 2333743.043474091216922, 2479144.076394537463784 ], [ 2333710.794272685423493, 2479144.076394537463784 ], [ 2333678.545071280095726, 2479144.076394537463784 ], [ 2333678.545071280095726, 2479176.325957456137985 ], [ 2333646.295197918079793, 2479176.325957456137985 ], [ 2333646.295197918079793, 2479208.57484841067344 ], [ 2333678.545071280095726, 2479208.57484841067344 ], [ 2333678.545071280095726, 2479240.82441132934764 ], [ 2333678.545071280095726, 2479273.073974248021841 ], [ 2333646.295197918079793, 2479305.323537166696042 ], [ 2333646.295197918079793, 2479337.572428121231496 ], [ 2333614.045996512286365, 2479337.572428121231496 ], [ 2333581.796795106958598, 2479369.821991039905697 ], [ 2333549.547593701165169, 2479434.320444913581014 ], [ 2333549.547593701165169, 2479466.570007831789553 ], [ 2333549.547593701165169, 2479498.819570750463754 ], [ 2333549.547593701165169, 2479563.318024624139071 ], [ 2333517.298392295837402, 2479563.318024624139071 ], [ 2333517.298392295837402, 2479595.56758754234761 ], [ 2333485.04851893382147, 2479563.318024624139071 ], [ 2333485.04851893382147, 2479531.069133669137955 ], [ 2333452.799317528493702, 2479531.069133669137955 ], [ 2333420.550116122700274, 2479531.069133669137955 ], [ 2333388.300914717372507, 2479563.318024624139071 ], [ 2333356.051713311579078, 2479595.56758754234761 ], [ 2333356.051713311579078, 2479627.817150461021811 ], [ 2333356.051713311579078, 2479660.066713379696012 ], [ 2333323.801839949563146, 2479692.315604334697127 ], [ 2333291.552638544235379, 2479692.315604334697127 ], [ 2333259.30343713844195, 2479692.315604334697127 ], [ 2333227.054235733114183, 2479692.315604334697127 ], [ 2333194.805034327320755, 2479724.565167252905667 ], [ 2333162.555832921992987, 2479724.565167252905667 ], [ 2333162.555832921992987, 2479756.814730171579868 ], [ 2333130.305959559977055, 2479789.064293090254068 ], [ 2333130.305959559977055, 2479821.313184045255184 ], [ 2333098.056758154649287, 2479885.812309882137924 ], [ 2333065.807556748855859, 2479885.812309882137924 ], [ 2333033.558355343528092, 2479918.06120083713904 ], [ 2333033.558355343528092, 2479950.310763755813241 ], [ 2333033.558355343528092, 2479982.560326674487442 ], [ 2333001.309153937734663, 2480014.809889592695981 ], [ 2332969.059280575718731, 2480014.809889592695981 ], [ 2332969.059280575718731, 2480047.058780547697097 ], [ 2332936.810079170390964, 2480047.058780547697097 ], [ 2332936.810079170390964, 2480111.557906385045499 ], [ 2332904.560877764597535, 2480143.807469303254038 ], [ 2332904.560877764597535, 2480176.056360258255154 ], [ 2332904.560877764597535, 2480208.305923176929355 ], [ 2332872.311676359269768, 2480240.555486095603555 ], [ 2332840.06247495347634, 2480240.555486095603555 ], [ 2332807.812601591460407, 2480272.80437705013901 ], [ 2332775.56340018613264, 2480305.053939968813211 ], [ 2332775.56340018613264, 2480369.553065806161612 ], [ 2332743.314198780339211, 2480401.801956760697067 ], [ 2332711.064997375011444, 2480401.801956760697067 ], [ 2332678.815795969218016, 2480401.801956760697067 ], [ 2332646.566594563890249, 2480434.051519679371268 ], [ 2332614.316721201874316, 2480466.301082598045468 ], [ 2332582.067519796546549, 2480498.550645516719669 ], [ 2332549.81831839075312, 2480498.550645516719669 ], [ 2332517.569116985425353, 2480530.799536471255124 ], [ 2332517.569116985425353, 2480563.049099389929324 ], [ 2332485.319915579631925, 2480595.298662308603525 ], [ 2332485.319915579631925, 2480627.548225227277726 ], [ 2332517.569116985425353, 2480659.79711618181318 ], [ 2332549.81831839075312, 2480659.79711618181318 ], [ 2332549.81831839075312, 2480692.046679100487381 ], [ 2332549.81831839075312, 2480724.296242019161582 ], [ 2332517.569116985425353, 2480724.296242019161582 ], [ 2332517.569116985425353, 2480756.545132973697037 ], [ 2332485.319915579631925, 2480788.794695892371237 ], [ 2332485.319915579631925, 2480821.044258811045438 ], [ 2332453.070042217615992, 2480853.293821729719639 ], [ 2332388.571639406494796, 2480885.542712684255093 ], [ 2332356.322438001167029, 2480885.542712684255093 ], [ 2332324.073236595373601, 2480885.542712684255093 ], [ 2332291.823363233823329, 2480853.293821729719639 ], [ 2332259.574161828029901, 2480853.293821729719639 ], [ 2332259.574161828029901, 2480885.542712684255093 ], [ 2332227.324960422702134, 2480885.542712684255093 ], [ 2331485.590640269219875, 2480950.041838521603495 ], [ 2331453.341438863426447, 2480950.041838521603495 ], [ 2331453.341438863426447, 2480982.291401440277696 ], [ 2331421.091565501876175, 2480982.291401440277696 ], [ 2331388.842364096082747, 2480982.291401440277696 ], [ 2331356.59316269075498, 2481014.54029239481315 ], [ 2331324.343961284961551, 2481014.54029239481315 ], [ 2331292.094759879633784, 2480982.291401440277696 ], [ 2331259.844886517617851, 2480982.291401440277696 ], [ 2331098.598879489582032, 2481014.54029239481315 ], [ 2331034.099804722238332, 2481014.54029239481315 ], [ 2330872.853125737980008, 2481046.789855313487351 ], [ 2330937.352200505789369, 2481691.777753866277635 ], [ 2330937.352200505789369, 2481820.775333576835692 ], [ 2330969.601401911117136, 2481917.523350369185209 ], [ 2330969.601401911117136, 2481949.772913287393749 ], [ 2330969.601401911117136, 2482014.271367161069065 ], [ 2330969.601401911117136, 2482078.769821034278721 ], [ 2330969.601401911117136, 2482143.268946871627122 ], [ 2331001.850603316910565, 2482207.767400744836777 ], [ 2331001.850603316910565, 2482272.266526582185179 ], [ 2331001.850603316910565, 2482336.764980455394834 ], [ 2331001.850603316910565, 2482401.264106292743236 ], [ 2331034.099804722238332, 2482498.012123084627092 ], [ 2331034.099804722238332, 2482530.261686003301293 ], [ 2331001.850603316910565, 2482562.510576957836747 ], [ 2330969.601401911117136, 2482627.009702795185149 ], [ 2330905.102327143773437, 2482723.757719587069005 ], [ 2330872.853125737980008, 2482756.007282505743206 ], [ 2330840.603924332652241, 2482820.505736378952861 ], [ 2330776.105521521531045, 2482917.253753170836717 ], [ 2330711.606446753721684, 2483078.500895800068974 ], [ 2330324.614685974549502, 2483787.987248226534575 ], [ 2330195.617208396084607, 2483981.483953774441034 ], [ 2330034.370529411826283, 2484271.728004150092602 ], [ 2330002.121328006032854, 2484336.227129987441003 ], [ 2329969.872126600705087, 2484432.975146779324859 ], [ 2330260.116283163428307, 2484852.216776865534484 ], [ 2330389.113088785670698, 2485174.711062123999 ], [ 2330453.612163553014398, 2485335.957532789558172 ], [ 2330453.612163553014398, 2485368.207095708232373 ], [ 2330582.609641131479293, 2485690.700709002558142 ], [ 2330743.856320115737617, 2486045.443885215558112 ], [ 2330808.354722926858813, 2486045.443885215558112 ], [ 2331227.595685111824423, 2487077.424522900022566 ], [ 2331227.595685111824423, 2487109.674085818696767 ], [ 2331227.595685111824423, 2487141.922976773697883 ], [ 2331227.595685111824423, 2487174.172539692372084 ], [ 2331227.595685111824423, 2487238.671665529254824 ], [ 2331227.595685111824423, 2487303.17011940293014 ], [ 2331195.346483706496656, 2487367.668573276139796 ], [ 2331195.346483706496656, 2487399.918136194813997 ], [ 2331195.346483706496656, 2487432.167699113488197 ], [ 2331195.346483706496656, 2487464.417262031696737 ], [ 2331195.346483706496656, 2487561.165278824046254 ], [ 2331195.346483706496656, 2487657.91329561593011 ], [ 2331195.346483706496656, 2487722.412421453278512 ], [ 2331163.097282300703228, 2487851.409329199697822 ], [ 2331163.097282300703228, 2488012.65647182893008 ], [ 2331163.097282300703228, 2488044.906034747604281 ], [ 2331130.84808089537546, 2488302.901194168720394 ], [ 2331098.598879489582032, 2488593.145244544371963 ], [ 2331098.598879489582032, 2488786.641950092278421 ] ] } },
{ "type": "Feature", "properties": { }, "geometry": { "type": "MultiLineString", "coordinates": [ [ [ 2338096.70246275048703, 2447023.691141955088824 ], [ 2338128.951664156280458, 2446991.441579036414623 ], [ 2338161.200865562073886, 2446926.943125163204968 ], [ 2338225.699940329417586, 2446830.195108371321112 ], [ 2338290.198343140538782, 2446701.197528660297394 ], [ 2338322.447544545866549, 2446668.947965742088854 ], [ 2338386.94661931367591, 2446539.950386031530797 ], [ 2338548.193298297468573, 2446314.204789528623223 ], [ 2338677.190103919710964, 2446088.45919302618131 ], [ 2338838.436782903969288, 2445830.464033605065197 ], [ 2338902.935857671312988, 2445701.46645389450714 ], [ 2338935.185059077106416, 2445669.216890975832939 ], [ 2338967.434260482434183, 2445604.718437102623284 ], [ 2338967.434260482434183, 2445572.468874183949083 ], [ 2338999.683461888227612, 2445507.970420310739428 ], [ 2339096.43173806136474, 2445314.473714762832969 ], [ 2339128.680939466692507, 2445282.224823808297515 ], [ 2339160.930140872485936, 2445217.725697970949113 ], [ 2339225.429215639829636, 2445153.227244097739458 ], [ 2339257.678417045623064, 2445088.728118260391057 ], [ 2339322.17681985674426, 2445024.229664387181401 ], [ 2339386.67589462408796, 2444991.9801014685072 ], [ 2339418.925096029415727, 2444959.730538549833 ], [ 2339451.174297435209155, 2444927.481647594831884 ], [ 2339547.922573608346283, 2444895.232084676623344 ], [ 2339709.168580635916442, 2444798.484067884273827 ], [ 2339741.418453997932374, 2444766.234504966065288 ], [ 2339773.667655403260142, 2444766.234504966065288 ], [ 2339773.667655403260142, 2444733.984942047391087 ], [ 2339773.667655403260142, 2444669.48648817371577 ], [ 2339773.667655403260142, 2444637.236925255041569 ], [ 2339741.418453997932374, 2444604.98736233683303 ], [ 2339741.418453997932374, 2444572.738471381831914 ], [ 2339741.418453997932374, 2444508.239345544483513 ], [ 2339741.418453997932374, 2444475.989782626274973 ], [ 2339741.418453997932374, 2444443.740891671273857 ], [ 2339741.418453997932374, 2444379.241765833925456 ], [ 2339709.168580635916442, 2444346.992202915716916 ], [ 2339709.168580635916442, 2444282.4937490420416 ], [ 2339709.168580635916442, 2444217.994623205158859 ], [ 2339709.168580635916442, 2444153.496169331483543 ], [ 2339709.168580635916442, 2444121.246606412809342 ], [ 2339676.919379230588675, 2444088.997715458273888 ], [ 2339644.670177824795246, 2444056.748152539599687 ], [ 2339612.420976419467479, 2444024.498589620925486 ], [ 2339612.420976419467479, 2443992.249026702251285 ], [ 2339612.420976419467479, 2443927.75057282904163 ], [ 2339612.420976419467479, 2443863.251446991693228 ], [ 2339580.171775013674051, 2443863.251446991693228 ], [ 2339580.171775013674051, 2443798.752993118483573 ], [ 2339580.171775013674051, 2443766.503430199809372 ], [ 2339580.171775013674051, 2443702.004976326599717 ], [ 2339580.171775013674051, 2443637.505850489251316 ], [ 2339547.922573608346283, 2443573.00739661604166 ], [ 2339547.922573608346283, 2443540.75783369736746 ], [ 2339515.672700246330351, 2443508.508270778693259 ], [ 2339515.672700246330351, 2443476.259379824157804 ], [ 2339225.429215639829636, 2441057.555600205436349 ], [ 2339096.43173806136474, 2440315.819684860762209 ], [ 2339096.43173806136474, 2440251.320559023413807 ], [ 2340257.407692356035113, 2440057.824525439646095 ], [ 2340289.65689376136288, 2440057.824525439646095 ], [ 2340257.407692356035113, 2440025.574962520971894 ], [ 2340128.410214777570218, 2439864.328491855878383 ], [ 2340096.161013371776789, 2439832.078928937204182 ], [ 2340031.661938604433089, 2439767.580475063994527 ], [ 2339902.665132982190698, 2439703.081349226646125 ], [ 2339805.91685680905357, 2439606.333332434762269 ], [ 2339741.418453997932374, 2439574.083769516088068 ], [ 2339709.168580635916442, 2439541.834206597413868 ], [ 2339644.670177824795246, 2439477.335752724204212 ], [ 2339580.171775013674051, 2439412.836626886855811 ], [ 2339547.922573608346283, 2439380.587735932320356 ], [ 2339515.672700246330351, 2439348.338173013646156 ], [ 2339483.423498840536922, 2439316.088610094971955 ], [ 2339451.174297435209155, 2439187.091030384413898 ], [ 2339354.426021262072027, 2439025.844559718854725 ], [ 2339160.930140872485936, 2438574.352694749832153 ], [ 2339128.680939466692507, 2438542.103803795296699 ], [ 2339128.680939466692507, 2438509.854240876622498 ], [ 2339096.43173806136474, 2438445.355787003412843 ], [ 2339031.933335250243545, 2438058.363047871738672 ], [ 2339031.933335250243545, 2438026.113484953064471 ], [ 2339031.933335250243545, 2437993.863922034390271 ], [ 2338999.683461888227612, 2437897.115905242506415 ], [ 2338999.683461888227612, 2437864.866342323832214 ], [ 2338935.185059077106416, 2437671.370308740064502 ], [ 2338902.935857671312988, 2437542.372729029506445 ], [ 2338870.686656265985221, 2437445.624712237156928 ], [ 2338838.436782903969288, 2437445.624712237156928 ] ], [ [ 2269857.126865822821856, 2442250.782708555459976 ], [ 2269889.376067228149623, 2442283.032271474134177 ], [ 2269953.874470039270818, 2442283.032271474134177 ], [ 2269986.123671445064247, 2442315.281162428669631 ], [ 2270050.622746212407947, 2442347.530725347343832 ], [ 2270082.871947618201375, 2442347.530725347343832 ], [ 2270147.370350429322571, 2442379.780288266018033 ], [ 2270179.620223791338503, 2442379.780288266018033 ], [ 2270244.118626602459699, 2442379.780288266018033 ], [ 2270308.617029413580894, 2442379.780288266018033 ], [ 2270340.866902775131166, 2442379.780288266018033 ], [ 2270373.116104180924594, 2442379.780288266018033 ], [ 2270405.365305586252362, 2442412.029851184692234 ], [ 2270437.61450699204579, 2442412.029851184692234 ], [ 2270469.863708397373557, 2442444.278742139227688 ], [ 2270566.611984570510685, 2442508.77786797657609 ], [ 2270598.861185976304114, 2442541.026758931577206 ], [ 2270663.359588787425309, 2442541.026758931577206 ], [ 2270695.609462148975581, 2442573.276321849785745 ], [ 2270760.107864960096776, 2442605.525884768459946 ], [ 2270792.357066365890205, 2442670.024338642135262 ], [ 2270792.357066365890205, 2442702.273901560343802 ], [ 2270824.606267771217972, 2442766.773027397692204 ], [ 2270856.8554691770114, 2442799.021918352693319 ], [ 2270889.105342539027333, 2442863.52104418957606 ], [ 2270921.3545439443551, 2442928.019498063251376 ], [ 2270953.603745350148529, 2442960.269060981925577 ], [ 2270985.852946755476296, 2442960.269060981925577 ], [ 2270985.852946755476296, 2442992.518623900134116 ], [ 2271018.102148161269724, 2443057.017077773809433 ], [ 2271018.102148161269724, 2443153.765094565693289 ], [ 2271050.352021522819996, 2443218.264220403041691 ], [ 2271082.601222928613424, 2443315.012237194925547 ], [ 2271114.850424333941191, 2443347.261800113599747 ], [ 2271147.09962573973462, 2443379.510691068135202 ], [ 2271179.348827145062387, 2443444.009816905483603 ], [ 2271211.59870050707832, 2443508.508270778693259 ], [ 2271243.847901912871748, 2443573.00739661604166 ], [ 2271308.346304723992944, 2443637.505850489251316 ], [ 2271340.595506129320711, 2443702.004976326599717 ], [ 2271372.844707535114139, 2443766.503430199809372 ], [ 2271405.094580897130072, 2443798.752993118483573 ], [ 2271437.343782302457839, 2443798.752993118483573 ], [ 2271469.592983708251268, 2443831.002556037157774 ], [ 2271534.091386519372463, 2443863.251446991693228 ], [ 2271566.341259880922735, 2443863.251446991693228 ], [ 2271630.83966269204393, 2443927.75057282904163 ], [ 2271663.088864097837359, 2443992.249026702251285 ], [ 2271727.587938865181059, 2444088.997715458273888 ], [ 2271759.837140270974487, 2444185.745732250157744 ], [ 2271759.837140270974487, 2444282.4937490420416 ], [ 2271759.837140270974487, 2444379.241765833925456 ], [ 2271727.587938865181059, 2444443.740891671273857 ], [ 2271727.587938865181059, 2444475.989782626274973 ], [ 2271695.338065503165126, 2444572.738471381831914 ], [ 2271695.338065503165126, 2444604.98736233683303 ], [ 2271695.338065503165126, 2444637.236925255041569 ], [ 2271695.338065503165126, 2444669.48648817371577 ], [ 2271727.587938865181059, 2444701.735379128716886 ], [ 2271759.837140270974487, 2444701.735379128716886 ], [ 2271921.08381925476715, 2444733.984942047391087 ], [ 2271985.582222065888345, 2444766.234504966065288 ], [ 2272017.831423471681774, 2444766.234504966065288 ], [ 2272050.080624877009541, 2444766.234504966065288 ], [ 2272082.330498239025474, 2444798.484067884273827 ], [ 2272146.828901050146669, 2444798.484067884273827 ], [ 2272179.078102455940098, 2444798.484067884273827 ], [ 2272211.327303861267865, 2444830.732958839274943 ], [ 2272243.577177223283798, 2444862.982521757949144 ], [ 2272308.075580034404993, 2444895.232084676623344 ], [ 2272340.324781440198421, 2444927.481647594831884 ], [ 2272404.823184251319617, 2444991.9801014685072 ], [ 2272437.073057612869889, 2445024.229664387181401 ], [ 2272437.073057612869889, 2445088.728118260391057 ], [ 2272437.073057612869889, 2445120.977681179065257 ], [ 2272437.073057612869889, 2445185.476135052274913 ], [ 2272437.073057612869889, 2445217.725697970949113 ], [ 2272437.073057612869889, 2445282.224823808297515 ], [ 2272469.322259018663317, 2445314.473714762832969 ], [ 2272469.322259018663317, 2445378.972840600181371 ], [ 2272469.322259018663317, 2445411.222403518855572 ], [ 2272437.073057612869889, 2445443.471294473391026 ], [ 2272404.823184251319617, 2445475.720857392065227 ], [ 2272372.573982845526189, 2445507.970420310739428 ], [ 2272372.573982845526189, 2445540.219311265274882 ], [ 2272340.324781440198421, 2445572.468874183949083 ], [ 2272340.324781440198421, 2445604.718437102623284 ], [ 2272308.075580034404993, 2445636.968000021297485 ], [ 2272340.324781440198421, 2445636.968000021297485 ], [ 2272340.324781440198421, 2445669.216890975832939 ], [ 2272372.573982845526189, 2445701.46645389450714 ], [ 2272404.823184251319617, 2445733.716016813181341 ], [ 2272404.823184251319617, 2445765.965579731855541 ], [ 2272404.823184251319617, 2445798.214470686390996 ], [ 2272404.823184251319617, 2445830.464033605065197 ], [ 2272372.573982845526189, 2445894.963159442413598 ], [ 2272372.573982845526189, 2445927.212050396949053 ], [ 2272372.573982845526189, 2445959.461613315623254 ], [ 2272404.823184251319617, 2446023.960067188832909 ], [ 2272404.823184251319617, 2446056.20963010750711 ], [ 2272404.823184251319617, 2446088.45919302618131 ], [ 2272404.823184251319617, 2446120.708755944855511 ], [ 2272437.073057612869889, 2446152.957646899856627 ], [ 2272437.073057612869889, 2446185.207209818065166 ], [ 2272469.322259018663317, 2446217.456772736739367 ], [ 2272501.571460423991084, 2446249.706335655413568 ], [ 2272533.820661829784513, 2446281.955226610414684 ], [ 2272566.06986323511228, 2446346.454352447297424 ], [ 2272566.06986323511228, 2446410.952806320972741 ], [ 2272566.06986323511228, 2446475.451932157855481 ], [ 2272566.06986323511228, 2446507.700823112856597 ], [ 2272598.319736597128212, 2446572.199948949739337 ], [ 2272598.319736597128212, 2446604.449511868413538 ], [ 2272662.818139408249408, 2446668.947965742088854 ], [ 2272759.566415581386536, 2446733.447091578971595 ], [ 2272824.064818392507732, 2446733.447091578971595 ], [ 2272856.314019797835499, 2446765.69598253397271 ], [ 2272888.563221203628927, 2446797.945545452646911 ], [ 2272920.812422608956695, 2446862.443999325856566 ], [ 2272985.311497376766056, 2446894.693562244530767 ], [ 2273049.809900187887251, 2446926.943125163204968 ], [ 2273114.308974955230951, 2446991.441579036414623 ], [ 2273146.558176360558718, 2447023.691141955088824 ], [ 2273178.807377766352147, 2447088.190267792437226 ], [ 2273178.807377766352147, 2447152.688721665646881 ], [ 2273178.807377766352147, 2447184.938284584321082 ], [ 2273178.807377766352147, 2447249.436738457530737 ], [ 2273114.308974955230951, 2447281.686301376204938 ], [ 2273082.059101593215019, 2447346.184755249414593 ], [ 2273049.809900187887251, 2447378.434318168088794 ], [ 2273017.560698782093823, 2447378.434318168088794 ], [ 2273017.560698782093823, 2447410.683881086762995 ], [ 2273017.560698782093823, 2447442.933444005437195 ], [ 2273017.560698782093823, 2447475.18233495997265 ], [ 2273017.560698782093823, 2447507.431897878646851 ], [ 2272985.311497376766056, 2447507.431897878646851 ], [ 2272985.311497376766056, 2447539.681460797321051 ], [ 2272985.311497376766056, 2447604.179914670530707 ], [ 2273017.560698782093823, 2447636.429477589204907 ], [ 2273017.560698782093823, 2447668.679040507879108 ], [ 2273049.809900187887251, 2447700.927931462414563 ], [ 2273082.059101593215019, 2447733.177494381088763 ], [ 2273146.558176360558718, 2447765.427057299762964 ], [ 2273146.558176360558718, 2447797.676620218437165 ], [ 2273178.807377766352147, 2447797.676620218437165 ], [ 2273211.056579172145575, 2447862.17507409164682 ], [ 2273243.305780577473342, 2447894.424637010321021 ], [ 2273243.305780577473342, 2447958.923090883530676 ], [ 2273275.555653939489275, 2447991.172653802204877 ], [ 2273275.555653939489275, 2448023.422216720879078 ], [ 2273307.804855344817042, 2448087.920670594088733 ], [ 2273372.303258155938238, 2448120.170233512762934 ], [ 2273436.802332923747599, 2448152.419796431437135 ], [ 2273469.051534329075366, 2448152.419796431437135 ], [ 2273533.549937140196562, 2448184.668687386438251 ], [ 2273565.79913854598999, 2448216.918250305112451 ], [ 2273565.79913854598999, 2448249.167813223320991 ], [ 2273598.048339951317757, 2448281.417376141995192 ], [ 2273630.29821331333369, 2448345.915830015670508 ], [ 2273662.547414718661457, 2448410.414955852553248 ], [ 2273694.796616124454886, 2448442.663846807554364 ], [ 2273727.045817529782653, 2448507.162972644437104 ], [ 2273791.544892297592014, 2448571.661426518112421 ], [ 2273856.04329510871321, 2448603.910989436786622 ], [ 2273888.292496514040977, 2448603.910989436786622 ], [ 2273920.541697919834405, 2448636.160552355460823 ], [ 2273952.791571281384677, 2448668.409443309996277 ], [ 2274017.289974092505872, 2448732.908569147344679 ], [ 2274049.539175498299301, 2448797.407023020554334 ], [ 2274081.788376903627068, 2448829.656585939228535 ], [ 2274114.037578309420496, 2448829.656585939228535 ], [ 2274146.287451671436429, 2448861.906148857902735 ], [ 2274210.785854482557625, 2448829.656585939228535 ], [ 2274275.28425729367882, 2448829.656585939228535 ], [ 2274307.534130655694753, 2448829.656585939228535 ], [ 2274339.78333206102252, 2448861.906148857902735 ], [ 2274404.281734872143716, 2448861.906148857902735 ], [ 2274436.530936277937144, 2448861.906148857902735 ], [ 2274501.030011045280844, 2448861.906148857902735 ], [ 2274533.279212450608611, 2448861.906148857902735 ], [ 2274565.52841385640204, 2448894.155711776576936 ], [ 2274597.777615261729807, 2448926.404602731112391 ], [ 2274597.777615261729807, 2448990.903728568460792 ], [ 2274630.026816667523235, 2449087.651745360344648 ], [ 2274662.276690029539168, 2449152.150199233554304 ], [ 2274694.525891434866935, 2449248.898887989576906 ], [ 2274759.024294245988131, 2449281.14777894411236 ], [ 2274791.273495651781559, 2449345.646904781460762 ], [ 2274855.772570419125259, 2449442.394921573344618 ], [ 2274888.021771824453026, 2449474.644484492018819 ], [ 2274920.270973230246454, 2449539.142938365228474 ], [ 2274984.770047997590154, 2449603.642064202576876 ], [ 2275017.019249403383583, 2449700.390080994460732 ], [ 2275049.26845080871135, 2449797.138097786344588 ], [ 2275081.517652214504778, 2449861.637223623692989 ], [ 2275081.517652214504778, 2449958.385240415576845 ], [ 2275081.517652214504778, 2450022.883694288786501 ], [ 2275113.766853619832546, 2450055.133257207460701 ], [ 2275113.766853619832546, 2450119.631711081136018 ], [ 2275146.016055025625974, 2450184.130836918018758 ], [ 2275146.016055025625974, 2450248.629290791694075 ], [ 2275146.016055025625974, 2450313.128416628576815 ], [ 2275178.265928387641907, 2450345.377307583577931 ], [ 2275242.764331198763102, 2450377.626870502252132 ], [ 2275275.013532604090869, 2450377.626870502252132 ], [ 2275307.262734009884298, 2450409.876433420926332 ], [ 2275339.512607371434569, 2450409.876433420926332 ], [ 2275371.761808777227998, 2450442.125996339134872 ], [ 2275404.011010182555765, 2450442.125996339134872 ], [ 2275436.260211588349193, 2450474.374887294135988 ], [ 2275500.759286355692893, 2450571.123576049692929 ], [ 2275533.008487761486322, 2450571.123576049692929 ], [ 2275533.008487761486322, 2450603.372467004694045 ], [ 2275565.257689166814089, 2450635.622029923368245 ], [ 2275597.506890572607517, 2450667.871592842042446 ], [ 2275662.005293383728713, 2450732.370046715252101 ], [ 2275694.255166745278984, 2450796.869172552600503 ], [ 2275726.504368151072413, 2450829.118063507135957 ], [ 2275758.75356955640018, 2450893.617189344484359 ], [ 2275758.75356955640018, 2450958.115643217694014 ], [ 2275791.002770962193608, 2451054.864331973716617 ], [ 2275791.002770962193608, 2451151.612348765600473 ], [ 2275791.002770962193608, 2451183.861911684274673 ], [ 2275823.251972367521375, 2451248.360365557484329 ], [ 2275823.251972367521375, 2451280.60992847615853 ], [ 2275887.751047135330737, 2451280.60992847615853 ], [ 2275984.498651351779699, 2451345.108382349368185 ], [ 2276016.747852757573128, 2451377.357945268042386 ], [ 2276048.997726119123399, 2451409.607508186716586 ], [ 2276081.246927524916828, 2451409.607508186716586 ], [ 2276081.246927524916828, 2451474.105962059926242 ], [ 2276113.496128930244595, 2451570.853978851810098 ], [ 2276145.745330336038023, 2451635.353104689158499 ], [ 2276145.745330336038023, 2451667.601995644159615 ], [ 2276177.99453174136579, 2451699.851558562368155 ], [ 2276210.244405103381723, 2451732.101121481042355 ], [ 2276210.244405103381723, 2451764.350684399716556 ], [ 2276242.493606509175152, 2451796.599575354717672 ], [ 2276306.992009320296347, 2451828.849138272926211 ], [ 2276339.241210725624114, 2451861.098701191600412 ], [ 2276403.740285493433475, 2451925.597155065275729 ], [ 2276468.238688304554671, 2451990.096280902158469 ], [ 2276500.487889709882438, 2452022.34584382083267 ], [ 2276532.737091115675867, 2452086.844297694507986 ], [ 2276629.485367288347334, 2452312.589894196949899 ], [ 2276661.734568694140762, 2452344.8394571156241 ], [ 2276693.983770099468529, 2452441.587473907507956 ], [ 2276726.233643461484462, 2452506.086599744390696 ], [ 2276758.48284486727789, 2452538.335490699391812 ], [ 2276790.732046272605658, 2452635.083507491275668 ], [ 2276790.732046272605658, 2452699.58263332862407 ], [ 2276822.981247678399086, 2452764.081087201833725 ], [ 2276855.230449083726853, 2452860.829775957856327 ], [ 2276887.480322445742786, 2452925.328229831065983 ], [ 2276919.729523851070553, 2453022.076246622949839 ], [ 2276951.978725256863981, 2453086.57537246029824 ], [ 2276984.227926662191749, 2453183.323389252182096 ], [ 2277016.477128067985177, 2453344.570531881414354 ], [ 2277048.726329473312944, 2453409.068985754624009 ], [ 2277080.976202835328877, 2453473.567439628299326 ], [ 2277080.976202835328877, 2453505.817002546507865 ], [ 2277048.726329473312944, 2453570.316128383856267 ], [ 2277048.726329473312944, 2453634.814582257065922 ], [ 2277048.726329473312944, 2453667.064145175740123 ], [ 2277048.726329473312944, 2453699.313708094414324 ], [ 2277048.726329473312944, 2453731.562599049415439 ], [ 2277080.976202835328877, 2453796.06172488629818 ], [ 2277113.225404241122305, 2453860.560178759973496 ], [ 2277113.225404241122305, 2453892.809741678182036 ], [ 2277113.225404241122305, 2453925.059304596856236 ], [ 2277145.474605646450073, 2453989.557758470531553 ], [ 2277177.723807052243501, 2454086.305775262415409 ], [ 2277177.723807052243501, 2454150.804901099763811 ], [ 2277209.973008457571268, 2454247.552917891647667 ], [ 2277209.973008457571268, 2454344.300934683531523 ], [ 2277209.973008457571268, 2454408.800060520879924 ], [ 2277209.973008457571268, 2454473.29851439408958 ], [ 2277209.973008457571268, 2454537.797640231437981 ], [ 2277209.973008457571268, 2454602.296094104647636 ], [ 2277177.723807052243501, 2454602.296094104647636 ], [ 2277177.723807052243501, 2454634.545657023321837 ], [ 2277177.723807052243501, 2454666.795219941996038 ], [ 2277209.973008457571268, 2454666.795219941996038 ], [ 2277242.222881819587201, 2454666.795219941996038 ], [ 2277274.472083225380629, 2454699.044110896531492 ], [ 2277274.472083225380629, 2454666.795219941996038 ], [ 2277338.970486036501825, 2454699.044110896531492 ], [ 2277371.219687441829592, 2454699.044110896531492 ], [ 2277403.469560803845525, 2454731.293673815205693 ], [ 2277467.96796361496672, 2454731.293673815205693 ], [ 2277500.217165020294487, 2454763.543236733879894 ], [ 2277532.466366426087916, 2454795.792127688415349 ], [ 2277500.217165020294487, 2454860.29125352576375 ], [ 2277500.217165020294487, 2454892.540816444437951 ], [ 2277500.217165020294487, 2454989.288833236321807 ], [ 2277500.217165020294487, 2455021.538396154996008 ], [ 2277532.466366426087916, 2455086.036850028205663 ], [ 2277596.965441193431616, 2455150.535975865554065 ], [ 2277629.214642599225044, 2455182.784866820089519 ], [ 2277693.71304541034624, 2455215.03442973876372 ], [ 2277758.21212017768994, 2455279.532883611973375 ], [ 2277822.710522988811135, 2455344.032009449321777 ], [ 2277854.959724394138902, 2455408.530463322997093 ], [ 2277887.208925799932331, 2455440.780026241205633 ], [ 2277919.458799161948264, 2455473.029589159879833 ], [ 2277951.708000567276031, 2455602.02716887043789 ], [ 2277983.957201973069459, 2455731.024748580995947 ], [ 2277983.957201973069459, 2455795.523202454671264 ], [ 2278016.206403378397226, 2455892.27121924655512 ], [ 2278048.455604784190655, 2455956.77034508343786 ], [ 2278048.455604784190655, 2456021.268798957113177 ], [ 2278048.455604784190655, 2456085.767924794461578 ], [ 2278080.704806189518422, 2456182.515941586345434 ], [ 2278080.704806189518422, 2456214.765504505019635 ], [ 2278080.704806189518422, 2456311.513521296903491 ], [ 2278112.954679551534355, 2456408.261538088787347 ], [ 2278112.954679551534355, 2456472.760663926135749 ], [ 2278145.203880956862122, 2456472.760663926135749 ], [ 2278145.203880956862122, 2456440.511101007461548 ], [ 2278145.203880956862122, 2456408.261538088787347 ], [ 2278112.954679551534355, 2456408.261538088787347 ], [ 2278145.203880956862122, 2456408.261538088787347 ], [ 2278112.954679551534355, 2456376.011975170113146 ], [ 2278112.954679551534355, 2456343.763084215577692 ], [ 2278112.954679551534355, 2456311.513521296903491 ], [ 2278145.203880956862122, 2456311.513521296903491 ], [ 2278177.45308236265555, 2456311.513521296903491 ], [ 2278177.45308236265555, 2456279.26395837822929 ], [ 2278209.702283767983317, 2456279.26395837822929 ], [ 2278241.951485173776746, 2456247.014395459555089 ], [ 2278241.951485173776746, 2456214.765504505019635 ], [ 2278241.951485173776746, 2456182.515941586345434 ], [ 2278274.201358535792679, 2456150.266378667671233 ], [ 2278274.201358535792679, 2456085.767924794461578 ], [ 2278274.201358535792679, 2456053.518361875787377 ], [ 2278306.450559941120446, 2456053.518361875787377 ], [ 2278338.699761346913874, 2456021.268798957113177 ], [ 2278338.699761346913874, 2455989.019908002112061 ], [ 2278370.948962752241641, 2455989.019908002112061 ], [ 2278370.948962752241641, 2455956.77034508343786 ], [ 2278403.19816415803507, 2455956.77034508343786 ], [ 2278435.448037520051003, 2455956.77034508343786 ], [ 2278435.448037520051003, 2455989.019908002112061 ], [ 2278467.69723892537877, 2455989.019908002112061 ], [ 2278467.69723892537877, 2455956.77034508343786 ], [ 2278499.946440331172198, 2455956.77034508343786 ], [ 2278532.195641736499965, 2455989.019908002112061 ], [ 2278564.444843142293394, 2455989.019908002112061 ], [ 2278596.694044547621161, 2456021.268798957113177 ], [ 2278628.943917909637094, 2456021.268798957113177 ], [ 2278628.943917909637094, 2455989.019908002112061 ], [ 2278693.442320720758289, 2455989.019908002112061 ], [ 2278725.691522126086056, 2455989.019908002112061 ], [ 2278725.691522126086056, 2455956.77034508343786 ], [ 2278790.190596893895417, 2455956.77034508343786 ], [ 2278822.439798299223185, 2455956.77034508343786 ], [ 2278854.688999705016613, 2455924.520782165229321 ], [ 2278854.688999705016613, 2455892.27121924655512 ], [ 2278886.93820111034438, 2455860.022328291554004 ], [ 2278919.187402516137809, 2455860.022328291554004 ], [ 2278951.436603921465576, 2455860.022328291554004 ], [ 2278983.686477283481508, 2455860.022328291554004 ], [ 2279015.935678688809276, 2455827.772765372879803 ], [ 2279048.184880094602704, 2455827.772765372879803 ], [ 2279048.184880094602704, 2455795.523202454671264 ], [ 2279144.933156267739832, 2455795.523202454671264 ], [ 2279177.1823576730676, 2455795.523202454671264 ], [ 2279209.431559078861028, 2455795.523202454671264 ], [ 2279241.680760484188795, 2455795.523202454671264 ], [ 2279273.929961889982224, 2455795.523202454671264 ], [ 2279209.431559078861028, 2455698.775185662321746 ], [ 2279177.1823576730676, 2455666.525622744113207 ], [ 2279177.1823576730676, 2455634.276059825439006 ], [ 2279144.933156267739832, 2455602.02716887043789 ], [ 2279177.1823576730676, 2455602.02716887043789 ], [ 2279209.431559078861028, 2455634.276059825439006 ], [ 2279273.929961889982224, 2455634.276059825439006 ], [ 2279338.429036657325923, 2455666.525622744113207 ], [ 2279467.425842279568315, 2455666.525622744113207 ], [ 2279499.675715641584247, 2455666.525622744113207 ], [ 2279628.672521263826638, 2455698.775185662321746 ], [ 2279725.420797436963767, 2455731.024748580995947 ], [ 2279822.169073609635234, 2455795.523202454671264 ], [ 2279886.667476420756429, 2455795.523202454671264 ], [ 2279983.415080637671053, 2455795.523202454671264 ], [ 2280015.664953999686986, 2455795.523202454671264 ], [ 2280273.659237200394273, 2455763.273639535997063 ], [ 2280305.90843860572204, 2455763.273639535997063 ], [ 2280467.155117589980364, 2455795.523202454671264 ], [ 2280950.895154542755336, 2455827.772765372879803 ], [ 2281015.393557353876531, 2455795.523202454671264 ], [ 2281079.892632121220231, 2455795.523202454671264 ], [ 2281112.141833526547998, 2455763.273639535997063 ], [ 2281144.391034932341427, 2455763.273639535997063 ], [ 2281176.640236337669194, 2455731.024748580995947 ], [ 2281305.637713916599751, 2455602.02716887043789 ], [ 2281466.884392900858074, 2455473.029589159879833 ], [ 2281499.133594306185842, 2455440.780026241205633 ], [ 2281595.88187047932297, 2455344.032009449321777 ], [ 2281724.879348057787865, 2455279.532883611973375 ], [ 2281757.128549463581294, 2455247.283992657437921 ], [ 2281853.876153680030257, 2455215.03442973876372 ], [ 2281950.624429853167385, 2455182.784866820089519 ], [ 2282015.12283266428858, 2455150.535975865554065 ], [ 2282079.62190743163228, 2455150.535975865554065 ], [ 2282144.120310242753476, 2455182.784866820089519 ], [ 2282208.618713053874671, 2455215.03442973876372 ], [ 2282240.868586415890604, 2455215.03442973876372 ], [ 2282305.3669892270118, 2455215.03442973876372 ], [ 2282853.605428990442306, 2454989.288833236321807 ], [ 2283014.85210797470063, 2454763.543236733879894 ], [ 2283111.600384147837758, 2454602.296094104647636 ], [ 2283143.849585553165525, 2454570.046531185973436 ], [ 2283208.347988364286721, 2454537.797640231437981 ], [ 2283240.597189770080149, 2454505.54807731276378 ], [ 2283498.592144927475601, 2454376.550497602205724 ], [ 2283950.082308517768979, 2454183.05446401797235 ], [ 2284014.581383285112679, 2454183.05446401797235 ], [ 2284079.079786096233875, 2454183.05446401797235 ], [ 2284175.828062269371003, 2454183.05446401797235 ], [ 2284337.074741253629327, 2454247.552917891647667 ], [ 2284756.315703438594937, 2454376.550497602205724 ], [ 2285143.307464218232781, 2454537.797640231437981 ], [ 2285240.055740390904248, 2454537.797640231437981 ], [ 2285272.304941796697676, 2454570.046531185973436 ], [ 2285304.554143202025443, 2454570.046531185973436 ], [ 2285336.803344607818872, 2454537.797640231437981 ], [ 2285369.053217969834805, 2454505.54807731276378 ], [ 2285401.302419375162572, 2454505.54807731276378 ], [ 2285562.549098359420896, 2454473.29851439408958 ], [ 2285627.047501170542091, 2454473.29851439408958 ], [ 2285659.29670257633552, 2454441.048951475415379 ], [ 2285691.546575937885791, 2454441.048951475415379 ], [ 2285691.546575937885791, 2454408.800060520879924 ], [ 2285691.546575937885791, 2454344.300934683531523 ], [ 2285691.546575937885791, 2454312.051371764857322 ], [ 2285723.795777343679219, 2454279.802480810321867 ], [ 2285788.294180154800415, 2454247.552917891647667 ], [ 2286401.031694686040282, 2454150.804901099763811 ], [ 2287562.00697702402249, 2453989.557758470531553 ], [ 2287594.256850386038423, 2453989.557758470531553 ], [ 2287594.256850386038423, 2453925.059304596856236 ], [ 2287562.00697702402249, 2453538.066565465182066 ], [ 2287529.757775618694723, 2453505.817002546507865 ], [ 2287562.00697702402249, 2453505.817002546507865 ], [ 2287562.00697702402249, 2453473.567439628299326 ], [ 2287594.256850386038423, 2453441.31854867329821 ], [ 2287658.755253197159618, 2453409.068985754624009 ], [ 2288077.996215382125229, 2453183.323389252182096 ], [ 2288110.246088744141161, 2453151.073826333507895 ], [ 2288400.489573350641876, 2452925.328229831065983 ], [ 2288432.738774755969644, 2452925.328229831065983 ], [ 2288561.7362523349002, 2452893.078666912391782 ], [ 2288690.733729913365096, 2452893.078666912391782 ], [ 2288722.982931318692863, 2452893.078666912391782 ], [ 2288755.232132724486291, 2452893.078666912391782 ], [ 2288787.481334129814059, 2452860.829775957856327 ], [ 2289722.712206629570574, 2452731.83219624729827 ], [ 2289883.958885613363236, 2452731.83219624729827 ], [ 2290690.19160857796669, 2452602.834616536740214 ], [ 2291625.422481077257544, 2452473.837036826182157 ], [ 2292528.403480214998126, 2453151.073826333507895 ], [ 2292625.151756388135254, 2453247.821843125391752 ], [ 2292657.400957793463022, 2453247.821843125391752 ], [ 2294850.355388804338872, 2452925.328229831065983 ], [ 2295624.338910363148898, 2452796.330650120507926 ], [ 2297172.306625437457114, 2452570.585053618066013 ], [ 2297849.542542779352516, 2452506.086599744390696 ], [ 2297881.791744185145944, 2452506.086599744390696 ], [ 2298010.78922176361084, 2452473.837036826182157 ], [ 2298784.772743322420865, 2452377.089020033832639 ], [ 2299720.00361582217738, 2452280.340331278275698 ], [ 2299752.252817227505147, 2452280.340331278275698 ], [ 2299784.502018633298576, 2452248.091440323274583 ], [ 2300687.483017770573497, 2452151.342751567717642 ], [ 2300977.727174333296716, 2452119.093860612716526 ], [ 2301977.456449643708766, 2451990.096280902158469 ], [ 2304138.161007292568684, 2451732.101121481042355 ], [ 2304396.155962449964136, 2451699.851558562368155 ], [ 2304621.901044245343655, 2451667.601995644159615 ], [ 2305170.139484008774161, 2451603.103541770484298 ], [ 2305589.381118150427938, 2451570.853978851810098 ], [ 2305847.375401351135224, 2451538.605087897274643 ], [ 2305911.874476118478924, 2451538.605087897274643 ], [ 2305944.123677524272352, 2451538.605087897274643 ], [ 2306105.370356508065015, 2451570.853978851810098 ], [ 2306234.367834086995572, 2451570.853978851810098 ], [ 2306298.866236898116767, 2451538.605087897274643 ], [ 2306492.362117287702858, 2451474.105962059926242 ], [ 2306556.860520098824054, 2451441.856399141252041 ], [ 2306589.110393460839987, 2451441.856399141252041 ], [ 2307105.099631818942726, 2451377.357945268042386 ], [ 2307427.592317830771208, 2451345.108382349368185 ], [ 2309523.799144624732435, 2451087.113222928252071 ], [ 2310491.278546573594213, 2450958.115643217694014 ], [ 2310523.52774797892198, 2450958.115643217694014 ], [ 2310555.777621340937912, 2450958.115643217694014 ], [ 2310588.02682274626568, 2450990.365206136368215 ], [ 2310620.276024152059108, 2450990.365206136368215 ], [ 2310652.525225557386875, 2450990.365206136368215 ], [ 2310684.774426963180304, 2450990.365206136368215 ], [ 2310717.023628368508071, 2450958.115643217694014 ], [ 2310749.273501730524004, 2450958.115643217694014 ], [ 2310781.522703136317432, 2450958.115643217694014 ], [ 2310813.771904541645199, 2450925.86675226315856 ], [ 2310942.769382120575756, 2450925.86675226315856 ], [ 2312135.994537820573896, 2450796.869172552600503 ], [ 2313716.21145430020988, 2450571.123576049692929 ], [ 2313522.715573910623789, 2448990.903728568460792 ], [ 2314328.948296875227243, 2448894.155711776576936 ], [ 2315135.181691796053201, 2448797.407023020554334 ], [ 2315909.165885311085731, 2448700.659006228670478 ], [ 2316715.398608275689185, 2448603.910989436786622 ], [ 2317424.883727023378015, 2448507.162972644437104 ], [ 2318327.865398117341101, 2448410.414955852553248 ], [ 2318908.353039286565036, 2448345.915830015670508 ], [ 2319005.101315459236503, 2448313.666267096996307 ], [ 2319069.599718270357698, 2448313.666267096996307 ], [ 2319359.843874833080918, 2448281.417376141995192 ], [ 2319940.331516002304852, 2448216.918250305112451 ], [ 2320746.56491092313081, 2448120.170233512762934 ], [ 2322359.031028808560222, 2447926.674199928995222 ], [ 2322617.025312009267509, 2447894.424637010321021 ], [ 2322681.524386776611209, 2447894.424637010321021 ], [ 2322713.773588182404637, 2447862.17507409164682 ], [ 2323165.264423729386181, 2447829.92551117297262 ], [ 2323165.264423729386181, 2447894.424637010321021 ], [ 2323197.513625134713948, 2447958.923090883530676 ], [ 2323197.513625134713948, 2447991.172653802204877 ], [ 2323391.0095055247657, 2449700.390080994460732 ], [ 2323455.507908335886896, 2450313.128416628576815 ], [ 2323487.757109741214663, 2450474.374887294135988 ], [ 2323520.006983103230596, 2450667.871592842042446 ], [ 2323520.006983103230596, 2450732.370046715252101 ], [ 2323520.006983103230596, 2450796.869172552600503 ], [ 2323520.006983103230596, 2450829.118063507135957 ], [ 2323552.256184508558363, 2450925.86675226315856 ], [ 2323552.256184508558363, 2451022.614769055042416 ], [ 2323616.754587319679558, 2451022.614769055042416 ], [ 2323939.247945288196206, 2450958.115643217694014 ], [ 2324100.49462427245453, 2450958.115643217694014 ], [ 2324164.993027083575726, 2450958.115643217694014 ], [ 2325164.722302393987775, 2450829.118063507135957 ], [ 2325261.470578567124903, 2450829.118063507135957 ], [ 2325422.717257551383227, 2450796.869172552600503 ], [ 2325745.210615519434214, 2450764.619609633926302 ], [ 2325970.955697314813733, 2450732.370046715252101 ], [ 2326067.703301531728357, 2450732.370046715252101 ], [ 2326067.703301531728357, 2450700.121155760716647 ], [ 2326099.953174893278629, 2450700.121155760716647 ], [ 2326132.202376299072057, 2450700.121155760716647 ], [ 2326196.700779110193253, 2450700.121155760716647 ], [ 2326357.947458094451576, 2450667.871592842042446 ], [ 2326519.194137078244239, 2450667.871592842042446 ], [ 2326680.440816062502563, 2450635.622029923368245 ], [ 2326777.189092235639691, 2450635.622029923368245 ], [ 2327002.934174031019211, 2450603.372467004694045 ], [ 2327293.17833059374243, 2450571.123576049692929 ], [ 2327325.427531999070197, 2450571.123576049692929 ], [ 2327422.175136215984821, 2450571.123576049692929 ], [ 2327486.674210983328521, 2450538.874013131484389 ], [ 2327647.920889967586845, 2450538.874013131484389 ], [ 2327938.16437457408756, 2450506.624450212810189 ], [ 2328099.411053558345884, 2450474.374887294135988 ], [ 2328131.660254963673651, 2450474.374887294135988 ], [ 2328260.657732542138547, 2450442.125996339134872 ], [ 2328421.904411526396871, 2450442.125996339134872 ], [ 2328583.151090510655195, 2450409.876433420926332 ], [ 2328615.400291915982962, 2450409.876433420926332 ], [ 2328647.64949332177639, 2450409.876433420926332 ], [ 2328744.397769494913518, 2450409.876433420926332 ], [ 2328776.646970900241286, 2450409.876433420926332 ], [ 2328841.145373711362481, 2450377.626870502252132 ], [ 2328873.395247073378414, 2450377.626870502252132 ], [ 2328905.644448478706181, 2450377.626870502252132 ], [ 2329228.137806447222829, 2450345.377307583577931 ], [ 2329292.636209258344024, 2450345.377307583577931 ], [ 2329518.381291053723544, 2450313.128416628576815 ], [ 2329808.625447616446763, 2450280.878853710368276 ], [ 2329969.872126600705087, 2450248.629290791694075 ], [ 2330034.370529411826283, 2450248.629290791694075 ], [ 2330034.370529411826283, 2450345.377307583577931 ], [ 2330066.620402773842216, 2450571.123576049692929 ], [ 2330098.869604179169983, 2450829.118063507135957 ], [ 2330131.118805584963411, 2451054.864331973716617 ], [ 2330131.118805584963411, 2451119.362785846926272 ], [ 2330163.368006990291178, 2451280.60992847615853 ], [ 2330195.617208396084607, 2451538.605087897274643 ], [ 2330227.867081757634878, 2451764.350684399716556 ], [ 2330260.116283163428307, 2451990.096280902158469 ], [ 2330292.365484568756074, 2452248.091440323274583 ], [ 2330292.365484568756074, 2452377.089020033832639 ], [ 2330292.365484568756074, 2452441.587473907507956 ], [ 2330324.614685974549502, 2452731.83219624729827 ], [ 2330356.863887379877269, 2452828.580213039182127 ], [ 2330356.863887379877269, 2452893.078666912391782 ], [ 2330356.863887379877269, 2452925.328229831065983 ], [ 2330389.113088785670698, 2452893.078666912391782 ], [ 2330518.110566364135593, 2452828.580213039182127 ], [ 2330550.359767769929022, 2452828.580213039182127 ], [ 2330647.108043942600489, 2452764.081087201833725 ], [ 2330905.102327143773437, 2452635.083507491275668 ], [ 2331163.097282300703228, 2452506.086599744390696 ], [ 2331517.839841674547642, 2452312.589894196949899 ], [ 2331679.086520658805966, 2452248.091440323274583 ], [ 2331743.584923469927162, 2452215.841877405066043 ], [ 2331904.831602454185486, 2452151.342751567717642 ], [ 2331904.831602454185486, 2452119.093860612716526 ], [ 2332549.81831839075312, 2451796.599575354717672 ], [ 2332840.06247495347634, 2451667.601995644159615 ], [ 2333646.295197918079793, 2451248.360365557484329 ], [ 2333678.545071280095726, 2451248.360365557484329 ], [ 2333839.791078307665884, 2451151.612348765600473 ], [ 2333904.290153075009584, 2451119.362785846926272 ], [ 2334001.037757291924208, 2451087.113222928252071 ], [ 2334033.287630653940141, 2451054.864331973716617 ], [ 2334130.035234870389104, 2451022.614769055042416 ], [ 2334194.533637681510299, 2450990.365206136368215 ], [ 2334259.032712449319661, 2450990.365206136368215 ], [ 2334291.281913854647428, 2450990.365206136368215 ], [ 2334388.030190027784556, 2450990.365206136368215 ], [ 2334452.528592838905752, 2450958.115643217694014 ], [ 2334678.273674634285271, 2450958.115643217694014 ], [ 2334710.522876039613038, 2450958.115643217694014 ], [ 2334742.772749401628971, 2450958.115643217694014 ], [ 2334775.021950806956738, 2450925.86675226315856 ], [ 2334807.271152212750167, 2450925.86675226315856 ], [ 2334871.769555023871362, 2450925.86675226315856 ], [ 2334904.019428385887295, 2450893.617189344484359 ], [ 2334936.268629791215062, 2450893.617189344484359 ], [ 2335000.767032602336258, 2450861.367626425810158 ], [ 2335065.266107370145619, 2450796.869172552600503 ], [ 2335097.515308775473386, 2450796.869172552600503 ], [ 2335129.764510181266814, 2450764.619609633926302 ], [ 2335162.013711586594582, 2450732.370046715252101 ], [ 2335323.260390570852906, 2450571.123576049692929 ], [ 2335516.756270960438997, 2450377.626870502252132 ], [ 2335581.255345727782696, 2450280.878853710368276 ], [ 2335613.504547133576125, 2450248.629290791694075 ], [ 2335645.753748538903892, 2450248.629290791694075 ], [ 2335678.00294994469732, 2450184.130836918018758 ], [ 2335742.501352755818516, 2450087.382820126134902 ], [ 2335839.249628928955644, 2449990.634131370577961 ], [ 2335871.498830334283412, 2449958.385240415576845 ], [ 2336064.994710723869503, 2449700.390080994460732 ], [ 2336129.493785491678864, 2449668.140518075786531 ], [ 2336161.742986897006631, 2449603.642064202576876 ], [ 2336258.490591113921255, 2449474.644484492018819 ], [ 2336355.238867287058383, 2449345.646904781460762 ], [ 2336387.48806869238615, 2449248.898887989576906 ], [ 2336548.734747676644474, 2449023.152619522996247 ], [ 2336613.233822443988174, 2448926.404602731112391 ], [ 2336677.73222525510937, 2448861.906148857902735 ], [ 2336677.73222525510937, 2448829.656585939228535 ], [ 2336709.981426660902798, 2448797.407023020554334 ], [ 2336967.976381817832589, 2448539.412535563111305 ], [ 2337032.474784628953785, 2448474.913409726228565 ], [ 2337129.222388845868409, 2448378.165392933879048 ], [ 2337258.219866424333304, 2448249.167813223320991 ], [ 2337290.469067830126733, 2448216.918250305112451 ], [ 2337387.2173440027982, 2448120.170233512762934 ], [ 2337483.965620175935328, 2448023.422216720879078 ], [ 2337548.464022987056524, 2447991.172653802204877 ], [ 2337645.211627203971148, 2447926.674199928995222 ], [ 2337677.461500565521419, 2447862.17507409164682 ], [ 2337709.710701971314847, 2447797.676620218437165 ], [ 2337741.959903376642615, 2447765.427057299762964 ], [ 2337774.209104782436043, 2447733.177494381088763 ], [ 2337838.708179549779743, 2447604.179914670530707 ], [ 2337903.206582360900939, 2447442.933444005437195 ], [ 2337967.704985172022134, 2447313.935864294879138 ], [ 2338032.204059939831495, 2447152.688721665646881 ], [ 2338064.453261345159262, 2447055.940704873763025 ], [ 2338096.70246275048703, 2447023.691141955088824 ] ] ] } },
{ "type": "Feature", "properties": { }, "geometry": { "type": "LineString", "coordinates": [ [ 2331098.598879489582032, 2488786.641950092278421 ], [ 2331098.598879489582032, 2488593.145244544371963 ], [ 2331130.84808089537546, 2488302.901194168720394 ], [ 2331163.097282300703228, 2488044.906034747604281 ], [ 2331163.097282300703228, 2488012.65647182893008 ], [ 2331163.097282300703228, 2487851.409329199697822 ], [ 2331195.346483706496656, 2487722.412421453278512 ], [ 2331195.346483706496656, 2487657.91329561593011 ], [ 2331195.346483706496656, 2487561.165278824046254 ], [ 2331195.346483706496656, 2487464.417262031696737 ], [ 2331195.346483706496656, 2487432.167699113488197 ], [ 2331195.346483706496656, 2487399.918136194813997 ], [ 2331195.346483706496656, 2487367.668573276139796 ], [ 2331227.595685111824423, 2487303.17011940293014 ], [ 2331227.595685111824423, 2487238.671665529254824 ], [ 2331227.595685111824423, 2487174.172539692372084 ], [ 2331227.595685111824423, 2487141.922976773697883 ], [ 2331227.595685111824423, 2487109.674085818696767 ], [ 2331227.595685111824423, 2487077.424522900022566 ], [ 2330808.354722926858813, 2486045.443885215558112 ], [ 2330743.856320115737617, 2486045.443885215558112 ], [ 2330582.609641131479293, 2485690.700709002558142 ], [ 2330453.612163553014398, 2485368.207095708232373 ], [ 2330453.612163553014398, 2485335.957532789558172 ], [ 2330389.113088785670698, 2485174.711062123999 ], [ 2330260.116283163428307, 2484852.216776865534484 ], [ 2329969.872126600705087, 2484432.975146779324859 ], [ 2330002.121328006032854, 2484336.227129987441003 ], [ 2330034.370529411826283, 2484271.728004150092602 ], [ 2330195.617208396084607, 2483981.483953774441034 ], [ 2330324.614685974549502, 2483787.987248226534575 ], [ 2330711.606446753721684, 2483078.500895800068974 ], [ 2330776.105521521531045, 2482917.253753170836717 ], [ 2330840.603924332652241, 2482820.505736378952861 ], [ 2330872.853125737980008, 2482756.007282505743206 ], [ 2330905.102327143773437, 2482723.757719587069005 ], [ 2330969.601401911117136, 2482627.009702795185149 ], [ 2331001.850603316910565, 2482562.510576957836747 ], [ 2331034.099804722238332, 2482530.261686003301293 ], [ 2331034.099804722238332, 2482498.012123084627092 ], [ 2331001.850603316910565, 2482401.264106292743236 ], [ 2331001.850603316910565, 2482336.764980455394834 ], [ 2331001.850603316910565, 2482272.266526582185179 ], [ 2331001.850603316910565, 2482207.767400744836777 ], [ 2330969.601401911117136, 2482143.268946871627122 ], [ 2330969.601401911117136, 2482078.769821034278721 ], [ 2330969.601401911117136, 2482014.271367161069065 ], [ 2330969.601401911117136, 2481949.772913287393749 ], [ 2330969.601401911117136, 2481917.523350369185209 ], [ 2330937.352200505789369, 2481820.775333576835692 ], [ 2330937.352200505789369, 2481691.777753866277635 ], [ 2330872.853125737980008, 2481046.789855313487351 ], [ 2330840.603924332652241, 2481046.789855313487351 ], [ 2330421.36296214768663, 2481079.039418232161552 ], [ 2329808.625447616446763, 2481788.525770658627152 ], [ 2329776.376246210653335, 2481788.525770658627152 ], [ 2329615.129567226860672, 2481627.278628029394895 ], [ 2329453.882888242602348, 2481562.780174155719578 ], [ 2329453.882888242602348, 2481756.276207739952952 ], [ 2329066.891127462964505, 2481788.525770658627152 ], [ 2328389.655210121069103, 2481885.273787450511009 ], [ 2328292.906933947931975, 2481917.523350369185209 ], [ 2328292.906933947931975, 2481724.026644821278751 ], [ 2328260.657732542138547, 2481498.281048318836838 ], [ 2328228.40853113681078, 2481466.032157363835722 ], [ 2328002.66344934143126, 2479692.315604334697127 ], [ 2327938.16437457408756, 2479208.57484841067344 ], [ 2327712.419292778708041, 2477467.10853026388213 ], [ 2327680.170091372914612, 2477467.10853026388213 ], [ 2326841.687495046760887, 2477596.106109974440187 ], [ 2326809.438293640967458, 2477596.106109974440187 ], [ 2326809.438293640967458, 2477563.856547055765986 ], [ 2326809.438293640967458, 2477402.609404426533729 ], [ 2326777.189092235639691, 2477176.863807924091816 ], [ 2326744.939218873623759, 2477176.863807924091816 ], [ 2325777.459816925227642, 2477305.861387634649873 ], [ 2325422.717257551383227, 2477338.110950553324074 ], [ 2325293.71977997245267, 2477370.360513471998274 ], [ 2325261.470578567124903, 2477370.360513471998274 ], [ 2324197.242900445591658, 2477499.358093182556331 ], [ 2323939.247945288196206, 2477531.606984137091786 ], [ 2323004.017744745127857, 2477660.604563847649843 ], [ 2321875.290991855785251, 2477821.8517064768821 ], [ 2321939.790066623594612, 2478434.590042111463845 ], [ 2321875.290991855785251, 2478434.590042111463845 ], [ 2321746.293514277320355, 2478531.338058903347701 ], [ 2321585.046835293062031, 2478563.587621822021902 ], [ 2321488.299231076613069, 2478563.587621822021902 ], [ 2321423.800828265491873, 2478531.338058903347701 ], [ 2321359.301753498148173, 2478531.338058903347701 ], [ 2321327.052552092354745, 2478531.338058903347701 ], [ 2321294.803350687026978, 2478499.0884959846735 ], [ 2321262.554149281233549, 2478499.0884959846735 ], [ 2321165.805873108096421, 2478531.338058903347701 ], [ 2321133.556671702768654, 2478531.338058903347701 ], [ 2321101.307470296975225, 2478563.587621822021902 ], [ 2321004.559194124303758, 2478628.086075695231557 ], [ 2320907.811589907389134, 2478595.836512776557356 ], [ 2320004.829918813426048, 2478692.585201532579958 ], [ 2320037.079120219219476, 2479208.57484841067344 ], [ 2320037.079120219219476, 2479240.82441132934764 ], [ 2319940.331516002304852, 2479369.821991039905697 ], [ 2319779.084837018046528, 2479498.819570750463754 ], [ 2319682.336560845375061, 2479563.318024624139071 ], [ 2319521.089881861116737, 2479563.318024624139071 ], [ 2319359.843874833080918, 2479531.069133669137955 ], [ 2319263.095598660409451, 2479531.069133669137955 ], [ 2319166.347322487272322, 2479498.819570750463754 ], [ 2319037.350516865029931, 2479498.819570750463754 ], [ 2318972.851442097686231, 2479531.069133669137955 ], [ 2318940.602240691892803, 2479402.071553958579898 ], [ 2318908.353039286565036, 2479047.328377745579928 ], [ 2318650.358084129169583, 2479079.577268700115383 ], [ 2318650.358084129169583, 2478982.829251908231527 ], [ 2318779.355561707634479, 2478724.834092487115413 ], [ 2318811.604763113427907, 2478660.335638613905758 ], [ 2318747.106360302306712, 2478660.335638613905758 ], [ 2318650.358084129169583, 2477725.103689684998244 ], [ 2318618.108882723376155, 2477725.103689684998244 ], [ 2318747.106360302306712, 2477692.854126766324043 ], [ 2318489.112077101133764, 2475661.14308627974242 ], [ 2318489.112077101133764, 2475596.643960442394018 ], [ 2318424.613002333790064, 2474983.905624808277935 ], [ 2317489.382801790721714, 2475112.903204518835992 ], [ 2317263.637048039119691, 2475145.152767437510192 ], [ 2317231.387846633791924, 2475080.654313564300537 ], [ 2317166.889443822670728, 2475145.152767437510192 ], [ 2316779.897683043032885, 2475209.651893274858594 ], [ 2315812.417609137948602, 2475338.649472985416651 ], [ 2315683.420131559483707, 2475177.402330356184393 ], [ 2315360.926773590967059, 2475467.646380731835961 ], [ 2315328.677572185639292, 2475467.646380731835961 ], [ 2315328.677572185639292, 2475403.147926858626306 ], [ 2314748.189931016415358, 2475467.646380731835961 ], [ 2313845.208931879140437, 2475564.395069487858564 ], [ 2313812.959058517124504, 2475564.395069487858564 ], [ 2313780.709857111331075, 2475564.395069487858564 ], [ 2313748.460655706003308, 2475564.395069487858564 ], [ 2312555.235500005539507, 2475725.641540152952075 ], [ 2312522.98629860021174, 2475725.641540152952075 ], [ 2312490.737097194418311, 2475725.641540152952075 ], [ 2312458.487895789090544, 2475725.641540152952075 ], [ 2312168.243739226367325, 2475757.891103071626276 ], [ 2312168.243739226367325, 2475790.140665990300477 ], [ 2312168.243739226367325, 2475822.390228908974677 ], [ 2312168.243739226367325, 2475886.888682782184333 ], [ 2312200.492940631695092, 2475919.138245700858533 ], [ 2312168.243739226367325, 2475919.138245700858533 ], [ 2312135.994537820573896, 2475919.138245700858533 ], [ 2311974.747858836315572, 2475919.138245700858533 ], [ 2311910.248784068971872, 2475951.387136655859649 ], [ 2311877.999582663644105, 2475951.387136655859649 ], [ 2311491.007821884006262, 2475983.63669957453385 ], [ 2311523.257023289334029, 2476048.13582541141659 ], [ 2311523.257023289334029, 2476209.382296076975763 ], [ 2311007.267784931696951, 2476273.881421913858503 ], [ 2311007.267784931696951, 2476209.382296076975763 ], [ 2310523.52774797892198, 2476273.881421913858503 ], [ 2310523.52774797892198, 2476370.62943870620802 ], [ 2310362.281068994663656, 2476370.62943870620802 ], [ 2310136.535987199749798, 2476402.87900162441656 ], [ 2310136.535987199749798, 2476306.130312868859619 ], [ 2309717.295025014318526, 2476370.62943870620802 ], [ 2309620.546748841647059, 2476370.62943870620802 ], [ 2309556.048346030525863, 2476370.62943870620802 ], [ 2309491.549271262716502, 2476370.62943870620802 ], [ 2309427.050868451595306, 2476402.87900162441656 ], [ 2309394.801667046267539, 2476402.87900162441656 ], [ 2309362.552465640474111, 2476402.87900162441656 ], [ 2309040.059107672423124, 2476435.127892579417676 ], [ 2308878.8124286881648, 2476435.127892579417676 ], [ 2308846.563227282837033, 2476467.377455498091877 ], [ 2308814.3133539208211, 2476467.377455498091877 ], [ 2308556.319070719648153, 2476499.627018416766077 ], [ 2308233.825712751597166, 2476564.125472289975733 ], [ 2308201.576511345803738, 2476564.125472289975733 ], [ 2308040.329832362011075, 2476951.118211421649903 ], [ 2308008.080630956217647, 2477015.617337258998305 ], [ 2307782.334877204615623, 2477467.10853026388213 ], [ 2307782.334877204615623, 2477499.358093182556331 ], [ 2307750.085675799287856, 2477531.606984137091786 ], [ 2307717.836474393494427, 2477596.106109974440187 ], [ 2307556.589795409236103, 2477950.849286187440157 ], [ 2307556.589795409236103, 2477983.098849106114358 ], [ 2307524.340594003908336, 2478047.597302979789674 ], [ 2307524.340594003908336, 2478079.846865897998214 ], [ 2307492.091392598114908, 2478112.09575685299933 ], [ 2307492.091392598114908, 2478144.34531977167353 ], [ 2307492.091392598114908, 2478176.594882690347731 ], [ 2307459.842191192787141, 2478337.842025319114327 ], [ 2307137.348833224270493, 2478402.340479192789644 ], [ 2306750.357072445098311, 2478434.590042111463845 ], [ 2306782.606273850426078, 2478724.834092487115413 ], [ 2306460.11291588190943, 2478789.333218324463814 ], [ 2306234.367834086995572, 2478789.333218324463814 ], [ 2305847.375401351135224, 2478853.83167219767347 ], [ 2305782.876998540014029, 2478853.83167219767347 ], [ 2305686.1287223668769, 2478886.081235116347671 ], [ 2305621.630319555755705, 2478886.081235116347671 ], [ 2305073.391879792325199, 2478950.579688989557326 ], [ 2304525.153440028429031, 2479015.078814826905727 ], [ 2304202.660082060378045, 2479047.328377745579928 ], [ 2304202.660082060378045, 2478853.83167219767347 ], [ 2303235.180008155293763, 2478982.829251908231527 ], [ 2303202.930806749500334, 2478982.829251908231527 ], [ 2303170.681605344172567, 2479563.318024624139071 ], [ 2303170.681605344172567, 2479627.817150461021811 ], [ 2303138.432403938379139, 2479724.565167252905667 ], [ 2303041.684127765707672, 2480079.308343466371298 ], [ 2303041.684127765707672, 2480111.557906385045499 ], [ 2303009.434926359914243, 2480208.305923176929355 ], [ 2302590.193292218726128, 2480272.80437705013901 ], [ 2302622.443165580742061, 2480434.051519679371268 ], [ 2302590.193292218726128, 2480434.051519679371268 ], [ 2301816.209770659916103, 2480563.049099389929324 ], [ 2301912.957374876365066, 2481175.787435024045408 ], [ 2301751.711367848794907, 2481208.036997942719609 ], [ 2301783.960569254122674, 2481433.782594445161521 ], [ 2301783.960569254122674, 2481498.281048318836838 ], [ 2301783.960569254122674, 2481595.029065110720694 ], [ 2301783.960569254122674, 2481627.278628029394895 ], [ 2301848.45897206524387, 2481820.775333576835692 ], [ 2301816.209770659916103, 2481820.775333576835692 ], [ 2301687.212293080985546, 2481820.775333576835692 ], [ 2301622.713890269864351, 2481885.273787450511009 ], [ 2301461.467211285606027, 2481917.523350369185209 ], [ 2301396.968808474484831, 2481627.278628029394895 ], [ 2301364.71893511293456, 2481627.278628029394895 ], [ 2301300.220532301813364, 2481691.777753866277635 ], [ 2301235.722129490692168, 2481788.525770658627152 ], [ 2301074.475450506433845, 2481691.777753866277635 ], [ 2301009.976375739090145, 2481627.278628029394895 ], [ 2300913.228771522175521, 2481562.780174155719578 ], [ 2300913.228771522175521, 2481466.032157363835722 ], [ 2300848.729696754831821, 2480982.291401440277696 ], [ 2300784.231293943710625, 2480950.041838521603495 ], [ 2300751.982092537917197, 2480885.542712684255093 ], [ 2300687.483017770573497, 2480917.792275602929294 ], [ 2300622.984614959452301, 2480950.041838521603495 ], [ 2300493.987137380987406, 2480982.291401440277696 ], [ 2300397.239533164072782, 2481111.288981150835752 ], [ 2300300.491256990935653, 2481175.787435024045408 ], [ 2300268.242055585607886, 2481240.285888897255063 ], [ 2300203.743652774486691, 2481272.535451815929264 ], [ 2300171.493779412470758, 2481272.535451815929264 ], [ 2300139.244578007142991, 2481272.535451815929264 ], [ 2300106.995376601349562, 2481272.535451815929264 ], [ 2300042.496973790228367, 2481240.285888897255063 ], [ 2300010.247100428212434, 2481208.036997942719609 ], [ 2299977.997899022884667, 2481208.036997942719609 ], [ 2299913.499496211763471, 2481175.787435024045408 ], [ 2299913.499496211763471, 2481143.537872105371207 ], [ 2299849.001093400642276, 2481079.039418232161552 ], [ 2299752.252817227505147, 2481111.288981150835752 ], [ 2299752.252817227505147, 2481079.039418232161552 ], [ 2299300.761981680523604, 2481143.537872105371207 ], [ 2299300.761981680523604, 2481175.787435024045408 ], [ 2299268.512780275195837, 2481369.283468608278781 ], [ 2299268.512780275195837, 2481466.032157363835722 ], [ 2299236.263578869402409, 2481498.281048318836838 ], [ 2299204.014377464074641, 2481530.530611237045377 ], [ 2299042.767698479816318, 2481595.029065110720694 ], [ 2298849.271818090230227, 2481724.026644821278751 ], [ 2298817.022616684436798, 2481756.276207739952952 ], [ 2298817.022616684436798, 2481788.525770658627152 ], [ 2298784.772743322420865, 2481756.276207739952952 ], [ 2298333.282579732127488, 2481756.276207739952952 ], [ 2297236.80502824857831, 2481724.026644821278751 ], [ 2297236.80502824857831, 2481272.535451815929264 ], [ 2297236.80502824857831, 2480982.291401440277696 ], [ 2297269.054901610128582, 2480111.557906385045499 ], [ 2296817.5640660636127, 2480111.557906385045499 ], [ 2296753.065663252491504, 2480143.807469303254038 ], [ 2296720.815789890475571, 2480143.807469303254038 ], [ 2296624.068185673560947, 2480111.557906385045499 ], [ 2296559.569110906217247, 2480111.557906385045499 ], [ 2296527.31990950088948, 2480079.308343466371298 ], [ 2296366.073230516631156, 2480079.308343466371298 ], [ 2296075.829745910130441, 2480079.308343466371298 ], [ 2295688.837313174270093, 2480079.308343466371298 ], [ 2295430.843029973562807, 2480079.308343466371298 ], [ 2295172.848074816167355, 2480047.058780547697097 ], [ 2293753.877837320789695, 2480014.809889592695981 ], [ 2292850.896838183049113, 2480014.809889592695981 ], [ 2292818.647636777721345, 2479982.560326674487442 ], [ 2292560.652681620325893, 2479982.560326674487442 ], [ 2291593.173279671929777, 2479950.310763755813241 ], [ 2291560.924078266136348, 2479950.310763755813241 ], [ 2291528.674204904586077, 2479950.310763755813241 ], [ 2291464.175802093464881, 2479950.310763755813241 ], [ 2291012.684966546483338, 2479950.310763755813241 ], [ 2290109.703967408742756, 2479918.06120083713904 ], [ 2290077.454766003414989, 2479918.06120083713904 ], [ 2290012.956363192293793, 2479950.310763755813241 ], [ 2289367.969647255726159, 2479918.06120083713904 ], [ 2289335.72044584993273, 2479918.06120083713904 ], [ 2289303.470572487916797, 2479918.06120083713904 ], [ 2289109.974692098330706, 2479918.06120083713904 ], [ 2288529.487050929106772, 2479918.06120083713904 ], [ 2288400.489573350641876, 2479918.06120083713904 ], [ 2288013.497812571004033, 2479918.06120083713904 ], [ 2287884.500334992539138, 2479918.06120083713904 ], [ 2287787.752730775624514, 2479885.812309882137924 ], [ 2287594.256850386038423, 2479885.812309882137924 ], [ 2287368.511096634436399, 2479885.812309882137924 ], [ 2287304.012693823315203, 2479885.812309882137924 ], [ 2287271.763492417521775, 2479885.812309882137924 ], [ 2287078.267612027935684, 2479853.562746963463724 ], [ 2287046.017738665919751, 2479853.562746963463724 ], [ 2286497.779298902489245, 2479853.562746963463724 ], [ 2286433.280896091368049, 2479853.562746963463724 ], [ 2285433.551620780956, 2479821.313184045255184 ], [ 2285304.554143202025443, 2479821.313184045255184 ], [ 2285240.055740390904248, 2479821.313184045255184 ], [ 2285207.806538985576481, 2479821.313184045255184 ], [ 2285046.559860001318157, 2479821.313184045255184 ], [ 2285046.559860001318157, 2479789.064293090254068 ], [ 2285014.31065859599039, 2479789.064293090254068 ], [ 2284982.060785233974457, 2479789.064293090254068 ], [ 2284659.568099222145975, 2479789.064293090254068 ], [ 2284401.573144064750522, 2479789.064293090254068 ], [ 2283788.836301490198821, 2479789.064293090254068 ], [ 2283627.589622505940497, 2479756.814730171579868 ], [ 2283272.847063132096082, 2479756.814730171579868 ], [ 2283240.597189770080149, 2479756.814730171579868 ], [ 2281789.377750868909061, 2479724.565167252905667 ], [ 2281918.375228447373956, 2479531.069133669137955 ], [ 2282047.372034069616348, 2479402.071553958579898 ], [ 2282176.369511648546904, 2479273.073974248021841 ], [ 2282208.618713053874671, 2479111.826831618789583 ], [ 2282531.112071022391319, 2478724.834092487115413 ], [ 2282692.358750006649643, 2478563.587621822021902 ], [ 2282789.10702617932111, 2478434.590042111463845 ], [ 2282821.356227585114539, 2478370.090916274115443 ], [ 2282918.103831801563501, 2478241.093336563557386 ], [ 2283111.600384147837758, 2478015.347740061115474 ], [ 2283305.096264537423849, 2477854.101269395556301 ], [ 2283434.09307015966624, 2477660.604563847649843 ], [ 2283595.339749143924564, 2477434.85896734520793 ], [ 2283692.088025317061692, 2477209.113370842766017 ], [ 2283756.586428128182888, 2477015.617337258998305 ], [ 2283885.583905706647784, 2476789.871068792417645 ], [ 2284014.581383285112679, 2476660.874161045998335 ], [ 2284143.578860864043236, 2476531.876581335440278 ], [ 2284369.323942659422755, 2476177.133405121974647 ], [ 2284498.321420237887651, 2475983.63669957453385 ], [ 2284595.069024454336613, 2475854.639119863510132 ], [ 2284724.06650203326717, 2475693.39264919841662 ], [ 2284756.315703438594937, 2475628.893523361068219 ], [ 2284917.562382422853261, 2475435.397489777300507 ], [ 2284982.060785233974457, 2475370.898363939952105 ], [ 2284982.060785233974457, 2475338.649472985416651 ], [ 2285014.31065859599039, 2475241.900784229394048 ], [ 2285046.559860001318157, 2475145.152767437510192 ], [ 2285111.058262812439352, 2475048.404750645626336 ], [ 2285111.058262812439352, 2474983.905624808277935 ], [ 2285111.058262812439352, 2474951.65673385374248 ], [ 2285143.307464218232781, 2474919.40717093506828 ], [ 2285175.557337579783052, 2474887.157608016394079 ], [ 2285207.806538985576481, 2474854.908717061858624 ], [ 2285207.806538985576481, 2474822.659154143184423 ], [ 2285207.806538985576481, 2474790.409591224510223 ], [ 2285207.806538985576481, 2474758.160028305836022 ], [ 2285240.055740390904248, 2474661.412011513952166 ], [ 2285272.304941796697676, 2474596.913557640742511 ], [ 2285304.554143202025443, 2474532.414431803394109 ], [ 2285336.803344607818872, 2474500.165540848392993 ], [ 2285369.053217969834805, 2474467.915977929718792 ], [ 2285369.053217969834805, 2474435.666415011510253 ], [ 2285401.302419375162572, 2474371.167961137834936 ], [ 2285433.551620780956, 2474338.918398219160736 ], [ 2285498.050023592077196, 2474209.920818508602679 ], [ 2285562.549098359420896, 2474145.421692671719939 ], [ 2285594.798299765214324, 2474080.923238798044622 ], [ 2285627.047501170542091, 2474016.424784924834967 ], [ 2285659.29670257633552, 2473984.175222006160766 ], [ 2285691.546575937885791, 2473919.676096168812364 ], [ 2285691.546575937885791, 2473887.42720521427691 ], [ 2285723.795777343679219, 2473855.177642295602709 ], [ 2285756.044978749006987, 2473822.928079376928508 ], [ 2285788.294180154800415, 2473790.678516458254308 ], [ 2285788.294180154800415, 2473758.429625503718853 ], [ 2285788.294180154800415, 2473726.180062585044652 ], [ 2285820.543381560128182, 2473661.680936747696251 ], [ 2285820.543381560128182, 2473597.182482874486595 ], [ 2285852.792582965921611, 2473564.932919955812395 ], [ 2285885.042456327937543, 2473532.68402900127694 ], [ 2285917.291657733265311, 2473500.434466082602739 ], [ 2285949.540859139058739, 2473468.184903163928539 ], [ 2285981.790060544386506, 2473435.935340245254338 ], [ 2286046.289135311730206, 2473435.935340245254338 ], [ 2286110.787538122851402, 2473435.935340245254338 ], [ 2286175.285940933972597, 2473435.935340245254338 ], [ 2286239.785015701781958, 2473435.935340245254338 ], [ 2286304.283418512903154, 2473435.935340245254338 ], [ 2286368.781821324024349, 2473403.686449290718883 ], [ 2286401.031694686040282, 2473371.436886372044683 ], [ 2286465.530097497161478, 2473306.937760534696281 ], [ 2286562.278373669832945, 2473210.189743742812425 ], [ 2286626.77677648095414, 2473145.69128986960277 ], [ 2286659.025977886747569, 2473081.192164032254368 ], [ 2286659.025977886747569, 2473016.693710159044713 ], [ 2286691.275179292075336, 2472984.444147240370512 ], [ 2286691.275179292075336, 2472952.194584321696311 ], [ 2286691.275179292075336, 2472887.696130448486656 ], [ 2286691.275179292075336, 2472855.446567529812455 ], [ 2286691.275179292075336, 2472823.197004611138254 ], [ 2286691.275179292075336, 2472758.698550737928599 ], [ 2286755.774254059884697, 2472661.950533946044743 ], [ 2286820.272656871005893, 2472565.202517153695226 ], [ 2286852.52185827633366, 2472500.703391316812485 ], [ 2286884.771059682127088, 2472468.453828398138285 ], [ 2286884.771059682127088, 2472436.204937443137169 ], [ 2286884.771059682127088, 2472403.955374524462968 ], [ 2286884.771059682127088, 2472371.705811606254429 ], [ 2286884.771059682127088, 2472339.456248687580228 ], [ 2286884.771059682127088, 2472307.207357732579112 ], [ 2286884.771059682127088, 2472274.957794813904911 ], [ 2286884.771059682127088, 2472210.459340940695256 ], [ 2286884.771059682127088, 2472178.209778022021055 ], [ 2286884.771059682127088, 2472145.960215103346854 ], [ 2286917.02093304367736, 2472016.962635392788798 ], [ 2286917.02093304367736, 2471855.716164727695286 ], [ 2286949.270134449470788, 2471758.967475971672684 ], [ 2286981.519335854798555, 2471694.469022098463029 ], [ 2286981.519335854798555, 2471629.969896261114627 ], [ 2286981.519335854798555, 2471565.471442387904972 ], [ 2287013.768537260591984, 2471533.221879469230771 ], [ 2287046.017738665919751, 2471468.723425596021116 ], [ 2287110.516813433729112, 2471436.473862677346915 ], [ 2287175.015216244850308, 2471371.97540880413726 ], [ 2287207.264417650178075, 2471339.725845885463059 ], [ 2287175.015216244850308, 2471307.476282966788858 ], [ 2287175.015216244850308, 2471275.226720048114657 ], [ 2287142.766014839056879, 2471242.977829093579203 ], [ 2287110.516813433729112, 2471242.977829093579203 ], [ 2287046.017738665919751, 2471242.977829093579203 ], [ 2286949.270134449470788, 2471242.977829093579203 ], [ 2286917.02093304367736, 2471210.728266174905002 ], [ 2286884.771059682127088, 2471210.728266174905002 ], [ 2286820.272656871005893, 2471210.728266174905002 ], [ 2286755.774254059884697, 2471178.478703256230801 ], [ 2286723.525052654091269, 2471146.229140337556601 ], [ 2286691.275179292075336, 2471113.980249383021146 ], [ 2286659.025977886747569, 2471113.980249383021146 ], [ 2286659.025977886747569, 2471081.730686464346945 ], [ 2286659.025977886747569, 2471049.481123545672745 ], [ 2286659.025977886747569, 2470984.982669672463089 ], [ 2286659.025977886747569, 2470920.483543835114688 ], [ 2286626.77677648095414, 2470855.985089961905032 ], [ 2286626.77677648095414, 2470823.735527043230832 ], [ 2286562.278373669832945, 2470791.485964124556631 ], [ 2286530.028500308282673, 2470759.237073169555515 ], [ 2286497.779298902489245, 2470694.737947332672775 ], [ 2286497.779298902489245, 2470662.488384413998574 ], [ 2286497.779298902489245, 2470597.989930540788919 ], [ 2286497.779298902489245, 2470565.740367622114718 ], [ 2286497.779298902489245, 2470533.491476667113602 ], [ 2286530.028500308282673, 2470372.244334037881345 ], [ 2286594.527575075626373, 2470210.997191408649087 ], [ 2286626.77677648095414, 2470114.249174616765231 ], [ 2286691.275179292075336, 2469888.503578114323318 ], [ 2286723.525052654091269, 2469727.25643548509106 ], [ 2286755.774254059884697, 2469630.508418693207204 ], [ 2286788.023455465212464, 2469598.258855774533004 ], [ 2286788.023455465212464, 2469404.762822190765291 ], [ 2286788.023455465212464, 2469308.014805398881435 ], [ 2286788.023455465212464, 2469243.515679561533034 ], [ 2286820.272656871005893, 2469114.518099850974977 ], [ 2286852.52185827633366, 2469050.019645977765322 ], [ 2286852.52185827633366, 2468953.271629185415804 ], [ 2286852.52185827633366, 2468888.772503348533064 ], [ 2286852.52185827633366, 2468856.522940429858863 ], [ 2286820.272656871005893, 2468792.024486556649208 ], [ 2286755.774254059884697, 2468759.774923637975007 ], [ 2286691.275179292075336, 2468759.774923637975007 ], [ 2286626.77677648095414, 2468759.774923637975007 ], [ 2286562.278373669832945, 2468759.774923637975007 ], [ 2286530.028500308282673, 2468727.526032682973891 ], [ 2286530.028500308282673, 2468695.276469764299691 ], [ 2286530.028500308282673, 2468630.77734392741695 ], [ 2286562.278373669832945, 2468566.278890053741634 ], [ 2286659.025977886747569, 2468501.779764216858894 ], [ 2286723.525052654091269, 2468437.281310343183577 ], [ 2286788.023455465212464, 2468405.031747424509376 ], [ 2286820.272656871005893, 2468372.782856469973922 ], [ 2286884.771059682127088, 2468308.28373063262552 ], [ 2286884.771059682127088, 2468276.034167713951319 ], [ 2286884.771059682127088, 2468243.785276759415865 ], [ 2286884.771059682127088, 2468211.535713840741664 ], [ 2286852.52185827633366, 2468179.286150922067463 ], [ 2286594.527575075626373, 2468082.538134130183607 ], [ 2286433.280896091368049, 2467953.540554419625551 ], [ 2286239.785015701781958, 2467792.293411790393293 ], [ 2286014.039261950179935, 2467631.046941125299782 ], [ 2285885.042456327937543, 2467534.298252369277179 ], [ 2285756.044978749006987, 2467502.049361414741725 ], [ 2285691.546575937885791, 2467469.799798496067524 ], [ 2285627.047501170542091, 2467437.550235577393323 ], [ 2285594.798299765214324, 2467405.301344622857869 ], [ 2285562.549098359420896, 2467340.802218785509467 ], [ 2285530.299896954093128, 2467308.552655866835266 ], [ 2285530.299896954093128, 2467244.054201993625611 ], [ 2285562.549098359420896, 2467179.55507615627721 ], [ 2285562.549098359420896, 2467082.807059364393353 ], [ 2285594.798299765214324, 2467018.308605490718037 ], [ 2285659.29670257633552, 2466921.560588698834181 ], [ 2285756.044978749006987, 2466792.563008988276124 ], [ 2285820.543381560128182, 2466695.814320232719183 ], [ 2285852.792582965921611, 2466663.565429277718067 ], [ 2285885.042456327937543, 2466599.066303440369666 ], [ 2285917.291657733265311, 2466534.56784956716001 ], [ 2285949.540859139058739, 2466373.320706937927753 ], [ 2285981.790060544386506, 2466212.073564308695495 ], [ 2286046.289135311730206, 2466115.325547516811639 ], [ 2286143.03673952864483, 2465986.327967806253582 ], [ 2286239.785015701781958, 2465889.579951014369726 ], [ 2286304.283418512903154, 2465792.83193422248587 ], [ 2286401.031694686040282, 2465728.333480349276215 ], [ 2286497.779298902489245, 2465663.834354511927813 ], [ 2286594.527575075626373, 2465631.584791593253613 ], [ 2286723.525052654091269, 2465567.086337720043957 ], [ 2286820.272656871005893, 2465534.836774801369756 ], [ 2286852.52185827633366, 2465470.338320928160101 ], [ 2286917.02093304367736, 2465438.0887580094859 ], [ 2286949.270134449470788, 2465373.589632172137499 ], [ 2286981.519335854798555, 2465276.841615380253643 ], [ 2286981.519335854798555, 2465244.592724425252527 ], [ 2287046.017738665919751, 2465147.844035669695586 ], [ 2287110.516813433729112, 2465083.345581796020269 ], [ 2287207.264417650178075, 2465051.09601887781173 ], [ 2287271.763492417521775, 2464954.348002085462213 ], [ 2287304.012693823315203, 2464889.848876248579472 ], [ 2287336.26189522864297, 2464825.350422374904156 ], [ 2287110.516813433729112, 2464825.350422374904156 ], [ 2281434.635191495064646, 2464631.854388791136444 ], [ 2280692.900871341582388, 2464599.604825872462243 ], [ 2280660.650997980032116, 2464599.604825872462243 ], [ 2280628.401796574238688, 2464599.604825872462243 ], [ 2279822.169073609635234, 2464599.604825872462243 ], [ 2279757.669998842291534, 2464567.355262953788042 ], [ 2279725.420797436963767, 2464567.355262953788042 ], [ 2279660.922394625842571, 2464535.105700035113841 ], [ 2279564.174118452705443, 2464502.856809080578387 ], [ 2279531.924917046912014, 2464535.105700035113841 ], [ 2279499.675715641584247, 2464535.105700035113841 ], [ 2279467.425842279568315, 2464535.105700035113841 ], [ 2279306.179835251998156, 2464567.355262953788042 ], [ 2279144.933156267739832, 2464599.604825872462243 ], [ 2278983.686477283481508, 2464631.854388791136444 ], [ 2278854.688999705016613, 2464664.103279746137559 ], [ 2278822.439798299223185, 2464696.352842664346099 ], [ 2278790.190596893895417, 2464728.6024055830203 ], [ 2278757.940723531879485, 2464728.6024055830203 ], [ 2278725.691522126086056, 2464728.6024055830203 ], [ 2278628.943917909637094, 2464696.352842664346099 ], [ 2278532.195641736499965, 2464631.854388791136444 ], [ 2278499.946440331172198, 2464664.103279746137559 ], [ 2278467.69723892537877, 2464664.103279746137559 ], [ 2278370.948962752241641, 2464696.352842664346099 ], [ 2278306.450559941120446, 2464728.6024055830203 ], [ 2278241.951485173776746, 2464728.6024055830203 ], [ 2278177.45308236265555, 2464760.8519685016945 ], [ 2278080.704806189518422, 2464825.350422374904156 ], [ 2278048.455604784190655, 2464825.350422374904156 ], [ 2277919.458799161948264, 2464889.848876248579472 ], [ 2277725.962246815674007, 2465018.846455959137529 ], [ 2277564.715567831415683, 2465115.59514471469447 ], [ 2277500.217165020294487, 2465147.844035669695586 ], [ 2277435.718762209173292, 2465212.343161506578326 ], [ 2277371.219687441829592, 2465212.343161506578326 ], [ 2277274.472083225380629, 2465244.592724425252527 ], [ 2277145.474605646450073, 2465276.841615380253643 ], [ 2277048.726329473312944, 2465309.091178298927844 ], [ 2276919.729523851070553, 2465373.589632172137499 ], [ 2276855.230449083726853, 2465373.589632172137499 ], [ 2276758.48284486727789, 2465405.8391950908117 ], [ 2276564.986964477226138, 2465470.338320928160101 ], [ 2276468.238688304554671, 2465502.587211882695556 ], [ 2276403.740285493433475, 2465534.836774801369756 ], [ 2276306.992009320296347, 2465567.086337720043957 ], [ 2276274.742807914502919, 2465599.335900638718158 ], [ 2276242.493606509175152, 2465599.335900638718158 ], [ 2276242.493606509175152, 2465663.834354511927813 ], [ 2276210.244405103381723, 2465663.834354511927813 ], [ 2276177.99453174136579, 2465696.083917430602014 ], [ 2276145.745330336038023, 2465663.834354511927813 ], [ 2276081.246927524916828, 2465696.083917430602014 ], [ 2276048.997726119123399, 2465696.083917430602014 ], [ 2275984.498651351779699, 2465696.083917430602014 ], [ 2275952.249449946451932, 2465696.083917430602014 ], [ 2275920.000248540658504, 2465696.083917430602014 ], [ 2275823.251972367521375, 2465728.333480349276215 ], [ 2275791.002770962193608, 2465760.582371303811669 ], [ 2275758.75356955640018, 2465825.081497141160071 ], [ 2275726.504368151072413, 2465825.081497141160071 ], [ 2275597.506890572607517, 2465954.079076851718128 ], [ 2275468.50941299367696, 2466083.076656562276185 ], [ 2275371.761808777227998, 2466179.824673354160041 ], [ 2275275.013532604090869, 2466212.073564308695495 ], [ 2275178.265928387641907, 2466276.572690146043897 ], [ 2275113.766853619832546, 2466308.822253064718097 ], [ 2275081.517652214504778, 2466308.822253064718097 ], [ 2275049.26845080871135, 2466373.320706937927753 ], [ 2275049.26845080871135, 2466405.570269856601954 ], [ 2275049.26845080871135, 2466437.819832775276154 ], [ 2275049.26845080871135, 2466502.31828664848581 ], [ 2275049.26845080871135, 2466534.56784956716001 ], [ 2275017.019249403383583, 2466631.315866359043866 ], [ 2275017.019249403383583, 2466695.814320232719183 ], [ 2275017.019249403383583, 2466728.063883151393384 ], [ 2275081.517652214504778, 2466824.81189994327724 ], [ 2275081.517652214504778, 2466889.31102578015998 ], [ 2275113.766853619832546, 2466921.560588698834181 ], [ 2275146.016055025625974, 2466986.059042572509497 ], [ 2275146.016055025625974, 2467050.558168409392238 ], [ 2275146.016055025625974, 2467082.807059364393353 ], [ 2275146.016055025625974, 2467115.056622283067554 ], [ 2275113.766853619832546, 2467179.55507615627721 ], [ 2275081.517652214504778, 2467244.054201993625611 ], [ 2275049.26845080871135, 2467276.303764912299812 ], [ 2274984.770047997590154, 2467340.802218785509467 ], [ 2274920.270973230246454, 2467373.051781704183668 ], [ 2274888.021771824453026, 2467373.051781704183668 ], [ 2274888.021771824453026, 2467469.799798496067524 ], [ 2274888.021771824453026, 2467502.049361414741725 ], [ 2274823.523369013331831, 2467566.54781528795138 ], [ 2274791.273495651781559, 2467566.54781528795138 ], [ 2274759.024294245988131, 2467598.797378206625581 ], [ 2274726.775092840660363, 2467598.797378206625581 ], [ 2274694.525891434866935, 2467598.797378206625581 ], [ 2274694.525891434866935, 2467566.54781528795138 ], [ 2274662.276690029539168, 2467566.54781528795138 ], [ 2274597.777615261729807, 2467598.797378206625581 ], [ 2274533.279212450608611, 2467598.797378206625581 ], [ 2274468.780809639487416, 2467598.797378206625581 ], [ 2274339.78333206102252, 2467631.046941125299782 ], [ 2274243.035055887885392, 2467695.545394998509437 ], [ 2274114.037578309420496, 2467695.545394998509437 ], [ 2273985.040772687178105, 2467695.545394998509437 ], [ 2273920.541697919834405, 2467727.794957917183638 ], [ 2273759.295018935576081, 2467727.794957917183638 ], [ 2273372.303258155938238, 2467211.80463907495141 ], [ 2273307.804855344817042, 2467179.55507615627721 ], [ 2273275.555653939489275, 2467147.306185201276094 ], [ 2273243.305780577473342, 2467147.306185201276094 ], [ 2273178.807377766352147, 2467147.306185201276094 ], [ 2273082.059101593215019, 2467179.55507615627721 ], [ 2273049.809900187887251, 2467179.55507615627721 ], [ 2272985.311497376766056, 2467211.80463907495141 ], [ 2272824.064818392507732, 2467340.802218785509467 ], [ 2272791.815616986714303, 2467405.301344622857869 ], [ 2272791.815616986714303, 2467502.049361414741725 ], [ 2272791.815616986714303, 2467534.298252369277179 ], [ 2272759.566415581386536, 2467566.54781528795138 ], [ 2272727.316542219370604, 2467598.797378206625581 ], [ 2272598.319736597128212, 2467695.545394998509437 ], [ 2272566.06986323511228, 2467727.794957917183638 ], [ 2272533.820661829784513, 2467792.293411790393293 ], [ 2272501.571460423991084, 2467889.042100546415895 ], [ 2272501.571460423991084, 2467921.29099150095135 ], [ 2272469.322259018663317, 2467921.29099150095135 ], [ 2272469.322259018663317, 2467953.540554419625551 ], [ 2272340.324781440198421, 2467953.540554419625551 ], [ 2272340.324781440198421, 2467985.790117338299751 ], [ 2272243.577177223283798, 2468050.288571211509407 ], [ 2272211.327303861267865, 2468147.036588003393263 ], [ 2272146.828901050146669, 2468179.286150922067463 ], [ 2272114.579699644818902, 2468179.286150922067463 ], [ 2272050.080624877009541, 2468114.787697048857808 ], [ 2272017.831423471681774, 2468114.787697048857808 ], [ 2271953.333020660560578, 2468082.538134130183607 ], [ 2271921.08381925476715, 2468082.538134130183607 ], [ 2271856.58474448742345, 2468082.538134130183607 ], [ 2271824.335543082095683, 2468114.787697048857808 ], [ 2271792.086341676302254, 2468147.036588003393263 ], [ 2271727.587938865181059, 2468276.034167713951319 ], [ 2271695.338065503165126, 2468276.034167713951319 ], [ 2271598.590461286716163, 2468308.28373063262552 ], [ 2271566.341259880922735, 2468308.28373063262552 ], [ 2271534.091386519372463, 2468340.533293551299721 ], [ 2271469.592983708251268, 2468372.782856469973922 ], [ 2271437.343782302457839, 2468437.281310343183577 ], [ 2271372.844707535114139, 2468663.026906846091151 ], [ 2271340.595506129320711, 2468695.276469764299691 ], [ 2271340.595506129320711, 2468727.526032682973891 ], [ 2271276.097103318199515, 2468727.526032682973891 ], [ 2271243.847901912871748, 2468727.526032682973891 ], [ 2271179.348827145062387, 2468727.526032682973891 ], [ 2271082.601222928613424, 2468727.526032682973891 ], [ 2271050.352021522819996, 2468695.276469764299691 ], [ 2270953.603745350148529, 2468695.276469764299691 ], [ 2270921.3545439443551, 2468695.276469764299691 ], [ 2270921.3545439443551, 2468727.526032682973891 ], [ 2270889.105342539027333, 2468727.526032682973891 ], [ 2270824.606267771217972, 2468824.274049474857748 ], [ 2270792.357066365890205, 2468856.522940429858863 ], [ 2270760.107864960096776, 2468888.772503348533064 ], [ 2270727.858663554769009, 2468921.022066267207265 ], [ 2270663.359588787425309, 2468985.52052014041692 ], [ 2270663.359588787425309, 2469017.770083059091121 ], [ 2270631.110387381631881, 2469017.770083059091121 ], [ 2270566.611984570510685, 2469050.019645977765322 ], [ 2270534.362783165182918, 2469050.019645977765322 ], [ 2270534.362783165182918, 2469082.269208895973861 ], [ 2270534.362783165182918, 2469146.767662769649178 ], [ 2270502.112909803166986, 2469179.017225688323379 ], [ 2270469.863708397373557, 2469179.017225688323379 ], [ 2270469.863708397373557, 2469211.266788606997579 ], [ 2270437.61450699204579, 2469211.266788606997579 ], [ 2270437.61450699204579, 2469308.014805398881435 ], [ 2270405.365305586252362, 2469340.26369635341689 ], [ 2270373.116104180924594, 2469372.513259272091091 ], [ 2270340.866902775131166, 2469372.513259272091091 ], [ 2270340.866902775131166, 2469404.762822190765291 ], [ 2270308.617029413580894, 2469469.261276063974947 ], [ 2270308.617029413580894, 2469501.510838982649148 ], [ 2270276.367828007787466, 2469533.760401901323348 ], [ 2270211.86942519666627, 2469630.508418693207204 ], [ 2270179.620223791338503, 2469695.007544530555606 ], [ 2270147.370350429322571, 2469727.25643548509106 ], [ 2270115.121149023529142, 2469791.755561322439462 ], [ 2270018.373544807080179, 2469856.254015195649117 ], [ 2269986.123671445064247, 2469888.503578114323318 ], [ 2269986.123671445064247, 2470017.501157824881375 ], [ 2269953.874470039270818, 2470049.750720743555576 ], [ 2269889.376067228149623, 2470146.498737535439432 ], [ 2269889.376067228149623, 2470178.747628490440547 ], [ 2269857.126865822821856, 2470243.246754327323288 ] ] } },
{ "type": "Feature", "properties": { }, "geometry": { "type": "LineString", "coordinates": [ [ 2269857.126865822821856, 2470243.246754327323288 ], [ 2269889.376067228149623, 2470178.747628490440547 ], [ 2269889.376067228149623, 2470146.498737535439432 ], [ 2269953.874470039270818, 2470049.750720743555576 ], [ 2269986.123671445064247, 2470017.501157824881375 ], [ 2269986.123671445064247, 2469888.503578114323318 ], [ 2270018.373544807080179, 2469856.254015195649117 ], [ 2270115.121149023529142, 2469791.755561322439462 ], [ 2270147.370350429322571, 2469727.25643548509106 ], [ 2270179.620223791338503, 2469695.007544530555606 ], [ 2270211.86942519666627, 2469630.508418693207204 ], [ 2270276.367828007787466, 2469533.760401901323348 ], [ 2270308.617029413580894, 2469501.510838982649148 ], [ 2270308.617029413580894, 2469469.261276063974947 ], [ 2270340.866902775131166, 2469404.762822190765291 ], [ 2270340.866902775131166, 2469372.513259272091091 ], [ 2270373.116104180924594, 2469372.513259272091091 ], [ 2270405.365305586252362, 2469340.26369635341689 ], [ 2270437.61450699204579, 2469308.014805398881435 ], [ 2270437.61450699204579, 2469211.266788606997579 ], [ 2270469.863708397373557, 2469211.266788606997579 ], [ 2270469.863708397373557, 2469179.017225688323379 ], [ 2270502.112909803166986, 2469179.017225688323379 ], [ 2270534.362783165182918, 2469146.767662769649178 ], [ 2270534.362783165182918, 2469082.269208895973861 ], [ 2270534.362783165182918, 2469050.019645977765322 ], [ 2270566.611984570510685, 2469050.019645977765322 ], [ 2270631.110387381631881, 2469017.770083059091121 ], [ 2270663.359588787425309, 2469017.770083059091121 ], [ 2270663.359588787425309, 2468985.52052014041692 ], [ 2270727.858663554769009, 2468921.022066267207265 ], [ 2270760.107864960096776, 2468888.772503348533064 ], [ 2270792.357066365890205, 2468856.522940429858863 ], [ 2270824.606267771217972, 2468824.274049474857748 ], [ 2270889.105342539027333, 2468727.526032682973891 ], [ 2270921.3545439443551, 2468727.526032682973891 ], [ 2270921.3545439443551, 2468695.276469764299691 ], [ 2270953.603745350148529, 2468695.276469764299691 ], [ 2271050.352021522819996, 2468695.276469764299691 ], [ 2271082.601222928613424, 2468727.526032682973891 ], [ 2271179.348827145062387, 2468727.526032682973891 ], [ 2271243.847901912871748, 2468727.526032682973891 ], [ 2271276.097103318199515, 2468727.526032682973891 ], [ 2271340.595506129320711, 2468727.526032682973891 ], [ 2271340.595506129320711, 2468695.276469764299691 ], [ 2271372.844707535114139, 2468663.026906846091151 ], [ 2271437.343782302457839, 2468437.281310343183577 ], [ 2271469.592983708251268, 2468372.782856469973922 ], [ 2271534.091386519372463, 2468340.533293551299721 ], [ 2271566.341259880922735, 2468308.28373063262552 ], [ 2271598.590461286716163, 2468308.28373063262552 ], [ 2271695.338065503165126, 2468276.034167713951319 ], [ 2271727.587938865181059, 2468276.034167713951319 ], [ 2271792.086341676302254, 2468147.036588003393263 ], [ 2271824.335543082095683, 2468114.787697048857808 ], [ 2271856.58474448742345, 2468082.538134130183607 ], [ 2271921.08381925476715, 2468082.538134130183607 ], [ 2271953.333020660560578, 2468082.538134130183607 ], [ 2272017.831423471681774, 2468114.787697048857808 ], [ 2272050.080624877009541, 2468114.787697048857808 ], [ 2272114.579699644818902, 2468179.286150922067463 ], [ 2272146.828901050146669, 2468179.286150922067463 ], [ 2272211.327303861267865, 2468147.036588003393263 ], [ 2272243.577177223283798, 2468050.288571211509407 ], [ 2272340.324781440198421, 2467985.790117338299751 ], [ 2272340.324781440198421, 2467953.540554419625551 ], [ 2272469.322259018663317, 2467953.540554419625551 ], [ 2272469.322259018663317, 2467921.29099150095135 ], [ 2272501.571460423991084, 2467921.29099150095135 ], [ 2272501.571460423991084, 2467889.042100546415895 ], [ 2272533.820661829784513, 2467792.293411790393293 ], [ 2272566.06986323511228, 2467727.794957917183638 ], [ 2272598.319736597128212, 2467695.545394998509437 ], [ 2272727.316542219370604, 2467598.797378206625581 ], [ 2272759.566415581386536, 2467566.54781528795138 ], [ 2272791.815616986714303, 2467534.298252369277179 ], [ 2272791.815616986714303, 2467502.049361414741725 ], [ 2272791.815616986714303, 2467405.301344622857869 ], [ 2272824.064818392507732, 2467340.802218785509467 ], [ 2272985.311497376766056, 2467211.80463907495141 ], [ 2273049.809900187887251, 2467179.55507615627721 ], [ 2273082.059101593215019, 2467179.55507615627721 ], [ 2273178.807377766352147, 2467147.306185201276094 ], [ 2273243.305780577473342, 2467147.306185201276094 ], [ 2273275.555653939489275, 2467147.306185201276094 ], [ 2273307.804855344817042, 2467179.55507615627721 ], [ 2273372.303258155938238, 2467211.80463907495141 ], [ 2273759.295018935576081, 2467727.794957917183638 ], [ 2273920.541697919834405, 2467727.794957917183638 ], [ 2273985.040772687178105, 2467695.545394998509437 ], [ 2274114.037578309420496, 2467695.545394998509437 ], [ 2274243.035055887885392, 2467695.545394998509437 ], [ 2274339.78333206102252, 2467631.046941125299782 ], [ 2274468.780809639487416, 2467598.797378206625581 ], [ 2274533.279212450608611, 2467598.797378206625581 ], [ 2274597.777615261729807, 2467598.797378206625581 ], [ 2274662.276690029539168, 2467566.54781528795138 ], [ 2274694.525891434866935, 2467566.54781528795138 ], [ 2274694.525891434866935, 2467598.797378206625581 ], [ 2274726.775092840660363, 2467598.797378206625581 ], [ 2274759.024294245988131, 2467598.797378206625581 ], [ 2274791.273495651781559, 2467566.54781528795138 ], [ 2274823.523369013331831, 2467566.54781528795138 ], [ 2274888.021771824453026, 2467502.049361414741725 ], [ 2274888.021771824453026, 2467469.799798496067524 ], [ 2274888.021771824453026, 2467373.051781704183668 ], [ 2274920.270973230246454, 2467373.051781704183668 ], [ 2274984.770047997590154, 2467340.802218785509467 ], [ 2275049.26845080871135, 2467276.303764912299812 ], [ 2275081.517652214504778, 2467244.054201993625611 ], [ 2275113.766853619832546, 2467179.55507615627721 ], [ 2275146.016055025625974, 2467115.056622283067554 ], [ 2275146.016055025625974, 2467082.807059364393353 ], [ 2275146.016055025625974, 2467050.558168409392238 ], [ 2275146.016055025625974, 2466986.059042572509497 ], [ 2275113.766853619832546, 2466921.560588698834181 ], [ 2275081.517652214504778, 2466889.31102578015998 ], [ 2275081.517652214504778, 2466824.81189994327724 ], [ 2275017.019249403383583, 2466728.063883151393384 ], [ 2275017.019249403383583, 2466695.814320232719183 ], [ 2275017.019249403383583, 2466631.315866359043866 ], [ 2275049.26845080871135, 2466534.56784956716001 ], [ 2275049.26845080871135, 2466502.31828664848581 ], [ 2275049.26845080871135, 2466437.819832775276154 ], [ 2275049.26845080871135, 2466405.570269856601954 ], [ 2275049.26845080871135, 2466373.320706937927753 ], [ 2275081.517652214504778, 2466308.822253064718097 ], [ 2275113.766853619832546, 2466308.822253064718097 ], [ 2275178.265928387641907, 2466276.572690146043897 ], [ 2275275.013532604090869, 2466212.073564308695495 ], [ 2275371.761808777227998, 2466179.824673354160041 ], [ 2275468.50941299367696, 2466083.076656562276185 ], [ 2275597.506890572607517, 2465954.079076851718128 ], [ 2275726.504368151072413, 2465825.081497141160071 ], [ 2275758.75356955640018, 2465825.081497141160071 ], [ 2275791.002770962193608, 2465760.582371303811669 ], [ 2275823.251972367521375, 2465728.333480349276215 ], [ 2275920.000248540658504, 2465696.083917430602014 ], [ 2275952.249449946451932, 2465696.083917430602014 ], [ 2275984.498651351779699, 2465696.083917430602014 ], [ 2276048.997726119123399, 2465696.083917430602014 ], [ 2276081.246927524916828, 2465696.083917430602014 ], [ 2276145.745330336038023, 2465663.834354511927813 ], [ 2276177.99453174136579, 2465696.083917430602014 ], [ 2276210.244405103381723, 2465663.834354511927813 ], [ 2276242.493606509175152, 2465663.834354511927813 ], [ 2276242.493606509175152, 2465599.335900638718158 ], [ 2276274.742807914502919, 2465599.335900638718158 ], [ 2276306.992009320296347, 2465567.086337720043957 ], [ 2276403.740285493433475, 2465534.836774801369756 ], [ 2276468.238688304554671, 2465502.587211882695556 ], [ 2276564.986964477226138, 2465470.338320928160101 ], [ 2276758.48284486727789, 2465405.8391950908117 ], [ 2276855.230449083726853, 2465373.589632172137499 ], [ 2276919.729523851070553, 2465373.589632172137499 ], [ 2277048.726329473312944, 2465309.091178298927844 ], [ 2277145.474605646450073, 2465276.841615380253643 ], [ 2277274.472083225380629, 2465244.592724425252527 ], [ 2277371.219687441829592, 2465212.343161506578326 ], [ 2277435.718762209173292, 2465212.343161506578326 ], [ 2277500.217165020294487, 2465147.844035669695586 ], [ 2277564.715567831415683, 2465115.59514471469447 ], [ 2277725.962246815674007, 2465018.846455959137529 ], [ 2277919.458799161948264, 2464889.848876248579472 ], [ 2278048.455604784190655, 2464825.350422374904156 ], [ 2278080.704806189518422, 2464825.350422374904156 ], [ 2278177.45308236265555, 2464760.8519685016945 ], [ 2278241.951485173776746, 2464728.6024055830203 ], [ 2278306.450559941120446, 2464728.6024055830203 ], [ 2278370.948962752241641, 2464696.352842664346099 ], [ 2278467.69723892537877, 2464664.103279746137559 ], [ 2278499.946440331172198, 2464664.103279746137559 ], [ 2278532.195641736499965, 2464631.854388791136444 ], [ 2278628.943917909637094, 2464696.352842664346099 ], [ 2278725.691522126086056, 2464728.6024055830203 ], [ 2278757.940723531879485, 2464728.6024055830203 ], [ 2278790.190596893895417, 2464728.6024055830203 ], [ 2278822.439798299223185, 2464696.352842664346099 ], [ 2278854.688999705016613, 2464664.103279746137559 ], [ 2278983.686477283481508, 2464631.854388791136444 ], [ 2279144.933156267739832, 2464599.604825872462243 ], [ 2279306.179835251998156, 2464567.355262953788042 ], [ 2279467.425842279568315, 2464535.105700035113841 ], [ 2279499.675715641584247, 2464535.105700035113841 ], [ 2279531.924917046912014, 2464535.105700035113841 ], [ 2279564.174118452705443, 2464502.856809080578387 ], [ 2279660.922394625842571, 2464535.105700035113841 ], [ 2279725.420797436963767, 2464567.355262953788042 ], [ 2279757.669998842291534, 2464567.355262953788042 ], [ 2279822.169073609635234, 2464599.604825872462243 ], [ 2279789.919200248084962, 2464438.357683243229985 ], [ 2279757.669998842291534, 2464373.85922937002033 ], [ 2279757.669998842291534, 2464277.111212578136474 ], [ 2279757.669998842291534, 2464244.861649659462273 ], [ 2279725.420797436963767, 2464212.612086740788072 ], [ 2279693.171596031170338, 2464148.113632867578417 ], [ 2279693.171596031170338, 2464083.614507030230016 ], [ 2279628.672521263826638, 2463986.866490238346159 ], [ 2279628.672521263826638, 2463890.118473446462303 ], [ 2279628.672521263826638, 2463825.619347609113902 ], [ 2279660.922394625842571, 2463793.370456654578447 ], [ 2279660.922394625842571, 2463761.120893735904247 ], [ 2279660.922394625842571, 2463696.621767898555845 ], [ 2279660.922394625842571, 2463664.372876944020391 ], [ 2279660.922394625842571, 2463632.12331402534619 ], [ 2279628.672521263826638, 2463503.125734314788133 ], [ 2279660.922394625842571, 2463374.128154604230076 ], [ 2279660.922394625842571, 2463309.62970073055476 ], [ 2279693.171596031170338, 2463245.130574893672019 ], [ 2279693.171596031170338, 2463212.881011974997818 ], [ 2279660.922394625842571, 2463180.632121019996703 ], [ 2279660.922394625842571, 2463148.382558101322502 ], [ 2279628.672521263826638, 2463116.132995183113962 ], [ 2279499.675715641584247, 2463019.384978390764445 ], [ 2279435.176640874240547, 2462922.636961598880589 ], [ 2279402.927439468447119, 2462890.387398680206388 ], [ 2279402.927439468447119, 2462825.888944806996733 ], [ 2279370.678238063119352, 2462729.140256051439792 ], [ 2279370.678238063119352, 2462696.891365096438676 ], [ 2279338.429036657325923, 2462567.893785385880619 ], [ 2279273.929961889982224, 2462471.145768593996763 ], [ 2279241.680760484188795, 2462406.646642756648362 ], [ 2279241.680760484188795, 2462342.148188883438706 ], [ 2279209.431559078861028, 2462213.15060917288065 ], [ 2279177.1823576730676, 2462180.901046254206449 ], [ 2279144.933156267739832, 2462116.402592380996794 ], [ 2279080.434081499930471, 2462084.153029462322593 ], [ 2279048.184880094602704, 2462084.153029462322593 ], [ 2279015.935678688809276, 2462051.903466543648392 ], [ 2278951.436603921465576, 2462051.903466543648392 ], [ 2278919.187402516137809, 2462019.653903624974191 ], [ 2278886.93820111034438, 2461955.155449751764536 ], [ 2278886.93820111034438, 2461922.905886833090335 ], [ 2278919.187402516137809, 2461858.40743295988068 ], [ 2278919.187402516137809, 2461826.157870041206479 ], [ 2278919.187402516137809, 2461793.908307122532278 ], [ 2278919.187402516137809, 2461761.659416167531163 ], [ 2278886.93820111034438, 2461729.409853249322623 ], [ 2278790.190596893895417, 2461664.910727411974221 ], [ 2278757.940723531879485, 2461664.910727411974221 ], [ 2278725.691522126086056, 2461632.661836456973106 ], [ 2278661.193119314964861, 2461632.661836456973106 ], [ 2278628.943917909637094, 2461600.412273538764566 ], [ 2278596.694044547621161, 2461600.412273538764566 ], [ 2278564.444843142293394, 2461600.412273538764566 ], [ 2278532.195641736499965, 2461600.412273538764566 ], [ 2278499.946440331172198, 2461568.162710620090365 ], [ 2278499.946440331172198, 2461535.913147701416165 ], [ 2278499.946440331172198, 2461503.664256746415049 ], [ 2278499.946440331172198, 2461439.165130909532309 ], [ 2278499.946440331172198, 2461406.915567990858108 ], [ 2278499.946440331172198, 2461342.417114117648453 ], [ 2278499.946440331172198, 2461310.167551198974252 ], [ 2278499.946440331172198, 2461277.918660243973136 ], [ 2278499.946440331172198, 2461181.169971488416195 ], [ 2278499.946440331172198, 2461116.671517614740878 ], [ 2278532.195641736499965, 2461084.421954696066678 ], [ 2278532.195641736499965, 2460987.673937904182822 ], [ 2278532.195641736499965, 2460890.925921112298965 ], [ 2278499.946440331172198, 2460826.426795274950564 ], [ 2278499.946440331172198, 2460794.177904320415109 ], [ 2278499.946440331172198, 2460761.928341401740909 ], [ 2278467.69723892537877, 2460665.180324609857053 ], [ 2278499.946440331172198, 2460600.681198772508651 ], [ 2278499.946440331172198, 2460536.182744899298996 ], [ 2278499.946440331172198, 2460471.683619061950594 ], [ 2278499.946440331172198, 2460407.185165188740939 ], [ 2278467.69723892537877, 2460342.686039351392537 ], [ 2278467.69723892537877, 2460278.187585478182882 ], [ 2278435.448037520051003, 2460181.439568686299026 ], [ 2278403.19816415803507, 2460116.940442848950624 ], [ 2278403.19816415803507, 2460052.441988975740969 ], [ 2278370.948962752241641, 2460020.192426057066768 ], [ 2278338.699761346913874, 2459923.444409265182912 ], [ 2278306.450559941120446, 2459826.696392472833395 ], [ 2278274.201358535792679, 2459762.197266635950655 ], [ 2278274.201358535792679, 2459697.698812762275338 ], [ 2278274.201358535792679, 2459665.449249844066799 ], [ 2278274.201358535792679, 2459633.199686925392598 ], [ 2278241.951485173776746, 2459600.950124006718397 ], [ 2278274.201358535792679, 2459568.701233051717281 ], [ 2278274.201358535792679, 2459504.202107214834541 ], [ 2278274.201358535792679, 2459439.703653341159225 ], [ 2278306.450559941120446, 2459375.204527504276484 ], [ 2278306.450559941120446, 2459310.706073630601168 ], [ 2278274.201358535792679, 2459278.456510712392628 ], [ 2278274.201358535792679, 2459246.206947793718427 ], [ 2278274.201358535792679, 2459181.708493920043111 ], [ 2278274.201358535792679, 2459117.210040046833456 ], [ 2278274.201358535792679, 2459052.710914209485054 ], [ 2278274.201358535792679, 2459020.461351290810853 ], [ 2278274.201358535792679, 2458955.962897417601198 ], [ 2278306.450559941120446, 2458923.713334498926997 ], [ 2278274.201358535792679, 2458891.463771580252796 ], [ 2278274.201358535792679, 2458859.214880625717342 ], [ 2278241.951485173776746, 2458826.965317707043141 ], [ 2278209.702283767983317, 2458794.71575478836894 ], [ 2278209.702283767983317, 2458730.217300915159285 ], [ 2278177.45308236265555, 2458665.718175077810884 ], [ 2278177.45308236265555, 2458601.219721204601228 ], [ 2278177.45308236265555, 2458568.970158285927027 ], [ 2278145.203880956862122, 2458536.720595367252827 ], [ 2278177.45308236265555, 2458472.222141494043171 ], [ 2278177.45308236265555, 2458439.972578575368971 ], [ 2278177.45308236265555, 2458407.72301565669477 ], [ 2278177.45308236265555, 2458375.474124702159315 ], [ 2278177.45308236265555, 2458310.974998864810914 ], [ 2278209.702283767983317, 2458214.226982072927058 ], [ 2278209.702283767983317, 2458085.229402362369001 ], [ 2278209.702283767983317, 2458020.730948489159346 ], [ 2278209.702283767983317, 2457859.483805859927088 ], [ 2278209.702283767983317, 2457762.735789067577571 ], [ 2278209.702283767983317, 2457698.23666323069483 ], [ 2278209.702283767983317, 2457633.738209357019514 ], [ 2278209.702283767983317, 2457569.239083520136774 ], [ 2278177.45308236265555, 2457504.740629646461457 ], [ 2278177.45308236265555, 2457440.241503809578717 ], [ 2278145.203880956862122, 2457375.7430499359034 ], [ 2278145.203880956862122, 2457343.493487017229199 ], [ 2278145.203880956862122, 2457311.244596062693745 ], [ 2278112.954679551534355, 2457311.244596062693745 ], [ 2278112.954679551534355, 2457278.995033144019544 ], [ 2278080.704806189518422, 2457214.495907306671143 ], [ 2278048.455604784190655, 2457182.247016352135688 ], [ 2278016.206403378397226, 2457085.498327596113086 ], [ 2278016.206403378397226, 2457020.99987372290343 ], [ 2278016.206403378397226, 2456988.75031080422923 ], [ 2278016.206403378397226, 2456924.251856931019574 ], [ 2278048.455604784190655, 2456859.752731093671173 ], [ 2278080.704806189518422, 2456795.254277220461518 ], [ 2278112.954679551534355, 2456763.004714301787317 ], [ 2278145.203880956862122, 2456730.755151383113116 ], [ 2278145.203880956862122, 2456666.256697509903461 ], [ 2278145.203880956862122, 2456569.508680718019605 ], [ 2278145.203880956862122, 2456505.009554880671203 ], [ 2278112.954679551534355, 2456472.760663926135749 ], [ 2278112.954679551534355, 2456408.261538088787347 ], [ 2278080.704806189518422, 2456311.513521296903491 ], [ 2278080.704806189518422, 2456214.765504505019635 ], [ 2278080.704806189518422, 2456182.515941586345434 ], [ 2278048.455604784190655, 2456085.767924794461578 ], [ 2278048.455604784190655, 2456021.268798957113177 ], [ 2278048.455604784190655, 2455956.77034508343786 ], [ 2278016.206403378397226, 2455892.27121924655512 ], [ 2277983.957201973069459, 2455795.523202454671264 ], [ 2277983.957201973069459, 2455731.024748580995947 ], [ 2277951.708000567276031, 2455602.02716887043789 ], [ 2277919.458799161948264, 2455473.029589159879833 ], [ 2277887.208925799932331, 2455440.780026241205633 ], [ 2277854.959724394138902, 2455408.530463322997093 ], [ 2277822.710522988811135, 2455344.032009449321777 ], [ 2277758.21212017768994, 2455279.532883611973375 ], [ 2277693.71304541034624, 2455215.03442973876372 ], [ 2277629.214642599225044, 2455182.784866820089519 ], [ 2277596.965441193431616, 2455150.535975865554065 ], [ 2277532.466366426087916, 2455086.036850028205663 ], [ 2277500.217165020294487, 2455021.538396154996008 ], [ 2277500.217165020294487, 2454989.288833236321807 ], [ 2277500.217165020294487, 2454892.540816444437951 ], [ 2277500.217165020294487, 2454860.29125352576375 ], [ 2277532.466366426087916, 2454795.792127688415349 ], [ 2277500.217165020294487, 2454763.543236733879894 ], [ 2277467.96796361496672, 2454731.293673815205693 ], [ 2277403.469560803845525, 2454731.293673815205693 ], [ 2277371.219687441829592, 2454699.044110896531492 ], [ 2277338.970486036501825, 2454699.044110896531492 ], [ 2277274.472083225380629, 2454666.795219941996038 ], [ 2277274.472083225380629, 2454699.044110896531492 ], [ 2277242.222881819587201, 2454666.795219941996038 ], [ 2277209.973008457571268, 2454666.795219941996038 ], [ 2277177.723807052243501, 2454666.795219941996038 ], [ 2277177.723807052243501, 2454634.545657023321837 ], [ 2277177.723807052243501, 2454602.296094104647636 ], [ 2277209.973008457571268, 2454602.296094104647636 ], [ 2277209.973008457571268, 2454537.797640231437981 ], [ 2277209.973008457571268, 2454473.29851439408958 ], [ 2277209.973008457571268, 2454408.800060520879924 ], [ 2277209.973008457571268, 2454344.300934683531523 ], [ 2277209.973008457571268, 2454247.552917891647667 ], [ 2277177.723807052243501, 2454150.804901099763811 ], [ 2277177.723807052243501, 2454086.305775262415409 ], [ 2277145.474605646450073, 2453989.557758470531553 ], [ 2277113.225404241122305, 2453925.059304596856236 ], [ 2277113.225404241122305, 2453892.809741678182036 ], [ 2277113.225404241122305, 2453860.560178759973496 ], [ 2277080.976202835328877, 2453796.06172488629818 ], [ 2277048.726329473312944, 2453731.562599049415439 ], [ 2277048.726329473312944, 2453699.313708094414324 ], [ 2277048.726329473312944, 2453667.064145175740123 ], [ 2277048.726329473312944, 2453634.814582257065922 ], [ 2277048.726329473312944, 2453570.316128383856267 ], [ 2277080.976202835328877, 2453505.817002546507865 ], [ 2277080.976202835328877, 2453473.567439628299326 ], [ 2277048.726329473312944, 2453409.068985754624009 ], [ 2277016.477128067985177, 2453344.570531881414354 ], [ 2276984.227926662191749, 2453183.323389252182096 ], [ 2276951.978725256863981, 2453086.57537246029824 ], [ 2276919.729523851070553, 2453022.076246622949839 ], [ 2276887.480322445742786, 2452925.328229831065983 ], [ 2276855.230449083726853, 2452860.829775957856327 ], [ 2276822.981247678399086, 2452764.081087201833725 ], [ 2276790.732046272605658, 2452699.58263332862407 ], [ 2276790.732046272605658, 2452635.083507491275668 ], [ 2276758.48284486727789, 2452538.335490699391812 ], [ 2276726.233643461484462, 2452506.086599744390696 ], [ 2276693.983770099468529, 2452441.587473907507956 ], [ 2276661.734568694140762, 2452344.8394571156241 ], [ 2276629.485367288347334, 2452312.589894196949899 ], [ 2276532.737091115675867, 2452086.844297694507986 ], [ 2276500.487889709882438, 2452022.34584382083267 ], [ 2276468.238688304554671, 2451990.096280902158469 ], [ 2276403.740285493433475, 2451925.597155065275729 ], [ 2276339.241210725624114, 2451861.098701191600412 ], [ 2276306.992009320296347, 2451828.849138272926211 ], [ 2276242.493606509175152, 2451796.599575354717672 ], [ 2276210.244405103381723, 2451764.350684399716556 ], [ 2276210.244405103381723, 2451732.101121481042355 ], [ 2276177.99453174136579, 2451699.851558562368155 ], [ 2276145.745330336038023, 2451667.601995644159615 ], [ 2276145.745330336038023, 2451635.353104689158499 ], [ 2276113.496128930244595, 2451570.853978851810098 ], [ 2276081.246927524916828, 2451474.105962059926242 ], [ 2276081.246927524916828, 2451409.607508186716586 ], [ 2276048.997726119123399, 2451409.607508186716586 ], [ 2276016.747852757573128, 2451377.357945268042386 ], [ 2275984.498651351779699, 2451345.108382349368185 ], [ 2275887.751047135330737, 2451280.60992847615853 ], [ 2275823.251972367521375, 2451280.60992847615853 ], [ 2275823.251972367521375, 2451248.360365557484329 ], [ 2275791.002770962193608, 2451183.861911684274673 ], [ 2275791.002770962193608, 2451151.612348765600473 ], [ 2275791.002770962193608, 2451054.864331973716617 ], [ 2275758.75356955640018, 2450958.115643217694014 ], [ 2275758.75356955640018, 2450893.617189344484359 ], [ 2275726.504368151072413, 2450829.118063507135957 ], [ 2275694.255166745278984, 2450796.869172552600503 ], [ 2275662.005293383728713, 2450732.370046715252101 ], [ 2275597.506890572607517, 2450667.871592842042446 ], [ 2275565.257689166814089, 2450635.622029923368245 ], [ 2275533.008487761486322, 2450603.372467004694045 ], [ 2275533.008487761486322, 2450571.123576049692929 ], [ 2275500.759286355692893, 2450571.123576049692929 ], [ 2275436.260211588349193, 2450474.374887294135988 ], [ 2275404.011010182555765, 2450442.125996339134872 ], [ 2275371.761808777227998, 2450442.125996339134872 ], [ 2275339.512607371434569, 2450409.876433420926332 ], [ 2275307.262734009884298, 2450409.876433420926332 ], [ 2275275.013532604090869, 2450377.626870502252132 ], [ 2275242.764331198763102, 2450377.626870502252132 ], [ 2275178.265928387641907, 2450345.377307583577931 ], [ 2275146.016055025625974, 2450313.128416628576815 ], [ 2275146.016055025625974, 2450248.629290791694075 ], [ 2275146.016055025625974, 2450184.130836918018758 ], [ 2275113.766853619832546, 2450119.631711081136018 ], [ 2275113.766853619832546, 2450055.133257207460701 ], [ 2275081.517652214504778, 2450022.883694288786501 ], [ 2275081.517652214504778, 2449958.385240415576845 ], [ 2275081.517652214504778, 2449861.637223623692989 ], [ 2275049.26845080871135, 2449797.138097786344588 ], [ 2275017.019249403383583, 2449700.390080994460732 ], [ 2274984.770047997590154, 2449603.642064202576876 ], [ 2274920.270973230246454, 2449539.142938365228474 ], [ 2274888.021771824453026, 2449474.644484492018819 ], [ 2274855.772570419125259, 2449442.394921573344618 ], [ 2274791.273495651781559, 2449345.646904781460762 ], [ 2274759.024294245988131, 2449281.14777894411236 ], [ 2274694.525891434866935, 2449248.898887989576906 ], [ 2274662.276690029539168, 2449152.150199233554304 ], [ 2274630.026816667523235, 2449087.651745360344648 ], [ 2274597.777615261729807, 2448990.903728568460792 ], [ 2274597.777615261729807, 2448926.404602731112391 ], [ 2274565.52841385640204, 2448894.155711776576936 ], [ 2274533.279212450608611, 2448861.906148857902735 ], [ 2274501.030011045280844, 2448861.906148857902735 ], [ 2274436.530936277937144, 2448861.906148857902735 ], [ 2274404.281734872143716, 2448861.906148857902735 ], [ 2274339.78333206102252, 2448861.906148857902735 ], [ 2274307.534130655694753, 2448829.656585939228535 ], [ 2274275.28425729367882, 2448829.656585939228535 ], [ 2274210.785854482557625, 2448829.656585939228535 ], [ 2274146.287451671436429, 2448861.906148857902735 ], [ 2274114.037578309420496, 2448829.656585939228535 ], [ 2274081.788376903627068, 2448829.656585939228535 ], [ 2274049.539175498299301, 2448797.407023020554334 ], [ 2274017.289974092505872, 2448732.908569147344679 ], [ 2273952.791571281384677, 2448668.409443309996277 ], [ 2273920.541697919834405, 2448636.160552355460823 ], [ 2273888.292496514040977, 2448603.910989436786622 ], [ 2273856.04329510871321, 2448603.910989436786622 ], [ 2273791.544892297592014, 2448571.661426518112421 ], [ 2273727.045817529782653, 2448507.162972644437104 ], [ 2273694.796616124454886, 2448442.663846807554364 ], [ 2273662.547414718661457, 2448410.414955852553248 ], [ 2273630.29821331333369, 2448345.915830015670508 ], [ 2273598.048339951317757, 2448281.417376141995192 ], [ 2273565.79913854598999, 2448249.167813223320991 ], [ 2273565.79913854598999, 2448216.918250305112451 ], [ 2273533.549937140196562, 2448184.668687386438251 ], [ 2273469.051534329075366, 2448152.419796431437135 ], [ 2273436.802332923747599, 2448152.419796431437135 ], [ 2273372.303258155938238, 2448120.170233512762934 ], [ 2273307.804855344817042, 2448087.920670594088733 ], [ 2273275.555653939489275, 2448023.422216720879078 ], [ 2273275.555653939489275, 2447991.172653802204877 ], [ 2273243.305780577473342, 2447958.923090883530676 ], [ 2273243.305780577473342, 2447894.424637010321021 ], [ 2273211.056579172145575, 2447862.17507409164682 ], [ 2273178.807377766352147, 2447797.676620218437165 ], [ 2273146.558176360558718, 2447797.676620218437165 ], [ 2273146.558176360558718, 2447765.427057299762964 ], [ 2273082.059101593215019, 2447733.177494381088763 ], [ 2273049.809900187887251, 2447700.927931462414563 ], [ 2273017.560698782093823, 2447668.679040507879108 ], [ 2273017.560698782093823, 2447636.429477589204907 ], [ 2272985.311497376766056, 2447604.179914670530707 ], [ 2272985.311497376766056, 2447539.681460797321051 ], [ 2272985.311497376766056, 2447507.431897878646851 ], [ 2273017.560698782093823, 2447507.431897878646851 ], [ 2273017.560698782093823, 2447475.18233495997265 ], [ 2273017.560698782093823, 2447442.933444005437195 ], [ 2273017.560698782093823, 2447410.683881086762995 ], [ 2273017.560698782093823, 2447378.434318168088794 ], [ 2273049.809900187887251, 2447378.434318168088794 ], [ 2273082.059101593215019, 2447346.184755249414593 ], [ 2273114.308974955230951, 2447281.686301376204938 ], [ 2273178.807377766352147, 2447249.436738457530737 ], [ 2273178.807377766352147, 2447184.938284584321082 ], [ 2273178.807377766352147, 2447152.688721665646881 ], [ 2273178.807377766352147, 2447088.190267792437226 ], [ 2273146.558176360558718, 2447023.691141955088824 ], [ 2273114.308974955230951, 2446991.441579036414623 ], [ 2273049.809900187887251, 2446926.943125163204968 ], [ 2272985.311497376766056, 2446894.693562244530767 ], [ 2272920.812422608956695, 2446862.443999325856566 ], [ 2272888.563221203628927, 2446797.945545452646911 ], [ 2272856.314019797835499, 2446765.69598253397271 ], [ 2272824.064818392507732, 2446733.447091578971595 ], [ 2272759.566415581386536, 2446733.447091578971595 ], [ 2272662.818139408249408, 2446668.947965742088854 ], [ 2272598.319736597128212, 2446604.449511868413538 ], [ 2272598.319736597128212, 2446572.199948949739337 ], [ 2272566.06986323511228, 2446507.700823112856597 ], [ 2272566.06986323511228, 2446475.451932157855481 ], [ 2272566.06986323511228, 2446410.952806320972741 ], [ 2272566.06986323511228, 2446346.454352447297424 ], [ 2272533.820661829784513, 2446281.955226610414684 ], [ 2272501.571460423991084, 2446249.706335655413568 ], [ 2272469.322259018663317, 2446217.456772736739367 ], [ 2272437.073057612869889, 2446185.207209818065166 ], [ 2272437.073057612869889, 2446152.957646899856627 ], [ 2272404.823184251319617, 2446120.708755944855511 ], [ 2272404.823184251319617, 2446088.45919302618131 ], [ 2272404.823184251319617, 2446056.20963010750711 ], [ 2272404.823184251319617, 2446023.960067188832909 ], [ 2272372.573982845526189, 2445959.461613315623254 ], [ 2272372.573982845526189, 2445927.212050396949053 ], [ 2272372.573982845526189, 2445894.963159442413598 ], [ 2272404.823184251319617, 2445830.464033605065197 ], [ 2272404.823184251319617, 2445798.214470686390996 ], [ 2272404.823184251319617, 2445765.965579731855541 ], [ 2272404.823184251319617, 2445733.716016813181341 ], [ 2272372.573982845526189, 2445701.46645389450714 ], [ 2272340.324781440198421, 2445669.216890975832939 ], [ 2272340.324781440198421, 2445636.968000021297485 ], [ 2272308.075580034404993, 2445636.968000021297485 ], [ 2272340.324781440198421, 2445604.718437102623284 ], [ 2272340.324781440198421, 2445572.468874183949083 ], [ 2272372.573982845526189, 2445540.219311265274882 ], [ 2272372.573982845526189, 2445507.970420310739428 ], [ 2272404.823184251319617, 2445475.720857392065227 ], [ 2272437.073057612869889, 2445443.471294473391026 ], [ 2272469.322259018663317, 2445411.222403518855572 ], [ 2272469.322259018663317, 2445378.972840600181371 ], [ 2272469.322259018663317, 2445314.473714762832969 ], [ 2272437.073057612869889, 2445282.224823808297515 ], [ 2272437.073057612869889, 2445217.725697970949113 ], [ 2272437.073057612869889, 2445185.476135052274913 ], [ 2272437.073057612869889, 2445120.977681179065257 ], [ 2272437.073057612869889, 2445088.728118260391057 ], [ 2272437.073057612869889, 2445024.229664387181401 ], [ 2272404.823184251319617, 2444991.9801014685072 ], [ 2272340.324781440198421, 2444927.481647594831884 ], [ 2272308.075580034404993, 2444895.232084676623344 ], [ 2272243.577177223283798, 2444862.982521757949144 ], [ 2272211.327303861267865, 2444830.732958839274943 ], [ 2272179.078102455940098, 2444798.484067884273827 ], [ 2272146.828901050146669, 2444798.484067884273827 ], [ 2272082.330498239025474, 2444798.484067884273827 ], [ 2272050.080624877009541, 2444766.234504966065288 ], [ 2272017.831423471681774, 2444766.234504966065288 ], [ 2271985.582222065888345, 2444766.234504966065288 ], [ 2271921.08381925476715, 2444733.984942047391087 ], [ 2271759.837140270974487, 2444701.735379128716886 ], [ 2271727.587938865181059, 2444701.735379128716886 ], [ 2271695.338065503165126, 2444669.48648817371577 ], [ 2271695.338065503165126, 2444637.236925255041569 ], [ 2271695.338065503165126, 2444604.98736233683303 ], [ 2271695.338065503165126, 2444572.738471381831914 ], [ 2271727.587938865181059, 2444475.989782626274973 ], [ 2271727.587938865181059, 2444443.740891671273857 ], [ 2271759.837140270974487, 2444379.241765833925456 ], [ 2271759.837140270974487, 2444282.4937490420416 ], [ 2271759.837140270974487, 2444185.745732250157744 ], [ 2271727.587938865181059, 2444088.997715458273888 ], [ 2271663.088864097837359, 2443992.249026702251285 ], [ 2271630.83966269204393, 2443927.75057282904163 ], [ 2271566.341259880922735, 2443863.251446991693228 ], [ 2271534.091386519372463, 2443863.251446991693228 ], [ 2271469.592983708251268, 2443831.002556037157774 ], [ 2271437.343782302457839, 2443798.752993118483573 ], [ 2271405.094580897130072, 2443798.752993118483573 ], [ 2271372.844707535114139, 2443766.503430199809372 ], [ 2271340.595506129320711, 2443702.004976326599717 ], [ 2271308.346304723992944, 2443637.505850489251316 ], [ 2271243.847901912871748, 2443573.00739661604166 ], [ 2271211.59870050707832, 2443508.508270778693259 ], [ 2271179.348827145062387, 2443444.009816905483603 ], [ 2271147.09962573973462, 2443379.510691068135202 ], [ 2271114.850424333941191, 2443347.261800113599747 ], [ 2271082.601222928613424, 2443315.012237194925547 ], [ 2271050.352021522819996, 2443218.264220403041691 ], [ 2271018.102148161269724, 2443153.765094565693289 ], [ 2271018.102148161269724, 2443057.017077773809433 ], [ 2270985.852946755476296, 2442992.518623900134116 ], [ 2270985.852946755476296, 2442960.269060981925577 ], [ 2270953.603745350148529, 2442960.269060981925577 ], [ 2270921.3545439443551, 2442928.019498063251376 ], [ 2270889.105342539027333, 2442863.52104418957606 ], [ 2270856.8554691770114, 2442799.021918352693319 ], [ 2270824.606267771217972, 2442766.773027397692204 ], [ 2270792.357066365890205, 2442702.273901560343802 ], [ 2270792.357066365890205, 2442670.024338642135262 ], [ 2270760.107864960096776, 2442605.525884768459946 ], [ 2270695.609462148975581, 2442573.276321849785745 ], [ 2270663.359588787425309, 2442541.026758931577206 ], [ 2270598.861185976304114, 2442541.026758931577206 ], [ 2270566.611984570510685, 2442508.77786797657609 ], [ 2270469.863708397373557, 2442444.278742139227688 ], [ 2270437.61450699204579, 2442412.029851184692234 ], [ 2270405.365305586252362, 2442412.029851184692234 ], [ 2270373.116104180924594, 2442379.780288266018033 ], [ 2270340.866902775131166, 2442379.780288266018033 ], [ 2270308.617029413580894, 2442379.780288266018033 ], [ 2270244.118626602459699, 2442379.780288266018033 ], [ 2270179.620223791338503, 2442379.780288266018033 ], [ 2270147.370350429322571, 2442379.780288266018033 ], [ 2270082.871947618201375, 2442347.530725347343832 ], [ 2270050.622746212407947, 2442347.530725347343832 ], [ 2269986.123671445064247, 2442315.281162428669631 ], [ 2269953.874470039270818, 2442283.032271474134177 ], [ 2269889.376067228149623, 2442283.032271474134177 ], [ 2269857.126865822821856, 2442250.782708555459976 ] ] } }
]
}
