{
"type": "FeatureCollection",
"name": "fdp",
"crs": { "type": "name", "properties": { "name": "urn:ogc:def:crs:EPSG::3111" } },
"features": [
{ "type": "Feature", "properties": { }, "geometry": { "type": "MultiLineString", "coordinates": [ [ [ 2521455.696043049916625, 2395304.659586672671139 ], [ 2521722.819748937152326, 2395258.593231732025743 ], [ 2521768.875499350018799, 2395249.380217920057476 ], [ 2521870.198382550384849, 2395230.953868820797652 ], [ 2521870.198564334306866, 2395221.742462337017059 ], [ 2522063.632766580674797, 2395194.101300169248134 ], [ 2522257.066968822851777, 2395166.460329929366708 ], [ 2522395.234422062058002, 2395148.032694963738322 ], [ 2523353.194990151096135, 2394991.404968395829201 ], [ 2523390.03956018993631, 2394991.403682529460639 ], [ 2523408.461749263107777, 2394991.403039599303156 ], [ 2523749.274777011014521, 2394936.122706441674381 ], [ 2523795.330527427606285, 2394926.909500701352954 ], [ 2523850.597468323074281, 2394917.696165421046317 ], [ 2524200.621494661550969, 2394862.41551080159843 ], [ 2524265.099626039620489, 2394853.201854052487761 ], [ 2524541.434522413183004, 2394807.134985715616494 ], [ 2524578.278900559991598, 2394807.133699855301529 ], [ 2524605.912653791252524, 2394797.921328966505826 ], [ 2524605.91283557517454, 2394788.709922482725233 ], [ 2524615.1240159496665, 2394779.498194537591189 ], [ 2524615.124197733122855, 2394770.286788053810596 ], [ 2524624.335569999646395, 2394761.075060101225972 ], [ 2524633.546942266169935, 2394751.863332149107009 ], [ 2524642.758486211765558, 2394724.228599307592958 ], [ 2524642.758667995687574, 2394715.017192823812366 ], [ 2524642.758849779143929, 2394705.805786339566112 ], [ 2524651.97022204566747, 2394696.594058387447149 ], [ 2524651.970585613045841, 2394678.171245419885963 ], [ 2524661.182321446947753, 2394650.536704499740154 ], [ 2524661.182866801973432, 2394622.902293120045215 ], [ 2524679.605419443454593, 2394604.478837222326547 ], [ 2524688.816791709978133, 2394595.267109270207584 ], [ 2524698.027972084004432, 2394586.055381324607879 ], [ 2524707.239526134449989, 2394567.632246888242662 ], [ 2524716.450898400507867, 2394558.420518936123699 ], [ 2524744.084823311306536, 2394530.785143158398569 ], [ 2524762.507375952322036, 2394512.361687260214239 ], [ 2524771.718748218845576, 2394503.149959308095276 ], [ 2524780.930302268825471, 2394484.726824872195721 ], [ 2524790.141482643783092, 2394475.515096926596016 ], [ 2524799.352854909840971, 2394466.303368974477053 ], [ 2524799.353218477685004, 2394447.880556006915867 ], [ 2524799.353945616167039, 2394411.034738142974675 ], [ 2524799.354309184011072, 2394392.611925175413489 ], [ 2524799.355036319233477, 2394355.766299239825457 ], [ 2524808.566590372473001, 2394337.342972875572741 ], [ 2524799.355581674259156, 2394328.131887859664857 ], [ 2524808.566953939851373, 2394318.920159907545894 ], [ 2524808.567317507695407, 2394300.497346939984709 ], [ 2524808.567681075073779, 2394282.074533971957862 ], [ 2524808.567862858995795, 2394272.86312748817727 ], [ 2524808.568044642917812, 2394263.651721004396677 ], [ 2524808.568226426374167, 2394254.440314520616084 ], [ 2524808.568771781399846, 2394226.805903140455484 ], [ 2524808.569135349243879, 2394208.383090172894299 ], [ 2524808.569498916622251, 2394189.960277204867452 ], [ 2524817.781224642880261, 2394153.114329807925969 ], [ 2524836.20396917918697, 2394134.690681974869221 ], [ 2524845.414967769756913, 2394134.69036051351577 ], [ 2524863.837530518881977, 2394125.478311093058437 ], [ 2524882.259719592053443, 2394125.477668162900954 ], [ 2524891.471091858576983, 2394116.265940210781991 ], [ 2524909.893644499592483, 2394097.842484312597662 ], [ 2524919.105016766116023, 2394088.63075636094436 ], [ 2524928.316389031708241, 2394079.419028408825397 ], [ 2524928.316752599552274, 2394060.996215441264212 ], [ 2524928.317116170655936, 2394042.573210544884205 ], [ 2524928.317479738499969, 2394024.15039757732302 ], [ 2524928.317661521956325, 2394014.938991093542427 ], [ 2524928.317843305878341, 2394005.727584609761834 ], [ 2524919.106834607664496, 2393996.516499593853951 ], [ 2524909.896007692441344, 2393978.094008094165474 ], [ 2524909.896189476363361, 2393968.882601610384881 ], [ 2524919.107379958964884, 2393968.882280142512172 ], [ 2525011.21907267998904, 2393950.456060582771897 ], [ 2525029.641261753626168, 2393950.455417652614415 ], [ 2525038.852634019684047, 2393941.243689700495452 ], [ 2525075.697931193746626, 2393904.396777898538858 ], [ 2525121.754408741369843, 2393858.338138150982559 ] ], [ [ 2520737.557183660566807, 2378613.583292518742383 ], [ 2520755.97664596978575, 2378751.754130703862756 ], [ 2520820.446415279060602, 2379166.265939926728606 ], [ 2520848.076159152202308, 2379350.493489062413573 ], [ 2520884.916366372257471, 2379571.566342665348202 ], [ 2520949.386862816754729, 2379949.23252595262602 ], [ 2520977.014970631338656, 2380216.362925371620804 ], [ 2521004.645078076049685, 2380382.167469611391425 ], [ 2521004.644714508671314, 2380400.59028257895261 ], [ 2521004.643805585801601, 2380446.647506926674396 ], [ 2521023.064358601346612, 2380529.549714280292392 ], [ 2521041.485285292379558, 2380603.240515142679214 ], [ 2521059.905656524002552, 2380695.354128979612142 ], [ 2521087.53576396824792, 2380861.158673219848424 ], [ 2521124.374880482442677, 2381137.500157654285431 ], [ 2521170.425722721964121, 2381376.995694691780955 ], [ 2521216.475847938098013, 2381662.548072213772684 ], [ 2521253.314782668836415, 2381948.100963131990284 ], [ 2521262.524326985236257, 2382021.792085469234735 ], [ 2521373.043847831431776, 2382731.067870632745326 ], [ 2521391.463683816604316, 2382860.027302327100188 ], [ 2521409.883873264305294, 2382961.352322648279369 ], [ 2521501.983204662799835, 2383569.303087490610778 ], [ 2521566.452973972074687, 2383983.814896713476628 ], [ 2521603.292817621491849, 2384223.310755212791264 ], [ 2521649.342569157946855, 2384518.074731152970344 ], [ 2521676.970131621696055, 2384812.839350023772568 ], [ 2521686.178413560148329, 2384960.221724225673825 ], [ 2521686.178049992769957, 2384978.644537193700671 ], [ 2521686.177141069900244, 2385024.701761540956795 ], [ 2521695.386695494875312, 2385107.604290355928242 ], [ 2521695.384695869404823, 2385208.929953606799245 ], [ 2521695.380696618929505, 2385411.581280109006912 ], [ 2521676.955043538007885, 2385577.387623611837626 ], [ 2521667.741308078635484, 2385706.347827782854438 ], [ 2521667.7376723960042, 2385890.576341317035258 ], [ 2521667.734400280285627, 2386056.382041883189231 ], [ 2521676.945045411586761, 2386084.0159398666583 ], [ 2521676.94468184420839, 2386102.438752834219486 ], [ 2521686.154236268717796, 2386185.341281649190933 ], [ 2521713.784889064729214, 2386323.511606437154114 ], [ 2521741.415360072627664, 2386470.893529637716711 ], [ 2521769.046194651629776, 2386599.8524479418993 ], [ 2521805.887492574285716, 2386765.656862641684711 ], [ 2521842.728608713485301, 2386940.672683825250715 ], [ 2521870.35871615819633, 2387106.477228065021336 ], [ 2521925.620021745096892, 2387382.818069569766521 ], [ 2521962.460218857508153, 2387594.679516695439816 ], [ 2521990.091063540894538, 2387732.8500334052369 ], [ 2522008.510889421217144, 2387852.597866693977267 ], [ 2522091.402120665181428, 2388303.954850850161165 ], [ 2522100.611675093881786, 2388386.857187736779451 ], [ 2522137.452235773205757, 2388580.29582189489156 ], [ 2522137.452053989749402, 2388589.507228379137814 ], [ 2522128.241055399179459, 2388589.507549840956926 ], [ 2522119.029864916577935, 2388589.507871309295297 ], [ 2522072.974114499986172, 2388598.721077049616724 ], [ 2522036.12936267722398, 2388607.933769399765879 ], [ 2521888.750910847913474, 2388626.361725827213377 ], [ 2521879.53972036531195, 2388626.362047295551747 ], [ 2521704.527525412384421, 2388663.213781089056283 ], [ 2521640.049394033849239, 2388672.427437837701291 ], [ 2521547.93807499203831, 2388681.642058978788555 ], [ 2521363.714871336240321, 2388709.282899684738368 ], [ 2521179.491667684167624, 2388736.923548462800682 ], [ 2521096.591347232926637, 2388746.137848141603172 ], [ 2520792.623071303591132, 2388792.205680876970291 ], [ 2520700.511378585826606, 2388810.631708507891744 ], [ 2520682.089189512655139, 2388810.632351437583566 ], [ 2520672.877999030053616, 2388810.632672905921936 ], [ 2520626.822248616721481, 2388819.845686717890203 ], [ 2520553.132926756050438, 2388829.059664935339242 ], [ 2520313.642974101006985, 2388865.913648986723274 ], [ 2520175.475339074619114, 2388893.552882364951074 ], [ 2520157.053150000981987, 2388893.553525295108557 ], [ 2520037.30807772744447, 2388911.980517324060202 ], [ 2520018.885888653807342, 2388911.981160254217684 ], [ 2519972.830128132831305, 2388911.982767588924617 ], [ 2519963.618937650229782, 2388911.983089057262987 ], [ 2519963.618755866307765, 2388921.19449554104358 ], [ 2519972.829582781530917, 2388939.616987040732056 ], [ 2519991.248863306827843, 2389086.999231709633023 ], [ 2520009.669244646560401, 2389188.324252023827285 ], [ 2520028.089252311270684, 2389298.860678828321397 ], [ 2520046.509451867081225, 2389409.397105626761913 ], [ 2520046.50872473185882, 2389446.242731562349945 ], [ 2520074.138286821078509, 2389639.681687182281166 ], [ 2520083.348376489244401, 2389685.738590068183839 ], [ 2520083.348194705322385, 2389694.949996551964432 ], [ 2520074.137196114752442, 2389694.950318013783544 ], [ 2519935.969561092089862, 2389722.589359463192523 ], [ 2519926.758562501054257, 2389722.589680924545974 ], [ 2519899.125182945281267, 2389722.590645323041826 ], [ 2519908.335999752394855, 2389731.801730345468968 ], [ 2519917.547190234996378, 2389731.801408877130598 ], [ 2519926.758198933675885, 2389741.01249389257282 ], [ 2519926.758017149753869, 2389750.223900376353413 ], [ 2519935.968833956867456, 2389759.434985398780555 ], [ 2519945.179842651821673, 2389768.646262342575938 ], [ 2519945.179660868365318, 2389777.85766882635653 ], [ 2519954.390851350966841, 2389777.85734735801816 ], [ 2519954.390669567044824, 2389787.068753842264414 ], [ 2519954.390487783122808, 2389796.280160326045007 ], [ 2519963.601304590236396, 2389805.491245348006487 ], [ 2519963.601122806314379, 2389814.70265183178708 ], [ 2519963.600941022392362, 2389823.914058316033334 ], [ 2519963.60057745501399, 2389842.336871283594519 ], [ 2519963.600395671091974, 2389851.548277767375112 ], [ 2519963.598396046087146, 2389952.873941018246114 ], [ 2519963.598214258439839, 2389962.085539430379868 ], [ 2519963.598032474517822, 2389971.296945914626122 ], [ 2519963.597850690595806, 2389980.508352398406714 ], [ 2519963.59766890713945, 2389989.719758882187307 ], [ 2519972.808677605818957, 2389998.930843897629529 ], [ 2519972.80849582189694, 2390008.142250381410122 ], [ 2519972.808314038440585, 2390017.353656865656376 ], [ 2519982.019322737120092, 2390026.564741881098598 ], [ 2519982.019140953198075, 2390035.776148364879191 ], [ 2519991.229957760311663, 2390044.987233387306333 ], [ 2520000.44096645526588, 2390054.198510331101716 ], [ 2520009.651975153945386, 2390063.409595346543938 ], [ 2520018.862983852624893, 2390072.620680362451822 ], [ 2520018.862802069168538, 2390081.832086846232414 ], [ 2520028.073800660204142, 2390081.831765384413302 ], [ 2520037.284809358883649, 2390091.042850399855524 ], [ 2520110.97303040837869, 2390127.885904608760029 ], [ 2520120.184039107523859, 2390137.096989624202251 ], [ 2520129.395229590125382, 2390137.096668156329542 ], [ 2520129.395047806203365, 2390146.308074640110135 ], [ 2520138.605864609591663, 2390155.519351590424776 ], [ 2520147.81687330827117, 2390164.73043660633266 ], [ 2520157.027882006950676, 2390173.941521621774882 ], [ 2520166.238890705630183, 2390183.152606637217104 ], [ 2520166.238708921708167, 2390192.364013120997697 ], [ 2520166.238527138251811, 2390201.57541960477829 ], [ 2520175.449343945365399, 2390210.786504627205431 ], [ 2520175.449162161443383, 2390219.997911110986024 ], [ 2520249.133757632691413, 2390450.281077259685844 ], [ 2520249.133575848769397, 2390459.492483743466437 ], [ 2520249.133030497469008, 2390487.126703194808215 ], [ 2520267.55358351347968, 2390570.028910548426211 ], [ 2520267.553401729557663, 2390579.240317032206804 ], [ 2520267.553219945635647, 2390588.451723516453058 ], [ 2520276.764410427771509, 2390588.451402048114687 ], [ 2520276.764228644315153, 2390597.66280853189528 ], [ 2520276.764046860393137, 2390606.874215015675873 ], [ 2520285.975045451428741, 2390606.87389355385676 ], [ 2520285.974863667506725, 2390616.085300037637353 ], [ 2520295.186054150108248, 2390616.084978569298983 ], [ 2520304.397062849253416, 2390625.296063584741205 ], [ 2520313.608435115311295, 2390616.084335632622242 ], [ 2520322.819433705881238, 2390616.084014171268791 ], [ 2520332.030624188482761, 2390616.083692702930421 ], [ 2520341.241814671084285, 2390616.08337123459205 ], [ 2520341.241996455006301, 2390606.871964750811458 ], [ 2520350.452995045576245, 2390606.871643288992345 ], [ 2520359.664185528177768, 2390606.871321820653975 ], [ 2520368.875376010779291, 2390606.871000352315605 ], [ 2520378.086192817892879, 2390616.082085374742746 ], [ 2520378.086011034436524, 2390625.293491858523339 ], [ 2520378.085829250514507, 2390634.504898342769593 ], [ 2520368.874648871831596, 2390643.716818216256797 ], [ 2520368.874467088375241, 2390652.92822470003739 ], [ 2520368.874285304453224, 2390662.139631183817983 ], [ 2520368.874103520531207, 2390671.351037667598575 ], [ 2520359.662731254007667, 2390680.5627656201832 ], [ 2520359.662549470551312, 2390689.774172103963792 ], [ 2520359.662367686629295, 2390698.985578587744385 ], [ 2520359.662185902707279, 2390708.196985071524978 ], [ 2520359.662004119250923, 2390717.40839155530557 ], [ 2520368.873194601852447, 2390717.4080700869672 ], [ 2520378.084193192888051, 2390717.407748625613749 ], [ 2520378.084011408966035, 2390726.619155109860003 ], [ 2520387.295201891567558, 2390726.618833641521633 ], [ 2520387.295020103920251, 2390735.830432053655386 ], [ 2520396.506210586056113, 2390735.830110585317016 ], [ 2520396.506028802599758, 2390745.041517069097608 ], [ 2520396.505847018677741, 2390754.252923552878201 ], [ 2520405.716663825791329, 2390763.464008574839681 ], [ 2520405.716482041869313, 2390772.675415058620274 ], [ 2520405.716300258412957, 2390781.886821542866528 ], [ 2520396.505301667377353, 2390781.88714300468564 ], [ 2520396.505119883455336, 2390791.098549488466233 ], [ 2520387.293929401319474, 2390791.098870956804603 ], [ 2520378.082738918717951, 2390791.099192425142974 ], [ 2520378.082557134795934, 2390800.310598908923566 ], [ 2520368.871558543760329, 2390800.310920370277017 ], [ 2520368.871376760303974, 2390809.52232685405761 ], [ 2520368.871194976381958, 2390818.733733337838203 ], [ 2520368.871013192459941, 2390827.945139822084457 ], [ 2520378.082011783495545, 2390827.944818360731006 ], [ 2520378.0818299963139, 2390837.156416772864759 ], [ 2520387.293020478915423, 2390837.156095304526389 ], [ 2520387.292838694993407, 2390846.367501788306981 ], [ 2520396.504029177129269, 2390846.367180319968611 ], [ 2520396.503847393207252, 2390855.578586803749204 ], [ 2520405.714664200786501, 2390864.789671825710684 ], [ 2520405.714482416864485, 2390874.001078309956938 ], [ 2520414.925672899466008, 2390874.000756841618568 ], [ 2520414.925491115543991, 2390883.21216332539916 ], [ 2520414.925309331621975, 2390892.423569809179753 ], [ 2520414.925127548165619, 2390901.634976292960346 ], [ 2520414.924945764243603, 2390910.846382776740938 ], [ 2520414.924763980321586, 2390920.057789260987192 ], [ 2520414.924582196865231, 2390929.269195744767785 ], [ 2520405.713391714263707, 2390929.269517213106155 ], [ 2520405.7132099266164, 2390938.481115625239909 ], [ 2520405.713028142694384, 2390947.692522109020501 ], [ 2520396.501847768202424, 2390956.904250054620206 ], [ 2520396.501665984280407, 2390966.11565653886646 ], [ 2520405.712482791393995, 2390975.326741560827941 ], [ 2520405.712301007471979, 2390984.538148044608533 ], [ 2520414.923309706617147, 2390993.749233060050756 ], [ 2520424.13450018921867, 2390993.748911591712385 ], [ 2520433.345498779788613, 2390993.748590130358934 ], [ 2520433.345316995866597, 2391002.959996614139527 ], [ 2520424.134318405296654, 2391002.960318075492978 ], [ 2520414.922946138773113, 2391012.172046028077602 ], [ 2520414.922764355316758, 2391021.383452511858195 ], [ 2520414.922582567669451, 2391030.595050923991948 ], [ 2520405.711210301145911, 2391039.806778876110911 ], [ 2520405.711028517689556, 2391049.018185359891504 ], [ 2520405.710846733767539, 2391058.229591843672097 ], [ 2520396.499848142731935, 2391058.229913305491209 ], [ 2520396.499666358809918, 2391067.441319789737463 ], [ 2520387.288475876674056, 2391067.441641258075833 ], [ 2520387.288294093217701, 2391076.653047741856426 ], [ 2520378.077103610616177, 2391076.653369210194796 ], [ 2520378.076921826694161, 2391085.864775693975389 ], [ 2520378.076740042772144, 2391095.076182177755982 ], [ 2520368.86574145173654, 2391095.076503639109433 ], [ 2520368.865559667814523, 2391104.287910122890025 ], [ 2520368.865377884358168, 2391113.499316607136279 ], [ 2520368.865196100436151, 2391122.710723090916872 ], [ 2520378.076194691471756, 2391122.710401629563421 ], [ 2520387.287385174073279, 2391122.710080161225051 ], [ 2520396.498575656209141, 2391122.70975869288668 ], [ 2520405.709574247244745, 2391122.709437231067568 ], [ 2520414.920764729846269, 2391122.709115762729198 ], [ 2520424.131955212447792, 2391122.708794294390827 ], [ 2520433.342772015370429, 2391131.92007124517113 ], [ 2520442.553962497971952, 2391131.919749776832759 ], [ 2520451.765152980573475, 2391131.919428308494389 ], [ 2520451.76497119711712, 2391141.130834792274982 ], [ 2520460.976161679718643, 2391141.130513323936611 ], [ 2520470.187160270288587, 2391141.130191862117499 ], [ 2520470.18697848636657, 2391150.341598345898092 ], [ 2520479.398168968968093, 2391150.341276877559721 ], [ 2520479.397987185046077, 2391159.552683361805975 ], [ 2520488.6091776676476, 2391159.552361893467605 ], [ 2520479.397987185046077, 2391159.552683361805975 ], [ 2520470.186614918988198, 2391168.764411313924938 ], [ 2520470.186433135066181, 2391177.975817797705531 ], [ 2520460.975434544496238, 2391177.976139259524643 ], [ 2520460.975616328418255, 2391168.764732775744051 ], [ 2520451.764425845816731, 2391168.765054244082421 ], [ 2520451.764607629273087, 2391159.553647760301828 ], [ 2520442.553417146671563, 2391159.553969228640199 ], [ 2520442.55359893059358, 2391150.342562744393945 ], [ 2520433.342408447992057, 2391150.342884212732315 ], [ 2520424.131409857422113, 2391150.343205674085766 ], [ 2520424.131228073500097, 2391159.55461215833202 ], [ 2520424.131046290043741, 2391168.766018642112613 ], [ 2520424.130864506121725, 2391177.977425125893205 ], [ 2520433.341863096691668, 2391177.977103664539754 ], [ 2520433.341681312769651, 2391187.188510148320347 ], [ 2520433.341499529313296, 2391196.39991663210094 ], [ 2520442.552690011914819, 2391196.399595163762569 ], [ 2520442.552508227992803, 2391205.611001648008823 ], [ 2520451.763698710594326, 2391205.610680179670453 ], [ 2520460.97488919319585, 2391205.610358711332083 ], [ 2520460.974707409273833, 2391214.821765195112675 ], [ 2520470.185705999843776, 2391214.821443733293563 ], [ 2520479.3968964824453, 2391214.821122264955193 ], [ 2520479.396714694797993, 2391224.032720677088946 ], [ 2520479.396532911341637, 2391233.244127160869539 ], [ 2520479.396351127419621, 2391242.455533644650131 ], [ 2520470.185160644818097, 2391242.455855112988502 ], [ 2520470.184978860896081, 2391251.667261597234756 ], [ 2520460.973980270326138, 2391251.667583059053868 ], [ 2520451.762608004268259, 2391260.879311011172831 ], [ 2520451.762426220346242, 2391270.090717494953424 ], [ 2520460.973616702947766, 2391270.090396026615053 ], [ 2520470.184615293517709, 2391270.090074564795941 ], [ 2520479.395805776119232, 2391270.089753096457571 ], [ 2520479.395987560041249, 2391260.878346612676978 ], [ 2520488.607178042642772, 2391260.878025144338608 ], [ 2520497.818176633678377, 2391260.877703682519495 ], [ 2520507.029367115814239, 2391260.877382214181125 ], [ 2520507.029185331892222, 2391270.088788697961718 ], [ 2520516.240375814493746, 2391270.088467230089009 ], [ 2520525.451192621607333, 2391279.299552252050489 ], [ 2520534.662383104208857, 2391279.299230783712119 ], [ 2520543.87357358681038, 2391279.298909315373749 ], [ 2520553.084572177380323, 2391279.298587853554636 ], [ 2520553.08475396130234, 2391270.087181369774044 ], [ 2520562.295944443903863, 2391270.086859901435673 ], [ 2520571.507134926505387, 2391270.086538433097303 ], [ 2520580.71813351707533, 2391270.086216971743852 ], [ 2520580.717951733153313, 2391279.297623455524445 ], [ 2520580.717769949696958, 2391288.509029939305037 ], [ 2520571.506771359127015, 2391288.509351400658488 ], [ 2520571.506589575204998, 2391297.720757884904742 ], [ 2520571.506407791282982, 2391306.932164368685335 ], [ 2520571.506226007360965, 2391316.143570852465928 ], [ 2520571.506044220179319, 2391325.355169264599681 ], [ 2520571.505862436257303, 2391334.566575748380274 ], [ 2520571.505680652335286, 2391343.777982232160866 ], [ 2520580.716497459448874, 2391352.989067255053669 ], [ 2520580.716315675526857, 2391362.200473738834262 ], [ 2520580.716133891604841, 2391371.411880222614855 ], [ 2520571.505135301034898, 2391371.412201683968306 ], [ 2520571.504953517578542, 2391380.623608167748898 ], [ 2520571.504771733656526, 2391389.835014651529491 ], [ 2520580.715588540304452, 2391399.046099674422294 ], [ 2520589.926779022905976, 2391399.045778206083924 ], [ 2520589.926960806827992, 2391389.83437172183767 ], [ 2520599.138151289429516, 2391389.834050253499299 ], [ 2520608.34914988046512, 2391389.833728791680187 ], [ 2520617.560340363066643, 2391389.833407323341817 ], [ 2520626.771530845202506, 2391389.833085855003446 ], [ 2520635.982721327804029, 2391389.832764386665076 ], [ 2520645.193538134917617, 2391399.043849409557879 ], [ 2520645.193356351461262, 2391408.255255893338472 ], [ 2520635.982357760425657, 2391408.255577354691923 ], [ 2520635.98217597650364, 2391417.466983838472515 ], [ 2520635.981994188856333, 2391426.678582250606269 ], [ 2520626.77080370625481, 2391426.678903718944639 ], [ 2520617.559613224118948, 2391426.679225187283009 ], [ 2520608.348240957595408, 2391435.890953139401972 ], [ 2520608.348059174139053, 2391445.102359623648226 ], [ 2520617.559067872818559, 2391454.313444639090449 ], [ 2520626.770076571032405, 2391463.524529654532671 ], [ 2520635.981085270177573, 2391472.735614669974893 ], [ 2520645.192083861213177, 2391472.735293208621442 ], [ 2520645.191902077291161, 2391481.946699692402035 ], [ 2520645.191720293369144, 2391491.158106176648289 ], [ 2520635.980539918877184, 2391500.369834121782333 ], [ 2520635.980358134955168, 2391509.581240605562925 ], [ 2520635.980176347307861, 2391518.792839017696679 ], [ 2520635.979994563385844, 2391528.004245501477271 ], [ 2520645.190993154421449, 2391528.00392404012382 ], [ 2520645.190811370965093, 2391537.215330524370074 ], [ 2520645.190629587043077, 2391546.426737008150667 ], [ 2520635.979449212085456, 2391555.638464953284711 ], [ 2520635.9792674286291, 2391564.849871437065303 ], [ 2520635.979085644707084, 2391574.061277920845896 ], [ 2520645.190084235742688, 2391574.060956459492445 ], [ 2520654.401274718344212, 2391574.060634991154075 ], [ 2520663.612465200945735, 2391574.060313522815704 ], [ 2520672.823463791515678, 2391574.059992060996592 ], [ 2520682.034654274117202, 2391574.059670592658222 ], [ 2520682.034472490195185, 2391583.271077076904476 ], [ 2520682.03429070673883, 2391592.482483560685068 ], [ 2520682.034108922816813, 2391601.693890044465661 ], [ 2520682.033927138894796, 2391610.905296528246254 ], [ 2520672.822736656293273, 2391610.905617996584624 ], [ 2520672.822554868645966, 2391620.117216408718377 ], [ 2520663.611556278076023, 2391620.11753787053749 ], [ 2520654.400184012018144, 2391629.329265822656453 ], [ 2520663.611192710697651, 2391638.540350838564336 ], [ 2520672.822191301267594, 2391638.540029376745224 ], [ 2520672.822009517345577, 2391647.751435860525817 ], [ 2520672.821827733889222, 2391656.962842344306409 ], [ 2520663.610829143319279, 2391656.963163806125522 ], [ 2520663.610647359397262, 2391666.174570289906114 ], [ 2520663.610465575475246, 2391675.385976773686707 ], [ 2520663.61028379201889, 2391684.597383257932961 ], [ 2520663.610102008096874, 2391693.808789741713554 ], [ 2520672.8209188147448, 2391703.019874763675034 ], [ 2520672.820737027097493, 2391712.231473175808787 ], [ 2520672.820555243641138, 2391721.44287965958938 ], [ 2520672.820373459719121, 2391730.654286143835634 ], [ 2520672.820191675797105, 2391739.865692627616227 ], [ 2520672.82000989234075, 2391749.077099111396819 ], [ 2520672.819828108418733, 2391758.288505595177412 ], [ 2520682.031018591020256, 2391758.288184126839042 ], [ 2520682.03083680709824, 2391767.499590610619634 ], [ 2520682.030655023641884, 2391776.710997094865888 ], [ 2520682.030473239719868, 2391785.922403578646481 ], [ 2520682.030291455797851, 2391795.133810062427074 ], [ 2520682.030109672341496, 2391804.345216546207666 ], [ 2520682.029927884694189, 2391813.55681495834142 ], [ 2520682.029746100772172, 2391822.768221442587674 ], [ 2520682.029564316850156, 2391831.979627926368266 ], [ 2520682.0293825333938, 2391841.191034410148859 ], [ 2520691.240573015995324, 2391841.190712941810489 ], [ 2520691.240391232073307, 2391850.402119425591081 ], [ 2520691.24020944815129, 2391859.613525909371674 ], [ 2520691.240027664694935, 2391868.824932393617928 ], [ 2520691.239845880772918, 2391878.036338877398521 ], [ 2520691.239664096850902, 2391887.247745361179113 ], [ 2520691.239482313394547, 2391896.459151844959706 ], [ 2520682.028110043145716, 2391905.67107172543183 ], [ 2520672.816919560544193, 2391905.6713931937702 ], [ 2520663.605739186052233, 2391914.883121139369905 ], [ 2520654.39454870345071, 2391914.883442607708275 ], [ 2520645.183358220849186, 2391914.883764076046646 ], [ 2520635.972177845891565, 2391924.095492021646351 ], [ 2520635.97199606243521, 2391933.306898505426943 ], [ 2520635.971814278513193, 2391942.518304989207536 ], [ 2520626.760442011989653, 2391951.730032941326499 ], [ 2520626.760260228533298, 2391960.941439425572753 ], [ 2520617.549069746397436, 2391960.941760893911123 ], [ 2520617.548887962475419, 2391970.153167377691716 ], [ 2520626.760078444611281, 2391970.152845909353346 ], [ 2520626.759714877232909, 2391988.575658876914531 ], [ 2520626.759533093310893, 2391997.787065360695124 ], [ 2520626.759351305663586, 2392006.998663772828877 ], [ 2520617.547979039605707, 2392016.210391725413501 ], [ 2520617.547797256149352, 2392025.421798209194094 ], [ 2520608.336424989625812, 2392034.633526161313057 ], [ 2520599.125426398590207, 2392034.633847623132169 ], [ 2520599.12524461466819, 2392043.845254106912762 ], [ 2520589.914054132066667, 2392043.845575575251132 ], [ 2520589.913872348610312, 2392053.056982059031725 ], [ 2520580.702500082086772, 2392062.268710011616349 ], [ 2520580.702318298164755, 2392071.480116495396942 ], [ 2520580.7021365147084, 2392080.691522979177535 ], [ 2520580.701954730786383, 2392089.902929462958127 ], [ 2520580.701772946864367, 2392099.11433594673872 ], [ 2520580.70159115921706, 2392108.325934359338135 ], [ 2520571.490410785190761, 2392117.537662304472178 ], [ 2520571.490229001268744, 2392126.749068788252771 ], [ 2520562.278856734745204, 2392135.960796740371734 ], [ 2520562.278674951288849, 2392145.172203224152327 ], [ 2520553.067484468687326, 2392145.172524692490697 ], [ 2520543.856304094195366, 2392154.384252638556063 ], [ 2520534.644931827671826, 2392163.595980590675026 ], [ 2520534.644750044215471, 2392172.807387074455619 ], [ 2520525.433559561613947, 2392172.807708542793989 ], [ 2520516.222379186656326, 2392182.019436488393694 ], [ 2520507.011006920132786, 2392191.231164440046996 ], [ 2520497.799634650815278, 2392200.44308432051912 ], [ 2520488.588454275857657, 2392209.654812266584486 ], [ 2520488.588272491935641, 2392218.866218750365078 ], [ 2520488.588090708013624, 2392228.077625234145671 ], [ 2520488.587908924557269, 2392237.289031717926264 ], [ 2520479.376718441955745, 2392237.289353186264634 ], [ 2520479.376536658033729, 2392246.500759670510888 ], [ 2520479.376354874111712, 2392255.712166154291481 ], [ 2520479.376173090655357, 2392264.923572638072073 ], [ 2520470.164982608053833, 2392264.923894106410444 ], [ 2520470.164800824131817, 2392274.135300590191036 ], [ 2520470.1646190402098, 2392283.346707073971629 ], [ 2520460.953620449639857, 2392283.347028535790741 ], [ 2520460.953438666183501, 2392292.558435020036995 ], [ 2520460.953256878536195, 2392301.770033432170749 ], [ 2520460.953075094614178, 2392310.981439915951341 ], [ 2520460.952893310692161, 2392320.192846399731934 ], [ 2520470.163710117805749, 2392329.403931421693414 ], [ 2520470.163528333883733, 2392338.615337905474007 ], [ 2520470.163346549961716, 2392347.826744389720261 ], [ 2520470.163164766505361, 2392357.038150873500854 ], [ 2520470.162982982583344, 2392366.249557357281446 ], [ 2520460.951984392013401, 2392366.249878819100559 ], [ 2520460.951802608091384, 2392375.461285302881151 ], [ 2520460.951620824635029, 2392384.672691786661744 ], [ 2520460.951439036987722, 2392393.884290199261159 ], [ 2520470.162437627557665, 2392393.883968737442046 ], [ 2520470.162255843635648, 2392403.095375221222639 ], [ 2520470.162074060179293, 2392412.306781705003232 ], [ 2520479.373264542780817, 2392412.306460236664861 ], [ 2520479.3730827588588, 2392421.517866720445454 ], [ 2520479.372719191014767, 2392439.940679688472301 ], [ 2520479.372355623636395, 2392458.363492656033486 ], [ 2520479.372173839714378, 2392467.574899139814079 ], [ 2520479.371992056258023, 2392476.786305623594671 ], [ 2520479.371810272336006, 2392485.997712107840925 ], [ 2520479.371628484688699, 2392495.209310519974679 ], [ 2520479.371264917310327, 2392513.632123487535864 ], [ 2520470.159710866864771, 2392532.055257923901081 ], [ 2520470.159347299486399, 2392550.478070891462266 ], [ 2520470.158983732108027, 2392568.900883859023452 ], [ 2520460.947439786512405, 2392596.535616701003164 ], [ 2520460.947258002590388, 2392605.747023184783757 ], [ 2520470.158074809238315, 2392614.958108206745237 ], [ 2520470.157529457937926, 2392642.592327658552676 ], [ 2520470.157347674015909, 2392651.803734142333269 ], [ 2520479.368174589239061, 2392670.226225641556084 ], [ 2520479.367629234213382, 2392697.860637021716684 ], [ 2520479.367447450291365, 2392707.072043505497277 ], [ 2520488.578456149436533, 2392716.283128520939499 ], [ 2520488.578274365514517, 2392725.494535005185753 ], [ 2520488.577910797670484, 2392743.917347972746938 ], [ 2520497.788364037405699, 2392771.551245962735265 ], [ 2520497.788000466302037, 2392789.974250858649611 ], [ 2520497.787818682380021, 2392799.185657342430204 ], [ 2520506.998827381059527, 2392808.396742357872427 ], [ 2520506.998645597137511, 2392817.60814884211868 ], [ 2520506.998463813215494, 2392826.819555325899273 ], [ 2520516.209472512360662, 2392836.030640341807157 ], [ 2520516.209290728438646, 2392845.242046825587749 ], [ 2520516.209108944516629, 2392854.453453309368342 ], [ 2520516.208927160594612, 2392863.664859793614596 ], [ 2520525.419743968173862, 2392872.875944815576077 ], [ 2520525.419380396604538, 2392891.298949711490422 ], [ 2520525.419198613148183, 2392900.510356195271015 ], [ 2520525.419016829226166, 2392909.721762679051608 ], [ 2520525.418835045304149, 2392918.933169163297862 ], [ 2520525.418653261847794, 2392928.144575647078454 ], [ 2520525.418471477925777, 2392937.355982130859047 ], [ 2520525.418289694003761, 2392946.56738861463964 ], [ 2520525.418107910547405, 2392955.778795098420233 ], [ 2520516.206927535589784, 2392964.990523044485599 ], [ 2520516.206745751667768, 2392974.201929528266191 ], [ 2520516.206563964020461, 2392983.413527940399945 ], [ 2520516.206382180564106, 2392992.624934424180537 ], [ 2520516.206200396642089, 2393001.83634090796113 ], [ 2520516.206018612720072, 2393011.047747392207384 ], [ 2520506.994646346662194, 2393020.259475343860686 ], [ 2520506.994464562740177, 2393029.470881827641279 ], [ 2520506.99428277881816, 2393038.682288311421871 ], [ 2520506.994100995361805, 2393047.893694795202464 ], [ 2520497.782728729303926, 2393057.105422747787088 ], [ 2520497.78254694538191, 2393066.316829231567681 ], [ 2520497.782365157734603, 2393075.528427643701434 ], [ 2520497.782183374278247, 2393084.739834127482027 ], [ 2520497.782001590356231, 2393093.951240611262619 ], [ 2520497.781819806434214, 2393103.162647095508873 ], [ 2520488.570639431942254, 2393112.374375041108578 ], [ 2520488.570457648020238, 2393121.585781524889171 ], [ 2520479.359267165418714, 2393121.586102993227541 ], [ 2520479.359085381496698, 2393130.797509477008134 ], [ 2520470.147894898895174, 2393130.797830945346504 ], [ 2520460.936896308325231, 2393130.798152407165617 ], [ 2520460.936714524868876, 2393140.009558890946209 ], [ 2520451.725342258345336, 2393149.221286843530834 ], [ 2520451.725160474423319, 2393158.432693327311426 ], [ 2520451.724978690966964, 2393167.644099811092019 ], [ 2520460.93598738592118, 2393176.855376754887402 ], [ 2520460.935805601999164, 2393186.066783238667995 ], [ 2520470.14662240864709, 2393195.277868260629475 ], [ 2520470.146440625190735, 2393204.489274744875729 ], [ 2520460.935442034620792, 2393204.489596206694841 ], [ 2520460.935260250698775, 2393213.701002690475434 ], [ 2520451.723887984175235, 2393222.912730642594397 ], [ 2520442.512515718117356, 2393232.12445859471336 ], [ 2520442.51233393419534, 2393241.335865078493953 ], [ 2520433.3009616676718, 2393250.547593031078577 ], [ 2520433.300779884215444, 2393259.75899951485917 ], [ 2520424.089781293645501, 2393259.759320976212621 ], [ 2520424.089599509723485, 2393268.970727459993213 ], [ 2520424.089417722076178, 2393278.182325872126967 ], [ 2520424.089235938154161, 2393287.393732355907559 ], [ 2520414.877863672096282, 2393296.605460308492184 ], [ 2520414.877681888174266, 2393305.816866792272776 ], [ 2520414.877500104252249, 2393315.028273276053369 ], [ 2520414.877318320795894, 2393324.239679759833962 ], [ 2520424.088508803397417, 2393324.239358291495591 ], [ 2520433.299325610045344, 2393333.450443313922733 ], [ 2520442.510516092646867, 2393333.450121845584363 ], [ 2520451.72170657524839, 2393333.449800377245992 ], [ 2520460.932715273927897, 2393342.660885393153876 ], [ 2520470.143532081041485, 2393351.871970415115356 ], [ 2520470.143350297119468, 2393361.083376898895949 ], [ 2520470.143168509472162, 2393370.294975311029702 ], [ 2520470.142986725550145, 2393379.506381794810295 ], [ 2520470.14280494209379, 2393388.717788279056549 ], [ 2520479.353995424695313, 2393388.717466810718179 ], [ 2520488.56500412337482, 2393397.928551826160401 ], [ 2520497.776002714410424, 2393397.928230364341289 ], [ 2520506.98701141262427, 2393407.139315379783511 ], [ 2520516.198201895225793, 2393407.138993911910802 ], [ 2520525.409200486261398, 2393407.13867245009169 ], [ 2520525.409018702805042, 2393416.350078933872283 ], [ 2520525.408836918883026, 2393425.561485417652875 ], [ 2520534.619845617562532, 2393434.772570433560759 ], [ 2520534.619663834106177, 2393443.983976917341352 ], [ 2520534.61948205018416, 2393453.195383401121944 ], [ 2520543.830672532785684, 2393453.195061932783574 ], [ 2520543.830490748863667, 2393462.406468416564167 ], [ 2520543.83030896121636, 2393471.61806682869792 ], [ 2520534.619118478614837, 2393471.61838829703629 ], [ 2520534.618936695158482, 2393480.829794780816883 ], [ 2520534.618754911236465, 2393490.041201265063137 ], [ 2520534.618573127314448, 2393499.252607748843729 ], [ 2520534.618391343858093, 2393508.464014232624322 ], [ 2520534.618209559936076, 2393517.675420716404915 ], [ 2520534.61802777601406, 2393526.886827200185508 ], [ 2520543.829036475159228, 2393536.097912216093391 ], [ 2520553.039853281807154, 2393545.308997238054872 ], [ 2520553.039671497885138, 2393554.520403721835464 ], [ 2520562.250680192839354, 2393563.731680665630847 ], [ 2520562.250498409382999, 2393572.94308714941144 ], [ 2520571.461507108062506, 2393582.154172165319324 ], [ 2520562.250316625460982, 2393582.154493633657694 ], [ 2520562.250134841538966, 2393591.365900117438287 ], [ 2520553.038944358937442, 2393591.366221585776657 ], [ 2520543.827945768367499, 2393591.366543047595769 ], [ 2520543.827763984911144, 2393600.577949531376362 ], [ 2520534.61657350230962, 2393600.578270999714732 ], [ 2520534.616391718387604, 2393609.789677483495325 ], [ 2520534.616209934465587, 2393619.001083967275918 ], [ 2520525.405019451864064, 2393619.001405435614288 ], [ 2520525.404837668407708, 2393628.212811919860542 ], [ 2520525.404655884485692, 2393637.424218403641135 ], [ 2520534.615846367087215, 2393637.423896935302764 ], [ 2520534.615664583165199, 2393646.635303419083357 ], [ 2520543.826673282310367, 2393655.846388434525579 ], [ 2520543.82649149466306, 2393665.057986846659333 ], [ 2520553.037308301310986, 2393674.269071869086474 ], [ 2520553.03712651738897, 2393683.480478352867067 ], [ 2520553.036944733932614, 2393692.69188483664766 ], [ 2520553.036762950010598, 2393701.903291320428252 ], [ 2520553.036581166088581, 2393711.114697804208845 ], [ 2520562.247589865233749, 2393720.325782820116729 ], [ 2520553.036399382632226, 2393720.326104288455099 ], [ 2520553.036217598710209, 2393729.537510772235692 ], [ 2520553.036035814788193, 2393738.748917256016284 ], [ 2520553.035854031331837, 2393747.960323739796877 ], [ 2520562.247044513933361, 2393747.960002271458507 ], [ 2520562.246862730011344, 2393757.171408755239099 ], [ 2520562.246680942364037, 2393766.383007167372853 ], [ 2520562.24649915844202, 2393775.594413651619107 ], [ 2520571.457507857587188, 2393784.805498667061329 ], [ 2520571.457326073665172, 2393794.016905150841922 ], [ 2520571.457144289743155, 2393803.228311634622514 ], [ 2520571.4569625062868, 2393812.439718118403107 ], [ 2520571.456780722364783, 2393821.651124602649361 ], [ 2520562.24559023976326, 2393821.651446070987731 ], [ 2520562.245408455841243, 2393830.862852554768324 ], [ 2520562.245226672384888, 2393840.074259038548917 ], [ 2520553.033854405861348, 2393849.28598699066788 ], [ 2520553.033672618214041, 2393858.497585402801633 ], [ 2520553.033490834292024, 2393867.708991887047887 ], [ 2520543.822310460265726, 2393876.920719832647592 ], [ 2520534.610938193742186, 2393886.132447784766555 ], [ 2520534.610756409820169, 2393895.343854268547148 ], [ 2520534.610574626363814, 2393904.55526075232774 ], [ 2520534.610392842441797, 2393913.766667236573994 ], [ 2520525.399020575918257, 2393922.978395188692957 ], [ 2520525.398838792461902, 2393932.18980167247355 ], [ 2520525.398657008539885, 2393941.401208156254143 ], [ 2520525.398475224617869, 2393950.612614640034735 ], [ 2520525.398293437436223, 2393959.82421305263415 ], [ 2520525.398111653514206, 2393969.035619536414742 ], [ 2520525.39792986959219, 2393978.247026020195335 ], [ 2520525.397748085670173, 2393987.458432503975928 ], [ 2520534.608756784815341, 2393996.66951751941815 ], [ 2520534.608575000893325, 2394005.880924003664404 ], [ 2520534.608393216971308, 2394015.092330487444997 ], [ 2520525.397202734369785, 2394015.092651955783367 ], [ 2520525.397020950913429, 2394024.30405843956396 ], [ 2520525.396839166991413, 2394033.515464923344553 ], [ 2520516.185658792033792, 2394042.727192868944257 ], [ 2520516.185477004852146, 2394051.938791281078011 ], [ 2520516.185295220930129, 2394061.150197765324265 ], [ 2520516.185113437008113, 2394070.361604249104857 ], [ 2520516.184931653086096, 2394079.57301073288545 ], [ 2520506.973741170484573, 2394079.573332200758159 ], [ 2520506.973559387028217, 2394088.784738684538752 ], [ 2520506.973377603106201, 2394097.996145168319345 ], [ 2520497.762005337048322, 2394107.207873120903969 ], [ 2520497.761823553591967, 2394116.419279604684561 ], [ 2520497.76164176966995, 2394125.630686088465154 ], [ 2520488.550643178634346, 2394125.631007550284266 ], [ 2520488.550461394712329, 2394134.842414034064859 ], [ 2520479.339270912110806, 2394134.842735502403229 ], [ 2520479.33908912865445, 2394144.054141986649483 ], [ 2520479.338907341007143, 2394153.265740398783237 ], [ 2520470.12771685840562, 2394153.266061867121607 ], [ 2520470.127535074483603, 2394162.4774683509022 ], [ 2520470.127353291027248, 2394171.688874834682792 ], [ 2520470.127171507105231, 2394180.900281318463385 ], [ 2520470.126989723183215, 2394190.111687802243978 ], [ 2520460.915991132613271, 2394190.11200926406309 ], [ 2520460.915809348691255, 2394199.323415748309344 ], [ 2520451.704618866089731, 2394199.323737216647714 ], [ 2520451.704437082633376, 2394208.535143700428307 ], [ 2520442.493064816109836, 2394217.74687165254727 ], [ 2520433.281692549586296, 2394226.958599604666233 ], [ 2520424.070512175559998, 2394236.170327549800277 ], [ 2520424.070330387912691, 2394245.381925962399691 ], [ 2520424.070148603990674, 2394254.593332446180284 ], [ 2520414.858776337932795, 2394263.805060398299247 ], [ 2520405.647585855331272, 2394263.805381866637617 ], [ 2520396.436587264295667, 2394263.80570332845673 ], [ 2520387.225214998237789, 2394273.017431280575693 ], [ 2520378.014024515636265, 2394273.017752748914063 ], [ 2520368.803207708522677, 2394263.806667726486921 ], [ 2520368.803389491979033, 2394254.595261242706329 ], [ 2520359.592199009377509, 2394254.595582711044699 ], [ 2520359.592380793299526, 2394245.384176227264106 ], [ 2520350.381190310698003, 2394245.384497695602477 ], [ 2520341.170191720128059, 2394245.384819157421589 ], [ 2520331.959183025173843, 2394236.173542213160545 ], [ 2520322.747810754925013, 2394245.38546209409833 ], [ 2520313.536812164355069, 2394245.385783555451781 ], [ 2520304.325621681753546, 2394245.386105023790151 ], [ 2520304.325439897831529, 2394254.597511507570744 ], [ 2520295.114249415230006, 2394254.597832975909114 ], [ 2520285.903058932628483, 2394254.598154444247484 ], [ 2520276.691878558136523, 2394263.809882389847189 ], [ 2520267.480688076000661, 2394263.81020385818556 ], [ 2520258.269497593399137, 2394263.81052532652393 ], [ 2520249.058499002363533, 2394263.810846787877381 ], [ 2520230.636118037160486, 2394263.811489724554121 ], [ 2520230.635936253238469, 2394273.022896208334714 ], [ 2520221.424937662668526, 2394273.023217670153826 ], [ 2520212.213747180067003, 2394273.023539138492197 ], [ 2520212.213565396144986, 2394282.234945622272789 ], [ 2520203.002374913543463, 2394282.23526709061116 ], [ 2520193.79137632297352, 2394282.235588551964611 ], [ 2520184.580185840371996, 2394282.235910020302981 ], [ 2520184.58000405644998, 2394291.447316504549235 ], [ 2520175.368631790392101, 2394300.659044456668198 ], [ 2520166.15745141543448, 2394309.870772402267903 ], [ 2520156.94607914891094, 2394319.082500354386866 ], [ 2520147.734888666775078, 2394319.082821822725236 ], [ 2520147.734706883318722, 2394328.294228306505829 ], [ 2520212.20902079436928, 2394512.520491575822234 ], [ 2520488.52901086397469, 2395221.790682271122932 ], [ 2520543.793043215759099, 2395359.960042661055923 ], [ 2520506.947018902748823, 2395433.652772326953709 ], [ 2520506.946655335370451, 2395452.075585294514894 ], [ 2520939.871183912735432, 2395378.369032584130764 ], [ 2521280.684029877185822, 2395332.300105910282582 ], [ 2521400.429102154448628, 2395313.872921952977777 ], [ 2521455.696043049916625, 2395304.659586672671139 ] ] ] } },
{ "type": "Feature", "properties": { }, "geometry": { "type": "MultiLineString", "coordinates": [ [ [ 2513709.40726381726563, 2381524.638778005726635 ], [ 2513792.307402485050261, 2381524.635884811170399 ], [ 2513865.996724345721304, 2381515.42190659372136 ], [ 2514289.709880656562746, 2381450.927081835456192 ], [ 2514943.702182924840599, 2381349.578594480641186 ], [ 2515367.415712911635637, 2381275.872363232541829 ], [ 2515496.371783776208758, 2381257.445049741305411 ], [ 2515625.328046531882137, 2381239.017736244015396 ], [ 2515662.172798354644328, 2381229.805043893866241 ], [ 2515864.818191079422832, 2381202.163752185646445 ], [ 2515883.240380153059959, 2381202.163109255488962 ], [ 2515901.662942902185023, 2381192.951059835031629 ], [ 2515929.296322457958013, 2381192.950095437001437 ], [ 2515938.507321048527956, 2381192.949773975182325 ], [ 2515984.563263352960348, 2381183.7367601566948 ], [ 2516002.985452426597476, 2381183.736117226537317 ], [ 2516030.619013770017773, 2381174.523554415907711 ], [ 2516481.965923309326172, 2381100.8165506972 ], [ 2516528.021491938270628, 2381100.814943369012326 ], [ 2517099.113473754841834, 2381008.68075569299981 ], [ 2517292.547676001209766, 2380981.039593524765223 ], [ 2517430.715311023406684, 2380953.400552075356245 ], [ 2517826.795087778940797, 2380888.906691715586931 ], [ 2518139.974180511198938, 2380852.050135931000113 ], [ 2518517.631960085127503, 2380787.556918493937701 ], [ 2518747.91109593398869, 2380741.491849420126528 ], [ 2519438.747958132065833, 2380630.930669721681625 ], [ 2520111.162449473049492, 2380529.581539436709136 ], [ 2520599.35411083791405, 2380446.66165143949911 ], [ 2520792.788131296634674, 2380428.232087683863938 ], [ 2520995.43352402606979, 2380400.590604047290981 ], [ 2521004.644714508671314, 2380400.59028257895261 ], [ 2521004.645078076049685, 2380382.167469611391425 ], [ 2520977.014970631338656, 2380216.362925371620804 ], [ 2520949.386862816754729, 2379949.23252595262602 ], [ 2520884.916366372257471, 2379571.566342665348202 ], [ 2520848.076159152202308, 2379350.493489062413573 ], [ 2520820.446415279060602, 2379166.265939926728606 ], [ 2520755.97664596978575, 2378751.754130703862756 ], [ 2520737.557183660566807, 2378613.583292518742383 ] ], [ [ 2510881.647651069331914, 2378613.927261385135353 ], [ 2510881.647287501487881, 2378632.350074353162199 ], [ 2510881.646923930384219, 2378650.773079249076545 ], [ 2510872.43465285282582, 2378715.253246098291129 ], [ 2510872.43374393042177, 2378761.310470446012914 ], [ 2510872.433380362577736, 2378779.7332834135741 ], [ 2510863.220735606271774, 2378853.425048680976033 ], [ 2510854.008272637613118, 2378917.905215536709875 ], [ 2510844.795456205029041, 2379010.019793765153736 ], [ 2510835.583356799557805, 2379056.077339581213892 ], [ 2510826.371257398277521, 2379102.134693468920887 ], [ 2510817.159521564375609, 2379129.769234388601035 ], [ 2510817.158612641505897, 2379175.82645873632282 ], [ 2510807.946886915713549, 2379212.672406133729964 ], [ 2510807.94634156068787, 2379240.306817513890564 ], [ 2510798.733878591563553, 2379304.786984369158745 ], [ 2510798.733696808107197, 2379313.998390852939337 ], [ 2510798.733151453081518, 2379341.632802233099937 ], [ 2510798.732969669159502, 2379350.84420871688053 ], [ 2510789.521597402635962, 2379360.055936668999493 ], [ 2510789.520870267879218, 2379396.901562604587525 ], [ 2510780.309508109465241, 2379415.324697033502162 ], [ 2510780.309144538361579, 2379433.747701929882169 ], [ 2510771.096681569237262, 2379498.227868785150349 ], [ 2510761.884218596387655, 2379562.70822756877169 ], [ 2510761.884036812465638, 2379571.919634053017944 ], [ 2510771.095227295067161, 2379571.919312584679574 ], [ 2510789.517416368238628, 2379571.918669654987752 ], [ 2510817.150614140555263, 2379581.129111740272492 ], [ 2510853.995002395473421, 2379590.339232357684523 ], [ 2510853.994820611551404, 2379599.550638841465116 ], [ 2510863.206011093687266, 2379599.550317373126745 ], [ 2510872.41720157628879, 2379599.549995904788375 ], [ 2510890.839208866469562, 2379608.760759458411485 ], [ 2510909.261397939641029, 2379608.760116528254002 ], [ 2510918.472588422242552, 2379608.759795059915632 ], [ 2510872.411748051643372, 2379875.892766206059605 ], [ 2510900.044945824425668, 2379885.103208291344345 ], [ 2510918.466953113675117, 2379894.313971844967455 ], [ 2510927.678143596276641, 2379894.313650376629084 ], [ 2510946.100150885526091, 2379903.524413931183517 ], [ 2510973.733348658308387, 2379912.734856016468257 ], [ 2511001.36654642643407, 2379921.945490030571818 ], [ 2511056.633123754058033, 2379931.154967717826366 ], [ 2511121.110891564749181, 2379940.364123936742544 ], [ 2511130.321900263894349, 2379949.575208952650428 ], [ 2511148.744271120522171, 2379940.363159538246691 ], [ 2511167.166833869647235, 2379931.151110117789358 ], [ 2511176.377650676295161, 2379940.3621951402165 ], [ 2511185.588841158896685, 2379940.361873671878129 ], [ 2511185.588659375440329, 2379949.573280156124383 ], [ 2511194.799849858041853, 2379949.572958687786013 ], [ 2511204.010848449077457, 2379949.572637225966901 ], [ 2511213.222038931213319, 2379949.57231575762853 ], [ 2511222.433411197271198, 2379940.360587805043906 ], [ 2511259.278152911923826, 2379921.936488977633417 ], [ 2511286.912077822722495, 2379894.301113198976964 ], [ 2511471.137281100265682, 2379765.334801170509309 ], [ 2511517.193768755998462, 2379728.487567900214344 ], [ 2511526.404767346568406, 2379728.487246438395232 ], [ 2511526.404949134215713, 2379719.275648026261479 ], [ 2511535.616139616817236, 2379719.275326557923108 ], [ 2511544.827330099418759, 2379719.275005089584738 ], [ 2511554.03851047437638, 2379710.063277144450694 ], [ 2511563.249700956512243, 2379710.062955676112324 ], [ 2511572.460891439113766, 2379710.062634207773954 ], [ 2511581.67189003014937, 2379710.062312745954841 ], [ 2511590.882898728828877, 2379719.273397761397064 ], [ 2511600.094089211430401, 2379719.273076293058693 ], [ 2511609.305279694031924, 2379719.272754824720323 ], [ 2511701.415689813438803, 2379756.115358032286167 ], [ 2511729.048705801833421, 2379774.5372066013515 ], [ 2511747.470904983114451, 2379783.747970148455352 ], [ 2511940.902925816830248, 2379866.644069644156843 ], [ 2511950.114116299431771, 2379866.643748175818473 ], [ 2511959.325306782033294, 2379866.643426707480103 ], [ 2512079.0709244068712, 2379820.582215226255357 ], [ 2512152.760417947079986, 2379792.945232119876891 ], [ 2512161.97160842968151, 2379792.944910651538521 ], [ 2512171.182607020717114, 2379792.944589189719409 ], [ 2512410.670570158865303, 2379866.627674866467714 ], [ 2512419.881760641466826, 2379866.627353398129344 ], [ 2512429.09295112406835, 2379866.627031929790974 ], [ 2512640.949524223804474, 2379829.774012276437134 ], [ 2512944.917800152674317, 2379783.706179540604353 ], [ 2512954.128990635275841, 2379783.705858072265983 ], [ 2512972.551361492369324, 2379774.493808658793569 ], [ 2512981.762551974970847, 2379774.493487190455198 ], [ 2512990.973924241494387, 2379765.281759238336235 ], [ 2513000.184922832529992, 2379765.281437776517123 ], [ 2513037.029492870904505, 2379765.280151910148561 ], [ 2513064.663054210133851, 2379756.067781027406454 ], [ 2513055.450045885983855, 2379848.182359262835234 ], [ 2513073.867518682032824, 2380096.890075247734785 ], [ 2513165.967395431827754, 2380677.206620638258755 ], [ 2513184.38958450499922, 2380677.205977708566934 ], [ 2513212.023145844228566, 2380667.993606826290488 ], [ 2513258.078714473638684, 2380667.991999498102814 ], [ 2513479.14666994754225, 2380631.138658369425684 ], [ 2513571.258362665772438, 2380612.712630738969892 ], [ 2513681.777883511967957, 2381321.988415902014822 ], [ 2513681.777519944589585, 2381340.411228870041668 ], [ 2513681.777156376745552, 2381358.834041837602854 ], [ 2513709.40726381726563, 2381524.638778005726635 ] ] ] } },
{ "type": "Feature", "properties": { }, "geometry": { "type": "LineString", "coordinates": [ [ 2512447.184293075930327, 2396631.41920132143423 ], [ 2512465.606482149101794, 2396631.418558391742408 ], [ 2512474.817309063859284, 2396649.841049890965223 ], [ 2512502.447234720457345, 2396824.857192542869598 ], [ 2512548.497178149409592, 2397119.621168476995081 ], [ 2512557.707086033653468, 2397174.889477846678346 ], [ 2512566.917185813654214, 2397230.157595281489193 ], [ 2512576.127649161498994, 2397267.002899748738855 ], [ 2512594.548929311800748, 2397313.059481166768819 ], [ 2512603.759574443101883, 2397340.693379150237888 ], [ 2512622.181036377325654, 2397377.538554083555937 ], [ 2512659.026333555113524, 2397340.691450353711843 ], [ 2512668.237332145683467, 2397340.691128891892731 ], [ 2512677.448704412207007, 2397331.479400939773768 ], [ 2512787.983858693391085, 2397248.572693063411862 ], [ 2512797.195230959914625, 2397239.360965111292899 ], [ 2512815.617783600464463, 2397220.937509213108569 ], [ 2512861.674271256662905, 2397184.090275942813605 ], [ 2512972.209425537846982, 2397101.18356806691736 ], [ 2512990.632170070428401, 2397082.760112162213773 ], [ 2513073.533581228461117, 2397018.277181651908904 ], [ 2513082.744761602953076, 2397009.065453706309199 ], [ 2513091.956133869476616, 2396999.853725754190236 ], [ 2513211.702842200640589, 2396898.523883441463113 ], [ 2513313.026816107798368, 2396824.828903511166573 ], [ 2513377.505482733249664, 2396778.76942890509963 ], [ 2513377.50566451670602, 2396769.558022421319038 ], [ 2513469.618266153614968, 2396705.074962370563298 ], [ 2513497.252191064413637, 2396677.439586592838168 ], [ 2513534.097306454088539, 2396649.804081274196506 ], [ 2513626.210271662566811, 2396566.898016328457743 ], [ 2513672.266385642811656, 2396539.262189548462629 ], [ 2513699.900128766428679, 2396520.83841218193993 ], [ 2513709.111501032486558, 2396511.626684229820967 ], [ 2513727.534235461149365, 2396483.991629920434207 ], [ 2513782.802095383405685, 2396437.932668697554618 ], [ 2513911.758348031435162, 2396410.293948722537607 ], [ 2514031.50342030543834, 2396391.866956693585962 ], [ 2514206.515433478634804, 2396364.226437455508858 ], [ 2514261.782374374102801, 2396355.013102175202221 ], [ 2514307.838316678535193, 2396345.800088356249034 ], [ 2514353.893885307945311, 2396345.79848102806136 ], [ 2514390.738637130241841, 2396336.585788677912205 ], [ 2514473.638957581948489, 2396327.371488998644054 ], [ 2514574.961840782314539, 2396308.945139899849892 ], [ 2514667.073533503338695, 2396290.518920340575278 ], [ 2514740.762663472443819, 2396281.304942130111158 ], [ 2514786.818413885775954, 2396272.09192831767723 ], [ 2514878.929924819618464, 2396262.87730717100203 ], [ 2515081.575499328318983, 2396226.024608979001641 ], [ 2515275.009893462993205, 2396198.383638733066618 ], [ 2515321.065643879584968, 2396189.17043299227953 ], [ 2515413.177336597349495, 2396170.744405361358076 ], [ 2515689.512232967186719, 2396124.677728952374309 ], [ 2515781.623925684951246, 2396106.251701321452856 ], [ 2516039.536259309388697, 2396069.396882405038923 ], [ 2516122.436579761095345, 2396060.182582726236433 ], [ 2516232.970461552031338, 2396041.755912165157497 ], [ 2516251.392842517234385, 2396041.755269228480756 ], [ 2516361.926724308636039, 2396023.328598667867482 ], [ 2516481.671796582173556, 2396004.901606638450176 ], [ 2516656.68380975490436, 2395977.261087400373071 ], [ 2516804.062443368136883, 2395949.621724489144981 ], [ 2516923.807515642140061, 2395931.194732459727675 ], [ 2517025.130025166552514, 2395921.979789851233363 ], [ 2517080.396966062486172, 2395912.766454570926726 ], [ 2517135.663917066063732, 2395912.764525767881423 ], [ 2517163.297296621836722, 2395912.76356136938557 ], [ 2517209.353047035168856, 2395903.550547556951642 ], [ 2517246.19761707354337, 2395903.549261690117419 ], [ 2517347.52030838560313, 2395885.122720669489354 ], [ 2517458.054200285114348, 2395875.907456586137414 ], [ 2517513.320959396660328, 2395875.905527789611369 ], [ 2517596.221279847901314, 2395866.691228110808879 ], [ 2517642.277030261233449, 2395857.478214298840612 ], [ 2517771.233293017372489, 2395839.050900801084936 ], [ 2517881.766993024852127, 2395829.835636724252254 ], [ 2517973.878503958694637, 2395820.621015577111393 ], [ 2518121.256955792196095, 2395802.192867220845073 ], [ 2518194.946277652867138, 2395792.978889003861696 ], [ 2518231.790655799675733, 2395792.977603144012392 ], [ 2518259.424217139370739, 2395783.765232261735946 ], [ 2518296.268787177745253, 2395783.763946395367384 ], [ 2518314.690976250916719, 2395783.763303465209901 ], [ 2518406.802487184759229, 2395774.548682318534702 ], [ 2518443.647239007055759, 2395765.335989967919886 ], [ 2518471.280618562828749, 2395765.335025569889694 ], [ 2518489.703181311953813, 2395756.1229761489667 ], [ 2518498.914179902989417, 2395756.122654687147588 ], [ 2518498.914361686445773, 2395746.911248203366995 ], [ 2518517.336560868192464, 2395756.122011750470847 ], [ 2518526.547559458762407, 2395756.121690289117396 ], [ 2518535.758749941363931, 2395756.121368820779026 ], [ 2518544.969940423965454, 2395756.121047352440655 ], [ 2518591.025690836366266, 2395746.908033540472388 ], [ 2518646.292631732299924, 2395737.69469825970009 ], [ 2518793.671083562076092, 2395719.266741832718253 ], [ 2518839.727025866508484, 2395710.053728013299406 ], [ 2518858.149396727792919, 2395700.841486671473831 ], [ 2518931.838526696898043, 2395691.627508461009711 ], [ 2519060.794789452571422, 2395673.200194963719696 ], [ 2519300.284934000112116, 2395636.346210905350745 ], [ 2519309.49612448271364, 2395636.345889437012374 ], [ 2519309.496306266169995, 2395627.134482953231782 ], [ 2519300.285115783568472, 2395627.134804421570152 ], [ 2519291.074107084888965, 2395617.923719405662268 ], [ 2519281.863108494319022, 2395617.924040867015719 ], [ 2519272.651918011717498, 2395617.92436233535409 ], [ 2519272.652099799364805, 2395608.712763923220336 ], [ 2519263.440909316763282, 2395608.713085391558707 ], [ 2519263.441091100685298, 2395599.501678907778114 ], [ 2519263.441272884141654, 2395590.290272423997521 ], [ 2519254.230274293571711, 2395590.290593885816634 ], [ 2519254.230456077493727, 2395581.079187402036041 ], [ 2519254.230637861415744, 2395571.867780918255448 ], [ 2519263.441818235442042, 2395562.656052972190082 ], [ 2519272.653008718043566, 2395562.655731503851712 ], [ 2519272.65282693458721, 2395571.867137988097966 ], [ 2519281.864017417188734, 2395571.866816519759595 ], [ 2519291.07483422383666, 2395581.077901542186737 ], [ 2519300.286024706438184, 2395581.077580073848367 ], [ 2519309.497215189039707, 2395581.077258605509996 ], [ 2519318.708213780075312, 2395581.076937143690884 ], [ 2519318.708395563997328, 2395571.865530659910291 ], [ 2519327.919586046598852, 2395571.865209191571921 ], [ 2519337.13095831265673, 2395562.653481238987297 ], [ 2519346.341956903226674, 2395562.653159777168185 ], [ 2519346.34213868714869, 2395553.441753293387592 ], [ 2519355.553329169750214, 2395553.441431825514883 ], [ 2519355.55351095367223, 2395544.23002534173429 ], [ 2519355.553692737128586, 2395535.018618857953697 ], [ 2519355.553874521050602, 2395525.807212374173105 ], [ 2519346.342684038449079, 2395525.807533842045814 ], [ 2519346.342865822371095, 2395516.59612735779956 ], [ 2519337.131867231801152, 2395516.596448819618672 ], [ 2519327.920676749199629, 2395516.596770287957042 ], [ 2519318.709304482676089, 2395525.808498240541667 ], [ 2519309.498487675562501, 2395516.597413218114525 ], [ 2519300.287297192960978, 2395516.597734686452895 ], [ 2519300.287478980608284, 2395507.386136274319142 ], [ 2519291.076470281463116, 2395498.17505125887692 ], [ 2519291.076652065385133, 2395488.963644775096327 ], [ 2519281.86565347481519, 2395488.963966236449778 ], [ 2519281.865835258737206, 2395479.752559752669185 ], [ 2519281.866017042193562, 2395470.541153268422931 ], [ 2519291.077015632763505, 2395470.54083180706948 ], [ 2519300.288387899287045, 2395461.329103854950517 ], [ 2519309.499578381888568, 2395461.328782386612147 ], [ 2519318.710576972924173, 2395461.328460924793035 ], [ 2519318.710758756846189, 2395452.117054441012442 ], [ 2519337.133139722049236, 2395452.116411504335701 ], [ 2519346.344138312619179, 2395452.116090042516589 ], [ 2519355.555328795220703, 2395452.11576857464388 ], [ 2519364.766519277822226, 2395452.11544710630551 ], [ 2519373.977517868392169, 2395452.115125644486398 ], [ 2519373.977699651848525, 2395442.903719160705805 ], [ 2519383.188890134450048, 2395442.903397692367435 ], [ 2519392.400262400973588, 2395433.691669740248471 ], [ 2519401.611452883575112, 2395433.691348271910101 ], [ 2519401.611634667497128, 2395424.479941787663847 ], [ 2519410.822633258067071, 2395424.479620325844735 ], [ 2519410.822815041523427, 2395415.268213842064142 ], [ 2519401.611816450953484, 2395415.268535303883255 ], [ 2519401.611998238600791, 2395406.056936891749501 ], [ 2519392.400807755999267, 2395406.057258360087872 ], [ 2519383.18979905731976, 2395396.846173344645649 ], [ 2519373.978790358640254, 2395387.635088329203427 ], [ 2519373.978972142096609, 2395378.423681844957173 ], [ 2519373.979153926018625, 2395369.21227536117658 ], [ 2519383.190526192542166, 2395360.000547409057617 ], [ 2519383.190707975998521, 2395350.789140925277025 ], [ 2519392.401898458600044, 2395350.788819456938654 ], [ 2519392.402080242522061, 2395341.577412973158062 ], [ 2519401.613452509045601, 2395332.365685020573437 ], [ 2519401.613634292501956, 2395323.154278536792845 ], [ 2519410.824814670719206, 2395313.942358662839979 ], [ 2519420.036186937242746, 2395304.730630710721016 ], [ 2519429.24737741984427, 2395304.730309242382646 ], [ 2519438.458376010879874, 2395304.729987781029195 ], [ 2519447.669566493481398, 2395304.729666312690824 ], [ 2519456.880756976082921, 2395304.729344844352454 ], [ 2519466.091755566652864, 2395304.729023382533342 ], [ 2519475.302946049254388, 2395304.728701914194971 ], [ 2519493.725135122425854, 2395304.72805898450315 ], [ 2519502.936507388949394, 2395295.516331032384187 ], [ 2519512.147697871550918, 2395295.516009564045817 ], [ 2519521.358696462120861, 2395295.515688102226704 ], [ 2519521.358514678198844, 2395304.727094586007297 ], [ 2519521.358696462120861, 2395295.515688102226704 ], [ 2519530.569705160800368, 2395304.726773117668927 ], [ 2519530.569886944722384, 2395295.515366633888334 ], [ 2519539.781077427323908, 2395295.515045165549964 ], [ 2519548.992267909925431, 2395295.514723697211593 ], [ 2519548.992449693381786, 2395286.303317213431001 ], [ 2519558.203630068339407, 2395277.091589267831296 ], [ 2519558.203811852261424, 2395267.880182784050703 ], [ 2519558.203993635717779, 2395258.66877630027011 ], [ 2519558.204175419639796, 2395249.457369816489518 ], [ 2519558.204357203561813, 2395240.245963332708925 ], [ 2519567.415729469619691, 2395231.034235380124301 ], [ 2519567.415911253541708, 2395221.822828896343708 ], [ 2519567.416093041189015, 2395212.611230484209955 ], [ 2519567.416274825111032, 2395203.399824000429362 ], [ 2519558.205084342509508, 2395203.400145468767732 ], [ 2519558.205266125965863, 2395194.18873898498714 ], [ 2519548.994449318852276, 2395184.977653962094337 ], [ 2519548.994631102774292, 2395175.766247478313744 ], [ 2519548.994812886230648, 2395166.554840994533151 ], [ 2519548.994994670152664, 2395157.343434510752559 ], [ 2519548.995176454074681, 2395148.132028026971966 ], [ 2519548.995358237531036, 2395138.920621542725712 ], [ 2519558.206356828566641, 2395138.920300081372261 ], [ 2519558.206538612488657, 2395129.708893597591668 ], [ 2519567.417729095090181, 2395129.708572129253298 ], [ 2519576.628919577226043, 2395129.708250660914928 ], [ 2519576.62910136487335, 2395120.496652248781174 ], [ 2519585.840099955908954, 2395120.496330786962062 ], [ 2519585.840281739830971, 2395111.284924303181469 ], [ 2519595.051654005888849, 2395102.073196351062506 ], [ 2519595.051835789810866, 2395092.861789866816252 ], [ 2519595.052017573732883, 2395083.65038338303566 ], [ 2519595.052199357189238, 2395074.438976899255067 ], [ 2519595.052381141111255, 2395065.227570415474474 ], [ 2519595.052562925033271, 2395056.016163931693882 ], [ 2519595.052744708489627, 2395046.804757447447628 ], [ 2519604.264116975013167, 2395037.593029495328665 ], [ 2519604.264298758935183, 2395028.381623011548072 ], [ 2519604.26448054658249, 2395019.170024599414319 ], [ 2519613.475479137152433, 2395019.169703138060868 ], [ 2519622.686669619753957, 2395019.169381669722497 ], [ 2519622.686851403210312, 2395009.957975185941905 ], [ 2519631.898041885811836, 2395009.957653717603534 ], [ 2519641.109222260303795, 2395000.745925772003829 ], [ 2519641.109404044225812, 2394991.534519287757576 ], [ 2519641.109585827682167, 2394982.323112803976983 ], [ 2519650.320776310283691, 2394982.322791335638613 ], [ 2519650.320958094205707, 2394973.11138485185802 ], [ 2519659.532148576807231, 2394973.11106338351965 ], [ 2519659.532330360729247, 2394963.899656899739057 ], [ 2519668.743328951764852, 2394963.899335438385606 ], [ 2519668.743147167842835, 2394973.110741922166198 ], [ 2519677.954337650444359, 2394973.110420453827828 ], [ 2519687.165346349123865, 2394982.321505469270051 ], [ 2519696.376344939693809, 2394982.321184007450938 ], [ 2519705.587535422295332, 2394982.320862539112568 ], [ 2519714.798725904896855, 2394982.320541070774198 ], [ 2519724.010098171420395, 2394973.108813118655235 ], [ 2519724.010279955342412, 2394963.897406634874642 ], [ 2519724.010461738798767, 2394954.686000151094049 ], [ 2519733.221642113290727, 2394945.474272205028683 ], [ 2519733.221823897212744, 2394936.26286572124809 ], [ 2519733.222005684860051, 2394927.051267309114337 ], [ 2519733.222187468316406, 2394917.839860825333744 ], [ 2519733.222369252238423, 2394908.628454341553152 ], [ 2519742.433741518761963, 2394899.416726389434189 ], [ 2519751.644932001363486, 2394899.416404921095818 ], [ 2519760.855930591933429, 2394899.416083459276706 ], [ 2519760.856112375389785, 2394890.204676975496113 ], [ 2519770.067302857991308, 2394890.204355507157743 ], [ 2519770.067484641913325, 2394880.99294902337715 ], [ 2519770.067666425835341, 2394871.781542539596558 ], [ 2519770.067848209291697, 2394862.570136055815965 ], [ 2519770.068029993213713, 2394853.358729571569711 ], [ 2519770.06821177713573, 2394844.147323087789118 ], [ 2519779.279584043193609, 2394834.935595135670155 ], [ 2519779.279765830840915, 2394825.723996723536402 ], [ 2519779.279947614762932, 2394816.512590239755809 ], [ 2519788.491127989720553, 2394807.300862293690443 ], [ 2519797.702500255778432, 2394798.08913434157148 ], [ 2519806.913690738379955, 2394798.08881287323311 ], [ 2519816.124689328949898, 2394798.088491411879659 ], [ 2519825.335879811551422, 2394798.088169943541288 ], [ 2519825.336061595473439, 2394788.876763459760696 ], [ 2519834.547252078074962, 2394788.876441991422325 ], [ 2519834.547433861996979, 2394779.665035507641733 ], [ 2519843.758432452566922, 2394779.66471404582262 ], [ 2519852.9698047186248, 2394770.452986093703657 ], [ 2519862.18117698514834, 2394761.241258141119033 ], [ 2519862.181358769070357, 2394752.02985165733844 ], [ 2519871.39254925167188, 2394752.02953018900007 ], [ 2519871.392731035128236, 2394742.818123705219477 ], [ 2519871.392912819050252, 2394733.606717221438885 ], [ 2519871.393094606697559, 2394724.395118809305131 ], [ 2519862.182085908018053, 2394715.184033793862909 ], [ 2519862.182267691474408, 2394705.972627309616655 ], [ 2519852.971258992794901, 2394696.761542294174433 ], [ 2519852.971440776716918, 2394687.55013581039384 ], [ 2519843.76043207757175, 2394678.339050794951618 ], [ 2519843.760613861493766, 2394669.127644310705364 ], [ 2519843.760795645415783, 2394659.916237826924771 ], [ 2519843.760977428872138, 2394650.704831343144178 ], [ 2519843.761159212794155, 2394641.493424859363586 ], [ 2519843.761341000441462, 2394632.281826447229832 ], [ 2519843.761522783897817, 2394623.07041996344924 ], [ 2519843.761704567819834, 2394613.859013479202986 ], [ 2519843.76188635174185, 2394604.647606995422393 ], [ 2519843.762068135663867, 2394595.4362005116418 ], [ 2519843.762249919120222, 2394586.224794027861208 ], [ 2519843.762431703042239, 2394577.013387544080615 ], [ 2519852.973803969565779, 2394567.801659591495991 ], [ 2519852.973985753022134, 2394558.590253107715398 ], [ 2519862.185358019545674, 2394549.378525155596435 ], [ 2519871.396730286069214, 2394540.166797203477472 ], [ 2519889.819101146422327, 2394530.954555861651897 ], [ 2519908.241472003981471, 2394521.742506447248161 ], [ 2519908.241653787903488, 2394512.531099963467568 ], [ 2519917.452844270505011, 2394512.530778495129198 ], [ 2519917.453026054427028, 2394503.319372011348605 ], [ 2519926.664398320019245, 2394494.107644059229642 ], [ 2519935.87539691105485, 2394494.107322597876191 ], [ 2519945.08676917757839, 2394484.895594645757228 ], [ 2519954.29814144410193, 2394475.683866693172604 ], [ 2519963.509321818128228, 2394466.472138747572899 ], [ 2519972.720512300729752, 2394466.471817279234529 ], [ 2519972.720694084651768, 2394457.260410795453936 ], [ 2519981.931884567253292, 2394457.260089327115566 ], [ 2519991.143064941745251, 2394448.048361381981522 ], [ 2519991.143246728926897, 2394438.836762969847769 ], [ 2520000.35443721152842, 2394438.836441501509398 ], [ 2520009.56580947805196, 2394429.624713549390435 ], [ 2520018.7771817445755, 2394420.412985596805811 ], [ 2520027.98836211906746, 2394411.201257651206106 ], [ 2520037.199552601668984, 2394411.200936182867736 ], [ 2520046.410924867726862, 2394401.989208230748773 ], [ 2520055.622105242684484, 2394392.777480285614729 ], [ 2520064.833477509208024, 2394383.565752333030105 ], [ 2520074.044849775265902, 2394374.354024380911142 ], [ 2520083.255848365835845, 2394374.353702919092029 ], [ 2520092.467220632359385, 2394365.141974966973066 ], [ 2520101.678592898882926, 2394355.930247014854103 ], [ 2520110.889773272909224, 2394346.718519069254398 ], [ 2520120.100963755510747, 2394346.718197600916028 ], [ 2520129.312336025759578, 2394337.506277720909566 ], [ 2520138.523516400717199, 2394328.294549774844199 ], [ 2520147.734706883318722, 2394328.294228306505829 ], [ 2520147.734888666775078, 2394319.082821822725236 ], [ 2520156.94607914891094, 2394319.082500354386866 ], [ 2520166.15745141543448, 2394309.870772402267903 ], [ 2520175.368631790392101, 2394300.659044456668198 ], [ 2520184.58000405644998, 2394291.447316504549235 ], [ 2520184.580185840371996, 2394282.235910020302981 ], [ 2520193.79137632297352, 2394282.235588551964611 ], [ 2520203.002374913543463, 2394282.23526709061116 ], [ 2520212.213565396144986, 2394282.234945622272789 ], [ 2520212.213747180067003, 2394273.023539138492197 ], [ 2520221.424937662668526, 2394273.023217670153826 ], [ 2520230.635936253238469, 2394273.022896208334714 ], [ 2520230.636118037160486, 2394263.811489724554121 ], [ 2520249.058499002363533, 2394263.810846787877381 ], [ 2520258.269497593399137, 2394263.81052532652393 ], [ 2520267.480688076000661, 2394263.81020385818556 ], [ 2520276.691878558136523, 2394263.809882389847189 ], [ 2520285.903058932628483, 2394254.598154444247484 ], [ 2520295.114249415230006, 2394254.597832975909114 ], [ 2520304.325439897831529, 2394254.597511507570744 ], [ 2520304.325621681753546, 2394245.386105023790151 ], [ 2520313.536812164355069, 2394245.385783555451781 ], [ 2520322.747810754925013, 2394245.38546209409833 ], [ 2520331.959183025173843, 2394236.173542213160545 ], [ 2520341.170191720128059, 2394245.384819157421589 ], [ 2520350.381190310698003, 2394245.384497695602477 ], [ 2520359.592380793299526, 2394245.384176227264106 ], [ 2520359.592199009377509, 2394254.595582711044699 ], [ 2520368.803389491979033, 2394254.595261242706329 ], [ 2520368.803207708522677, 2394263.806667726486921 ], [ 2520378.014024515636265, 2394273.017752748914063 ], [ 2520387.225214998237789, 2394273.017431280575693 ], [ 2520396.436587264295667, 2394263.80570332845673 ], [ 2520405.647585855331272, 2394263.805381866637617 ], [ 2520414.858776337932795, 2394263.805060398299247 ], [ 2520424.070148603990674, 2394254.593332446180284 ], [ 2520424.070330387912691, 2394245.381925962399691 ], [ 2520424.070512175559998, 2394236.170327549800277 ], [ 2520433.281692549586296, 2394226.958599604666233 ], [ 2520442.493064816109836, 2394217.74687165254727 ], [ 2520451.704437082633376, 2394208.535143700428307 ], [ 2520451.704618866089731, 2394199.323737216647714 ], [ 2520460.915809348691255, 2394199.323415748309344 ], [ 2520460.915991132613271, 2394190.11200926406309 ], [ 2520470.126989723183215, 2394190.111687802243978 ], [ 2520470.127171507105231, 2394180.900281318463385 ], [ 2520470.127353291027248, 2394171.688874834682792 ], [ 2520470.127535074483603, 2394162.4774683509022 ], [ 2520470.12771685840562, 2394153.266061867121607 ], [ 2520479.338907341007143, 2394153.265740398783237 ], [ 2520479.33908912865445, 2394144.054141986649483 ], [ 2520479.339270912110806, 2394134.842735502403229 ], [ 2520488.550461394712329, 2394134.842414034064859 ], [ 2520488.550643178634346, 2394125.631007550284266 ], [ 2520497.76164176966995, 2394125.630686088465154 ], [ 2520497.761823553591967, 2394116.419279604684561 ], [ 2520497.762005337048322, 2394107.207873120903969 ], [ 2520506.973377603106201, 2394097.996145168319345 ], [ 2520506.973559387028217, 2394088.784738684538752 ], [ 2520506.973741170484573, 2394079.573332200758159 ], [ 2520516.184931653086096, 2394079.57301073288545 ], [ 2520516.185113437008113, 2394070.361604249104857 ], [ 2520516.185295220930129, 2394061.150197765324265 ], [ 2520516.185477004852146, 2394051.938791281078011 ], [ 2520516.185658792033792, 2394042.727192868944257 ], [ 2520525.396839166991413, 2394033.515464923344553 ], [ 2520525.397020950913429, 2394024.30405843956396 ], [ 2520525.397202734369785, 2394015.092651955783367 ], [ 2520534.608393216971308, 2394015.092330487444997 ], [ 2520534.608575000893325, 2394005.880924003664404 ], [ 2520534.608756784815341, 2393996.66951751941815 ], [ 2520525.397748085670173, 2393987.458432503975928 ], [ 2520525.39792986959219, 2393978.247026020195335 ], [ 2520525.398111653514206, 2393969.035619536414742 ], [ 2520525.398293437436223, 2393959.82421305263415 ], [ 2520525.398475224617869, 2393950.612614640034735 ], [ 2520525.398657008539885, 2393941.401208156254143 ], [ 2520525.398838792461902, 2393932.18980167247355 ], [ 2520525.399020575918257, 2393922.978395188692957 ], [ 2520534.610392842441797, 2393913.766667236573994 ], [ 2520534.610574626363814, 2393904.55526075232774 ], [ 2520534.610756409820169, 2393895.343854268547148 ], [ 2520534.610938193742186, 2393886.132447784766555 ], [ 2520543.822310460265726, 2393876.920719832647592 ], [ 2520553.033490834292024, 2393867.708991887047887 ], [ 2520553.033672618214041, 2393858.497585402801633 ], [ 2520553.033854405861348, 2393849.28598699066788 ], [ 2520562.245226672384888, 2393840.074259038548917 ], [ 2520562.245408455841243, 2393830.862852554768324 ], [ 2520562.24559023976326, 2393821.651446070987731 ], [ 2520571.456780722364783, 2393821.651124602649361 ], [ 2520571.4569625062868, 2393812.439718118403107 ], [ 2520571.457144289743155, 2393803.228311634622514 ], [ 2520571.457326073665172, 2393794.016905150841922 ], [ 2520571.457507857587188, 2393784.805498667061329 ], [ 2520562.24649915844202, 2393775.594413651619107 ], [ 2520562.246680942364037, 2393766.383007167372853 ], [ 2520562.246862730011344, 2393757.171408755239099 ], [ 2520562.247044513933361, 2393747.960002271458507 ], [ 2520553.035854031331837, 2393747.960323739796877 ], [ 2520553.036035814788193, 2393738.748917256016284 ], [ 2520553.036217598710209, 2393729.537510772235692 ], [ 2520553.036399382632226, 2393720.326104288455099 ], [ 2520562.247589865233749, 2393720.325782820116729 ], [ 2520553.036581166088581, 2393711.114697804208845 ], [ 2520553.036762950010598, 2393701.903291320428252 ], [ 2520553.036944733932614, 2393692.69188483664766 ], [ 2520553.03712651738897, 2393683.480478352867067 ], [ 2520553.037308301310986, 2393674.269071869086474 ], [ 2520543.82649149466306, 2393665.057986846659333 ], [ 2520543.826673282310367, 2393655.846388434525579 ], [ 2520534.615664583165199, 2393646.635303419083357 ], [ 2520534.615846367087215, 2393637.423896935302764 ], [ 2520525.404655884485692, 2393637.424218403641135 ], [ 2520525.404837668407708, 2393628.212811919860542 ], [ 2520525.405019451864064, 2393619.001405435614288 ], [ 2520534.616209934465587, 2393619.001083967275918 ], [ 2520534.616391718387604, 2393609.789677483495325 ], [ 2520534.61657350230962, 2393600.578270999714732 ], [ 2520543.827763984911144, 2393600.577949531376362 ], [ 2520543.827945768367499, 2393591.366543047595769 ], [ 2520553.038944358937442, 2393591.366221585776657 ], [ 2520562.250134841538966, 2393591.365900117438287 ], [ 2520562.250316625460982, 2393582.154493633657694 ], [ 2520571.461507108062506, 2393582.154172165319324 ], [ 2520562.250498409382999, 2393572.94308714941144 ], [ 2520562.250680192839354, 2393563.731680665630847 ], [ 2520553.039671497885138, 2393554.520403721835464 ], [ 2520553.039853281807154, 2393545.308997238054872 ], [ 2520543.829036475159228, 2393536.097912216093391 ], [ 2520534.61802777601406, 2393526.886827200185508 ], [ 2520534.618209559936076, 2393517.675420716404915 ], [ 2520534.618391343858093, 2393508.464014232624322 ], [ 2520534.618573127314448, 2393499.252607748843729 ], [ 2520534.618754911236465, 2393490.041201265063137 ], [ 2520534.618936695158482, 2393480.829794780816883 ], [ 2520534.619118478614837, 2393471.61838829703629 ], [ 2520543.83030896121636, 2393471.61806682869792 ], [ 2520543.830490748863667, 2393462.406468416564167 ], [ 2520543.830672532785684, 2393453.195061932783574 ], [ 2520534.61948205018416, 2393453.195383401121944 ], [ 2520534.619663834106177, 2393443.983976917341352 ], [ 2520534.619845617562532, 2393434.772570433560759 ], [ 2520525.408836918883026, 2393425.561485417652875 ], [ 2520525.409018702805042, 2393416.350078933872283 ], [ 2520525.409200486261398, 2393407.13867245009169 ], [ 2520516.198201895225793, 2393407.138993911910802 ], [ 2520506.98701141262427, 2393407.139315379783511 ], [ 2520497.776002714410424, 2393397.928230364341289 ], [ 2520488.56500412337482, 2393397.928551826160401 ], [ 2520479.353995424695313, 2393388.717466810718179 ], [ 2520470.14280494209379, 2393388.717788279056549 ], [ 2520470.142986725550145, 2393379.506381794810295 ], [ 2520470.143168509472162, 2393370.294975311029702 ], [ 2520470.143350297119468, 2393361.083376898895949 ], [ 2520470.143532081041485, 2393351.871970415115356 ], [ 2520460.932715273927897, 2393342.660885393153876 ], [ 2520451.72170657524839, 2393333.449800377245992 ], [ 2520442.510516092646867, 2393333.450121845584363 ], [ 2520433.299325610045344, 2393333.450443313922733 ], [ 2520424.088508803397417, 2393324.239358291495591 ], [ 2520414.877318320795894, 2393324.239679759833962 ], [ 2520414.877500104252249, 2393315.028273276053369 ], [ 2520414.877681888174266, 2393305.816866792272776 ], [ 2520414.877863672096282, 2393296.605460308492184 ], [ 2520424.089235938154161, 2393287.393732355907559 ], [ 2520424.089417722076178, 2393278.182325872126967 ], [ 2520424.089599509723485, 2393268.970727459993213 ], [ 2520424.089781293645501, 2393259.759320976212621 ], [ 2520433.300779884215444, 2393259.75899951485917 ], [ 2520433.3009616676718, 2393250.547593031078577 ], [ 2520442.51233393419534, 2393241.335865078493953 ], [ 2520442.512515718117356, 2393232.12445859471336 ], [ 2520451.723887984175235, 2393222.912730642594397 ], [ 2520460.935260250698775, 2393213.701002690475434 ], [ 2520460.935442034620792, 2393204.489596206694841 ], [ 2520470.146440625190735, 2393204.489274744875729 ], [ 2520470.14662240864709, 2393195.277868260629475 ], [ 2520460.935805601999164, 2393186.066783238667995 ], [ 2520460.93598738592118, 2393176.855376754887402 ], [ 2520451.724978690966964, 2393167.644099811092019 ], [ 2520451.725160474423319, 2393158.432693327311426 ], [ 2520451.725342258345336, 2393149.221286843530834 ], [ 2520460.936714524868876, 2393140.009558890946209 ], [ 2520460.936896308325231, 2393130.798152407165617 ], [ 2520470.147894898895174, 2393130.797830945346504 ], [ 2520479.359085381496698, 2393130.797509477008134 ], [ 2520479.359267165418714, 2393121.586102993227541 ], [ 2520488.570457648020238, 2393121.585781524889171 ], [ 2520488.570639431942254, 2393112.374375041108578 ], [ 2520497.781819806434214, 2393103.162647095508873 ], [ 2520497.782001590356231, 2393093.951240611262619 ], [ 2520497.782183374278247, 2393084.739834127482027 ], [ 2520497.782365157734603, 2393075.528427643701434 ], [ 2520497.78254694538191, 2393066.316829231567681 ], [ 2520497.782728729303926, 2393057.105422747787088 ], [ 2520506.994100995361805, 2393047.893694795202464 ], [ 2520506.99428277881816, 2393038.682288311421871 ], [ 2520506.994464562740177, 2393029.470881827641279 ], [ 2520506.994646346662194, 2393020.259475343860686 ], [ 2520516.206018612720072, 2393011.047747392207384 ], [ 2520516.206200396642089, 2393001.83634090796113 ], [ 2520516.206382180564106, 2392992.624934424180537 ], [ 2520516.206563964020461, 2392983.413527940399945 ], [ 2520516.206745751667768, 2392974.201929528266191 ], [ 2520516.206927535589784, 2392964.990523044485599 ], [ 2520525.418107910547405, 2392955.778795098420233 ], [ 2520525.418289694003761, 2392946.56738861463964 ], [ 2520525.418471477925777, 2392937.355982130859047 ], [ 2520525.418653261847794, 2392928.144575647078454 ], [ 2520525.418835045304149, 2392918.933169163297862 ], [ 2520525.419016829226166, 2392909.721762679051608 ], [ 2520525.419198613148183, 2392900.510356195271015 ], [ 2520525.419380396604538, 2392891.298949711490422 ], [ 2520525.419743968173862, 2392872.875944815576077 ], [ 2520516.208927160594612, 2392863.664859793614596 ], [ 2520516.209108944516629, 2392854.453453309368342 ], [ 2520516.209290728438646, 2392845.242046825587749 ], [ 2520516.209472512360662, 2392836.030640341807157 ], [ 2520506.998463813215494, 2392826.819555325899273 ], [ 2520506.998645597137511, 2392817.60814884211868 ], [ 2520506.998827381059527, 2392808.396742357872427 ], [ 2520497.787818682380021, 2392799.185657342430204 ], [ 2520497.788000466302037, 2392789.974250858649611 ], [ 2520497.788364037405699, 2392771.551245962735265 ], [ 2520488.577910797670484, 2392743.917347972746938 ], [ 2520488.578274365514517, 2392725.494535005185753 ], [ 2520488.578456149436533, 2392716.283128520939499 ], [ 2520479.367447450291365, 2392707.072043505497277 ], [ 2520479.367629234213382, 2392697.860637021716684 ], [ 2520479.368174589239061, 2392670.226225641556084 ], [ 2520470.157347674015909, 2392651.803734142333269 ], [ 2520470.157529457937926, 2392642.592327658552676 ], [ 2520470.158074809238315, 2392614.958108206745237 ], [ 2520460.947258002590388, 2392605.747023184783757 ], [ 2520460.947439786512405, 2392596.535616701003164 ], [ 2520470.158983732108027, 2392568.900883859023452 ], [ 2520470.159347299486399, 2392550.478070891462266 ], [ 2520470.159710866864771, 2392532.055257923901081 ], [ 2520479.371264917310327, 2392513.632123487535864 ], [ 2520479.371628484688699, 2392495.209310519974679 ], [ 2520479.371810272336006, 2392485.997712107840925 ], [ 2520479.371992056258023, 2392476.786305623594671 ], [ 2520479.372173839714378, 2392467.574899139814079 ], [ 2520479.372355623636395, 2392458.363492656033486 ], [ 2520479.372719191014767, 2392439.940679688472301 ], [ 2520479.3730827588588, 2392421.517866720445454 ], [ 2520479.373264542780817, 2392412.306460236664861 ], [ 2520470.162074060179293, 2392412.306781705003232 ], [ 2520470.162255843635648, 2392403.095375221222639 ], [ 2520470.162437627557665, 2392393.883968737442046 ], [ 2520460.951439036987722, 2392393.884290199261159 ], [ 2520460.951620824635029, 2392384.672691786661744 ], [ 2520460.951802608091384, 2392375.461285302881151 ], [ 2520460.951984392013401, 2392366.249878819100559 ], [ 2520470.162982982583344, 2392366.249557357281446 ], [ 2520470.163164766505361, 2392357.038150873500854 ], [ 2520470.163346549961716, 2392347.826744389720261 ], [ 2520470.163528333883733, 2392338.615337905474007 ], [ 2520470.163710117805749, 2392329.403931421693414 ], [ 2520460.952893310692161, 2392320.192846399731934 ], [ 2520460.953075094614178, 2392310.981439915951341 ], [ 2520460.953256878536195, 2392301.770033432170749 ], [ 2520460.953438666183501, 2392292.558435020036995 ], [ 2520460.953620449639857, 2392283.347028535790741 ], [ 2520470.1646190402098, 2392283.346707073971629 ], [ 2520470.164800824131817, 2392274.135300590191036 ], [ 2520470.164982608053833, 2392264.923894106410444 ], [ 2520479.376173090655357, 2392264.923572638072073 ], [ 2520479.376354874111712, 2392255.712166154291481 ], [ 2520479.376536658033729, 2392246.500759670510888 ], [ 2520479.376718441955745, 2392237.289353186264634 ], [ 2520488.587908924557269, 2392237.289031717926264 ], [ 2520488.588090708013624, 2392228.077625234145671 ], [ 2520488.588272491935641, 2392218.866218750365078 ], [ 2520488.588454275857657, 2392209.654812266584486 ], [ 2520497.799634650815278, 2392200.44308432051912 ], [ 2520507.011006920132786, 2392191.231164440046996 ], [ 2520516.222379186656326, 2392182.019436488393694 ], [ 2520525.433559561613947, 2392172.807708542793989 ], [ 2520534.644750044215471, 2392172.807387074455619 ], [ 2520534.644931827671826, 2392163.595980590675026 ], [ 2520543.856304094195366, 2392154.384252638556063 ], [ 2520553.067484468687326, 2392145.172524692490697 ], [ 2520562.278674951288849, 2392145.172203224152327 ], [ 2520562.278856734745204, 2392135.960796740371734 ], [ 2520571.490229001268744, 2392126.749068788252771 ], [ 2520571.490410785190761, 2392117.537662304472178 ], [ 2520580.70159115921706, 2392108.325934359338135 ], [ 2520580.701772946864367, 2392099.11433594673872 ], [ 2520580.701954730786383, 2392089.902929462958127 ], [ 2520580.7021365147084, 2392080.691522979177535 ], [ 2520580.702318298164755, 2392071.480116495396942 ], [ 2520580.702500082086772, 2392062.268710011616349 ], [ 2520589.913872348610312, 2392053.056982059031725 ], [ 2520589.914054132066667, 2392043.845575575251132 ], [ 2520599.12524461466819, 2392043.845254106912762 ], [ 2520599.125426398590207, 2392034.633847623132169 ], [ 2520608.336424989625812, 2392034.633526161313057 ], [ 2520617.547797256149352, 2392025.421798209194094 ], [ 2520617.547979039605707, 2392016.210391725413501 ], [ 2520626.759351305663586, 2392006.998663772828877 ], [ 2520626.759533093310893, 2391997.787065360695124 ], [ 2520626.759714877232909, 2391988.575658876914531 ], [ 2520626.760078444611281, 2391970.152845909353346 ], [ 2520617.548887962475419, 2391970.153167377691716 ], [ 2520617.549069746397436, 2391960.941760893911123 ], [ 2520626.760260228533298, 2391960.941439425572753 ], [ 2520626.760442011989653, 2391951.730032941326499 ], [ 2520635.971814278513193, 2391942.518304989207536 ], [ 2520635.97199606243521, 2391933.306898505426943 ], [ 2520635.972177845891565, 2391924.095492021646351 ], [ 2520645.183358220849186, 2391914.883764076046646 ], [ 2520654.39454870345071, 2391914.883442607708275 ], [ 2520663.605739186052233, 2391914.883121139369905 ], [ 2520672.816919560544193, 2391905.6713931937702 ], [ 2520682.028110043145716, 2391905.67107172543183 ], [ 2520691.239482313394547, 2391896.459151844959706 ], [ 2520691.239664096850902, 2391887.247745361179113 ], [ 2520691.239845880772918, 2391878.036338877398521 ], [ 2520691.240027664694935, 2391868.824932393617928 ], [ 2520691.24020944815129, 2391859.613525909371674 ], [ 2520691.240391232073307, 2391850.402119425591081 ], [ 2520691.240573015995324, 2391841.190712941810489 ], [ 2520682.0293825333938, 2391841.191034410148859 ], [ 2520682.029564316850156, 2391831.979627926368266 ], [ 2520682.029746100772172, 2391822.768221442587674 ], [ 2520682.029927884694189, 2391813.55681495834142 ], [ 2520682.030109672341496, 2391804.345216546207666 ], [ 2520682.030291455797851, 2391795.133810062427074 ], [ 2520682.030473239719868, 2391785.922403578646481 ], [ 2520682.030655023641884, 2391776.710997094865888 ], [ 2520682.03083680709824, 2391767.499590610619634 ], [ 2520682.031018591020256, 2391758.288184126839042 ], [ 2520672.819828108418733, 2391758.288505595177412 ], [ 2520672.82000989234075, 2391749.077099111396819 ], [ 2520672.820191675797105, 2391739.865692627616227 ], [ 2520672.820373459719121, 2391730.654286143835634 ], [ 2520672.820555243641138, 2391721.44287965958938 ], [ 2520672.820737027097493, 2391712.231473175808787 ], [ 2520672.8209188147448, 2391703.019874763675034 ], [ 2520663.610102008096874, 2391693.808789741713554 ], [ 2520663.61028379201889, 2391684.597383257932961 ], [ 2520663.610465575475246, 2391675.385976773686707 ], [ 2520663.610647359397262, 2391666.174570289906114 ], [ 2520663.610829143319279, 2391656.963163806125522 ], [ 2520672.821827733889222, 2391656.962842344306409 ], [ 2520672.822009517345577, 2391647.751435860525817 ], [ 2520672.822191301267594, 2391638.540029376745224 ], [ 2520663.611192710697651, 2391638.540350838564336 ], [ 2520654.400184012018144, 2391629.329265822656453 ], [ 2520663.611556278076023, 2391620.11753787053749 ], [ 2520672.822554868645966, 2391620.117216408718377 ], [ 2520672.822736656293273, 2391610.905617996584624 ], [ 2520682.033927138894796, 2391610.905296528246254 ], [ 2520682.034108922816813, 2391601.693890044465661 ], [ 2520682.03429070673883, 2391592.482483560685068 ], [ 2520682.034472490195185, 2391583.271077076904476 ], [ 2520682.034654274117202, 2391574.059670592658222 ], [ 2520672.823463791515678, 2391574.059992060996592 ], [ 2520663.612465200945735, 2391574.060313522815704 ], [ 2520654.401274718344212, 2391574.060634991154075 ], [ 2520645.190084235742688, 2391574.060956459492445 ], [ 2520635.979085644707084, 2391574.061277920845896 ], [ 2520635.9792674286291, 2391564.849871437065303 ], [ 2520635.979449212085456, 2391555.638464953284711 ], [ 2520645.190629587043077, 2391546.426737008150667 ], [ 2520645.190811370965093, 2391537.215330524370074 ], [ 2520645.190993154421449, 2391528.00392404012382 ], [ 2520635.979994563385844, 2391528.004245501477271 ], [ 2520635.980176347307861, 2391518.792839017696679 ], [ 2520635.980358134955168, 2391509.581240605562925 ], [ 2520635.980539918877184, 2391500.369834121782333 ], [ 2520645.191720293369144, 2391491.158106176648289 ], [ 2520645.191902077291161, 2391481.946699692402035 ], [ 2520645.192083861213177, 2391472.735293208621442 ], [ 2520635.981085270177573, 2391472.735614669974893 ], [ 2520626.770076571032405, 2391463.524529654532671 ], [ 2520617.559067872818559, 2391454.313444639090449 ], [ 2520608.348059174139053, 2391445.102359623648226 ], [ 2520608.348240957595408, 2391435.890953139401972 ], [ 2520617.559613224118948, 2391426.679225187283009 ], [ 2520626.77080370625481, 2391426.678903718944639 ], [ 2520635.981994188856333, 2391426.678582250606269 ], [ 2520635.98217597650364, 2391417.466983838472515 ], [ 2520635.982357760425657, 2391408.255577354691923 ], [ 2520645.193356351461262, 2391408.255255893338472 ], [ 2520645.193538134917617, 2391399.043849409557879 ], [ 2520635.982721327804029, 2391389.832764386665076 ], [ 2520626.771530845202506, 2391389.833085855003446 ], [ 2520617.560340363066643, 2391389.833407323341817 ], [ 2520608.34914988046512, 2391389.833728791680187 ], [ 2520599.138151289429516, 2391389.834050253499299 ], [ 2520589.926960806827992, 2391389.83437172183767 ], [ 2520589.926779022905976, 2391399.045778206083924 ], [ 2520580.715588540304452, 2391399.046099674422294 ], [ 2520571.504771733656526, 2391389.835014651529491 ], [ 2520571.504953517578542, 2391380.623608167748898 ], [ 2520571.505135301034898, 2391371.412201683968306 ], [ 2520580.716133891604841, 2391371.411880222614855 ], [ 2520580.716315675526857, 2391362.200473738834262 ], [ 2520580.716497459448874, 2391352.989067255053669 ], [ 2520571.505680652335286, 2391343.777982232160866 ], [ 2520571.505862436257303, 2391334.566575748380274 ], [ 2520571.506044220179319, 2391325.355169264599681 ], [ 2520571.506226007360965, 2391316.143570852465928 ], [ 2520571.506407791282982, 2391306.932164368685335 ], [ 2520571.506589575204998, 2391297.720757884904742 ], [ 2520571.506771359127015, 2391288.509351400658488 ], [ 2520580.717769949696958, 2391288.509029939305037 ], [ 2520580.717951733153313, 2391279.297623455524445 ], [ 2520580.71813351707533, 2391270.086216971743852 ], [ 2520571.507134926505387, 2391270.086538433097303 ], [ 2520562.295944443903863, 2391270.086859901435673 ], [ 2520553.08475396130234, 2391270.087181369774044 ], [ 2520553.084572177380323, 2391279.298587853554636 ], [ 2520543.87357358681038, 2391279.298909315373749 ], [ 2520534.662383104208857, 2391279.299230783712119 ], [ 2520525.451192621607333, 2391279.299552252050489 ], [ 2520516.240375814493746, 2391270.088467230089009 ], [ 2520507.029185331892222, 2391270.088788697961718 ], [ 2520507.029367115814239, 2391260.877382214181125 ], [ 2520497.818176633678377, 2391260.877703682519495 ], [ 2520488.607178042642772, 2391260.878025144338608 ], [ 2520479.395987560041249, 2391260.878346612676978 ], [ 2520479.395805776119232, 2391270.089753096457571 ], [ 2520470.184615293517709, 2391270.090074564795941 ], [ 2520460.973616702947766, 2391270.090396026615053 ], [ 2520451.762426220346242, 2391270.090717494953424 ], [ 2520451.762608004268259, 2391260.879311011172831 ], [ 2520460.973980270326138, 2391251.667583059053868 ], [ 2520470.184978860896081, 2391251.667261597234756 ], [ 2520470.185160644818097, 2391242.455855112988502 ], [ 2520479.396351127419621, 2391242.455533644650131 ], [ 2520479.396532911341637, 2391233.244127160869539 ], [ 2520479.396714694797993, 2391224.032720677088946 ], [ 2520479.3968964824453, 2391214.821122264955193 ], [ 2520470.185705999843776, 2391214.821443733293563 ], [ 2520460.974707409273833, 2391214.821765195112675 ], [ 2520460.97488919319585, 2391205.610358711332083 ], [ 2520451.763698710594326, 2391205.610680179670453 ], [ 2520442.552508227992803, 2391205.611001648008823 ], [ 2520442.552690011914819, 2391196.399595163762569 ], [ 2520433.341499529313296, 2391196.39991663210094 ], [ 2520433.341681312769651, 2391187.188510148320347 ], [ 2520433.341863096691668, 2391177.977103664539754 ], [ 2520424.130864506121725, 2391177.977425125893205 ], [ 2520424.131046290043741, 2391168.766018642112613 ], [ 2520424.131228073500097, 2391159.55461215833202 ], [ 2520424.131409857422113, 2391150.343205674085766 ], [ 2520433.342408447992057, 2391150.342884212732315 ], [ 2520442.55359893059358, 2391150.342562744393945 ], [ 2520442.553417146671563, 2391159.553969228640199 ], [ 2520451.764607629273087, 2391159.553647760301828 ], [ 2520451.764425845816731, 2391168.765054244082421 ], [ 2520460.975616328418255, 2391168.764732775744051 ], [ 2520460.975434544496238, 2391177.976139259524643 ], [ 2520470.186433135066181, 2391177.975817797705531 ], [ 2520470.186614918988198, 2391168.764411313924938 ], [ 2520479.397987185046077, 2391159.552683361805975 ], [ 2520488.6091776676476, 2391159.552361893467605 ], [ 2520479.397987185046077, 2391159.552683361805975 ], [ 2520479.398168968968093, 2391150.341276877559721 ], [ 2520470.18697848636657, 2391150.341598345898092 ], [ 2520470.187160270288587, 2391141.130191862117499 ], [ 2520460.976161679718643, 2391141.130513323936611 ], [ 2520451.76497119711712, 2391141.130834792274982 ], [ 2520451.765152980573475, 2391131.919428308494389 ], [ 2520442.553962497971952, 2391131.919749776832759 ], [ 2520433.342772015370429, 2391131.92007124517113 ], [ 2520424.131955212447792, 2391122.708794294390827 ], [ 2520414.920764729846269, 2391122.709115762729198 ], [ 2520405.709574247244745, 2391122.709437231067568 ], [ 2520396.498575656209141, 2391122.70975869288668 ], [ 2520387.287385174073279, 2391122.710080161225051 ], [ 2520378.076194691471756, 2391122.710401629563421 ], [ 2520368.865196100436151, 2391122.710723090916872 ], [ 2520368.865377884358168, 2391113.499316607136279 ], [ 2520368.865559667814523, 2391104.287910122890025 ], [ 2520368.86574145173654, 2391095.076503639109433 ], [ 2520378.076740042772144, 2391095.076182177755982 ], [ 2520378.076921826694161, 2391085.864775693975389 ], [ 2520378.077103610616177, 2391076.653369210194796 ], [ 2520387.288294093217701, 2391076.653047741856426 ], [ 2520387.288475876674056, 2391067.441641258075833 ], [ 2520396.499666358809918, 2391067.441319789737463 ], [ 2520396.499848142731935, 2391058.229913305491209 ], [ 2520405.710846733767539, 2391058.229591843672097 ], [ 2520405.711028517689556, 2391049.018185359891504 ], [ 2520405.711210301145911, 2391039.806778876110911 ], [ 2520414.922582567669451, 2391030.595050923991948 ], [ 2520414.922764355316758, 2391021.383452511858195 ], [ 2520414.922946138773113, 2391012.172046028077602 ], [ 2520424.134318405296654, 2391002.960318075492978 ], [ 2520433.345316995866597, 2391002.959996614139527 ], [ 2520433.345498779788613, 2390993.748590130358934 ], [ 2520424.13450018921867, 2390993.748911591712385 ], [ 2520414.923309706617147, 2390993.749233060050756 ], [ 2520405.712301007471979, 2390984.538148044608533 ], [ 2520405.712482791393995, 2390975.326741560827941 ], [ 2520396.501665984280407, 2390966.11565653886646 ], [ 2520396.501847768202424, 2390956.904250054620206 ], [ 2520405.713028142694384, 2390947.692522109020501 ], [ 2520405.7132099266164, 2390938.481115625239909 ], [ 2520405.713391714263707, 2390929.269517213106155 ], [ 2520414.924582196865231, 2390929.269195744767785 ], [ 2520414.924763980321586, 2390920.057789260987192 ], [ 2520414.924945764243603, 2390910.846382776740938 ], [ 2520414.925127548165619, 2390901.634976292960346 ], [ 2520414.925309331621975, 2390892.423569809179753 ], [ 2520414.925491115543991, 2390883.21216332539916 ], [ 2520414.925672899466008, 2390874.000756841618568 ], [ 2520405.714482416864485, 2390874.001078309956938 ], [ 2520405.714664200786501, 2390864.789671825710684 ], [ 2520396.503847393207252, 2390855.578586803749204 ], [ 2520396.504029177129269, 2390846.367180319968611 ], [ 2520387.292838694993407, 2390846.367501788306981 ], [ 2520387.293020478915423, 2390837.156095304526389 ], [ 2520378.0818299963139, 2390837.156416772864759 ], [ 2520378.082011783495545, 2390827.944818360731006 ], [ 2520368.871013192459941, 2390827.945139822084457 ], [ 2520368.871194976381958, 2390818.733733337838203 ], [ 2520368.871376760303974, 2390809.52232685405761 ], [ 2520368.871558543760329, 2390800.310920370277017 ], [ 2520378.082557134795934, 2390800.310598908923566 ], [ 2520378.082738918717951, 2390791.099192425142974 ], [ 2520387.293929401319474, 2390791.098870956804603 ], [ 2520396.505119883455336, 2390791.098549488466233 ], [ 2520396.505301667377353, 2390781.88714300468564 ], [ 2520405.716300258412957, 2390781.886821542866528 ], [ 2520405.716482041869313, 2390772.675415058620274 ], [ 2520405.716663825791329, 2390763.464008574839681 ], [ 2520396.505847018677741, 2390754.252923552878201 ], [ 2520396.506028802599758, 2390745.041517069097608 ], [ 2520396.506210586056113, 2390735.830110585317016 ], [ 2520387.295020103920251, 2390735.830432053655386 ], [ 2520387.295201891567558, 2390726.618833641521633 ], [ 2520378.084011408966035, 2390726.619155109860003 ], [ 2520378.084193192888051, 2390717.407748625613749 ], [ 2520368.873194601852447, 2390717.4080700869672 ], [ 2520359.662004119250923, 2390717.40839155530557 ], [ 2520359.662185902707279, 2390708.196985071524978 ], [ 2520359.662367686629295, 2390698.985578587744385 ], [ 2520359.662549470551312, 2390689.774172103963792 ], [ 2520359.662731254007667, 2390680.5627656201832 ], [ 2520368.874103520531207, 2390671.351037667598575 ], [ 2520368.874285304453224, 2390662.139631183817983 ], [ 2520368.874467088375241, 2390652.92822470003739 ], [ 2520368.874648871831596, 2390643.716818216256797 ], [ 2520378.085829250514507, 2390634.504898342769593 ], [ 2520378.086011034436524, 2390625.293491858523339 ], [ 2520378.086192817892879, 2390616.082085374742746 ], [ 2520368.875376010779291, 2390606.871000352315605 ], [ 2520359.664185528177768, 2390606.871321820653975 ], [ 2520350.452995045576245, 2390606.871643288992345 ], [ 2520341.241996455006301, 2390606.871964750811458 ], [ 2520341.241814671084285, 2390616.08337123459205 ], [ 2520332.030624188482761, 2390616.083692702930421 ], [ 2520322.819433705881238, 2390616.084014171268791 ], [ 2520313.608435115311295, 2390616.084335632622242 ], [ 2520304.397062849253416, 2390625.296063584741205 ], [ 2520295.186054150108248, 2390616.084978569298983 ], [ 2520285.974863667506725, 2390616.085300037637353 ], [ 2520285.975045451428741, 2390606.87389355385676 ], [ 2520276.764046860393137, 2390606.874215015675873 ], [ 2520276.764228644315153, 2390597.66280853189528 ], [ 2520276.764410427771509, 2390588.451402048114687 ], [ 2520267.553219945635647, 2390588.451723516453058 ], [ 2520267.553401729557663, 2390579.240317032206804 ], [ 2520267.55358351347968, 2390570.028910548426211 ], [ 2520249.133030497469008, 2390487.126703194808215 ], [ 2520249.133575848769397, 2390459.492483743466437 ], [ 2520249.133757632691413, 2390450.281077259685844 ], [ 2520175.449162161443383, 2390219.997911110986024 ], [ 2520175.449343945365399, 2390210.786504627205431 ], [ 2520166.238527138251811, 2390201.57541960477829 ], [ 2520166.238708921708167, 2390192.364013120997697 ], [ 2520166.238890705630183, 2390183.152606637217104 ], [ 2520157.027882006950676, 2390173.941521621774882 ], [ 2520147.81687330827117, 2390164.73043660633266 ], [ 2520138.605864609591663, 2390155.519351590424776 ], [ 2520129.395047806203365, 2390146.308074640110135 ], [ 2520129.395229590125382, 2390137.096668156329542 ], [ 2520120.184039107523859, 2390137.096989624202251 ], [ 2520110.97303040837869, 2390127.885904608760029 ], [ 2520037.284809358883649, 2390091.042850399855524 ], [ 2520028.073800660204142, 2390081.831765384413302 ], [ 2520018.862802069168538, 2390081.832086846232414 ], [ 2520018.862983852624893, 2390072.620680362451822 ], [ 2520009.651975153945386, 2390063.409595346543938 ], [ 2520000.44096645526588, 2390054.198510331101716 ], [ 2519991.229957760311663, 2390044.987233387306333 ], [ 2519982.019140953198075, 2390035.776148364879191 ], [ 2519982.019322737120092, 2390026.564741881098598 ], [ 2519972.808314038440585, 2390017.353656865656376 ], [ 2519972.80849582189694, 2390008.142250381410122 ], [ 2519972.808677605818957, 2389998.930843897629529 ], [ 2519963.59766890713945, 2389989.719758882187307 ], [ 2519963.597850690595806, 2389980.508352398406714 ], [ 2519963.598032474517822, 2389971.296945914626122 ], [ 2519963.598214258439839, 2389962.085539430379868 ], [ 2519963.598396046087146, 2389952.873941018246114 ], [ 2519963.600395671091974, 2389851.548277767375112 ], [ 2519963.60057745501399, 2389842.336871283594519 ], [ 2519963.600941022392362, 2389823.914058316033334 ], [ 2519963.601122806314379, 2389814.70265183178708 ], [ 2519963.601304590236396, 2389805.491245348006487 ], [ 2519954.390487783122808, 2389796.280160326045007 ], [ 2519954.390669567044824, 2389787.068753842264414 ], [ 2519954.390851350966841, 2389777.85734735801816 ], [ 2519945.179660868365318, 2389777.85766882635653 ], [ 2519945.179842651821673, 2389768.646262342575938 ], [ 2519935.968833956867456, 2389759.434985398780555 ], [ 2519926.758017149753869, 2389750.223900376353413 ], [ 2519926.758198933675885, 2389741.01249389257282 ], [ 2519917.547190234996378, 2389731.801408877130598 ], [ 2519908.335999752394855, 2389731.801730345468968 ], [ 2519899.125182945281267, 2389722.590645323041826 ], [ 2519926.758562501054257, 2389722.589680924545974 ], [ 2519935.969561092089862, 2389722.589359463192523 ], [ 2520074.137196114752442, 2389694.950318013783544 ], [ 2520083.348194705322385, 2389694.949996551964432 ], [ 2520083.348376489244401, 2389685.738590068183839 ], [ 2520074.138286821078509, 2389639.681687182281166 ], [ 2520046.50872473185882, 2389446.242731562349945 ], [ 2520046.509451867081225, 2389409.397105626761913 ], [ 2520028.089252311270684, 2389298.860678828321397 ], [ 2520009.669244646560401, 2389188.324252023827285 ], [ 2519991.248863306827843, 2389086.999231709633023 ], [ 2519972.829582781530917, 2388939.616987040732056 ], [ 2519963.618755866307765, 2388921.19449554104358 ], [ 2519963.618937650229782, 2388911.983089057262987 ], [ 2519972.830128132831305, 2388911.982767588924617 ], [ 2520018.885888653807342, 2388911.981160254217684 ], [ 2520037.30807772744447, 2388911.980517324060202 ], [ 2520157.053150000981987, 2388893.553525295108557 ], [ 2520175.475339074619114, 2388893.552882364951074 ], [ 2520313.642974101006985, 2388865.913648986723274 ], [ 2520553.132926756050438, 2388829.059664935339242 ], [ 2520626.822248616721481, 2388819.845686717890203 ], [ 2520672.877999030053616, 2388810.632672905921936 ], [ 2520682.089189512655139, 2388810.632351437583566 ], [ 2520700.511378585826606, 2388810.631708507891744 ], [ 2520792.623071303591132, 2388792.205680876970291 ], [ 2521096.591347232926637, 2388746.137848141603172 ], [ 2521179.491667684167624, 2388736.923548462800682 ], [ 2521363.714871336240321, 2388709.282899684738368 ], [ 2521547.93807499203831, 2388681.642058978788555 ], [ 2521640.049394033849239, 2388672.427437837701291 ], [ 2521704.527525412384421, 2388663.213781089056283 ], [ 2521879.53972036531195, 2388626.362047295551747 ], [ 2521888.750910847913474, 2388626.361725827213377 ], [ 2522036.12936267722398, 2388607.933769399765879 ], [ 2522072.974114499986172, 2388598.721077049616724 ], [ 2522119.029864916577935, 2388589.507871309295297 ], [ 2522128.241055399179459, 2388589.507549840956926 ], [ 2522137.452053989749402, 2388589.507228379137814 ], [ 2522137.452235773205757, 2388580.29582189489156 ], [ 2522100.611675093881786, 2388386.857187736779451 ], [ 2522091.402120665181428, 2388303.954850850161165 ], [ 2522008.510889421217144, 2387852.597866693977267 ], [ 2521990.091063540894538, 2387732.8500334052369 ], [ 2521962.460218857508153, 2387594.679516695439816 ], [ 2521925.620021745096892, 2387382.818069569766521 ], [ 2521870.35871615819633, 2387106.477228065021336 ], [ 2521842.728608713485301, 2386940.672683825250715 ], [ 2521805.887492574285716, 2386765.656862641684711 ], [ 2521769.046194651629776, 2386599.8524479418993 ], [ 2521741.415360072627664, 2386470.893529637716711 ], [ 2521713.784889064729214, 2386323.511606437154114 ], [ 2521686.154236268717796, 2386185.341281649190933 ], [ 2521676.94468184420839, 2386102.438752834219486 ], [ 2521676.945045411586761, 2386084.0159398666583 ], [ 2521667.734400280285627, 2386056.382041883189231 ], [ 2521667.7376723960042, 2385890.576341317035258 ], [ 2521667.741308078635484, 2385706.347827782854438 ], [ 2521676.955043538007885, 2385577.387623611837626 ], [ 2521695.380696618929505, 2385411.581280109006912 ], [ 2521695.384695869404823, 2385208.929953606799245 ], [ 2521695.386695494875312, 2385107.604290355928242 ], [ 2521686.177141069900244, 2385024.701761540956795 ], [ 2521686.178049992769957, 2384978.644537193700671 ], [ 2521686.178413560148329, 2384960.221724225673825 ], [ 2521676.970131621696055, 2384812.839350023772568 ], [ 2521649.342569157946855, 2384518.074731152970344 ], [ 2521603.292817621491849, 2384223.310755212791264 ], [ 2521566.452973972074687, 2383983.814896713476628 ], [ 2521501.983204662799835, 2383569.303087490610778 ], [ 2521409.883873264305294, 2382961.352322648279369 ] ] } },
{ "type": "Feature", "properties": { }, "geometry": { "type": "LineString", "coordinates": [ [ 2521409.883873264305294, 2382961.352322648279369 ], [ 2521391.463683816604316, 2382860.027302327100188 ], [ 2521373.043847831431776, 2382731.067870632745326 ], [ 2521262.524326985236257, 2382021.792085469234735 ], [ 2521253.314782668836415, 2381948.100963131990284 ], [ 2521216.475847938098013, 2381662.548072213772684 ], [ 2521170.425722721964121, 2381376.995694691780955 ], [ 2521124.374880482442677, 2381137.500157654285431 ], [ 2521087.53576396824792, 2380861.158673219848424 ], [ 2521059.905656524002552, 2380695.354128979612142 ], [ 2521041.485285292379558, 2380603.240515142679214 ], [ 2521023.064358601346612, 2380529.549714280292392 ], [ 2521004.643805585801601, 2380446.647506926674396 ], [ 2521004.644714508671314, 2380400.59028257895261 ], [ 2520995.43352402606979, 2380400.590604047290981 ], [ 2520792.788131296634674, 2380428.232087683863938 ], [ 2520599.35411083791405, 2380446.66165143949911 ], [ 2520111.162449473049492, 2380529.581539436709136 ], [ 2519438.747958132065833, 2380630.930669721681625 ], [ 2518747.91109593398869, 2380741.491849420126528 ], [ 2518517.631960085127503, 2380787.556918493937701 ], [ 2518139.974180511198938, 2380852.050135931000113 ], [ 2517826.795087778940797, 2380888.906691715586931 ], [ 2517430.715311023406684, 2380953.400552075356245 ], [ 2517292.547676001209766, 2380981.039593524765223 ], [ 2517099.113473754841834, 2381008.68075569299981 ], [ 2516528.021491938270628, 2381100.814943369012326 ], [ 2516481.965923309326172, 2381100.8165506972 ], [ 2516030.619013770017773, 2381174.523554415907711 ], [ 2516002.985452426597476, 2381183.736117226537317 ], [ 2515984.563263352960348, 2381183.7367601566948 ], [ 2515938.507321048527956, 2381192.949773975182325 ], [ 2515929.296322457958013, 2381192.950095437001437 ], [ 2515901.662942902185023, 2381192.951059835031629 ], [ 2515883.240380153059959, 2381202.163109255488962 ], [ 2515864.818191079422832, 2381202.163752185646445 ], [ 2515662.172798354644328, 2381229.805043893866241 ], [ 2515625.328046531882137, 2381239.017736244015396 ], [ 2515496.371783776208758, 2381257.445049741305411 ], [ 2515367.415712911635637, 2381275.872363232541829 ], [ 2514943.702182924840599, 2381349.578594480641186 ], [ 2514289.709880656562746, 2381450.927081835456192 ], [ 2513865.996724345721304, 2381515.42190659372136 ], [ 2513792.307402485050261, 2381524.635884811170399 ], [ 2513709.40726381726563, 2381524.638778005726635 ], [ 2513672.562693778891116, 2381524.640063872560859 ], [ 2513589.66237332765013, 2381533.854363550897688 ], [ 2513506.762052875943482, 2381543.068663229700178 ], [ 2513460.706302463077009, 2381552.281677041668445 ], [ 2513442.283739713951945, 2381561.493726462591439 ], [ 2513423.861550640780479, 2381561.494369392748922 ], [ 2513377.805790119804442, 2381561.495976727455854 ], [ 2513350.172410564031452, 2381561.496941125951707 ], [ 2513294.905469668097794, 2381570.710276406258345 ], [ 2513239.638710556551814, 2381570.712205202784389 ], [ 2513184.371951444540173, 2381570.714133999310434 ], [ 2513156.738753672689199, 2381561.503691913560033 ], [ 2513129.101374865975231, 2381764.155982813797891 ], [ 2513110.677903194446117, 2381819.42525658197701 ], [ 2513083.042160445358604, 2381939.174697198905051 ], [ 2513064.618698881939054, 2382003.655377444345504 ], [ 2512944.865628106985241, 2382427.385022477246821 ], [ 2512944.865446323528886, 2382436.596428961027414 ], [ 2512935.653710485901684, 2382464.231161809060723 ], [ 2512935.653528701979667, 2382473.442568293306977 ], [ 2512917.230430709663779, 2382519.500243642833084 ], [ 2512898.806787362322211, 2382593.192330371588469 ], [ 2512871.171589965000749, 2382685.307551537174731 ], [ 2512871.171408181078732, 2382694.518958020955324 ], [ 2512769.842162533663213, 2383035.345301768742502 ], [ 2512696.148124395404011, 2383293.267638900782913 ], [ 2512622.453894360922277, 2383551.190167967230082 ], [ 2512548.760401573963463, 2383781.478285647463053 ], [ 2512456.642709980718791, 2384103.881303030997515 ], [ 2512429.007330795750022, 2384205.208122608717531 ], [ 2512281.619789761956781, 2384684.207170943263918 ], [ 2512171.078262929338962, 2385080.302275063004345 ], [ 2512060.537291555665433, 2385457.974566208198667 ], [ 2512014.478996162302792, 2385596.147654650732875 ], [ 2511968.420327097177505, 2385743.531957656610757 ], [ 2511913.151204788591713, 2385863.28255459992215 ], [ 2511876.305180479772389, 2385936.975092337932438 ], [ 2511747.34511036099866, 2386158.0539242583327 ], [ 2511728.922184044495225, 2386185.68878664681688 ], [ 2511719.711003670468926, 2386194.900514592416584 ], [ 2511728.921820477116853, 2386204.111599614378065 ], [ 2511756.554291113745421, 2386250.167667635716498 ], [ 2511765.765481596346945, 2386250.167346167378128 ], [ 2511830.241431562229991, 2386351.490951081737876 ], [ 2511986.826892839744687, 2386544.925406171474606 ], [ 2512032.88118898216635, 2386609.403644230682403 ], [ 2512032.881007198709995, 2386618.615050714462996 ], [ 2512042.091834113467485, 2386637.037542213685811 ], [ 2512051.302650916855782, 2386646.248819164466113 ], [ 2512060.513841399457306, 2386646.248497696127743 ], [ 2512060.51365961600095, 2386655.459904179908335 ], [ 2512106.56832943437621, 2386710.72673574835062 ], [ 2512143.411616873927414, 2386765.994080720003694 ], [ 2512189.465741337742656, 2386848.895323668140918 ], [ 2512217.097666623536497, 2386922.585611140821129 ], [ 2512244.728864766191691, 2387033.121908405795693 ], [ 2512272.358426855411381, 2387226.560864025726914 ], [ 2512364.458485392387956, 2387797.665811004117131 ], [ 2512364.458303608931601, 2387806.877217487897724 ], [ 2512364.458121821284294, 2387816.088815900031477 ], [ 2512364.457940037362278, 2387825.30022238381207 ], [ 2512373.668585168663412, 2387852.934120367281139 ], [ 2512419.717791354749352, 2388175.332315759733319 ], [ 2512447.347535227425396, 2388359.559864895418286 ], [ 2512465.767724675126374, 2388460.884885216597468 ], [ 2512474.97782445140183, 2388516.153194579761475 ], [ 2512484.187560664024204, 2388589.844124982599169 ], [ 2512493.39692319650203, 2388672.746653803624213 ], [ 2512557.867056073620915, 2389068.835650058928877 ], [ 2512567.076792282517999, 2389142.52677238965407 ], [ 2512594.706899722572416, 2389308.331508558243513 ], [ 2512649.966569252312183, 2389667.575200345832855 ], [ 2512696.016694468911737, 2389953.127577867358923 ], [ 2512705.226420569233596, 2390017.607293721288443 ], [ 2512714.437429267913103, 2390026.818378737196326 ], [ 2512714.437247483991086, 2390036.029785220976919 ], [ 2512723.647165476344526, 2390100.509501067921519 ], [ 2512732.855982657987624, 2390211.046249341219664 ], [ 2512760.485544747207314, 2390404.485204960685223 ], [ 2512769.694372036959976, 2390524.233359710779041 ], [ 2512769.694190253503621, 2390533.444766194559634 ], [ 2512778.905380735639483, 2390533.444444726221263 ], [ 2512778.904835380148143, 2390561.078856106381863 ], [ 2512815.744123573880643, 2390818.997335651423782 ], [ 2512815.74376000277698, 2390837.420340547803789 ], [ 2512824.954223350156099, 2390874.265645015053451 ], [ 2512824.954041566234082, 2390883.477051498834044 ], [ 2512834.164868481457233, 2390901.899542998056859 ], [ 2512824.953496214933693, 2390911.111270950175822 ], [ 2512769.686191748362035, 2390938.747611126862466 ], [ 2512659.149764980655164, 2391086.134164390619844 ], [ 2512557.823973231948912, 2391251.943401088472456 ], [ 2512539.401420591399074, 2391270.366856986191124 ], [ 2512502.555396278388798, 2391344.059586651623249 ], [ 2512456.498555163387209, 2391408.541039367206395 ], [ 2512401.230341777205467, 2391482.234411962796003 ], [ 2512327.5382931525819, 2391629.619871295057237 ], [ 2512272.26953441509977, 2391730.947463342919946 ], [ 2512180.154024230781943, 2391942.81341099133715 ], [ 2512106.461985717527568, 2392099.410084872040898 ], [ 2512041.98130935896188, 2392237.583816251717508 ], [ 2511977.500814788043499, 2392366.545949219260365 ], [ 2511940.65460869204253, 2392449.450085369404405 ], [ 2511894.597222221083939, 2392541.56594946468249 ], [ 2511876.173750549554825, 2392596.835223232861608 ], [ 2511857.750652557238936, 2392642.892898581922054 ], [ 2511857.749925422016531, 2392679.738524517510086 ], [ 2511848.537098881788552, 2392762.641696268692613 ], [ 2511848.536371742840856, 2392799.487514132633805 ], [ 2511857.746653306763619, 2392845.54422508366406 ], [ 2511857.746471522841603, 2392854.755631567444652 ], [ 2511848.535281040240079, 2392854.755953035783023 ], [ 2511793.268158360850066, 2392873.180694800335914 ], [ 2511747.212226160336286, 2392891.605307024437934 ], [ 2511701.156102071981877, 2392910.029727327171713 ], [ 2511645.888434041291475, 2392956.088688543066382 ], [ 2511526.141725709661841, 2393057.418530855793506 ], [ 2511452.451686818152666, 2393112.689733413979411 ], [ 2511378.761456038802862, 2393167.960744050331414 ], [ 2511351.127894695382565, 2393177.173306860495359 ], [ 2511341.916532536502928, 2393195.596441289875656 ], [ 2511341.916350753046572, 2393204.80784777412191 ], [ 2511351.12716756016016, 2393214.018932796083391 ], [ 2511424.813762660138309, 2393342.976243765559047 ], [ 2511443.23522459436208, 2393379.821418699342757 ], [ 2511452.446233293507248, 2393389.032503715250641 ], [ 2511461.657241992186755, 2393398.243588730692863 ], [ 2511470.868240583222359, 2393398.243267268873751 ], [ 2511480.079249281901866, 2393407.454352284315974 ], [ 2511489.290257981047034, 2393416.665437299758196 ], [ 2511498.501074787694961, 2393425.876522322185338 ], [ 2511507.712083486374468, 2393435.087607338093221 ], [ 2511516.923273968975991, 2393435.087285869754851 ], [ 2511535.345281258691102, 2393444.298049423377961 ], [ 2511544.556471741292626, 2393444.297727955039591 ], [ 2511562.978479030542076, 2393453.508491509128362 ], [ 2511572.189669513143599, 2393453.508170040789992 ], [ 2511581.400668104179204, 2393453.507848578970879 ], [ 2511590.611858586780727, 2393453.507527110632509 ], [ 2511599.82304906938225, 2393453.507205642294139 ], [ 2511609.034057768061757, 2393462.718290657736361 ], [ 2511618.245238142553717, 2393453.506562712136656 ], [ 2511627.456246841233224, 2393462.717647727578878 ], [ 2511728.778938150033355, 2393444.291298635303974 ], [ 2511802.468260010238737, 2393435.077320418320596 ], [ 2511894.579952728468925, 2393416.651292787399143 ], [ 2512005.113834519404918, 2393398.224622226320207 ], [ 2512005.113470952026546, 2393416.647435193881392 ], [ 2512005.113289168104529, 2393425.858841677661985 ], [ 2512005.113107384182513, 2393435.070248161908239 ], [ 2512023.532024342101067, 2393600.875305798370391 ], [ 2512032.743033040780574, 2393610.086390813812613 ], [ 2512032.742669473402202, 2393628.50920378183946 ], [ 2512041.952042114455253, 2393720.6231390805915 ], [ 2512041.951860330533236, 2393729.834545564372092 ], [ 2512041.95167854661122, 2393739.045952048152685 ], [ 2512051.161949998699129, 2393775.891448450274765 ], [ 2512060.371140856295824, 2393877.216790232807398 ], [ 2512078.79206755105406, 2393950.90739916684106 ], [ 2512088.00179365137592, 2394015.387115021236241 ], [ 2512088.001430083997548, 2394033.809927988797426 ], [ 2512088.000702945049852, 2394070.655745852738619 ], [ 2512106.421266068704426, 2394162.769359683152288 ], [ 2512115.630992172751576, 2394227.248883608262986 ], [ 2512115.630628601647913, 2394245.671888504642993 ], [ 2512124.841273732949048, 2394273.305786487646401 ], [ 2512134.05155529640615, 2394319.362497438676655 ], [ 2512134.051191729027778, 2394337.785310406703502 ], [ 2512143.261099613271654, 2394393.053619776852429 ], [ 2512143.260372478049248, 2394429.899245712440461 ], [ 2512152.47119938954711, 2394448.321929140016437 ], [ 2512152.470835821703076, 2394466.744742107577622 ], [ 2512161.680753817781806, 2394531.224266026634723 ], [ 2512170.890661702491343, 2394586.492575396317989 ], [ 2512180.100397911388427, 2394660.183697727043182 ], [ 2512189.311224826145917, 2394678.606189226731658 ], [ 2512189.310679474845529, 2394706.240408678073436 ], [ 2512216.940968698821962, 2394862.833738362882286 ], [ 2512226.151250262744725, 2394908.890449313912541 ], [ 2512235.3611581469886, 2394964.158758683595806 ], [ 2512244.571621494367719, 2395001.004063150845468 ], [ 2512244.57107613934204, 2395028.638474530540407 ], [ 2512253.78190305409953, 2395047.060966029763222 ], [ 2512253.781721270643175, 2395056.272372514009476 ], [ 2512272.202092502266169, 2395148.385986351408064 ], [ 2512281.412192282266915, 2395203.654103786218911 ], [ 2512290.621736599132419, 2395277.345226123463362 ], [ 2512299.832199946511537, 2395314.190530590713024 ], [ 2512299.831654591485858, 2395341.824941970873624 ], [ 2512309.041754371486604, 2395397.093059405684471 ], [ 2512309.041390799917281, 2395415.516064301598817 ], [ 2512318.252025823108852, 2395433.938555808272213 ], [ 2512318.251480471808463, 2395461.572775259613991 ], [ 2512309.039936529938132, 2395489.207316172774881 ], [ 2512309.039391174912453, 2395516.84172755246982 ], [ 2512309.039209390990436, 2395526.053134036716074 ], [ 2512309.038845823612064, 2395544.475947004277259 ], [ 2512309.037391549441963, 2395618.167390803340822 ], [ 2512309.03611906291917, 2395682.647236190736294 ], [ 2512309.035573707893491, 2395710.281647570431232 ], [ 2512318.245663379784673, 2395756.338358528446406 ], [ 2512299.823110738769174, 2395774.761814426165074 ], [ 2512290.611556688789278, 2395793.18494886206463 ], [ 2512299.821656465064734, 2395848.453258225228637 ], [ 2512309.032483379822224, 2395866.875749724917114 ], [ 2512309.031392673496157, 2395922.144380556419492 ], [ 2512318.241300561465323, 2395977.412497998215258 ], [ 2512327.451582121662796, 2396023.469400877598673 ], [ 2512336.662590820342302, 2396032.680485893040895 ], [ 2512345.873589410912246, 2396032.680164431221783 ], [ 2512355.084779893513769, 2396032.679842962883413 ], [ 2512373.505888372194022, 2396097.159045413602144 ], [ 2512391.925168897490948, 2396244.541290082037449 ], [ 2512410.345176562201232, 2396355.077716886997223 ], [ 2512428.765557901933789, 2396456.402737201191485 ], [ 2512447.184838427230716, 2396603.78498186962679 ], [ 2512447.184293075930327, 2396631.41920132143423 ] ] } },
{ "type": "Feature", "properties": { }, "geometry": { "type": "LineString", "coordinates": [ [ 2508357.429485102649778, 2397285.573136181104928 ], [ 2508366.640857368707657, 2397276.361408228520304 ], [ 2508449.541177824139595, 2397267.146916621830314 ], [ 2508541.652688757982105, 2397257.932295474689454 ], [ 2508569.286250097677112, 2397248.71992459287867 ], [ 2508836.409955984447151, 2397202.653569652233273 ], [ 2508854.832145058084279, 2397202.65292672207579 ], [ 2508965.366026849485934, 2397184.226256160996854 ], [ 2509057.477537783328444, 2397175.011635013855994 ], [ 2509075.900100535713136, 2397165.7993936650455 ], [ 2509186.433982327114791, 2397147.372723104432225 ], [ 2509379.868184569757432, 2397119.731752864550799 ], [ 2509453.557506430428475, 2397110.517774647567421 ], [ 2509490.402258252725005, 2397101.305082297418267 ], [ 2509600.936140043660998, 2397082.878411736339331 ], [ 2509665.414271421730518, 2397073.664754987694323 ], [ 2509702.25883135618642, 2397064.451870715711266 ], [ 2509775.948153216857463, 2397055.237892498727888 ], [ 2509794.370342290494591, 2397055.237249568570405 ], [ 2509886.482035007793456, 2397036.811221937183291 ], [ 2509904.904224081430584, 2397036.810579007491469 ], [ 2509997.01591679872945, 2397018.384551376570016 ], [ 2510061.494048177264631, 2397009.170894627925009 ], [ 2510107.549990482162684, 2396999.957880809437484 ], [ 2510236.506061346270144, 2396981.530567318201065 ], [ 2510356.251133623998612, 2396963.10338336089626 ], [ 2510466.785015414934605, 2396944.676712799817324 ], [ 2510522.051956310868263, 2396935.463377519045025 ], [ 2510577.319089097902179, 2396926.25004223221913 ], [ 2510614.163467244710773, 2396926.248756372369826 ], [ 2510752.331102266907692, 2396898.609714922495186 ], [ 2510770.75329134054482, 2396898.609071992337704 ], [ 2510945.765304513741285, 2396870.968552754726261 ], [ 2511111.566127200610936, 2396843.328546913340688 ], [ 2511157.622069505043328, 2396834.115533094387501 ], [ 2511212.888828616589308, 2396834.113604297861457 ], [ 2511295.789330852217972, 2396815.687898135278374 ], [ 2511332.633900890592486, 2396815.686612268909812 ], [ 2511433.956592199392617, 2396797.260263176169246 ], [ 2511498.434723577462137, 2396788.046606427524239 ], [ 2511535.279475403483957, 2396778.833722148556262 ], [ 2511590.546416298951954, 2396769.620386868249625 ], [ 2511627.391168121248484, 2396760.407694517634809 ], [ 2511691.869299499318004, 2396751.19403776852414 ], [ 2511793.191809023730457, 2396741.979095160029829 ], [ 2511894.514692224562168, 2396723.552746061235666 ], [ 2511949.781633120030165, 2396714.339410780929029 ], [ 2512419.550731736235321, 2396640.631572203710675 ], [ 2512428.762104002758861, 2396631.419844251591712 ], [ 2512447.184293075930327, 2396631.41920132143423 ], [ 2512447.184838427230716, 2396603.78498186962679 ], [ 2512428.765557901933789, 2396456.402737201191485 ], [ 2512410.345176562201232, 2396355.077716886997223 ], [ 2512391.925168897490948, 2396244.541290082037449 ], [ 2512373.505888372194022, 2396097.159045413602144 ], [ 2512355.084779893513769, 2396032.679842962883413 ], [ 2512345.873589410912246, 2396032.680164431221783 ], [ 2512336.662590820342302, 2396032.680485893040895 ], [ 2512327.451582121662796, 2396023.469400877598673 ], [ 2512318.241300561465323, 2395977.412497998215258 ], [ 2512309.031392673496157, 2395922.144380556419492 ], [ 2512309.032483379822224, 2395866.875749724917114 ], [ 2512299.821656465064734, 2395848.453258225228637 ], [ 2512290.611556688789278, 2395793.18494886206463 ], [ 2512299.823110738769174, 2395774.761814426165074 ], [ 2512318.245663379784673, 2395756.338358528446406 ], [ 2512309.035573707893491, 2395710.281647570431232 ], [ 2512309.03611906291917, 2395682.647236190736294 ], [ 2512309.037391549441963, 2395618.167390803340822 ], [ 2512309.038845823612064, 2395544.475947004277259 ], [ 2512309.039209390990436, 2395526.053134036716074 ], [ 2512309.039391174912453, 2395516.84172755246982 ], [ 2512309.039936529938132, 2395489.207316172774881 ], [ 2512318.251480471808463, 2395461.572775259613991 ], [ 2512318.252025823108852, 2395433.938555808272213 ], [ 2512309.041390799917281, 2395415.516064301598817 ], [ 2512309.041754371486604, 2395397.093059405684471 ], [ 2512299.831654591485858, 2395341.824941970873624 ], [ 2512299.832199946511537, 2395314.190530590713024 ], [ 2512290.621736599132419, 2395277.345226123463362 ], [ 2512281.412192282266915, 2395203.654103786218911 ], [ 2512272.202092502266169, 2395148.385986351408064 ], [ 2512253.781721270643175, 2395056.272372514009476 ], [ 2512253.78190305409953, 2395047.060966029763222 ], [ 2512244.57107613934204, 2395028.638474530540407 ], [ 2512244.571621494367719, 2395001.004063150845468 ], [ 2512235.3611581469886, 2394964.158758683595806 ], [ 2512226.151250262744725, 2394908.890449313912541 ], [ 2512216.940968698821962, 2394862.833738362882286 ], [ 2512189.310679474845529, 2394706.240408678073436 ], [ 2512189.311224826145917, 2394678.606189226731658 ], [ 2512180.100397911388427, 2394660.183697727043182 ], [ 2512170.890661702491343, 2394586.492575396317989 ], [ 2512161.680753817781806, 2394531.224266026634723 ], [ 2512152.470835821703076, 2394466.744742107577622 ], [ 2512152.47119938954711, 2394448.321929140016437 ], [ 2512143.260372478049248, 2394429.899245712440461 ], [ 2512143.261099613271654, 2394393.053619776852429 ], [ 2512134.051191729027778, 2394337.785310406703502 ], [ 2512134.05155529640615, 2394319.362497438676655 ], [ 2512124.841273732949048, 2394273.305786487646401 ], [ 2512115.630628601647913, 2394245.671888504642993 ], [ 2512115.630992172751576, 2394227.248883608262986 ], [ 2512106.421266068704426, 2394162.769359683152288 ], [ 2512088.000702945049852, 2394070.655745852738619 ], [ 2512088.001430083997548, 2394033.809927988797426 ], [ 2512088.00179365137592, 2394015.387115021236241 ], [ 2512078.79206755105406, 2393950.90739916684106 ], [ 2512060.371140856295824, 2393877.216790232807398 ], [ 2512051.161949998699129, 2393775.891448450274765 ], [ 2512041.95167854661122, 2393739.045952048152685 ], [ 2512041.951860330533236, 2393729.834545564372092 ], [ 2512041.952042114455253, 2393720.6231390805915 ], [ 2512032.742669473402202, 2393628.50920378183946 ], [ 2512032.743033040780574, 2393610.086390813812613 ], [ 2512023.532024342101067, 2393600.875305798370391 ], [ 2512005.113107384182513, 2393435.070248161908239 ], [ 2512005.113289168104529, 2393425.858841677661985 ], [ 2512005.113470952026546, 2393416.647435193881392 ], [ 2512005.113834519404918, 2393398.224622226320207 ], [ 2511894.579952728468925, 2393416.651292787399143 ], [ 2511802.468260010238737, 2393435.077320418320596 ], [ 2511728.778938150033355, 2393444.291298635303974 ], [ 2511627.456246841233224, 2393462.717647727578878 ], [ 2511618.245238142553717, 2393453.506562712136656 ], [ 2511609.034057768061757, 2393462.718290657736361 ], [ 2511599.82304906938225, 2393453.507205642294139 ], [ 2511590.611858586780727, 2393453.507527110632509 ], [ 2511581.400668104179204, 2393453.507848578970879 ], [ 2511572.189669513143599, 2393453.508170040789992 ], [ 2511562.978479030542076, 2393453.508491509128362 ], [ 2511544.556471741292626, 2393444.297727955039591 ], [ 2511535.345281258691102, 2393444.298049423377961 ], [ 2511516.923273968975991, 2393435.087285869754851 ], [ 2511507.712083486374468, 2393435.087607338093221 ], [ 2511498.501074787694961, 2393425.876522322185338 ], [ 2511489.290257981047034, 2393416.665437299758196 ], [ 2511480.079249281901866, 2393407.454352284315974 ], [ 2511470.868240583222359, 2393398.243267268873751 ], [ 2511461.657241992186755, 2393398.243588730692863 ], [ 2511452.446233293507248, 2393389.032503715250641 ], [ 2511443.23522459436208, 2393379.821418699342757 ], [ 2511424.813762660138309, 2393342.976243765559047 ], [ 2511351.12716756016016, 2393214.018932796083391 ], [ 2511341.916350753046572, 2393204.80784777412191 ], [ 2511341.916532536502928, 2393195.596441289875656 ], [ 2511351.127894695382565, 2393177.173306860495359 ], [ 2511378.761456038802862, 2393167.960744050331414 ], [ 2511452.451686818152666, 2393112.689733413979411 ], [ 2511526.141725709661841, 2393057.418530855793506 ], [ 2511645.888434041291475, 2392956.088688543066382 ], [ 2511701.156102071981877, 2392910.029727327171713 ], [ 2511747.212226160336286, 2392891.605307024437934 ], [ 2511793.268158360850066, 2392873.180694800335914 ], [ 2511848.535281040240079, 2392854.755953035783023 ], [ 2511857.746471522841603, 2392854.755631567444652 ], [ 2511857.746653306763619, 2392845.54422508366406 ], [ 2511848.536371742840856, 2392799.487514132633805 ], [ 2511848.537098881788552, 2392762.641696268692613 ], [ 2511857.749925422016531, 2392679.738524517510086 ], [ 2511857.750652557238936, 2392642.892898581922054 ], [ 2511876.173750549554825, 2392596.835223232861608 ], [ 2511894.597222221083939, 2392541.56594946468249 ], [ 2511940.65460869204253, 2392449.450085369404405 ], [ 2511977.500814788043499, 2392366.545949219260365 ], [ 2512041.98130935896188, 2392237.583816251717508 ], [ 2512106.461985717527568, 2392099.410084872040898 ], [ 2512180.154024230781943, 2391942.81341099133715 ], [ 2512272.26953441509977, 2391730.947463342919946 ], [ 2512327.5382931525819, 2391629.619871295057237 ], [ 2512401.230341777205467, 2391482.234411962796003 ], [ 2512456.498555163387209, 2391408.541039367206395 ], [ 2512502.555396278388798, 2391344.059586651623249 ], [ 2512539.401420591399074, 2391270.366856986191124 ], [ 2512557.823973231948912, 2391251.943401088472456 ], [ 2512659.149764980655164, 2391086.134164390619844 ], [ 2512769.686191748362035, 2390938.747611126862466 ], [ 2512824.953496214933693, 2390911.111270950175822 ], [ 2512834.164868481457233, 2390901.899542998056859 ], [ 2512824.954041566234082, 2390883.477051498834044 ], [ 2512824.954223350156099, 2390874.265645015053451 ], [ 2512815.74376000277698, 2390837.420340547803789 ], [ 2512815.744123573880643, 2390818.997335651423782 ], [ 2512778.904835380148143, 2390561.078856106381863 ], [ 2512778.905380735639483, 2390533.444444726221263 ], [ 2512769.694190253503621, 2390533.444766194559634 ], [ 2512769.694372036959976, 2390524.233359710779041 ], [ 2512760.485544747207314, 2390404.485204960685223 ], [ 2512732.855982657987624, 2390211.046249341219664 ], [ 2512723.647165476344526, 2390100.509501067921519 ], [ 2512714.437247483991086, 2390036.029785220976919 ], [ 2512714.437429267913103, 2390026.818378737196326 ], [ 2512705.226420569233596, 2390017.607293721288443 ], [ 2512696.016694468911737, 2389953.127577867358923 ], [ 2512649.966569252312183, 2389667.575200345832855 ], [ 2512594.706899722572416, 2389308.331508558243513 ], [ 2512567.076792282517999, 2389142.52677238965407 ], [ 2512557.867056073620915, 2389068.835650058928877 ], [ 2512493.39692319650203, 2388672.746653803624213 ], [ 2512484.187560664024204, 2388589.844124982599169 ], [ 2512474.97782445140183, 2388516.153194579761475 ], [ 2512465.767724675126374, 2388460.884885216597468 ], [ 2512447.347535227425396, 2388359.559864895418286 ], [ 2512419.717791354749352, 2388175.332315759733319 ], [ 2512373.668585168663412, 2387852.934120367281139 ], [ 2512364.457940037362278, 2387825.30022238381207 ], [ 2512364.458121821284294, 2387816.088815900031477 ], [ 2512364.458303608931601, 2387806.877217487897724 ], [ 2512364.458485392387956, 2387797.665811004117131 ], [ 2512272.358426855411381, 2387226.560864025726914 ], [ 2512244.728864766191691, 2387033.121908405795693 ], [ 2512217.097666623536497, 2386922.585611140821129 ], [ 2512189.465741337742656, 2386848.895323668140918 ], [ 2512143.411616873927414, 2386765.994080720003694 ], [ 2512106.56832943437621, 2386710.72673574835062 ], [ 2512060.51365961600095, 2386655.459904179908335 ], [ 2512060.513841399457306, 2386646.248497696127743 ], [ 2512051.302650916855782, 2386646.248819164466113 ], [ 2512042.091834113467485, 2386637.037542213685811 ], [ 2512032.881007198709995, 2386618.615050714462996 ], [ 2512032.88118898216635, 2386609.403644230682403 ], [ 2511986.826892839744687, 2386544.925406171474606 ], [ 2511830.241431562229991, 2386351.490951081737876 ], [ 2511765.765481596346945, 2386250.167346167378128 ], [ 2511756.554291113745421, 2386250.167667635716498 ], [ 2511728.921820477116853, 2386204.111599614378065 ], [ 2511719.711003670468926, 2386194.900514592416584 ], [ 2511728.922184044495225, 2386185.68878664681688 ], [ 2511747.34511036099866, 2386158.0539242583327 ], [ 2511876.305180479772389, 2385936.975092337932438 ], [ 2511913.151204788591713, 2385863.28255459992215 ], [ 2511968.420327097177505, 2385743.531957656610757 ], [ 2512014.478996162302792, 2385596.147654650732875 ], [ 2512060.537291555665433, 2385457.974566208198667 ], [ 2512171.078262929338962, 2385080.302275063004345 ], [ 2512281.619789761956781, 2384684.207170943263918 ], [ 2512429.007330795750022, 2384205.208122608717531 ], [ 2512456.642709980718791, 2384103.881303030997515 ], [ 2512548.760401573963463, 2383781.478285647463053 ], [ 2512622.453894360922277, 2383551.190167967230082 ], [ 2512696.148124395404011, 2383293.267638900782913 ], [ 2512769.842162533663213, 2383035.345301768742502 ], [ 2512871.171408181078732, 2382694.518958020955324 ], [ 2512871.171589965000749, 2382685.307551537174731 ], [ 2512898.806787362322211, 2382593.192330371588469 ], [ 2512917.230430709663779, 2382519.500243642833084 ], [ 2512935.653528701979667, 2382473.442568293306977 ], [ 2512935.653710485901684, 2382464.231161809060723 ], [ 2512944.865446323528886, 2382436.596428961027414 ], [ 2512944.865628106985241, 2382427.385022477246821 ], [ 2513064.618698881939054, 2382003.655377444345504 ], [ 2513083.042160445358604, 2381939.174697198905051 ], [ 2513110.677903194446117, 2381819.42525658197701 ], [ 2513129.101374865975231, 2381764.155982813797891 ], [ 2513156.738753672689199, 2381561.503691913560033 ], [ 2513184.371951444540173, 2381570.714133999310434 ], [ 2513239.638710556551814, 2381570.712205202784389 ], [ 2513294.905469668097794, 2381570.710276406258345 ], [ 2513350.172410564031452, 2381561.496941125951707 ], [ 2513377.805790119804442, 2381561.495976727455854 ], [ 2513423.861550640780479, 2381561.494369392748922 ], [ 2513442.283739713951945, 2381561.493726462591439 ], [ 2513460.706302463077009, 2381552.281677041668445 ], [ 2513506.762052875943482, 2381543.068663229700178 ], [ 2513589.66237332765013, 2381533.854363550897688 ], [ 2513672.562693778891116, 2381524.640063872560859 ], [ 2513709.40726381726563, 2381524.638778005726635 ], [ 2513681.777156376745552, 2381358.834041837602854 ], [ 2513681.777519944589585, 2381340.411228870041668 ], [ 2513681.777883511967957, 2381321.988415902014822 ], [ 2513571.258362665772438, 2380612.712630738969892 ], [ 2513479.14666994754225, 2380631.138658369425684 ], [ 2513258.078714473638684, 2380667.991999498102814 ], [ 2513212.023145844228566, 2380667.993606826290488 ], [ 2513184.38958450499922, 2380677.205977708566934 ], [ 2513165.967395431827754, 2380677.206620638258755 ], [ 2513073.867518682032824, 2380096.890075247734785 ], [ 2513055.450045885983855, 2379848.182359262835234 ], [ 2513064.663054210133851, 2379756.067781027406454 ], [ 2513037.029492870904505, 2379765.280151910148561 ], [ 2513000.184922832529992, 2379765.281437776517123 ], [ 2512990.973924241494387, 2379765.281759238336235 ], [ 2512981.762551974970847, 2379774.493487190455198 ], [ 2512972.551361492369324, 2379774.493808658793569 ], [ 2512954.128990635275841, 2379783.705858072265983 ], [ 2512944.917800152674317, 2379783.706179540604353 ], [ 2512640.949524223804474, 2379829.774012276437134 ], [ 2512429.09295112406835, 2379866.627031929790974 ], [ 2512419.881760641466826, 2379866.627353398129344 ], [ 2512410.670570158865303, 2379866.627674866467714 ], [ 2512171.182607020717114, 2379792.944589189719409 ], [ 2512161.97160842968151, 2379792.944910651538521 ], [ 2512152.760417947079986, 2379792.945232119876891 ], [ 2512079.0709244068712, 2379820.582215226255357 ], [ 2511959.325306782033294, 2379866.643426707480103 ], [ 2511950.114116299431771, 2379866.643748175818473 ], [ 2511940.902925816830248, 2379866.644069644156843 ], [ 2511747.470904983114451, 2379783.747970148455352 ], [ 2511729.048705801833421, 2379774.5372066013515 ], [ 2511701.415689813438803, 2379756.115358032286167 ], [ 2511609.305279694031924, 2379719.272754824720323 ], [ 2511600.094089211430401, 2379719.273076293058693 ], [ 2511590.882898728828877, 2379719.273397761397064 ], [ 2511581.67189003014937, 2379710.062312745954841 ], [ 2511572.460891439113766, 2379710.062634207773954 ], [ 2511563.249700956512243, 2379710.062955676112324 ], [ 2511554.03851047437638, 2379710.063277144450694 ], [ 2511544.827330099418759, 2379719.275005089584738 ], [ 2511535.616139616817236, 2379719.275326557923108 ], [ 2511526.404949134215713, 2379719.275648026261479 ], [ 2511526.404767346568406, 2379728.487246438395232 ], [ 2511517.193768755998462, 2379728.487567900214344 ], [ 2511471.137281100265682, 2379765.334801170509309 ], [ 2511286.912077822722495, 2379894.301113198976964 ], [ 2511259.278152911923826, 2379921.936488977633417 ], [ 2511222.433411197271198, 2379940.360587805043906 ], [ 2511213.222038931213319, 2379949.57231575762853 ], [ 2511204.010848449077457, 2379949.572637225966901 ], [ 2511194.799849858041853, 2379949.572958687786013 ], [ 2511185.588659375440329, 2379949.573280156124383 ], [ 2511185.588841158896685, 2379940.361873671878129 ], [ 2511176.377650676295161, 2379940.3621951402165 ], [ 2511167.166833869647235, 2379931.151110117789358 ], [ 2511148.744271120522171, 2379940.363159538246691 ], [ 2511130.321900263894349, 2379949.575208952650428 ], [ 2511121.110891564749181, 2379940.364123936742544 ], [ 2511056.633123754058033, 2379931.154967717826366 ], [ 2511001.36654642643407, 2379921.945490030571818 ], [ 2510973.733348658308387, 2379912.734856016468257 ], [ 2510946.100150885526091, 2379903.524413931183517 ], [ 2510927.678143596276641, 2379894.313650376629084 ], [ 2510918.466953113675117, 2379894.313971844967455 ], [ 2510900.044945824425668, 2379885.103208291344345 ], [ 2510872.411748051643372, 2379875.892766206059605 ], [ 2510918.472588422242552, 2379608.759795059915632 ], [ 2510909.261397939641029, 2379608.760116528254002 ], [ 2510890.839208866469562, 2379608.760759458411485 ], [ 2510872.41720157628879, 2379599.549995904788375 ], [ 2510863.206011093687266, 2379599.550317373126745 ], [ 2510853.994820611551404, 2379599.550638841465116 ], [ 2510853.995002395473421, 2379590.339232357684523 ], [ 2510817.150614140555263, 2379581.129111740272492 ], [ 2510789.517416368238628, 2379571.918669654987752 ], [ 2510771.095227295067161, 2379571.919312584679574 ], [ 2510761.884036812465638, 2379571.919634053017944 ], [ 2510743.459302762988955, 2379700.880159685388207 ], [ 2510734.246839790139347, 2379765.36051846947521 ], [ 2510715.822832874953747, 2379857.475418166257441 ], [ 2510706.610915257129818, 2379894.321365569718182 ], [ 2510706.610733473207802, 2379903.532772053964436 ], [ 2510706.610551689751446, 2379912.744178537745029 ], [ 2510688.187090126331896, 2379977.224858783185482 ], [ 2510651.338884404860437, 2380161.454658183734864 ], [ 2510651.338520837016404, 2380179.877471151296049 ], [ 2510623.703141656238586, 2380281.204098801128566 ], [ 2510614.490496899466962, 2380354.8958640685305 ], [ 2510559.21937496913597, 2380575.971932334825397 ], [ 2510559.218466046731919, 2380622.029156682547182 ], [ 2510550.006558537017554, 2380668.086510563269258 ], [ 2510531.581269023939967, 2380815.470041098538786 ], [ 2510522.369714973960072, 2380833.893175534438342 ], [ 2510513.158716382924467, 2380833.893496996257454 ], [ 2510494.735244715586305, 2380889.162578836083412 ], [ 2510494.735062927938998, 2380898.374177248682827 ], [ 2510494.734881144016981, 2380907.585583732463419 ], [ 2510503.945889843162149, 2380916.796668747905642 ], [ 2510522.367897132411599, 2380926.007432301528752 ], [ 2510513.156716757453978, 2380935.219160247128457 ], [ 2510494.733426874037832, 2380981.276835603173822 ], [ 2510448.676222186535597, 2381064.181293214671314 ], [ 2510439.464668136555701, 2381082.604427650570869 ], [ 2510439.464122781530023, 2381110.238839030731469 ], [ 2510421.041024789679796, 2381156.296514380257577 ], [ 2510411.828743600286543, 2381211.565466680098325 ], [ 2510402.617017874494195, 2381248.411414077039808 ], [ 2510384.192455500364304, 2381358.949126748368144 ], [ 2510384.192273716907948, 2381368.160533232614398 ], [ 2510384.191364794038236, 2381414.217757579870522 ], [ 2510384.190819442737848, 2381441.851977031677961 ], [ 2510347.343522639479488, 2381580.02474401332438 ], [ 2510328.919333941303194, 2381681.351050193887204 ], [ 2510310.495872381608933, 2381745.831538510974497 ], [ 2510273.648939146660268, 2381865.581492524594069 ], [ 2510273.648575578816235, 2381884.004305492155254 ], [ 2510264.43702152883634, 2381902.427439928520471 ], [ 2510255.224932235199958, 2381957.696200293488801 ], [ 2510246.012832829728723, 2382003.753746109548956 ], [ 2510236.801278779748827, 2382022.176880545448512 ], [ 2510227.58881580689922, 2382086.657239329535514 ], [ 2510218.377090081106871, 2382123.503186726011336 ], [ 2510218.376726513728499, 2382141.925999694038182 ], [ 2510199.953618409577757, 2382178.772460494190454 ], [ 2510199.953254842199385, 2382197.195273462217301 ], [ 2510172.318057444877923, 2382289.310494627803564 ], [ 2510153.894959452562034, 2382335.36816997686401 ], [ 2510144.682496479712427, 2382399.848528760485351 ], [ 2510135.471316105220467, 2382409.060256706085056 ], [ 2510126.259580271318555, 2382436.694797626230866 ], [ 2510126.259398487396538, 2382445.906204110011458 ], [ 2510117.047844433691353, 2382464.329530474264175 ], [ 2510117.047662649769336, 2382473.540936958510429 ], [ 2510117.047480865847319, 2382482.752343442291021 ], [ 2510107.836300491821021, 2382491.964071387890726 ], [ 2510107.836118707899004, 2382501.175477871671319 ], [ 2510107.835936923976988, 2382510.386884355917573 ], [ 2510107.835391572676599, 2382538.021103807259351 ], [ 2510070.988640121649951, 2382648.559651336632669 ], [ 2510052.56498666992411, 2382713.040139660704881 ], [ 2509978.871675666421652, 2382934.116850856691599 ], [ 2509960.44875945430249, 2382970.963311650324613 ], [ 2509951.236841836944222, 2383007.809259054251015 ], [ 2509923.601826223079115, 2383090.713073736056685 ], [ 2509822.273671281989664, 2383376.270786652341485 ], [ 2509794.638655668124557, 2383459.174601333681494 ], [ 2509776.215375891886652, 2383514.443683167453855 ], [ 2509711.734154182486236, 2383680.251633998472244 ], [ 2509693.310510835144669, 2383753.94372072769329 ], [ 2509665.675858788657933, 2383818.424722441472113 ], [ 2509647.252750688232481, 2383855.270991313736886 ], [ 2509638.041024962905794, 2383892.116938710678369 ], [ 2509638.040479607880116, 2383919.751350090373307 ], [ 2509610.405817457009107, 2383975.020753398537636 ], [ 2509564.347885635215789, 2384094.770836945623159 ], [ 2509536.713051805272698, 2384168.463245143182576 ], [ 2509499.867027492728084, 2384242.155974809080362 ], [ 2509453.809095670934767, 2384361.906058356165886 ], [ 2509435.385805783327669, 2384407.963925640098751 ], [ 2509407.750790172722191, 2384490.86754839355126 ], [ 2509416.962162439245731, 2384481.655820441432297 ], [ 2509416.961980655323714, 2384490.86722692521289 ], [ 2509389.327510393224657, 2384546.136822155211121 ], [ 2509380.115956343244761, 2384564.559956591110677 ], [ 2509370.904048829805106, 2384610.617502400651574 ], [ 2509361.692494779825211, 2384629.04063683655113 ], [ 2509343.269578571431339, 2384665.886905702296644 ], [ 2509324.846470467280596, 2384702.733366502914578 ], [ 2509223.519598124548793, 2384933.022448581177741 ], [ 2509186.673392028082162, 2385015.926584730390459 ], [ 2509168.250294035766274, 2385061.984260079916567 ], [ 2509149.827004148159176, 2385108.042127364315093 ], [ 2509094.557881843764335, 2385227.792532379738986 ], [ 2509066.922502662055194, 2385329.119160028640181 ], [ 2509002.442008091136813, 2385458.081292996648699 ], [ 2508947.172522215172648, 2385596.254702907521278 ], [ 2508919.538415524177253, 2385633.101293241139501 ], [ 2508901.115135744679719, 2385688.370567002799362 ], [ 2508873.480847269762307, 2385734.428563820198178 ], [ 2508827.423087123315781, 2385835.755834406707436 ], [ 2508799.788798644673079, 2385881.814023151993752 ], [ 2508762.942410764750093, 2385973.929565785918385 ], [ 2508726.096760131418705, 2386038.41069703316316 ], [ 2508698.461916194297373, 2386102.891698753461242 ], [ 2508680.039363552816212, 2386121.31515465117991 ], [ 2508643.192975672893226, 2386213.430697284638882 ], [ 2508587.92458050372079, 2386296.335476364474744 ], [ 2508551.078556190710515, 2386370.028206030838192 ], [ 2508532.655458198860288, 2386416.085881379898638 ], [ 2508458.964146820828319, 2386535.836929325014353 ], [ 2508422.118304292205721, 2386600.318252507131547 ], [ 2508366.849727338645607, 2386692.434438070748001 ], [ 2508357.638173289131373, 2386710.857572506647557 ] ] } },
{ "type": "Feature", "properties": { }, "geometry": { "type": "LineString", "coordinates": [ [ 2525121.754408741369843, 2393858.338138150982559 ], [ 2525075.697931193746626, 2393904.396777898538858 ], [ 2525038.852634019684047, 2393941.243689700495452 ], [ 2525029.641261753626168, 2393950.455417652614415 ], [ 2525011.21907267998904, 2393950.456060582771897 ], [ 2524919.107379958964884, 2393968.882280142512172 ], [ 2524909.896189476363361, 2393968.882601610384881 ], [ 2524909.896007692441344, 2393978.094008094165474 ], [ 2524919.106834607664496, 2393996.516499593853951 ], [ 2524928.317843305878341, 2394005.727584609761834 ], [ 2524928.317661521956325, 2394014.938991093542427 ], [ 2524928.317479738499969, 2394024.15039757732302 ], [ 2524928.317116170655936, 2394042.573210544884205 ], [ 2524928.316752599552274, 2394060.996215441264212 ], [ 2524928.316389031708241, 2394079.419028408825397 ], [ 2524919.105016766116023, 2394088.63075636094436 ], [ 2524909.893644499592483, 2394097.842484312597662 ], [ 2524891.471091858576983, 2394116.265940210781991 ], [ 2524882.259719592053443, 2394125.477668162900954 ], [ 2524863.837530518881977, 2394125.478311093058437 ], [ 2524845.414967769756913, 2394134.69036051351577 ], [ 2524836.20396917918697, 2394134.690681974869221 ], [ 2524817.781224642880261, 2394153.114329807925969 ], [ 2524808.569498916622251, 2394189.960277204867452 ], [ 2524808.569135349243879, 2394208.383090172894299 ], [ 2524808.568771781399846, 2394226.805903140455484 ], [ 2524808.568226426374167, 2394254.440314520616084 ], [ 2524808.568044642917812, 2394263.651721004396677 ], [ 2524808.567862858995795, 2394272.86312748817727 ], [ 2524808.567681075073779, 2394282.074533971957862 ], [ 2524808.567317507695407, 2394300.497346939984709 ], [ 2524808.566953939851373, 2394318.920159907545894 ], [ 2524799.355581674259156, 2394328.131887859664857 ], [ 2524808.566590372473001, 2394337.342972875572741 ], [ 2524799.355036319233477, 2394355.766299239825457 ], [ 2524799.354309184011072, 2394392.611925175413489 ], [ 2524799.353945616167039, 2394411.034738142974675 ], [ 2524799.353218477685004, 2394447.880556006915867 ], [ 2524799.352854909840971, 2394466.303368974477053 ], [ 2524790.141482643783092, 2394475.515096926596016 ], [ 2524780.930302268825471, 2394484.726824872195721 ], [ 2524771.718748218845576, 2394503.149959308095276 ], [ 2524762.507375952322036, 2394512.361687260214239 ], [ 2524744.084823311306536, 2394530.785143158398569 ], [ 2524716.450898400507867, 2394558.420518936123699 ], [ 2524707.239526134449989, 2394567.632246888242662 ], [ 2524698.027972084004432, 2394586.055381324607879 ], [ 2524688.816791709978133, 2394595.267109270207584 ], [ 2524679.605419443454593, 2394604.478837222326547 ], [ 2524661.182866801973432, 2394622.902293120045215 ], [ 2524661.182321446947753, 2394650.536704499740154 ], [ 2524651.970585613045841, 2394678.171245419885963 ], [ 2524651.97022204566747, 2394696.594058387447149 ], [ 2524642.758849779143929, 2394705.805786339566112 ], [ 2524642.758667995687574, 2394715.017192823812366 ], [ 2524642.758486211765558, 2394724.228599307592958 ], [ 2524633.546942266169935, 2394751.863332149107009 ], [ 2524624.335569999646395, 2394761.075060101225972 ], [ 2524615.124197733122855, 2394770.286788053810596 ], [ 2524615.1240159496665, 2394779.498194537591189 ], [ 2524605.91283557517454, 2394788.709922482725233 ], [ 2524605.912653791252524, 2394797.921328966505826 ], [ 2524578.278900559991598, 2394807.133699855301529 ], [ 2524541.434522413183004, 2394807.134985715616494 ], [ 2524265.099626039620489, 2394853.201854052487761 ], [ 2524200.621494661550969, 2394862.41551080159843 ], [ 2523850.597468323074281, 2394917.696165421046317 ], [ 2523795.330527427606285, 2394926.909500701352954 ], [ 2523749.274777011014521, 2394936.122706441674381 ], [ 2523408.461749263107777, 2394991.403039599303156 ], [ 2523390.03956018993631, 2394991.403682529460639 ], [ 2523353.194990151096135, 2394991.404968395829201 ], [ 2522395.234422062058002, 2395148.032694963738322 ], [ 2522257.066968822851777, 2395166.460329929366708 ], [ 2522063.632766580674797, 2395194.101300169248134 ], [ 2521870.198564334306866, 2395221.742462337017059 ], [ 2521870.198382550384849, 2395230.953868820797652 ], [ 2521768.875499350018799, 2395249.380217920057476 ], [ 2521722.819748937152326, 2395258.593231732025743 ], [ 2521455.696043049916625, 2395304.659586672671139 ], [ 2521400.429102154448628, 2395313.872921952977777 ], [ 2521280.684029877185822, 2395332.300105910282582 ], [ 2520939.871183912735432, 2395378.369032584130764 ], [ 2520506.946655335370451, 2395452.075585294514894 ], [ 2520506.947018902748823, 2395433.652772326953709 ], [ 2520543.793043215759099, 2395359.960042661055923 ], [ 2520488.52901086397469, 2395221.790682271122932 ], [ 2520212.20902079436928, 2394512.520491575822234 ], [ 2520147.734706883318722, 2394328.294228306505829 ], [ 2520138.523516400717199, 2394328.294549774844199 ], [ 2520129.312336025759578, 2394337.506277720909566 ], [ 2520120.100963755510747, 2394346.718197600916028 ], [ 2520110.889773272909224, 2394346.718519069254398 ], [ 2520101.678592898882926, 2394355.930247014854103 ], [ 2520092.467220632359385, 2394365.141974966973066 ], [ 2520083.255848365835845, 2394374.353702919092029 ], [ 2520074.044849775265902, 2394374.354024380911142 ], [ 2520064.833477509208024, 2394383.565752333030105 ], [ 2520055.622105242684484, 2394392.777480285614729 ], [ 2520046.410924867726862, 2394401.989208230748773 ], [ 2520037.199552601668984, 2394411.200936182867736 ], [ 2520027.98836211906746, 2394411.201257651206106 ], [ 2520018.7771817445755, 2394420.412985596805811 ], [ 2520009.56580947805196, 2394429.624713549390435 ], [ 2520000.35443721152842, 2394438.836441501509398 ], [ 2519991.143246728926897, 2394438.836762969847769 ], [ 2519991.143064941745251, 2394448.048361381981522 ], [ 2519981.931884567253292, 2394457.260089327115566 ], [ 2519972.720694084651768, 2394457.260410795453936 ], [ 2519972.720512300729752, 2394466.471817279234529 ], [ 2519963.509321818128228, 2394466.472138747572899 ], [ 2519954.29814144410193, 2394475.683866693172604 ], [ 2519945.08676917757839, 2394484.895594645757228 ], [ 2519935.87539691105485, 2394494.107322597876191 ], [ 2519926.664398320019245, 2394494.107644059229642 ], [ 2519917.453026054427028, 2394503.319372011348605 ], [ 2519917.452844270505011, 2394512.530778495129198 ], [ 2519908.241653787903488, 2394512.531099963467568 ], [ 2519908.241472003981471, 2394521.742506447248161 ], [ 2519889.819101146422327, 2394530.954555861651897 ], [ 2519871.396730286069214, 2394540.166797203477472 ], [ 2519862.185358019545674, 2394549.378525155596435 ], [ 2519852.973985753022134, 2394558.590253107715398 ], [ 2519852.973803969565779, 2394567.801659591495991 ], [ 2519843.762431703042239, 2394577.013387544080615 ], [ 2519843.762249919120222, 2394586.224794027861208 ], [ 2519843.762068135663867, 2394595.4362005116418 ], [ 2519843.76188635174185, 2394604.647606995422393 ], [ 2519843.761704567819834, 2394613.859013479202986 ], [ 2519843.761522783897817, 2394623.07041996344924 ], [ 2519843.761341000441462, 2394632.281826447229832 ], [ 2519843.761159212794155, 2394641.493424859363586 ], [ 2519843.760977428872138, 2394650.704831343144178 ], [ 2519843.760795645415783, 2394659.916237826924771 ], [ 2519843.760613861493766, 2394669.127644310705364 ], [ 2519843.76043207757175, 2394678.339050794951618 ], [ 2519852.971440776716918, 2394687.55013581039384 ], [ 2519852.971258992794901, 2394696.761542294174433 ], [ 2519862.182267691474408, 2394705.972627309616655 ], [ 2519862.182085908018053, 2394715.184033793862909 ], [ 2519871.393094606697559, 2394724.395118809305131 ], [ 2519871.392912819050252, 2394733.606717221438885 ], [ 2519871.392731035128236, 2394742.818123705219477 ], [ 2519871.39254925167188, 2394752.02953018900007 ], [ 2519862.181358769070357, 2394752.02985165733844 ], [ 2519862.18117698514834, 2394761.241258141119033 ], [ 2519852.9698047186248, 2394770.452986093703657 ], [ 2519843.758432452566922, 2394779.66471404582262 ], [ 2519834.547433861996979, 2394779.665035507641733 ], [ 2519834.547252078074962, 2394788.876441991422325 ], [ 2519825.336061595473439, 2394788.876763459760696 ], [ 2519825.335879811551422, 2394798.088169943541288 ], [ 2519816.124689328949898, 2394798.088491411879659 ], [ 2519806.913690738379955, 2394798.08881287323311 ], [ 2519797.702500255778432, 2394798.08913434157148 ], [ 2519788.491127989720553, 2394807.300862293690443 ], [ 2519779.279947614762932, 2394816.512590239755809 ], [ 2519779.279765830840915, 2394825.723996723536402 ], [ 2519779.279584043193609, 2394834.935595135670155 ], [ 2519770.06821177713573, 2394844.147323087789118 ], [ 2519770.068029993213713, 2394853.358729571569711 ], [ 2519770.067848209291697, 2394862.570136055815965 ], [ 2519770.067666425835341, 2394871.781542539596558 ], [ 2519770.067484641913325, 2394880.99294902337715 ], [ 2519770.067302857991308, 2394890.204355507157743 ], [ 2519760.856112375389785, 2394890.204676975496113 ], [ 2519760.855930591933429, 2394899.416083459276706 ], [ 2519751.644932001363486, 2394899.416404921095818 ], [ 2519742.433741518761963, 2394899.416726389434189 ], [ 2519733.222369252238423, 2394908.628454341553152 ], [ 2519733.222187468316406, 2394917.839860825333744 ], [ 2519733.222005684860051, 2394927.051267309114337 ], [ 2519733.221823897212744, 2394936.26286572124809 ], [ 2519733.221642113290727, 2394945.474272205028683 ], [ 2519724.010461738798767, 2394954.686000151094049 ], [ 2519724.010279955342412, 2394963.897406634874642 ], [ 2519724.010098171420395, 2394973.108813118655235 ], [ 2519714.798725904896855, 2394982.320541070774198 ], [ 2519705.587535422295332, 2394982.320862539112568 ], [ 2519696.376344939693809, 2394982.321184007450938 ], [ 2519687.165346349123865, 2394982.321505469270051 ], [ 2519677.954337650444359, 2394973.110420453827828 ], [ 2519668.743147167842835, 2394973.110741922166198 ], [ 2519668.743328951764852, 2394963.899335438385606 ], [ 2519659.532330360729247, 2394963.899656899739057 ], [ 2519659.532148576807231, 2394973.11106338351965 ], [ 2519650.320958094205707, 2394973.11138485185802 ], [ 2519650.320776310283691, 2394982.322791335638613 ], [ 2519641.109585827682167, 2394982.323112803976983 ], [ 2519641.109404044225812, 2394991.534519287757576 ], [ 2519641.109222260303795, 2395000.745925772003829 ], [ 2519631.898041885811836, 2395009.957653717603534 ], [ 2519622.686851403210312, 2395009.957975185941905 ], [ 2519622.686669619753957, 2395019.169381669722497 ], [ 2519613.475479137152433, 2395019.169703138060868 ], [ 2519604.26448054658249, 2395019.170024599414319 ], [ 2519604.264298758935183, 2395028.381623011548072 ], [ 2519604.264116975013167, 2395037.593029495328665 ], [ 2519595.052744708489627, 2395046.804757447447628 ], [ 2519595.052562925033271, 2395056.016163931693882 ], [ 2519595.052381141111255, 2395065.227570415474474 ], [ 2519595.052199357189238, 2395074.438976899255067 ], [ 2519595.052017573732883, 2395083.65038338303566 ], [ 2519595.051835789810866, 2395092.861789866816252 ], [ 2519595.051654005888849, 2395102.073196351062506 ], [ 2519585.840281739830971, 2395111.284924303181469 ], [ 2519585.840099955908954, 2395120.496330786962062 ], [ 2519576.62910136487335, 2395120.496652248781174 ], [ 2519576.628919577226043, 2395129.708250660914928 ], [ 2519567.417729095090181, 2395129.708572129253298 ], [ 2519558.206538612488657, 2395129.708893597591668 ], [ 2519558.206356828566641, 2395138.920300081372261 ], [ 2519548.995358237531036, 2395138.920621542725712 ], [ 2519548.995176454074681, 2395148.132028026971966 ], [ 2519548.994994670152664, 2395157.343434510752559 ], [ 2519548.994812886230648, 2395166.554840994533151 ], [ 2519548.994631102774292, 2395175.766247478313744 ], [ 2519548.994449318852276, 2395184.977653962094337 ], [ 2519558.205266125965863, 2395194.18873898498714 ], [ 2519558.205084342509508, 2395203.400145468767732 ], [ 2519567.416274825111032, 2395203.399824000429362 ], [ 2519567.416093041189015, 2395212.611230484209955 ], [ 2519567.415911253541708, 2395221.822828896343708 ], [ 2519567.415729469619691, 2395231.034235380124301 ], [ 2519558.204357203561813, 2395240.245963332708925 ], [ 2519558.204175419639796, 2395249.457369816489518 ], [ 2519558.203993635717779, 2395258.66877630027011 ], [ 2519558.203811852261424, 2395267.880182784050703 ], [ 2519558.203630068339407, 2395277.091589267831296 ], [ 2519548.992449693381786, 2395286.303317213431001 ], [ 2519548.992267909925431, 2395295.514723697211593 ], [ 2519539.781077427323908, 2395295.515045165549964 ], [ 2519530.569886944722384, 2395295.515366633888334 ], [ 2519530.569705160800368, 2395304.726773117668927 ], [ 2519521.358696462120861, 2395295.515688102226704 ], [ 2519521.358514678198844, 2395304.727094586007297 ], [ 2519521.358696462120861, 2395295.515688102226704 ], [ 2519512.147697871550918, 2395295.516009564045817 ], [ 2519502.936507388949394, 2395295.516331032384187 ], [ 2519493.725135122425854, 2395304.72805898450315 ], [ 2519475.302946049254388, 2395304.728701914194971 ], [ 2519466.091755566652864, 2395304.729023382533342 ], [ 2519456.880756976082921, 2395304.729344844352454 ], [ 2519447.669566493481398, 2395304.729666312690824 ], [ 2519438.458376010879874, 2395304.729987781029195 ], [ 2519429.24737741984427, 2395304.730309242382646 ], [ 2519420.036186937242746, 2395304.730630710721016 ], [ 2519410.824814670719206, 2395313.942358662839979 ], [ 2519401.613634292501956, 2395323.154278536792845 ], [ 2519401.613452509045601, 2395332.365685020573437 ], [ 2519392.402080242522061, 2395341.577412973158062 ], [ 2519392.401898458600044, 2395350.788819456938654 ], [ 2519383.190707975998521, 2395350.789140925277025 ], [ 2519383.190526192542166, 2395360.000547409057617 ], [ 2519373.979153926018625, 2395369.21227536117658 ], [ 2519373.978972142096609, 2395378.423681844957173 ], [ 2519373.978790358640254, 2395387.635088329203427 ], [ 2519383.18979905731976, 2395396.846173344645649 ], [ 2519392.400807755999267, 2395406.057258360087872 ], [ 2519401.611998238600791, 2395406.056936891749501 ], [ 2519401.611816450953484, 2395415.268535303883255 ], [ 2519410.822815041523427, 2395415.268213842064142 ], [ 2519410.822633258067071, 2395424.479620325844735 ], [ 2519401.611634667497128, 2395424.479941787663847 ], [ 2519401.611452883575112, 2395433.691348271910101 ], [ 2519392.400262400973588, 2395433.691669740248471 ], [ 2519383.188890134450048, 2395442.903397692367435 ], [ 2519373.977699651848525, 2395442.903719160705805 ], [ 2519373.977517868392169, 2395452.115125644486398 ], [ 2519364.766519277822226, 2395452.11544710630551 ], [ 2519355.555328795220703, 2395452.11576857464388 ], [ 2519346.344138312619179, 2395452.116090042516589 ], [ 2519337.133139722049236, 2395452.116411504335701 ], [ 2519318.710758756846189, 2395452.117054441012442 ], [ 2519318.710576972924173, 2395461.328460924793035 ], [ 2519309.499578381888568, 2395461.328782386612147 ], [ 2519300.288387899287045, 2395461.329103854950517 ], [ 2519291.077015632763505, 2395470.54083180706948 ], [ 2519281.866017042193562, 2395470.541153268422931 ], [ 2519281.865835258737206, 2395479.752559752669185 ], [ 2519281.86565347481519, 2395488.963966236449778 ], [ 2519291.076652065385133, 2395488.963644775096327 ], [ 2519291.076470281463116, 2395498.17505125887692 ], [ 2519300.287478980608284, 2395507.386136274319142 ], [ 2519300.287297192960978, 2395516.597734686452895 ], [ 2519309.498487675562501, 2395516.597413218114525 ], [ 2519318.709304482676089, 2395525.808498240541667 ], [ 2519327.920676749199629, 2395516.596770287957042 ], [ 2519337.131867231801152, 2395516.596448819618672 ], [ 2519346.342865822371095, 2395516.59612735779956 ], [ 2519346.342684038449079, 2395525.807533842045814 ], [ 2519355.553874521050602, 2395525.807212374173105 ], [ 2519355.553692737128586, 2395535.018618857953697 ], [ 2519355.55351095367223, 2395544.23002534173429 ], [ 2519355.553329169750214, 2395553.441431825514883 ], [ 2519346.34213868714869, 2395553.441753293387592 ], [ 2519346.341956903226674, 2395562.653159777168185 ], [ 2519337.13095831265673, 2395562.653481238987297 ], [ 2519327.919586046598852, 2395571.865209191571921 ], [ 2519318.708395563997328, 2395571.865530659910291 ], [ 2519318.708213780075312, 2395581.076937143690884 ], [ 2519309.497215189039707, 2395581.077258605509996 ], [ 2519300.286024706438184, 2395581.077580073848367 ], [ 2519291.07483422383666, 2395581.077901542186737 ], [ 2519281.864017417188734, 2395571.866816519759595 ], [ 2519272.65282693458721, 2395571.867137988097966 ], [ 2519272.653008718043566, 2395562.655731503851712 ], [ 2519263.441818235442042, 2395562.656052972190082 ], [ 2519254.230637861415744, 2395571.867780918255448 ], [ 2519254.230456077493727, 2395581.079187402036041 ], [ 2519254.230274293571711, 2395590.290593885816634 ], [ 2519263.441272884141654, 2395590.290272423997521 ], [ 2519263.441091100685298, 2395599.501678907778114 ], [ 2519263.440909316763282, 2395608.713085391558707 ], [ 2519272.652099799364805, 2395608.712763923220336 ], [ 2519272.651918011717498, 2395617.92436233535409 ], [ 2519281.863108494319022, 2395617.924040867015719 ], [ 2519291.074107084888965, 2395617.923719405662268 ], [ 2519300.285115783568472, 2395627.134804421570152 ], [ 2519309.496306266169995, 2395627.134482953231782 ], [ 2519309.49612448271364, 2395636.345889437012374 ], [ 2519309.495942698791623, 2395645.557295920792967 ], [ 2519300.2847522161901, 2395645.557617389131337 ], [ 2519291.073561733588576, 2395645.557938857469708 ], [ 2519281.862563143018633, 2395645.558260318823159 ], [ 2519272.65137266041711, 2395645.558581787161529 ], [ 2519263.440182177815586, 2395645.558903255499899 ], [ 2519263.44000039389357, 2395654.770309739280492 ], [ 2519254.229001803323627, 2395654.770631201099604 ], [ 2519254.228820019867271, 2395663.982037684880197 ], [ 2519254.228638235945255, 2395673.193444169126451 ], [ 2519263.439636826515198, 2395673.193122707307339 ], [ 2519263.439455042593181, 2395682.404529191087931 ], [ 2519263.439273259136826, 2395691.615935674868524 ], [ 2519272.650281957816333, 2395700.827020690310746 ], [ 2519281.861472440417856, 2395700.826699221972376 ], [ 2519291.072471030987799, 2395700.826377760618925 ], [ 2519300.283661513589323, 2395700.826056292280555 ], [ 2519309.494851996190846, 2395700.825734823942184 ], [ 2519318.70585058722645, 2395700.825413362123072 ], [ 2519327.917041069827974, 2395700.825091893784702 ], [ 2519327.91722285374999, 2395691.613685410004109 ], [ 2519337.128413336351514, 2395691.613363941665739 ], [ 2519337.128231552429497, 2395700.824770425446332 ], [ 2519346.33923014299944, 2395700.824448963627219 ], [ 2519346.339048355352134, 2395710.036047375760972 ], [ 2519346.338866571895778, 2395719.247453860007226 ], [ 2519346.338684787973762, 2395728.458860343787819 ], [ 2519337.127686197403818, 2395728.459181805606931 ], [ 2519337.127504413481802, 2395737.670588289387524 ], [ 2519337.127322629559785, 2395746.881994773168117 ], [ 2519346.338321220129728, 2395746.881673311349005 ], [ 2519346.338139436673373, 2395756.093079795129597 ], [ 2519346.337957652751356, 2395765.304486279375851 ], [ 2519346.33777586882934, 2395774.515892763156444 ], [ 2519346.337594085372984, 2395783.727299246937037 ], [ 2519346.337412301450968, 2395792.938705730717629 ], [ 2519337.126413710881025, 2395792.939027192536741 ], [ 2519327.915405012201518, 2395783.727942177094519 ], [ 2519327.915586795657873, 2395774.516535693313926 ], [ 2519318.70439631305635, 2395774.516857161652297 ], [ 2519318.704578096978366, 2395765.305450677871704 ], [ 2519309.493579505942762, 2395765.305772139690816 ], [ 2519309.493397722020745, 2395774.517178623471409 ], [ 2519300.282207239419222, 2395774.517500091809779 ], [ 2519300.282025455962867, 2395783.728906575590372 ], [ 2519291.070653189439327, 2395792.940634527709335 ], [ 2519281.859472814947367, 2395802.152362472843379 ], [ 2519272.648100545164198, 2395811.364282353781164 ], [ 2519272.647918761242181, 2395820.575688837561756 ], [ 2519272.647736977320164, 2395829.787095321342349 ], [ 2519281.858927459921688, 2395829.786773853003979 ], [ 2519281.858745675999671, 2395838.998180336784571 ], [ 2519281.858563892543316, 2395848.209586820565164 ], [ 2519272.647191626019776, 2395857.421314773149788 ], [ 2519272.647009842097759, 2395866.632721256930381 ], [ 2519263.435637576039881, 2395875.844449209049344 ], [ 2519263.435455792117864, 2395885.055855692829937 ], [ 2519254.224275417625904, 2395894.267583638429642 ], [ 2519245.013084935024381, 2395894.267905106768012 ], [ 2519245.012903147842735, 2395903.479503518901765 ], [ 2519235.801530881319195, 2395912.69123147148639 ], [ 2519235.801349097397178, 2395921.902637955266982 ], [ 2519226.590158614795655, 2395921.902959423605353 ], [ 2519217.378978240769356, 2395931.114687368739396 ], [ 2519217.37879645684734, 2395940.326093852519989 ], [ 2519208.167242406401783, 2395958.749228288885206 ], [ 2519208.166878839023411, 2395977.172041256446391 ], [ 2519198.955324789043516, 2395995.595175692811608 ], [ 2519198.955143001396209, 2396004.806774104945362 ], [ 2519189.743780842982233, 2396023.229908534325659 ], [ 2519180.532590360380709, 2396023.23023000266403 ], [ 2519171.321581661235541, 2396014.019144987221807 ], [ 2519162.110583070665598, 2396014.019466448575258 ], [ 2519152.899392588064075, 2396014.019787916913629 ], [ 2519143.688202105462551, 2396014.020109385251999 ], [ 2519134.477021731436253, 2396023.231837330851704 ], [ 2519125.265831248834729, 2396023.232158799190074 ], [ 2519125.265649464912713, 2396032.443565282970667 ], [ 2519116.054640766233206, 2396023.232480267528445 ], [ 2519106.843642175663263, 2396023.232801728881896 ], [ 2519097.632451693061739, 2396023.233123197220266 ], [ 2519088.421261210460216, 2396023.233444665558636 ], [ 2519079.210070727858692, 2396023.233766133897007 ], [ 2519069.999072136823088, 2396023.234087595716119 ], [ 2519060.787881654221565, 2396023.234409064054489 ], [ 2519051.576691171620041, 2396023.234730532392859 ], [ 2519042.365692581050098, 2396023.23505199374631 ], [ 2519042.365874364506453, 2396014.023645509965718 ], [ 2519033.154502098448575, 2396023.235373462084681 ], [ 2519023.943311615847051, 2396023.235694930423051 ], [ 2519014.732313025277108, 2396023.236016392242163 ], [ 2519005.521122542675585, 2396023.236337860580534 ], [ 2519005.52130432613194, 2396014.024931376799941 ], [ 2518996.310113843530416, 2396014.025252845138311 ], [ 2518996.310295627452433, 2396004.813846361357719 ], [ 2518987.099478824529797, 2395995.602569411043078 ], [ 2518987.099660607986152, 2395986.391162926796824 ], [ 2518987.099842391908169, 2395977.179756443016231 ], [ 2518977.888651909306645, 2395977.180077911354601 ], [ 2518968.677461426705122, 2395977.180399379692972 ], [ 2518959.466462835669518, 2395977.180720841046423 ], [ 2518950.255272353067994, 2395977.181042309384793 ], [ 2518950.255090569145977, 2395986.392448793165386 ], [ 2518941.043900086544454, 2395986.392770261503756 ], [ 2518931.832709604408592, 2395986.393091729842126 ], [ 2518931.832527820952237, 2395995.60449821408838 ], [ 2518922.621529229916632, 2395995.604819675907493 ], [ 2518913.410156959667802, 2396004.816739556379616 ], [ 2518904.198966477066278, 2396004.817061024717987 ], [ 2518904.198784693144262, 2396014.028467508498579 ], [ 2518894.987786102574319, 2396014.02878896985203 ], [ 2518885.77641383651644, 2396023.240516921970993 ], [ 2518885.776232052594423, 2396032.451923405751586 ], [ 2518876.5650415699929, 2396032.452244874089956 ], [ 2518876.564859786070883, 2396041.663651357870549 ], [ 2518876.564678002148867, 2396050.875057842116803 ], [ 2518876.564496218692511, 2396060.086464325897396 ], [ 2518885.775686701294035, 2396060.086142857559025 ], [ 2518885.775504917372018, 2396069.297549341339618 ], [ 2518885.775323133450001, 2396078.508955825120211 ], [ 2518876.564132650848478, 2396078.509277293458581 ], [ 2518867.353134060278535, 2396078.509598755277693 ], [ 2518858.141943577677011, 2396078.509920223616064 ], [ 2518858.142125361599028, 2396069.298513739835471 ], [ 2518848.930934878997505, 2396069.298835208173841 ], [ 2518839.7199362879619, 2396069.299156669527292 ], [ 2518839.719754504039884, 2396078.510563153307885 ], [ 2518839.719572720583528, 2396087.721969637088478 ], [ 2518839.719390936661512, 2396096.933376121334732 ], [ 2518839.719209149014205, 2396106.144974533468485 ], [ 2518839.719027365557849, 2396115.356381017249078 ], [ 2518839.718845581635833, 2396124.56778750102967 ], [ 2518830.507655099034309, 2396124.568108969368041 ], [ 2518830.507473315112293, 2396133.779515453148633 ], [ 2518830.507291531655937, 2396142.990921937394887 ], [ 2518821.296101049054414, 2396142.991243405733258 ], [ 2518812.084920674562454, 2396152.202971351332963 ], [ 2518802.873730191960931, 2396152.203292819671333 ], [ 2518802.873911975882947, 2396142.99188633589074 ], [ 2518802.874093759339303, 2396133.780479851644486 ], [ 2518802.874275543261319, 2396124.569073367863894 ], [ 2518802.874457327183336, 2396115.357666884083301 ], [ 2518802.874639110639691, 2396106.146260400302708 ], [ 2518802.874820898286998, 2396096.934661988168955 ], [ 2518793.663630415685475, 2396096.934983456507325 ], [ 2518793.663812199607491, 2396087.723576972261071 ], [ 2518784.452995392493904, 2396078.51249194983393 ], [ 2518775.24180490989238, 2396078.5128134181723 ], [ 2518766.030614427290857, 2396078.51313488651067 ], [ 2518766.030432643834502, 2396087.724541370291263 ], [ 2518756.819060377310961, 2396096.936269322875887 ], [ 2518756.818878589663655, 2396106.14786773500964 ], [ 2518756.818696806207299, 2396115.359274218790233 ], [ 2518756.818515022285283, 2396124.570680702570826 ], [ 2518756.818333238363266, 2396133.782087186351418 ], [ 2518747.607152864336967, 2396142.993815132416785 ], [ 2518738.395962381735444, 2396142.994136600755155 ], [ 2518729.184771899133921, 2396142.994458069093525 ], [ 2518729.184953682590276, 2396133.783051584847271 ], [ 2518729.185135466512293, 2396124.571645101066679 ], [ 2518719.974136875476688, 2396124.57196656242013 ], [ 2518719.974318659398705, 2396115.360560078639537 ], [ 2518710.763309960253537, 2396106.149475063197315 ], [ 2518710.763128176797181, 2396115.360881546977907 ], [ 2518710.762946392875165, 2396124.5722880307585 ], [ 2518701.551755910739303, 2396124.57260949909687 ], [ 2518701.551574126817286, 2396133.784015982877463 ], [ 2518692.340575535781682, 2396133.784337444696575 ], [ 2518692.340393752325326, 2396142.995743928942829 ], [ 2518683.129203269723803, 2396142.9960653972812 ], [ 2518673.917831003200263, 2396152.207793349400163 ], [ 2518664.706650628708303, 2396161.419521294999868 ], [ 2518655.495278362184763, 2396170.631249246653169 ], [ 2518655.495096578728408, 2396179.842655730433762 ], [ 2518655.494914794806391, 2396189.054062214680016 ], [ 2518664.706105277407914, 2396189.053740746807307 ], [ 2518664.705923489760607, 2396198.26533915894106 ], [ 2518655.494551223702729, 2396207.477067110594362 ], [ 2518646.283360741101205, 2396207.477388578932732 ], [ 2518637.072362150531262, 2396207.477710040751845 ], [ 2518627.861353451386094, 2396198.266625025309622 ], [ 2518618.650344756431878, 2396189.055348081514239 ], [ 2518609.439336057752371, 2396179.844263065606356 ], [ 2518609.439517841208726, 2396170.632856581825763 ], [ 2518600.228701034095138, 2396161.421771559864283 ], [ 2518600.228882818017155, 2396152.21036507608369 ], [ 2518591.017874119337648, 2396142.999280060641468 ], [ 2518581.806865420658141, 2396133.788195044733584 ], [ 2518572.595866829622537, 2396133.788516506087035 ], [ 2518563.384676347021013, 2396133.788837974425405 ], [ 2518563.384494563564658, 2396143.000244458671659 ], [ 2518554.173304080963135, 2396143.00056592701003 ], [ 2518554.173122297041118, 2396152.211972410790622 ], [ 2518544.961941922549158, 2396161.423700356390327 ], [ 2518544.961760138627142, 2396170.63510684017092 ], [ 2518554.172758729197085, 2396170.634785378351808 ], [ 2518563.383767428342253, 2396179.84587039379403 ], [ 2518572.594957910943776, 2396179.84554892545566 ], [ 2518572.59477612702176, 2396189.056955409701914 ], [ 2518572.594594339374453, 2396198.268553821835667 ], [ 2518563.383403856772929, 2396198.268875290174037 ], [ 2518554.172213374171406, 2396198.269196758512408 ], [ 2518544.961214783601463, 2396198.26951822033152 ], [ 2518535.750024300999939, 2396198.26983968866989 ], [ 2518535.749842517543584, 2396207.481246172450483 ], [ 2518526.538652034942061, 2396207.481567640788853 ], [ 2518526.538470251020044, 2396216.692974124569446 ], [ 2518517.327289876528084, 2396225.90470206970349 ], [ 2518508.115917610470206, 2396235.116430021822453 ], [ 2518498.904545343946666, 2396244.328157974407077 ], [ 2518489.693364968989044, 2396253.539885920006782 ], [ 2518489.693183185532689, 2396262.751292403787374 ], [ 2518489.693001401610672, 2396271.962698887567967 ], [ 2518498.903999992646277, 2396271.962377425748855 ], [ 2518498.90381820872426, 2396281.173783909995109 ], [ 2518508.115008691325784, 2396281.173462441656739 ], [ 2518517.326017390005291, 2396290.384547457098961 ], [ 2518517.325835602823645, 2396299.596145869232714 ], [ 2518526.536834193393588, 2396299.595824407879263 ], [ 2518517.325835602823645, 2396299.596145869232714 ], [ 2518517.325653818901628, 2396308.807552353013307 ], [ 2518508.114463336300105, 2396308.807873821351677 ], [ 2518498.903272853698581, 2396308.808195289690048 ], [ 2518489.692274262662977, 2396308.80851675150916 ], [ 2518489.692456046584994, 2396299.597110267728567 ], [ 2518480.48126556398347, 2396299.597431736066937 ], [ 2518471.270075081381947, 2396299.597753204405308 ], [ 2518462.058884599246085, 2396299.598074672743678 ], [ 2518462.058702815324068, 2396308.809481156524271 ], [ 2518452.847704224288464, 2396308.809802617877722 ], [ 2518443.63651374168694, 2396308.810124086216092 ], [ 2518434.425323259085417, 2396308.810445554554462 ], [ 2518425.214324668515474, 2396308.810767016373575 ], [ 2518425.214142884593457, 2396318.022173500154167 ], [ 2518416.002952401991934, 2396318.022494968492538 ], [ 2518416.002770618535578, 2396327.23390145227313 ], [ 2518416.002588834613562, 2396336.445307936519384 ], [ 2518416.002407050691545, 2396345.656714420299977 ], [ 2518416.00222526723519, 2396354.86812090408057 ], [ 2518425.213415749836713, 2396354.867799435742199 ], [ 2518434.424414340406656, 2396354.867477973923087 ], [ 2518443.63560482300818, 2396354.867156505584717 ], [ 2518452.846795305609703, 2396354.866835037246346 ], [ 2518462.057793896645308, 2396354.866513575892895 ], [ 2518471.26898437878117, 2396354.866192107554525 ], [ 2518480.480174861382693, 2396354.865870639216155 ], [ 2518489.691365343984216, 2396354.865549170877784 ], [ 2518498.902363935019821, 2396354.865227709058672 ], [ 2518498.902182151097804, 2396364.076634192839265 ], [ 2518498.902000367175788, 2396373.288040676619858 ], [ 2518498.901818583253771, 2396382.499447160866112 ], [ 2518489.690819992218167, 2396382.499768622685224 ], [ 2518480.479629509616643, 2396382.500090091023594 ], [ 2518471.26843902701512, 2396382.500411559361964 ], [ 2518471.268620810937136, 2396373.28900507511571 ], [ 2518462.057248544879258, 2396382.500733027700335 ], [ 2518452.846249953843653, 2396382.501054489053786 ], [ 2518443.63505947124213, 2396382.501375957392156 ], [ 2518443.634877684060484, 2396391.712974369525909 ], [ 2518434.423687201458961, 2396391.71329583786428 ], [ 2518425.212688610889018, 2396391.713617299683392 ], [ 2518425.212506826967001, 2396400.925023783463985 ], [ 2518416.001316344365478, 2396400.925345251802355 ], [ 2518406.790125861763954, 2396400.925666720140725 ], [ 2518406.789944077841938, 2396410.137073203921318 ], [ 2518406.789762294385582, 2396419.348479687701911 ], [ 2518406.789580510463566, 2396428.559886171948165 ], [ 2518406.789398726541549, 2396437.771292655728757 ], [ 2518416.000589209143072, 2396437.770971187390387 ], [ 2518425.211779691744596, 2396437.770649719052017 ], [ 2518425.21159790828824, 2396446.982056202832609 ], [ 2518425.211416124366224, 2396456.193462686613202 ], [ 2518416.0002256417647, 2396456.193784154951572 ], [ 2518416.000043857842684, 2396465.405190638732165 ], [ 2518406.78885337524116, 2396465.405512107070535 ], [ 2518397.577854784671217, 2396465.405833568423986 ], [ 2518388.366664302069694, 2396465.406155036762357 ], [ 2518379.15547381946817, 2396465.406476505100727 ], [ 2518369.944475228432566, 2396465.406797966919839 ], [ 2518360.733284745831043, 2396465.40711943525821 ], [ 2518360.733466529753059, 2396456.195712951477617 ], [ 2518351.522276047617197, 2396456.196034419815987 ], [ 2518342.311277456581593, 2396456.196355881169438 ], [ 2518342.311095672659576, 2396465.407762364950031 ], [ 2518333.099905190058053, 2396465.408083833288401 ], [ 2518333.099723406601697, 2396474.619490317534655 ], [ 2518342.310913889203221, 2396474.619168849196285 ], [ 2518342.310732105281204, 2396483.830575332976878 ], [ 2518351.521730696316808, 2396483.830253871623427 ], [ 2518342.310550317633897, 2396493.042173745110631 ], [ 2518333.099359835032374, 2396493.042495213449001 ], [ 2518323.88816935243085, 2396493.042816681787372 ], [ 2518314.67679708590731, 2396502.254544633906335 ], [ 2518305.465798495337367, 2396502.254866095725447 ], [ 2518296.254608012735844, 2396502.255187564063817 ], [ 2518287.04341753013432, 2396502.255509032402188 ], [ 2518277.832237156108022, 2396511.467236978001893 ], [ 2518268.621046673506498, 2396511.467558445874602 ], [ 2518259.409674406982958, 2396520.679286397993565 ], [ 2518250.198675815947354, 2396520.679607859812677 ], [ 2518250.198494032025337, 2396529.891014344058931 ], [ 2518240.987121765967458, 2396539.102742296177894 ], [ 2518231.77574949990958, 2396548.314470248296857 ], [ 2518231.775567715987563, 2396557.52587673207745 ], [ 2518222.564569124951959, 2396557.526198193896562 ], [ 2518222.564387341495603, 2396566.737604678142816 ], [ 2518231.775385932531208, 2396566.737283216323704 ], [ 2518231.775204148609191, 2396575.948689700104296 ], [ 2518240.986394630745053, 2396575.948368231765926 ], [ 2518250.197585113346577, 2396575.948046763427556 ], [ 2518259.408583704382181, 2396575.947725301608443 ], [ 2518268.619774186983705, 2396575.947403833270073 ], [ 2518268.619592399336398, 2396585.159002245403826 ], [ 2518268.619410615414381, 2396594.370408729184419 ], [ 2518259.408220132812858, 2396594.370730197522789 ], [ 2518259.408038349356502, 2396603.582136681303382 ], [ 2518250.197039758320898, 2396603.582458143122494 ], [ 2518250.196857974398881, 2396612.793864626903087 ], [ 2518240.985667491797358, 2396612.794186095241457 ], [ 2518240.985485707875341, 2396622.005592579487711 ], [ 2518240.985303924418986, 2396631.216999063268304 ], [ 2518231.774113442283124, 2396631.217320531606674 ], [ 2518222.563114851247519, 2396631.217641993425786 ], [ 2518213.351924368645996, 2396631.217963461764157 ], [ 2518213.352106152102351, 2396622.006556977983564 ], [ 2518204.140915669500828, 2396622.006878446321934 ], [ 2518204.141097453422844, 2396612.79547196207568 ], [ 2518194.930098862852901, 2396612.795793423429132 ], [ 2518194.930280646774918, 2396603.584386939648539 ], [ 2518185.71927194762975, 2396594.373301924206316 ], [ 2518176.508081465028226, 2396594.373623392544687 ], [ 2518176.507899681571871, 2396603.585029876325279 ], [ 2518176.507717897649854, 2396612.796436360105872 ], [ 2518176.507536113727838, 2396622.007842844352126 ], [ 2518167.296345631126314, 2396622.008164312690496 ], [ 2518167.296163847669959, 2396631.219570796471089 ], [ 2518158.085165257100016, 2396631.219892258290201 ], [ 2518148.873792990576476, 2396640.431620210409164 ], [ 2518148.873611206654459, 2396649.643026694189757 ], [ 2518148.873429423198104, 2396658.85443317797035 ], [ 2518148.873247639276087, 2396668.065839662216604 ], [ 2518148.873065855354071, 2396677.277246145997196 ], [ 2518158.084256337955594, 2396677.276924677658826 ], [ 2518158.084074550308287, 2396686.488523089792579 ], [ 2518167.29507314087823, 2396686.488201627973467 ], [ 2518176.506081840023398, 2396695.699286643415689 ], [ 2518185.717272322624922, 2396695.698965175077319 ], [ 2518185.717090538702905, 2396704.910371658857912 ], [ 2518194.928281021304429, 2396704.910050190519542 ], [ 2518194.928099237382412, 2396714.121456674765795 ], [ 2518185.716908754780889, 2396714.121778143104166 ], [ 2518176.505718272179365, 2396714.122099611442536 ], [ 2518158.083529199007899, 2396714.122742541600019 ], [ 2518148.872338716406375, 2396714.123064009938389 ], [ 2518148.87215693295002, 2396723.334470493718982 ], [ 2518139.660966450348496, 2396723.334791962057352 ], [ 2518139.66078466642648, 2396732.546198445837945 ], [ 2518130.449604291468859, 2396741.757926390971988 ], [ 2518130.449240724090487, 2396760.180739358998835 ], [ 2518121.237868458032608, 2396769.392467311117798 ], [ 2518121.237686674576253, 2396778.603873794898391 ], [ 2518121.237504886928946, 2396787.815472207032144 ], [ 2518121.237323103006929, 2396797.026878690812737 ], [ 2518130.448513585142791, 2396797.026557222474366 ], [ 2518139.659512176178396, 2396797.026235761120915 ], [ 2518139.659693960100412, 2396787.814829277340323 ], [ 2518148.870884442701936, 2396787.814507809001952 ], [ 2518158.081893141381443, 2396797.025592824444175 ], [ 2518167.292891731951386, 2396797.025271362625062 ], [ 2518167.292709948029369, 2396806.236677846405655 ], [ 2518176.503900430630893, 2396806.236356378067285 ], [ 2518185.715090913232416, 2396806.236034909728914 ], [ 2518185.714909129776061, 2396815.447441393975168 ], [ 2518194.926099612377584, 2396815.447119925636798 ], [ 2518194.925917828455567, 2396824.658526409417391 ], [ 2518194.925736044533551, 2396833.869932893197984 ], [ 2518185.714363778475672, 2396843.081660845316947 ], [ 2518185.714181994553655, 2396852.2930673295632 ], [ 2518176.502991511952132, 2396852.293388797901571 ], [ 2518176.502809728030115, 2396861.504795281682163 ], [ 2518176.50262794457376, 2396870.716201765462756 ], [ 2518185.713818427175283, 2396870.715880297124386 ], [ 2518185.713636639527977, 2396879.927478709258139 ], [ 2518194.9248271221295, 2396879.927157240919769 ], [ 2518194.924645338207483, 2396889.138563724700361 ], [ 2518194.924463554285467, 2396898.349970208480954 ], [ 2518185.713091288227588, 2396907.561698161065578 ], [ 2518176.501900805626065, 2396907.562019629403949 ], [ 2518167.290710323024541, 2396907.562341097742319 ], [ 2518158.079711732454598, 2396907.562662559561431 ], [ 2518148.868521249853075, 2396907.562984027899802 ], [ 2518139.657330767251551, 2396907.563305496238172 ], [ 2518130.446332176215947, 2396907.563626957591623 ], [ 2518130.44615039229393, 2396916.775033441372216 ], [ 2518130.445968608371913, 2396925.986439925152808 ], [ 2518139.656967199407518, 2396925.986118463799357 ], [ 2518148.867975898552686, 2396935.19720347924158 ], [ 2518158.078984597232193, 2396944.408288494683802 ], [ 2518167.289983187802136, 2396944.40796703286469 ], [ 2518176.501173670403659, 2396944.40764556452632 ], [ 2518176.500991886481643, 2396953.619052048772573 ], [ 2518176.500810103025287, 2396962.830458532553166 ], [ 2518185.711818801704794, 2396972.041543547995389 ], [ 2518185.711637014057487, 2396981.253141960129142 ], [ 2518185.711455230135471, 2396990.464548443909734 ], [ 2518176.500082964077592, 2396999.676276396494359 ], [ 2518167.288710697554052, 2397008.888004348613322 ], [ 2518167.288528913632035, 2397018.099410832393914 ], [ 2518158.077530323062092, 2397018.099732294213027 ], [ 2518158.077348539605737, 2397027.311138777993619 ], [ 2518148.866158057004213, 2397027.31146024633199 ], [ 2518139.65496757440269, 2397027.31178171467036 ], [ 2518139.655149357859045, 2397018.100375230889767 ], [ 2518130.444150766823441, 2397018.100696692243218 ], [ 2518121.233142068609595, 2397008.889611676800996 ], [ 2518112.021951586008072, 2397008.889933145139366 ], [ 2518102.810952994972467, 2397008.890254606958479 ], [ 2518093.599762512370944, 2397008.890576075296849 ], [ 2518084.388572029769421, 2397008.890897543635219 ], [ 2518075.177573439199477, 2397008.89121900498867 ], [ 2518065.966382956597954, 2397008.891540473327041 ], [ 2518065.966201172675937, 2397018.102946957107633 ], [ 2518056.755010690074414, 2397018.103268425446004 ], [ 2518056.754828906618059, 2397027.314674909226596 ], [ 2518056.754647122696042, 2397036.526081393007189 ], [ 2518056.754465338774025, 2397045.737487877253443 ], [ 2518056.75428355531767, 2397054.948894361034036 ], [ 2518065.965474037919194, 2397054.948572892695665 ], [ 2518065.965292253997177, 2397064.159979376476258 ], [ 2518075.1764827365987, 2397064.159657908137888 ], [ 2518084.387299539521337, 2397073.37093485891819 ], [ 2518084.38711775559932, 2397082.582341342698783 ], [ 2518084.386935972142965, 2397091.793747826479375 ], [ 2518084.386754188220948, 2397101.005154310725629 ], [ 2518084.386572404298931, 2397110.216560794506222 ], [ 2518075.175573813728988, 2397110.216882255859673 ], [ 2518075.175392030272633, 2397119.428288739640266 ], [ 2518075.1750284624286, 2397137.851101707667112 ], [ 2518084.385845269542187, 2397147.062186730094254 ], [ 2518075.174846678972244, 2397147.062508191447705 ], [ 2518075.174664895050228, 2397156.273914675228298 ], [ 2518065.963292628526688, 2397165.485642627347261 ], [ 2518056.752102145925164, 2397165.485964095685631 ], [ 2518047.540921767707914, 2397174.697883969638497 ], [ 2518038.329731285106391, 2397174.698205437976867 ], [ 2518029.118359019048512, 2397183.90993339009583 ], [ 2518019.907178644090891, 2397193.121661335695535 ], [ 2518019.906996860168874, 2397202.333067819476128 ], [ 2518010.695806377567351, 2397202.333389287814498 ], [ 2518010.695624594110996, 2397211.544795771595091 ], [ 2518010.695442810188979, 2397220.756202255375683 ], [ 2518019.906633292790502, 2397220.755880787037313 ], [ 2518010.695261026266962, 2397229.967608739156276 ], [ 2518019.906451508868486, 2397229.967287270817906 ], [ 2518019.90626972541213, 2397239.17869375506416 ], [ 2518029.117268316447735, 2397239.178372293710709 ], [ 2518038.328277015127242, 2397248.389457309152931 ], [ 2518047.539285713806748, 2397257.600542324595153 ], [ 2518047.539103930350393, 2397266.811948808375746 ], [ 2518056.750102520920336, 2397266.811627346556634 ], [ 2518056.749920733273029, 2397276.023225758690387 ], [ 2518056.749738949351013, 2397285.234632242936641 ], [ 2518056.749557165428996, 2397294.446038726717234 ], [ 2518065.960565864574164, 2397303.657123742159456 ], [ 2518065.960384080652148, 2397312.868530225940049 ], [ 2518065.960202296730131, 2397322.079936709720641 ], [ 2518065.960020513273776, 2397331.291343193966895 ], [ 2518065.959838729351759, 2397340.502749677747488 ], [ 2518075.171029211953282, 2397340.502428209409118 ], [ 2518075.170847428031266, 2397349.71383469318971 ], [ 2518075.17066564457491, 2397358.925241176970303 ], [ 2518075.170483856927603, 2397368.136839589104056 ], [ 2518075.170302073005587, 2397377.348246072884649 ], [ 2518075.17012028908357, 2397386.559652557130903 ], [ 2518084.380937096197158, 2397395.770737579558045 ], [ 2518084.380755312275141, 2397404.982144063338637 ], [ 2518084.380573528353125, 2397414.19355054711923 ], [ 2518084.380209960974753, 2397432.616363515146077 ], [ 2518093.59121865965426, 2397441.827448530588299 ], [ 2518093.591036876197904, 2397451.038855014368892 ], [ 2518093.590855092275888, 2397460.250261498149484 ], [ 2518084.379482822027057, 2397469.462181378621608 ], [ 2518075.168484231457114, 2397469.462502839975059 ], [ 2518075.168302448000759, 2397478.673909324221313 ], [ 2518065.957111965399235, 2397478.674230792559683 ], [ 2518065.956930181477219, 2397487.885637276340276 ], [ 2518065.956748397555202, 2397497.097043760120869 ], [ 2518065.956566613633186, 2397506.308450243901461 ], [ 2518065.956203046254814, 2397524.731263211928308 ], [ 2518056.744648996274918, 2397543.154397647827864 ], [ 2518056.744467212352902, 2397552.365804131608456 ], [ 2518047.533105050679296, 2397570.789130489807576 ], [ 2518047.53292326675728, 2397580.000536973588169 ], [ 2518047.532741482835263, 2397589.211943457368761 ], [ 2518047.532559698913246, 2397598.423349941149354 ], [ 2518047.532377915456891, 2397607.634756424929947 ], [ 2518047.532196131534874, 2397616.846162909176201 ], [ 2518038.321005648933351, 2397616.846484377514571 ], [ 2518038.320823865011334, 2397626.057890861295164 ], [ 2518029.109633382409811, 2397626.058212329633534 ], [ 2518019.898634791374207, 2397626.058533790986985 ], [ 2518010.687262525316328, 2397635.270261743105948 ], [ 2518001.476072043180466, 2397635.270583211444318 ], [ 2517992.264699776656926, 2397644.482311163563281 ], [ 2517983.053701185621321, 2397644.482632625382394 ], [ 2517983.053519401699305, 2397653.694039109162986 ], [ 2517992.264336205553263, 2397662.905316059477627 ], [ 2518001.47534490423277, 2397672.116401075385511 ], [ 2518010.686535386368632, 2397672.116079607047141 ], [ 2518001.475163120310754, 2397681.327807559166104 ], [ 2517992.263790854252875, 2397690.539535511285067 ], [ 2517983.05279226321727, 2397690.539856973104179 ], [ 2517983.052610479295254, 2397699.751263456884772 ], [ 2517973.84141999669373, 2397699.751584925223142 ], [ 2517973.841238212771714, 2397708.962991409469396 ], [ 2517964.63004773017019, 2397708.963312877807766 ], [ 2517955.418867355678231, 2397718.17504082294181 ], [ 2517955.418685572221875, 2397727.386447306722403 ], [ 2517955.418503788299859, 2397736.597853790502995 ], [ 2517955.418322004377842, 2397745.809260274283588 ], [ 2517964.62913880776614, 2397755.02053722506389 ], [ 2517955.41795843327418, 2397764.232265170663595 ], [ 2517955.417776649352163, 2397773.443671654444188 ], [ 2517946.20658616675064, 2397773.443993122782558 ], [ 2517936.995213900692761, 2397782.655721074901521 ], [ 2517927.784215310122818, 2397782.656042536720634 ], [ 2517927.784033526200801, 2397791.867449020501226 ], [ 2517927.783851742278785, 2397801.078855504281819 ], [ 2517927.783669958356768, 2397810.290261988528073 ], [ 2517927.783488174900413, 2397819.501668472308666 ], [ 2517927.783306390978396, 2397828.713074956089258 ], [ 2517927.783124607056379, 2397837.924481439869851 ], [ 2517918.571752340998501, 2397847.136209391988814 ], [ 2517909.360561858396977, 2397847.136530860327184 ], [ 2517900.149563267361373, 2397847.136852322146297 ], [ 2517890.938190997112542, 2397856.348772203084081 ], [ 2517881.72700051497668, 2397856.349093671422452 ], [ 2517881.726818731054664, 2397865.560500155203044 ], [ 2517890.938009213190526, 2397865.560178686864674 ], [ 2517900.149199695792049, 2397865.559857218526304 ], [ 2517909.360016503371298, 2397874.770942240487784 ], [ 2517909.359834719449282, 2397883.982348724268377 ], [ 2517900.148836128413677, 2397883.982670186087489 ], [ 2517900.148654344491661, 2397893.194076669868082 ], [ 2517890.937282078433782, 2397902.405804622452706 ], [ 2517890.937100294511765, 2397911.617211106233299 ], [ 2517890.936918510589749, 2397920.828617590013891 ], [ 2517890.936736726667732, 2397930.040024073794484 ], [ 2517890.936554943211377, 2397939.251430557575077 ], [ 2517890.93637315928936, 2397948.462837041821331 ], [ 2517881.725182677153498, 2397948.463158510159701 ], [ 2517872.514002298470587, 2397957.675078383646905 ], [ 2517863.302811815869063, 2397957.675399851985276 ], [ 2517854.09162133326754, 2397957.675721320323646 ], [ 2517844.880430850666016, 2397957.676042788662016 ], [ 2517835.669432260096073, 2397957.676364250481129 ], [ 2517835.669250476639718, 2397966.887770734261721 ], [ 2517835.669068692717701, 2397976.099177218042314 ], [ 2517835.668886908795685, 2397985.310583701822907 ], [ 2517844.879885499365628, 2397985.310262240003794 ], [ 2517854.091075981967151, 2397985.309940771665424 ], [ 2517863.302084681112319, 2397994.521025787573308 ], [ 2517872.513275163713843, 2397994.520704319234937 ], [ 2517890.935282452963293, 2398003.731467873323709 ], [ 2517900.146291151642799, 2398012.942552888765931 ], [ 2517890.934918885584921, 2398022.154280840884894 ], [ 2517881.723728403449059, 2398022.154602309223264 ], [ 2517872.512729812413454, 2398022.154923770576715 ], [ 2517863.301539329811931, 2398022.155245238915086 ], [ 2517863.301357545889914, 2398031.366651722695678 ], [ 2517863.301175761967897, 2398040.578058206941932 ], [ 2517863.30099397432059, 2398049.789656619075686 ], [ 2517872.512002673465759, 2398059.000741634517908 ], [ 2517881.723001264501363, 2398059.000420173164457 ], [ 2517890.934191746637225, 2398059.000098704826087 ], [ 2517890.934009962715209, 2398068.211505188606679 ], [ 2517900.145018661394715, 2398077.422590204048902 ], [ 2517900.144655094016343, 2398095.845403172075748 ], [ 2517900.144473310094327, 2398105.056809655856341 ], [ 2517890.933282827492803, 2398105.057131124194711 ], [ 2517881.721910561900586, 2398114.268859076313674 ], [ 2517872.510911970864981, 2398114.269180537667125 ], [ 2517863.299721488263458, 2398114.269502006005496 ], [ 2517863.299903271719813, 2398105.058095522224903 ], [ 2517854.08871278911829, 2398105.058416990563273 ], [ 2517844.877522306516767, 2398105.058738458901644 ], [ 2517835.666523715946823, 2398105.059059920720756 ], [ 2517826.4553332333453, 2398105.059381389059126 ], [ 2517826.455151449888945, 2398114.270787872839719 ], [ 2517826.454969665966928, 2398123.482194356620312 ], [ 2517835.665978364646435, 2398132.693279372062534 ], [ 2517844.876976955216378, 2398132.692957910243422 ], [ 2517854.088167437817901, 2398132.692636441905051 ], [ 2517863.299357920419425, 2398132.692314973566681 ], [ 2517863.299176136497408, 2398141.903721457812935 ], [ 2517872.510366619098932, 2398141.903399989474565 ], [ 2517881.72118342295289, 2398151.114676940254867 ], [ 2517890.932192121166736, 2398160.325761955697089 ], [ 2517890.932010337244719, 2398169.537168439477682 ], [ 2517900.143019036389887, 2398178.748253454919904 ], [ 2517900.142837252467871, 2398187.959659939166158 ], [ 2517900.142655468545854, 2398197.171066422946751 ], [ 2517900.142473685089499, 2398206.382472906727344 ], [ 2517900.142291901167482, 2398215.593879390507936 ], [ 2517900.142110117245466, 2398224.805285874288529 ], [ 2517900.14192833378911, 2398234.016692358534783 ], [ 2517909.352745137177408, 2398243.227969308849424 ], [ 2517909.352563353255391, 2398252.439375792630017 ], [ 2517900.14138297829777, 2398261.651103738229722 ], [ 2517900.141201194841415, 2398270.862510222010314 ], [ 2517909.352018001955003, 2398280.073595244437456 ], [ 2517909.351836218032986, 2398289.285001728218049 ], [ 2517909.351654434576631, 2398298.496408211998641 ], [ 2517918.562844917178154, 2398298.496086743660271 ], [ 2517927.774035399779677, 2398298.495765275321901 ], [ 2517936.985033990349621, 2398298.495443813502789 ], [ 2517936.984852206427604, 2398307.706850297283381 ], [ 2517946.196042689029127, 2398307.706528828945011 ], [ 2517946.195860905107111, 2398316.917935312725604 ], [ 2517946.195679121650755, 2398326.129341796971858 ], [ 2517936.984488639049232, 2398326.129663265310228 ], [ 2517927.773490048479289, 2398326.12998472712934 ], [ 2517918.562299565877765, 2398326.13030619546771 ], [ 2517918.562117781955749, 2398335.341712679248303 ], [ 2517918.561935994308442, 2398344.553311091382056 ], [ 2517918.561754210386425, 2398353.764717575162649 ], [ 2517927.772762909531593, 2398362.975802590604872 ], [ 2517927.772581125609577, 2398372.187209074385464 ], [ 2517927.77239934168756, 2398381.398615558631718 ], [ 2517918.561208859086037, 2398381.398937026970088 ], [ 2517909.350018376484513, 2398381.399258495308459 ], [ 2517900.138838001992553, 2398390.610986440908164 ], [ 2517890.927465735469013, 2398399.822714393027127 ], [ 2517881.716093469411135, 2398409.03444234514609 ], [ 2517881.715911685954779, 2398418.245848828926682 ], [ 2517881.715729902032763, 2398427.457255313172936 ], [ 2517890.926738600246608, 2398436.668340328615159 ], [ 2517900.137747295200825, 2398445.879617272410542 ], [ 2517909.348564102780074, 2398455.090702294372022 ], [ 2517918.559754585381597, 2398455.090380826033652 ], [ 2517927.770945067983121, 2398455.090059357695282 ], [ 2517946.193134141154587, 2398455.089416427537799 ], [ 2517955.404324623756111, 2398455.089094959199429 ], [ 2517964.615141430404037, 2398464.30017998162657 ], [ 2517964.614959646482021, 2398473.511586465872824 ], [ 2517955.403961055912077, 2398473.511907927226275 ], [ 2517946.192588789854199, 2398482.723635879345238 ], [ 2517946.192407005932182, 2398491.935042363125831 ], [ 2517936.981034739408642, 2398501.146770315244794 ], [ 2517936.980852955952287, 2398510.358176799025387 ], [ 2517936.98067117203027, 2398519.569583283271641 ], [ 2517927.76949079753831, 2398528.781311228871346 ], [ 2517936.980307600460947, 2398537.992588179185987 ], [ 2517946.19149808306247, 2398537.992266710847616 ], [ 2517955.4028703533113, 2398528.780346830375493 ], [ 2517964.613687156233937, 2398537.991623781155795 ], [ 2517973.824695855379105, 2398547.202708796598017 ], [ 2517973.824514071457088, 2398556.41411528037861 ], [ 2517983.035704554058611, 2398556.41379381204024 ], [ 2517992.246703145094216, 2398556.413472350221127 ], [ 2518001.458075411617756, 2398547.201744398102164 ], [ 2518010.669447677209973, 2398537.990016445983201 ], [ 2518019.880638159811497, 2398537.989694977644831 ], [ 2518029.091454967390746, 2398547.20078 ], [ 2518038.302463666070253, 2398556.411865015514195 ], [ 2518038.302281882148236, 2398565.623271499760449 ], [ 2518038.302100098691881, 2398574.834677983541042 ], [ 2518047.513290581293404, 2398574.834356515202671 ], [ 2518047.513108797371387, 2398584.045762998983264 ], [ 2518047.512927013449371, 2398593.257169482763857 ], [ 2518047.512745229993016, 2398602.468575966544449 ], [ 2518038.301372963469476, 2398611.680303919129074 ], [ 2518029.090364264789969, 2398602.46921890322119 ], [ 2518019.879365673754364, 2398602.469540364574641 ], [ 2518019.87954745721072, 2398593.258133880794048 ], [ 2518010.668356974609196, 2398593.258455349132419 ], [ 2518010.668538758531213, 2398584.047048865351826 ], [ 2518001.457348276395351, 2398584.047370333690196 ], [ 2517992.246339577715844, 2398574.836285318247974 ], [ 2517983.035340986680239, 2398574.836606780067086 ], [ 2517983.035159202758223, 2398584.048013263847679 ], [ 2517983.034977418836206, 2398593.259419747628272 ], [ 2517983.034795635379851, 2398602.470826231408864 ], [ 2517983.034613851457834, 2398611.682232715655118 ], [ 2517983.034432067535818, 2398620.893639199435711 ], [ 2517983.034250284079462, 2398630.105045683216304 ], [ 2517983.034068496432155, 2398639.316644095350057 ], [ 2517983.033886712510139, 2398648.52805057913065 ], [ 2517992.244703519623727, 2398657.73913560109213 ], [ 2517992.244521736167371, 2398666.950542085338384 ], [ 2518001.455712218768895, 2398666.950220617000014 ], [ 2518001.45589400222525, 2398657.73881413275376 ], [ 2518010.667084484361112, 2398657.738492664415389 ], [ 2518019.878456750884652, 2398648.526764712296426 ], [ 2518029.089455341920257, 2398648.526443250942975 ], [ 2518038.300464040599763, 2398657.737528266385198 ], [ 2518047.511472739744931, 2398666.948613282293081 ], [ 2518047.511290955822915, 2398676.160019766073674 ], [ 2518047.511109171900898, 2398685.371426249854267 ], [ 2518038.299918689299375, 2398685.371747718192637 ], [ 2518038.299736905843019, 2398694.58315420197323 ], [ 2518029.088546423241496, 2398694.5834756703116 ], [ 2518029.088364639319479, 2398703.794882154557854 ] ] } },
{ "type": "Feature", "properties": { }, "geometry": { "type": "LineString", "coordinates": [ [ 2518029.088364639319479, 2398703.794882154557854 ], [ 2518019.877184264361858, 2398713.006610099691898 ], [ 2518019.877002480905503, 2398722.21801658347249 ], [ 2518019.876820693258196, 2398731.429614995606244 ], [ 2518029.087819284293801, 2398731.429293534252793 ], [ 2518038.299009766895324, 2398731.428972065914422 ], [ 2518047.510382037144154, 2398722.217052185442299 ], [ 2518056.721198840066791, 2398731.42832913575694 ], [ 2518065.932389322668314, 2398731.428007667418569 ], [ 2518075.143579805269837, 2398731.427686199080199 ], [ 2518075.143398021347821, 2398740.639092682860792 ], [ 2518075.143216237425804, 2398749.850499166641384 ], [ 2518075.143034453969449, 2398759.061905650887638 ], [ 2518075.142852670047432, 2398768.273312134668231 ], [ 2518075.142670886125416, 2398777.484718618448824 ], [ 2518065.931298620067537, 2398786.696446570567787 ], [ 2518065.93111683614552, 2398795.907853054348379 ], [ 2518056.719926353543997, 2398795.90817452268675 ], [ 2518047.508927762974054, 2398795.908495984505862 ], [ 2518038.297555496450514, 2398805.120223937090486 ], [ 2518038.297373712994158, 2398814.331630420871079 ], [ 2518038.297191929072142, 2398823.543036904651672 ], [ 2518038.297010141424835, 2398832.754635316785425 ], [ 2518038.296828357502818, 2398841.966041800566018 ], [ 2518029.085637874901295, 2398841.966363268904388 ], [ 2518029.085456091444939, 2398851.177769753150642 ], [ 2518019.874275716487318, 2398860.389497698284686 ], [ 2518019.874093932565302, 2398869.600904182065278 ], [ 2518019.873912149108946, 2398878.812310665845871 ], [ 2518010.662539882585406, 2398888.024038617964834 ], [ 2518010.66235809866339, 2398897.235445102211088 ], [ 2518010.662176315207034, 2398906.446851585991681 ], [ 2518019.873185013886541, 2398915.657936601433903 ], [ 2518019.873003226239234, 2398924.869535013567656 ], [ 2518029.084001817274839, 2398924.869213552214205 ], [ 2518038.295192299876362, 2398924.868892083875835 ], [ 2518038.295374087523669, 2398915.657293671742082 ], [ 2518047.506564570125192, 2398915.656972203403711 ], [ 2518047.506746354047209, 2398906.445565719623119 ], [ 2518056.717744944617152, 2398906.445244257804006 ], [ 2518065.928753643296659, 2398915.656329273246229 ], [ 2518075.139944125898182, 2398915.656007804907858 ], [ 2518084.350760928820819, 2398924.867284755688161 ], [ 2518093.561951411422342, 2398924.86696328734979 ], [ 2518102.773141894023865, 2398924.86664181901142 ], [ 2518102.772960110101849, 2398934.078048302792013 ], [ 2518102.772596542723477, 2398952.500861270818859 ], [ 2518093.561224276199937, 2398961.712589222937822 ], [ 2518102.77241475880146, 2398961.712267754599452 ], [ 2518102.772232975345105, 2398970.923674238380045 ], [ 2518102.772051191423088, 2398980.135080722160637 ], [ 2518093.560860708821565, 2398980.135402190499008 ], [ 2518093.560678924899548, 2398989.346808674745262 ], [ 2518084.349488442298025, 2398989.347130143083632 ], [ 2518075.138308068271726, 2398998.558858088217676 ], [ 2518075.13812628434971, 2399007.770264571998268 ], [ 2518075.137944500427693, 2399016.981671055778861 ], [ 2518075.137762713246047, 2399026.193269467912614 ], [ 2518065.926572230644524, 2399026.193590936250985 ], [ 2518065.926390446722507, 2399035.404997420031577 ], [ 2518065.926208662800491, 2399044.616403904277831 ], [ 2518075.137399145402014, 2399044.616082435939461 ], [ 2518075.137217361479998, 2399053.827488919720054 ], [ 2518075.137035578023642, 2399063.038895403500646 ], [ 2518075.136853794101626, 2399072.250301887281239 ], [ 2518075.136672010179609, 2399081.461708371061832 ], [ 2518065.925481527578086, 2399081.462029839400202 ], [ 2518065.92529974412173, 2399090.673436323646456 ], [ 2518065.925117960199714, 2399099.884842807427049 ], [ 2518065.924936176277697, 2399109.096249291207641 ], [ 2518065.924754392821342, 2399118.307655774988234 ], [ 2518065.924572605174035, 2399127.519254187121987 ], [ 2518056.713200338650495, 2399136.730982139706612 ], [ 2518047.502201748080552, 2399136.731303601525724 ], [ 2518047.502019964158535, 2399145.942710085306317 ], [ 2518038.290829481557012, 2399145.943031553644687 ], [ 2518038.290647698100656, 2399155.15443803742528 ] ] } }
]
}
