{
"type": "FeatureCollection",
"name": "fdp",
"crs": { "type": "name", "properties": { "name": "urn:ogc:def:crs:EPSG::3111" } },
"features": [
{ "type": "Feature", "properties": { }, "geometry": { "type": "LineString", "coordinates": [ [ 2265999.09438362531364, 2489710.224516565911472 ], [ 2265788.768220891244709, 2489499.905663404148072 ], [ 2265772.589337158948183, 2489499.905663404148072 ], [ 2265772.589337158948183, 2489467.549098279327154 ], [ 2265756.410116317681968, 2489321.943712466862053 ], [ 2265691.694581389892846, 2489257.230245117098093 ], [ 2265675.515697658061981, 2489241.051794004626572 ], [ 2265643.157593084964901, 2489241.051794004626572 ], [ 2265562.262837315909564, 2489257.230245117098093 ], [ 2265546.083953584078699, 2489241.051794004626572 ], [ 2264947.462895736563951, 2488642.452473843935877 ], [ 2264769.494500466156751, 2488464.490522906649858 ], [ 2264429.736593658104539, 2488804.236310768406838 ], [ 2264073.7998031177558, 2489160.160212642513216 ], [ 2263992.905047348700464, 2489079.268294180277735 ], [ 2263912.010291579645127, 2488982.198261705227196 ], [ 2263523.715733575634658, 2489354.300614691805094 ], [ 2263313.389233732130378, 2489143.981761530041695 ], [ 2263103.063070998061448, 2488917.484794355463237 ], [ 2262908.915791995823383, 2488707.165941193699837 ], [ 2262892.736571154557168, 2488690.98782718135044 ], [ 2262358.831385344266891, 2488140.923523257952183 ], [ 2261970.536827340256423, 2487736.464268045965582 ], [ 2261921.999839034862816, 2487687.929251808673143 ], [ 2261468.989408993627876, 2487234.935317459981889 ], [ 2261355.736885760910809, 2487121.68683387292549 ], [ 2261339.557664919644594, 2487105.508382760453969 ], [ 2261307.199897455517203, 2487105.508382760453969 ], [ 2260773.294711645226926, 2487089.329931647982448 ], [ 2260757.11582791339606, 2487089.329931647982448 ], [ 2260757.11582791339606, 2487073.151480535510927 ], [ 2260773.294711645226926, 2485859.774726201314479 ], [ 2260757.11582791339606, 2485697.990889276843518 ], [ 2260061.42113056499511, 2485665.6343241520226 ], [ 2258993.610421834979206, 2486717.22757866140455 ], [ 2258961.252654370851815, 2486749.584480886347592 ], [ 2258961.252654370851815, 2486733.406029773876071 ], [ 2258945.07377063902095, 2486717.22757866140455 ], [ 2258880.357898601796478, 2486684.871013536583632 ], [ 2258831.821247405838221, 2486636.335997299291193 ], [ 2258799.463142832741141, 2486603.979095074348152 ], [ 2258783.284259100910276, 2486555.444078837055713 ], [ 2258686.210619599558413, 2486458.374046362470835 ], [ 2258670.031735867727548, 2486458.374046362470835 ], [ 2258621.494747562799603, 2486442.195595249533653 ], [ 2258621.494747562799603, 2486393.660579012241215 ], [ 2258605.315863830503076, 2486361.303676787298173 ], [ 2258572.958096366841346, 2486345.125225674826652 ], [ 2258556.778875525575131, 2486328.947111662477255 ], [ 2258556.778875525575131, 2486312.768660550005734 ], [ 2258540.599991793744266, 2486312.768660550005734 ], [ 2258508.242224329616874, 2486296.590209437534213 ], [ 2258492.063340597786009, 2486280.412095425184816 ], [ 2258217.020968717057258, 2486005.379774913191795 ], [ 2258168.484317521564662, 2485940.666307563427836 ], [ 2258119.947329216171056, 2485892.131291326135397 ], [ 2258087.589561752043664, 2485843.596275088842958 ], [ 2258071.410678020212799, 2485827.417823976371437 ], [ 2257990.515922251157463, 2485778.882807739078999 ], [ 2257958.157817678060383, 2485730.34779150178656 ], [ 2257941.978933946229517, 2485697.990889276843518 ], [ 2257925.800050213932991, 2485649.455873039551079 ], [ 2257893.442282750271261, 2485617.099307914730161 ], [ 2257828.726410713046789, 2485520.028938339557499 ], [ 2257812.547526981215924, 2485471.49392210226506 ], [ 2257796.368643248919398, 2485422.958905864972621 ], [ 2257780.189422408118844, 2485374.423889627680182 ], [ 2257747.831654943991452, 2485309.710422277916223 ], [ 2257602.221027137711644, 2484921.429618178866804 ], [ 2257569.863259674049914, 2484824.359585704281926 ], [ 2257537.505492209922522, 2484759.646118354517967 ], [ 2257505.147387636825442, 2484630.219183654524386 ], [ 2257472.789620172698051, 2484581.684167417231947 ], [ 2257408.07374813593924, 2484581.684167417231947 ], [ 2257278.642341170925647, 2484630.219183654524386 ], [ 2257246.284236597362906, 2484630.219183654524386 ], [ 2256275.547504477668554, 2484597.862281429581344 ], [ 2256194.652748708613217, 2484614.040732542052865 ], [ 2256162.294981244951487, 2484614.040732542052865 ], [ 2256065.221341743599623, 2484597.862281429581344 ], [ 2255774.000086131505668, 2484597.862281429581344 ], [ 2255709.284214094281197, 2484597.862281429581344 ], [ 2255596.031690861098468, 2484597.862281429581344 ], [ 2255353.347423553932458, 2484597.862281429581344 ], [ 2255337.168539822101593, 2484597.862281429581344 ], [ 2254301.715935665182769, 2484565.505716304760426 ], [ 2254285.537051933351904, 2484614.040732542052865 ], [ 2254253.179284469224513, 2484662.575748779345304 ], [ 2254269.358168201521039, 2484549.327265192288905 ], [ 2254269.358168201521039, 2484516.970700067467988 ], [ 2254269.358168201521039, 2484468.435683830175549 ], [ 2254285.537051933351904, 2484306.651846905238926 ], [ 2254269.358168201521039, 2484258.116830667946488 ], [ 2254285.537051933351904, 2483837.479461444076151 ], [ 2254301.715935665182769, 2483788.944445206783712 ], [ 2254301.715935665182769, 2483756.58754298184067 ], [ 2254317.894819397479296, 2483627.160945382434875 ], [ 2254317.894819397479296, 2483513.912124694790691 ], [ 2254301.715935665182769, 2483319.772059745620936 ], [ 2254301.715935665182769, 2483255.058592395856977 ], [ 2254334.074040238745511, 2483190.345125046093017 ], [ 2254334.074040238745511, 2483141.810108808800578 ], [ 2254317.894819397479296, 2483077.096641459036618 ], [ 2254301.715935665182769, 2483028.561288121156394 ], [ 2254301.715935665182769, 2483012.383174108806998 ], [ 2254253.179284469224513, 2483028.561288121156394 ], [ 2254237.000063628423959, 2483028.561288121156394 ], [ 2254237.000063628423959, 2483012.383174108806998 ], [ 2254220.821179896127433, 2483012.383174108806998 ], [ 2254204.642296164296567, 2483012.383174108806998 ], [ 2254188.463412432465702, 2483028.561288121156394 ], [ 2254172.284528700169176, 2483028.561288121156394 ], [ 2254139.926424127072096, 2483028.561288121156394 ], [ 2254123.747540395241231, 2483028.561288121156394 ], [ 2254123.747540395241231, 2483044.739739233627915 ], [ 2254107.568656663410366, 2483044.739739233627915 ], [ 2254091.389772931113839, 2483044.739739233627915 ], [ 2254075.210889199282974, 2483028.561288121156394 ], [ 2254059.031668358016759, 2483028.561288121156394 ], [ 2254026.673900894355029, 2483028.561288121156394 ], [ 2254010.495017162058502, 2483044.739739233627915 ], [ 2253961.958028857130557, 2483060.918190346099436 ], [ 2253913.421377661172301, 2483077.096641459036618 ], [ 2253881.063273088075221, 2483093.274755470920354 ], [ 2253848.705505623947829, 2483109.453206583857536 ], [ 2253832.526621892116964, 2483125.631657696329057 ], [ 2253816.347738160286099, 2483125.631657696329057 ], [ 2253800.168517319019884, 2483125.631657696329057 ], [ 2253800.168517319019884, 2483141.810108808800578 ], [ 2253783.989633586723357, 2483141.810108808800578 ], [ 2253767.810749854892492, 2483157.988222821149975 ], [ 2253735.452982391230762, 2483190.345125046093017 ], [ 2253703.094877817668021, 2483238.880141283385456 ], [ 2253686.915994085837156, 2483255.058592395856977 ], [ 2253622.200122048612684, 2483319.772059745620936 ], [ 2253622.200122048612684, 2483335.950173757970333 ], [ 2253589.842354584950954, 2483368.307075982913375 ], [ 2253589.842354584950954, 2483384.485527095384896 ], [ 2253573.663470853120089, 2483400.663641107734293 ], [ 2253557.484587120823562, 2483400.663641107734293 ], [ 2253541.305366279557347, 2483400.663641107734293 ], [ 2253525.126482547726482, 2483416.842092220205814 ], [ 2253508.947598815895617, 2483416.842092220205814 ], [ 2253476.589831351768225, 2483416.842092220205814 ], [ 2253460.41094761993736, 2483416.842092220205814 ], [ 2253444.231726778671145, 2483416.842092220205814 ], [ 2253428.05284304684028, 2483433.020543332677335 ], [ 2253411.873959314543754, 2483433.020543332677335 ], [ 2253379.516191850882024, 2483449.198657345026731 ], [ 2253363.336971009615809, 2483465.377108457498252 ], [ 2253330.979203545488417, 2483481.555559569969773 ], [ 2253298.621436081826687, 2483497.734010682906955 ], [ 2253298.621436081826687, 2483513.912124694790691 ], [ 2253282.442215240560472, 2483513.912124694790691 ], [ 2253266.263331508729607, 2483530.090575807727873 ], [ 2253266.263331508729607, 2483546.269026920199394 ], [ 2253250.08444777643308, 2483562.447478032670915 ], [ 2253250.08444777643308, 2483578.625592045020312 ], [ 2253233.905564044602215, 2483627.160945382434875 ], [ 2253233.905564044602215, 2483675.695961619727314 ], [ 2253217.72668031277135, 2483708.052526744548231 ], [ 2253217.72668031277135, 2483724.230977857019752 ], [ 2253217.72668031277135, 2483740.409428969491273 ], [ 2253201.547796580474824, 2483756.58754298184067 ], [ 2253185.36857573967427, 2483788.944445206783712 ], [ 2253185.36857573967427, 2483805.122896319255233 ], [ 2253153.010808275546879, 2483869.836363669019192 ], [ 2253120.653040811419487, 2483902.19292879384011 ], [ 2253120.653040811419487, 2483918.371379906777292 ], [ 2253120.653040811419487, 2483934.549493918661028 ], [ 2253104.473819970618933, 2483950.72794503159821 ], [ 2253088.294936238322407, 2483966.906396144069731 ], [ 2253072.116052506491542, 2483983.084847256541252 ], [ 2253055.937168774660677, 2483983.084847256541252 ], [ 2253055.937168774660677, 2483999.262961268890649 ], [ 2253039.75828504236415, 2483999.262961268890649 ], [ 2253039.75828504236415, 2484015.44141238136217 ], [ 2253023.579064201097935, 2484015.44141238136217 ], [ 2253007.40018046926707, 2484015.44141238136217 ], [ 2252991.221296737436205, 2484031.619863493833691 ], [ 2252975.04241300560534, 2484031.619863493833691 ], [ 2252958.863529273308814, 2484047.798314606305212 ], [ 2252942.684645541477948, 2484063.976428618654609 ], [ 2252926.505424700211734, 2484063.976428618654609 ], [ 2252910.326540968380868, 2484080.15487973112613 ], [ 2252894.147657236550003, 2484080.15487973112613 ], [ 2252877.968773504253477, 2484096.333330843597651 ], [ 2252861.789889772422612, 2484096.333330843597651 ], [ 2252845.610668931156397, 2484112.511444855947047 ], [ 2252845.610668931156397, 2484128.689895968418568 ], [ 2252829.431785199325532, 2484128.689895968418568 ], [ 2252829.431785199325532, 2484144.868347080890089 ], [ 2252813.252901467494667, 2484144.868347080890089 ], [ 2252813.252901467494667, 2484161.04679819336161 ], [ 2252797.07401773519814, 2484177.224912205711007 ], [ 2252797.07401773519814, 2484193.403363318182528 ], [ 2252780.895134003367275, 2484225.76026554312557 ], [ 2252764.71591316210106, 2484225.76026554312557 ], [ 2252764.71591316210106, 2484241.938379555474967 ], [ 2252764.71591316210106, 2484258.116830667946488 ], [ 2252764.71591316210106, 2484274.295281780418009 ], [ 2252764.71591316210106, 2484290.473732892889529 ], [ 2252764.71591316210106, 2484306.651846905238926 ], [ 2252764.71591316210106, 2484322.830298017710447 ], [ 2252780.895134003367275, 2484322.830298017710447 ], [ 2252780.895134003367275, 2484339.008749130647629 ], [ 2252764.71591316210106, 2484355.186863142531365 ], [ 2252764.71591316210106, 2484371.365314255468547 ], [ 2252748.537029430270195, 2484387.543765367940068 ], [ 2252748.537029430270195, 2484403.722216480411589 ], [ 2252732.358145697973669, 2484403.722216480411589 ], [ 2252732.358145697973669, 2484419.900330492760986 ], [ 2252732.358145697973669, 2484436.078781605232507 ], [ 2252732.358145697973669, 2484452.257232717704028 ], [ 2252716.179261966142803, 2484468.435683830175549 ], [ 2252716.179261966142803, 2484484.613797842524946 ], [ 2252716.179261966142803, 2484500.792248954996467 ], [ 2252700.000378234311938, 2484516.970700067467988 ], [ 2252683.821494502481073, 2484533.149151179939508 ], [ 2252683.821494502481073, 2484549.327265192288905 ], [ 2252683.821494502481073, 2484565.505716304760426 ], [ 2252683.821494502481073, 2484581.684167417231947 ], [ 2252683.821494502481073, 2484597.862281429581344 ], [ 2252700.000378234311938, 2484614.040732542052865 ], [ 2252700.000378234311938, 2484630.219183654524386 ], [ 2252700.000378234311938, 2484646.397634766995907 ], [ 2252700.000378234311938, 2484662.575748779345304 ], [ 2252700.000378234311938, 2484694.932651004288346 ], [ 2252716.179261966142803, 2484743.467667241580784 ], [ 2252716.179261966142803, 2484775.824232366401702 ], [ 2252716.179261966142803, 2484792.002683478873223 ], [ 2252716.179261966142803, 2484808.181134591810405 ], [ 2252716.179261966142803, 2484824.359585704281926 ], [ 2252732.358145697973669, 2484856.716150829102844 ], [ 2252748.537029430270195, 2484905.251167066395283 ], [ 2252748.537029430270195, 2484921.429618178866804 ], [ 2252764.71591316210106, 2484921.429618178866804 ], [ 2252764.71591316210106, 2484937.608069291338325 ], [ 2252797.07401773519814, 2484953.786520403809845 ], [ 2252813.252901467494667, 2484953.786520403809845 ], [ 2252813.252901467494667, 2484969.964634416159242 ], [ 2252829.431785199325532, 2484969.964634416159242 ], [ 2252861.789889772422612, 2484986.143085528630763 ], [ 2252877.968773504253477, 2485002.321536641102284 ], [ 2252894.147657236550003, 2485002.321536641102284 ], [ 2252910.326540968380868, 2485002.321536641102284 ], [ 2252926.505424700211734, 2485018.499650653451681 ], [ 2252942.684645541477948, 2485018.499650653451681 ], [ 2252942.684645541477948, 2485034.678101765923202 ], [ 2252958.863529273308814, 2485034.678101765923202 ], [ 2252958.863529273308814, 2485050.856552878394723 ], [ 2252958.863529273308814, 2485067.035003990866244 ], [ 2252975.04241300560534, 2485067.035003990866244 ], [ 2252975.04241300560534, 2485083.213118003215641 ], [ 2252991.221296737436205, 2485083.213118003215641 ], [ 2253007.40018046926707, 2485099.391569115687162 ], [ 2253007.40018046926707, 2485115.570020228158683 ], [ 2253023.579064201097935, 2485115.570020228158683 ], [ 2253023.579064201097935, 2485131.748471340630203 ], [ 2253039.75828504236415, 2485147.9265853529796 ], [ 2253023.579064201097935, 2485164.105036465451121 ], [ 2253023.579064201097935, 2485180.283487578388304 ], [ 2253023.579064201097935, 2485196.461938690859824 ], [ 2253007.40018046926707, 2485196.461938690859824 ], [ 2253007.40018046926707, 2485212.64005270274356 ], [ 2253007.40018046926707, 2485228.818503815680742 ], [ 2253007.40018046926707, 2485244.996954928152263 ], [ 2253007.40018046926707, 2485261.17506894050166 ], [ 2253007.40018046926707, 2485277.353520052973181 ], [ 2253007.40018046926707, 2485293.531971165444702 ], [ 2253007.40018046926707, 2485309.710422277916223 ], [ 2253007.40018046926707, 2485325.88853629026562 ], [ 2253007.40018046926707, 2485342.066987402737141 ], [ 2253007.40018046926707, 2485374.423889627680182 ], [ 2253007.40018046926707, 2485390.602003640029579 ], [ 2253007.40018046926707, 2485406.7804547525011 ], [ 2252975.04241300560534, 2485439.137019877322018 ], [ 2252975.04241300560534, 2485455.315470989793539 ], [ 2252958.863529273308814, 2485471.49392210226506 ], [ 2252958.863529273308814, 2485487.672373214736581 ], [ 2252975.04241300560534, 2485503.850487227085978 ], [ 2252975.04241300560534, 2485520.028938339557499 ], [ 2252958.863529273308814, 2485568.563954576849937 ], [ 2252942.684645541477948, 2485584.742405689321458 ], [ 2252942.684645541477948, 2485600.920856801792979 ], [ 2252942.684645541477948, 2485617.099307914730161 ], [ 2252958.863529273308814, 2485633.277421926613897 ], [ 2252958.863529273308814, 2485649.455873039551079 ], [ 2252958.863529273308814, 2485714.169340389315039 ], [ 2252958.863529273308814, 2485730.34779150178656 ], [ 2252958.863529273308814, 2485746.525905514135957 ], [ 2252958.863529273308814, 2485778.882807739078999 ], [ 2252942.684645541477948, 2485795.061258851550519 ], [ 2252942.684645541477948, 2485827.417823976371437 ], [ 2252942.684645541477948, 2485843.596275088842958 ], [ 2252942.684645541477948, 2485859.774726201314479 ], [ 2252926.505424700211734, 2485875.952840213663876 ], [ 2252926.505424700211734, 2485892.131291326135397 ], [ 2252910.326540968380868, 2485908.309742438606918 ], [ 2252910.326540968380868, 2485924.487856450956315 ], [ 2252910.326540968380868, 2485940.666307563427836 ], [ 2252910.326540968380868, 2485973.023209788370878 ], [ 2252910.326540968380868, 2485989.201323800720274 ], [ 2252910.326540968380868, 2486005.379774913191795 ], [ 2252910.326540968380868, 2486021.558226025663316 ], [ 2252894.147657236550003, 2486021.558226025663316 ], [ 2252877.968773504253477, 2486053.914791150484234 ], [ 2252877.968773504253477, 2486070.093242263421416 ], [ 2252861.789889772422612, 2486086.271693375892937 ], [ 2252861.789889772422612, 2486102.449807388242334 ], [ 2252861.789889772422612, 2486118.628258500713855 ], [ 2252861.789889772422612, 2486150.985160725656897 ], [ 2252861.789889772422612, 2486167.163274738006294 ], [ 2252861.789889772422612, 2486183.341725850477815 ], [ 2252845.610668931156397, 2486199.520176962949336 ], [ 2252829.431785199325532, 2486215.698628075420856 ], [ 2252829.431785199325532, 2486231.876742087770253 ], [ 2252813.252901467494667, 2486248.055193200241774 ], [ 2252813.252901467494667, 2486264.233644312713295 ], [ 2252797.07401773519814, 2486280.412095425184816 ], [ 2252780.895134003367275, 2486280.412095425184816 ], [ 2252780.895134003367275, 2486296.590209437534213 ], [ 2252764.71591316210106, 2486296.590209437534213 ], [ 2252748.537029430270195, 2486296.590209437534213 ], [ 2252732.358145697973669, 2486296.590209437534213 ], [ 2252716.179261966142803, 2486296.590209437534213 ], [ 2252700.000378234311938, 2486296.590209437534213 ], [ 2252683.821494502481073, 2486312.768660550005734 ], [ 2252667.642273661214858, 2486312.768660550005734 ], [ 2252667.642273661214858, 2486328.947111662477255 ], [ 2252651.463389928918332, 2486328.947111662477255 ], [ 2252651.463389928918332, 2486345.125225674826652 ], [ 2252651.463389928918332, 2486361.303676787298173 ], [ 2252635.284506197087467, 2486377.482127899769694 ], [ 2252619.105622465256602, 2486377.482127899769694 ], [ 2252602.926738733425736, 2486393.660579012241215 ], [ 2252586.747517892159522, 2486409.838693024590611 ], [ 2252570.568634159862995, 2486426.017144137062132 ], [ 2252570.568634159862995, 2486442.195595249533653 ], [ 2252554.38975042803213, 2486458.374046362470835 ], [ 2252554.38975042803213, 2486474.552160374354571 ], [ 2252538.210866696201265, 2486474.552160374354571 ], [ 2252538.210866696201265, 2486490.730611487291753 ], [ 2252522.031982963904738, 2486490.730611487291753 ], [ 2252522.031982963904738, 2486506.909062599763274 ], [ 2252505.852762123104185, 2486506.909062599763274 ], [ 2252489.673878390807658, 2486506.909062599763274 ], [ 2252457.316110927145928, 2486506.909062599763274 ], [ 2252424.958343463018537, 2486523.087513712234795 ], [ 2252392.600238889921457, 2486539.265627724584192 ], [ 2252376.421355158090591, 2486539.265627724584192 ], [ 2252360.242471425794065, 2486555.444078837055713 ], [ 2252344.0635876939632, 2486571.622529949527234 ], [ 2252327.884366852696985, 2486587.800643961876631 ], [ 2252295.526599389035255, 2486603.979095074348152 ], [ 2252279.347715656738728, 2486603.979095074348152 ], [ 2252279.347715656738728, 2486620.157546186819673 ], [ 2252263.168831924907863, 2486636.335997299291193 ], [ 2252246.989611083641648, 2486652.51411131164059 ], [ 2252246.989611083641648, 2486668.692562424112111 ], [ 2252230.810727351810783, 2486668.692562424112111 ], [ 2252230.810727351810783, 2486684.871013536583632 ], [ 2252214.631843619979918, 2486684.871013536583632 ], [ 2252214.631843619979918, 2486701.049464649055153 ], [ 2252214.631843619979918, 2486717.22757866140455 ], [ 2252198.452959887683392, 2486717.22757866140455 ], [ 2252182.274076155852526, 2486717.22757866140455 ], [ 2252182.274076155852526, 2486733.406029773876071 ], [ 2252182.274076155852526, 2486749.584480886347592 ], [ 2252166.095192424021661, 2486749.584480886347592 ], [ 2252166.095192424021661, 2486765.762594898696989 ], [ 2252166.095192424021661, 2486781.94104601116851 ], [ 2252149.915971582755446, 2486781.94104601116851 ], [ 2252133.737087850924581, 2486798.119497123640031 ], [ 2252117.558204118628055, 2486798.119497123640031 ], [ 2252101.37932038679719, 2486830.476062248460948 ], [ 2252085.200436654966325, 2486830.476062248460948 ], [ 2252069.02121581370011, 2486846.654513360932469 ], [ 2252052.842332081869245, 2486879.011415586341172 ], [ 2252052.842332081869245, 2486895.189529598224908 ], [ 2252052.842332081869245, 2486911.36798071116209 ], [ 2252036.663448349572718, 2486927.546431823633611 ], [ 2252004.305680885910988, 2486943.724882936105132 ], [ 2251988.126797153614461, 2486959.902996948454529 ], [ 2251988.126797153614461, 2486976.08144806092605 ], [ 2251971.947576312348247, 2486976.08144806092605 ], [ 2251971.947576312348247, 2486992.259899173397571 ], [ 2251955.768692580517381, 2486992.259899173397571 ], [ 2251955.768692580517381, 2487008.438013185746968 ], [ 2251939.589808848686516, 2487008.438013185746968 ], [ 2251923.410925116855651, 2487008.438013185746968 ], [ 2251923.410925116855651, 2487024.616464298218489 ], [ 2251907.232041384559125, 2487024.616464298218489 ], [ 2251891.05282054329291, 2487024.616464298218489 ], [ 2251891.05282054329291, 2487040.79491541069001 ], [ 2251874.873936811462045, 2487040.79491541069001 ], [ 2251858.69505307963118, 2487040.79491541069001 ], [ 2251842.516169347800314, 2487040.79491541069001 ], [ 2251842.516169347800314, 2487056.97336652316153 ], [ 2251826.337285615503788, 2487056.97336652316153 ], [ 2251810.158064774237573, 2487056.97336652316153 ], [ 2251793.979181042406708, 2487056.97336652316153 ], [ 2251777.800297310575843, 2487056.97336652316153 ], [ 2251761.621413578279316, 2487056.97336652316153 ], [ 2251745.442529846448451, 2487056.97336652316153 ], [ 2251696.905541541520506, 2487056.97336652316153 ], [ 2251648.368890345562249, 2487056.97336652316153 ], [ 2251616.010785772465169, 2487040.79491541069001 ], [ 2251583.653018308337778, 2487040.79491541069001 ], [ 2251567.474134576506913, 2487040.79491541069001 ], [ 2251551.294913735240698, 2487040.79491541069001 ], [ 2251535.116030003409833, 2487040.79491541069001 ], [ 2251518.937146271113306, 2487024.616464298218489 ], [ 2251502.758262539282441, 2487024.616464298218489 ], [ 2251486.579378807451576, 2487024.616464298218489 ], [ 2251470.40049507515505, 2487008.438013185746968 ], [ 2251389.505739306099713, 2486976.08144806092605 ], [ 2251373.326518465299159, 2486959.902996948454529 ], [ 2251340.968751001171768, 2486959.902996948454529 ], [ 2251324.789867269340903, 2486943.724882936105132 ], [ 2251308.610983537044376, 2486943.724882936105132 ], [ 2251292.431762695778161, 2486943.724882936105132 ], [ 2251195.358123194891959, 2486846.654513360932469 ], [ 2251098.284483694005758, 2486765.762594898696989 ], [ 2251065.926716229878366, 2486733.406029773876071 ], [ 2251049.747832498047501, 2486717.22757866140455 ], [ 2251033.568611656781286, 2486701.049464649055153 ], [ 2251017.389727924950421, 2486684.871013536583632 ], [ 2251001.210844192653894, 2486684.871013536583632 ], [ 2250952.674192997161299, 2486652.51411131164059 ], [ 2250952.674192997161299, 2486636.335997299291193 ], [ 2250936.494972155895084, 2486636.335997299291193 ], [ 2250920.316088423598558, 2486620.157546186819673 ], [ 2250904.137204691767693, 2486603.979095074348152 ], [ 2250871.779437228105962, 2486587.800643961876631 ], [ 2250839.421332654543221, 2486571.622529949527234 ], [ 2250807.063565190881491, 2486571.622529949527234 ], [ 2250807.063565190881491, 2486555.444078837055713 ], [ 2250790.884681458584964, 2486555.444078837055713 ], [ 2250774.705460617784411, 2486539.265627724584192 ], [ 2250758.526576885487884, 2486523.087513712234795 ], [ 2250709.989925689529628, 2486474.552160374354571 ], [ 2250693.811041957698762, 2486458.374046362470835 ], [ 2250677.631821116432548, 2486442.195595249533653 ], [ 2250677.631821116432548, 2486426.017144137062132 ], [ 2250661.452937384601682, 2486426.017144137062132 ], [ 2250661.452937384601682, 2486409.838693024590611 ], [ 2250629.095169920474291, 2486361.303676787298173 ], [ 2250629.095169920474291, 2486345.125225674826652 ], [ 2250612.916286188643426, 2486345.125225674826652 ], [ 2250612.916286188643426, 2486328.947111662477255 ], [ 2250596.737065347377211, 2486280.412095425184816 ], [ 2250596.737065347377211, 2486264.233644312713295 ], [ 2250596.737065347377211, 2486248.055193200241774 ], [ 2250612.916286188643426, 2486248.055193200241774 ], [ 2250612.916286188643426, 2486231.876742087770253 ], [ 2250629.095169920474291, 2486231.876742087770253 ], [ 2250629.095169920474291, 2486215.698628075420856 ], [ 2250629.095169920474291, 2486199.520176962949336 ], [ 2250629.095169920474291, 2486183.341725850477815 ], [ 2250612.916286188643426, 2486167.163274738006294 ], [ 2250612.916286188643426, 2486150.985160725656897 ], [ 2250612.916286188643426, 2486134.806709613185376 ], [ 2250629.095169920474291, 2486086.271693375892937 ], [ 2250629.095169920474291, 2486070.093242263421416 ], [ 2250629.095169920474291, 2486053.914791150484234 ], [ 2250645.274053652770817, 2486053.914791150484234 ], [ 2250645.274053652770817, 2486037.736677138600498 ], [ 2250661.452937384601682, 2486037.736677138600498 ], [ 2250677.631821116432548, 2486005.379774913191795 ], [ 2250661.452937384601682, 2485989.201323800720274 ], [ 2250645.274053652770817, 2485989.201323800720274 ], [ 2250645.274053652770817, 2485973.023209788370878 ], [ 2250629.095169920474291, 2485956.844758675899357 ], [ 2250645.274053652770817, 2485940.666307563427836 ], [ 2250645.274053652770817, 2485924.487856450956315 ], [ 2250645.274053652770817, 2485908.309742438606918 ], [ 2250645.274053652770817, 2485892.131291326135397 ], [ 2250645.274053652770817, 2485875.952840213663876 ], [ 2250629.095169920474291, 2485875.952840213663876 ], [ 2250629.095169920474291, 2485827.417823976371437 ], [ 2250629.095169920474291, 2485746.525905514135957 ], [ 2250629.095169920474291, 2485649.455873039551079 ], [ 2250629.095169920474291, 2485633.277421926613897 ], [ 2250612.916286188643426, 2485422.958905864972621 ], [ 2250596.737065347377211, 2485309.710422277916223 ], [ 2250596.737065347377211, 2485180.283487578388304 ], [ 2250564.379297883715481, 2485050.856552878394723 ], [ 2250564.379297883715481, 2485034.678101765923202 ], [ 2250564.379297883715481, 2485018.499650653451681 ], [ 2250548.200414151418954, 2485018.499650653451681 ], [ 2250532.021530419588089, 2484986.143085528630763 ], [ 2250532.021530419588089, 2484969.964634416159242 ], [ 2250515.842646687757224, 2484969.964634416159242 ], [ 2250515.842646687757224, 2484953.786520403809845 ], [ 2250515.842646687757224, 2484937.608069291338325 ], [ 2250515.842646687757224, 2484921.429618178866804 ], [ 2250499.663425846491009, 2484921.429618178866804 ], [ 2250499.663425846491009, 2484905.251167066395283 ], [ 2250499.663425846491009, 2484889.073053054045886 ], [ 2250483.484542114660144, 2484840.537699716631323 ], [ 2250467.305658382363617, 2484824.359585704281926 ], [ 2250467.305658382363617, 2484808.181134591810405 ], [ 2250467.305658382363617, 2484792.002683478873223 ], [ 2250451.126774650532752, 2484775.824232366401702 ], [ 2250451.126774650532752, 2484759.646118354517967 ], [ 2250434.947890918701887, 2484759.646118354517967 ], [ 2250434.947890918701887, 2484711.111102116759866 ], [ 2250418.768670077435672, 2484678.754199891816825 ], [ 2250418.768670077435672, 2484662.575748779345304 ], [ 2250418.768670077435672, 2484630.219183654524386 ], [ 2250402.589786345604807, 2484614.040732542052865 ], [ 2250402.589786345604807, 2484597.862281429581344 ], [ 2250370.232018881477416, 2484581.684167417231947 ], [ 2250337.873914308380336, 2484549.327265192288905 ], [ 2250337.873914308380336, 2484516.970700067467988 ], [ 2250321.69503057654947, 2484484.613797842524946 ], [ 2250305.516146844252944, 2484452.257232717704028 ], [ 2250305.516146844252944, 2484419.900330492760986 ], [ 2250289.337263112422079, 2484355.186863142531365 ], [ 2250289.337263112422079, 2484339.008749130647629 ], [ 2250273.158379380591214, 2484322.830298017710447 ], [ 2250256.979495648294687, 2484322.830298017710447 ], [ 2250240.800274807028472, 2484306.651846905238926 ], [ 2250176.084739879239351, 2484290.473732892889529 ], [ 2250159.905519037973136, 2484274.295281780418009 ], [ 2250127.547751574311405, 2484241.938379555474967 ], [ 2250079.010763268917799, 2484225.76026554312557 ], [ 2250046.652995805256069, 2484193.403363318182528 ], [ 2250014.295228341128677, 2484161.04679819336161 ], [ 2249998.116344609297812, 2484096.333330843597651 ], [ 2249998.116344609297812, 2484080.15487973112613 ], [ 2249998.116344609297812, 2484047.798314606305212 ], [ 2250014.295228341128677, 2484015.44141238136217 ], [ 2250014.295228341128677, 2483999.262961268890649 ], [ 2250030.474112073425204, 2483934.549493918661028 ], [ 2250030.474112073425204, 2483918.371379906777292 ], [ 2250030.474112073425204, 2483902.19292879384011 ], [ 2250030.474112073425204, 2483886.014477681368589 ], [ 2249998.116344609297812, 2483918.371379906777292 ], [ 2249981.937123768031597, 2483934.549493918661028 ], [ 2249949.579356303904206, 2483983.084847256541252 ], [ 2249933.40047257207334, 2484015.44141238136217 ], [ 2249917.221588840242475, 2484063.976428618654609 ], [ 2249917.221588840242475, 2484080.15487973112613 ], [ 2249787.789844765793532, 2484015.44141238136217 ], [ 2249771.610961033962667, 2483999.262961268890649 ], [ 2249739.253193569835275, 2483983.084847256541252 ], [ 2249706.895088996738195, 2483983.084847256541252 ], [ 2249658.358437800779939, 2483983.084847256541252 ], [ 2249609.821449495851994, 2483983.084847256541252 ], [ 2249593.642565764021128, 2483983.084847256541252 ], [ 2249577.463682031724602, 2483983.084847256541252 ], [ 2249561.284461190924048, 2483999.262961268890649 ], [ 2249318.600530992727727, 2484241.938379555474967 ], [ 2249270.06354268733412, 2484290.473732892889529 ], [ 2249221.526891491841525, 2484339.008749130647629 ], [ 2249172.989903186447918, 2484339.008749130647629 ], [ 2249140.632135722786188, 2484339.008749130647629 ], [ 2249092.095147417392582, 2484339.008749130647629 ], [ 2249059.737379953730851, 2484322.830298017710447 ], [ 2249011.200391648337245, 2484306.651846905238926 ], [ 2248914.126752147451043, 2484258.116830667946488 ], [ 2248817.05311264609918, 2484209.581814430654049 ], [ 2248768.516124341171235, 2484193.403363318182528 ], [ 2248752.33724060934037, 2484193.403363318182528 ], [ 2248736.158356877043843, 2484193.403363318182528 ], [ 2248072.821426992770284, 2484468.435683830175549 ], [ 2248024.284775796812028, 2484484.613797842524946 ], [ 2247959.568903759587556, 2484484.613797842524946 ], [ 2247894.853031722363085, 2484484.613797842524946 ], [ 2247134.442462336737663, 2484355.186863142531365 ], [ 2247085.905811140779406, 2484339.008749130647629 ], [ 2247005.011055371724069, 2484322.830298017710447 ], [ 2246924.116299602668732, 2484274.295281780418009 ], [ 2246422.568881256505847, 2483999.262961268890649 ], [ 2246357.853009219281375, 2483950.72794503159821 ], [ 2246018.095439520198852, 2483772.765994094312191 ], [ 2246001.916218678932637, 2483756.58754298184067 ], [ 2245969.558451215270907, 2483756.58754298184067 ], [ 2245904.842579178046435, 2483756.58754298184067 ], [ 2245823.947823408991098, 2483772.765994094312191 ], [ 2245791.590055944863707, 2483772.765994094312191 ], [ 2245775.411172213032842, 2483788.944445206783712 ], [ 2245759.232288481201977, 2483805.122896319255233 ], [ 2245694.516416443977505, 2483886.014477681368589 ], [ 2245662.158311870880425, 2483918.371379906777292 ], [ 2245629.800544406753033, 2483934.549493918661028 ], [ 2245613.621660674922168, 2483950.72794503159821 ], [ 2245581.263893210794777, 2483950.72794503159821 ], [ 2245548.905788637697697, 2483950.72794503159821 ], [ 2245484.189916600473225, 2483950.72794503159821 ], [ 2245370.937393367756158, 2483999.262961268890649 ], [ 2245338.579625903628767, 2484015.44141238136217 ], [ 2245290.042637598700821, 2484015.44141238136217 ], [ 2245241.505986402742565, 2483999.262961268890649 ], [ 2245160.611230633687228, 2483983.084847256541252 ], [ 2245128.253126060590148, 2483983.084847256541252 ], [ 2245047.358370291534811, 2483999.262961268890649 ], [ 2244998.821719095576555, 2483999.262961268890649 ], [ 2244901.748079594224691, 2483983.084847256541252 ], [ 2244804.67444009333849, 2483983.084847256541252 ], [ 2244659.063812287058681, 2483983.084847256541252 ], [ 2244319.305905479006469, 2483966.906396144069731 ], [ 2244286.948138014879078, 2483966.906396144069731 ], [ 2244254.590033441781998, 2483950.72794503159821 ], [ 2244238.411149709951133, 2483934.549493918661028 ], [ 2244206.053382245823741, 2483918.371379906777292 ], [ 2244044.263870707713068, 2483788.944445206783712 ], [ 2243914.832126633264124, 2483724.230977857019752 ], [ 2243882.474359169602394, 2483708.052526744548231 ], [ 2243833.937370864208788, 2483691.87407563207671 ], [ 2243801.579603400547057, 2483691.87407563207671 ], [ 2243753.042615095153451, 2483691.87407563207671 ], [ 2243672.147859326098114, 2483691.87407563207671 ], [ 2243639.790091862436384, 2483691.87407563207671 ], [ 2243623.611208130139858, 2483675.695961619727314 ], [ 2243607.432324398308992, 2483675.695961619727314 ], [ 2243623.611208130139858, 2483627.160945382434875 ], [ 2243607.432324398308992, 2483578.625592045020312 ], [ 2243607.432324398308992, 2483481.555559569969773 ], [ 2243607.432324398308992, 2483368.307075982913375 ], [ 2243591.253440666478127, 2483255.058592395856977 ], [ 2243575.074219825211912, 2483206.523576158564538 ], [ 2243542.716452361084521, 2483174.166673933621496 ], [ 2243510.358684897422791, 2483141.810108808800578 ], [ 2243478.000580324325711, 2483060.918190346099436 ], [ 2243429.463929128367454, 2482996.204722996335477 ], [ 2243397.105824555270374, 2482947.669706759043038 ], [ 2243364.748057091142982, 2482899.134690521750599 ], [ 2243348.569173359312117, 2482866.777788296807557 ], [ 2243332.390289627015591, 2482834.421223171986639 ], [ 2243283.853301322087646, 2482543.210788647644222 ], [ 2243251.495533857960254, 2482397.605402835644782 ], [ 2243105.884906052146107, 2481734.292615324724466 ], [ 2243089.706022319849581, 2481653.400696862488985 ], [ 2243089.706022319849581, 2481588.687229512725025 ], [ 2243138.242673515807837, 2481022.444811576977372 ], [ 2243138.242673515807837, 2480990.08790935203433 ], [ 2243154.421894357074052, 2480957.731344227213413 ], [ 2243170.600778088904917, 2480925.374442001804709 ], [ 2243219.137429284863174, 2480860.66097465204075 ], [ 2243235.3163130171597, 2480844.482860639691353 ], [ 2243251.495533857960254, 2480812.125958414748311 ], [ 2243267.67441759025678, 2480715.055925940163434 ], [ 2243316.211068786215037, 2480504.737072777934372 ], [ 2243332.390289627015591, 2480440.023605428170413 ], [ 2243316.211068786215037, 2480391.488589190877974 ], [ 2243316.211068786215037, 2480359.132024066057056 ], [ 2243300.032185053918511, 2480342.953572953585535 ], [ 2243202.958545553032309, 2480229.705089366529137 ], [ 2243154.421894357074052, 2480116.456605779472739 ], [ 2243105.884906052146107, 2480019.386236204300076 ], [ 2243089.706022319849581, 2479938.494654842186719 ], [ 2243073.527138588018715, 2479889.95963860489428 ], [ 2243105.884906052146107, 2479776.710817917715758 ], [ 2243154.421894357074052, 2479598.748866980429739 ], [ 2243170.600778088904917, 2479534.035399630665779 ], [ 2243170.600778088904917, 2479469.322269381023943 ], [ 2243170.600778088904917, 2479404.608802031259984 ], [ 2243154.421894357074052, 2479145.754932631738484 ], [ 2243170.600778088904917, 2479064.863014169503003 ], [ 2243170.600778088904917, 2479000.149546819739044 ], [ 2243186.779661821201444, 2478935.436079469975084 ], [ 2243202.958545553032309, 2478903.079514345154166 ], [ 2243251.495533857960254, 2478773.652579645160586 ], [ 2243300.032185053918511, 2478660.404096058104187 ], [ 2243332.390289627015591, 2478514.798710246104747 ], [ 2243348.569173359312117, 2478417.72867777151987 ], [ 2243348.569173359312117, 2478304.48019418399781 ], [ 2243332.390289627015591, 2478175.053259484469891 ], [ 2243283.853301322087646, 2477964.734406322240829 ], [ 2243251.495533857960254, 2477900.021276072598994 ], [ 2243251.495533857960254, 2477883.842824960127473 ], [ 2243235.3163130171597, 2477851.485922735184431 ], [ 2243186.779661821201444, 2477835.307808722835034 ], [ 2243122.063789783976972, 2477802.950906497891992 ], [ 2243089.706022319849581, 2477786.772455385420471 ], [ 2242944.095394514035434, 2477738.237439148128033 ], [ 2242879.379522476810962, 2477722.058988035656512 ], [ 2242814.66398754902184, 2477722.058988035656512 ], [ 2242685.232243474572897, 2477673.523971798364073 ], [ 2242604.33748770551756, 2477641.167406673543155 ], [ 2242571.979720241390169, 2477624.988955561071634 ], [ 2242539.621615668293089, 2477624.988955561071634 ], [ 2242474.906080740503967, 2477608.810504448600113 ], [ 2242410.190208703279495, 2477592.632390436250716 ], [ 2242345.474336666520685, 2477576.453939323779196 ], [ 2242183.684825128410012, 2477398.491988386493176 ], [ 2242118.969290200155228, 2477333.778521036729217 ], [ 2242102.790069358889014, 2477301.421618811786175 ], [ 2242054.253418163396418, 2477269.065053686965257 ], [ 2241908.64279035711661, 2477171.995021212380379 ], [ 2241876.285022892989218, 2477139.638118986971676 ], [ 2241860.106139161158353, 2477139.638118986971676 ], [ 2241860.106139161158353, 2477123.459667874500155 ], [ 2241843.926918319892138, 2477107.281553862150759 ], [ 2241843.926918319892138, 2477074.924651637207717 ], [ 2241811.569150855764747, 2476735.179200876038522 ], [ 2241811.569150855764747, 2476638.108831300865859 ], [ 2241795.390267123933882, 2476573.395701051224023 ], [ 2241779.211383392103016, 2476492.503782588988543 ], [ 2241779.211383392103016, 2476443.968766351696104 ], [ 2241779.211383392103016, 2476363.076847889460623 ], [ 2241779.211383392103016, 2476282.184929426759481 ], [ 2241763.032162550836802, 2476233.649913189467043 ], [ 2241730.67439508670941, 2476088.044864477589726 ], [ 2241730.67439508670941, 2476023.331397127825767 ], [ 2241730.67439508670941, 2475877.726011315826327 ], [ 2241730.67439508670941, 2475813.012543965596706 ], [ 2241698.31662762304768, 2475683.585609266068786 ], [ 2241682.137743891216815, 2475618.872141916304827 ], [ 2241649.779639317654073, 2475537.98056055419147 ], [ 2241601.242988121695817, 2475408.55362585419789 ], [ 2241568.884883548598737, 2475295.305142267141491 ], [ 2241487.9901277795434, 2475149.699756455142051 ], [ 2241455.63236031588167, 2475068.80783799290657 ], [ 2241423.274592851754278, 2474971.737805517856032 ], [ 2241407.095372010488063, 2474842.310870818328112 ], [ 2241390.916488278657198, 2474421.673501594457775 ], [ 2241407.095372010488063, 2474340.781920232344419 ], [ 2241407.095372010488063, 2474324.603469119872898 ], [ 2241439.453476583585143, 2474243.711550657637417 ], [ 2241487.9901277795434, 2474130.463067070115358 ], [ 2241504.169011511839926, 2474065.749599720351398 ], [ 2241504.169011511839926, 2474049.571148607879877 ], [ 2241520.34823235264048, 2474017.214583483058959 ], [ 2241520.34823235264048, 2473952.501116133295 ], [ 2241504.169011511839926, 2473920.144551008474082 ], [ 2241504.169011511839926, 2473887.78764878353104 ], [ 2241487.9901277795434, 2473871.609197671059519 ], [ 2241487.9901277795434, 2473839.252632546238601 ], [ 2241455.63236031588167, 2473742.182262971065938 ], [ 2241293.842848777770996, 2473353.901795972604305 ], [ 2241277.66396504547447, 2473305.366779735311866 ], [ 2241261.485081313643605, 2473256.831763497553766 ], [ 2241277.66396504547447, 2473224.474861272610724 ], [ 2241293.842848777770996, 2473175.939845035318285 ], [ 2241310.021732509601861, 2473159.761393922846764 ], [ 2241455.63236031588167, 2472965.620991873554885 ], [ 2241536.527116084937006, 2472884.729410511441529 ], [ 2241601.242988121695817, 2472803.837492048740387 ], [ 2241633.600755585823208, 2472787.659040936268866 ], [ 2241649.779639317654073, 2472755.302475811447948 ], [ 2241665.9585230499506, 2472739.124024698976427 ], [ 2241665.9585230499506, 2472722.945573586504906 ], [ 2241682.137743891216815, 2472690.589008461683989 ], [ 2241665.9585230499506, 2472512.627057524863631 ], [ 2241682.137743891216815, 2472464.092041287571192 ], [ 2241665.9585230499506, 2472447.91359017463401 ], [ 2241665.9585230499506, 2472415.556687949690968 ], [ 2241649.779639317654073, 2472367.021671712398529 ], [ 2241633.600755585823208, 2472350.843557700049132 ], [ 2241617.421871853992343, 2472334.665106587577611 ], [ 2241601.242988121695817, 2472334.665106587577611 ], [ 2241568.884883548598737, 2472334.665106587577611 ], [ 2241552.705999816767871, 2472318.48665547510609 ], [ 2241520.34823235264048, 2472286.130090350285172 ], [ 2241439.453476583585143, 2472237.59473701287061 ], [ 2241407.095372010488063, 2472205.238171888049692 ], [ 2241374.737604546826333, 2472140.524704538285732 ], [ 2241342.379837082698941, 2472091.989688300993294 ], [ 2241342.379837082698941, 2472075.811237188521773 ], [ 2241342.379837082698941, 2472027.276220950763673 ], [ 2241342.379837082698941, 2471978.741204713471234 ], [ 2241342.379837082698941, 2471930.206188476178795 ], [ 2241326.200616241432726, 2471881.670835138764232 ], [ 2241326.200616241432726, 2471833.135818901471794 ], [ 2241293.842848777770996, 2471752.243900439236313 ], [ 2241277.66396504547447, 2471687.530770189594477 ], [ 2241261.485081313643605, 2471655.173867964651436 ], [ 2241245.30586047237739, 2471622.817302839830518 ], [ 2241212.948093008715659, 2471590.460400614421815 ], [ 2241212.948093008715659, 2471574.281949501950294 ], [ 2241212.948093008715659, 2471558.103835489600897 ], [ 2241196.769209276419133, 2471525.746933264657855 ], [ 2241164.411441812757403, 2471477.211917027365416 ], [ 2241115.874453507363796, 2471396.319998565129936 ], [ 2241083.516686043702066, 2471347.784982327837497 ], [ 2241034.97969773830846, 2471299.249966090545058 ], [ 2240970.263825701083988, 2471266.89340096572414 ], [ 2240937.906058237422258, 2471250.71494985325262 ], [ 2240921.727174505591393, 2471218.358047627843916 ], [ 2240905.548290773294866, 2471218.358047627843916 ], [ 2240889.369069932028651, 2471202.179933615960181 ], [ 2240873.190186200197786, 2471202.179933615960181 ], [ 2240792.295430431142449, 2471218.358047627843916 ], [ 2240776.116546699311584, 2471234.536498740781099 ], [ 2240711.400674662087113, 2471266.89340096572414 ], [ 2240695.221790930256248, 2471266.89340096572414 ], [ 2240679.042907197959721, 2471283.071514978073537 ], [ 2240662.864023466128856, 2471283.071514978073537 ], [ 2240614.327035161200911, 2471283.071514978073537 ], [ 2240581.969267697073519, 2471299.249966090545058 ], [ 2240484.895628196187317, 2471331.606531215365976 ], [ 2240404.000872427131981, 2471396.319998565129936 ], [ 2240371.642767853569239, 2471412.498449677601457 ], [ 2240258.390244620852172, 2471444.855351902544498 ], [ 2240177.495488851796836, 2471493.390368139836937 ], [ 2240096.600733082741499, 2471509.568819252308458 ], [ 2240015.705977313686162, 2471541.925384377129376 ], [ 2239870.095686616376042, 2471606.638851726893336 ], [ 2239675.948070505168289, 2471703.708884201943874 ], [ 2239659.769186773337424, 2471703.708884201943874 ], [ 2239611.232535577379167, 2471719.887335314415395 ], [ 2239562.695547272451222, 2471736.065786426886916 ], [ 2239546.516663540154696, 2471736.065786426886916 ], [ 2239530.33777980832383, 2471736.065786426886916 ], [ 2239497.97967523522675, 2471719.887335314415395 ], [ 2239336.190163697116077, 2471671.352319077122957 ], [ 2239271.474628769326955, 2471655.173867964651436 ], [ 2239206.758756732102484, 2471622.817302839830518 ], [ 2239174.400989267975092, 2471606.638851726893336 ], [ 2239077.32701265765354, 2471558.103835489600897 ], [ 2239044.96924519399181, 2471558.103835489600897 ], [ 2238947.895605692639947, 2471525.746933264657855 ], [ 2238931.716721960809082, 2471525.746933264657855 ], [ 2238899.358617387712002, 2471509.568819252308458 ], [ 2238867.00084992358461, 2471493.390368139836937 ], [ 2238753.748326690867543, 2471412.498449677601457 ], [ 2238689.032454653643072, 2471363.963433440309018 ], [ 2238672.853570921812207, 2471347.784982327837497 ], [ 2238608.137698884587735, 2471315.428417203016579 ], [ 2238543.421826847363263, 2471283.071514978073537 ], [ 2238527.242943115532398, 2471266.89340096572414 ], [ 2238511.064059383701533, 2471234.536498740781099 ], [ 2238511.064059383701533, 2471218.358047627843916 ], [ 2238478.706291919574142, 2471202.179933615960181 ], [ 2238462.527071078307927, 2471202.179933615960181 ], [ 2238446.348187346477062, 2471202.179933615960181 ], [ 2238430.169303614646196, 2471218.358047627843916 ], [ 2238381.63231530925259, 2471234.536498740781099 ], [ 2238333.095664113294333, 2471250.71494985325262 ], [ 2238171.30615257518366, 2471315.428417203016579 ], [ 2238138.94838511152193, 2471315.428417203016579 ], [ 2238106.590280537959188, 2471315.428417203016579 ], [ 2238074.232513074297458, 2471299.249966090545058 ], [ 2238041.874408501200378, 2471283.071514978073537 ], [ 2238025.695524768903852, 2471266.89340096572414 ], [ 2238009.516641037072986, 2471266.89340096572414 ], [ 2237977.158873572945595, 2471266.89340096572414 ], [ 2237944.800768999848515, 2471266.89340096572414 ], [ 2237896.264117803890258, 2471283.071514978073537 ], [ 2237847.727129498962313, 2471283.071514978073537 ], [ 2237815.369362034834921, 2471283.071514978073537 ], [ 2237783.011257461737841, 2471266.89340096572414 ], [ 2237750.653489998076111, 2471266.89340096572414 ], [ 2237702.116838802117854, 2471250.71494985325262 ], [ 2237669.758734229020774, 2471218.358047627843916 ], [ 2237605.042862191796303, 2471137.46646626573056 ], [ 2237588.863978459499776, 2471121.288015153259039 ], [ 2237572.685094727668911, 2471105.109564040787518 ], [ 2237556.506210995838046, 2471088.931112928315997 ], [ 2237540.327327264007181, 2471088.931112928315997 ], [ 2237475.611455226782709, 2471088.931112928315997 ], [ 2237443.253687762655318, 2471072.7529989159666 ], [ 2237427.074466921389103, 2471072.7529989159666 ], [ 2237313.821943688672036, 2471040.396096691023558 ], [ 2237297.64305995637551, 2471040.396096691023558 ], [ 2237265.285292492713779, 2471056.574547803495079 ], [ 2237200.569420455489308, 2471056.574547803495079 ], [ 2237168.211315882392228, 2471072.7529989159666 ], [ 2237152.032432150561363, 2471088.931112928315997 ], [ 2237087.316560113336891, 2471121.288015153259039 ], [ 2237054.958792649209499, 2471153.644580278079957 ], [ 2237038.779908917378634, 2471169.823031390551478 ], [ 2237022.601025185547769, 2471169.823031390551478 ], [ 2237006.422141453251243, 2471169.823031390551478 ], [ 2236990.242920612450689, 2471169.823031390551478 ], [ 2236974.064036880154163, 2471153.644580278079957 ], [ 2236957.885153148323298, 2471153.644580278079957 ], [ 2236941.706269416492432, 2471169.823031390551478 ], [ 2236925.527385684195906, 2471169.823031390551478 ], [ 2236909.348164843395352, 2471169.823031390551478 ], [ 2236876.990397379267961, 2471169.823031390551478 ], [ 2236844.632629915140569, 2471169.823031390551478 ], [ 2236828.453409073874354, 2471153.644580278079957 ], [ 2236796.095641610212624, 2471153.644580278079957 ], [ 2236779.916757878381759, 2471153.644580278079957 ], [ 2236747.558990414254367, 2471153.644580278079957 ], [ 2236715.200885841157287, 2471137.46646626573056 ], [ 2236682.843118377029896, 2471137.46646626573056 ], [ 2236634.306130072101951, 2471121.288015153259039 ], [ 2236618.127246340271086, 2471121.288015153259039 ], [ 2236569.590258034877479, 2471088.931112928315997 ], [ 2236521.053606838919222, 2471072.7529989159666 ], [ 2236488.695839375257492, 2471072.7529989159666 ], [ 2236456.337734801694751, 2471072.7529989159666 ], [ 2236440.158851069863886, 2471072.7529989159666 ], [ 2236391.621862764935941, 2471056.574547803495079 ], [ 2236359.264095300808549, 2471056.574547803495079 ], [ 2236326.906327837146819, 2471056.574547803495079 ], [ 2236294.548223263584077, 2471040.396096691023558 ], [ 2236278.369339531753212, 2471040.396096691023558 ], [ 2236229.832688335794955, 2471040.396096691023558 ], [ 2236197.474583762697875, 2471040.396096691023558 ], [ 2236181.29570003086701, 2471040.396096691023558 ], [ 2236165.116816298570484, 2471024.217982678674161 ], [ 2236116.579827993642539, 2471008.039531566202641 ], [ 2236084.222060529515147, 2471008.039531566202641 ], [ 2236035.685072224587202, 2471008.039531566202641 ], [ 2236003.32730476045981, 2471024.217982678674161 ], [ 2235954.790316455531865, 2471024.217982678674161 ], [ 2235906.253665259573609, 2471040.396096691023558 ], [ 2235890.074781527742743, 2471040.396096691023558 ], [ 2235841.537793222349137, 2471040.396096691023558 ], [ 2235744.464153721462935, 2471056.574547803495079 ], [ 2235712.106386257335544, 2471056.574547803495079 ], [ 2235695.927165416069329, 2471056.574547803495079 ], [ 2235663.569397952407598, 2471072.7529989159666 ], [ 2235647.390514220576733, 2471072.7529989159666 ], [ 2235631.211630488280207, 2471072.7529989159666 ], [ 2235598.853525915183127, 2471072.7529989159666 ], [ 2235534.137990987394005, 2471088.931112928315997 ], [ 2235453.243235218338668, 2471088.931112928315997 ], [ 2235404.706246912945062, 2471088.931112928315997 ], [ 2235307.63260741205886, 2471088.931112928315997 ], [ 2235194.380084178876132, 2471072.7529989159666 ], [ 2235129.664212142117321, 2471056.574547803495079 ], [ 2235113.485328409820795, 2471040.396096691023558 ], [ 2235081.127223836723715, 2471024.217982678674161 ], [ 2235064.94834010489285, 2471024.217982678674161 ], [ 2235000.232468067668378, 2471008.039531566202641 ], [ 2234967.874700604006648, 2471024.217982678674161 ], [ 2234951.695816871710122, 2471024.217982678674161 ], [ 2234935.516933139879256, 2471040.396096691023558 ], [ 2234903.158828566782176, 2471040.396096691023558 ], [ 2234870.801061102654785, 2471040.396096691023558 ], [ 2234838.442956529557705, 2471040.396096691023558 ], [ 2234531.043154294602573, 2470991.86108045373112 ], [ 2234482.506165989208966, 2470975.682629341259599 ], [ 2234450.148398525547236, 2470975.682629341259599 ], [ 2234385.432526488322765, 2470943.326064216438681 ], [ 2234320.716991560533643, 2470927.14761310396716 ], [ 2234223.643014950212091, 2470910.969161991495639 ], [ 2234191.2852474860847, 2470910.969161991495639 ], [ 2234142.748259181156754, 2470910.969161991495639 ], [ 2234078.032724253367633, 2470910.969161991495639 ], [ 2233997.137968484312296, 2470894.791047979146242 ], [ 2233980.959084752015769, 2470894.791047979146242 ], [ 2233916.243212715256959, 2470894.791047979146242 ], [ 2233883.885108141694218, 2470894.791047979146242 ], [ 2233819.169573213905096, 2470910.969161991495639 ], [ 2233786.811468640808016, 2470910.969161991495639 ], [ 2233722.095933713018894, 2470927.14761310396716 ], [ 2233657.380061675794423, 2470943.326064216438681 ], [ 2233576.485305906739086, 2470991.86108045373112 ], [ 2233511.769433869514614, 2471040.396096691023558 ], [ 2233463.232782673556358, 2471088.931112928315997 ], [ 2233447.053561832755804, 2471105.109564040787518 ], [ 2233414.695794368628412, 2471169.823031390551478 ], [ 2233382.338026904501021, 2471218.358047627843916 ], [ 2233366.158806063700467, 2471250.71494985325262 ], [ 2233366.158806063700467, 2471299.249966090545058 ], [ 2233333.801038599573076, 2471380.141884552780539 ], [ 2233252.906282830517739, 2471541.925384377129376 ], [ 2233204.369631634559482, 2471638.995416851714253 ], [ 2233155.832643329631537, 2471768.422351551707834 ], [ 2233107.295655024237931, 2471865.492721126414835 ], [ 2233074.9378875605762, 2471914.027737363707274 ], [ 2233058.759003828279674, 2471930.206188476178795 ], [ 2233042.580120096448809, 2471962.562753600999713 ], [ 2233042.580120096448809, 2471994.919318725820631 ], [ 2233026.400899255182594, 2472075.811237188521773 ], [ 2233010.222015523351729, 2472124.346253425814211 ], [ 2232994.043131791055202, 2472140.524704538285732 ], [ 2232913.148376021999866, 2472189.059720775578171 ], [ 2232848.432503985241055, 2472189.059720775578171 ], [ 2232783.716969057451934, 2472205.238171888049692 ], [ 2232686.64332955610007, 2472205.238171888049692 ], [ 2232621.927457518875599, 2472205.238171888049692 ], [ 2232557.211585482116789, 2472221.416623000521213 ], [ 2232460.137945980764925, 2472221.416623000521213 ], [ 2232298.348434442654252, 2472237.59473701287061 ], [ 2232185.095911209937185, 2472237.59473701287061 ], [ 2232120.380039172712713, 2472237.59473701287061 ], [ 2232023.306399671826512, 2472253.773188125342131 ], [ 2231958.59052763460204, 2472286.130090350285172 ], [ 2231861.516888133250177, 2472286.130090350285172 ], [ 2231748.26436490053311, 2472302.308204362634569 ] ] } },
{ "type": "Feature", "properties": { }, "geometry": { "type": "LineString", "coordinates": [ [ 2275172.557193229906261, 2466267.779649416450411 ], [ 2275124.020542033948004, 2466300.136551641393453 ], [ 2275091.662437460850924, 2466316.315002753864974 ], [ 2275043.125786264892668, 2466364.850018991157413 ], [ 2275043.125786264892668, 2466381.028470103628933 ], [ 2275043.125786264892668, 2466397.20658411597833 ], [ 2275043.125786264892668, 2466429.563486340921372 ], [ 2275059.304669997189194, 2466494.276953690685332 ], [ 2275059.304669997189194, 2466542.811969928443432 ], [ 2275026.946902533061802, 2466639.882002403028309 ], [ 2275026.946902533061802, 2466704.595469752792269 ], [ 2275026.946902533061802, 2466720.77392086526379 ], [ 2275075.483553729020059, 2466834.022404452320188 ], [ 2275091.662437460850924, 2466898.735871802084148 ], [ 2275107.841321193147451, 2466931.092436926905066 ], [ 2275140.199425766244531, 2466995.805904276669025 ], [ 2275140.199425766244531, 2467028.162806502077729 ], [ 2275140.199425766244531, 2467076.697822739370167 ], [ 2275140.199425766244531, 2467109.054724964313209 ], [ 2275107.841321193147451, 2467173.767855213955045 ], [ 2275075.483553729020059, 2467222.303208551369607 ], [ 2275043.125786264892668, 2467287.016675901133567 ], [ 2274994.588797959964722, 2467335.551692138426006 ], [ 2274929.872925922740251, 2467367.908257263246924 ], [ 2274897.515158459078521, 2467384.086708376184106 ], [ 2274881.336274726781994, 2467481.156740850768983 ], [ 2274881.336274726781994, 2467513.513643075712025 ], [ 2274832.799286421854049, 2467578.227110425475985 ], [ 2274816.620402690023184, 2467562.048659313004464 ], [ 2274800.441518957726657, 2467562.048659313004464 ], [ 2274784.262635225895792, 2467562.048659313004464 ], [ 2274751.904530652798712, 2467594.405224437825382 ], [ 2274735.725646920967847, 2467594.405224437825382 ], [ 2274703.367879456840456, 2467578.227110425475985 ], [ 2274671.009774883743376, 2467562.048659313004464 ], [ 2274671.009774883743376, 2467578.227110425475985 ], [ 2274606.294239955954254, 2467594.405224437825382 ], [ 2274541.578367918729782, 2467594.405224437825382 ], [ 2274460.683612149674445, 2467594.405224437825382 ], [ 2274347.431088916491717, 2467642.940577775239944 ], [ 2274234.1782285743393, 2467675.297142900060862 ], [ 2274137.104589073453099, 2467707.654045125003904 ], [ 2273991.494298376142979, 2467707.654045125003904 ], [ 2273910.599542607087642, 2467723.832159137353301 ], [ 2273764.988914801273495, 2467707.654045125003904 ], [ 2273748.810031068976969, 2467707.654045125003904 ], [ 2273392.873240529093891, 2467206.124757438898087 ], [ 2273311.978484759572893, 2467173.767855213955045 ], [ 2273263.441496454644948, 2467157.589741201605648 ], [ 2273231.083728990517557, 2467157.589741201605648 ], [ 2273166.367856953758746, 2467157.589741201605648 ], [ 2273085.47310118470341, 2467157.589741201605648 ], [ 2273036.936449988745153, 2467189.946306326426566 ], [ 2272988.399461683351547, 2467206.124757438898087 ], [ 2272810.431066413410008, 2467335.551692138426006 ], [ 2272810.431066413410008, 2467351.729806150775403 ], [ 2272794.252182681579143, 2467400.265159488655627 ], [ 2272794.252182681579143, 2467497.335191963240504 ], [ 2272778.073298949282616, 2467529.692094188183546 ], [ 2272761.894078108016402, 2467562.048659313004464 ], [ 2272729.536310644354671, 2467594.405224437825382 ], [ 2272583.925682838074863, 2467691.475594012532383 ], [ 2272551.567915373947471, 2467723.832159137353301 ], [ 2272519.210147910285741, 2467788.545626487117261 ], [ 2272519.210147910285741, 2467869.437544949818403 ], [ 2272503.030927069019526, 2467917.972561187110841 ], [ 2272486.852043337188661, 2467934.151012299582362 ], [ 2272454.49427587306127, 2467950.329463412053883 ], [ 2272341.241752640344203, 2467966.50757742440328 ], [ 2272325.062531799077988, 2467982.686028536874801 ], [ 2272260.346996870823205, 2468047.399495886638761 ], [ 2272195.631124834064394, 2468128.291414348874241 ], [ 2272163.273020260967314, 2468160.647979473695159 ], [ 2272130.915252796839923, 2468176.82643058616668 ], [ 2272114.736369065009058, 2468176.82643058616668 ], [ 2272050.020497027784586, 2468128.291414348874241 ], [ 2272033.841613295953721, 2468112.11296323640272 ], [ 2271952.946857526898384, 2468079.756061011459678 ], [ 2271904.409869221504778, 2468079.756061011459678 ], [ 2271872.052101757843047, 2468079.756061011459678 ], [ 2271823.515450561884791, 2468112.11296323640272 ], [ 2271807.336229720618576, 2468128.291414348874241 ], [ 2271742.620694792829454, 2468257.718011948280036 ], [ 2271726.441473951563239, 2468273.896463061217219 ], [ 2271694.083706487435848, 2468290.07491417368874 ], [ 2271613.188950718380511, 2468306.25336528616026 ], [ 2271580.831183254718781, 2468306.25336528616026 ], [ 2271564.652299522422254, 2468322.431479298509657 ], [ 2271548.473078681156039, 2468322.431479298509657 ], [ 2271467.578322912100703, 2468387.144946648273617 ], [ 2271451.399439180269837, 2468435.679962885566056 ], [ 2271354.325799679383636, 2468678.355381172150373 ], [ 2271354.325799679383636, 2468694.533832285087556 ], [ 2271321.968032215256244, 2468726.890734510030597 ], [ 2271289.609927642159164, 2468726.890734510030597 ], [ 2271224.894392714370042, 2468726.890734510030597 ], [ 2271176.357404408976436, 2468726.890734510030597 ], [ 2271079.283764908090234, 2468710.712283397559077 ], [ 2271063.104881176259369, 2468710.712283397559077 ], [ 2270966.031241674907506, 2468694.533832285087556 ], [ 2270933.673137101810426, 2468710.712283397559077 ], [ 2270901.315369638148695, 2468710.712283397559077 ], [ 2270885.136485905852169, 2468743.068848522379994 ], [ 2270836.599497600924224, 2468823.960766984615475 ], [ 2270804.241730136796832, 2468856.317669209558517 ], [ 2270755.704741831868887, 2468888.674234334379435 ], [ 2270723.346974367741495, 2468921.030799459200352 ], [ 2270674.80998606281355, 2468985.744266808964312 ], [ 2270658.631102330517024, 2469001.922717921435833 ], [ 2270626.273334866855294, 2469018.101169033907354 ], [ 2270577.736346561461687, 2469034.279620146378875 ], [ 2270545.378579097799957, 2469050.457734158728272 ], [ 2270529.19969536550343, 2469066.636185271199793 ], [ 2270529.19969536550343, 2469131.349652621429414 ], [ 2270529.19969536550343, 2469147.528103733900934 ], [ 2270513.020474524702877, 2469163.706217746250331 ], [ 2270480.662707060575485, 2469179.884668858721852 ], [ 2270464.48382332874462, 2469196.063119971193373 ], [ 2270448.304939596448094, 2469228.419685096014291 ], [ 2270432.12571875564754, 2469309.311603558249772 ], [ 2270415.946835023351014, 2469325.490054670721292 ], [ 2270383.589067559689283, 2469357.84661979554221 ], [ 2270351.231300095561892, 2469390.203522020485252 ], [ 2270318.873195522464812, 2469406.381636032834649 ], [ 2270302.694311790633947, 2469454.916989370249212 ], [ 2270302.694311790633947, 2469503.452005608007312 ], [ 2270286.51542805833742, 2469535.808570732362568 ], [ 2270221.79955602157861, 2469632.878940307535231 ], [ 2270205.620672289282084, 2469649.057054319884628 ], [ 2270173.262567716185004, 2469697.592407657299191 ], [ 2270157.083683984354138, 2469746.12742389459163 ], [ 2270108.547032788395882, 2469778.483989019412547 ], [ 2270011.47339328750968, 2469859.375907481648028 ], [ 2269995.294172446243465, 2469891.732472606468946 ], [ 2269962.936404982116073, 2470021.159407306462526 ], [ 2269946.757521250285208, 2470069.694423543754965 ], [ 2269898.220532944891602, 2470134.407890893518925 ], [ 2269882.041649213060737, 2470182.943244230933487 ], [ 2269849.683881749399006, 2470247.656374480575323 ], [ 2269817.325777175836265, 2470280.013276705518365 ], [ 2269784.968009712174535, 2470312.369841830339283 ], [ 2269768.789125979878008, 2470344.726744055747986 ], [ 2269704.073253943119198, 2470409.440211405511945 ], [ 2269639.357381905894727, 2470441.796776530332863 ], [ 2269558.46262613683939, 2470522.688694992568344 ], [ 2269509.925974940881133, 2470619.758727467153221 ], [ 2269493.747091209050268, 2470716.829097041860223 ], [ 2269477.567870367784053, 2470733.00721105420962 ], [ 2269445.210102903656662, 2470765.364113279152662 ], [ 2269429.031219171825796, 2470797.720678403973579 ], [ 2269429.031219171825796, 2470846.256031741853803 ], [ 2269412.852335439994931, 2470862.4341457542032 ], [ 2269396.673451707698405, 2470878.612596866674721 ], [ 2269348.13646340277046, 2470894.791047979146242 ], [ 2269315.778695938643068, 2470927.14761310396716 ], [ 2269186.346951864659786, 2471040.396096691023558 ], [ 2269121.631079827435315, 2471121.288015153259039 ], [ 2269105.45219609560445, 2471186.001482503022999 ], [ 2269073.094428631477058, 2471218.358047627843916 ], [ 2269040.736324058379978, 2471250.71494985325262 ], [ 2269008.378556594252586, 2471266.89340096572414 ], [ 2268959.841568289324641, 2471266.89340096572414 ], [ 2268895.126033361535519, 2471250.71494985325262 ], [ 2268878.947149629704654, 2471250.71494985325262 ], [ 2268846.589045056141913, 2471266.89340096572414 ], [ 2268814.231277592480183, 2471266.89340096572414 ], [ 2268733.336521823424846, 2471218.358047627843916 ], [ 2268636.262882322072983, 2471186.001482503022999 ], [ 2268620.083998590242118, 2471169.823031390551478 ], [ 2268571.547010285314173, 2471169.823031390551478 ], [ 2268555.368126553017646, 2471169.823031390551478 ], [ 2268539.189242821186781, 2471169.823031390551478 ], [ 2268523.010021979920566, 2471169.823031390551478 ], [ 2268506.831138248089701, 2471186.001482503022999 ], [ 2268490.652254516258836, 2471186.001482503022999 ], [ 2268474.473370783962309, 2471186.001482503022999 ], [ 2268474.473370783962309, 2471202.179933615960181 ], [ 2268458.294487052131444, 2471202.179933615960181 ], [ 2268442.115266210865229, 2471202.179933615960181 ], [ 2268425.936382479034364, 2471202.179933615960181 ], [ 2268409.757498747203499, 2471218.358047627843916 ], [ 2268393.578615014906973, 2471218.358047627843916 ], [ 2268377.399731283076108, 2471218.358047627843916 ], [ 2268361.220847551245242, 2471218.358047627843916 ], [ 2268345.041626709979028, 2471218.358047627843916 ], [ 2268328.862742978148162, 2471218.358047627843916 ], [ 2268312.683859245851636, 2471218.358047627843916 ], [ 2268296.504975514020771, 2471218.358047627843916 ], [ 2268280.326091782189906, 2471218.358047627843916 ], [ 2268264.146870940923691, 2471218.358047627843916 ], [ 2268247.967987208627164, 2471218.358047627843916 ], [ 2268231.789103476796299, 2471218.358047627843916 ], [ 2268215.610219744965434, 2471218.358047627843916 ], [ 2268199.431336013134569, 2471218.358047627843916 ], [ 2268183.252452280838042, 2471218.358047627843916 ], [ 2268167.073231439571828, 2471218.358047627843916 ], [ 2268150.894347707740963, 2471218.358047627843916 ], [ 2268134.715463975910097, 2471202.179933615960181 ], [ 2268118.536580244079232, 2471202.179933615960181 ], [ 2268102.357696511782706, 2471186.001482503022999 ], [ 2268086.178475670516491, 2471186.001482503022999 ], [ 2268069.999591938685626, 2471186.001482503022999 ], [ 2268069.999591938685626, 2471169.823031390551478 ], [ 2268053.820708206854761, 2471169.823031390551478 ], [ 2268037.641824474558234, 2471186.001482503022999 ], [ 2268021.462940742727369, 2471186.001482503022999 ], [ 2268005.283719901461154, 2471186.001482503022999 ], [ 2267989.104836169630289, 2471186.001482503022999 ], [ 2267972.925952437799424, 2471186.001482503022999 ], [ 2267956.747068705502898, 2471186.001482503022999 ], [ 2267940.568184973672032, 2471186.001482503022999 ], [ 2267924.389301241841167, 2471169.823031390551478 ], [ 2267908.210080400574952, 2471169.823031390551478 ], [ 2267892.031196668744087, 2471169.823031390551478 ], [ 2267875.852312936447561, 2471169.823031390551478 ], [ 2267859.673429204616696, 2471169.823031390551478 ], [ 2267843.49454547278583, 2471169.823031390551478 ], [ 2267827.315324631519616, 2471169.823031390551478 ], [ 2267811.136440899688751, 2471169.823031390551478 ], [ 2267794.957557167392224, 2471169.823031390551478 ], [ 2267794.957557167392224, 2471153.644580278079957 ], [ 2267778.778673435561359, 2471153.644580278079957 ], [ 2267762.599789703730494, 2471169.823031390551478 ], [ 2267746.420568862464279, 2471169.823031390551478 ], [ 2267730.241685130633414, 2471186.001482503022999 ], [ 2267714.062801398336887, 2471186.001482503022999 ], [ 2267697.883917666506022, 2471186.001482503022999 ], [ 2267681.705033934675157, 2471186.001482503022999 ], [ 2267681.705033934675157, 2471169.823031390551478 ], [ 2267665.526150202378631, 2471169.823031390551478 ], [ 2267649.346929361578077, 2471169.823031390551478 ], [ 2267649.346929361578077, 2471153.644580278079957 ], [ 2267633.168045629281551, 2471153.644580278079957 ], [ 2267633.168045629281551, 2471137.46646626573056 ], [ 2267616.989161897450686, 2471121.288015153259039 ], [ 2267616.989161897450686, 2471105.109564040787518 ], [ 2267600.81027816561982, 2471105.109564040787518 ], [ 2267584.631394433323294, 2471121.288015153259039 ], [ 2267568.45217359252274, 2471121.288015153259039 ], [ 2267552.273289860226214, 2471121.288015153259039 ], [ 2267536.094406128395349, 2471121.288015153259039 ], [ 2267519.915522396564484, 2471121.288015153259039 ], [ 2267503.736638664267957, 2471137.46646626573056 ], [ 2267487.557417823001742, 2471137.46646626573056 ], [ 2267471.378534091170877, 2471137.46646626573056 ], [ 2267471.378534091170877, 2471153.644580278079957 ], [ 2267455.199650359340012, 2471169.823031390551478 ], [ 2267439.020766627509147, 2471169.823031390551478 ], [ 2267439.020766627509147, 2471186.001482503022999 ], [ 2267422.84188289521262, 2471186.001482503022999 ], [ 2267406.662999163381755, 2471186.001482503022999 ], [ 2267390.483778322115541, 2471186.001482503022999 ], [ 2267374.304894590284675, 2471202.179933615960181 ], [ 2267358.12601085845381, 2471202.179933615960181 ], [ 2267341.947127126157284, 2471202.179933615960181 ], [ 2267325.768243394326419, 2471202.179933615960181 ], [ 2267309.589022553060204, 2471186.001482503022999 ], [ 2267293.410138821229339, 2471186.001482503022999 ], [ 2267277.231255088932812, 2471186.001482503022999 ], [ 2267261.052371357101947, 2471186.001482503022999 ], [ 2267244.873487625271082, 2471202.179933615960181 ], [ 2267228.694266784004867, 2471202.179933615960181 ], [ 2267228.694266784004867, 2471218.358047627843916 ], [ 2267212.515383052174002, 2471218.358047627843916 ], [ 2267212.515383052174002, 2471234.536498740781099 ], [ 2267196.336499319877476, 2471250.71494985325262 ], [ 2267196.336499319877476, 2471266.89340096572414 ], [ 2267180.15761558804661, 2471266.89340096572414 ], [ 2267180.15761558804661, 2471283.071514978073537 ], [ 2267163.978731856215745, 2471283.071514978073537 ], [ 2267163.978731856215745, 2471299.249966090545058 ], [ 2267147.79984812438488, 2471299.249966090545058 ], [ 2267131.620627283118665, 2471299.249966090545058 ], [ 2267131.620627283118665, 2471315.428417203016579 ], [ 2267115.441743550822139, 2471315.428417203016579 ], [ 2267099.262859818991274, 2471315.428417203016579 ], [ 2267083.083976087160408, 2471331.606531215365976 ], [ 2267066.905092355329543, 2471331.606531215365976 ], [ 2267050.725871514063329, 2471347.784982327837497 ], [ 2267034.546987781766802, 2471347.784982327837497 ], [ 2267018.368104049935937, 2471347.784982327837497 ], [ 2267002.189220318105072, 2471347.784982327837497 ], [ 2266986.010336585808545, 2471347.784982327837497 ], [ 2266969.831115745007992, 2471347.784982327837497 ], [ 2266937.4733482808806, 2471347.784982327837497 ], [ 2266921.294464549049735, 2471347.784982327837497 ], [ 2266905.115580816753209, 2471347.784982327837497 ], [ 2266888.936697084922343, 2471347.784982327837497 ], [ 2266872.757476243656129, 2471347.784982327837497 ], [ 2266872.757476243656129, 2471331.606531215365976 ], [ 2266856.578592511825264, 2471331.606531215365976 ], [ 2266856.578592511825264, 2471315.428417203016579 ], [ 2266840.399708779994398, 2471315.428417203016579 ], [ 2266840.399708779994398, 2471299.249966090545058 ], [ 2266824.220825047697872, 2471299.249966090545058 ], [ 2266808.041941315867007, 2471299.249966090545058 ], [ 2266791.862720474600792, 2471299.249966090545058 ], [ 2266791.862720474600792, 2471283.071514978073537 ], [ 2266775.683836742769927, 2471283.071514978073537 ], [ 2266759.504953010939062, 2471283.071514978073537 ], [ 2266759.504953010939062, 2471266.89340096572414 ], [ 2266743.326069278642535, 2471266.89340096572414 ], [ 2266727.14718554681167, 2471266.89340096572414 ], [ 2266710.968301814980805, 2471266.89340096572414 ], [ 2266710.968301814980805, 2471283.071514978073537 ], [ 2266678.610197241883725, 2471283.071514978073537 ], [ 2266662.431313509587198, 2471283.071514978073537 ], [ 2266646.252429777756333, 2471283.071514978073537 ], [ 2266646.252429777756333, 2471299.249966090545058 ], [ 2266630.073546045925468, 2471299.249966090545058 ], [ 2266613.894325204659253, 2471315.428417203016579 ], [ 2266613.894325204659253, 2471331.606531215365976 ], [ 2266597.715441472828388, 2471331.606531215365976 ], [ 2266597.715441472828388, 2471347.784982327837497 ], [ 2266581.536557740531862, 2471363.963433440309018 ], [ 2266581.536557740531862, 2471380.141884552780539 ], [ 2266565.357674008700997, 2471380.141884552780539 ], [ 2266549.178790276870131, 2471396.319998565129936 ], [ 2266532.999569435603917, 2471412.498449677601457 ], [ 2266516.82068570330739, 2471412.498449677601457 ], [ 2266516.82068570330739, 2471428.676900790072978 ], [ 2266500.641801971476525, 2471428.676900790072978 ], [ 2266500.641801971476525, 2471444.855351902544498 ], [ 2266484.46291823964566, 2471444.855351902544498 ], [ 2266468.284034507814795, 2471444.855351902544498 ], [ 2266452.105150775518268, 2471444.855351902544498 ], [ 2266435.925929934252053, 2471444.855351902544498 ], [ 2266419.747046202421188, 2471444.855351902544498 ], [ 2266403.568162470590323, 2471444.855351902544498 ], [ 2266387.389278738759458, 2471444.855351902544498 ], [ 2266371.210395006462932, 2471444.855351902544498 ], [ 2266355.031174165196717, 2471444.855351902544498 ], [ 2266290.315639237407595, 2471461.033465914893895 ], [ 2266257.957534664310515, 2471477.211917027365416 ], [ 2266241.77865093247965, 2471477.211917027365416 ], [ 2266225.599767200183123, 2471477.211917027365416 ], [ 2266209.420883468352258, 2471493.390368139836937 ], [ 2266193.241999736521393, 2471509.568819252308458 ], [ 2266177.062778895255178, 2471509.568819252308458 ], [ 2266177.062778895255178, 2471525.746933264657855 ], [ 2266160.883895163424313, 2471525.746933264657855 ], [ 2266160.883895163424313, 2471541.925384377129376 ], [ 2266144.705011431127787, 2471541.925384377129376 ], [ 2266144.705011431127787, 2471558.103835489600897 ], [ 2266112.347243967466056, 2471558.103835489600897 ], [ 2266112.347243967466056, 2471574.281949501950294 ], [ 2266096.168023126199841, 2471574.281949501950294 ], [ 2266079.989139394368976, 2471590.460400614421815 ], [ 2266063.81025566207245, 2471590.460400614421815 ], [ 2266063.81025566207245, 2471606.638851726893336 ], [ 2266047.631371930241585, 2471606.638851726893336 ], [ 2266031.45248819841072, 2471606.638851726893336 ], [ 2266015.273267357144505, 2471606.638851726893336 ], [ 2265999.09438362531364, 2471606.638851726893336 ], [ 2265999.09438362531364, 2471622.817302839830518 ], [ 2265982.915499893017113, 2471622.817302839830518 ], [ 2265966.736616161186248, 2471638.995416851714253 ], [ 2265950.557732429355383, 2471655.173867964651436 ], [ 2265934.378848697058856, 2471671.352319077122957 ], [ 2265918.199627856258303, 2471687.530770189594477 ], [ 2265902.020744123961776, 2471703.708884201943874 ], [ 2265902.020744123961776, 2471719.887335314415395 ], [ 2265885.841860392130911, 2471736.065786426886916 ], [ 2265869.662976660300046, 2471736.065786426886916 ], [ 2265869.662976660300046, 2471752.243900439236313 ], [ 2265869.662976660300046, 2471768.422351551707834 ], [ 2265869.662976660300046, 2471784.600802664179355 ], [ 2265869.662976660300046, 2471800.779253776650876 ], [ 2265853.48409292800352, 2471800.779253776650876 ], [ 2265853.48409292800352, 2471816.957367789000273 ], [ 2265853.48409292800352, 2471833.135818901471794 ], [ 2265837.304872087202966, 2471833.135818901471794 ], [ 2265821.12598835490644, 2471833.135818901471794 ], [ 2265804.947104623075575, 2471833.135818901471794 ], [ 2265788.768220891244709, 2471833.135818901471794 ], [ 2265788.768220891244709, 2471816.957367789000273 ], [ 2265772.589337158948183, 2471816.957367789000273 ], [ 2265756.410116317681968, 2471800.779253776650876 ], [ 2265756.410116317681968, 2471816.957367789000273 ], [ 2265740.231232585851103, 2471816.957367789000273 ], [ 2265740.231232585851103, 2471833.135818901471794 ], [ 2265740.231232585851103, 2471849.314270013943315 ], [ 2265724.052348854020238, 2471849.314270013943315 ], [ 2265724.052348854020238, 2471865.492721126414835 ], [ 2265724.052348854020238, 2471881.670835138764232 ], [ 2265707.873465122189373, 2471881.670835138764232 ], [ 2265707.873465122189373, 2471897.849286251235753 ], [ 2265691.694581389892846, 2471897.849286251235753 ], [ 2265691.694581389892846, 2471914.027737363707274 ], [ 2265675.515697658061981, 2471914.027737363707274 ], [ 2265659.336476816795766, 2471914.027737363707274 ], [ 2265659.336476816795766, 2471930.206188476178795 ], [ 2265643.157593084964901, 2471930.206188476178795 ], [ 2265626.978709353134036, 2471946.384302488528192 ], [ 2265610.79982562083751, 2471962.562753600999713 ], [ 2265594.620941889006644, 2471962.562753600999713 ], [ 2265578.44172104774043, 2471978.741204713471234 ], [ 2265562.262837315909564, 2471978.741204713471234 ], [ 2265562.262837315909564, 2471994.919318725820631 ], [ 2265546.083953584078699, 2471994.919318725820631 ], [ 2265529.905069851782173, 2471994.919318725820631 ], [ 2265513.726186119951308, 2471994.919318725820631 ], [ 2265497.546965278685093, 2472011.097769838292152 ], [ 2265481.368081546854228, 2472011.097769838292152 ], [ 2265465.189197814557701, 2472011.097769838292152 ], [ 2265465.189197814557701, 2472027.276220950763673 ], [ 2265449.010314082726836, 2472027.276220950763673 ], [ 2265432.831430350895971, 2472027.276220950763673 ], [ 2265416.652546619065106, 2472043.454672063700855 ], [ 2265416.652546619065106, 2472027.276220950763673 ], [ 2265416.652546619065106, 2472043.454672063700855 ], [ 2265400.473325777798891, 2472043.454672063700855 ], [ 2265384.294442045502365, 2472043.454672063700855 ], [ 2265384.294442045502365, 2472059.63278607558459 ], [ 2265384.294442045502365, 2472075.811237188521773 ], [ 2265368.115558313671499, 2472075.811237188521773 ], [ 2265368.115558313671499, 2472091.989688300993294 ], [ 2265351.936674581840634, 2472091.989688300993294 ], [ 2265335.757790850009769, 2472108.168139413464814 ], [ 2265335.757790850009769, 2472140.524704538285732 ], [ 2265319.578570008743554, 2472140.524704538285732 ], [ 2265319.578570008743554, 2472156.703155650757253 ], [ 2265319.578570008743554, 2472172.881606763228774 ], [ 2265319.578570008743554, 2472189.059720775578171 ], [ 2265303.399686276447028, 2472189.059720775578171 ], [ 2265303.399686276447028, 2472205.238171888049692 ], [ 2265303.399686276447028, 2472221.416623000521213 ], [ 2265303.399686276447028, 2472237.59473701287061 ], [ 2265319.578570008743554, 2472237.59473701287061 ], [ 2265319.578570008743554, 2472253.773188125342131 ], [ 2265319.578570008743554, 2472269.951639237813652 ], [ 2265319.578570008743554, 2472286.130090350285172 ], [ 2265319.578570008743554, 2472302.308204362634569 ], [ 2265319.578570008743554, 2472318.48665547510609 ], [ 2265319.578570008743554, 2472334.665106587577611 ], [ 2265319.578570008743554, 2472350.843557700049132 ], [ 2265319.578570008743554, 2472367.021671712398529 ], [ 2265319.578570008743554, 2472383.20012282487005 ], [ 2265303.399686276447028, 2472383.20012282487005 ], [ 2265303.399686276447028, 2472399.378573937341571 ], [ 2265287.220802544616163, 2472399.378573937341571 ], [ 2265287.220802544616163, 2472415.556687949690968 ], [ 2265271.041918812785298, 2472415.556687949690968 ], [ 2265271.041918812785298, 2472431.735139062162489 ], [ 2265254.863035080954432, 2472431.735139062162489 ], [ 2265238.684151348657906, 2472447.91359017463401 ], [ 2265238.684151348657906, 2472464.092041287571192 ], [ 2265222.504930507391691, 2472464.092041287571192 ], [ 2265222.504930507391691, 2472480.270155299454927 ], [ 2265206.326046775560826, 2472480.270155299454927 ], [ 2265190.147163043729961, 2472480.270155299454927 ], [ 2265190.147163043729961, 2472496.44860641239211 ], [ 2265173.968279311433434, 2472496.44860641239211 ], [ 2265173.968279311433434, 2472512.627057524863631 ], [ 2265157.789395579602569, 2472512.627057524863631 ], [ 2265157.789395579602569, 2472528.805508637335151 ], [ 2265157.789395579602569, 2472544.983622649684548 ], [ 2265141.610174738336354, 2472561.162073762156069 ], [ 2265141.610174738336354, 2472577.34052487462759 ], [ 2265125.431291006505489, 2472593.518975987099111 ], [ 2265125.431291006505489, 2472609.697089999448508 ], [ 2265109.252407274674624, 2472625.875541111920029 ], [ 2265109.252407274674624, 2472642.05399222439155 ], [ 2265093.073523542378098, 2472658.232106236740947 ], [ 2265093.073523542378098, 2472674.410557349212468 ], [ 2265076.894639810547233, 2472690.589008461683989 ], [ 2265060.715418969281018, 2472706.767459574155509 ], [ 2265044.536535237450153, 2472722.945573586504906 ], [ 2265028.357651505619287, 2472739.124024698976427 ], [ 2265012.178767773322761, 2472755.302475811447948 ], [ 2264995.999884041491896, 2472755.302475811447948 ], [ 2264995.999884041491896, 2472771.480926923919469 ], [ 2264979.821000309661031, 2472787.659040936268866 ], [ 2264963.641779468394816, 2472803.837492048740387 ], [ 2264947.462895736563951, 2472803.837492048740387 ], [ 2264931.284012004267424, 2472803.837492048740387 ], [ 2264915.105128272436559, 2472803.837492048740387 ], [ 2264898.926244540605694, 2472820.015943161211908 ], [ 2264882.747023699339479, 2472820.015943161211908 ], [ 2264882.747023699339479, 2472836.194394273683429 ], [ 2264866.568139967508614, 2472836.194394273683429 ], [ 2264850.389256235212088, 2472820.015943161211908 ], [ 2264834.210372503381222, 2472820.015943161211908 ], [ 2264818.031488771550357, 2472820.015943161211908 ], [ 2264818.031488771550357, 2472803.837492048740387 ], [ 2264801.852267930284142, 2472820.015943161211908 ], [ 2264801.852267930284142, 2472836.194394273683429 ], [ 2264785.673384198453277, 2472836.194394273683429 ], [ 2264785.673384198453277, 2472852.372508286032826 ], [ 2264769.494500466156751, 2472852.372508286032826 ], [ 2264769.494500466156751, 2472868.550959398504347 ], [ 2264753.315616734325886, 2472868.550959398504347 ], [ 2264753.315616734325886, 2472884.729410511441529 ], [ 2264753.315616734325886, 2472900.907524523325264 ], [ 2264737.136733002495021, 2472917.085975635796785 ], [ 2264720.957849270198494, 2472933.264426748733968 ], [ 2264720.957849270198494, 2472949.442877861205488 ], [ 2264704.778628428932279, 2472949.442877861205488 ], [ 2264688.599744697101414, 2472965.620991873554885 ], [ 2264688.599744697101414, 2472981.799442986026406 ], [ 2264672.420860965270549, 2472981.799442986026406 ], [ 2264672.420860965270549, 2472997.977894098497927 ], [ 2264656.241977233439684, 2473014.156345210969448 ], [ 2264656.241977233439684, 2473030.334459223318845 ], [ 2264640.063093501143157, 2473030.334459223318845 ], [ 2264623.883872659876943, 2473046.512910335790366 ], [ 2264607.704988928046077, 2473046.512910335790366 ], [ 2264607.704988928046077, 2473062.691361448261887 ], [ 2264607.704988928046077, 2473078.869475460611284 ], [ 2264607.704988928046077, 2473095.047926573082805 ], [ 2264591.526105196215212, 2473095.047926573082805 ], [ 2264591.526105196215212, 2473111.226377685554326 ], [ 2264575.347221464384347, 2473111.226377685554326 ], [ 2264575.347221464384347, 2473127.404828798025846 ], [ 2264542.989116890821606, 2473127.404828798025846 ], [ 2264526.810233158990741, 2473143.582942810375243 ], [ 2264510.631349427159876, 2473143.582942810375243 ], [ 2264494.45246569532901, 2473143.582942810375243 ], [ 2264494.45246569532901, 2473159.761393922846764 ], [ 2264478.273581963032484, 2473159.761393922846764 ], [ 2264462.094698231201619, 2473175.939845035318285 ], [ 2264445.915477389935404, 2473175.939845035318285 ], [ 2264445.915477389935404, 2473192.118296147789806 ], [ 2264429.736593658104539, 2473192.118296147789806 ], [ 2264413.557709925808012, 2473192.118296147789806 ], [ 2264413.557709925808012, 2473208.296410160139203 ], [ 2264397.378826193977147, 2473208.296410160139203 ], [ 2264381.199942462146282, 2473208.296410160139203 ], [ 2264365.020721620880067, 2473208.296410160139203 ], [ 2264348.841837889049202, 2473208.296410160139203 ], [ 2264332.662954156752676, 2473224.474861272610724 ], [ 2264316.484070424921811, 2473224.474861272610724 ], [ 2264300.305186693090945, 2473240.653312385082245 ], [ 2264284.125965851824731, 2473240.653312385082245 ], [ 2264284.125965851824731, 2473256.831763497553766 ], [ 2264267.947082119993865, 2473256.831763497553766 ], [ 2264267.947082119993865, 2473273.009877509903163 ], [ 2264267.947082119993865, 2473289.188328622374684 ], [ 2264251.768198387697339, 2473289.188328622374684 ], [ 2264235.589314655866474, 2473289.188328622374684 ], [ 2264235.589314655866474, 2473273.009877509903163 ], [ 2264219.410430924035609, 2473273.009877509903163 ], [ 2264203.231547191739082, 2473256.831763497553766 ], [ 2264187.052326350938529, 2473256.831763497553766 ], [ 2264170.873442618642002, 2473256.831763497553766 ], [ 2264154.694558886811137, 2473256.831763497553766 ], [ 2264138.515675154980272, 2473256.831763497553766 ], [ 2264122.336791422683746, 2473256.831763497553766 ], [ 2264106.157570581883192, 2473273.009877509903163 ], [ 2264089.978686849586666, 2473273.009877509903163 ], [ 2264089.978686849586666, 2473289.188328622374684 ], [ 2264073.7998031177558, 2473289.188328622374684 ], [ 2264057.620919385924935, 2473305.366779735311866 ], [ 2264041.442035653628409, 2473305.366779735311866 ], [ 2264041.442035653628409, 2473321.544893747195601 ], [ 2264041.442035653628409, 2473337.723344859667122 ], [ 2264025.262814812827855, 2473337.723344859667122 ], [ 2264025.262814812827855, 2473353.901795972604305 ], [ 2264009.083931080531329, 2473370.080247085075825 ], [ 2264009.083931080531329, 2473386.258361097425222 ], [ 2263992.905047348700464, 2473386.258361097425222 ], [ 2263992.905047348700464, 2473402.436812209896743 ], [ 2263976.726163616869599, 2473402.436812209896743 ], [ 2263976.726163616869599, 2473418.615263322368264 ], [ 2263960.547279884573072, 2473418.615263322368264 ], [ 2263960.547279884573072, 2473434.793714434839785 ], [ 2263944.368396152742207, 2473450.971828447189182 ], [ 2263928.189175311475992, 2473450.971828447189182 ], [ 2263912.010291579645127, 2473467.150279559660703 ], [ 2263863.47364038368687, 2473467.150279559660703 ], [ 2263831.11553581058979, 2473483.328730672132224 ], [ 2263798.757768346462399, 2473499.507181784603745 ], [ 2263766.400000882800668, 2473515.685295796953142 ], [ 2263734.041896309703588, 2473548.042198021896183 ], [ 2263717.863012577407062, 2473580.398763146717101 ], [ 2263717.863012577407062, 2473612.755665371660143 ], [ 2263701.684128845576197, 2473628.93377938400954 ], [ 2263685.505245113745332, 2473661.290681608952582 ], [ 2263653.14714054018259, 2473677.469132721424103 ], [ 2263636.968256808351725, 2473693.6472467337735 ], [ 2263604.610489344689995, 2473726.004148959182203 ], [ 2263604.610489344689995, 2473742.182262971065938 ], [ 2263604.610489344689995, 2473758.360714083537459 ], [ 2263604.610489344689995, 2473774.539165196474642 ], [ 2263588.43126850342378, 2473806.895730321295559 ], [ 2263588.43126850342378, 2473823.07418143376708 ], [ 2263556.073501039296389, 2473839.252632546238601 ], [ 2263539.894617307465523, 2473839.252632546238601 ], [ 2263507.536849843338132, 2473855.431083658710122 ], [ 2263475.178745270241052, 2473855.431083658710122 ], [ 2263442.82097780611366, 2473871.609197671059519 ], [ 2263410.46287323301658, 2473887.78764878353104 ], [ 2263378.10510576935485, 2473920.144551008474082 ], [ 2263378.10510576935485, 2473936.322665020823479 ], [ 2263345.747338305227458, 2473984.857681258115917 ], [ 2263345.747338305227458, 2474017.214583483058959 ], [ 2263329.568117463961244, 2474049.571148607879877 ], [ 2263313.389233732130378, 2474065.749599720351398 ], [ 2263313.389233732130378, 2474081.928050832822919 ], [ 2263313.389233732130378, 2474098.10650194529444 ], [ 2263313.389233732130378, 2474114.284615957643837 ], [ 2263297.210350000299513, 2474130.463067070115358 ], [ 2263281.031466268002987, 2474146.641518182586879 ], [ 2263264.852582536172122, 2474162.819969295524061 ], [ 2263264.852582536172122, 2474178.998083307407796 ], [ 2263248.673698804341257, 2474195.176534420344979 ], [ 2263232.494477963075042, 2474195.176534420344979 ], [ 2263216.315594231244177, 2474211.354985532816499 ], [ 2263216.315594231244177, 2474227.533099545165896 ], [ 2263200.13671049894765, 2474243.711550657637417 ], [ 2263200.13671049894765, 2474259.890001770108938 ], [ 2263200.13671049894765, 2474276.068452882580459 ], [ 2263200.13671049894765, 2474292.246566894929856 ], [ 2263183.957826767116785, 2474308.425018007401377 ], [ 2263183.957826767116785, 2474324.603469119872898 ], [ 2263183.957826767116785, 2474340.781920232344419 ], [ 2263167.77894303528592, 2474340.781920232344419 ], [ 2263167.77894303528592, 2474356.960034244693816 ], [ 2263151.599722194019705, 2474356.960034244693816 ], [ 2263151.599722194019705, 2474373.138485357165337 ], [ 2263151.599722194019705, 2474356.960034244693816 ], [ 2263135.42083846218884, 2474373.138485357165337 ], [ 2263119.241954729892313, 2474389.316936469636858 ], [ 2263119.241954729892313, 2474405.495050481986254 ], [ 2263119.241954729892313, 2474421.673501594457775 ], [ 2263103.063070998061448, 2474421.673501594457775 ], [ 2263103.063070998061448, 2474437.851952706929296 ], [ 2263119.241954729892313, 2474437.851952706929296 ], [ 2263119.241954729892313, 2474454.030403819400817 ], [ 2263135.42083846218884, 2474454.030403819400817 ], [ 2263135.42083846218884, 2474470.208517831750214 ], [ 2263151.599722194019705, 2474470.208517831750214 ], [ 2263151.599722194019705, 2474486.386968944221735 ], [ 2263135.42083846218884, 2474502.565420056693256 ], [ 2263135.42083846218884, 2474518.743871169164777 ], [ 2263135.42083846218884, 2474534.921985181514174 ], [ 2263119.241954729892313, 2474534.921985181514174 ], [ 2263103.063070998061448, 2474534.921985181514174 ], [ 2263086.884187266230583, 2474534.921985181514174 ], [ 2263070.704966424964368, 2474534.921985181514174 ], [ 2263070.704966424964368, 2474551.100436293985695 ], [ 2263054.526082693133503, 2474551.100436293985695 ], [ 2263054.526082693133503, 2474567.278887406457216 ], [ 2263038.347198960836977, 2474567.278887406457216 ], [ 2263022.168315229006112, 2474567.278887406457216 ], [ 2263005.989431497175246, 2474567.278887406457216 ], [ 2262989.81054776487872, 2474567.278887406457216 ], [ 2262989.81054776487872, 2474551.100436293985695 ], [ 2262973.631326924078166, 2474551.100436293985695 ], [ 2262973.631326924078166, 2474534.921985181514174 ], [ 2262957.45244319178164, 2474518.743871169164777 ], [ 2262941.273559459950775, 2474518.743871169164777 ], [ 2262925.09467572811991, 2474518.743871169164777 ], [ 2262908.915791995823383, 2474534.921985181514174 ], [ 2262892.736571154557168, 2474534.921985181514174 ], [ 2262876.557687422726303, 2474567.278887406457216 ], [ 2262876.557687422726303, 2474583.457338519394398 ], [ 2262860.378803690895438, 2474583.457338519394398 ], [ 2262844.199919959064573, 2474583.457338519394398 ], [ 2262844.199919959064573, 2474599.635452531278133 ], [ 2262828.021036226768047, 2474599.635452531278133 ], [ 2262811.841815385501832, 2474599.635452531278133 ], [ 2262795.662931653670967, 2474599.635452531278133 ], [ 2262795.662931653670967, 2474583.457338519394398 ], [ 2262779.484047921840101, 2474583.457338519394398 ], [ 2262763.305164190009236, 2474583.457338519394398 ], [ 2262747.12628045771271, 2474583.457338519394398 ], [ 2262747.12628045771271, 2474599.635452531278133 ], [ 2262730.947396725881845, 2474599.635452531278133 ], [ 2262730.947396725881845, 2474615.813903644215316 ], [ 2262730.947396725881845, 2474631.992354756686836 ], [ 2262730.947396725881845, 2474648.170468769036233 ], [ 2262747.12628045771271, 2474648.170468769036233 ], [ 2262747.12628045771271, 2474664.348919881507754 ], [ 2262747.12628045771271, 2474680.527370993979275 ], [ 2262747.12628045771271, 2474696.705822106450796 ], [ 2262763.305164190009236, 2474696.705822106450796 ], [ 2262747.12628045771271, 2474696.705822106450796 ], [ 2262763.305164190009236, 2474712.883936118800193 ], [ 2262763.305164190009236, 2474729.062387231271714 ], [ 2262747.12628045771271, 2474729.062387231271714 ], [ 2262747.12628045771271, 2474745.240838343743235 ], [ 2262747.12628045771271, 2474761.419289456214756 ], [ 2262730.947396725881845, 2474761.419289456214756 ], [ 2262730.947396725881845, 2474777.597403468564153 ], [ 2262714.76817588461563, 2474777.597403468564153 ], [ 2262698.589292152784765, 2474777.597403468564153 ], [ 2262682.410408420488238, 2474777.597403468564153 ], [ 2262666.231524688657373, 2474777.597403468564153 ], [ 2262650.052640956826508, 2474777.597403468564153 ], [ 2262650.052640956826508, 2474761.419289456214756 ], [ 2262633.873420115560293, 2474761.419289456214756 ], [ 2262617.694536383729428, 2474761.419289456214756 ], [ 2262617.694536383729428, 2474777.597403468564153 ], [ 2262601.515652651432902, 2474777.597403468564153 ], [ 2262585.336768919602036, 2474777.597403468564153 ], [ 2262569.157885187771171, 2474777.597403468564153 ], [ 2262569.157885187771171, 2474761.419289456214756 ], [ 2262569.157885187771171, 2474745.240838343743235 ], [ 2262569.157885187771171, 2474729.062387231271714 ], [ 2262552.978664346504956, 2474729.062387231271714 ], [ 2262552.978664346504956, 2474712.883936118800193 ], [ 2262536.799780614674091, 2474712.883936118800193 ], [ 2262536.799780614674091, 2474696.705822106450796 ], [ 2262520.620896882377565, 2474696.705822106450796 ], [ 2262520.620896882377565, 2474712.883936118800193 ], [ 2262504.4420131505467, 2474712.883936118800193 ], [ 2262488.263129418715835, 2474729.062387231271714 ], [ 2262472.084245686884969, 2474729.062387231271714 ], [ 2262455.905024845618755, 2474729.062387231271714 ], [ 2262439.726141113322228, 2474729.062387231271714 ], [ 2262423.547257381491363, 2474729.062387231271714 ], [ 2262423.547257381491363, 2474712.883936118800193 ], [ 2262407.368373649660498, 2474712.883936118800193 ], [ 2262391.189489917363971, 2474712.883936118800193 ], [ 2262391.189489917363971, 2474696.705822106450796 ], [ 2262358.831385344266891, 2474680.527370993979275 ], [ 2262342.652501612436026, 2474696.705822106450796 ], [ 2262326.473617880605161, 2474696.705822106450796 ], [ 2262310.294734148308635, 2474696.705822106450796 ], [ 2262294.11585041647777, 2474696.705822106450796 ], [ 2262277.936629575211555, 2474696.705822106450796 ], [ 2262261.75774584338069, 2474696.705822106450796 ], [ 2262261.75774584338069, 2474712.883936118800193 ], [ 2262245.578862111549824, 2474712.883936118800193 ], [ 2262229.399978379253298, 2474729.062387231271714 ], [ 2262229.399978379253298, 2474745.240838343743235 ], [ 2262213.221094647422433, 2474761.419289456214756 ], [ 2262213.221094647422433, 2474777.597403468564153 ], [ 2262197.041873806156218, 2474777.597403468564153 ], [ 2262180.862990074325353, 2474777.597403468564153 ], [ 2262164.684106342494488, 2474793.775854581035674 ], [ 2262148.505222610197961, 2474793.775854581035674 ], [ 2262148.505222610197961, 2474809.954305693507195 ], [ 2262148.505222610197961, 2474826.132756805978715 ], [ 2262148.505222610197961, 2474842.310870818328112 ], [ 2262164.684106342494488, 2474858.489321930799633 ], [ 2262164.684106342494488, 2474874.667773043271154 ], [ 2262180.862990074325353, 2474890.845887055620551 ], [ 2262180.862990074325353, 2474907.024338168092072 ], [ 2262164.684106342494488, 2474907.024338168092072 ], [ 2262148.505222610197961, 2474923.202789280563593 ], [ 2262132.326338878367096, 2474923.202789280563593 ], [ 2262116.147118037100881, 2474923.202789280563593 ], [ 2262116.147118037100881, 2474907.024338168092072 ], [ 2262099.968234305270016, 2474907.024338168092072 ], [ 2262083.789350573439151, 2474890.845887055620551 ], [ 2262067.610466841142625, 2474890.845887055620551 ], [ 2262051.431583109311759, 2474874.667773043271154 ], [ 2262051.431583109311759, 2474890.845887055620551 ], [ 2262051.431583109311759, 2474874.667773043271154 ], [ 2262051.431583109311759, 2474890.845887055620551 ], [ 2262035.252699377480894, 2474890.845887055620551 ], [ 2262019.073478536214679, 2474890.845887055620551 ], [ 2262002.894594804383814, 2474907.024338168092072 ], [ 2262002.894594804383814, 2474923.202789280563593 ], [ 2262002.894594804383814, 2474939.381240393035114 ], [ 2262002.894594804383814, 2474955.559354405384511 ], [ 2262002.894594804383814, 2474971.737805517856032 ], [ 2262019.073478536214679, 2474971.737805517856032 ], [ 2262019.073478536214679, 2474987.916256630327553 ], [ 2262019.073478536214679, 2475004.094707743264735 ], [ 2262002.894594804383814, 2475004.094707743264735 ], [ 2261986.715711072087288, 2475004.094707743264735 ], [ 2261970.536827340256423, 2475004.094707743264735 ], [ 2261954.357943608425558, 2474987.916256630327553 ], [ 2261938.178722767159343, 2474987.916256630327553 ], [ 2261938.178722767159343, 2474971.737805517856032 ], [ 2261921.999839034862816, 2474971.737805517856032 ], [ 2261921.999839034862816, 2474955.559354405384511 ], [ 2261905.820955303031951, 2474955.559354405384511 ], [ 2261889.642071571201086, 2474955.559354405384511 ], [ 2261873.463187839370221, 2474955.559354405384511 ], [ 2261873.463187839370221, 2474971.737805517856032 ], [ 2261873.463187839370221, 2474987.916256630327553 ], [ 2261857.283966998104006, 2474987.916256630327553 ], [ 2261857.283966998104006, 2475004.094707743264735 ], [ 2261841.10508326580748, 2475004.094707743264735 ], [ 2261841.10508326580748, 2475020.27282175514847 ], [ 2261824.926199533976614, 2475020.27282175514847 ], [ 2261824.926199533976614, 2475004.094707743264735 ], [ 2261808.747315802145749, 2475004.094707743264735 ], [ 2261792.568432070314884, 2475004.094707743264735 ], [ 2261792.568432070314884, 2475020.27282175514847 ], [ 2261776.389548338018358, 2475020.27282175514847 ], [ 2261776.389548338018358, 2475036.451272868085653 ], [ 2261760.210327496752143, 2475036.451272868085653 ], [ 2261744.031443764921278, 2475036.451272868085653 ], [ 2261727.852560033090413, 2475036.451272868085653 ], [ 2261727.852560033090413, 2475052.629723980557173 ], [ 2261711.673676301259547, 2475052.629723980557173 ], [ 2261679.315571727696806, 2475068.80783799290657 ], [ 2261679.315571727696806, 2475084.986289105378091 ], [ 2261663.136687995865941, 2475084.986289105378091 ], [ 2261663.136687995865941, 2475101.164740217849612 ], [ 2261663.136687995865941, 2475117.343191330321133 ], [ 2261646.957804264035076, 2475133.52130534267053 ], [ 2261630.778920531738549, 2475149.699756455142051 ], [ 2261614.600036799907684, 2475165.878207567613572 ], [ 2261598.420815958641469, 2475182.056658680085093 ], [ 2261582.241932226810604, 2475198.23477269243449 ], [ 2261566.063048494979739, 2475214.413223804906011 ], [ 2261549.884164762683213, 2475230.591674917377532 ], [ 2261549.884164762683213, 2475246.770126029849052 ], [ 2261549.884164762683213, 2475262.948240042198449 ], [ 2261549.884164762683213, 2475279.12669115466997 ], [ 2261549.884164762683213, 2475295.305142267141491 ], [ 2261533.705281030852348, 2475295.305142267141491 ], [ 2261533.705281030852348, 2475311.483256279490888 ], [ 2261517.526397299021482, 2475311.483256279490888 ], [ 2261501.347176457755268, 2475327.661707391962409 ], [ 2261485.168292725924402, 2475327.661707391962409 ], [ 2261468.989408993627876, 2475343.84015850443393 ], [ 2261452.810525261797011, 2475360.018609616905451 ], [ 2261436.631641529966146, 2475360.018609616905451 ], [ 2261420.452420688699931, 2475360.018609616905451 ], [ 2261404.273536956869066, 2475360.018609616905451 ], [ 2261404.273536956869066, 2475376.196723629254848 ], [ 2261388.094653224572539, 2475376.196723629254848 ], [ 2261371.915769492741674, 2475376.196723629254848 ], [ 2261371.915769492741674, 2475392.375174741726369 ], [ 2261355.736885760910809, 2475392.375174741726369 ], [ 2261339.557664919644594, 2475392.375174741726369 ], [ 2261323.378781187813729, 2475392.375174741726369 ], [ 2261307.199897455517203, 2475392.375174741726369 ], [ 2261291.021013723686337, 2475392.375174741726369 ], [ 2261291.021013723686337, 2475408.55362585419789 ], [ 2261291.021013723686337, 2475424.732076967135072 ], [ 2261274.842129991855472, 2475424.732076967135072 ], [ 2261274.842129991855472, 2475440.910190979018807 ], [ 2261258.663246259558946, 2475440.910190979018807 ], [ 2261258.663246259558946, 2475457.08864209195599 ], [ 2261258.663246259558946, 2475473.26709320442751 ], [ 2261242.484025418758392, 2475473.26709320442751 ], [ 2261242.484025418758392, 2475489.445544316899031 ], [ 2261258.663246259558946, 2475489.445544316899031 ], [ 2261258.663246259558946, 2475505.623658329248428 ], [ 2261258.663246259558946, 2475521.802109441719949 ], [ 2261274.842129991855472, 2475521.802109441719949 ], [ 2261258.663246259558946, 2475521.802109441719949 ], [ 2261258.663246259558946, 2475537.98056055419147 ], [ 2261242.484025418758392, 2475554.158674566540867 ], [ 2261226.305141686461866, 2475554.158674566540867 ], [ 2261177.768490490503609, 2475602.69402790395543 ], [ 2261161.589269649237394, 2475618.872141916304827 ], [ 2261145.410385917406529, 2475618.872141916304827 ], [ 2261129.231502185575664, 2475618.872141916304827 ], [ 2261113.052618453744799, 2475618.872141916304827 ], [ 2261113.052618453744799, 2475635.050593028776348 ], [ 2261080.694513880182058, 2475667.407495253719389 ], [ 2261064.515630148351192, 2475683.585609266068786 ], [ 2261064.515630148351192, 2475699.764060378540307 ], [ 2261048.336746416520327, 2475715.942511491011828 ], [ 2261032.157862684689462, 2475715.942511491011828 ], [ 2261032.157862684689462, 2475732.120625503361225 ], [ 2261015.978978952392936, 2475748.299076615832746 ], [ 2260999.800095220562071, 2475764.477527728304267 ], [ 2260967.441990647464991, 2475780.655978840775788 ], [ 2260967.441990647464991, 2475796.834092853125185 ], [ 2260951.263106915168464, 2475813.012543965596706 ], [ 2260935.084223183337599, 2475813.012543965596706 ], [ 2260918.905339451506734, 2475829.190995078068227 ], [ 2260918.905339451506734, 2475845.369446191005409 ], [ 2260902.726118610240519, 2475845.369446191005409 ], [ 2260902.726118610240519, 2475861.547560202889144 ], [ 2260886.547234878409654, 2475861.547560202889144 ], [ 2260886.547234878409654, 2475877.726011315826327 ], [ 2260886.547234878409654, 2475893.904462428297848 ], [ 2260870.368351146113127, 2475910.082913540769368 ], [ 2260838.010583682451397, 2475910.082913540769368 ], [ 2260821.831699950620532, 2475926.261027553118765 ], [ 2260805.652479109354317, 2475926.261027553118765 ], [ 2260789.473595377057791, 2475926.261027553118765 ], [ 2260773.294711645226926, 2475926.261027553118765 ], [ 2260757.11582791339606, 2475942.439478665590286 ], [ 2260740.936944181565195, 2475958.617929778061807 ], [ 2260740.936944181565195, 2475974.796043790411204 ], [ 2260740.936944181565195, 2475990.974494902882725 ], [ 2260757.11582791339606, 2475990.974494902882725 ], [ 2260757.11582791339606, 2476007.152946015354246 ], [ 2260773.294711645226926, 2476007.152946015354246 ], [ 2260773.294711645226926, 2476023.331397127825767 ], [ 2260773.294711645226926, 2476039.509511140175164 ], [ 2260773.294711645226926, 2476055.687962252646685 ], [ 2260773.294711645226926, 2476071.866413365118206 ], [ 2260757.11582791339606, 2476071.866413365118206 ], [ 2260740.936944181565195, 2476088.044864477589726 ], [ 2260708.578839608002454, 2476088.044864477589726 ], [ 2260676.221072144340724, 2476088.044864477589726 ], [ 2260660.042188412044197, 2476088.044864477589726 ], [ 2260643.862967571243644, 2476071.866413365118206 ], [ 2260595.326316375285387, 2476055.687962252646685 ], [ 2260579.147432642988861, 2476055.687962252646685 ], [ 2260562.968548911157995, 2476039.509511140175164 ], [ 2260546.789328069891781, 2476039.509511140175164 ], [ 2260530.610444338060915, 2476039.509511140175164 ], [ 2260514.43156060623005, 2476039.509511140175164 ], [ 2260498.252676873933524, 2476039.509511140175164 ], [ 2260482.073793142102659, 2476039.509511140175164 ], [ 2260465.894572300836444, 2476055.687962252646685 ], [ 2260465.894572300836444, 2476071.866413365118206 ], [ 2260449.715688569005579, 2476088.044864477589726 ], [ 2260433.536804837174714, 2476088.044864477589726 ], [ 2260433.536804837174714, 2476104.222978489939123 ], [ 2260401.179037373047322, 2476136.579880714882165 ], [ 2260384.999816531781107, 2476152.758331827353686 ], [ 2260352.642049068119377, 2476168.936445839703083 ], [ 2260336.46316533582285, 2476185.114896952174604 ], [ 2260320.284281603991985, 2476201.293348064646125 ], [ 2260304.10539787216112, 2476201.293348064646125 ], [ 2260287.926177030894905, 2476201.293348064646125 ], [ 2260271.74729329906404, 2476201.293348064646125 ], [ 2260239.389525834936649, 2476201.293348064646125 ], [ 2260223.210642103105783, 2476201.293348064646125 ], [ 2260207.031421261839569, 2476217.471462076995522 ], [ 2260190.852537529543042, 2476217.471462076995522 ], [ 2260174.673653797712177, 2476217.471462076995522 ], [ 2260158.494770065881312, 2476233.649913189467043 ], [ 2260142.315886334050447, 2476233.649913189467043 ], [ 2260142.315886334050447, 2476249.828364301938564 ], [ 2260126.136665492784232, 2476249.828364301938564 ], [ 2260109.957781760487705, 2476249.828364301938564 ], [ 2260109.957781760487705, 2476266.006815414875746 ], [ 2260093.77889802865684, 2476266.006815414875746 ], [ 2260077.600014296825975, 2476249.828364301938564 ], [ 2260061.42113056499511, 2476249.828364301938564 ], [ 2260045.242246832698584, 2476249.828364301938564 ], [ 2260029.063025991432369, 2476249.828364301938564 ], [ 2260012.884142259601504, 2476249.828364301938564 ], [ 2259996.705258527770638, 2476249.828364301938564 ], [ 2259980.526374795939773, 2476249.828364301938564 ], [ 2259964.347491063643247, 2476266.006815414875746 ], [ 2259964.347491063643247, 2476282.184929426759481 ], [ 2259948.168270222377032, 2476282.184929426759481 ], [ 2259948.168270222377032, 2476298.363380539231002 ], [ 2259931.989386490546167, 2476298.363380539231002 ], [ 2259915.810502758715302, 2476298.363380539231002 ], [ 2259899.631619026418775, 2476298.363380539231002 ], [ 2259899.631619026418775, 2476314.541831652168185 ], [ 2259883.45273529458791, 2476314.541831652168185 ], [ 2259867.273514453321695, 2476314.541831652168185 ], [ 2259818.736863257363439, 2476314.541831652168185 ], [ 2259786.379095793701708, 2476314.541831652168185 ], [ 2259721.663223756477237, 2476379.255299001932144 ], [ 2259673.126235451549292, 2476395.433413014281541 ], [ 2259656.947351719252765, 2476411.611864126753062 ], [ 2259656.947351719252765, 2476460.146880364045501 ], [ 2259656.947351719252765, 2476476.325331476517022 ], [ 2259624.589584255591035, 2476492.503782588988543 ], [ 2259576.052595950197428, 2476508.682233701460063 ], [ 2259511.336723913438618, 2476508.682233701460063 ], [ 2259495.157840181142092, 2476508.682233701460063 ], [ 2259478.978956449311227, 2476508.682233701460063 ], [ 2259462.800072717480361, 2476524.86034771380946 ], [ 2259446.621188985183835, 2476524.86034771380946 ], [ 2259398.08420068025589, 2476508.682233701460063 ], [ 2259381.905316948425025, 2476508.682233701460063 ], [ 2259365.726433216128498, 2476508.682233701460063 ], [ 2259349.547549484297633, 2476524.86034771380946 ], [ 2259349.547549484297633, 2476541.038798826280981 ], [ 2259333.368328643031418, 2476541.038798826280981 ], [ 2259333.368328643031418, 2476557.217249938752502 ], [ 2259317.189444911200553, 2476557.217249938752502 ], [ 2259301.010561179369688, 2476573.395701051224023 ], [ 2259284.831677447073162, 2476573.395701051224023 ], [ 2259284.831677447073162, 2476589.57381506357342 ], [ 2259268.652793715242296, 2476589.57381506357342 ], [ 2259268.652793715242296, 2476605.752266176044941 ], [ 2259252.473572873976082, 2476605.752266176044941 ], [ 2259252.473572873976082, 2476621.930717288516462 ], [ 2259236.294689142145216, 2476654.28728241333738 ], [ 2259236.294689142145216, 2476670.465733525808901 ], [ 2259220.115805410314351, 2476670.465733525808901 ], [ 2259203.936921678017825, 2476702.822298650629818 ], [ 2259171.578817104920745, 2476735.179200876038522 ], [ 2259155.39993337308988, 2476735.179200876038522 ], [ 2259123.042165908962488, 2476751.357651988510042 ], [ 2259106.863282177131623, 2476751.357651988510042 ], [ 2259074.505177604034543, 2476783.71421711333096 ], [ 2259009.789642676245421, 2476816.071119338274002 ], [ 2258880.357898601796478, 2476848.42768446309492 ], [ 2258815.642026564572006, 2476848.42768446309492 ], [ 2258783.284259100910276, 2476864.606135575566441 ], [ 2258767.10537536861375, 2476864.606135575566441 ], [ 2258767.10537536861375, 2476880.784249587915838 ], [ 2258750.926491636782885, 2476880.784249587915838 ], [ 2258734.74727079551667, 2476896.962700700387359 ], [ 2258718.568387063685805, 2476929.3196029253304 ], [ 2258702.389503331854939, 2476945.497716937679797 ], [ 2258686.210619599558413, 2476961.676168050151318 ], [ 2258670.031735867727548, 2476977.854619162622839 ], [ 2258653.852515026461333, 2476994.03307027509436 ], [ 2258653.852515026461333, 2477010.211184287443757 ], [ 2258637.673631294630468, 2477042.568086512386799 ], [ 2258637.673631294630468, 2477058.746200524736196 ], [ 2258621.494747562799603, 2477074.924651637207717 ], [ 2258605.315863830503076, 2477074.924651637207717 ], [ 2258605.315863830503076, 2477091.103102749679238 ], [ 2258589.136980098672211, 2477091.103102749679238 ], [ 2258572.958096366841346, 2477107.281553862150759 ], [ 2258572.958096366841346, 2477123.459667874500155 ], [ 2258556.778875525575131, 2477139.638118986971676 ], [ 2258540.599991793744266, 2477155.816570099908859 ], [ 2258524.42110806144774, 2477171.995021212380379 ], [ 2258508.242224329616874, 2477171.995021212380379 ], [ 2258492.063340597786009, 2477188.173135224729776 ], [ 2258492.063340597786009, 2477204.351586337201297 ], [ 2258475.884119756519794, 2477204.351586337201297 ], [ 2258459.705236024688929, 2477204.351586337201297 ], [ 2258443.526352292392403, 2477204.351586337201297 ], [ 2258427.347468560561538, 2477204.351586337201297 ], [ 2258411.168584828730673, 2477204.351586337201297 ], [ 2258394.989363987464458, 2477220.530037449672818 ], [ 2258394.989363987464458, 2477236.708488562144339 ], [ 2258378.810480255167931, 2477252.886602574493736 ], [ 2258378.810480255167931, 2477269.065053686965257 ], [ 2258362.631596523337066, 2477285.243504799436778 ], [ 2258346.452712791506201, 2477301.421618811786175 ], [ 2258346.452712791506201, 2477317.600069924257696 ], [ 2258330.273829059675336, 2477317.600069924257696 ], [ 2258314.094945327378809, 2477333.778521036729217 ], [ 2258297.915724486112595, 2477366.135086161550134 ], [ 2258281.736840754281729, 2477366.135086161550134 ], [ 2258281.736840754281729, 2477382.313537274021655 ] ] } },
{ "type": "Feature", "properties": { }, "geometry": { "type": "LineString", "coordinates": [ [ 2258281.736840754281729, 2477382.313537274021655 ], [ 2258265.557957022450864, 2477382.313537274021655 ], [ 2258233.200189558323473, 2477398.491988386493176 ], [ 2258233.200189558323473, 2477414.670439498964697 ], [ 2258217.020968717057258, 2477414.670439498964697 ], [ 2258184.663201253395528, 2477430.848553511314094 ], [ 2258168.484317521564662, 2477430.848553511314094 ], [ 2258152.305433789268136, 2477430.848553511314094 ], [ 2258136.126212948001921, 2477430.848553511314094 ], [ 2258119.947329216171056, 2477430.848553511314094 ], [ 2258087.589561752043664, 2477430.848553511314094 ], [ 2258071.410678020212799, 2477430.848553511314094 ], [ 2258055.231794288381934, 2477430.848553511314094 ], [ 2258055.231794288381934, 2477414.670439498964697 ], [ 2258039.052573447115719, 2477398.491988386493176 ], [ 2258022.873689715284854, 2477398.491988386493176 ], [ 2257990.515922251157463, 2477398.491988386493176 ], [ 2257974.337038519326597, 2477398.491988386493176 ], [ 2257941.978933946229517, 2477398.491988386493176 ], [ 2257925.800050213932991, 2477398.491988386493176 ], [ 2257925.800050213932991, 2477414.670439498964697 ], [ 2257909.621166482102126, 2477430.848553511314094 ], [ 2257909.621166482102126, 2477447.027004623785615 ], [ 2257893.442282750271261, 2477447.027004623785615 ], [ 2257893.442282750271261, 2477463.205455736257136 ], [ 2257877.263399017974734, 2477463.205455736257136 ], [ 2257861.084178177174181, 2477463.205455736257136 ], [ 2257861.084178177174181, 2477479.383906848728657 ], [ 2257861.084178177174181, 2477495.562020861078054 ], [ 2257844.905294444877654, 2477495.562020861078054 ], [ 2257828.726410713046789, 2477479.383906848728657 ], [ 2257828.726410713046789, 2477495.562020861078054 ], [ 2257812.547526981215924, 2477495.562020861078054 ], [ 2257796.368643248919398, 2477511.740471973549575 ], [ 2257780.189422408118844, 2477495.562020861078054 ], [ 2257764.010538675822318, 2477495.562020861078054 ], [ 2257747.831654943991452, 2477495.562020861078054 ], [ 2257731.652771212160587, 2477495.562020861078054 ], [ 2257715.473887479864061, 2477495.562020861078054 ], [ 2257699.294666639063507, 2477495.562020861078054 ], [ 2257683.115782906766981, 2477495.562020861078054 ], [ 2257683.115782906766981, 2477511.740471973549575 ], [ 2257666.936899174936116, 2477511.740471973549575 ], [ 2257666.936899174936116, 2477527.918923086021096 ], [ 2257666.936899174936116, 2477544.097037098370492 ], [ 2257650.758015443105251, 2477576.453939323779196 ], [ 2257650.758015443105251, 2477592.632390436250716 ], [ 2257634.579131710808724, 2477608.810504448600113 ], [ 2257634.579131710808724, 2477624.988955561071634 ], [ 2257618.400247978977859, 2477624.988955561071634 ], [ 2257618.400247978977859, 2477641.167406673543155 ], [ 2257602.221027137711644, 2477641.167406673543155 ], [ 2257586.042143405880779, 2477657.345857786014676 ], [ 2257569.863259674049914, 2477673.523971798364073 ], [ 2257569.863259674049914, 2477689.702422910835594 ], [ 2257553.684375941753387, 2477705.880874023307115 ], [ 2257553.684375941753387, 2477722.058988035656512 ], [ 2257537.505492209922522, 2477738.237439148128033 ], [ 2257521.326271368656307, 2477738.237439148128033 ], [ 2257505.147387636825442, 2477738.237439148128033 ], [ 2257505.147387636825442, 2477754.415890260599554 ], [ 2257505.147387636825442, 2477770.594341373071074 ], [ 2257488.968503904994577, 2477770.594341373071074 ], [ 2257456.610736440867186, 2477835.307808722835034 ], [ 2257424.252631867770106, 2477883.842824960127473 ], [ 2257408.07374813593924, 2477883.842824960127473 ], [ 2257408.07374813593924, 2477900.021276072598994 ], [ 2257391.894864403642714, 2477900.021276072598994 ], [ 2257391.894864403642714, 2477916.199390084948391 ], [ 2257375.715980671811849, 2477916.199390084948391 ], [ 2257375.715980671811849, 2477932.377841197419912 ], [ 2257375.715980671811849, 2477948.556292309891433 ], [ 2257359.537096939980984, 2477948.556292309891433 ], [ 2257343.357876098714769, 2477964.734406322240829 ], [ 2257343.357876098714769, 2477980.91285743471235 ], [ 2257311.000108634587377, 2477980.91285743471235 ], [ 2257311.000108634587377, 2477997.091308547649533 ], [ 2257262.463120329659432, 2478029.44787367247045 ], [ 2257246.284236597362906, 2478045.626324784941971 ], [ 2257230.105352865532041, 2478045.626324784941971 ], [ 2257213.926469133701175, 2478061.804775897413492 ], [ 2257181.568364560604095, 2478061.804775897413492 ], [ 2257165.389480828307569, 2478061.804775897413492 ], [ 2257165.389480828307569, 2478077.983227009885013 ], [ 2257149.210597096476704, 2478077.983227009885013 ], [ 2257149.210597096476704, 2478094.16134102223441 ], [ 2257133.031713364645839, 2478094.16134102223441 ], [ 2257116.852829632349312, 2478094.16134102223441 ], [ 2257100.673945900518447, 2478110.339792134705931 ], [ 2257084.494725059252232, 2478110.339792134705931 ], [ 2257068.315841327421367, 2478126.518243247177452 ], [ 2257068.315841327421367, 2478142.696694359648973 ], [ 2257052.136957595590502, 2478175.053259484469891 ], [ 2257035.958073863293976, 2478175.053259484469891 ], [ 2257035.958073863293976, 2478191.231710596941411 ], [ 2257019.77919013146311, 2478191.231710596941411 ], [ 2257003.599969290196896, 2478207.409824609290808 ], [ 2256971.242201826535165, 2478239.76672683423385 ], [ 2256955.063318094238639, 2478255.945177946705371 ], [ 2256938.884434362407774, 2478288.301743071526289 ], [ 2256938.884434362407774, 2478304.48019418399781 ], [ 2256922.705213521141559, 2478304.48019418399781 ], [ 2256938.884434362407774, 2478320.658645296469331 ], [ 2256938.884434362407774, 2478336.836759308818728 ], [ 2256938.884434362407774, 2478353.015210421290249 ], [ 2256922.705213521141559, 2478353.015210421290249 ], [ 2256922.705213521141559, 2478369.19366153376177 ], [ 2256922.705213521141559, 2478385.371775546111166 ], [ 2256922.705213521141559, 2478401.550226658582687 ], [ 2256906.526329789310694, 2478401.550226658582687 ], [ 2256906.526329789310694, 2478417.72867777151987 ], [ 2256906.526329789310694, 2478433.90712888399139 ], [ 2256922.705213521141559, 2478433.90712888399139 ], [ 2256922.705213521141559, 2478450.085242896340787 ], [ 2256922.705213521141559, 2478466.263694008812308 ], [ 2256922.705213521141559, 2478482.442145121283829 ], [ 2256922.705213521141559, 2478498.62059623375535 ], [ 2256922.705213521141559, 2478514.798710246104747 ], [ 2256906.526329789310694, 2478514.798710246104747 ], [ 2256874.168562325183302, 2478547.155612471047789 ], [ 2256857.989678593352437, 2478563.33406358351931 ], [ 2256841.810794861521572, 2478563.33406358351931 ], [ 2256841.810794861521572, 2478579.512177595868707 ], [ 2256825.631574020255357, 2478595.690628708340228 ], [ 2256825.631574020255357, 2478611.869079820811749 ], [ 2256809.452690288424492, 2478611.869079820811749 ], [ 2256793.273806556127965, 2478644.225644945632666 ], [ 2256793.273806556127965, 2478660.404096058104187 ], [ 2256777.0949228242971, 2478676.582547170575708 ], [ 2256777.0949228242971, 2478692.760661182925105 ], [ 2256760.916039092466235, 2478692.760661182925105 ], [ 2256744.73681825120002, 2478708.939112295396626 ], [ 2256728.557934519369155, 2478741.296014520339668 ], [ 2256712.379050787072629, 2478757.474128532689065 ], [ 2256712.379050787072629, 2478773.652579645160586 ], [ 2256712.379050787072629, 2478789.831030757632107 ], [ 2256712.379050787072629, 2478822.187595882453024 ], [ 2256696.200167055241764, 2478886.901063232682645 ], [ 2256696.200167055241764, 2478935.436079469975084 ], [ 2256696.200167055241764, 2478951.614530582446605 ], [ 2256680.021283323410898, 2478983.971432807389647 ], [ 2256647.663178750313818, 2479016.327997932210565 ], [ 2256631.484295018017292, 2479032.506449044682086 ], [ 2256599.126527554355562, 2479048.684563057031482 ], [ 2256566.76842298079282, 2479081.041465281974524 ], [ 2256534.41065551713109, 2479097.219916394446045 ], [ 2256469.694783479906619, 2479113.398030406795442 ], [ 2256421.158132283948362, 2479097.219916394446045 ], [ 2256388.800027710851282, 2479113.398030406795442 ], [ 2256372.621143979020417, 2479113.398030406795442 ], [ 2256372.621143979020417, 2479129.576481519266963 ], [ 2256356.44226024672389, 2479145.754932631738484 ], [ 2256356.44226024672389, 2479161.933383744210005 ], [ 2256340.263376514893025, 2479161.933383744210005 ], [ 2256340.263376514893025, 2479178.111497756559402 ], [ 2256324.08449278306216, 2479194.289948869030923 ], [ 2256307.905271941795945, 2479226.646851094439626 ], [ 2256307.905271941795945, 2479242.824965106323361 ], [ 2256291.72638820996508, 2479242.824965106323361 ], [ 2256291.72638820996508, 2479259.003416218794882 ], [ 2256291.72638820996508, 2479275.181867331732064 ], [ 2256291.72638820996508, 2479291.3599813436158 ], [ 2256291.72638820996508, 2479307.538432456552982 ], [ 2256291.72638820996508, 2479323.716883569024503 ], [ 2256307.905271941795945, 2479339.895334681496024 ], [ 2256307.905271941795945, 2479356.073448693845421 ], [ 2256291.72638820996508, 2479404.608802031259984 ], [ 2256291.72638820996508, 2479420.786916043609381 ], [ 2256291.72638820996508, 2479436.965367156080902 ], [ 2256291.72638820996508, 2479469.322269381023943 ], [ 2256291.72638820996508, 2479485.50038339337334 ], [ 2256291.72638820996508, 2479501.678834505844861 ], [ 2256291.72638820996508, 2479534.035399630665779 ], [ 2256307.905271941795945, 2479550.2138507431373 ], [ 2256307.905271941795945, 2479566.392301855608821 ], [ 2256324.08449278306216, 2479582.570752968080342 ], [ 2256340.263376514893025, 2479598.748866980429739 ], [ 2256340.263376514893025, 2479614.92731809290126 ], [ 2256340.263376514893025, 2479631.105769205372781 ], [ 2256324.08449278306216, 2479631.105769205372781 ], [ 2256324.08449278306216, 2479647.284220318309963 ], [ 2256324.08449278306216, 2479663.462334330193698 ], [ 2256324.08449278306216, 2479679.640785442665219 ], [ 2256324.08449278306216, 2479695.819236555602401 ], [ 2256307.905271941795945, 2479711.997350567486137 ], [ 2256291.72638820996508, 2479711.997350567486137 ], [ 2256291.72638820996508, 2479728.175801680423319 ], [ 2256259.368620745837688, 2479711.997350567486137 ], [ 2256243.189737014006823, 2479728.175801680423319 ], [ 2256227.010516172740608, 2479728.175801680423319 ], [ 2256227.010516172740608, 2479744.35425279289484 ], [ 2256210.831632440909743, 2479760.532703905366361 ], [ 2256194.652748708613217, 2479760.532703905366361 ], [ 2256178.473864976782352, 2479760.532703905366361 ], [ 2256146.116097513120621, 2479776.710817917715758 ], [ 2256129.936876671854407, 2479776.710817917715758 ], [ 2256113.75799293955788, 2479792.889269030187279 ], [ 2256097.579109207727015, 2479809.0677201426588 ], [ 2256081.40022547589615, 2479809.0677201426588 ], [ 2256081.40022547589615, 2479825.246171255130321 ], [ 2256081.40022547589615, 2479841.424285267479718 ], [ 2256065.221341743599623, 2479841.424285267479718 ], [ 2256065.221341743599623, 2479857.602736379951239 ], [ 2256065.221341743599623, 2479873.78118749242276 ], [ 2256065.221341743599623, 2479889.95963860489428 ], [ 2256065.221341743599623, 2479906.137752617243677 ], [ 2256049.04212090279907, 2479906.137752617243677 ], [ 2256049.04212090279907, 2479922.316203729715198 ], [ 2256049.04212090279907, 2479938.494654842186719 ], [ 2256032.863237170502543, 2479938.494654842186719 ], [ 2256032.863237170502543, 2479970.851219967007637 ], [ 2256032.863237170502543, 2479987.029671079479158 ], [ 2256032.863237170502543, 2480003.208122191950679 ], [ 2256032.863237170502543, 2480019.386236204300076 ], [ 2256032.863237170502543, 2480035.564687316771597 ], [ 2256049.04212090279907, 2480051.743138429243118 ], [ 2256049.04212090279907, 2480067.921589541714638 ], [ 2256049.04212090279907, 2480084.099703554064035 ], [ 2256049.04212090279907, 2480100.278154666535556 ], [ 2256032.863237170502543, 2480116.456605779472739 ], [ 2256032.863237170502543, 2480132.635056891944259 ], [ 2256032.863237170502543, 2480148.813170904293656 ], [ 2256032.863237170502543, 2480164.991622016765177 ], [ 2256049.04212090279907, 2480181.170073129236698 ], [ 2256049.04212090279907, 2480197.348187141586095 ], [ 2256049.04212090279907, 2480213.526638254057616 ], [ 2256049.04212090279907, 2480229.705089366529137 ], [ 2256032.863237170502543, 2480245.883540479000658 ], [ 2256032.863237170502543, 2480262.061654491350055 ], [ 2256016.684353438671678, 2480262.061654491350055 ], [ 2256000.505469706840813, 2480278.240105603821576 ], [ 2255984.326585974544287, 2480278.240105603821576 ], [ 2255984.326585974544287, 2480294.418556716293097 ], [ 2255968.147365133743733, 2480310.597007828764617 ], [ 2255968.147365133743733, 2480326.775121841114014 ], [ 2255984.326585974544287, 2480359.132024066057056 ], [ 2255984.326585974544287, 2480375.310138078406453 ], [ 2255968.147365133743733, 2480407.667040303349495 ], [ 2255968.147365133743733, 2480423.845491415821016 ], [ 2255968.147365133743733, 2480440.023605428170413 ], [ 2255951.968481401447207, 2480456.202056540641934 ], [ 2255951.968481401447207, 2480472.380507653113455 ], [ 2255935.789597669616342, 2480472.380507653113455 ], [ 2255919.610713937785476, 2480488.558958765584975 ], [ 2255903.43183020548895, 2480504.737072777934372 ], [ 2255854.894841900561005, 2480537.093975003343076 ], [ 2255806.358190704602748, 2480553.272426115814596 ], [ 2255790.178969863336533, 2480569.450540128163993 ], [ 2255774.000086131505668, 2480585.628991240635514 ], [ 2255774.000086131505668, 2480601.807442353107035 ], [ 2255757.821202399674803, 2480601.807442353107035 ], [ 2255741.642318667378277, 2480650.342458590399474 ], [ 2255725.463434935547411, 2480650.342458590399474 ], [ 2255709.284214094281197, 2480682.699023715220392 ], [ 2255709.284214094281197, 2480698.877474827691913 ], [ 2255693.105330362450331, 2480698.877474827691913 ], [ 2255693.105330362450331, 2480715.055925940163434 ], [ 2255628.38979543466121, 2480715.055925940163434 ], [ 2255612.210574593394995, 2480731.234377052634954 ], [ 2255579.852807129267603, 2480731.234377052634954 ], [ 2255547.495039665605873, 2480747.412491064984351 ], [ 2255531.315818824339658, 2480747.412491064984351 ], [ 2255515.136935092043132, 2480747.412491064984351 ], [ 2255498.958051360212266, 2480747.412491064984351 ], [ 2255466.600283896550536, 2480731.234377052634954 ], [ 2255434.242179322987795, 2480731.234377052634954 ], [ 2255418.06329559115693, 2480731.234377052634954 ], [ 2255401.884411859326065, 2480731.234377052634954 ], [ 2255401.884411859326065, 2480747.412491064984351 ], [ 2255385.705528127495199, 2480747.412491064984351 ], [ 2255369.526644395198673, 2480763.590942177455872 ], [ 2255369.526644395198673, 2480779.769393289927393 ], [ 2255353.347423553932458, 2480828.304409527219832 ], [ 2255353.347423553932458, 2480844.482860639691353 ], [ 2255337.168539822101593, 2480860.66097465204075 ], [ 2255337.168539822101593, 2480876.839425764512271 ], [ 2255337.168539822101593, 2480893.017876876983792 ], [ 2255320.989656090270728, 2480909.196327989455312 ], [ 2255320.989656090270728, 2480925.374442001804709 ], [ 2255320.989656090270728, 2480941.55289311427623 ], [ 2255320.989656090270728, 2480957.731344227213413 ], [ 2255320.989656090270728, 2480990.08790935203433 ], [ 2255320.989656090270728, 2481006.266360464505851 ], [ 2255320.989656090270728, 2481022.444811576977372 ], [ 2255320.989656090270728, 2481038.622925589326769 ], [ 2255304.810772357974201, 2481054.80137670179829 ], [ 2255288.631888626143336, 2481070.979827814269811 ], [ 2255272.452667784877121, 2481087.158278926741332 ], [ 2255256.273784053046256, 2481103.336392939090729 ], [ 2255256.273784053046256, 2481119.51484405156225 ], [ 2255240.094900321215391, 2481119.51484405156225 ], [ 2255240.094900321215391, 2481135.693295164033771 ], [ 2255240.094900321215391, 2481151.871746276505291 ], [ 2255240.094900321215391, 2481168.049860288854688 ], [ 2255256.273784053046256, 2481184.228311401326209 ], [ 2255256.273784053046256, 2481200.40676251379773 ], [ 2255272.452667784877121, 2481216.585213626269251 ], [ 2255272.452667784877121, 2481232.763327638618648 ], [ 2255288.631888626143336, 2481232.763327638618648 ], [ 2255288.631888626143336, 2481248.941778751090169 ], [ 2255272.452667784877121, 2481281.298343875911087 ], [ 2255272.452667784877121, 2481297.476794988382608 ], [ 2255272.452667784877121, 2481313.655246100854129 ], [ 2255272.452667784877121, 2481329.833697213325649 ], [ 2255256.273784053046256, 2481329.833697213325649 ], [ 2255256.273784053046256, 2481346.011811225675046 ], [ 2255240.094900321215391, 2481378.36871345108375 ], [ 2255240.094900321215391, 2481394.54716456355527 ], [ 2255223.916016588918865, 2481410.725278575904667 ], [ 2255207.737132857088, 2481475.438745925668627 ], [ 2255191.557912015821785, 2481491.617197038140148 ], [ 2255191.557912015821785, 2481507.795648150611669 ], [ 2255175.37902828399092, 2481523.973762162961066 ], [ 2255175.37902828399092, 2481540.152213275432587 ], [ 2255159.200144552160054, 2481540.152213275432587 ], [ 2255143.021260819863528, 2481556.330664387904108 ], [ 2255143.021260819863528, 2481572.509115500375628 ], [ 2255126.842377088032663, 2481572.509115500375628 ], [ 2255126.842377088032663, 2481588.687229512725025 ], [ 2255110.663493356201798, 2481604.865680625196546 ], [ 2255110.663493356201798, 2481621.044131737668067 ], [ 2255094.484272514935583, 2481653.400696862488985 ], [ 2255094.484272514935583, 2481669.579147974960506 ], [ 2255094.484272514935583, 2481685.757599087432027 ], [ 2255094.484272514935583, 2481701.935713099781424 ], [ 2255078.305388783104718, 2481718.114164212252945 ], [ 2255078.305388783104718, 2481734.292615324724466 ], [ 2255078.305388783104718, 2481750.471066437195987 ], [ 2255094.484272514935583, 2481782.827631562016904 ], [ 2255094.484272514935583, 2481799.006082674954087 ], [ 2255094.484272514935583, 2481815.184533787425607 ], [ 2255078.305388783104718, 2481863.719550024718046 ], [ 2255078.305388783104718, 2481912.254566262010485 ], [ 2255062.126505050808191, 2481976.968033611774445 ], [ 2255062.126505050808191, 2482009.324598736595362 ], [ 2255045.947621318977326, 2482025.503049849066883 ], [ 2255045.947621318977326, 2482041.681500961538404 ], [ 2255029.768737587146461, 2482057.859952074009925 ], [ 2255013.589516745880246, 2482074.038066086359322 ], [ 2254997.410633014049381, 2482074.038066086359322 ], [ 2254997.410633014049381, 2482090.216517198830843 ], [ 2254981.231749281752855, 2482090.216517198830843 ], [ 2254981.231749281752855, 2482106.394968311302364 ], [ 2254965.052865549921989, 2482106.394968311302364 ], [ 2254965.052865549921989, 2482122.573082323651761 ], [ 2254965.052865549921989, 2482138.751533436123282 ], [ 2254965.052865549921989, 2482154.929984548594803 ], [ 2254965.052865549921989, 2482171.108435661066324 ], [ 2254965.052865549921989, 2482187.28654967341572 ], [ 2254948.873981818091124, 2482203.465000785887241 ], [ 2254948.873981818091124, 2482219.643451898358762 ], [ 2254948.873981818091124, 2482252.00001702317968 ], [ 2254932.695098085794598, 2482284.356919248588383 ], [ 2254932.695098085794598, 2482300.535370361059904 ], [ 2254932.695098085794598, 2482316.713484373409301 ], [ 2254948.873981818091124, 2482332.891935485880822 ], [ 2254948.873981818091124, 2482349.070386598352343 ], [ 2254948.873981818091124, 2482365.24850061070174 ], [ 2254948.873981818091124, 2482397.605402835644782 ], [ 2254965.052865549921989, 2482397.605402835644782 ], [ 2254965.052865549921989, 2482413.783853948116302 ], [ 2254965.052865549921989, 2482429.961967960465699 ], [ 2254981.231749281752855, 2482429.961967960465699 ], [ 2254965.052865549921989, 2482446.14041907293722 ], [ 2254965.052865549921989, 2482478.497321297880262 ], [ 2254965.052865549921989, 2482510.85388642270118 ], [ 2254965.052865549921989, 2482527.032337535172701 ], [ 2254965.052865549921989, 2482543.210788647644222 ], [ 2254965.052865549921989, 2482559.388902659993619 ], [ 2254965.052865549921989, 2482575.56735377246514 ], [ 2254948.873981818091124, 2482591.745804884936661 ], [ 2254948.873981818091124, 2482607.923918897286057 ], [ 2254932.695098085794598, 2482607.923918897286057 ], [ 2254932.695098085794598, 2482624.102370009757578 ], [ 2254916.515877244994044, 2482624.102370009757578 ], [ 2254900.336993512697518, 2482640.280821122229099 ], [ 2254900.336993512697518, 2482656.459272235166281 ], [ 2254851.800342316739261, 2482704.99428847245872 ], [ 2254835.621121475473046, 2482721.172739584930241 ], [ 2254835.621121475473046, 2482737.350853597279638 ], [ 2254819.442237743642181, 2482737.350853597279638 ], [ 2254803.263354011811316, 2482753.529304709751159 ], [ 2254770.905586547683924, 2482769.70775582222268 ], [ 2254754.72636570641771, 2482785.885869834572077 ], [ 2254738.547481974586844, 2482802.064320947043598 ], [ 2254722.368598242755979, 2482802.064320947043598 ], [ 2254722.368598242755979, 2482818.242772059515119 ], [ 2254706.189714510925114, 2482834.421223171986639 ], [ 2254706.189714510925114, 2482850.599337184336036 ], [ 2254690.010830778628588, 2482882.956239409279078 ], [ 2254690.010830778628588, 2482899.134690521750599 ], [ 2254673.831947046797723, 2482899.134690521750599 ], [ 2254673.831947046797723, 2482915.312804534099996 ], [ 2254657.652726205531508, 2482931.491255646571517 ], [ 2254641.473842473700643, 2482931.491255646571517 ], [ 2254625.294958741869777, 2482931.491255646571517 ], [ 2254609.116075009573251, 2482947.669706759043038 ], [ 2254592.937191277742386, 2482947.669706759043038 ], [ 2254560.579086704645306, 2482947.669706759043038 ], [ 2254447.326563471462578, 2482947.669706759043038 ], [ 2254447.326563471462578, 2482963.848157871514559 ], [ 2254431.147679739631712, 2482963.848157871514559 ], [ 2254414.968796007800847, 2482963.848157871514559 ], [ 2254398.789575166534632, 2482963.848157871514559 ], [ 2254382.610691434238106, 2482980.026271883863956 ], [ 2254366.431807702407241, 2482980.026271883863956 ], [ 2254350.252923970576376, 2482980.026271883863956 ], [ 2254350.252923970576376, 2482996.204722996335477 ], [ 2254334.074040238745511, 2482996.204722996335477 ], [ 2254317.894819397479296, 2483012.383174108806998 ], [ 2254301.715935665182769, 2483012.383174108806998 ], [ 2254301.715935665182769, 2483028.561288121156394 ], [ 2254317.894819397479296, 2483077.096641459036618 ], [ 2254334.074040238745511, 2483141.810108808800578 ], [ 2254334.074040238745511, 2483190.345125046093017 ], [ 2254301.715935665182769, 2483255.058592395856977 ], [ 2254301.715935665182769, 2483319.772059745620936 ], [ 2254317.894819397479296, 2483513.912124694790691 ], [ 2254317.894819397479296, 2483627.160945382434875 ], [ 2254301.715935665182769, 2483756.58754298184067 ], [ 2254301.715935665182769, 2483788.944445206783712 ], [ 2254285.537051933351904, 2483837.479461444076151 ], [ 2254269.358168201521039, 2484258.116830667946488 ], [ 2254285.537051933351904, 2484306.651846905238926 ], [ 2254269.358168201521039, 2484468.435683830175549 ], [ 2254269.358168201521039, 2484516.970700067467988 ], [ 2254269.358168201521039, 2484549.327265192288905 ], [ 2254253.179284469224513, 2484662.575748779345304 ], [ 2254285.537051933351904, 2484614.040732542052865 ], [ 2254301.715935665182769, 2484565.505716304760426 ], [ 2255337.168539822101593, 2484597.862281429581344 ], [ 2255353.347423553932458, 2484597.862281429581344 ], [ 2255596.031690861098468, 2484597.862281429581344 ], [ 2255709.284214094281197, 2484597.862281429581344 ], [ 2255774.000086131505668, 2484597.862281429581344 ], [ 2256065.221341743599623, 2484597.862281429581344 ], [ 2256162.294981244951487, 2484614.040732542052865 ], [ 2256194.652748708613217, 2484614.040732542052865 ], [ 2256275.547504477668554, 2484597.862281429581344 ], [ 2257246.284236597362906, 2484630.219183654524386 ], [ 2257278.642341170925647, 2484630.219183654524386 ], [ 2257408.07374813593924, 2484581.684167417231947 ], [ 2257472.789620172698051, 2484581.684167417231947 ], [ 2257505.147387636825442, 2484630.219183654524386 ], [ 2257537.505492209922522, 2484759.646118354517967 ], [ 2257569.863259674049914, 2484824.359585704281926 ], [ 2257602.221027137711644, 2484921.429618178866804 ], [ 2257747.831654943991452, 2485309.710422277916223 ], [ 2257780.189422408118844, 2485374.423889627680182 ], [ 2257796.368643248919398, 2485422.958905864972621 ], [ 2257812.547526981215924, 2485471.49392210226506 ], [ 2257828.726410713046789, 2485520.028938339557499 ], [ 2257893.442282750271261, 2485617.099307914730161 ], [ 2257925.800050213932991, 2485649.455873039551079 ], [ 2257941.978933946229517, 2485697.990889276843518 ], [ 2257958.157817678060383, 2485730.34779150178656 ], [ 2257990.515922251157463, 2485778.882807739078999 ], [ 2258071.410678020212799, 2485827.417823976371437 ], [ 2258087.589561752043664, 2485843.596275088842958 ], [ 2258119.947329216171056, 2485892.131291326135397 ], [ 2258168.484317521564662, 2485940.666307563427836 ], [ 2258217.020968717057258, 2486005.379774913191795 ], [ 2258492.063340597786009, 2486280.412095425184816 ], [ 2258508.242224329616874, 2486296.590209437534213 ], [ 2258540.599991793744266, 2486312.768660550005734 ], [ 2258556.778875525575131, 2486312.768660550005734 ], [ 2258556.778875525575131, 2486328.947111662477255 ], [ 2258572.958096366841346, 2486345.125225674826652 ], [ 2258605.315863830503076, 2486361.303676787298173 ], [ 2258621.494747562799603, 2486393.660579012241215 ], [ 2258621.494747562799603, 2486442.195595249533653 ], [ 2258670.031735867727548, 2486458.374046362470835 ], [ 2258686.210619599558413, 2486458.374046362470835 ], [ 2258783.284259100910276, 2486555.444078837055713 ], [ 2258799.463142832741141, 2486603.979095074348152 ], [ 2258831.821247405838221, 2486636.335997299291193 ], [ 2258880.357898601796478, 2486684.871013536583632 ], [ 2258945.07377063902095, 2486717.22757866140455 ], [ 2258961.252654370851815, 2486733.406029773876071 ], [ 2258961.252654370851815, 2486749.584480886347592 ], [ 2258993.610421834979206, 2486717.22757866140455 ], [ 2260061.42113056499511, 2485665.6343241520226 ], [ 2260757.11582791339606, 2485697.990889276843518 ], [ 2260773.294711645226926, 2485859.774726201314479 ], [ 2260757.11582791339606, 2487073.151480535510927 ], [ 2260757.11582791339606, 2487089.329931647982448 ], [ 2260773.294711645226926, 2487089.329931647982448 ], [ 2261307.199897455517203, 2487105.508382760453969 ], [ 2261339.557664919644594, 2487105.508382760453969 ], [ 2261355.736885760910809, 2487121.68683387292549 ], [ 2261468.989408993627876, 2487234.935317459981889 ], [ 2261921.999839034862816, 2487687.929251808673143 ], [ 2261970.536827340256423, 2487736.464268045965582 ], [ 2262358.831385344266891, 2488140.923523257952183 ], [ 2262892.736571154557168, 2488690.98782718135044 ], [ 2262908.915791995823383, 2488707.165941193699837 ], [ 2263103.063070998061448, 2488917.484794355463237 ], [ 2263313.389233732130378, 2489143.981761530041695 ], [ 2263523.715733575634658, 2489354.300614691805094 ], [ 2263912.010291579645127, 2488982.198261705227196 ], [ 2263992.905047348700464, 2489079.268294180277735 ], [ 2264073.7998031177558, 2489160.160212642513216 ], [ 2264429.736593658104539, 2488804.236310768406838 ], [ 2264769.494500466156751, 2488464.490522906649858 ], [ 2264947.462895736563951, 2488642.452473843935877 ], [ 2265546.083953584078699, 2489241.051794004626572 ], [ 2265562.262837315909564, 2489257.230245117098093 ], [ 2265643.157593084964901, 2489241.051794004626572 ], [ 2265675.515697658061981, 2489241.051794004626572 ], [ 2265691.694581389892846, 2489257.230245117098093 ], [ 2265756.410116317681968, 2489321.943712466862053 ], [ 2265772.589337158948183, 2489467.549098279327154 ], [ 2265772.589337158948183, 2489499.905663404148072 ], [ 2265788.768220891244709, 2489499.905663404148072 ], [ 2265999.09438362531364, 2489710.224516565911472 ] ] } },
{ "type": "Feature", "properties": { }, "geometry": { "type": "LineString", "coordinates": [ [ 2263960.547279884573072, 2473418.615263322368264 ], [ 2263944.368396152742207, 2473402.436812209896743 ], [ 2263879.652524115517735, 2473321.544893747195601 ], [ 2263847.294419542420655, 2473256.831763497553766 ], [ 2263814.936652078758925, 2473208.296410160139203 ], [ 2263814.936652078758925, 2473159.761393922846764 ], [ 2263814.936652078758925, 2473111.226377685554326 ], [ 2263831.11553581058979, 2473046.512910335790366 ], [ 2263847.294419542420655, 2473014.156345210969448 ], [ 2263879.652524115517735, 2472981.799442986026406 ], [ 2263944.368396152742207, 2472933.264426748733968 ], [ 2264073.7998031177558, 2472820.015943161211908 ], [ 2264251.768198387697339, 2472690.589008461683989 ], [ 2264365.020721620880067, 2472593.518975987099111 ], [ 2264429.736593658104539, 2472512.627057524863631 ], [ 2265400.473325777798891, 2471412.498449677601457 ], [ 2265465.189197814557701, 2471331.606531215365976 ], [ 2265513.726186119951308, 2471250.71494985325262 ], [ 2265659.336476816795766, 2470975.682629341259599 ], [ 2265724.052348854020238, 2470846.256031741853803 ], [ 2265788.768220891244709, 2470668.29374370444566 ], [ 2265902.020744123961776, 2470360.905195168219507 ], [ 2266225.599767200183123, 2469438.738538257777691 ], [ 2266193.241999736521393, 2469422.56008714530617 ], [ 2266128.526127699296921, 2469390.203522020485252 ], [ 2266031.45248819841072, 2469341.668168683070689 ], [ 2265950.557732429355383, 2469293.133152445778251 ], [ 2265837.304872087202966, 2469228.419685096014291 ], [ 2265788.768220891244709, 2469212.241571083664894 ], [ 2265707.873465122189373, 2469179.884668858721852 ], [ 2265675.515697658061981, 2469179.884668858721852 ], [ 2265659.336476816795766, 2469163.706217746250331 ], [ 2265659.336476816795766, 2469131.349652621429414 ], [ 2265659.336476816795766, 2469082.814636384136975 ], [ 2265643.157593084964901, 2469066.636185271199793 ], [ 2265626.978709353134036, 2469066.636185271199793 ], [ 2265594.620941889006644, 2469082.814636384136975 ], [ 2265529.905069851782173, 2469147.528103733900934 ], [ 2265497.546965278685093, 2469163.706217746250331 ], [ 2265368.115558313671499, 2469228.419685096014291 ], [ 2265303.399686276447028, 2469260.776587320957333 ], [ 2265287.220802544616163, 2469260.776587320957333 ], [ 2265254.863035080954432, 2469260.776587320957333 ], [ 2265222.504930507391691, 2469260.776587320957333 ], [ 2265206.326046775560826, 2469260.776587320957333 ], [ 2265190.147163043729961, 2469276.955038433428854 ], [ 2265173.968279311433434, 2469293.133152445778251 ], [ 2265222.504930507391691, 2469341.668168683070689 ], [ 2265271.041918812785298, 2469422.56008714530617 ], [ 2265319.578570008743554, 2469454.916989370249212 ], [ 2265335.757790850009769, 2469551.987021845299751 ], [ 2265335.757790850009769, 2469584.343586970120668 ], [ 2265335.757790850009769, 2469649.057054319884628 ], [ 2265335.757790850009769, 2469681.41395654482767 ], [ 2265319.578570008743554, 2469697.592407657299191 ], [ 2265271.041918812785298, 2469794.662440131884068 ], [ 2265238.684151348657906, 2469859.375907481648028 ], [ 2265222.504930507391691, 2469891.732472606468946 ], [ 2265206.326046775560826, 2469875.554358594119549 ], [ 2265206.326046775560826, 2469859.375907481648028 ], [ 2265190.147163043729961, 2469827.019005256704986 ], [ 2265190.147163043729961, 2469762.305537906941026 ], [ 2265190.147163043729961, 2469697.592407657299191 ], [ 2265173.968279311433434, 2469713.770521669648588 ], [ 2265173.968279311433434, 2469729.948972782120109 ], [ 2265141.610174738336354, 2469762.305537906941026 ], [ 2265109.252407274674624, 2469778.483989019412547 ], [ 2265044.536535237450153, 2469778.483989019412547 ], [ 2264931.284012004267424, 2469762.305537906941026 ], [ 2264882.747023699339479, 2469778.483989019412547 ], [ 2264866.568139967508614, 2469762.305537906941026 ], [ 2264882.747023699339479, 2469746.12742389459163 ], [ 2264931.284012004267424, 2469713.770521669648588 ], [ 2264963.641779468394816, 2469713.770521669648588 ], [ 2264979.821000309661031, 2469697.592407657299191 ], [ 2264979.821000309661031, 2469681.41395654482767 ], [ 2264931.284012004267424, 2469665.235505432356149 ], [ 2264898.926244540605694, 2469649.057054319884628 ], [ 2264866.568139967508614, 2469649.057054319884628 ], [ 2264785.673384198453277, 2469697.592407657299191 ], [ 2264737.136733002495021, 2469713.770521669648588 ], [ 2264672.420860965270549, 2469729.948972782120109 ], [ 2264623.883872659876943, 2469746.12742389459163 ], [ 2264575.347221464384347, 2469762.305537906941026 ], [ 2264542.989116890821606, 2469778.483989019412547 ], [ 2264494.45246569532901, 2469778.483989019412547 ], [ 2264413.557709925808012, 2469762.305537906941026 ], [ 2264381.199942462146282, 2469762.305537906941026 ], [ 2264284.125965851824731, 2469827.019005256704986 ], [ 2264219.410430924035609, 2469859.375907481648028 ], [ 2264089.978686849586666, 2469940.26782594434917 ], [ 2264057.620919385924935, 2469972.624391069170088 ], [ 2263992.905047348700464, 2469956.445939956232905 ], [ 2263944.368396152742207, 2469956.445939956232905 ], [ 2263895.831407847814262, 2469972.624391069170088 ], [ 2263863.47364038368687, 2470004.980956193991005 ], [ 2263798.757768346462399, 2470037.337858418934047 ], [ 2263766.400000882800668, 2470037.337858418934047 ], [ 2263734.041896309703588, 2470037.337858418934047 ], [ 2263669.326024272479117, 2470069.694423543754965 ], [ 2263636.968256808351725, 2470085.872874656226486 ], [ 2263620.78937307652086, 2470085.872874656226486 ], [ 2263539.894617307465523, 2470134.407890893518925 ], [ 2263475.178745270241052, 2470166.764793118461967 ], [ 2263313.389233732130378, 2470215.299809355754405 ], [ 2263167.77894303528592, 2470263.834825593046844 ], [ 2263054.526082693133503, 2470263.834825593046844 ], [ 2262973.631326924078166, 2470280.013276705518365 ], [ 2262698.589292152784765, 2470377.083309180103242 ], [ 2262585.336768919602036, 2470425.618325417861342 ], [ 2262391.189489917363971, 2470490.331792767625302 ], [ 2262358.831385344266891, 2470490.331792767625302 ], [ 2262277.936629575211555, 2470490.331792767625302 ], [ 2262245.578862111549824, 2470506.510243880096823 ], [ 2262148.505222610197961, 2470522.688694992568344 ], [ 2262132.326338878367096, 2470522.688694992568344 ], [ 2262099.968234305270016, 2470506.510243880096823 ], [ 2262002.894594804383814, 2470457.975227642804384 ], [ 2261954.357943608425558, 2470441.796776530332863 ], [ 2261905.820955303031951, 2470425.618325417861342 ], [ 2261889.642071571201086, 2470409.440211405511945 ], [ 2261841.10508326580748, 2470263.834825593046844 ], [ 2261824.926199533976614, 2470231.478260468225926 ], [ 2261760.210327496752143, 2470215.299809355754405 ], [ 2261711.673676301259547, 2470215.299809355754405 ], [ 2261663.136687995865941, 2470215.299809355754405 ], [ 2261566.063048494979739, 2470215.299809355754405 ], [ 2261517.526397299021482, 2470199.121358243282884 ], [ 2261452.810525261797011, 2470166.764793118461967 ], [ 2261420.452420688699931, 2470166.764793118461967 ], [ 2261339.557664919644594, 2470166.764793118461967 ], [ 2261307.199897455517203, 2470150.586342005990446 ], [ 2261226.305141686461866, 2470085.872874656226486 ], [ 2261161.589269649237394, 2470069.694423543754965 ], [ 2261096.873734721448272, 2470053.516309531405568 ], [ 2261048.336746416520327, 2470053.516309531405568 ], [ 2260918.905339451506734, 2470069.694423543754965 ], [ 2260643.862967571243644, 2470085.872874656226486 ], [ 2260433.536804837174714, 2470053.516309531405568 ], [ 2260401.179037373047322, 2470053.516309531405568 ], [ 2260336.46316533582285, 2470053.516309531405568 ], [ 2260239.389525834936649, 2470021.159407306462526 ], [ 2260174.673653797712177, 2470021.159407306462526 ], [ 2260126.136665492784232, 2470021.159407306462526 ], [ 2260093.77889802865684, 2470037.337858418934047 ], [ 2260061.42113056499511, 2470053.516309531405568 ], [ 2259948.168270222377032, 2470021.159407306462526 ], [ 2259883.45273529458791, 2470021.159407306462526 ], [ 2259851.09463072149083, 2470021.159407306462526 ], [ 2259802.557979525532573, 2469988.802842181641608 ], [ 2259754.020991220604628, 2469924.089374831877649 ], [ 2259656.947351719252765, 2469891.732472606468946 ], [ 2259624.589584255591035, 2469859.375907481648028 ], [ 2259624.589584255591035, 2469827.019005256704986 ], [ 2259608.41036341432482, 2469778.483989019412547 ], [ 2259624.589584255591035, 2469697.592407657299191 ], [ 2259608.41036341432482, 2469632.878940307535231 ], [ 2259543.694828486535698, 2469503.452005608007312 ], [ 2259527.515944754239172, 2469454.916989370249212 ], [ 2259478.978956449311227, 2469390.203522020485252 ], [ 2259446.621188985183835, 2469374.025070908013731 ], [ 2259430.441968144383281, 2469325.490054670721292 ], [ 2259430.441968144383281, 2469293.133152445778251 ], [ 2259414.263084412086755, 2469244.598136208485812 ], [ 2259430.441968144383281, 2469228.419685096014291 ], [ 2259446.621188985183835, 2469179.884668858721852 ], [ 2259446.621188985183835, 2469131.349652621429414 ], [ 2259446.621188985183835, 2469098.99275039602071 ], [ 2259414.263084412086755, 2469098.99275039602071 ], [ 2259381.905316948425025, 2469115.171201508957893 ], [ 2259381.905316948425025, 2469131.349652621429414 ], [ 2259398.08420068025589, 2469163.706217746250331 ], [ 2259365.726433216128498, 2469179.884668858721852 ], [ 2259349.547549484297633, 2469179.884668858721852 ], [ 2259317.189444911200553, 2469163.706217746250331 ], [ 2259284.831677447073162, 2469131.349652621429414 ], [ 2259268.652793715242296, 2469098.99275039602071 ], [ 2259252.473572873976082, 2469034.279620146378875 ], [ 2259252.473572873976082, 2468985.744266808964312 ], [ 2259252.473572873976082, 2468969.566152796614915 ], [ 2259236.294689142145216, 2468969.566152796614915 ], [ 2259203.936921678017825, 2468985.744266808964312 ], [ 2259187.75803794618696, 2469001.922717921435833 ], [ 2259171.578817104920745, 2469001.922717921435833 ], [ 2259155.39993337308988, 2468985.744266808964312 ], [ 2259171.578817104920745, 2468953.387701684143394 ], [ 2259187.75803794618696, 2468921.030799459200352 ], [ 2259203.936921678017825, 2468888.674234334379435 ], [ 2259220.115805410314351, 2468872.495783221907914 ], [ 2259203.936921678017825, 2468856.317669209558517 ], [ 2259187.75803794618696, 2468856.317669209558517 ], [ 2259123.042165908962488, 2468872.495783221907914 ], [ 2259025.968526408076286, 2468904.852685446850955 ], [ 2258993.610421834979206, 2468904.852685446850955 ], [ 2258945.07377063902095, 2468888.674234334379435 ], [ 2258912.71566606592387, 2468888.674234334379435 ], [ 2258880.357898601796478, 2468872.495783221907914 ], [ 2258880.357898601796478, 2468840.139218097086996 ], [ 2258880.357898601796478, 2468823.960766984615475 ], [ 2258896.536782333627343, 2468791.604201859794557 ], [ 2258945.07377063902095, 2468743.068848522379994 ], [ 2258977.43153810268268, 2468694.533832285087556 ], [ 2258977.43153810268268, 2468678.355381172150373 ], [ 2258977.43153810268268, 2468645.998816047329456 ], [ 2258961.252654370851815, 2468629.820364934857935 ], [ 2258815.642026564572006, 2468613.642250922508538 ], [ 2258750.926491636782885, 2468581.285348697565496 ], [ 2258734.74727079551667, 2468565.106897585093975 ], [ 2258702.389503331854939, 2468532.750332460273057 ], [ 2258702.389503331854939, 2468500.393430235330015 ], [ 2258702.389503331854939, 2468484.215316222980618 ], [ 2258702.389503331854939, 2468468.036865110509098 ], [ 2258702.389503331854939, 2468435.679962885566056 ], [ 2258653.852515026461333, 2468387.144946648273617 ], [ 2258637.673631294630468, 2468354.788381523452699 ], [ 2258589.136980098672211, 2468306.25336528616026 ], [ 2258524.42110806144774, 2468193.004881698638201 ], [ 2258492.063340597786009, 2468193.004881698638201 ], [ 2258475.884119756519794, 2468176.82643058616668 ], [ 2258427.347468560561538, 2468176.82643058616668 ], [ 2258233.200189558323473, 2468128.291414348874241 ], [ 2258217.020968717057258, 2468128.291414348874241 ], [ 2258119.947329216171056, 2468112.11296323640272 ], [ 2258087.589561752043664, 2468095.934512123931199 ], [ 2257828.726410713046789, 2468031.22104477416724 ], [ 2257731.652771212160587, 2467998.864479649346322 ], [ 2257569.863259674049914, 2467934.151012299582362 ], [ 2257424.252631867770106, 2467901.79411007463932 ], [ 2257197.74758540187031, 2467853.259093837346882 ], [ 2257116.852829632349312, 2467869.437544949818403 ], [ 2256809.452690288424492, 2467998.864479649346322 ], [ 2256259.368620745837688, 2468225.361446823459119 ], [ 2256113.75799293955788, 2468290.07491417368874 ], [ 2256097.579109207727015, 2468468.036865110509098 ], [ 2256000.505469706840813, 2468775.425750747323036 ], [ 2255984.326585974544287, 2468840.139218097086996 ], [ 2255951.968481401447207, 2468904.852685446850955 ], [ 2255919.610713937785476, 2468985.744266808964312 ], [ 2255919.610713937785476, 2469050.457734158728272 ], [ 2255919.610713937785476, 2469115.171201508957893 ], [ 2255887.252946473658085, 2469196.063119971193373 ], [ 2255854.894841900561005, 2469357.84661979554221 ], [ 2255854.894841900561005, 2469503.452005608007312 ], [ 2255838.71595816873014, 2469600.522038082592189 ], [ 2255822.537074436433613, 2469713.770521669648588 ], [ 2255822.537074436433613, 2469746.12742389459163 ], [ 2255790.178969863336533, 2469762.305537906941026 ], [ 2255741.642318667378277, 2469778.483989019412547 ], [ 2255693.105330362450331, 2469794.662440131884068 ], [ 2255660.74756289832294, 2469794.662440131884068 ], [ 2254787.084470279980451, 2469762.305537906941026 ], [ 2254706.189714510925114, 2469746.12742389459163 ], [ 2254641.473842473700643, 2469729.948972782120109 ], [ 2254528.221319240517914, 2469681.41395654482767 ], [ 2254366.431807702407241, 2469616.70048919506371 ], [ 2254237.000063628423959, 2469568.165472957771271 ], [ 2254172.284528700169176, 2469535.808570732362568 ], [ 2254107.568656663410366, 2469503.452005608007312 ], [ 2254075.210889199282974, 2469487.27355449507013 ], [ 2254042.852784626185894, 2469487.27355449507013 ], [ 2254010.495017162058502, 2469471.095103382598609 ], [ 2253848.705505623947829, 2469471.095103382598609 ], [ 2252877.968773504253477, 2469422.56008714530617 ], [ 2252683.821494502481073, 2469422.56008714530617 ], [ 2252602.926738733425736, 2469390.203522020485252 ], [ 2251518.937146271113306, 2469018.101169033907354 ], [ 2251389.505739306099713, 2468969.566152796614915 ], [ 2251260.073995232116431, 2468872.495783221907914 ], [ 2251130.642588267102838, 2468775.425750747323036 ], [ 2251114.463367425836623, 2469357.84661979554221 ], [ 2250661.452937384601682, 2469357.84661979554221 ], [ 2250596.737065347377211, 2469341.668168683070689 ], [ 2250402.589786345604807, 2469066.636185271199793 ], [ 2250354.05313514964655, 2469001.922717921435833 ], [ 2250305.516146844252944, 2468969.566152796614915 ], [ 2250224.621391075197607, 2468953.387701684143394 ], [ 2250143.726635306142271, 2468937.209250571671873 ], [ 2250046.652995805256069, 2468937.209250571671873 ], [ 2249965.758240036200732, 2468937.209250571671873 ], [ 2249820.147612229920924, 2468985.744266808964312 ], [ 2249723.073972729034722, 2469001.922717921435833 ], [ 2249496.568926262669265, 2469066.636185271199793 ], [ 2249383.316065920516849, 2469098.99275039602071 ], [ 2249286.242426419630647, 2468888.674234334379435 ], [ 2249140.632135722786188, 2468597.463799810037017 ], [ 2249075.916263685561717, 2468451.858413998037577 ], [ 2248865.589763842057437, 2467998.864479649346322 ], [ 2248768.516124341171235, 2467820.902528712525964 ], [ 2248703.800589413382113, 2467788.545626487117261 ], [ 2248412.579333800822496, 2467675.297142900060862 ], [ 2248331.68457803176716, 2467642.940577775239944 ], [ 2248266.969043103978038, 2467610.583675550296903 ], [ 2248137.537299029529095, 2467562.048659313004464 ], [ 2248040.463659528642893, 2467529.692094188183546 ], [ 2247765.421624757349491, 2467400.265159488655627 ], [ 2247571.274345755577087, 2467319.373241025954485 ], [ 2247458.021485412959009, 2467287.016675901133567 ], [ 2247360.947845912072808, 2467254.659773676190525 ], [ 2247296.231973874848336, 2467222.303208551369607 ], [ 2247150.621683178003877, 2467157.589741201605648 ], [ 2246600.537276526447386, 2466947.270888039376587 ], [ 2246503.463637025561184, 2466914.914322914555669 ], [ 2246471.105869561433792, 2466882.557420689612627 ], [ 2246454.926985829602927, 2466866.37930667726323 ], [ 2246276.958590559661388, 2466688.417018640320748 ], [ 2246082.810974447987974, 2466494.276953690685332 ], [ 2245921.0214629098773, 2466348.671567878685892 ], [ 2241099.695569775532931, 2471363.963433440309018 ], [ 2241115.874453507363796, 2471396.319998565129936 ], [ 2241164.411441812757403, 2471477.211917027365416 ], [ 2241196.769209276419133, 2471525.746933264657855 ], [ 2241212.948093008715659, 2471558.103835489600897 ], [ 2241212.948093008715659, 2471574.281949501950294 ], [ 2241212.948093008715659, 2471590.460400614421815 ], [ 2241245.30586047237739, 2471622.817302839830518 ], [ 2241261.485081313643605, 2471655.173867964651436 ], [ 2241277.66396504547447, 2471687.530770189594477 ], [ 2241293.842848777770996, 2471752.243900439236313 ], [ 2241326.200616241432726, 2471833.135818901471794 ], [ 2241326.200616241432726, 2471881.670835138764232 ], [ 2241342.379837082698941, 2471930.206188476178795 ], [ 2241342.379837082698941, 2471978.741204713471234 ], [ 2241342.379837082698941, 2472027.276220950763673 ], [ 2241342.379837082698941, 2472075.811237188521773 ], [ 2241342.379837082698941, 2472091.989688300993294 ], [ 2241374.737604546826333, 2472140.524704538285732 ], [ 2241407.095372010488063, 2472205.238171888049692 ], [ 2241439.453476583585143, 2472237.59473701287061 ], [ 2241520.34823235264048, 2472286.130090350285172 ], [ 2241552.705999816767871, 2472318.48665547510609 ], [ 2241568.884883548598737, 2472334.665106587577611 ], [ 2241601.242988121695817, 2472334.665106587577611 ], [ 2241617.421871853992343, 2472334.665106587577611 ], [ 2241633.600755585823208, 2472350.843557700049132 ], [ 2241649.779639317654073, 2472367.021671712398529 ], [ 2241665.9585230499506, 2472415.556687949690968 ], [ 2241665.9585230499506, 2472447.91359017463401 ], [ 2241682.137743891216815, 2472464.092041287571192 ], [ 2241665.9585230499506, 2472512.627057524863631 ], [ 2241682.137743891216815, 2472690.589008461683989 ], [ 2241665.9585230499506, 2472722.945573586504906 ], [ 2241665.9585230499506, 2472739.124024698976427 ], [ 2241649.779639317654073, 2472755.302475811447948 ], [ 2241633.600755585823208, 2472787.659040936268866 ], [ 2241601.242988121695817, 2472803.837492048740387 ], [ 2241536.527116084937006, 2472884.729410511441529 ], [ 2241455.63236031588167, 2472965.620991873554885 ], [ 2241310.021732509601861, 2473159.761393922846764 ], [ 2241293.842848777770996, 2473175.939845035318285 ], [ 2241277.66396504547447, 2473224.474861272610724 ], [ 2241261.485081313643605, 2473256.831763497553766 ], [ 2241277.66396504547447, 2473305.366779735311866 ], [ 2241293.842848777770996, 2473353.901795972604305 ], [ 2241455.63236031588167, 2473742.182262971065938 ], [ 2241487.9901277795434, 2473839.252632546238601 ], [ 2241487.9901277795434, 2473871.609197671059519 ], [ 2241504.169011511839926, 2473887.78764878353104 ], [ 2241504.169011511839926, 2473920.144551008474082 ], [ 2241520.34823235264048, 2473952.501116133295 ], [ 2241520.34823235264048, 2474017.214583483058959 ], [ 2241504.169011511839926, 2474049.571148607879877 ], [ 2241504.169011511839926, 2474065.749599720351398 ], [ 2241487.9901277795434, 2474130.463067070115358 ], [ 2241439.453476583585143, 2474243.711550657637417 ], [ 2241407.095372010488063, 2474324.603469119872898 ], [ 2241407.095372010488063, 2474340.781920232344419 ], [ 2241390.916488278657198, 2474421.673501594457775 ], [ 2241407.095372010488063, 2474842.310870818328112 ], [ 2241423.274592851754278, 2474971.737805517856032 ], [ 2241455.63236031588167, 2475068.80783799290657 ], [ 2241487.9901277795434, 2475149.699756455142051 ], [ 2241568.884883548598737, 2475295.305142267141491 ], [ 2241601.242988121695817, 2475408.55362585419789 ], [ 2241649.779639317654073, 2475537.98056055419147 ], [ 2241682.137743891216815, 2475618.872141916304827 ], [ 2241698.31662762304768, 2475683.585609266068786 ], [ 2241730.67439508670941, 2475813.012543965596706 ], [ 2241730.67439508670941, 2475877.726011315826327 ], [ 2241730.67439508670941, 2476023.331397127825767 ], [ 2241730.67439508670941, 2476088.044864477589726 ], [ 2241763.032162550836802, 2476233.649913189467043 ], [ 2241779.211383392103016, 2476282.184929426759481 ], [ 2241779.211383392103016, 2476363.076847889460623 ], [ 2241779.211383392103016, 2476443.968766351696104 ], [ 2241779.211383392103016, 2476492.503782588988543 ], [ 2241795.390267123933882, 2476573.395701051224023 ], [ 2241811.569150855764747, 2476638.108831300865859 ], [ 2241811.569150855764747, 2476735.179200876038522 ], [ 2241843.926918319892138, 2477074.924651637207717 ], [ 2241843.926918319892138, 2477107.281553862150759 ], [ 2241860.106139161158353, 2477123.459667874500155 ], [ 2241860.106139161158353, 2477139.638118986971676 ], [ 2241876.285022892989218, 2477139.638118986971676 ], [ 2241908.64279035711661, 2477171.995021212380379 ], [ 2242054.253418163396418, 2477269.065053686965257 ], [ 2242102.790069358889014, 2477301.421618811786175 ], [ 2242118.969290200155228, 2477333.778521036729217 ], [ 2242183.684825128410012, 2477398.491988386493176 ], [ 2242345.474336666520685, 2477576.453939323779196 ], [ 2242410.190208703279495, 2477592.632390436250716 ], [ 2242474.906080740503967, 2477608.810504448600113 ], [ 2242539.621615668293089, 2477624.988955561071634 ], [ 2242571.979720241390169, 2477624.988955561071634 ], [ 2242604.33748770551756, 2477641.167406673543155 ], [ 2242685.232243474572897, 2477673.523971798364073 ], [ 2242814.66398754902184, 2477722.058988035656512 ], [ 2242879.379522476810962, 2477722.058988035656512 ], [ 2242944.095394514035434, 2477738.237439148128033 ], [ 2243089.706022319849581, 2477786.772455385420471 ], [ 2243122.063789783976972, 2477802.950906497891992 ], [ 2243186.779661821201444, 2477835.307808722835034 ], [ 2243235.3163130171597, 2477851.485922735184431 ], [ 2243251.495533857960254, 2477883.842824960127473 ], [ 2243251.495533857960254, 2477900.021276072598994 ], [ 2243283.853301322087646, 2477964.734406322240829 ], [ 2243332.390289627015591, 2478175.053259484469891 ], [ 2243348.569173359312117, 2478304.48019418399781 ], [ 2243348.569173359312117, 2478417.72867777151987 ], [ 2243332.390289627015591, 2478514.798710246104747 ], [ 2243300.032185053918511, 2478660.404096058104187 ], [ 2243251.495533857960254, 2478773.652579645160586 ], [ 2243202.958545553032309, 2478903.079514345154166 ], [ 2243186.779661821201444, 2478935.436079469975084 ], [ 2243170.600778088904917, 2479000.149546819739044 ], [ 2243170.600778088904917, 2479064.863014169503003 ], [ 2243154.421894357074052, 2479145.754932631738484 ], [ 2243170.600778088904917, 2479404.608802031259984 ], [ 2243170.600778088904917, 2479469.322269381023943 ], [ 2243170.600778088904917, 2479534.035399630665779 ], [ 2243154.421894357074052, 2479598.748866980429739 ], [ 2243105.884906052146107, 2479776.710817917715758 ], [ 2243073.527138588018715, 2479889.95963860489428 ], [ 2243089.706022319849581, 2479938.494654842186719 ], [ 2243105.884906052146107, 2480019.386236204300076 ], [ 2243154.421894357074052, 2480116.456605779472739 ], [ 2243202.958545553032309, 2480229.705089366529137 ], [ 2243300.032185053918511, 2480342.953572953585535 ], [ 2243316.211068786215037, 2480359.132024066057056 ], [ 2243316.211068786215037, 2480391.488589190877974 ], [ 2243332.390289627015591, 2480440.023605428170413 ], [ 2243316.211068786215037, 2480504.737072777934372 ], [ 2243267.67441759025678, 2480715.055925940163434 ], [ 2243251.495533857960254, 2480812.125958414748311 ], [ 2243235.3163130171597, 2480844.482860639691353 ], [ 2243219.137429284863174, 2480860.66097465204075 ], [ 2243170.600778088904917, 2480925.374442001804709 ], [ 2243154.421894357074052, 2480957.731344227213413 ], [ 2243138.242673515807837, 2480990.08790935203433 ], [ 2243138.242673515807837, 2481022.444811576977372 ], [ 2243089.706022319849581, 2481588.687229512725025 ], [ 2243089.706022319849581, 2481653.400696862488985 ], [ 2243105.884906052146107, 2481734.292615324724466 ], [ 2243251.495533857960254, 2482397.605402835644782 ], [ 2243283.853301322087646, 2482543.210788647644222 ], [ 2243332.390289627015591, 2482834.421223171986639 ], [ 2243348.569173359312117, 2482866.777788296807557 ], [ 2243364.748057091142982, 2482899.134690521750599 ], [ 2243397.105824555270374, 2482947.669706759043038 ], [ 2243429.463929128367454, 2482996.204722996335477 ], [ 2243478.000580324325711, 2483060.918190346099436 ], [ 2243510.358684897422791, 2483141.810108808800578 ], [ 2243542.716452361084521, 2483174.166673933621496 ], [ 2243575.074219825211912, 2483206.523576158564538 ], [ 2243591.253440666478127, 2483255.058592395856977 ], [ 2243607.432324398308992, 2483368.307075982913375 ], [ 2243607.432324398308992, 2483481.555559569969773 ], [ 2243607.432324398308992, 2483578.625592045020312 ], [ 2243623.611208130139858, 2483627.160945382434875 ], [ 2243607.432324398308992, 2483675.695961619727314 ], [ 2243623.611208130139858, 2483675.695961619727314 ], [ 2243639.790091862436384, 2483691.87407563207671 ], [ 2243672.147859326098114, 2483691.87407563207671 ], [ 2243753.042615095153451, 2483691.87407563207671 ], [ 2243801.579603400547057, 2483691.87407563207671 ], [ 2243833.937370864208788, 2483691.87407563207671 ], [ 2243882.474359169602394, 2483708.052526744548231 ], [ 2243914.832126633264124, 2483724.230977857019752 ], [ 2244044.263870707713068, 2483788.944445206783712 ], [ 2244206.053382245823741, 2483918.371379906777292 ], [ 2244238.411149709951133, 2483934.549493918661028 ], [ 2244254.590033441781998, 2483950.72794503159821 ], [ 2244286.948138014879078, 2483966.906396144069731 ], [ 2244319.305905479006469, 2483966.906396144069731 ], [ 2244659.063812287058681, 2483983.084847256541252 ], [ 2244804.67444009333849, 2483983.084847256541252 ], [ 2244901.748079594224691, 2483983.084847256541252 ], [ 2244998.821719095576555, 2483999.262961268890649 ], [ 2245047.358370291534811, 2483999.262961268890649 ], [ 2245128.253126060590148, 2483983.084847256541252 ], [ 2245160.611230633687228, 2483983.084847256541252 ], [ 2245241.505986402742565, 2483999.262961268890649 ], [ 2245290.042637598700821, 2484015.44141238136217 ], [ 2245338.579625903628767, 2484015.44141238136217 ], [ 2245370.937393367756158, 2483999.262961268890649 ], [ 2245484.189916600473225, 2483950.72794503159821 ], [ 2245548.905788637697697, 2483950.72794503159821 ], [ 2245581.263893210794777, 2483950.72794503159821 ], [ 2245613.621660674922168, 2483950.72794503159821 ], [ 2245629.800544406753033, 2483934.549493918661028 ], [ 2245662.158311870880425, 2483918.371379906777292 ], [ 2245694.516416443977505, 2483886.014477681368589 ], [ 2245759.232288481201977, 2483805.122896319255233 ], [ 2245775.411172213032842, 2483788.944445206783712 ], [ 2245791.590055944863707, 2483772.765994094312191 ], [ 2245823.947823408991098, 2483772.765994094312191 ], [ 2245904.842579178046435, 2483756.58754298184067 ], [ 2245969.558451215270907, 2483756.58754298184067 ], [ 2246001.916218678932637, 2483756.58754298184067 ], [ 2246018.095439520198852, 2483772.765994094312191 ], [ 2246357.853009219281375, 2483950.72794503159821 ], [ 2246422.568881256505847, 2483999.262961268890649 ], [ 2246924.116299602668732, 2484274.295281780418009 ], [ 2247005.011055371724069, 2484322.830298017710447 ], [ 2247085.905811140779406, 2484339.008749130647629 ], [ 2247134.442462336737663, 2484355.186863142531365 ], [ 2247894.853031722363085, 2484484.613797842524946 ], [ 2247959.568903759587556, 2484484.613797842524946 ], [ 2248024.284775796812028, 2484484.613797842524946 ], [ 2248072.821426992770284, 2484468.435683830175549 ], [ 2248736.158356877043843, 2484193.403363318182528 ], [ 2248752.33724060934037, 2484193.403363318182528 ], [ 2248768.516124341171235, 2484193.403363318182528 ], [ 2248817.05311264609918, 2484209.581814430654049 ], [ 2248914.126752147451043, 2484258.116830667946488 ], [ 2249011.200391648337245, 2484306.651846905238926 ], [ 2249059.737379953730851, 2484322.830298017710447 ], [ 2249092.095147417392582, 2484339.008749130647629 ], [ 2249140.632135722786188, 2484339.008749130647629 ], [ 2249172.989903186447918, 2484339.008749130647629 ], [ 2249221.526891491841525, 2484339.008749130647629 ], [ 2249270.06354268733412, 2484290.473732892889529 ], [ 2249318.600530992727727, 2484241.938379555474967 ], [ 2249561.284461190924048, 2483999.262961268890649 ], [ 2249577.463682031724602, 2483983.084847256541252 ], [ 2249593.642565764021128, 2483983.084847256541252 ], [ 2249609.821449495851994, 2483983.084847256541252 ], [ 2249658.358437800779939, 2483983.084847256541252 ], [ 2249706.895088996738195, 2483983.084847256541252 ], [ 2249739.253193569835275, 2483983.084847256541252 ], [ 2249771.610961033962667, 2483999.262961268890649 ], [ 2249787.789844765793532, 2484015.44141238136217 ], [ 2249917.221588840242475, 2484080.15487973112613 ], [ 2249917.221588840242475, 2484063.976428618654609 ], [ 2249933.40047257207334, 2484015.44141238136217 ], [ 2249949.579356303904206, 2483983.084847256541252 ], [ 2249981.937123768031597, 2483934.549493918661028 ], [ 2249998.116344609297812, 2483918.371379906777292 ], [ 2250030.474112073425204, 2483886.014477681368589 ], [ 2250030.474112073425204, 2483902.19292879384011 ], [ 2250030.474112073425204, 2483918.371379906777292 ], [ 2250030.474112073425204, 2483934.549493918661028 ], [ 2250014.295228341128677, 2483999.262961268890649 ], [ 2250014.295228341128677, 2484015.44141238136217 ], [ 2249998.116344609297812, 2484047.798314606305212 ], [ 2249998.116344609297812, 2484080.15487973112613 ], [ 2249998.116344609297812, 2484096.333330843597651 ], [ 2250014.295228341128677, 2484161.04679819336161 ], [ 2250046.652995805256069, 2484193.403363318182528 ], [ 2250079.010763268917799, 2484225.76026554312557 ], [ 2250127.547751574311405, 2484241.938379555474967 ], [ 2250159.905519037973136, 2484274.295281780418009 ], [ 2250176.084739879239351, 2484290.473732892889529 ], [ 2250240.800274807028472, 2484306.651846905238926 ], [ 2250256.979495648294687, 2484322.830298017710447 ], [ 2250273.158379380591214, 2484322.830298017710447 ], [ 2250289.337263112422079, 2484339.008749130647629 ], [ 2250289.337263112422079, 2484355.186863142531365 ], [ 2250305.516146844252944, 2484419.900330492760986 ], [ 2250305.516146844252944, 2484452.257232717704028 ], [ 2250321.69503057654947, 2484484.613797842524946 ], [ 2250337.873914308380336, 2484516.970700067467988 ], [ 2250337.873914308380336, 2484549.327265192288905 ], [ 2250370.232018881477416, 2484581.684167417231947 ], [ 2250402.589786345604807, 2484597.862281429581344 ], [ 2250402.589786345604807, 2484614.040732542052865 ], [ 2250418.768670077435672, 2484630.219183654524386 ], [ 2250418.768670077435672, 2484662.575748779345304 ], [ 2250418.768670077435672, 2484678.754199891816825 ], [ 2250434.947890918701887, 2484711.111102116759866 ], [ 2250434.947890918701887, 2484759.646118354517967 ], [ 2250451.126774650532752, 2484759.646118354517967 ], [ 2250451.126774650532752, 2484775.824232366401702 ], [ 2250467.305658382363617, 2484792.002683478873223 ], [ 2250467.305658382363617, 2484808.181134591810405 ], [ 2250467.305658382363617, 2484824.359585704281926 ], [ 2250483.484542114660144, 2484840.537699716631323 ], [ 2250499.663425846491009, 2484889.073053054045886 ], [ 2250499.663425846491009, 2484905.251167066395283 ], [ 2250499.663425846491009, 2484921.429618178866804 ], [ 2250515.842646687757224, 2484921.429618178866804 ], [ 2250515.842646687757224, 2484937.608069291338325 ], [ 2250515.842646687757224, 2484953.786520403809845 ], [ 2250515.842646687757224, 2484969.964634416159242 ], [ 2250532.021530419588089, 2484969.964634416159242 ], [ 2250532.021530419588089, 2484986.143085528630763 ], [ 2250548.200414151418954, 2485018.499650653451681 ], [ 2250564.379297883715481, 2485018.499650653451681 ], [ 2250564.379297883715481, 2485034.678101765923202 ], [ 2250564.379297883715481, 2485050.856552878394723 ], [ 2250596.737065347377211, 2485180.283487578388304 ], [ 2250596.737065347377211, 2485309.710422277916223 ], [ 2250612.916286188643426, 2485422.958905864972621 ], [ 2250629.095169920474291, 2485633.277421926613897 ], [ 2250629.095169920474291, 2485649.455873039551079 ], [ 2250629.095169920474291, 2485746.525905514135957 ], [ 2250629.095169920474291, 2485827.417823976371437 ], [ 2250629.095169920474291, 2485875.952840213663876 ], [ 2250645.274053652770817, 2485875.952840213663876 ], [ 2250645.274053652770817, 2485892.131291326135397 ], [ 2250645.274053652770817, 2485908.309742438606918 ], [ 2250645.274053652770817, 2485924.487856450956315 ], [ 2250645.274053652770817, 2485940.666307563427836 ], [ 2250629.095169920474291, 2485956.844758675899357 ], [ 2250645.274053652770817, 2485973.023209788370878 ], [ 2250645.274053652770817, 2485989.201323800720274 ], [ 2250661.452937384601682, 2485989.201323800720274 ], [ 2250677.631821116432548, 2486005.379774913191795 ], [ 2250661.452937384601682, 2486037.736677138600498 ], [ 2250645.274053652770817, 2486037.736677138600498 ], [ 2250645.274053652770817, 2486053.914791150484234 ], [ 2250629.095169920474291, 2486053.914791150484234 ], [ 2250629.095169920474291, 2486070.093242263421416 ], [ 2250629.095169920474291, 2486086.271693375892937 ], [ 2250612.916286188643426, 2486134.806709613185376 ], [ 2250612.916286188643426, 2486150.985160725656897 ], [ 2250612.916286188643426, 2486167.163274738006294 ], [ 2250629.095169920474291, 2486183.341725850477815 ], [ 2250629.095169920474291, 2486199.520176962949336 ], [ 2250629.095169920474291, 2486215.698628075420856 ], [ 2250629.095169920474291, 2486231.876742087770253 ], [ 2250612.916286188643426, 2486231.876742087770253 ], [ 2250612.916286188643426, 2486248.055193200241774 ], [ 2250596.737065347377211, 2486248.055193200241774 ], [ 2250596.737065347377211, 2486264.233644312713295 ], [ 2250596.737065347377211, 2486280.412095425184816 ], [ 2250612.916286188643426, 2486328.947111662477255 ], [ 2250612.916286188643426, 2486345.125225674826652 ], [ 2250629.095169920474291, 2486345.125225674826652 ], [ 2250629.095169920474291, 2486361.303676787298173 ], [ 2250661.452937384601682, 2486409.838693024590611 ], [ 2250661.452937384601682, 2486426.017144137062132 ], [ 2250677.631821116432548, 2486426.017144137062132 ], [ 2250677.631821116432548, 2486442.195595249533653 ], [ 2250693.811041957698762, 2486458.374046362470835 ], [ 2250709.989925689529628, 2486474.552160374354571 ], [ 2250758.526576885487884, 2486523.087513712234795 ], [ 2250774.705460617784411, 2486539.265627724584192 ], [ 2250790.884681458584964, 2486555.444078837055713 ], [ 2250807.063565190881491, 2486555.444078837055713 ], [ 2250807.063565190881491, 2486571.622529949527234 ], [ 2250839.421332654543221, 2486571.622529949527234 ], [ 2250871.779437228105962, 2486587.800643961876631 ], [ 2250904.137204691767693, 2486603.979095074348152 ], [ 2250920.316088423598558, 2486620.157546186819673 ], [ 2250936.494972155895084, 2486636.335997299291193 ], [ 2250952.674192997161299, 2486636.335997299291193 ], [ 2250952.674192997161299, 2486652.51411131164059 ], [ 2251001.210844192653894, 2486684.871013536583632 ], [ 2251017.389727924950421, 2486684.871013536583632 ], [ 2251033.568611656781286, 2486701.049464649055153 ], [ 2251049.747832498047501, 2486717.22757866140455 ], [ 2251065.926716229878366, 2486733.406029773876071 ], [ 2251098.284483694005758, 2486765.762594898696989 ], [ 2251195.358123194891959, 2486846.654513360932469 ], [ 2251292.431762695778161, 2486943.724882936105132 ], [ 2251308.610983537044376, 2486943.724882936105132 ], [ 2251324.789867269340903, 2486943.724882936105132 ], [ 2251340.968751001171768, 2486959.902996948454529 ], [ 2251373.326518465299159, 2486959.902996948454529 ], [ 2251389.505739306099713, 2486976.08144806092605 ], [ 2251470.40049507515505, 2487008.438013185746968 ], [ 2251486.579378807451576, 2487024.616464298218489 ], [ 2251502.758262539282441, 2487024.616464298218489 ], [ 2251518.937146271113306, 2487024.616464298218489 ], [ 2251535.116030003409833, 2487040.79491541069001 ], [ 2251551.294913735240698, 2487040.79491541069001 ], [ 2251567.474134576506913, 2487040.79491541069001 ], [ 2251583.653018308337778, 2487040.79491541069001 ], [ 2251616.010785772465169, 2487040.79491541069001 ], [ 2251648.368890345562249, 2487056.97336652316153 ], [ 2251696.905541541520506, 2487056.97336652316153 ], [ 2251745.442529846448451, 2487056.97336652316153 ], [ 2251761.621413578279316, 2487056.97336652316153 ], [ 2251777.800297310575843, 2487056.97336652316153 ], [ 2251793.979181042406708, 2487056.97336652316153 ], [ 2251810.158064774237573, 2487056.97336652316153 ], [ 2251826.337285615503788, 2487056.97336652316153 ], [ 2251842.516169347800314, 2487056.97336652316153 ], [ 2251842.516169347800314, 2487040.79491541069001 ], [ 2251858.69505307963118, 2487040.79491541069001 ], [ 2251874.873936811462045, 2487040.79491541069001 ], [ 2251891.05282054329291, 2487040.79491541069001 ], [ 2251891.05282054329291, 2487024.616464298218489 ], [ 2251907.232041384559125, 2487024.616464298218489 ], [ 2251923.410925116855651, 2487024.616464298218489 ], [ 2251923.410925116855651, 2487008.438013185746968 ], [ 2251939.589808848686516, 2487008.438013185746968 ], [ 2251955.768692580517381, 2487008.438013185746968 ], [ 2251955.768692580517381, 2486992.259899173397571 ], [ 2251971.947576312348247, 2486992.259899173397571 ], [ 2251971.947576312348247, 2486976.08144806092605 ], [ 2251988.126797153614461, 2486976.08144806092605 ], [ 2251988.126797153614461, 2486959.902996948454529 ], [ 2252004.305680885910988, 2486943.724882936105132 ], [ 2252036.663448349572718, 2486927.546431823633611 ], [ 2252052.842332081869245, 2486911.36798071116209 ], [ 2252052.842332081869245, 2486895.189529598224908 ], [ 2252052.842332081869245, 2486879.011415586341172 ], [ 2252069.02121581370011, 2486846.654513360932469 ], [ 2252085.200436654966325, 2486830.476062248460948 ], [ 2252101.37932038679719, 2486830.476062248460948 ], [ 2252117.558204118628055, 2486798.119497123640031 ], [ 2252133.737087850924581, 2486798.119497123640031 ], [ 2252149.915971582755446, 2486781.94104601116851 ], [ 2252166.095192424021661, 2486781.94104601116851 ], [ 2252166.095192424021661, 2486765.762594898696989 ], [ 2252166.095192424021661, 2486749.584480886347592 ], [ 2252182.274076155852526, 2486749.584480886347592 ], [ 2252182.274076155852526, 2486733.406029773876071 ], [ 2252182.274076155852526, 2486717.22757866140455 ], [ 2252198.452959887683392, 2486717.22757866140455 ], [ 2252214.631843619979918, 2486717.22757866140455 ], [ 2252214.631843619979918, 2486701.049464649055153 ], [ 2252214.631843619979918, 2486684.871013536583632 ], [ 2252230.810727351810783, 2486684.871013536583632 ], [ 2252230.810727351810783, 2486668.692562424112111 ], [ 2252246.989611083641648, 2486668.692562424112111 ], [ 2252246.989611083641648, 2486652.51411131164059 ], [ 2252263.168831924907863, 2486636.335997299291193 ], [ 2252279.347715656738728, 2486620.157546186819673 ], [ 2252279.347715656738728, 2486603.979095074348152 ], [ 2252295.526599389035255, 2486603.979095074348152 ], [ 2252327.884366852696985, 2486587.800643961876631 ], [ 2252344.0635876939632, 2486571.622529949527234 ], [ 2252360.242471425794065, 2486555.444078837055713 ], [ 2252376.421355158090591, 2486539.265627724584192 ], [ 2252392.600238889921457, 2486539.265627724584192 ], [ 2252424.958343463018537, 2486523.087513712234795 ], [ 2252457.316110927145928, 2486506.909062599763274 ], [ 2252489.673878390807658, 2486506.909062599763274 ], [ 2252505.852762123104185, 2486506.909062599763274 ], [ 2252522.031982963904738, 2486506.909062599763274 ], [ 2252522.031982963904738, 2486490.730611487291753 ], [ 2252538.210866696201265, 2486490.730611487291753 ], [ 2252538.210866696201265, 2486474.552160374354571 ], [ 2252554.38975042803213, 2486474.552160374354571 ], [ 2252554.38975042803213, 2486458.374046362470835 ], [ 2252570.568634159862995, 2486442.195595249533653 ], [ 2252570.568634159862995, 2486426.017144137062132 ], [ 2252586.747517892159522, 2486409.838693024590611 ], [ 2252602.926738733425736, 2486393.660579012241215 ], [ 2252619.105622465256602, 2486377.482127899769694 ], [ 2252635.284506197087467, 2486377.482127899769694 ], [ 2252651.463389928918332, 2486361.303676787298173 ], [ 2252651.463389928918332, 2486345.125225674826652 ], [ 2252651.463389928918332, 2486328.947111662477255 ], [ 2252667.642273661214858, 2486328.947111662477255 ], [ 2252667.642273661214858, 2486312.768660550005734 ], [ 2252683.821494502481073, 2486312.768660550005734 ], [ 2252700.000378234311938, 2486296.590209437534213 ], [ 2252716.179261966142803, 2486296.590209437534213 ], [ 2252732.358145697973669, 2486296.590209437534213 ], [ 2252748.537029430270195, 2486296.590209437534213 ], [ 2252764.71591316210106, 2486296.590209437534213 ], [ 2252780.895134003367275, 2486296.590209437534213 ], [ 2252780.895134003367275, 2486280.412095425184816 ], [ 2252797.07401773519814, 2486280.412095425184816 ], [ 2252813.252901467494667, 2486264.233644312713295 ], [ 2252813.252901467494667, 2486248.055193200241774 ], [ 2252829.431785199325532, 2486231.876742087770253 ], [ 2252829.431785199325532, 2486215.698628075420856 ], [ 2252845.610668931156397, 2486199.520176962949336 ], [ 2252861.789889772422612, 2486183.341725850477815 ], [ 2252861.789889772422612, 2486167.163274738006294 ], [ 2252861.789889772422612, 2486150.985160725656897 ], [ 2252861.789889772422612, 2486118.628258500713855 ], [ 2252861.789889772422612, 2486102.449807388242334 ], [ 2252861.789889772422612, 2486086.271693375892937 ], [ 2252877.968773504253477, 2486070.093242263421416 ], [ 2252877.968773504253477, 2486053.914791150484234 ], [ 2252894.147657236550003, 2486021.558226025663316 ], [ 2252910.326540968380868, 2486021.558226025663316 ], [ 2252910.326540968380868, 2486005.379774913191795 ], [ 2252910.326540968380868, 2485989.201323800720274 ], [ 2252910.326540968380868, 2485973.023209788370878 ], [ 2252910.326540968380868, 2485940.666307563427836 ], [ 2252910.326540968380868, 2485924.487856450956315 ], [ 2252910.326540968380868, 2485908.309742438606918 ], [ 2252926.505424700211734, 2485892.131291326135397 ], [ 2252926.505424700211734, 2485875.952840213663876 ], [ 2252942.684645541477948, 2485859.774726201314479 ], [ 2252942.684645541477948, 2485843.596275088842958 ], [ 2252942.684645541477948, 2485827.417823976371437 ], [ 2252942.684645541477948, 2485795.061258851550519 ], [ 2252958.863529273308814, 2485778.882807739078999 ], [ 2252958.863529273308814, 2485746.525905514135957 ], [ 2252958.863529273308814, 2485730.34779150178656 ], [ 2252958.863529273308814, 2485714.169340389315039 ], [ 2252958.863529273308814, 2485649.455873039551079 ], [ 2252958.863529273308814, 2485633.277421926613897 ], [ 2252942.684645541477948, 2485617.099307914730161 ], [ 2252942.684645541477948, 2485600.920856801792979 ], [ 2252942.684645541477948, 2485584.742405689321458 ], [ 2252958.863529273308814, 2485568.563954576849937 ], [ 2252975.04241300560534, 2485520.028938339557499 ], [ 2252975.04241300560534, 2485503.850487227085978 ], [ 2252958.863529273308814, 2485487.672373214736581 ], [ 2252958.863529273308814, 2485471.49392210226506 ], [ 2252975.04241300560534, 2485455.315470989793539 ], [ 2252975.04241300560534, 2485439.137019877322018 ], [ 2253007.40018046926707, 2485406.7804547525011 ], [ 2253007.40018046926707, 2485390.602003640029579 ], [ 2253007.40018046926707, 2485374.423889627680182 ], [ 2253007.40018046926707, 2485342.066987402737141 ], [ 2253007.40018046926707, 2485325.88853629026562 ], [ 2253007.40018046926707, 2485309.710422277916223 ], [ 2253007.40018046926707, 2485293.531971165444702 ], [ 2253007.40018046926707, 2485277.353520052973181 ], [ 2253007.40018046926707, 2485261.17506894050166 ], [ 2253007.40018046926707, 2485244.996954928152263 ], [ 2253007.40018046926707, 2485228.818503815680742 ], [ 2253007.40018046926707, 2485212.64005270274356 ], [ 2253007.40018046926707, 2485196.461938690859824 ], [ 2253023.579064201097935, 2485196.461938690859824 ], [ 2253023.579064201097935, 2485180.283487578388304 ], [ 2253023.579064201097935, 2485164.105036465451121 ], [ 2253039.75828504236415, 2485147.9265853529796 ], [ 2253023.579064201097935, 2485131.748471340630203 ], [ 2253023.579064201097935, 2485115.570020228158683 ], [ 2253007.40018046926707, 2485115.570020228158683 ], [ 2253007.40018046926707, 2485099.391569115687162 ], [ 2252991.221296737436205, 2485083.213118003215641 ], [ 2252975.04241300560534, 2485083.213118003215641 ], [ 2252975.04241300560534, 2485067.035003990866244 ], [ 2252958.863529273308814, 2485067.035003990866244 ], [ 2252958.863529273308814, 2485050.856552878394723 ], [ 2252958.863529273308814, 2485034.678101765923202 ], [ 2252942.684645541477948, 2485034.678101765923202 ], [ 2252942.684645541477948, 2485018.499650653451681 ], [ 2252926.505424700211734, 2485018.499650653451681 ], [ 2252910.326540968380868, 2485002.321536641102284 ], [ 2252894.147657236550003, 2485002.321536641102284 ], [ 2252877.968773504253477, 2485002.321536641102284 ], [ 2252861.789889772422612, 2484986.143085528630763 ], [ 2252829.431785199325532, 2484969.964634416159242 ], [ 2252813.252901467494667, 2484969.964634416159242 ], [ 2252813.252901467494667, 2484953.786520403809845 ], [ 2252797.07401773519814, 2484953.786520403809845 ], [ 2252764.71591316210106, 2484937.608069291338325 ], [ 2252764.71591316210106, 2484921.429618178866804 ], [ 2252748.537029430270195, 2484921.429618178866804 ], [ 2252748.537029430270195, 2484905.251167066395283 ], [ 2252732.358145697973669, 2484856.716150829102844 ], [ 2252716.179261966142803, 2484824.359585704281926 ], [ 2252716.179261966142803, 2484808.181134591810405 ], [ 2252716.179261966142803, 2484792.002683478873223 ], [ 2252716.179261966142803, 2484775.824232366401702 ], [ 2252716.179261966142803, 2484743.467667241580784 ], [ 2252700.000378234311938, 2484694.932651004288346 ], [ 2252700.000378234311938, 2484662.575748779345304 ], [ 2252700.000378234311938, 2484646.397634766995907 ], [ 2252700.000378234311938, 2484630.219183654524386 ], [ 2252700.000378234311938, 2484614.040732542052865 ], [ 2252683.821494502481073, 2484597.862281429581344 ], [ 2252683.821494502481073, 2484581.684167417231947 ], [ 2252683.821494502481073, 2484565.505716304760426 ], [ 2252683.821494502481073, 2484549.327265192288905 ], [ 2252683.821494502481073, 2484533.149151179939508 ], [ 2252700.000378234311938, 2484516.970700067467988 ], [ 2252716.179261966142803, 2484500.792248954996467 ], [ 2252716.179261966142803, 2484484.613797842524946 ], [ 2252716.179261966142803, 2484468.435683830175549 ], [ 2252732.358145697973669, 2484452.257232717704028 ], [ 2252732.358145697973669, 2484436.078781605232507 ], [ 2252732.358145697973669, 2484419.900330492760986 ], [ 2252732.358145697973669, 2484403.722216480411589 ], [ 2252748.537029430270195, 2484403.722216480411589 ], [ 2252748.537029430270195, 2484387.543765367940068 ], [ 2252764.71591316210106, 2484371.365314255468547 ], [ 2252764.71591316210106, 2484355.186863142531365 ], [ 2252780.895134003367275, 2484339.008749130647629 ], [ 2252780.895134003367275, 2484322.830298017710447 ], [ 2252764.71591316210106, 2484322.830298017710447 ], [ 2252764.71591316210106, 2484306.651846905238926 ], [ 2252764.71591316210106, 2484290.473732892889529 ], [ 2252764.71591316210106, 2484274.295281780418009 ], [ 2252764.71591316210106, 2484258.116830667946488 ], [ 2252764.71591316210106, 2484241.938379555474967 ], [ 2252764.71591316210106, 2484225.76026554312557 ], [ 2252780.895134003367275, 2484225.76026554312557 ], [ 2252797.07401773519814, 2484193.403363318182528 ], [ 2252797.07401773519814, 2484177.224912205711007 ], [ 2252813.252901467494667, 2484161.04679819336161 ], [ 2252813.252901467494667, 2484144.868347080890089 ], [ 2252829.431785199325532, 2484144.868347080890089 ], [ 2252829.431785199325532, 2484128.689895968418568 ], [ 2252845.610668931156397, 2484128.689895968418568 ], [ 2252845.610668931156397, 2484112.511444855947047 ], [ 2252861.789889772422612, 2484096.333330843597651 ], [ 2252877.968773504253477, 2484096.333330843597651 ], [ 2252894.147657236550003, 2484080.15487973112613 ], [ 2252910.326540968380868, 2484080.15487973112613 ], [ 2252926.505424700211734, 2484063.976428618654609 ], [ 2252942.684645541477948, 2484063.976428618654609 ], [ 2252958.863529273308814, 2484047.798314606305212 ], [ 2252975.04241300560534, 2484031.619863493833691 ], [ 2252991.221296737436205, 2484031.619863493833691 ], [ 2253007.40018046926707, 2484015.44141238136217 ], [ 2253023.579064201097935, 2484015.44141238136217 ], [ 2253039.75828504236415, 2484015.44141238136217 ], [ 2253039.75828504236415, 2483999.262961268890649 ], [ 2253055.937168774660677, 2483999.262961268890649 ], [ 2253055.937168774660677, 2483983.084847256541252 ], [ 2253072.116052506491542, 2483983.084847256541252 ], [ 2253088.294936238322407, 2483966.906396144069731 ], [ 2253104.473819970618933, 2483950.72794503159821 ], [ 2253120.653040811419487, 2483934.549493918661028 ], [ 2253120.653040811419487, 2483918.371379906777292 ], [ 2253120.653040811419487, 2483902.19292879384011 ], [ 2253153.010808275546879, 2483869.836363669019192 ], [ 2253185.36857573967427, 2483805.122896319255233 ], [ 2253185.36857573967427, 2483788.944445206783712 ], [ 2253201.547796580474824, 2483756.58754298184067 ], [ 2253217.72668031277135, 2483740.409428969491273 ], [ 2253217.72668031277135, 2483724.230977857019752 ], [ 2253217.72668031277135, 2483708.052526744548231 ], [ 2253233.905564044602215, 2483675.695961619727314 ], [ 2253233.905564044602215, 2483627.160945382434875 ], [ 2253250.08444777643308, 2483578.625592045020312 ], [ 2253250.08444777643308, 2483562.447478032670915 ], [ 2253266.263331508729607, 2483546.269026920199394 ], [ 2253266.263331508729607, 2483530.090575807727873 ], [ 2253282.442215240560472, 2483513.912124694790691 ], [ 2253298.621436081826687, 2483513.912124694790691 ], [ 2253298.621436081826687, 2483497.734010682906955 ], [ 2253330.979203545488417, 2483481.555559569969773 ], [ 2253363.336971009615809, 2483465.377108457498252 ], [ 2253379.516191850882024, 2483449.198657345026731 ], [ 2253411.873959314543754, 2483433.020543332677335 ], [ 2253428.05284304684028, 2483433.020543332677335 ], [ 2253444.231726778671145, 2483416.842092220205814 ], [ 2253460.41094761993736, 2483416.842092220205814 ], [ 2253476.589831351768225, 2483416.842092220205814 ], [ 2253508.947598815895617, 2483416.842092220205814 ], [ 2253525.126482547726482, 2483416.842092220205814 ], [ 2253541.305366279557347, 2483400.663641107734293 ], [ 2253557.484587120823562, 2483400.663641107734293 ], [ 2253573.663470853120089, 2483400.663641107734293 ], [ 2253589.842354584950954, 2483384.485527095384896 ], [ 2253589.842354584950954, 2483368.307075982913375 ], [ 2253622.200122048612684, 2483335.950173757970333 ], [ 2253622.200122048612684, 2483319.772059745620936 ], [ 2253686.915994085837156, 2483255.058592395856977 ], [ 2253703.094877817668021, 2483238.880141283385456 ], [ 2253735.452982391230762, 2483190.345125046093017 ], [ 2253767.810749854892492, 2483157.988222821149975 ], [ 2253783.989633586723357, 2483141.810108808800578 ], [ 2253800.168517319019884, 2483141.810108808800578 ], [ 2253800.168517319019884, 2483125.631657696329057 ], [ 2253816.347738160286099, 2483125.631657696329057 ], [ 2253832.526621892116964, 2483125.631657696329057 ], [ 2253848.705505623947829, 2483109.453206583857536 ], [ 2253881.063273088075221, 2483093.274755470920354 ], [ 2253913.421377661172301, 2483077.096641459036618 ], [ 2253961.958028857130557, 2483060.918190346099436 ], [ 2254010.495017162058502, 2483044.739739233627915 ], [ 2254026.673900894355029, 2483028.561288121156394 ], [ 2254059.031668358016759, 2483028.561288121156394 ], [ 2254075.210889199282974, 2483028.561288121156394 ], [ 2254091.389772931113839, 2483044.739739233627915 ], [ 2254107.568656663410366, 2483044.739739233627915 ], [ 2254123.747540395241231, 2483044.739739233627915 ], [ 2254123.747540395241231, 2483028.561288121156394 ], [ 2254139.926424127072096, 2483028.561288121156394 ], [ 2254172.284528700169176, 2483028.561288121156394 ], [ 2254188.463412432465702, 2483028.561288121156394 ], [ 2254204.642296164296567, 2483012.383174108806998 ], [ 2254220.821179896127433, 2483012.383174108806998 ], [ 2254237.000063628423959, 2483012.383174108806998 ], [ 2254237.000063628423959, 2483028.561288121156394 ], [ 2254253.179284469224513, 2483028.561288121156394 ], [ 2254301.715935665182769, 2483012.383174108806998 ], [ 2254317.894819397479296, 2483012.383174108806998 ], [ 2254334.074040238745511, 2482996.204722996335477 ], [ 2254350.252923970576376, 2482996.204722996335477 ], [ 2254350.252923970576376, 2482980.026271883863956 ], [ 2254366.431807702407241, 2482980.026271883863956 ], [ 2254382.610691434238106, 2482980.026271883863956 ], [ 2254398.789575166534632, 2482963.848157871514559 ], [ 2254414.968796007800847, 2482963.848157871514559 ], [ 2254431.147679739631712, 2482963.848157871514559 ], [ 2254447.326563471462578, 2482963.848157871514559 ], [ 2254447.326563471462578, 2482947.669706759043038 ], [ 2254560.579086704645306, 2482947.669706759043038 ], [ 2254592.937191277742386, 2482947.669706759043038 ], [ 2254609.116075009573251, 2482947.669706759043038 ], [ 2254625.294958741869777, 2482931.491255646571517 ], [ 2254641.473842473700643, 2482931.491255646571517 ], [ 2254657.652726205531508, 2482931.491255646571517 ], [ 2254673.831947046797723, 2482915.312804534099996 ], [ 2254673.831947046797723, 2482899.134690521750599 ], [ 2254690.010830778628588, 2482899.134690521750599 ], [ 2254690.010830778628588, 2482882.956239409279078 ], [ 2254706.189714510925114, 2482850.599337184336036 ], [ 2254706.189714510925114, 2482834.421223171986639 ], [ 2254722.368598242755979, 2482818.242772059515119 ], [ 2254722.368598242755979, 2482802.064320947043598 ], [ 2254738.547481974586844, 2482802.064320947043598 ], [ 2254754.72636570641771, 2482785.885869834572077 ], [ 2254770.905586547683924, 2482769.70775582222268 ], [ 2254803.263354011811316, 2482753.529304709751159 ], [ 2254819.442237743642181, 2482737.350853597279638 ], [ 2254835.621121475473046, 2482737.350853597279638 ], [ 2254835.621121475473046, 2482721.172739584930241 ], [ 2254851.800342316739261, 2482704.99428847245872 ], [ 2254900.336993512697518, 2482656.459272235166281 ], [ 2254900.336993512697518, 2482640.280821122229099 ], [ 2254916.515877244994044, 2482624.102370009757578 ], [ 2254932.695098085794598, 2482624.102370009757578 ], [ 2254932.695098085794598, 2482607.923918897286057 ], [ 2254948.873981818091124, 2482607.923918897286057 ], [ 2254948.873981818091124, 2482591.745804884936661 ], [ 2254965.052865549921989, 2482575.56735377246514 ], [ 2254965.052865549921989, 2482559.388902659993619 ] ] } },
{ "type": "Feature", "properties": { }, "geometry": { "type": "LineString", "coordinates": [ [ 2254965.052865549921989, 2482559.388902659993619 ], [ 2254965.052865549921989, 2482543.210788647644222 ], [ 2254965.052865549921989, 2482527.032337535172701 ], [ 2254965.052865549921989, 2482510.85388642270118 ], [ 2254965.052865549921989, 2482478.497321297880262 ], [ 2254965.052865549921989, 2482446.14041907293722 ], [ 2254981.231749281752855, 2482429.961967960465699 ], [ 2254965.052865549921989, 2482429.961967960465699 ], [ 2254965.052865549921989, 2482413.783853948116302 ], [ 2254965.052865549921989, 2482397.605402835644782 ], [ 2254948.873981818091124, 2482397.605402835644782 ], [ 2254948.873981818091124, 2482365.24850061070174 ], [ 2254948.873981818091124, 2482349.070386598352343 ], [ 2254948.873981818091124, 2482332.891935485880822 ], [ 2254932.695098085794598, 2482316.713484373409301 ], [ 2254932.695098085794598, 2482300.535370361059904 ], [ 2254932.695098085794598, 2482284.356919248588383 ], [ 2254948.873981818091124, 2482252.00001702317968 ], [ 2254948.873981818091124, 2482219.643451898358762 ], [ 2254948.873981818091124, 2482203.465000785887241 ], [ 2254965.052865549921989, 2482187.28654967341572 ], [ 2254965.052865549921989, 2482171.108435661066324 ], [ 2254965.052865549921989, 2482154.929984548594803 ], [ 2254965.052865549921989, 2482138.751533436123282 ], [ 2254965.052865549921989, 2482122.573082323651761 ], [ 2254965.052865549921989, 2482106.394968311302364 ], [ 2254981.231749281752855, 2482106.394968311302364 ], [ 2254981.231749281752855, 2482090.216517198830843 ], [ 2254997.410633014049381, 2482090.216517198830843 ], [ 2254997.410633014049381, 2482074.038066086359322 ], [ 2255013.589516745880246, 2482074.038066086359322 ], [ 2255029.768737587146461, 2482057.859952074009925 ], [ 2255045.947621318977326, 2482041.681500961538404 ], [ 2255045.947621318977326, 2482025.503049849066883 ], [ 2255062.126505050808191, 2482009.324598736595362 ], [ 2255062.126505050808191, 2481976.968033611774445 ], [ 2255078.305388783104718, 2481912.254566262010485 ], [ 2255078.305388783104718, 2481863.719550024718046 ], [ 2255094.484272514935583, 2481815.184533787425607 ], [ 2255094.484272514935583, 2481799.006082674954087 ], [ 2255094.484272514935583, 2481782.827631562016904 ], [ 2255078.305388783104718, 2481750.471066437195987 ], [ 2255078.305388783104718, 2481734.292615324724466 ], [ 2255078.305388783104718, 2481718.114164212252945 ], [ 2255094.484272514935583, 2481701.935713099781424 ], [ 2255094.484272514935583, 2481685.757599087432027 ], [ 2255094.484272514935583, 2481669.579147974960506 ], [ 2255094.484272514935583, 2481653.400696862488985 ], [ 2255110.663493356201798, 2481621.044131737668067 ], [ 2255110.663493356201798, 2481604.865680625196546 ], [ 2255126.842377088032663, 2481588.687229512725025 ], [ 2255126.842377088032663, 2481572.509115500375628 ], [ 2255143.021260819863528, 2481572.509115500375628 ], [ 2255143.021260819863528, 2481556.330664387904108 ], [ 2255159.200144552160054, 2481540.152213275432587 ], [ 2255175.37902828399092, 2481540.152213275432587 ], [ 2255175.37902828399092, 2481523.973762162961066 ], [ 2255191.557912015821785, 2481507.795648150611669 ], [ 2255191.557912015821785, 2481491.617197038140148 ], [ 2255207.737132857088, 2481475.438745925668627 ], [ 2255223.916016588918865, 2481410.725278575904667 ], [ 2255240.094900321215391, 2481394.54716456355527 ], [ 2255240.094900321215391, 2481378.36871345108375 ], [ 2255256.273784053046256, 2481346.011811225675046 ], [ 2255256.273784053046256, 2481329.833697213325649 ], [ 2255272.452667784877121, 2481329.833697213325649 ], [ 2255272.452667784877121, 2481313.655246100854129 ], [ 2255272.452667784877121, 2481297.476794988382608 ], [ 2255272.452667784877121, 2481281.298343875911087 ], [ 2255288.631888626143336, 2481248.941778751090169 ], [ 2255288.631888626143336, 2481232.763327638618648 ], [ 2255272.452667784877121, 2481232.763327638618648 ], [ 2255272.452667784877121, 2481216.585213626269251 ], [ 2255256.273784053046256, 2481200.40676251379773 ], [ 2255256.273784053046256, 2481184.228311401326209 ], [ 2255240.094900321215391, 2481168.049860288854688 ], [ 2255240.094900321215391, 2481151.871746276505291 ], [ 2255240.094900321215391, 2481135.693295164033771 ], [ 2255240.094900321215391, 2481119.51484405156225 ], [ 2255256.273784053046256, 2481119.51484405156225 ], [ 2255256.273784053046256, 2481103.336392939090729 ], [ 2255272.452667784877121, 2481087.158278926741332 ], [ 2255288.631888626143336, 2481070.979827814269811 ], [ 2255304.810772357974201, 2481054.80137670179829 ], [ 2255320.989656090270728, 2481038.622925589326769 ], [ 2255320.989656090270728, 2481022.444811576977372 ], [ 2255320.989656090270728, 2481006.266360464505851 ], [ 2255320.989656090270728, 2480990.08790935203433 ], [ 2255320.989656090270728, 2480957.731344227213413 ], [ 2255320.989656090270728, 2480941.55289311427623 ], [ 2255320.989656090270728, 2480925.374442001804709 ], [ 2255320.989656090270728, 2480909.196327989455312 ], [ 2255337.168539822101593, 2480893.017876876983792 ], [ 2255337.168539822101593, 2480876.839425764512271 ], [ 2255337.168539822101593, 2480860.66097465204075 ], [ 2255353.347423553932458, 2480844.482860639691353 ], [ 2255353.347423553932458, 2480828.304409527219832 ], [ 2255369.526644395198673, 2480779.769393289927393 ], [ 2255369.526644395198673, 2480763.590942177455872 ], [ 2255385.705528127495199, 2480747.412491064984351 ], [ 2255401.884411859326065, 2480747.412491064984351 ], [ 2255401.884411859326065, 2480731.234377052634954 ], [ 2255418.06329559115693, 2480731.234377052634954 ], [ 2255434.242179322987795, 2480731.234377052634954 ], [ 2255466.600283896550536, 2480731.234377052634954 ], [ 2255498.958051360212266, 2480747.412491064984351 ], [ 2255515.136935092043132, 2480747.412491064984351 ], [ 2255531.315818824339658, 2480747.412491064984351 ], [ 2255547.495039665605873, 2480747.412491064984351 ], [ 2255579.852807129267603, 2480731.234377052634954 ], [ 2255612.210574593394995, 2480731.234377052634954 ], [ 2255628.38979543466121, 2480715.055925940163434 ], [ 2255693.105330362450331, 2480715.055925940163434 ], [ 2255693.105330362450331, 2480698.877474827691913 ], [ 2255709.284214094281197, 2480698.877474827691913 ], [ 2255709.284214094281197, 2480682.699023715220392 ], [ 2255725.463434935547411, 2480650.342458590399474 ], [ 2255741.642318667378277, 2480650.342458590399474 ], [ 2255757.821202399674803, 2480601.807442353107035 ], [ 2255774.000086131505668, 2480601.807442353107035 ], [ 2255774.000086131505668, 2480585.628991240635514 ], [ 2255790.178969863336533, 2480569.450540128163993 ], [ 2255806.358190704602748, 2480553.272426115814596 ], [ 2255854.894841900561005, 2480537.093975003343076 ], [ 2255903.43183020548895, 2480504.737072777934372 ], [ 2255919.610713937785476, 2480488.558958765584975 ], [ 2255935.789597669616342, 2480472.380507653113455 ], [ 2255951.968481401447207, 2480472.380507653113455 ], [ 2255951.968481401447207, 2480456.202056540641934 ], [ 2255968.147365133743733, 2480440.023605428170413 ], [ 2255968.147365133743733, 2480423.845491415821016 ], [ 2255968.147365133743733, 2480407.667040303349495 ], [ 2255984.326585974544287, 2480375.310138078406453 ], [ 2255984.326585974544287, 2480359.132024066057056 ], [ 2255968.147365133743733, 2480326.775121841114014 ], [ 2255968.147365133743733, 2480310.597007828764617 ], [ 2255984.326585974544287, 2480294.418556716293097 ], [ 2255984.326585974544287, 2480278.240105603821576 ], [ 2256000.505469706840813, 2480278.240105603821576 ], [ 2256016.684353438671678, 2480262.061654491350055 ], [ 2256032.863237170502543, 2480262.061654491350055 ], [ 2256032.863237170502543, 2480245.883540479000658 ], [ 2256049.04212090279907, 2480229.705089366529137 ], [ 2256049.04212090279907, 2480213.526638254057616 ], [ 2256049.04212090279907, 2480197.348187141586095 ], [ 2256049.04212090279907, 2480181.170073129236698 ], [ 2256032.863237170502543, 2480164.991622016765177 ], [ 2256032.863237170502543, 2480148.813170904293656 ], [ 2256032.863237170502543, 2480132.635056891944259 ], [ 2256032.863237170502543, 2480116.456605779472739 ], [ 2256049.04212090279907, 2480100.278154666535556 ], [ 2256049.04212090279907, 2480084.099703554064035 ], [ 2256049.04212090279907, 2480067.921589541714638 ], [ 2256049.04212090279907, 2480051.743138429243118 ], [ 2256032.863237170502543, 2480035.564687316771597 ], [ 2256032.863237170502543, 2480019.386236204300076 ], [ 2256032.863237170502543, 2480003.208122191950679 ], [ 2256032.863237170502543, 2479987.029671079479158 ], [ 2256032.863237170502543, 2479970.851219967007637 ], [ 2256032.863237170502543, 2479938.494654842186719 ], [ 2256049.04212090279907, 2479938.494654842186719 ], [ 2256049.04212090279907, 2479922.316203729715198 ], [ 2256049.04212090279907, 2479906.137752617243677 ], [ 2256065.221341743599623, 2479906.137752617243677 ], [ 2256065.221341743599623, 2479889.95963860489428 ], [ 2256065.221341743599623, 2479873.78118749242276 ], [ 2256065.221341743599623, 2479857.602736379951239 ], [ 2256065.221341743599623, 2479841.424285267479718 ], [ 2256081.40022547589615, 2479841.424285267479718 ], [ 2256081.40022547589615, 2479825.246171255130321 ], [ 2256081.40022547589615, 2479809.0677201426588 ], [ 2256097.579109207727015, 2479809.0677201426588 ], [ 2256113.75799293955788, 2479792.889269030187279 ], [ 2256129.936876671854407, 2479776.710817917715758 ], [ 2256146.116097513120621, 2479776.710817917715758 ], [ 2256178.473864976782352, 2479760.532703905366361 ], [ 2256194.652748708613217, 2479760.532703905366361 ], [ 2256210.831632440909743, 2479760.532703905366361 ], [ 2256227.010516172740608, 2479744.35425279289484 ], [ 2256227.010516172740608, 2479728.175801680423319 ], [ 2256243.189737014006823, 2479728.175801680423319 ], [ 2256259.368620745837688, 2479711.997350567486137 ], [ 2256291.72638820996508, 2479728.175801680423319 ], [ 2256291.72638820996508, 2479711.997350567486137 ], [ 2256307.905271941795945, 2479711.997350567486137 ], [ 2256324.08449278306216, 2479695.819236555602401 ], [ 2256324.08449278306216, 2479679.640785442665219 ], [ 2256324.08449278306216, 2479663.462334330193698 ], [ 2256324.08449278306216, 2479647.284220318309963 ], [ 2256324.08449278306216, 2479631.105769205372781 ], [ 2256340.263376514893025, 2479631.105769205372781 ], [ 2256340.263376514893025, 2479614.92731809290126 ], [ 2256340.263376514893025, 2479598.748866980429739 ], [ 2256324.08449278306216, 2479582.570752968080342 ], [ 2256307.905271941795945, 2479566.392301855608821 ], [ 2256307.905271941795945, 2479550.2138507431373 ], [ 2256291.72638820996508, 2479534.035399630665779 ], [ 2256291.72638820996508, 2479501.678834505844861 ], [ 2256291.72638820996508, 2479485.50038339337334 ], [ 2256291.72638820996508, 2479469.322269381023943 ], [ 2256291.72638820996508, 2479436.965367156080902 ], [ 2256291.72638820996508, 2479420.786916043609381 ], [ 2256291.72638820996508, 2479404.608802031259984 ], [ 2256307.905271941795945, 2479356.073448693845421 ], [ 2256307.905271941795945, 2479339.895334681496024 ], [ 2256291.72638820996508, 2479323.716883569024503 ], [ 2256291.72638820996508, 2479307.538432456552982 ], [ 2256291.72638820996508, 2479291.3599813436158 ], [ 2256291.72638820996508, 2479275.181867331732064 ], [ 2256291.72638820996508, 2479259.003416218794882 ], [ 2256291.72638820996508, 2479242.824965106323361 ], [ 2256307.905271941795945, 2479242.824965106323361 ], [ 2256307.905271941795945, 2479226.646851094439626 ], [ 2256324.08449278306216, 2479194.289948869030923 ], [ 2256340.263376514893025, 2479178.111497756559402 ], [ 2256340.263376514893025, 2479161.933383744210005 ], [ 2256356.44226024672389, 2479161.933383744210005 ], [ 2256356.44226024672389, 2479145.754932631738484 ], [ 2256372.621143979020417, 2479129.576481519266963 ], [ 2256372.621143979020417, 2479113.398030406795442 ], [ 2256388.800027710851282, 2479113.398030406795442 ], [ 2256421.158132283948362, 2479097.219916394446045 ], [ 2256469.694783479906619, 2479113.398030406795442 ], [ 2256534.41065551713109, 2479097.219916394446045 ], [ 2256566.76842298079282, 2479081.041465281974524 ], [ 2256599.126527554355562, 2479048.684563057031482 ], [ 2256631.484295018017292, 2479032.506449044682086 ], [ 2256647.663178750313818, 2479016.327997932210565 ], [ 2256680.021283323410898, 2478983.971432807389647 ], [ 2256696.200167055241764, 2478951.614530582446605 ], [ 2256696.200167055241764, 2478935.436079469975084 ], [ 2256696.200167055241764, 2478886.901063232682645 ], [ 2256712.379050787072629, 2478822.187595882453024 ], [ 2256712.379050787072629, 2478789.831030757632107 ], [ 2256712.379050787072629, 2478773.652579645160586 ], [ 2256712.379050787072629, 2478757.474128532689065 ], [ 2256728.557934519369155, 2478741.296014520339668 ], [ 2256744.73681825120002, 2478708.939112295396626 ], [ 2256760.916039092466235, 2478692.760661182925105 ], [ 2256777.0949228242971, 2478692.760661182925105 ], [ 2256777.0949228242971, 2478676.582547170575708 ], [ 2256793.273806556127965, 2478660.404096058104187 ], [ 2256793.273806556127965, 2478644.225644945632666 ], [ 2256809.452690288424492, 2478611.869079820811749 ], [ 2256825.631574020255357, 2478611.869079820811749 ], [ 2256825.631574020255357, 2478595.690628708340228 ], [ 2256841.810794861521572, 2478579.512177595868707 ], [ 2256841.810794861521572, 2478563.33406358351931 ], [ 2256857.989678593352437, 2478563.33406358351931 ], [ 2256874.168562325183302, 2478547.155612471047789 ], [ 2256906.526329789310694, 2478514.798710246104747 ], [ 2256922.705213521141559, 2478514.798710246104747 ], [ 2256922.705213521141559, 2478498.62059623375535 ], [ 2256922.705213521141559, 2478482.442145121283829 ], [ 2256922.705213521141559, 2478466.263694008812308 ], [ 2256922.705213521141559, 2478450.085242896340787 ], [ 2256922.705213521141559, 2478433.90712888399139 ], [ 2256906.526329789310694, 2478433.90712888399139 ], [ 2256906.526329789310694, 2478417.72867777151987 ], [ 2256906.526329789310694, 2478401.550226658582687 ], [ 2256922.705213521141559, 2478401.550226658582687 ], [ 2256922.705213521141559, 2478385.371775546111166 ], [ 2256922.705213521141559, 2478369.19366153376177 ], [ 2256922.705213521141559, 2478353.015210421290249 ], [ 2256938.884434362407774, 2478353.015210421290249 ], [ 2256938.884434362407774, 2478336.836759308818728 ], [ 2256938.884434362407774, 2478320.658645296469331 ], [ 2256922.705213521141559, 2478304.48019418399781 ], [ 2256938.884434362407774, 2478304.48019418399781 ], [ 2256938.884434362407774, 2478288.301743071526289 ], [ 2256955.063318094238639, 2478255.945177946705371 ], [ 2256971.242201826535165, 2478239.76672683423385 ], [ 2257003.599969290196896, 2478207.409824609290808 ], [ 2257019.77919013146311, 2478191.231710596941411 ], [ 2257035.958073863293976, 2478191.231710596941411 ], [ 2257035.958073863293976, 2478175.053259484469891 ], [ 2257052.136957595590502, 2478175.053259484469891 ], [ 2257068.315841327421367, 2478142.696694359648973 ], [ 2257068.315841327421367, 2478126.518243247177452 ], [ 2257084.494725059252232, 2478110.339792134705931 ], [ 2257100.673945900518447, 2478110.339792134705931 ], [ 2257116.852829632349312, 2478094.16134102223441 ], [ 2257133.031713364645839, 2478094.16134102223441 ], [ 2257149.210597096476704, 2478094.16134102223441 ], [ 2257149.210597096476704, 2478077.983227009885013 ], [ 2257165.389480828307569, 2478077.983227009885013 ], [ 2257165.389480828307569, 2478061.804775897413492 ], [ 2257181.568364560604095, 2478061.804775897413492 ], [ 2257213.926469133701175, 2478061.804775897413492 ], [ 2257230.105352865532041, 2478045.626324784941971 ], [ 2257246.284236597362906, 2478045.626324784941971 ], [ 2257262.463120329659432, 2478029.44787367247045 ], [ 2257311.000108634587377, 2477997.091308547649533 ], [ 2257311.000108634587377, 2477980.91285743471235 ], [ 2257343.357876098714769, 2477980.91285743471235 ], [ 2257343.357876098714769, 2477964.734406322240829 ], [ 2257359.537096939980984, 2477948.556292309891433 ], [ 2257375.715980671811849, 2477948.556292309891433 ], [ 2257375.715980671811849, 2477932.377841197419912 ], [ 2257375.715980671811849, 2477916.199390084948391 ], [ 2257391.894864403642714, 2477916.199390084948391 ], [ 2257391.894864403642714, 2477900.021276072598994 ], [ 2257408.07374813593924, 2477900.021276072598994 ], [ 2257408.07374813593924, 2477883.842824960127473 ], [ 2257424.252631867770106, 2477883.842824960127473 ], [ 2257456.610736440867186, 2477835.307808722835034 ], [ 2257488.968503904994577, 2477770.594341373071074 ], [ 2257505.147387636825442, 2477770.594341373071074 ], [ 2257505.147387636825442, 2477754.415890260599554 ], [ 2257505.147387636825442, 2477738.237439148128033 ], [ 2257521.326271368656307, 2477738.237439148128033 ], [ 2257537.505492209922522, 2477738.237439148128033 ], [ 2257553.684375941753387, 2477722.058988035656512 ], [ 2257553.684375941753387, 2477705.880874023307115 ], [ 2257569.863259674049914, 2477689.702422910835594 ], [ 2257569.863259674049914, 2477673.523971798364073 ], [ 2257586.042143405880779, 2477657.345857786014676 ], [ 2257602.221027137711644, 2477641.167406673543155 ], [ 2257618.400247978977859, 2477641.167406673543155 ], [ 2257618.400247978977859, 2477624.988955561071634 ], [ 2257634.579131710808724, 2477624.988955561071634 ], [ 2257634.579131710808724, 2477608.810504448600113 ], [ 2257650.758015443105251, 2477592.632390436250716 ], [ 2257650.758015443105251, 2477576.453939323779196 ], [ 2257666.936899174936116, 2477544.097037098370492 ], [ 2257666.936899174936116, 2477527.918923086021096 ], [ 2257666.936899174936116, 2477511.740471973549575 ], [ 2257683.115782906766981, 2477511.740471973549575 ], [ 2257683.115782906766981, 2477495.562020861078054 ], [ 2257699.294666639063507, 2477495.562020861078054 ], [ 2257715.473887479864061, 2477495.562020861078054 ], [ 2257731.652771212160587, 2477495.562020861078054 ], [ 2257747.831654943991452, 2477495.562020861078054 ], [ 2257764.010538675822318, 2477495.562020861078054 ], [ 2257780.189422408118844, 2477495.562020861078054 ], [ 2257796.368643248919398, 2477511.740471973549575 ], [ 2257812.547526981215924, 2477495.562020861078054 ], [ 2257828.726410713046789, 2477495.562020861078054 ], [ 2257828.726410713046789, 2477479.383906848728657 ], [ 2257844.905294444877654, 2477495.562020861078054 ], [ 2257861.084178177174181, 2477495.562020861078054 ], [ 2257861.084178177174181, 2477479.383906848728657 ], [ 2257861.084178177174181, 2477463.205455736257136 ], [ 2257877.263399017974734, 2477463.205455736257136 ], [ 2257893.442282750271261, 2477463.205455736257136 ], [ 2257893.442282750271261, 2477447.027004623785615 ], [ 2257909.621166482102126, 2477447.027004623785615 ], [ 2257909.621166482102126, 2477430.848553511314094 ], [ 2257925.800050213932991, 2477414.670439498964697 ], [ 2257925.800050213932991, 2477398.491988386493176 ], [ 2257941.978933946229517, 2477398.491988386493176 ], [ 2257974.337038519326597, 2477398.491988386493176 ], [ 2257990.515922251157463, 2477398.491988386493176 ], [ 2258022.873689715284854, 2477398.491988386493176 ], [ 2258039.052573447115719, 2477398.491988386493176 ], [ 2258055.231794288381934, 2477414.670439498964697 ], [ 2258055.231794288381934, 2477430.848553511314094 ], [ 2258071.410678020212799, 2477430.848553511314094 ], [ 2258087.589561752043664, 2477430.848553511314094 ], [ 2258119.947329216171056, 2477430.848553511314094 ], [ 2258136.126212948001921, 2477430.848553511314094 ], [ 2258152.305433789268136, 2477430.848553511314094 ], [ 2258168.484317521564662, 2477430.848553511314094 ], [ 2258184.663201253395528, 2477430.848553511314094 ], [ 2258217.020968717057258, 2477414.670439498964697 ], [ 2258233.200189558323473, 2477414.670439498964697 ], [ 2258233.200189558323473, 2477398.491988386493176 ], [ 2258265.557957022450864, 2477382.313537274021655 ], [ 2258281.736840754281729, 2477382.313537274021655 ], [ 2258281.736840754281729, 2477366.135086161550134 ], [ 2258297.915724486112595, 2477366.135086161550134 ], [ 2258314.094945327378809, 2477333.778521036729217 ], [ 2258330.273829059675336, 2477317.600069924257696 ], [ 2258346.452712791506201, 2477317.600069924257696 ], [ 2258346.452712791506201, 2477301.421618811786175 ], [ 2258362.631596523337066, 2477285.243504799436778 ], [ 2258378.810480255167931, 2477269.065053686965257 ], [ 2258378.810480255167931, 2477252.886602574493736 ], [ 2258394.989363987464458, 2477236.708488562144339 ], [ 2258394.989363987464458, 2477220.530037449672818 ], [ 2258411.168584828730673, 2477204.351586337201297 ], [ 2258427.347468560561538, 2477204.351586337201297 ], [ 2258443.526352292392403, 2477204.351586337201297 ], [ 2258459.705236024688929, 2477204.351586337201297 ], [ 2258475.884119756519794, 2477204.351586337201297 ], [ 2258492.063340597786009, 2477204.351586337201297 ], [ 2258492.063340597786009, 2477188.173135224729776 ], [ 2258508.242224329616874, 2477171.995021212380379 ], [ 2258524.42110806144774, 2477171.995021212380379 ], [ 2258540.599991793744266, 2477155.816570099908859 ], [ 2258556.778875525575131, 2477139.638118986971676 ], [ 2258572.958096366841346, 2477123.459667874500155 ], [ 2258572.958096366841346, 2477107.281553862150759 ], [ 2258589.136980098672211, 2477091.103102749679238 ], [ 2258605.315863830503076, 2477091.103102749679238 ], [ 2258605.315863830503076, 2477074.924651637207717 ], [ 2258621.494747562799603, 2477074.924651637207717 ], [ 2258637.673631294630468, 2477058.746200524736196 ], [ 2258637.673631294630468, 2477042.568086512386799 ], [ 2258653.852515026461333, 2477010.211184287443757 ], [ 2258653.852515026461333, 2476994.03307027509436 ], [ 2258670.031735867727548, 2476977.854619162622839 ], [ 2258686.210619599558413, 2476961.676168050151318 ], [ 2258702.389503331854939, 2476945.497716937679797 ], [ 2258718.568387063685805, 2476929.3196029253304 ], [ 2258734.74727079551667, 2476896.962700700387359 ], [ 2258750.926491636782885, 2476880.784249587915838 ], [ 2258767.10537536861375, 2476880.784249587915838 ], [ 2258767.10537536861375, 2476864.606135575566441 ], [ 2258783.284259100910276, 2476864.606135575566441 ], [ 2258815.642026564572006, 2476848.42768446309492 ], [ 2258880.357898601796478, 2476848.42768446309492 ], [ 2259009.789642676245421, 2476816.071119338274002 ], [ 2259074.505177604034543, 2476783.71421711333096 ], [ 2259106.863282177131623, 2476751.357651988510042 ], [ 2259123.042165908962488, 2476751.357651988510042 ], [ 2259155.39993337308988, 2476735.179200876038522 ], [ 2259171.578817104920745, 2476735.179200876038522 ], [ 2259203.936921678017825, 2476702.822298650629818 ], [ 2259220.115805410314351, 2476670.465733525808901 ], [ 2259236.294689142145216, 2476670.465733525808901 ], [ 2259236.294689142145216, 2476654.28728241333738 ], [ 2259252.473572873976082, 2476621.930717288516462 ], [ 2259252.473572873976082, 2476605.752266176044941 ], [ 2259268.652793715242296, 2476605.752266176044941 ], [ 2259268.652793715242296, 2476589.57381506357342 ], [ 2259284.831677447073162, 2476589.57381506357342 ], [ 2259284.831677447073162, 2476573.395701051224023 ], [ 2259301.010561179369688, 2476573.395701051224023 ], [ 2259317.189444911200553, 2476557.217249938752502 ], [ 2259333.368328643031418, 2476557.217249938752502 ], [ 2259333.368328643031418, 2476541.038798826280981 ], [ 2259349.547549484297633, 2476541.038798826280981 ], [ 2259349.547549484297633, 2476524.86034771380946 ], [ 2259365.726433216128498, 2476508.682233701460063 ], [ 2259381.905316948425025, 2476508.682233701460063 ], [ 2259398.08420068025589, 2476508.682233701460063 ], [ 2259446.621188985183835, 2476524.86034771380946 ], [ 2259462.800072717480361, 2476524.86034771380946 ], [ 2259478.978956449311227, 2476508.682233701460063 ], [ 2259495.157840181142092, 2476508.682233701460063 ], [ 2259511.336723913438618, 2476508.682233701460063 ], [ 2259576.052595950197428, 2476508.682233701460063 ], [ 2259624.589584255591035, 2476492.503782588988543 ], [ 2259656.947351719252765, 2476476.325331476517022 ], [ 2259656.947351719252765, 2476460.146880364045501 ], [ 2259656.947351719252765, 2476411.611864126753062 ], [ 2259673.126235451549292, 2476395.433413014281541 ], [ 2259721.663223756477237, 2476379.255299001932144 ], [ 2259786.379095793701708, 2476314.541831652168185 ], [ 2259818.736863257363439, 2476314.541831652168185 ], [ 2259867.273514453321695, 2476314.541831652168185 ], [ 2259883.45273529458791, 2476314.541831652168185 ], [ 2259899.631619026418775, 2476314.541831652168185 ], [ 2259899.631619026418775, 2476298.363380539231002 ], [ 2259915.810502758715302, 2476298.363380539231002 ], [ 2259931.989386490546167, 2476298.363380539231002 ], [ 2259948.168270222377032, 2476298.363380539231002 ], [ 2259948.168270222377032, 2476282.184929426759481 ], [ 2259964.347491063643247, 2476282.184929426759481 ], [ 2259964.347491063643247, 2476266.006815414875746 ], [ 2259980.526374795939773, 2476249.828364301938564 ], [ 2259996.705258527770638, 2476249.828364301938564 ], [ 2260012.884142259601504, 2476249.828364301938564 ], [ 2260029.063025991432369, 2476249.828364301938564 ], [ 2260045.242246832698584, 2476249.828364301938564 ], [ 2260061.42113056499511, 2476249.828364301938564 ], [ 2260077.600014296825975, 2476249.828364301938564 ], [ 2260093.77889802865684, 2476266.006815414875746 ], [ 2260109.957781760487705, 2476266.006815414875746 ], [ 2260109.957781760487705, 2476249.828364301938564 ], [ 2260126.136665492784232, 2476249.828364301938564 ], [ 2260142.315886334050447, 2476249.828364301938564 ], [ 2260142.315886334050447, 2476233.649913189467043 ], [ 2260158.494770065881312, 2476233.649913189467043 ], [ 2260174.673653797712177, 2476217.471462076995522 ], [ 2260190.852537529543042, 2476217.471462076995522 ], [ 2260207.031421261839569, 2476217.471462076995522 ], [ 2260223.210642103105783, 2476201.293348064646125 ], [ 2260239.389525834936649, 2476201.293348064646125 ], [ 2260271.74729329906404, 2476201.293348064646125 ], [ 2260287.926177030894905, 2476201.293348064646125 ], [ 2260304.10539787216112, 2476201.293348064646125 ], [ 2260320.284281603991985, 2476201.293348064646125 ], [ 2260336.46316533582285, 2476185.114896952174604 ], [ 2260352.642049068119377, 2476168.936445839703083 ], [ 2260384.999816531781107, 2476152.758331827353686 ], [ 2260401.179037373047322, 2476136.579880714882165 ], [ 2260433.536804837174714, 2476104.222978489939123 ], [ 2260433.536804837174714, 2476088.044864477589726 ], [ 2260449.715688569005579, 2476088.044864477589726 ], [ 2260465.894572300836444, 2476071.866413365118206 ], [ 2260465.894572300836444, 2476055.687962252646685 ], [ 2260482.073793142102659, 2476039.509511140175164 ], [ 2260498.252676873933524, 2476039.509511140175164 ], [ 2260514.43156060623005, 2476039.509511140175164 ], [ 2260530.610444338060915, 2476039.509511140175164 ], [ 2260546.789328069891781, 2476039.509511140175164 ], [ 2260562.968548911157995, 2476039.509511140175164 ], [ 2260579.147432642988861, 2476055.687962252646685 ], [ 2260595.326316375285387, 2476055.687962252646685 ], [ 2260643.862967571243644, 2476071.866413365118206 ], [ 2260660.042188412044197, 2476088.044864477589726 ], [ 2260676.221072144340724, 2476088.044864477589726 ], [ 2260708.578839608002454, 2476088.044864477589726 ], [ 2260740.936944181565195, 2476088.044864477589726 ], [ 2260757.11582791339606, 2476071.866413365118206 ], [ 2260773.294711645226926, 2476071.866413365118206 ], [ 2260773.294711645226926, 2476055.687962252646685 ], [ 2260773.294711645226926, 2476039.509511140175164 ], [ 2260773.294711645226926, 2476023.331397127825767 ], [ 2260773.294711645226926, 2476007.152946015354246 ], [ 2260757.11582791339606, 2476007.152946015354246 ], [ 2260757.11582791339606, 2475990.974494902882725 ], [ 2260740.936944181565195, 2475990.974494902882725 ], [ 2260740.936944181565195, 2475974.796043790411204 ], [ 2260740.936944181565195, 2475958.617929778061807 ], [ 2260757.11582791339606, 2475942.439478665590286 ], [ 2260773.294711645226926, 2475926.261027553118765 ], [ 2260789.473595377057791, 2475926.261027553118765 ], [ 2260805.652479109354317, 2475926.261027553118765 ], [ 2260821.831699950620532, 2475926.261027553118765 ], [ 2260838.010583682451397, 2475910.082913540769368 ], [ 2260870.368351146113127, 2475910.082913540769368 ], [ 2260886.547234878409654, 2475893.904462428297848 ], [ 2260886.547234878409654, 2475877.726011315826327 ], [ 2260886.547234878409654, 2475861.547560202889144 ], [ 2260902.726118610240519, 2475861.547560202889144 ], [ 2260902.726118610240519, 2475845.369446191005409 ], [ 2260918.905339451506734, 2475845.369446191005409 ], [ 2260918.905339451506734, 2475829.190995078068227 ], [ 2260935.084223183337599, 2475813.012543965596706 ], [ 2260951.263106915168464, 2475813.012543965596706 ], [ 2260967.441990647464991, 2475796.834092853125185 ], [ 2260967.441990647464991, 2475780.655978840775788 ], [ 2260999.800095220562071, 2475764.477527728304267 ], [ 2261015.978978952392936, 2475748.299076615832746 ], [ 2261032.157862684689462, 2475732.120625503361225 ], [ 2261032.157862684689462, 2475715.942511491011828 ], [ 2261048.336746416520327, 2475715.942511491011828 ], [ 2261064.515630148351192, 2475699.764060378540307 ], [ 2261064.515630148351192, 2475683.585609266068786 ], [ 2261080.694513880182058, 2475667.407495253719389 ], [ 2261113.052618453744799, 2475635.050593028776348 ], [ 2261113.052618453744799, 2475618.872141916304827 ], [ 2261129.231502185575664, 2475618.872141916304827 ], [ 2261145.410385917406529, 2475618.872141916304827 ], [ 2261161.589269649237394, 2475618.872141916304827 ], [ 2261177.768490490503609, 2475602.69402790395543 ], [ 2261226.305141686461866, 2475554.158674566540867 ], [ 2261242.484025418758392, 2475554.158674566540867 ], [ 2261258.663246259558946, 2475537.98056055419147 ], [ 2261258.663246259558946, 2475521.802109441719949 ], [ 2261274.842129991855472, 2475521.802109441719949 ], [ 2261258.663246259558946, 2475521.802109441719949 ], [ 2261258.663246259558946, 2475505.623658329248428 ], [ 2261258.663246259558946, 2475489.445544316899031 ], [ 2261242.484025418758392, 2475489.445544316899031 ], [ 2261242.484025418758392, 2475473.26709320442751 ], [ 2261258.663246259558946, 2475473.26709320442751 ], [ 2261258.663246259558946, 2475457.08864209195599 ], [ 2261258.663246259558946, 2475440.910190979018807 ], [ 2261274.842129991855472, 2475440.910190979018807 ], [ 2261274.842129991855472, 2475424.732076967135072 ], [ 2261291.021013723686337, 2475424.732076967135072 ], [ 2261291.021013723686337, 2475408.55362585419789 ], [ 2261291.021013723686337, 2475392.375174741726369 ], [ 2261307.199897455517203, 2475392.375174741726369 ], [ 2261323.378781187813729, 2475392.375174741726369 ], [ 2261339.557664919644594, 2475392.375174741726369 ], [ 2261355.736885760910809, 2475392.375174741726369 ], [ 2261371.915769492741674, 2475392.375174741726369 ], [ 2261371.915769492741674, 2475376.196723629254848 ], [ 2261388.094653224572539, 2475376.196723629254848 ], [ 2261404.273536956869066, 2475376.196723629254848 ], [ 2261404.273536956869066, 2475360.018609616905451 ], [ 2261420.452420688699931, 2475360.018609616905451 ], [ 2261436.631641529966146, 2475360.018609616905451 ], [ 2261452.810525261797011, 2475360.018609616905451 ], [ 2261468.989408993627876, 2475343.84015850443393 ], [ 2261485.168292725924402, 2475327.661707391962409 ], [ 2261501.347176457755268, 2475327.661707391962409 ], [ 2261517.526397299021482, 2475311.483256279490888 ], [ 2261533.705281030852348, 2475311.483256279490888 ], [ 2261533.705281030852348, 2475295.305142267141491 ], [ 2261549.884164762683213, 2475295.305142267141491 ], [ 2261549.884164762683213, 2475279.12669115466997 ], [ 2261549.884164762683213, 2475262.948240042198449 ], [ 2261549.884164762683213, 2475246.770126029849052 ], [ 2261549.884164762683213, 2475230.591674917377532 ], [ 2261566.063048494979739, 2475214.413223804906011 ], [ 2261582.241932226810604, 2475198.23477269243449 ], [ 2261598.420815958641469, 2475182.056658680085093 ], [ 2261614.600036799907684, 2475165.878207567613572 ], [ 2261630.778920531738549, 2475149.699756455142051 ], [ 2261646.957804264035076, 2475133.52130534267053 ], [ 2261663.136687995865941, 2475117.343191330321133 ], [ 2261663.136687995865941, 2475101.164740217849612 ], [ 2261663.136687995865941, 2475084.986289105378091 ], [ 2261679.315571727696806, 2475084.986289105378091 ], [ 2261679.315571727696806, 2475068.80783799290657 ], [ 2261711.673676301259547, 2475052.629723980557173 ], [ 2261727.852560033090413, 2475052.629723980557173 ], [ 2261727.852560033090413, 2475036.451272868085653 ], [ 2261744.031443764921278, 2475036.451272868085653 ], [ 2261760.210327496752143, 2475036.451272868085653 ], [ 2261776.389548338018358, 2475036.451272868085653 ], [ 2261776.389548338018358, 2475020.27282175514847 ], [ 2261792.568432070314884, 2475020.27282175514847 ], [ 2261792.568432070314884, 2475004.094707743264735 ], [ 2261808.747315802145749, 2475004.094707743264735 ], [ 2261824.926199533976614, 2475004.094707743264735 ], [ 2261824.926199533976614, 2475020.27282175514847 ], [ 2261841.10508326580748, 2475020.27282175514847 ], [ 2261841.10508326580748, 2475004.094707743264735 ], [ 2261857.283966998104006, 2475004.094707743264735 ], [ 2261857.283966998104006, 2474987.916256630327553 ], [ 2261873.463187839370221, 2474987.916256630327553 ], [ 2261873.463187839370221, 2474971.737805517856032 ], [ 2261873.463187839370221, 2474955.559354405384511 ], [ 2261889.642071571201086, 2474955.559354405384511 ], [ 2261905.820955303031951, 2474955.559354405384511 ], [ 2261921.999839034862816, 2474955.559354405384511 ], [ 2261921.999839034862816, 2474971.737805517856032 ], [ 2261938.178722767159343, 2474971.737805517856032 ], [ 2261938.178722767159343, 2474987.916256630327553 ], [ 2261954.357943608425558, 2474987.916256630327553 ], [ 2261970.536827340256423, 2475004.094707743264735 ], [ 2261986.715711072087288, 2475004.094707743264735 ], [ 2262002.894594804383814, 2475004.094707743264735 ], [ 2262019.073478536214679, 2475004.094707743264735 ], [ 2262019.073478536214679, 2474987.916256630327553 ], [ 2262019.073478536214679, 2474971.737805517856032 ], [ 2262002.894594804383814, 2474971.737805517856032 ], [ 2262002.894594804383814, 2474955.559354405384511 ], [ 2262002.894594804383814, 2474939.381240393035114 ], [ 2262002.894594804383814, 2474923.202789280563593 ], [ 2262002.894594804383814, 2474907.024338168092072 ], [ 2262019.073478536214679, 2474890.845887055620551 ], [ 2262035.252699377480894, 2474890.845887055620551 ], [ 2262051.431583109311759, 2474890.845887055620551 ], [ 2262051.431583109311759, 2474874.667773043271154 ], [ 2262051.431583109311759, 2474890.845887055620551 ], [ 2262051.431583109311759, 2474874.667773043271154 ], [ 2262067.610466841142625, 2474890.845887055620551 ], [ 2262083.789350573439151, 2474890.845887055620551 ], [ 2262099.968234305270016, 2474907.024338168092072 ], [ 2262116.147118037100881, 2474907.024338168092072 ], [ 2262116.147118037100881, 2474923.202789280563593 ], [ 2262132.326338878367096, 2474923.202789280563593 ], [ 2262148.505222610197961, 2474923.202789280563593 ], [ 2262164.684106342494488, 2474907.024338168092072 ], [ 2262180.862990074325353, 2474907.024338168092072 ], [ 2262180.862990074325353, 2474890.845887055620551 ], [ 2262164.684106342494488, 2474874.667773043271154 ], [ 2262164.684106342494488, 2474858.489321930799633 ], [ 2262148.505222610197961, 2474842.310870818328112 ], [ 2262148.505222610197961, 2474826.132756805978715 ], [ 2262148.505222610197961, 2474809.954305693507195 ], [ 2262148.505222610197961, 2474793.775854581035674 ], [ 2262164.684106342494488, 2474793.775854581035674 ], [ 2262180.862990074325353, 2474777.597403468564153 ], [ 2262197.041873806156218, 2474777.597403468564153 ], [ 2262213.221094647422433, 2474777.597403468564153 ], [ 2262213.221094647422433, 2474761.419289456214756 ], [ 2262229.399978379253298, 2474745.240838343743235 ], [ 2262229.399978379253298, 2474729.062387231271714 ], [ 2262245.578862111549824, 2474712.883936118800193 ], [ 2262261.75774584338069, 2474712.883936118800193 ], [ 2262261.75774584338069, 2474696.705822106450796 ], [ 2262277.936629575211555, 2474696.705822106450796 ], [ 2262294.11585041647777, 2474696.705822106450796 ], [ 2262310.294734148308635, 2474696.705822106450796 ], [ 2262326.473617880605161, 2474696.705822106450796 ], [ 2262342.652501612436026, 2474696.705822106450796 ], [ 2262358.831385344266891, 2474680.527370993979275 ], [ 2262391.189489917363971, 2474696.705822106450796 ], [ 2262391.189489917363971, 2474712.883936118800193 ], [ 2262407.368373649660498, 2474712.883936118800193 ], [ 2262423.547257381491363, 2474712.883936118800193 ], [ 2262423.547257381491363, 2474729.062387231271714 ], [ 2262439.726141113322228, 2474729.062387231271714 ], [ 2262455.905024845618755, 2474729.062387231271714 ], [ 2262472.084245686884969, 2474729.062387231271714 ], [ 2262488.263129418715835, 2474729.062387231271714 ], [ 2262504.4420131505467, 2474712.883936118800193 ], [ 2262520.620896882377565, 2474712.883936118800193 ], [ 2262520.620896882377565, 2474696.705822106450796 ], [ 2262536.799780614674091, 2474696.705822106450796 ], [ 2262536.799780614674091, 2474712.883936118800193 ], [ 2262552.978664346504956, 2474712.883936118800193 ], [ 2262552.978664346504956, 2474729.062387231271714 ], [ 2262569.157885187771171, 2474729.062387231271714 ], [ 2262569.157885187771171, 2474745.240838343743235 ], [ 2262569.157885187771171, 2474761.419289456214756 ], [ 2262569.157885187771171, 2474777.597403468564153 ], [ 2262585.336768919602036, 2474777.597403468564153 ], [ 2262601.515652651432902, 2474777.597403468564153 ], [ 2262617.694536383729428, 2474777.597403468564153 ], [ 2262617.694536383729428, 2474761.419289456214756 ], [ 2262633.873420115560293, 2474761.419289456214756 ], [ 2262650.052640956826508, 2474761.419289456214756 ], [ 2262650.052640956826508, 2474777.597403468564153 ], [ 2262666.231524688657373, 2474777.597403468564153 ], [ 2262682.410408420488238, 2474777.597403468564153 ], [ 2262698.589292152784765, 2474777.597403468564153 ], [ 2262714.76817588461563, 2474777.597403468564153 ], [ 2262730.947396725881845, 2474777.597403468564153 ], [ 2262730.947396725881845, 2474761.419289456214756 ], [ 2262747.12628045771271, 2474761.419289456214756 ], [ 2262747.12628045771271, 2474745.240838343743235 ], [ 2262747.12628045771271, 2474729.062387231271714 ], [ 2262763.305164190009236, 2474729.062387231271714 ], [ 2262763.305164190009236, 2474712.883936118800193 ], [ 2262747.12628045771271, 2474696.705822106450796 ], [ 2262763.305164190009236, 2474696.705822106450796 ], [ 2262747.12628045771271, 2474696.705822106450796 ], [ 2262747.12628045771271, 2474680.527370993979275 ], [ 2262747.12628045771271, 2474664.348919881507754 ], [ 2262747.12628045771271, 2474648.170468769036233 ], [ 2262730.947396725881845, 2474648.170468769036233 ], [ 2262730.947396725881845, 2474631.992354756686836 ], [ 2262730.947396725881845, 2474615.813903644215316 ], [ 2262730.947396725881845, 2474599.635452531278133 ], [ 2262747.12628045771271, 2474599.635452531278133 ], [ 2262747.12628045771271, 2474583.457338519394398 ], [ 2262763.305164190009236, 2474583.457338519394398 ], [ 2262779.484047921840101, 2474583.457338519394398 ], [ 2262795.662931653670967, 2474583.457338519394398 ], [ 2262795.662931653670967, 2474599.635452531278133 ], [ 2262811.841815385501832, 2474599.635452531278133 ], [ 2262828.021036226768047, 2474599.635452531278133 ], [ 2262844.199919959064573, 2474599.635452531278133 ], [ 2262844.199919959064573, 2474583.457338519394398 ], [ 2262860.378803690895438, 2474583.457338519394398 ], [ 2262876.557687422726303, 2474583.457338519394398 ], [ 2262876.557687422726303, 2474567.278887406457216 ], [ 2262892.736571154557168, 2474534.921985181514174 ], [ 2262908.915791995823383, 2474534.921985181514174 ], [ 2262925.09467572811991, 2474518.743871169164777 ], [ 2262941.273559459950775, 2474518.743871169164777 ], [ 2262957.45244319178164, 2474518.743871169164777 ], [ 2262973.631326924078166, 2474534.921985181514174 ], [ 2262973.631326924078166, 2474551.100436293985695 ], [ 2262989.81054776487872, 2474551.100436293985695 ], [ 2262989.81054776487872, 2474567.278887406457216 ], [ 2263005.989431497175246, 2474567.278887406457216 ], [ 2263022.168315229006112, 2474567.278887406457216 ], [ 2263038.347198960836977, 2474567.278887406457216 ], [ 2263054.526082693133503, 2474567.278887406457216 ], [ 2263054.526082693133503, 2474551.100436293985695 ], [ 2263070.704966424964368, 2474551.100436293985695 ], [ 2263070.704966424964368, 2474534.921985181514174 ], [ 2263086.884187266230583, 2474534.921985181514174 ], [ 2263103.063070998061448, 2474534.921985181514174 ], [ 2263119.241954729892313, 2474534.921985181514174 ], [ 2263135.42083846218884, 2474534.921985181514174 ], [ 2263135.42083846218884, 2474518.743871169164777 ], [ 2263135.42083846218884, 2474502.565420056693256 ], [ 2263151.599722194019705, 2474486.386968944221735 ], [ 2263151.599722194019705, 2474470.208517831750214 ], [ 2263135.42083846218884, 2474470.208517831750214 ], [ 2263135.42083846218884, 2474454.030403819400817 ], [ 2263119.241954729892313, 2474454.030403819400817 ], [ 2263119.241954729892313, 2474437.851952706929296 ], [ 2263103.063070998061448, 2474437.851952706929296 ], [ 2263103.063070998061448, 2474421.673501594457775 ], [ 2263119.241954729892313, 2474421.673501594457775 ], [ 2263119.241954729892313, 2474405.495050481986254 ], [ 2263119.241954729892313, 2474389.316936469636858 ], [ 2263135.42083846218884, 2474373.138485357165337 ], [ 2263151.599722194019705, 2474356.960034244693816 ], [ 2263151.599722194019705, 2474373.138485357165337 ], [ 2263151.599722194019705, 2474356.960034244693816 ], [ 2263167.77894303528592, 2474356.960034244693816 ], [ 2263167.77894303528592, 2474340.781920232344419 ], [ 2263183.957826767116785, 2474340.781920232344419 ], [ 2263183.957826767116785, 2474324.603469119872898 ], [ 2263183.957826767116785, 2474308.425018007401377 ], [ 2263200.13671049894765, 2474292.246566894929856 ], [ 2263200.13671049894765, 2474276.068452882580459 ], [ 2263200.13671049894765, 2474259.890001770108938 ], [ 2263200.13671049894765, 2474243.711550657637417 ], [ 2263216.315594231244177, 2474227.533099545165896 ], [ 2263216.315594231244177, 2474211.354985532816499 ], [ 2263232.494477963075042, 2474195.176534420344979 ], [ 2263248.673698804341257, 2474195.176534420344979 ], [ 2263264.852582536172122, 2474178.998083307407796 ], [ 2263264.852582536172122, 2474162.819969295524061 ], [ 2263281.031466268002987, 2474146.641518182586879 ], [ 2263297.210350000299513, 2474130.463067070115358 ], [ 2263313.389233732130378, 2474114.284615957643837 ], [ 2263313.389233732130378, 2474098.10650194529444 ], [ 2263313.389233732130378, 2474081.928050832822919 ], [ 2263313.389233732130378, 2474065.749599720351398 ], [ 2263329.568117463961244, 2474049.571148607879877 ], [ 2263345.747338305227458, 2474017.214583483058959 ], [ 2263345.747338305227458, 2473984.857681258115917 ], [ 2263378.10510576935485, 2473936.322665020823479 ], [ 2263378.10510576935485, 2473920.144551008474082 ], [ 2263410.46287323301658, 2473887.78764878353104 ], [ 2263442.82097780611366, 2473871.609197671059519 ], [ 2263475.178745270241052, 2473855.431083658710122 ], [ 2263507.536849843338132, 2473855.431083658710122 ], [ 2263539.894617307465523, 2473839.252632546238601 ], [ 2263556.073501039296389, 2473839.252632546238601 ], [ 2263588.43126850342378, 2473823.07418143376708 ], [ 2263588.43126850342378, 2473806.895730321295559 ], [ 2263604.610489344689995, 2473774.539165196474642 ], [ 2263604.610489344689995, 2473758.360714083537459 ], [ 2263604.610489344689995, 2473742.182262971065938 ], [ 2263604.610489344689995, 2473726.004148959182203 ], [ 2263636.968256808351725, 2473693.6472467337735 ], [ 2263653.14714054018259, 2473677.469132721424103 ], [ 2263685.505245113745332, 2473661.290681608952582 ], [ 2263701.684128845576197, 2473628.93377938400954 ], [ 2263717.863012577407062, 2473612.755665371660143 ], [ 2263717.863012577407062, 2473580.398763146717101 ], [ 2263734.041896309703588, 2473548.042198021896183 ], [ 2263766.400000882800668, 2473515.685295796953142 ], [ 2263798.757768346462399, 2473499.507181784603745 ], [ 2263831.11553581058979, 2473483.328730672132224 ], [ 2263863.47364038368687, 2473467.150279559660703 ], [ 2263912.010291579645127, 2473467.150279559660703 ], [ 2263928.189175311475992, 2473450.971828447189182 ], [ 2263944.368396152742207, 2473450.971828447189182 ], [ 2263960.547279884573072, 2473434.793714434839785 ], [ 2263960.547279884573072, 2473418.615263322368264 ] ] } },
{ "type": "Feature", "properties": { }, "geometry": { "type": "LineString", "coordinates": [ [ 2241099.695569775532931, 2471363.963433440309018 ], [ 2245921.0214629098773, 2466348.671567878685892 ], [ 2246082.810974447987974, 2466494.276953690685332 ], [ 2246276.958590559661388, 2466688.417018640320748 ], [ 2246454.926985829602927, 2466866.37930667726323 ], [ 2246471.105869561433792, 2466882.557420689612627 ], [ 2246503.463637025561184, 2466914.914322914555669 ], [ 2246600.537276526447386, 2466947.270888039376587 ], [ 2247150.621683178003877, 2467157.589741201605648 ], [ 2247296.231973874848336, 2467222.303208551369607 ], [ 2247360.947845912072808, 2467254.659773676190525 ], [ 2247458.021485412959009, 2467287.016675901133567 ], [ 2247571.274345755577087, 2467319.373241025954485 ], [ 2247765.421624757349491, 2467400.265159488655627 ], [ 2248040.463659528642893, 2467529.692094188183546 ], [ 2248137.537299029529095, 2467562.048659313004464 ], [ 2248266.969043103978038, 2467610.583675550296903 ], [ 2248331.68457803176716, 2467642.940577775239944 ], [ 2248412.579333800822496, 2467675.297142900060862 ], [ 2248703.800589413382113, 2467788.545626487117261 ], [ 2248768.516124341171235, 2467820.902528712525964 ], [ 2248865.589763842057437, 2467998.864479649346322 ], [ 2249075.916263685561717, 2468451.858413998037577 ], [ 2249140.632135722786188, 2468597.463799810037017 ], [ 2249286.242426419630647, 2468888.674234334379435 ], [ 2249383.316065920516849, 2469098.99275039602071 ], [ 2249496.568926262669265, 2469066.636185271199793 ], [ 2249723.073972729034722, 2469001.922717921435833 ], [ 2249820.147612229920924, 2468985.744266808964312 ], [ 2249965.758240036200732, 2468937.209250571671873 ], [ 2250046.652995805256069, 2468937.209250571671873 ], [ 2250143.726635306142271, 2468937.209250571671873 ], [ 2250224.621391075197607, 2468953.387701684143394 ], [ 2250305.516146844252944, 2468969.566152796614915 ], [ 2250354.05313514964655, 2469001.922717921435833 ], [ 2250402.589786345604807, 2469066.636185271199793 ], [ 2250596.737065347377211, 2469341.668168683070689 ], [ 2250661.452937384601682, 2469357.84661979554221 ], [ 2251114.463367425836623, 2469357.84661979554221 ], [ 2251130.642588267102838, 2468775.425750747323036 ], [ 2251260.073995232116431, 2468872.495783221907914 ], [ 2251389.505739306099713, 2468969.566152796614915 ], [ 2251518.937146271113306, 2469018.101169033907354 ], [ 2252602.926738733425736, 2469390.203522020485252 ], [ 2252683.821494502481073, 2469422.56008714530617 ], [ 2252877.968773504253477, 2469422.56008714530617 ], [ 2253848.705505623947829, 2469471.095103382598609 ], [ 2254010.495017162058502, 2469471.095103382598609 ], [ 2254042.852784626185894, 2469487.27355449507013 ], [ 2254075.210889199282974, 2469487.27355449507013 ], [ 2254107.568656663410366, 2469503.452005608007312 ], [ 2254172.284528700169176, 2469535.808570732362568 ], [ 2254237.000063628423959, 2469568.165472957771271 ], [ 2254366.431807702407241, 2469616.70048919506371 ], [ 2254528.221319240517914, 2469681.41395654482767 ], [ 2254641.473842473700643, 2469729.948972782120109 ], [ 2254706.189714510925114, 2469746.12742389459163 ], [ 2254787.084470279980451, 2469762.305537906941026 ], [ 2255660.74756289832294, 2469794.662440131884068 ], [ 2255693.105330362450331, 2469794.662440131884068 ], [ 2255741.642318667378277, 2469778.483989019412547 ], [ 2255790.178969863336533, 2469762.305537906941026 ], [ 2255822.537074436433613, 2469746.12742389459163 ], [ 2255822.537074436433613, 2469713.770521669648588 ], [ 2255838.71595816873014, 2469600.522038082592189 ], [ 2255854.894841900561005, 2469503.452005608007312 ], [ 2255854.894841900561005, 2469357.84661979554221 ], [ 2255887.252946473658085, 2469196.063119971193373 ], [ 2255919.610713937785476, 2469115.171201508957893 ], [ 2255919.610713937785476, 2469050.457734158728272 ], [ 2255919.610713937785476, 2468985.744266808964312 ], [ 2255951.968481401447207, 2468904.852685446850955 ], [ 2255984.326585974544287, 2468840.139218097086996 ], [ 2256000.505469706840813, 2468775.425750747323036 ], [ 2256097.579109207727015, 2468468.036865110509098 ], [ 2256113.75799293955788, 2468290.07491417368874 ], [ 2256259.368620745837688, 2468225.361446823459119 ], [ 2256809.452690288424492, 2467998.864479649346322 ], [ 2257116.852829632349312, 2467869.437544949818403 ], [ 2257197.74758540187031, 2467853.259093837346882 ], [ 2257424.252631867770106, 2467901.79411007463932 ], [ 2257569.863259674049914, 2467934.151012299582362 ], [ 2257731.652771212160587, 2467998.864479649346322 ], [ 2257828.726410713046789, 2468031.22104477416724 ], [ 2258087.589561752043664, 2468095.934512123931199 ], [ 2258119.947329216171056, 2468112.11296323640272 ], [ 2258217.020968717057258, 2468128.291414348874241 ], [ 2258233.200189558323473, 2468128.291414348874241 ], [ 2258427.347468560561538, 2468176.82643058616668 ], [ 2258475.884119756519794, 2468176.82643058616668 ], [ 2258492.063340597786009, 2468193.004881698638201 ], [ 2258524.42110806144774, 2468193.004881698638201 ], [ 2258589.136980098672211, 2468306.25336528616026 ], [ 2258637.673631294630468, 2468354.788381523452699 ], [ 2258653.852515026461333, 2468387.144946648273617 ], [ 2258702.389503331854939, 2468435.679962885566056 ], [ 2258702.389503331854939, 2468468.036865110509098 ], [ 2258702.389503331854939, 2468484.215316222980618 ], [ 2258702.389503331854939, 2468500.393430235330015 ], [ 2258702.389503331854939, 2468532.750332460273057 ], [ 2258734.74727079551667, 2468565.106897585093975 ], [ 2258750.926491636782885, 2468581.285348697565496 ], [ 2258815.642026564572006, 2468613.642250922508538 ], [ 2258961.252654370851815, 2468629.820364934857935 ], [ 2258977.43153810268268, 2468645.998816047329456 ], [ 2258977.43153810268268, 2468678.355381172150373 ], [ 2258977.43153810268268, 2468694.533832285087556 ], [ 2258945.07377063902095, 2468743.068848522379994 ], [ 2258896.536782333627343, 2468791.604201859794557 ], [ 2258880.357898601796478, 2468823.960766984615475 ], [ 2258880.357898601796478, 2468840.139218097086996 ], [ 2258880.357898601796478, 2468872.495783221907914 ], [ 2258912.71566606592387, 2468888.674234334379435 ], [ 2258945.07377063902095, 2468888.674234334379435 ], [ 2258993.610421834979206, 2468904.852685446850955 ], [ 2259025.968526408076286, 2468904.852685446850955 ], [ 2259123.042165908962488, 2468872.495783221907914 ], [ 2259187.75803794618696, 2468856.317669209558517 ], [ 2259203.936921678017825, 2468856.317669209558517 ], [ 2259220.115805410314351, 2468872.495783221907914 ], [ 2259203.936921678017825, 2468888.674234334379435 ], [ 2259187.75803794618696, 2468921.030799459200352 ], [ 2259171.578817104920745, 2468953.387701684143394 ], [ 2259155.39993337308988, 2468985.744266808964312 ], [ 2259171.578817104920745, 2469001.922717921435833 ], [ 2259187.75803794618696, 2469001.922717921435833 ], [ 2259203.936921678017825, 2468985.744266808964312 ], [ 2259236.294689142145216, 2468969.566152796614915 ], [ 2259252.473572873976082, 2468969.566152796614915 ], [ 2259252.473572873976082, 2468985.744266808964312 ], [ 2259252.473572873976082, 2469034.279620146378875 ], [ 2259268.652793715242296, 2469098.99275039602071 ], [ 2259284.831677447073162, 2469131.349652621429414 ], [ 2259317.189444911200553, 2469163.706217746250331 ], [ 2259349.547549484297633, 2469179.884668858721852 ], [ 2259365.726433216128498, 2469179.884668858721852 ], [ 2259398.08420068025589, 2469163.706217746250331 ], [ 2259381.905316948425025, 2469131.349652621429414 ], [ 2259381.905316948425025, 2469115.171201508957893 ], [ 2259414.263084412086755, 2469098.99275039602071 ], [ 2259446.621188985183835, 2469098.99275039602071 ], [ 2259446.621188985183835, 2469131.349652621429414 ], [ 2259446.621188985183835, 2469179.884668858721852 ], [ 2259430.441968144383281, 2469228.419685096014291 ], [ 2259414.263084412086755, 2469244.598136208485812 ], [ 2259430.441968144383281, 2469293.133152445778251 ], [ 2259430.441968144383281, 2469325.490054670721292 ], [ 2259446.621188985183835, 2469374.025070908013731 ], [ 2259478.978956449311227, 2469390.203522020485252 ], [ 2259527.515944754239172, 2469454.916989370249212 ], [ 2259543.694828486535698, 2469503.452005608007312 ], [ 2259608.41036341432482, 2469632.878940307535231 ], [ 2259624.589584255591035, 2469697.592407657299191 ], [ 2259608.41036341432482, 2469778.483989019412547 ], [ 2259624.589584255591035, 2469827.019005256704986 ], [ 2259624.589584255591035, 2469859.375907481648028 ], [ 2259656.947351719252765, 2469891.732472606468946 ], [ 2259754.020991220604628, 2469924.089374831877649 ], [ 2259802.557979525532573, 2469988.802842181641608 ], [ 2259851.09463072149083, 2470021.159407306462526 ], [ 2259883.45273529458791, 2470021.159407306462526 ], [ 2259948.168270222377032, 2470021.159407306462526 ], [ 2260061.42113056499511, 2470053.516309531405568 ], [ 2260093.77889802865684, 2470037.337858418934047 ], [ 2260126.136665492784232, 2470021.159407306462526 ], [ 2260174.673653797712177, 2470021.159407306462526 ], [ 2260239.389525834936649, 2470021.159407306462526 ], [ 2260336.46316533582285, 2470053.516309531405568 ], [ 2260401.179037373047322, 2470053.516309531405568 ], [ 2260433.536804837174714, 2470053.516309531405568 ], [ 2260643.862967571243644, 2470085.872874656226486 ], [ 2260918.905339451506734, 2470069.694423543754965 ], [ 2261048.336746416520327, 2470053.516309531405568 ], [ 2261096.873734721448272, 2470053.516309531405568 ], [ 2261161.589269649237394, 2470069.694423543754965 ], [ 2261226.305141686461866, 2470085.872874656226486 ], [ 2261307.199897455517203, 2470150.586342005990446 ], [ 2261339.557664919644594, 2470166.764793118461967 ], [ 2261420.452420688699931, 2470166.764793118461967 ], [ 2261452.810525261797011, 2470166.764793118461967 ], [ 2261517.526397299021482, 2470199.121358243282884 ], [ 2261566.063048494979739, 2470215.299809355754405 ], [ 2261663.136687995865941, 2470215.299809355754405 ], [ 2261711.673676301259547, 2470215.299809355754405 ], [ 2261760.210327496752143, 2470215.299809355754405 ], [ 2261824.926199533976614, 2470231.478260468225926 ], [ 2261841.10508326580748, 2470263.834825593046844 ], [ 2261889.642071571201086, 2470409.440211405511945 ], [ 2261905.820955303031951, 2470425.618325417861342 ], [ 2261954.357943608425558, 2470441.796776530332863 ], [ 2262002.894594804383814, 2470457.975227642804384 ], [ 2262099.968234305270016, 2470506.510243880096823 ], [ 2262132.326338878367096, 2470522.688694992568344 ], [ 2262148.505222610197961, 2470522.688694992568344 ], [ 2262245.578862111549824, 2470506.510243880096823 ], [ 2262277.936629575211555, 2470490.331792767625302 ], [ 2262358.831385344266891, 2470490.331792767625302 ], [ 2262391.189489917363971, 2470490.331792767625302 ], [ 2262585.336768919602036, 2470425.618325417861342 ], [ 2262698.589292152784765, 2470377.083309180103242 ], [ 2262973.631326924078166, 2470280.013276705518365 ], [ 2263054.526082693133503, 2470263.834825593046844 ], [ 2263167.77894303528592, 2470263.834825593046844 ], [ 2263313.389233732130378, 2470215.299809355754405 ], [ 2263475.178745270241052, 2470166.764793118461967 ], [ 2263539.894617307465523, 2470134.407890893518925 ], [ 2263620.78937307652086, 2470085.872874656226486 ], [ 2263636.968256808351725, 2470085.872874656226486 ], [ 2263669.326024272479117, 2470069.694423543754965 ], [ 2263734.041896309703588, 2470037.337858418934047 ], [ 2263766.400000882800668, 2470037.337858418934047 ], [ 2263798.757768346462399, 2470037.337858418934047 ], [ 2263863.47364038368687, 2470004.980956193991005 ], [ 2263895.831407847814262, 2469972.624391069170088 ], [ 2263944.368396152742207, 2469956.445939956232905 ], [ 2263992.905047348700464, 2469956.445939956232905 ], [ 2264057.620919385924935, 2469972.624391069170088 ], [ 2264089.978686849586666, 2469940.26782594434917 ], [ 2264219.410430924035609, 2469859.375907481648028 ], [ 2264284.125965851824731, 2469827.019005256704986 ], [ 2264381.199942462146282, 2469762.305537906941026 ], [ 2264413.557709925808012, 2469762.305537906941026 ], [ 2264494.45246569532901, 2469778.483989019412547 ], [ 2264542.989116890821606, 2469778.483989019412547 ], [ 2264575.347221464384347, 2469762.305537906941026 ], [ 2264623.883872659876943, 2469746.12742389459163 ], [ 2264672.420860965270549, 2469729.948972782120109 ], [ 2264737.136733002495021, 2469713.770521669648588 ], [ 2264785.673384198453277, 2469697.592407657299191 ], [ 2264866.568139967508614, 2469649.057054319884628 ], [ 2264898.926244540605694, 2469649.057054319884628 ], [ 2264931.284012004267424, 2469665.235505432356149 ], [ 2264979.821000309661031, 2469681.41395654482767 ], [ 2264979.821000309661031, 2469697.592407657299191 ], [ 2264963.641779468394816, 2469713.770521669648588 ], [ 2264931.284012004267424, 2469713.770521669648588 ], [ 2264882.747023699339479, 2469746.12742389459163 ], [ 2264866.568139967508614, 2469762.305537906941026 ], [ 2264882.747023699339479, 2469778.483989019412547 ], [ 2264931.284012004267424, 2469762.305537906941026 ], [ 2265044.536535237450153, 2469778.483989019412547 ], [ 2265109.252407274674624, 2469778.483989019412547 ], [ 2265141.610174738336354, 2469762.305537906941026 ], [ 2265173.968279311433434, 2469729.948972782120109 ], [ 2265173.968279311433434, 2469713.770521669648588 ], [ 2265190.147163043729961, 2469697.592407657299191 ], [ 2265190.147163043729961, 2469762.305537906941026 ], [ 2265190.147163043729961, 2469827.019005256704986 ], [ 2265206.326046775560826, 2469859.375907481648028 ], [ 2265206.326046775560826, 2469875.554358594119549 ], [ 2265222.504930507391691, 2469891.732472606468946 ], [ 2265238.684151348657906, 2469859.375907481648028 ], [ 2265271.041918812785298, 2469794.662440131884068 ], [ 2265319.578570008743554, 2469697.592407657299191 ], [ 2265335.757790850009769, 2469681.41395654482767 ], [ 2265335.757790850009769, 2469649.057054319884628 ], [ 2265335.757790850009769, 2469584.343586970120668 ], [ 2265335.757790850009769, 2469551.987021845299751 ], [ 2265319.578570008743554, 2469454.916989370249212 ], [ 2265271.041918812785298, 2469422.56008714530617 ], [ 2265222.504930507391691, 2469341.668168683070689 ], [ 2265173.968279311433434, 2469293.133152445778251 ], [ 2265190.147163043729961, 2469276.955038433428854 ], [ 2265206.326046775560826, 2469260.776587320957333 ], [ 2265222.504930507391691, 2469260.776587320957333 ], [ 2265254.863035080954432, 2469260.776587320957333 ], [ 2265287.220802544616163, 2469260.776587320957333 ], [ 2265303.399686276447028, 2469260.776587320957333 ], [ 2265368.115558313671499, 2469228.419685096014291 ], [ 2265497.546965278685093, 2469163.706217746250331 ], [ 2265529.905069851782173, 2469147.528103733900934 ], [ 2265594.620941889006644, 2469082.814636384136975 ], [ 2265626.978709353134036, 2469066.636185271199793 ], [ 2265643.157593084964901, 2469066.636185271199793 ], [ 2265659.336476816795766, 2469082.814636384136975 ], [ 2265659.336476816795766, 2469131.349652621429414 ], [ 2265659.336476816795766, 2469163.706217746250331 ], [ 2265675.515697658061981, 2469179.884668858721852 ], [ 2265707.873465122189373, 2469179.884668858721852 ], [ 2265788.768220891244709, 2469212.241571083664894 ], [ 2265837.304872087202966, 2469228.419685096014291 ], [ 2265950.557732429355383, 2469293.133152445778251 ], [ 2266031.45248819841072, 2469341.668168683070689 ], [ 2266128.526127699296921, 2469390.203522020485252 ], [ 2266193.241999736521393, 2469422.56008714530617 ], [ 2266225.599767200183123, 2469438.738538257777691 ], [ 2265902.020744123961776, 2470360.905195168219507 ], [ 2265788.768220891244709, 2470668.29374370444566 ], [ 2265724.052348854020238, 2470846.256031741853803 ], [ 2265659.336476816795766, 2470975.682629341259599 ], [ 2265513.726186119951308, 2471250.71494985325262 ], [ 2265465.189197814557701, 2471331.606531215365976 ], [ 2265400.473325777798891, 2471412.498449677601457 ], [ 2264429.736593658104539, 2472512.627057524863631 ], [ 2264365.020721620880067, 2472593.518975987099111 ], [ 2264251.768198387697339, 2472690.589008461683989 ], [ 2264073.7998031177558, 2472820.015943161211908 ], [ 2263944.368396152742207, 2472933.264426748733968 ], [ 2263879.652524115517735, 2472981.799442986026406 ], [ 2263847.294419542420655, 2473014.156345210969448 ], [ 2263831.11553581058979, 2473046.512910335790366 ], [ 2263814.936652078758925, 2473111.226377685554326 ], [ 2263814.936652078758925, 2473159.761393922846764 ], [ 2263814.936652078758925, 2473208.296410160139203 ], [ 2263847.294419542420655, 2473256.831763497553766 ], [ 2263879.652524115517735, 2473321.544893747195601 ], [ 2263944.368396152742207, 2473402.436812209896743 ], [ 2263960.547279884573072, 2473418.615263322368264 ], [ 2263976.726163616869599, 2473418.615263322368264 ], [ 2263976.726163616869599, 2473402.436812209896743 ], [ 2263992.905047348700464, 2473402.436812209896743 ], [ 2263992.905047348700464, 2473386.258361097425222 ], [ 2264009.083931080531329, 2473386.258361097425222 ], [ 2264009.083931080531329, 2473370.080247085075825 ], [ 2264025.262814812827855, 2473353.901795972604305 ], [ 2264025.262814812827855, 2473337.723344859667122 ], [ 2264041.442035653628409, 2473337.723344859667122 ], [ 2264041.442035653628409, 2473321.544893747195601 ], [ 2264041.442035653628409, 2473305.366779735311866 ], [ 2264057.620919385924935, 2473305.366779735311866 ], [ 2264073.7998031177558, 2473289.188328622374684 ], [ 2264089.978686849586666, 2473289.188328622374684 ], [ 2264089.978686849586666, 2473273.009877509903163 ], [ 2264106.157570581883192, 2473273.009877509903163 ], [ 2264122.336791422683746, 2473256.831763497553766 ], [ 2264138.515675154980272, 2473256.831763497553766 ], [ 2264154.694558886811137, 2473256.831763497553766 ], [ 2264170.873442618642002, 2473256.831763497553766 ], [ 2264187.052326350938529, 2473256.831763497553766 ], [ 2264203.231547191739082, 2473256.831763497553766 ], [ 2264219.410430924035609, 2473273.009877509903163 ], [ 2264235.589314655866474, 2473273.009877509903163 ], [ 2264235.589314655866474, 2473289.188328622374684 ], [ 2264251.768198387697339, 2473289.188328622374684 ], [ 2264267.947082119993865, 2473289.188328622374684 ], [ 2264267.947082119993865, 2473273.009877509903163 ], [ 2264267.947082119993865, 2473256.831763497553766 ], [ 2264284.125965851824731, 2473256.831763497553766 ], [ 2264284.125965851824731, 2473240.653312385082245 ], [ 2264300.305186693090945, 2473240.653312385082245 ], [ 2264316.484070424921811, 2473224.474861272610724 ], [ 2264332.662954156752676, 2473224.474861272610724 ], [ 2264348.841837889049202, 2473208.296410160139203 ], [ 2264365.020721620880067, 2473208.296410160139203 ], [ 2264381.199942462146282, 2473208.296410160139203 ], [ 2264397.378826193977147, 2473208.296410160139203 ], [ 2264413.557709925808012, 2473208.296410160139203 ], [ 2264413.557709925808012, 2473192.118296147789806 ], [ 2264429.736593658104539, 2473192.118296147789806 ], [ 2264445.915477389935404, 2473192.118296147789806 ], [ 2264445.915477389935404, 2473175.939845035318285 ], [ 2264462.094698231201619, 2473175.939845035318285 ], [ 2264478.273581963032484, 2473159.761393922846764 ], [ 2264494.45246569532901, 2473159.761393922846764 ], [ 2264494.45246569532901, 2473143.582942810375243 ], [ 2264510.631349427159876, 2473143.582942810375243 ], [ 2264526.810233158990741, 2473143.582942810375243 ], [ 2264542.989116890821606, 2473127.404828798025846 ], [ 2264575.347221464384347, 2473127.404828798025846 ], [ 2264575.347221464384347, 2473111.226377685554326 ], [ 2264591.526105196215212, 2473111.226377685554326 ], [ 2264591.526105196215212, 2473095.047926573082805 ], [ 2264607.704988928046077, 2473095.047926573082805 ], [ 2264607.704988928046077, 2473078.869475460611284 ], [ 2264607.704988928046077, 2473062.691361448261887 ], [ 2264607.704988928046077, 2473046.512910335790366 ], [ 2264623.883872659876943, 2473046.512910335790366 ], [ 2264640.063093501143157, 2473030.334459223318845 ], [ 2264656.241977233439684, 2473030.334459223318845 ], [ 2264656.241977233439684, 2473014.156345210969448 ], [ 2264672.420860965270549, 2472997.977894098497927 ], [ 2264672.420860965270549, 2472981.799442986026406 ], [ 2264688.599744697101414, 2472981.799442986026406 ], [ 2264688.599744697101414, 2472965.620991873554885 ], [ 2264704.778628428932279, 2472949.442877861205488 ], [ 2264720.957849270198494, 2472949.442877861205488 ], [ 2264720.957849270198494, 2472933.264426748733968 ], [ 2264737.136733002495021, 2472917.085975635796785 ], [ 2264753.315616734325886, 2472900.907524523325264 ], [ 2264753.315616734325886, 2472884.729410511441529 ], [ 2264753.315616734325886, 2472868.550959398504347 ], [ 2264769.494500466156751, 2472868.550959398504347 ], [ 2264769.494500466156751, 2472852.372508286032826 ], [ 2264785.673384198453277, 2472852.372508286032826 ], [ 2264785.673384198453277, 2472836.194394273683429 ], [ 2264801.852267930284142, 2472836.194394273683429 ], [ 2264801.852267930284142, 2472820.015943161211908 ], [ 2264818.031488771550357, 2472803.837492048740387 ], [ 2264818.031488771550357, 2472820.015943161211908 ], [ 2264834.210372503381222, 2472820.015943161211908 ], [ 2264850.389256235212088, 2472820.015943161211908 ], [ 2264866.568139967508614, 2472836.194394273683429 ], [ 2264882.747023699339479, 2472836.194394273683429 ], [ 2264882.747023699339479, 2472820.015943161211908 ], [ 2264898.926244540605694, 2472820.015943161211908 ], [ 2264915.105128272436559, 2472803.837492048740387 ], [ 2264931.284012004267424, 2472803.837492048740387 ], [ 2264947.462895736563951, 2472803.837492048740387 ], [ 2264963.641779468394816, 2472803.837492048740387 ], [ 2264979.821000309661031, 2472787.659040936268866 ], [ 2264995.999884041491896, 2472771.480926923919469 ], [ 2264995.999884041491896, 2472755.302475811447948 ], [ 2265012.178767773322761, 2472755.302475811447948 ], [ 2265028.357651505619287, 2472739.124024698976427 ], [ 2265044.536535237450153, 2472722.945573586504906 ], [ 2265060.715418969281018, 2472706.767459574155509 ], [ 2265076.894639810547233, 2472690.589008461683989 ], [ 2265093.073523542378098, 2472674.410557349212468 ], [ 2265093.073523542378098, 2472658.232106236740947 ], [ 2265109.252407274674624, 2472642.05399222439155 ], [ 2265109.252407274674624, 2472625.875541111920029 ], [ 2265125.431291006505489, 2472609.697089999448508 ], [ 2265125.431291006505489, 2472593.518975987099111 ], [ 2265141.610174738336354, 2472577.34052487462759 ], [ 2265141.610174738336354, 2472561.162073762156069 ], [ 2265157.789395579602569, 2472544.983622649684548 ], [ 2265157.789395579602569, 2472528.805508637335151 ], [ 2265157.789395579602569, 2472512.627057524863631 ], [ 2265173.968279311433434, 2472512.627057524863631 ], [ 2265173.968279311433434, 2472496.44860641239211 ], [ 2265190.147163043729961, 2472496.44860641239211 ], [ 2265190.147163043729961, 2472480.270155299454927 ], [ 2265206.326046775560826, 2472480.270155299454927 ], [ 2265222.504930507391691, 2472480.270155299454927 ], [ 2265222.504930507391691, 2472464.092041287571192 ], [ 2265238.684151348657906, 2472464.092041287571192 ], [ 2265238.684151348657906, 2472447.91359017463401 ], [ 2265254.863035080954432, 2472431.735139062162489 ], [ 2265271.041918812785298, 2472431.735139062162489 ], [ 2265271.041918812785298, 2472415.556687949690968 ], [ 2265287.220802544616163, 2472415.556687949690968 ], [ 2265287.220802544616163, 2472399.378573937341571 ], [ 2265303.399686276447028, 2472399.378573937341571 ], [ 2265303.399686276447028, 2472383.20012282487005 ], [ 2265319.578570008743554, 2472383.20012282487005 ], [ 2265319.578570008743554, 2472367.021671712398529 ], [ 2265319.578570008743554, 2472350.843557700049132 ], [ 2265319.578570008743554, 2472334.665106587577611 ], [ 2265319.578570008743554, 2472318.48665547510609 ], [ 2265319.578570008743554, 2472302.308204362634569 ], [ 2265319.578570008743554, 2472286.130090350285172 ], [ 2265319.578570008743554, 2472269.951639237813652 ], [ 2265319.578570008743554, 2472253.773188125342131 ], [ 2265319.578570008743554, 2472237.59473701287061 ], [ 2265303.399686276447028, 2472237.59473701287061 ], [ 2265303.399686276447028, 2472221.416623000521213 ], [ 2265303.399686276447028, 2472205.238171888049692 ], [ 2265303.399686276447028, 2472189.059720775578171 ], [ 2265319.578570008743554, 2472189.059720775578171 ], [ 2265319.578570008743554, 2472172.881606763228774 ], [ 2265319.578570008743554, 2472156.703155650757253 ], [ 2265319.578570008743554, 2472140.524704538285732 ], [ 2265335.757790850009769, 2472140.524704538285732 ], [ 2265335.757790850009769, 2472108.168139413464814 ], [ 2265351.936674581840634, 2472091.989688300993294 ], [ 2265368.115558313671499, 2472091.989688300993294 ], [ 2265368.115558313671499, 2472075.811237188521773 ], [ 2265384.294442045502365, 2472075.811237188521773 ], [ 2265384.294442045502365, 2472059.63278607558459 ], [ 2265384.294442045502365, 2472043.454672063700855 ], [ 2265400.473325777798891, 2472043.454672063700855 ], [ 2265416.652546619065106, 2472043.454672063700855 ], [ 2265416.652546619065106, 2472027.276220950763673 ], [ 2265416.652546619065106, 2472043.454672063700855 ], [ 2265432.831430350895971, 2472027.276220950763673 ], [ 2265449.010314082726836, 2472027.276220950763673 ], [ 2265465.189197814557701, 2472027.276220950763673 ], [ 2265465.189197814557701, 2472011.097769838292152 ], [ 2265481.368081546854228, 2472011.097769838292152 ], [ 2265497.546965278685093, 2472011.097769838292152 ], [ 2265513.726186119951308, 2471994.919318725820631 ], [ 2265529.905069851782173, 2471994.919318725820631 ], [ 2265546.083953584078699, 2471994.919318725820631 ], [ 2265562.262837315909564, 2471994.919318725820631 ], [ 2265562.262837315909564, 2471978.741204713471234 ], [ 2265578.44172104774043, 2471978.741204713471234 ], [ 2265594.620941889006644, 2471962.562753600999713 ], [ 2265610.79982562083751, 2471962.562753600999713 ], [ 2265626.978709353134036, 2471946.384302488528192 ], [ 2265643.157593084964901, 2471930.206188476178795 ], [ 2265659.336476816795766, 2471930.206188476178795 ], [ 2265659.336476816795766, 2471914.027737363707274 ], [ 2265675.515697658061981, 2471914.027737363707274 ], [ 2265691.694581389892846, 2471914.027737363707274 ], [ 2265691.694581389892846, 2471897.849286251235753 ], [ 2265707.873465122189373, 2471897.849286251235753 ], [ 2265707.873465122189373, 2471881.670835138764232 ], [ 2265724.052348854020238, 2471881.670835138764232 ], [ 2265724.052348854020238, 2471865.492721126414835 ], [ 2265724.052348854020238, 2471849.314270013943315 ], [ 2265740.231232585851103, 2471849.314270013943315 ], [ 2265740.231232585851103, 2471833.135818901471794 ], [ 2265740.231232585851103, 2471816.957367789000273 ], [ 2265756.410116317681968, 2471816.957367789000273 ], [ 2265756.410116317681968, 2471800.779253776650876 ], [ 2265772.589337158948183, 2471816.957367789000273 ], [ 2265788.768220891244709, 2471816.957367789000273 ], [ 2265788.768220891244709, 2471833.135818901471794 ], [ 2265804.947104623075575, 2471833.135818901471794 ], [ 2265821.12598835490644, 2471833.135818901471794 ], [ 2265837.304872087202966, 2471833.135818901471794 ], [ 2265853.48409292800352, 2471833.135818901471794 ], [ 2265853.48409292800352, 2471816.957367789000273 ], [ 2265853.48409292800352, 2471800.779253776650876 ], [ 2265869.662976660300046, 2471800.779253776650876 ], [ 2265869.662976660300046, 2471784.600802664179355 ], [ 2265869.662976660300046, 2471768.422351551707834 ], [ 2265869.662976660300046, 2471752.243900439236313 ], [ 2265869.662976660300046, 2471736.065786426886916 ], [ 2265885.841860392130911, 2471736.065786426886916 ], [ 2265902.020744123961776, 2471719.887335314415395 ], [ 2265902.020744123961776, 2471703.708884201943874 ], [ 2265918.199627856258303, 2471687.530770189594477 ], [ 2265934.378848697058856, 2471671.352319077122957 ], [ 2265950.557732429355383, 2471655.173867964651436 ], [ 2265966.736616161186248, 2471638.995416851714253 ], [ 2265982.915499893017113, 2471622.817302839830518 ], [ 2265999.09438362531364, 2471622.817302839830518 ], [ 2265999.09438362531364, 2471606.638851726893336 ], [ 2266015.273267357144505, 2471606.638851726893336 ], [ 2266031.45248819841072, 2471606.638851726893336 ], [ 2266047.631371930241585, 2471606.638851726893336 ], [ 2266063.81025566207245, 2471606.638851726893336 ], [ 2266063.81025566207245, 2471590.460400614421815 ], [ 2266079.989139394368976, 2471590.460400614421815 ], [ 2266096.168023126199841, 2471574.281949501950294 ], [ 2266112.347243967466056, 2471574.281949501950294 ], [ 2266112.347243967466056, 2471558.103835489600897 ], [ 2266144.705011431127787, 2471558.103835489600897 ], [ 2266144.705011431127787, 2471541.925384377129376 ], [ 2266160.883895163424313, 2471541.925384377129376 ], [ 2266160.883895163424313, 2471525.746933264657855 ], [ 2266177.062778895255178, 2471525.746933264657855 ], [ 2266177.062778895255178, 2471509.568819252308458 ], [ 2266193.241999736521393, 2471509.568819252308458 ], [ 2266209.420883468352258, 2471493.390368139836937 ], [ 2266225.599767200183123, 2471477.211917027365416 ], [ 2266241.77865093247965, 2471477.211917027365416 ], [ 2266257.957534664310515, 2471477.211917027365416 ], [ 2266290.315639237407595, 2471461.033465914893895 ], [ 2266355.031174165196717, 2471444.855351902544498 ], [ 2266371.210395006462932, 2471444.855351902544498 ], [ 2266387.389278738759458, 2471444.855351902544498 ], [ 2266403.568162470590323, 2471444.855351902544498 ], [ 2266419.747046202421188, 2471444.855351902544498 ], [ 2266435.925929934252053, 2471444.855351902544498 ], [ 2266452.105150775518268, 2471444.855351902544498 ], [ 2266468.284034507814795, 2471444.855351902544498 ], [ 2266484.46291823964566, 2471444.855351902544498 ], [ 2266500.641801971476525, 2471444.855351902544498 ], [ 2266500.641801971476525, 2471428.676900790072978 ], [ 2266516.82068570330739, 2471428.676900790072978 ], [ 2266516.82068570330739, 2471412.498449677601457 ], [ 2266532.999569435603917, 2471412.498449677601457 ], [ 2266549.178790276870131, 2471396.319998565129936 ], [ 2266565.357674008700997, 2471380.141884552780539 ], [ 2266581.536557740531862, 2471380.141884552780539 ], [ 2266581.536557740531862, 2471363.963433440309018 ], [ 2266597.715441472828388, 2471347.784982327837497 ], [ 2266597.715441472828388, 2471331.606531215365976 ], [ 2266613.894325204659253, 2471331.606531215365976 ], [ 2266613.894325204659253, 2471315.428417203016579 ], [ 2266630.073546045925468, 2471299.249966090545058 ], [ 2266646.252429777756333, 2471299.249966090545058 ], [ 2266646.252429777756333, 2471283.071514978073537 ], [ 2266662.431313509587198, 2471283.071514978073537 ], [ 2266678.610197241883725, 2471283.071514978073537 ], [ 2266710.968301814980805, 2471283.071514978073537 ], [ 2266710.968301814980805, 2471266.89340096572414 ], [ 2266727.14718554681167, 2471266.89340096572414 ], [ 2266743.326069278642535, 2471266.89340096572414 ], [ 2266759.504953010939062, 2471266.89340096572414 ], [ 2266759.504953010939062, 2471283.071514978073537 ], [ 2266775.683836742769927, 2471283.071514978073537 ], [ 2266791.862720474600792, 2471283.071514978073537 ], [ 2266791.862720474600792, 2471299.249966090545058 ], [ 2266808.041941315867007, 2471299.249966090545058 ], [ 2266824.220825047697872, 2471299.249966090545058 ], [ 2266840.399708779994398, 2471299.249966090545058 ], [ 2266840.399708779994398, 2471315.428417203016579 ], [ 2266856.578592511825264, 2471315.428417203016579 ], [ 2266856.578592511825264, 2471331.606531215365976 ], [ 2266872.757476243656129, 2471331.606531215365976 ], [ 2266872.757476243656129, 2471347.784982327837497 ], [ 2266888.936697084922343, 2471347.784982327837497 ], [ 2266905.115580816753209, 2471347.784982327837497 ], [ 2266921.294464549049735, 2471347.784982327837497 ], [ 2266937.4733482808806, 2471347.784982327837497 ], [ 2266969.831115745007992, 2471347.784982327837497 ], [ 2266986.010336585808545, 2471347.784982327837497 ], [ 2267002.189220318105072, 2471347.784982327837497 ], [ 2267018.368104049935937, 2471347.784982327837497 ], [ 2267034.546987781766802, 2471347.784982327837497 ], [ 2267050.725871514063329, 2471347.784982327837497 ], [ 2267066.905092355329543, 2471331.606531215365976 ], [ 2267083.083976087160408, 2471331.606531215365976 ], [ 2267099.262859818991274, 2471315.428417203016579 ], [ 2267115.441743550822139, 2471315.428417203016579 ], [ 2267131.620627283118665, 2471315.428417203016579 ], [ 2267131.620627283118665, 2471299.249966090545058 ], [ 2267147.79984812438488, 2471299.249966090545058 ], [ 2267163.978731856215745, 2471299.249966090545058 ], [ 2267163.978731856215745, 2471283.071514978073537 ], [ 2267180.15761558804661, 2471283.071514978073537 ], [ 2267180.15761558804661, 2471266.89340096572414 ], [ 2267196.336499319877476, 2471266.89340096572414 ], [ 2267196.336499319877476, 2471250.71494985325262 ], [ 2267212.515383052174002, 2471234.536498740781099 ], [ 2267212.515383052174002, 2471218.358047627843916 ], [ 2267228.694266784004867, 2471218.358047627843916 ], [ 2267228.694266784004867, 2471202.179933615960181 ], [ 2267244.873487625271082, 2471202.179933615960181 ], [ 2267261.052371357101947, 2471186.001482503022999 ], [ 2267277.231255088932812, 2471186.001482503022999 ], [ 2267293.410138821229339, 2471186.001482503022999 ], [ 2267309.589022553060204, 2471186.001482503022999 ], [ 2267325.768243394326419, 2471202.179933615960181 ], [ 2267341.947127126157284, 2471202.179933615960181 ], [ 2267358.12601085845381, 2471202.179933615960181 ], [ 2267374.304894590284675, 2471202.179933615960181 ], [ 2267390.483778322115541, 2471186.001482503022999 ], [ 2267406.662999163381755, 2471186.001482503022999 ], [ 2267422.84188289521262, 2471186.001482503022999 ], [ 2267439.020766627509147, 2471186.001482503022999 ], [ 2267439.020766627509147, 2471169.823031390551478 ], [ 2267455.199650359340012, 2471169.823031390551478 ], [ 2267471.378534091170877, 2471153.644580278079957 ], [ 2267471.378534091170877, 2471137.46646626573056 ], [ 2267487.557417823001742, 2471137.46646626573056 ], [ 2267503.736638664267957, 2471137.46646626573056 ], [ 2267519.915522396564484, 2471121.288015153259039 ], [ 2267536.094406128395349, 2471121.288015153259039 ], [ 2267552.273289860226214, 2471121.288015153259039 ], [ 2267568.45217359252274, 2471121.288015153259039 ], [ 2267584.631394433323294, 2471121.288015153259039 ], [ 2267600.81027816561982, 2471105.109564040787518 ], [ 2267616.989161897450686, 2471105.109564040787518 ], [ 2267616.989161897450686, 2471121.288015153259039 ], [ 2267633.168045629281551, 2471137.46646626573056 ], [ 2267633.168045629281551, 2471153.644580278079957 ], [ 2267649.346929361578077, 2471153.644580278079957 ], [ 2267649.346929361578077, 2471169.823031390551478 ], [ 2267665.526150202378631, 2471169.823031390551478 ], [ 2267681.705033934675157, 2471169.823031390551478 ], [ 2267681.705033934675157, 2471186.001482503022999 ], [ 2267697.883917666506022, 2471186.001482503022999 ], [ 2267714.062801398336887, 2471186.001482503022999 ], [ 2267730.241685130633414, 2471186.001482503022999 ], [ 2267746.420568862464279, 2471169.823031390551478 ], [ 2267762.599789703730494, 2471169.823031390551478 ], [ 2267778.778673435561359, 2471153.644580278079957 ], [ 2267794.957557167392224, 2471153.644580278079957 ], [ 2267794.957557167392224, 2471169.823031390551478 ], [ 2267811.136440899688751, 2471169.823031390551478 ], [ 2267827.315324631519616, 2471169.823031390551478 ], [ 2267843.49454547278583, 2471169.823031390551478 ], [ 2267859.673429204616696, 2471169.823031390551478 ], [ 2267875.852312936447561, 2471169.823031390551478 ], [ 2267892.031196668744087, 2471169.823031390551478 ], [ 2267908.210080400574952, 2471169.823031390551478 ], [ 2267924.389301241841167, 2471169.823031390551478 ], [ 2267940.568184973672032, 2471186.001482503022999 ], [ 2267956.747068705502898, 2471186.001482503022999 ], [ 2267972.925952437799424, 2471186.001482503022999 ], [ 2267989.104836169630289, 2471186.001482503022999 ], [ 2268005.283719901461154, 2471186.001482503022999 ], [ 2268021.462940742727369, 2471186.001482503022999 ], [ 2268037.641824474558234, 2471186.001482503022999 ], [ 2268053.820708206854761, 2471169.823031390551478 ], [ 2268069.999591938685626, 2471169.823031390551478 ], [ 2268069.999591938685626, 2471186.001482503022999 ], [ 2268086.178475670516491, 2471186.001482503022999 ], [ 2268102.357696511782706, 2471186.001482503022999 ], [ 2268118.536580244079232, 2471202.179933615960181 ], [ 2268134.715463975910097, 2471202.179933615960181 ], [ 2268150.894347707740963, 2471218.358047627843916 ], [ 2268167.073231439571828, 2471218.358047627843916 ], [ 2268183.252452280838042, 2471218.358047627843916 ], [ 2268199.431336013134569, 2471218.358047627843916 ], [ 2268215.610219744965434, 2471218.358047627843916 ], [ 2268231.789103476796299, 2471218.358047627843916 ], [ 2268247.967987208627164, 2471218.358047627843916 ], [ 2268264.146870940923691, 2471218.358047627843916 ], [ 2268280.326091782189906, 2471218.358047627843916 ], [ 2268296.504975514020771, 2471218.358047627843916 ], [ 2268312.683859245851636, 2471218.358047627843916 ], [ 2268328.862742978148162, 2471218.358047627843916 ], [ 2268345.041626709979028, 2471218.358047627843916 ], [ 2268361.220847551245242, 2471218.358047627843916 ], [ 2268377.399731283076108, 2471218.358047627843916 ], [ 2268393.578615014906973, 2471218.358047627843916 ], [ 2268409.757498747203499, 2471218.358047627843916 ], [ 2268425.936382479034364, 2471202.179933615960181 ], [ 2268442.115266210865229, 2471202.179933615960181 ], [ 2268458.294487052131444, 2471202.179933615960181 ], [ 2268474.473370783962309, 2471202.179933615960181 ], [ 2268474.473370783962309, 2471186.001482503022999 ], [ 2268490.652254516258836, 2471186.001482503022999 ], [ 2268506.831138248089701, 2471186.001482503022999 ], [ 2268523.010021979920566, 2471169.823031390551478 ], [ 2268539.189242821186781, 2471169.823031390551478 ], [ 2268555.368126553017646, 2471169.823031390551478 ], [ 2268571.547010285314173, 2471169.823031390551478 ], [ 2268620.083998590242118, 2471169.823031390551478 ], [ 2268636.262882322072983, 2471186.001482503022999 ], [ 2268733.336521823424846, 2471218.358047627843916 ], [ 2268814.231277592480183, 2471266.89340096572414 ], [ 2268846.589045056141913, 2471266.89340096572414 ], [ 2268878.947149629704654, 2471250.71494985325262 ], [ 2268895.126033361535519, 2471250.71494985325262 ], [ 2268959.841568289324641, 2471266.89340096572414 ], [ 2269008.378556594252586, 2471266.89340096572414 ], [ 2269040.736324058379978, 2471250.71494985325262 ], [ 2269073.094428631477058, 2471218.358047627843916 ], [ 2269105.45219609560445, 2471186.001482503022999 ], [ 2269121.631079827435315, 2471121.288015153259039 ], [ 2269186.346951864659786, 2471040.396096691023558 ], [ 2269315.778695938643068, 2470927.14761310396716 ], [ 2269348.13646340277046, 2470894.791047979146242 ], [ 2269396.673451707698405, 2470878.612596866674721 ], [ 2269412.852335439994931, 2470862.4341457542032 ], [ 2269429.031219171825796, 2470846.256031741853803 ], [ 2269429.031219171825796, 2470797.720678403973579 ], [ 2269445.210102903656662, 2470765.364113279152662 ], [ 2269477.567870367784053, 2470733.00721105420962 ], [ 2269493.747091209050268, 2470716.829097041860223 ], [ 2269509.925974940881133, 2470619.758727467153221 ], [ 2269558.46262613683939, 2470522.688694992568344 ], [ 2269639.357381905894727, 2470441.796776530332863 ], [ 2269704.073253943119198, 2470409.440211405511945 ], [ 2269768.789125979878008, 2470344.726744055747986 ], [ 2269784.968009712174535, 2470312.369841830339283 ], [ 2269817.325777175836265, 2470280.013276705518365 ], [ 2269849.683881749399006, 2470247.656374480575323 ], [ 2269882.041649213060737, 2470182.943244230933487 ], [ 2269898.220532944891602, 2470134.407890893518925 ], [ 2269946.757521250285208, 2470069.694423543754965 ], [ 2269962.936404982116073, 2470021.159407306462526 ], [ 2269995.294172446243465, 2469891.732472606468946 ], [ 2270011.47339328750968, 2469859.375907481648028 ], [ 2270108.547032788395882, 2469778.483989019412547 ], [ 2270157.083683984354138, 2469746.12742389459163 ], [ 2270173.262567716185004, 2469697.592407657299191 ], [ 2270205.620672289282084, 2469649.057054319884628 ], [ 2270221.79955602157861, 2469632.878940307535231 ], [ 2270286.51542805833742, 2469535.808570732362568 ], [ 2270302.694311790633947, 2469503.452005608007312 ], [ 2270302.694311790633947, 2469454.916989370249212 ], [ 2270318.873195522464812, 2469406.381636032834649 ], [ 2270351.231300095561892, 2469390.203522020485252 ], [ 2270383.589067559689283, 2469357.84661979554221 ], [ 2270415.946835023351014, 2469325.490054670721292 ], [ 2270432.12571875564754, 2469309.311603558249772 ], [ 2270448.304939596448094, 2469228.419685096014291 ], [ 2270464.48382332874462, 2469196.063119971193373 ], [ 2270480.662707060575485, 2469179.884668858721852 ], [ 2270513.020474524702877, 2469163.706217746250331 ], [ 2270529.19969536550343, 2469147.528103733900934 ], [ 2270529.19969536550343, 2469131.349652621429414 ], [ 2270529.19969536550343, 2469066.636185271199793 ], [ 2270545.378579097799957, 2469050.457734158728272 ], [ 2270577.736346561461687, 2469034.279620146378875 ], [ 2270626.273334866855294, 2469018.101169033907354 ], [ 2270658.631102330517024, 2469001.922717921435833 ], [ 2270674.80998606281355, 2468985.744266808964312 ], [ 2270723.346974367741495, 2468921.030799459200352 ], [ 2270755.704741831868887, 2468888.674234334379435 ], [ 2270804.241730136796832, 2468856.317669209558517 ], [ 2270836.599497600924224, 2468823.960766984615475 ], [ 2270885.136485905852169, 2468743.068848522379994 ], [ 2270901.315369638148695, 2468710.712283397559077 ], [ 2270933.673137101810426, 2468710.712283397559077 ], [ 2270966.031241674907506, 2468694.533832285087556 ], [ 2271063.104881176259369, 2468710.712283397559077 ], [ 2271079.283764908090234, 2468710.712283397559077 ], [ 2271176.357404408976436, 2468726.890734510030597 ], [ 2271224.894392714370042, 2468726.890734510030597 ], [ 2271289.609927642159164, 2468726.890734510030597 ], [ 2271321.968032215256244, 2468726.890734510030597 ], [ 2271354.325799679383636, 2468694.533832285087556 ], [ 2271354.325799679383636, 2468678.355381172150373 ], [ 2271451.399439180269837, 2468435.679962885566056 ], [ 2271467.578322912100703, 2468387.144946648273617 ], [ 2271548.473078681156039, 2468322.431479298509657 ], [ 2271564.652299522422254, 2468322.431479298509657 ], [ 2271580.831183254718781, 2468306.25336528616026 ], [ 2271613.188950718380511, 2468306.25336528616026 ], [ 2271694.083706487435848, 2468290.07491417368874 ], [ 2271726.441473951563239, 2468273.896463061217219 ], [ 2271742.620694792829454, 2468257.718011948280036 ], [ 2271807.336229720618576, 2468128.291414348874241 ], [ 2271823.515450561884791, 2468112.11296323640272 ], [ 2271872.052101757843047, 2468079.756061011459678 ], [ 2271904.409869221504778, 2468079.756061011459678 ], [ 2271952.946857526898384, 2468079.756061011459678 ], [ 2272033.841613295953721, 2468112.11296323640272 ], [ 2272050.020497027784586, 2468128.291414348874241 ], [ 2272114.736369065009058, 2468176.82643058616668 ], [ 2272130.915252796839923, 2468176.82643058616668 ], [ 2272163.273020260967314, 2468160.647979473695159 ], [ 2272195.631124834064394, 2468128.291414348874241 ], [ 2272260.346996870823205, 2468047.399495886638761 ], [ 2272325.062531799077988, 2467982.686028536874801 ], [ 2272341.241752640344203, 2467966.50757742440328 ], [ 2272454.49427587306127, 2467950.329463412053883 ], [ 2272486.852043337188661, 2467934.151012299582362 ], [ 2272503.030927069019526, 2467917.972561187110841 ], [ 2272519.210147910285741, 2467869.437544949818403 ], [ 2272519.210147910285741, 2467788.545626487117261 ], [ 2272551.567915373947471, 2467723.832159137353301 ], [ 2272583.925682838074863, 2467691.475594012532383 ], [ 2272729.536310644354671, 2467594.405224437825382 ], [ 2272761.894078108016402, 2467562.048659313004464 ], [ 2272778.073298949282616, 2467529.692094188183546 ], [ 2272794.252182681579143, 2467497.335191963240504 ], [ 2272794.252182681579143, 2467400.265159488655627 ], [ 2272810.431066413410008, 2467351.729806150775403 ], [ 2272810.431066413410008, 2467335.551692138426006 ], [ 2272988.399461683351547, 2467206.124757438898087 ], [ 2273036.936449988745153, 2467189.946306326426566 ], [ 2273085.47310118470341, 2467157.589741201605648 ], [ 2273166.367856953758746, 2467157.589741201605648 ], [ 2273231.083728990517557, 2467157.589741201605648 ], [ 2273263.441496454644948, 2467157.589741201605648 ], [ 2273311.978484759572893, 2467173.767855213955045 ], [ 2273392.873240529093891, 2467206.124757438898087 ], [ 2273748.810031068976969, 2467707.654045125003904 ], [ 2273764.988914801273495, 2467707.654045125003904 ], [ 2273910.599542607087642, 2467723.832159137353301 ], [ 2273991.494298376142979, 2467707.654045125003904 ], [ 2274137.104589073453099, 2467707.654045125003904 ], [ 2274234.1782285743393, 2467675.297142900060862 ], [ 2274347.431088916491717, 2467642.940577775239944 ], [ 2274460.683612149674445, 2467594.405224437825382 ], [ 2274541.578367918729782, 2467594.405224437825382 ], [ 2274606.294239955954254, 2467594.405224437825382 ], [ 2274671.009774883743376, 2467578.227110425475985 ], [ 2274671.009774883743376, 2467562.048659313004464 ], [ 2274703.367879456840456, 2467578.227110425475985 ], [ 2274735.725646920967847, 2467594.405224437825382 ], [ 2274751.904530652798712, 2467594.405224437825382 ], [ 2274784.262635225895792, 2467562.048659313004464 ], [ 2274800.441518957726657, 2467562.048659313004464 ], [ 2274816.620402690023184, 2467562.048659313004464 ], [ 2274832.799286421854049, 2467578.227110425475985 ], [ 2274881.336274726781994, 2467513.513643075712025 ], [ 2274881.336274726781994, 2467481.156740850768983 ], [ 2274897.515158459078521, 2467384.086708376184106 ], [ 2274929.872925922740251, 2467367.908257263246924 ], [ 2274994.588797959964722, 2467335.551692138426006 ], [ 2275043.125786264892668, 2467287.016675901133567 ], [ 2275075.483553729020059, 2467222.303208551369607 ], [ 2275107.841321193147451, 2467173.767855213955045 ], [ 2275140.199425766244531, 2467109.054724964313209 ], [ 2275140.199425766244531, 2467076.697822739370167 ], [ 2275140.199425766244531, 2467028.162806502077729 ], [ 2275140.199425766244531, 2466995.805904276669025 ], [ 2275107.841321193147451, 2466931.092436926905066 ], [ 2275091.662437460850924, 2466898.735871802084148 ], [ 2275075.483553729020059, 2466834.022404452320188 ], [ 2275026.946902533061802, 2466720.77392086526379 ], [ 2275026.946902533061802, 2466704.595469752792269 ], [ 2275026.946902533061802, 2466639.882002403028309 ], [ 2275059.304669997189194, 2466542.811969928443432 ], [ 2275059.304669997189194, 2466494.276953690685332 ], [ 2275043.125786264892668, 2466429.563486340921372 ], [ 2275043.125786264892668, 2466397.20658411597833 ], [ 2275043.125786264892668, 2466381.028470103628933 ], [ 2275043.125786264892668, 2466364.850018991157413 ], [ 2275091.662437460850924, 2466316.315002753864974 ], [ 2275124.020542033948004, 2466300.136551641393453 ], [ 2275172.557193229906261, 2466267.779649416450411 ] ] } },
{ "type": "Feature", "properties": { }, "geometry": { "type": "LineString", "coordinates": [ [ 2231748.26436490053311, 2472302.308204362634569 ], [ 2231861.516888133250177, 2472286.130090350285172 ], [ 2231958.59052763460204, 2472286.130090350285172 ], [ 2232023.306399671826512, 2472253.773188125342131 ], [ 2232120.380039172712713, 2472237.59473701287061 ], [ 2232185.095911209937185, 2472237.59473701287061 ], [ 2232298.348434442654252, 2472237.59473701287061 ], [ 2232460.137945980764925, 2472221.416623000521213 ], [ 2232557.211585482116789, 2472221.416623000521213 ], [ 2232621.927457518875599, 2472205.238171888049692 ], [ 2232686.64332955610007, 2472205.238171888049692 ], [ 2232783.716969057451934, 2472205.238171888049692 ], [ 2232848.432503985241055, 2472189.059720775578171 ], [ 2232913.148376021999866, 2472189.059720775578171 ], [ 2232994.043131791055202, 2472140.524704538285732 ], [ 2233010.222015523351729, 2472124.346253425814211 ], [ 2233026.400899255182594, 2472075.811237188521773 ], [ 2233042.580120096448809, 2471994.919318725820631 ], [ 2233042.580120096448809, 2471962.562753600999713 ], [ 2233058.759003828279674, 2471930.206188476178795 ], [ 2233074.9378875605762, 2471914.027737363707274 ], [ 2233107.295655024237931, 2471865.492721126414835 ], [ 2233155.832643329631537, 2471768.422351551707834 ], [ 2233204.369631634559482, 2471638.995416851714253 ], [ 2233252.906282830517739, 2471541.925384377129376 ], [ 2233333.801038599573076, 2471380.141884552780539 ], [ 2233366.158806063700467, 2471299.249966090545058 ], [ 2233366.158806063700467, 2471250.71494985325262 ], [ 2233382.338026904501021, 2471218.358047627843916 ], [ 2233414.695794368628412, 2471169.823031390551478 ], [ 2233447.053561832755804, 2471105.109564040787518 ], [ 2233463.232782673556358, 2471088.931112928315997 ], [ 2233511.769433869514614, 2471040.396096691023558 ], [ 2233576.485305906739086, 2470991.86108045373112 ], [ 2233657.380061675794423, 2470943.326064216438681 ], [ 2233722.095933713018894, 2470927.14761310396716 ], [ 2233786.811468640808016, 2470910.969161991495639 ], [ 2233819.169573213905096, 2470910.969161991495639 ], [ 2233883.885108141694218, 2470894.791047979146242 ], [ 2233916.243212715256959, 2470894.791047979146242 ], [ 2233980.959084752015769, 2470894.791047979146242 ], [ 2233997.137968484312296, 2470894.791047979146242 ], [ 2234078.032724253367633, 2470910.969161991495639 ], [ 2234142.748259181156754, 2470910.969161991495639 ], [ 2234191.2852474860847, 2470910.969161991495639 ], [ 2234223.643014950212091, 2470910.969161991495639 ], [ 2234320.716991560533643, 2470927.14761310396716 ], [ 2234385.432526488322765, 2470943.326064216438681 ], [ 2234450.148398525547236, 2470975.682629341259599 ], [ 2234482.506165989208966, 2470975.682629341259599 ], [ 2234531.043154294602573, 2470991.86108045373112 ], [ 2234838.442956529557705, 2471040.396096691023558 ], [ 2234870.801061102654785, 2471040.396096691023558 ], [ 2234903.158828566782176, 2471040.396096691023558 ], [ 2234935.516933139879256, 2471040.396096691023558 ], [ 2234951.695816871710122, 2471024.217982678674161 ], [ 2234967.874700604006648, 2471024.217982678674161 ], [ 2235000.232468067668378, 2471008.039531566202641 ], [ 2235064.94834010489285, 2471024.217982678674161 ], [ 2235081.127223836723715, 2471024.217982678674161 ], [ 2235113.485328409820795, 2471040.396096691023558 ], [ 2235129.664212142117321, 2471056.574547803495079 ], [ 2235194.380084178876132, 2471072.7529989159666 ], [ 2235307.63260741205886, 2471088.931112928315997 ], [ 2235404.706246912945062, 2471088.931112928315997 ], [ 2235453.243235218338668, 2471088.931112928315997 ], [ 2235534.137990987394005, 2471088.931112928315997 ], [ 2235598.853525915183127, 2471072.7529989159666 ], [ 2235631.211630488280207, 2471072.7529989159666 ], [ 2235647.390514220576733, 2471072.7529989159666 ], [ 2235663.569397952407598, 2471072.7529989159666 ], [ 2235695.927165416069329, 2471056.574547803495079 ], [ 2235712.106386257335544, 2471056.574547803495079 ], [ 2235744.464153721462935, 2471056.574547803495079 ], [ 2235841.537793222349137, 2471040.396096691023558 ], [ 2235890.074781527742743, 2471040.396096691023558 ], [ 2235906.253665259573609, 2471040.396096691023558 ], [ 2235954.790316455531865, 2471024.217982678674161 ], [ 2236003.32730476045981, 2471024.217982678674161 ], [ 2236035.685072224587202, 2471008.039531566202641 ], [ 2236084.222060529515147, 2471008.039531566202641 ], [ 2236116.579827993642539, 2471008.039531566202641 ], [ 2236165.116816298570484, 2471024.217982678674161 ], [ 2236181.29570003086701, 2471040.396096691023558 ], [ 2236197.474583762697875, 2471040.396096691023558 ], [ 2236229.832688335794955, 2471040.396096691023558 ], [ 2236278.369339531753212, 2471040.396096691023558 ], [ 2236294.548223263584077, 2471040.396096691023558 ], [ 2236326.906327837146819, 2471056.574547803495079 ], [ 2236359.264095300808549, 2471056.574547803495079 ], [ 2236391.621862764935941, 2471056.574547803495079 ], [ 2236440.158851069863886, 2471072.7529989159666 ], [ 2236456.337734801694751, 2471072.7529989159666 ], [ 2236488.695839375257492, 2471072.7529989159666 ], [ 2236521.053606838919222, 2471072.7529989159666 ], [ 2236569.590258034877479, 2471088.931112928315997 ], [ 2236618.127246340271086, 2471121.288015153259039 ], [ 2236634.306130072101951, 2471121.288015153259039 ], [ 2236682.843118377029896, 2471137.46646626573056 ], [ 2236715.200885841157287, 2471137.46646626573056 ], [ 2236747.558990414254367, 2471153.644580278079957 ], [ 2236779.916757878381759, 2471153.644580278079957 ], [ 2236796.095641610212624, 2471153.644580278079957 ], [ 2236828.453409073874354, 2471153.644580278079957 ], [ 2236844.632629915140569, 2471169.823031390551478 ], [ 2236876.990397379267961, 2471169.823031390551478 ], [ 2236909.348164843395352, 2471169.823031390551478 ], [ 2236925.527385684195906, 2471169.823031390551478 ], [ 2236941.706269416492432, 2471169.823031390551478 ], [ 2236957.885153148323298, 2471153.644580278079957 ], [ 2236974.064036880154163, 2471153.644580278079957 ], [ 2236990.242920612450689, 2471169.823031390551478 ], [ 2237006.422141453251243, 2471169.823031390551478 ], [ 2237022.601025185547769, 2471169.823031390551478 ], [ 2237038.779908917378634, 2471169.823031390551478 ], [ 2237054.958792649209499, 2471153.644580278079957 ], [ 2237087.316560113336891, 2471121.288015153259039 ], [ 2237152.032432150561363, 2471088.931112928315997 ], [ 2237168.211315882392228, 2471072.7529989159666 ], [ 2237200.569420455489308, 2471056.574547803495079 ], [ 2237265.285292492713779, 2471056.574547803495079 ], [ 2237297.64305995637551, 2471040.396096691023558 ], [ 2237313.821943688672036, 2471040.396096691023558 ], [ 2237427.074466921389103, 2471072.7529989159666 ], [ 2237443.253687762655318, 2471072.7529989159666 ], [ 2237475.611455226782709, 2471088.931112928315997 ], [ 2237540.327327264007181, 2471088.931112928315997 ], [ 2237556.506210995838046, 2471088.931112928315997 ], [ 2237572.685094727668911, 2471105.109564040787518 ], [ 2237588.863978459499776, 2471121.288015153259039 ], [ 2237605.042862191796303, 2471137.46646626573056 ], [ 2237669.758734229020774, 2471218.358047627843916 ], [ 2237702.116838802117854, 2471250.71494985325262 ], [ 2237750.653489998076111, 2471266.89340096572414 ], [ 2237783.011257461737841, 2471266.89340096572414 ], [ 2237815.369362034834921, 2471283.071514978073537 ], [ 2237847.727129498962313, 2471283.071514978073537 ], [ 2237896.264117803890258, 2471283.071514978073537 ], [ 2237944.800768999848515, 2471266.89340096572414 ], [ 2237977.158873572945595, 2471266.89340096572414 ], [ 2238009.516641037072986, 2471266.89340096572414 ], [ 2238025.695524768903852, 2471266.89340096572414 ], [ 2238041.874408501200378, 2471283.071514978073537 ], [ 2238074.232513074297458, 2471299.249966090545058 ], [ 2238106.590280537959188, 2471315.428417203016579 ], [ 2238138.94838511152193, 2471315.428417203016579 ], [ 2238171.30615257518366, 2471315.428417203016579 ], [ 2238333.095664113294333, 2471250.71494985325262 ], [ 2238381.63231530925259, 2471234.536498740781099 ], [ 2238430.169303614646196, 2471218.358047627843916 ], [ 2238446.348187346477062, 2471202.179933615960181 ], [ 2238462.527071078307927, 2471202.179933615960181 ], [ 2238478.706291919574142, 2471202.179933615960181 ], [ 2238511.064059383701533, 2471218.358047627843916 ], [ 2238511.064059383701533, 2471234.536498740781099 ], [ 2238527.242943115532398, 2471266.89340096572414 ], [ 2238543.421826847363263, 2471283.071514978073537 ], [ 2238608.137698884587735, 2471315.428417203016579 ], [ 2238672.853570921812207, 2471347.784982327837497 ], [ 2238689.032454653643072, 2471363.963433440309018 ], [ 2238753.748326690867543, 2471412.498449677601457 ], [ 2238867.00084992358461, 2471493.390368139836937 ], [ 2238899.358617387712002, 2471509.568819252308458 ], [ 2238931.716721960809082, 2471525.746933264657855 ], [ 2238947.895605692639947, 2471525.746933264657855 ], [ 2239044.96924519399181, 2471558.103835489600897 ], [ 2239077.32701265765354, 2471558.103835489600897 ], [ 2239174.400989267975092, 2471606.638851726893336 ], [ 2239206.758756732102484, 2471622.817302839830518 ], [ 2239271.474628769326955, 2471655.173867964651436 ], [ 2239336.190163697116077, 2471671.352319077122957 ], [ 2239497.97967523522675, 2471719.887335314415395 ], [ 2239530.33777980832383, 2471736.065786426886916 ], [ 2239546.516663540154696, 2471736.065786426886916 ], [ 2239562.695547272451222, 2471736.065786426886916 ], [ 2239611.232535577379167, 2471719.887335314415395 ], [ 2239659.769186773337424, 2471703.708884201943874 ], [ 2239675.948070505168289, 2471703.708884201943874 ], [ 2239870.095686616376042, 2471606.638851726893336 ], [ 2240015.705977313686162, 2471541.925384377129376 ], [ 2240096.600733082741499, 2471509.568819252308458 ], [ 2240177.495488851796836, 2471493.390368139836937 ], [ 2240258.390244620852172, 2471444.855351902544498 ], [ 2240371.642767853569239, 2471412.498449677601457 ], [ 2240404.000872427131981, 2471396.319998565129936 ], [ 2240484.895628196187317, 2471331.606531215365976 ], [ 2240581.969267697073519, 2471299.249966090545058 ], [ 2240614.327035161200911, 2471283.071514978073537 ], [ 2240662.864023466128856, 2471283.071514978073537 ], [ 2240679.042907197959721, 2471283.071514978073537 ], [ 2240695.221790930256248, 2471266.89340096572414 ], [ 2240711.400674662087113, 2471266.89340096572414 ], [ 2240776.116546699311584, 2471234.536498740781099 ], [ 2240792.295430431142449, 2471218.358047627843916 ], [ 2240873.190186200197786, 2471202.179933615960181 ], [ 2240889.369069932028651, 2471202.179933615960181 ], [ 2240905.548290773294866, 2471218.358047627843916 ], [ 2240921.727174505591393, 2471218.358047627843916 ], [ 2240937.906058237422258, 2471250.71494985325262 ], [ 2240970.263825701083988, 2471266.89340096572414 ], [ 2241034.97969773830846, 2471299.249966090545058 ], [ 2241083.516686043702066, 2471347.784982327837497 ], [ 2241099.695569775532931, 2471363.963433440309018 ] ] } }
]
}
