{
"type": "FeatureCollection",
"name": "fdp",
"crs": { "type": "name", "properties": { "name": "urn:ogc:def:crs:EPSG::3111" } },
"features": [
{ "type": "Feature", "properties": { }, "geometry": { "type": "LineString", "coordinates": [ [ 2683346.911810222547501, 2565272.501276094466448 ], [ 2683500.595997019670904, 2565195.659541121218354 ], [ 2683500.595997019670904, 2565118.816205011215061 ], [ 2683423.753903621342033, 2565118.816205011215061 ], [ 2683346.911810222547501, 2565041.972868901211768 ], [ 2683346.911810222547501, 2564965.129532791208476 ], [ 2683270.069716824218631, 2564965.129532791208476 ], [ 2683270.069716824218631, 2565041.972868901211768 ], [ 2683346.911810222547501, 2565195.659541121218354 ], [ 2683270.069716824218631, 2565195.659541121218354 ], [ 2683270.069716824218631, 2565118.816205011215061 ], [ 2683116.383928916417062, 2565041.972868901211768 ], [ 2683116.383928916417062, 2564965.129532791208476 ], [ 2683039.541835518088192, 2564965.129532791208476 ], [ 2683039.541835518088192, 2564888.287797817960382 ], [ 2682962.69974211929366, 2564888.287797817960382 ], [ 2682885.857648720964789, 2564811.444461707957089 ], [ 2682962.69974211929366, 2564734.601125597953796 ], [ 2682962.69974211929366, 2564657.757789488416165 ], [ 2682885.857648720964789, 2564580.91605451470241 ], [ 2682809.013954211957753, 2564657.757789488416165 ], [ 2682732.171860813163221, 2564580.91605451470241 ], [ 2682732.171860813163221, 2564504.072718404699117 ], [ 2682809.013954211957753, 2564504.072718404699117 ], [ 2682885.857648720964789, 2564580.91605451470241 ], [ 2682962.69974211929366, 2564504.072718404699117 ], [ 2683039.541835518088192, 2564504.072718404699117 ], [ 2683039.541835518088192, 2564427.229382295161486 ], [ 2682962.69974211929366, 2564427.229382295161486 ], [ 2682885.857648720964789, 2564504.072718404699117 ], [ 2682885.857648720964789, 2564427.229382295161486 ], [ 2682809.013954211957753, 2564350.386046185158193 ], [ 2682732.171860813163221, 2564350.386046185158193 ], [ 2682732.171860813163221, 2564273.544311211444438 ], [ 2682732.171860813163221, 2564196.700975101906806 ], [ 2682732.171860813163221, 2564119.857638991903514 ], [ 2682732.171860813163221, 2564043.015904018189758 ], [ 2682809.013954211957753, 2563966.172567908652127 ], [ 2682809.013954211957753, 2563812.485895688645542 ], [ 2682962.69974211929366, 2563735.644160715397447 ], [ 2682962.69974211929366, 2563658.800824605394155 ], [ 2682809.013954211957753, 2563581.957488495390862 ], [ 2682732.171860813163221, 2563581.957488495390862 ], [ 2682655.32976741483435, 2563505.114152385853231 ], [ 2682732.171860813163221, 2563428.272417412139475 ], [ 2682809.013954211957753, 2563428.272417412139475 ], [ 2682885.857648720964789, 2563428.272417412139475 ], [ 2682885.857648720964789, 2563351.429081302136183 ], [ 2682885.857648720964789, 2563274.585745192598552 ], [ 2682809.013954211957753, 2563197.744010218884796 ], [ 2682732.171860813163221, 2563120.900674108881503 ], [ 2682732.171860813163221, 2563044.057337999343872 ], [ 2682732.171860813163221, 2562967.21400188934058 ], [ 2682655.32976741483435, 2562890.372266915626824 ], [ 2682732.171860813163221, 2562813.528930806089193 ], [ 2682809.013954211957753, 2562736.6855946960859 ], [ 2682885.857648720964789, 2562736.6855946960859 ], [ 2682885.857648720964789, 2562813.528930806089193 ], [ 2682809.013954211957753, 2562890.372266915626824 ], [ 2682885.857648720964789, 2562890.372266915626824 ], [ 2682962.69974211929366, 2562813.528930806089193 ], [ 2682962.69974211929366, 2562890.372266915626824 ], [ 2683039.541835518088192, 2562890.372266915626824 ], [ 2683193.226022315211594, 2562967.21400188934058 ], [ 2683346.911810222547501, 2562890.372266915626824 ], [ 2683423.753903621342033, 2562890.372266915626824 ], [ 2683423.753903621342033, 2562813.528930806089193 ], [ 2683346.911810222547501, 2562813.528930806089193 ], [ 2683270.069716824218631, 2562813.528930806089193 ], [ 2683270.069716824218631, 2562736.6855946960859 ], [ 2683346.911810222547501, 2562736.6855946960859 ], [ 2683423.753903621342033, 2562659.842258586082608 ], [ 2683500.595997019670904, 2562736.6855946960859 ], [ 2683577.438090418465436, 2562736.6855946960859 ], [ 2683654.280183816794306, 2562659.842258586082608 ], [ 2683577.438090418465436, 2562583.000523612834513 ], [ 2683500.595997019670904, 2562506.157187502831221 ], [ 2683500.595997019670904, 2562429.313851392827928 ], [ 2683577.438090418465436, 2562429.313851392827928 ], [ 2683577.438090418465436, 2562506.157187502831221 ], [ 2683654.280183816794306, 2562506.157187502831221 ], [ 2683654.280183816794306, 2562275.628780309576541 ], [ 2683577.438090418465436, 2562275.628780309576541 ], [ 2683500.595997019670904, 2562275.628780309576541 ], [ 2683423.753903621342033, 2562198.785444199573249 ], [ 2683500.595997019670904, 2562198.785444199573249 ], [ 2683654.280183816794306, 2562198.785444199573249 ], [ 2683654.280183816794306, 2561968.257037006318569 ], [ 2683577.438090418465436, 2561968.257037006318569 ], [ 2683577.438090418465436, 2562045.100373116321862 ], [ 2683500.595997019670904, 2562045.100373116321862 ], [ 2683423.753903621342033, 2561968.257037006318569 ], [ 2683500.595997019670904, 2561968.257037006318569 ], [ 2683500.595997019670904, 2561891.413700896315277 ], [ 2683500.595997019670904, 2561737.72862981306389 ], [ 2683423.753903621342033, 2561660.885293703060597 ], [ 2683423.753903621342033, 2561584.041957593522966 ], [ 2683654.280183816794306, 2561660.885293703060597 ], [ 2683731.123878325801343, 2561660.885293703060597 ], [ 2683807.965971724595875, 2561660.885293703060597 ], [ 2683884.808065122924745, 2561737.72862981306389 ], [ 2683961.650158521719277, 2561737.72862981306389 ], [ 2684806.916388127021492, 2561968.257037006318569 ], [ 2684883.758481525350362, 2561968.257037006318569 ], [ 2684806.916388127021492, 2562121.942108089569956 ], [ 2684960.602176034357399, 2562198.785444199573249 ], [ 2684960.602176034357399, 2562045.100373116321862 ], [ 2686266.922567141707987, 2562429.313851392827928 ], [ 2686343.764660540036857, 2562429.313851392827928 ], [ 2686651.134635244961828, 2562583.000523612834513 ], [ 2686804.81882204208523, 2562045.100373116321862 ], [ 2686804.81882204208523, 2561968.257037006318569 ], [ 2687112.188796747010201, 2562121.942108089569956 ], [ 2687419.558771451469511, 2562198.785444199573249 ], [ 2688264.825001056771725, 2562045.100373116321862 ], [ 2688649.037069160025567, 2561968.257037006318569 ], [ 2688725.879162558820099, 2561968.257037006318569 ], [ 2689186.933324060868472, 2561891.413700896315277 ], [ 2690185.883740463294089, 2561660.885293703060597 ], [ 2690570.09580856654793, 2559125.069612304680049 ], [ 2690493.253715167753398, 2559125.069612304680049 ], [ 2690416.411621769424528, 2559125.069612304680049 ], [ 2690339.569528370629996, 2559125.069612304680049 ], [ 2690339.569528370629996, 2559048.226276194676757 ], [ 2690339.569528370629996, 2558971.382940085139126 ], [ 2690262.727434972301126, 2558971.382940085139126 ], [ 2690262.727434972301126, 2558894.54120511142537 ], [ 2690339.569528370629996, 2558894.54120511142537 ], [ 2690339.569528370629996, 2558817.697869001422077 ], [ 2690339.569528370629996, 2558740.854532891884446 ], [ 2690339.569528370629996, 2558664.011196781881154 ], [ 2690339.569528370629996, 2558587.169461808167398 ], [ 2690339.569528370629996, 2558510.326125698629767 ], [ 2690339.569528370629996, 2558433.482789588626474 ], [ 2690339.569528370629996, 2558356.639453478623182 ], [ 2690339.569528370629996, 2558279.797718505375087 ], [ 2690262.727434972301126, 2558279.797718505375087 ], [ 2690262.727434972301126, 2558202.954382395371795 ], [ 2690185.883740463294089, 2558126.111046285368502 ], [ 2690185.883740463294089, 2558049.267710175830871 ], [ 2690109.041647064499557, 2558049.267710175830871 ], [ 2690109.041647064499557, 2557972.425975202117115 ], [ 2690032.199553665705025, 2557895.582639092113823 ], [ 2690109.041647064499557, 2557818.739302982576191 ], [ 2690109.041647064499557, 2557741.897568008862436 ], [ 2690109.041647064499557, 2557665.054231898859143 ], [ 2690109.041647064499557, 2557588.210895789321512 ], [ 2690109.041647064499557, 2557511.367559679318219 ], [ 2690109.041647064499557, 2557434.525824705604464 ], [ 2690109.041647064499557, 2557357.682488596066833 ], [ 2690109.041647064499557, 2557280.83915248606354 ], [ 2690185.883740463294089, 2557203.995816376060247 ], [ 2690185.883740463294089, 2557127.154081402812153 ], [ 2690262.727434972301126, 2557127.154081402812153 ], [ 2690262.727434972301126, 2557050.310745292808861 ], [ 2690339.569528370629996, 2557050.310745292808861 ], [ 2690416.411621769424528, 2556973.467409182805568 ], [ 2690493.253715167753398, 2556973.467409182805568 ], [ 2690493.253715167753398, 2556896.625674209557474 ], [ 2690416.411621769424528, 2556896.625674209557474 ], [ 2690339.569528370629996, 2556896.625674209557474 ], [ 2690262.727434972301126, 2556896.625674209557474 ], [ 2690262.727434972301126, 2556973.467409182805568 ], [ 2690185.883740463294089, 2556973.467409182805568 ], [ 2690109.041647064499557, 2556973.467409182805568 ], [ 2690032.199553665705025, 2557050.310745292808861 ], [ 2689955.357460267376155, 2557127.154081402812153 ], [ 2689878.515366868581623, 2557203.995816376060247 ], [ 2689801.671672359574586, 2557203.995816376060247 ], [ 2689801.671672359574586, 2557127.154081402812153 ], [ 2689801.671672359574586, 2557050.310745292808861 ], [ 2689801.671672359574586, 2556973.467409182805568 ], [ 2689801.671672359574586, 2556896.625674209557474 ], [ 2689801.671672359574586, 2556819.782338099554181 ], [ 2689801.671672359574586, 2556742.939001989550889 ], [ 2689724.829578961245716, 2556742.939001989550889 ], [ 2689647.987485562451184, 2556666.095665879547596 ], [ 2689571.145392164122313, 2556589.253930906299502 ], [ 2689571.145392164122313, 2556512.410594796296209 ], [ 2689494.303298765327781, 2556512.410594796296209 ], [ 2689494.303298765327781, 2556589.253930906299502 ], [ 2689417.459604256320745, 2556589.253930906299502 ], [ 2689417.459604256320745, 2556666.095665879547596 ], [ 2689340.617510857991874, 2556589.253930906299502 ], [ 2689263.775417459197342, 2556589.253930906299502 ], [ 2689186.933324060868472, 2556589.253930906299502 ], [ 2689186.933324060868472, 2556512.410594796296209 ], [ 2689110.09123066207394, 2556435.567258686292917 ], [ 2689033.24913726374507, 2556435.567258686292917 ], [ 2689033.24913726374507, 2556358.723922576755285 ], [ 2689033.24913726374507, 2556281.88218760304153 ], [ 2689033.24913726374507, 2556205.038851493038237 ], [ 2689033.24913726374507, 2556128.195515383500606 ], [ 2689033.24913726374507, 2556051.352179273497313 ], [ 2689033.24913726374507, 2555974.510444299783558 ], [ 2688956.405442754738033, 2555974.510444299783558 ], [ 2688956.405442754738033, 2555897.667108190245926 ], [ 2688879.563349355943501, 2555897.667108190245926 ], [ 2688879.563349355943501, 2555820.823772080242634 ], [ 2688879.563349355943501, 2555743.982037106528878 ], [ 2688956.405442754738033, 2555743.982037106528878 ], [ 2688879.563349355943501, 2555667.138700996991247 ], [ 2688879.563349355943501, 2555590.295364886987954 ], [ 2688956.405442754738033, 2555590.295364886987954 ], [ 2688956.405442754738033, 2555513.452028776984662 ], [ 2688956.405442754738033, 2555436.610293803736567 ], [ 2689033.24913726374507, 2555436.610293803736567 ], [ 2689110.09123066207394, 2555436.610293803736567 ], [ 2689186.933324060868472, 2555359.766957693733275 ], [ 2689263.775417459197342, 2555359.766957693733275 ], [ 2689340.617510857991874, 2555359.766957693733275 ], [ 2689340.617510857991874, 2555282.923621583729982 ], [ 2689263.775417459197342, 2555282.923621583729982 ], [ 2689186.933324060868472, 2555206.080285474192351 ], [ 2689110.09123066207394, 2555206.080285474192351 ], [ 2689033.24913726374507, 2555129.238550500478595 ], [ 2688956.405442754738033, 2555052.395214390475303 ], [ 2688879.563349355943501, 2555052.395214390475303 ], [ 2688879.563349355943501, 2554975.551878280937672 ], [ 2688802.721255957148969, 2554975.551878280937672 ], [ 2688802.721255957148969, 2554898.708542170934379 ], [ 2688802.721255957148969, 2554821.866807197220623 ], [ 2688725.879162558820099, 2554821.866807197220623 ], [ 2688725.879162558820099, 2554745.023471087682992 ], [ 2688802.721255957148969, 2554745.023471087682992 ], [ 2688802.721255957148969, 2554668.1801349776797 ], [ 2688879.563349355943501, 2554668.1801349776797 ], [ 2688956.405442754738033, 2554591.338400003965944 ], [ 2688956.405442754738033, 2554514.495063894428313 ], [ 2688879.563349355943501, 2554437.65172778442502 ], [ 2688879.563349355943501, 2554360.808391674421728 ], [ 2688956.405442754738033, 2554360.808391674421728 ], [ 2689033.24913726374507, 2554283.966656701173633 ], [ 2689033.24913726374507, 2554207.123320591170341 ], [ 2689033.24913726374507, 2554130.279984481167048 ], [ 2688956.405442754738033, 2554130.279984481167048 ], [ 2688956.405442754738033, 2554053.436648371163756 ], [ 2689033.24913726374507, 2553976.594913397915661 ], [ 2689033.24913726374507, 2553899.751577287912369 ], [ 2689110.09123066207394, 2553899.751577287912369 ], [ 2689186.933324060868472, 2553899.751577287912369 ], [ 2689263.775417459197342, 2553899.751577287912369 ], [ 2689263.775417459197342, 2553822.908241177909076 ], [ 2689263.775417459197342, 2553669.223170094657689 ], [ 2689263.775417459197342, 2553592.379833984654397 ], [ 2689340.617510857991874, 2553592.379833984654397 ], [ 2689340.617510857991874, 2553515.536497875116765 ], [ 2689340.617510857991874, 2553438.69476290140301 ], [ 2689417.459604256320745, 2553438.69476290140301 ], [ 2689494.303298765327781, 2553438.69476290140301 ], [ 2689494.303298765327781, 2553361.851426791399717 ], [ 2689571.145392164122313, 2553361.851426791399717 ], [ 2689647.987485562451184, 2553361.851426791399717 ], [ 2689724.829578961245716, 2553361.851426791399717 ], [ 2689647.987485562451184, 2553361.851426791399717 ], [ 2689571.145392164122313, 2553285.008090681862086 ], [ 2689494.303298765327781, 2553285.008090681862086 ], [ 2689417.459604256320745, 2553208.164754571858793 ], [ 2689417.459604256320745, 2553131.323019598145038 ], [ 2689340.617510857991874, 2553131.323019598145038 ], [ 2689340.617510857991874, 2553054.479683488607407 ], [ 2689263.775417459197342, 2553054.479683488607407 ], [ 2689186.933324060868472, 2553054.479683488607407 ], [ 2689186.933324060868472, 2552977.636347378604114 ], [ 2689186.933324060868472, 2552900.793011268600821 ], [ 2689186.933324060868472, 2552823.951276295352727 ], [ 2689263.775417459197342, 2552747.107940185349435 ], [ 2689263.775417459197342, 2552670.264604075346142 ], [ 2689263.775417459197342, 2552593.422869102098048 ], [ 2689263.775417459197342, 2552516.579532992094755 ], [ 2689340.617510857991874, 2552516.579532992094755 ], [ 2689340.617510857991874, 2552439.736196882091463 ], [ 2689340.617510857991874, 2552362.892860772553831 ], [ 2689340.617510857991874, 2552286.051125798840076 ], [ 2689340.617510857991874, 2552209.207789688836783 ], [ 2689340.617510857991874, 2552132.364453579299152 ], [ 2689340.617510857991874, 2552055.521117469295859 ], [ 2689340.617510857991874, 2551978.679382495582104 ], [ 2689417.459604256320745, 2551978.679382495582104 ], [ 2689417.459604256320745, 2551901.836046386044472 ], [ 2689494.303298765327781, 2551901.836046386044472 ], [ 2689494.303298765327781, 2551824.99271027604118 ], [ 2689494.303298765327781, 2551748.149374166037887 ], [ 2689494.303298765327781, 2551671.307639192789793 ], [ 2689571.145392164122313, 2551594.4643030827865 ], [ 2689571.145392164122313, 2551517.620966972783208 ], [ 2689571.145392164122313, 2551440.779231999535114 ], [ 2689571.145392164122313, 2551363.935895889531821 ], [ 2689647.987485562451184, 2551287.092559779528528 ], [ 2689647.987485562451184, 2551210.249223669525236 ], [ 2689647.987485562451184, 2551133.407488696277142 ], [ 2689724.829578961245716, 2551133.407488696277142 ], [ 2689801.671672359574586, 2551133.407488696277142 ], [ 2689878.515366868581623, 2551133.407488696277142 ], [ 2689878.515366868581623, 2551210.249223669525236 ], [ 2689955.357460267376155, 2551210.249223669525236 ], [ 2689955.357460267376155, 2551133.407488696277142 ], [ 2690032.199553665705025, 2551056.564152586273849 ], [ 2690109.041647064499557, 2551056.564152586273849 ], [ 2690109.041647064499557, 2551133.407488696277142 ], [ 2690185.883740463294089, 2551056.564152586273849 ], [ 2690109.041647064499557, 2551056.564152586273849 ], [ 2690109.041647064499557, 2550979.720816476270556 ], [ 2690032.199553665705025, 2550979.720816476270556 ], [ 2689955.357460267376155, 2550979.720816476270556 ], [ 2689878.515366868581623, 2550979.720816476270556 ], [ 2689801.671672359574586, 2550902.877480366732925 ], [ 2689801.671672359574586, 2550826.03574539301917 ], [ 2689801.671672359574586, 2550749.192409283015877 ], [ 2689878.515366868581623, 2550749.192409283015877 ], [ 2689955.357460267376155, 2550749.192409283015877 ], [ 2689955.357460267376155, 2550672.349073173478246 ], [ 2690032.199553665705025, 2550518.664002089761198 ], [ 2690032.199553665705025, 2550441.820665980223566 ], [ 2690109.041647064499557, 2550441.820665980223566 ], [ 2690109.041647064499557, 2550364.977329870220274 ], [ 2690109.041647064499557, 2550288.135594896506518 ], [ 2690109.041647064499557, 2550211.292258786968887 ], [ 2690185.883740463294089, 2550211.292258786968887 ], [ 2690185.883740463294089, 2550134.448922676965594 ], [ 2690185.883740463294089, 2550057.605586566962302 ], [ 2690262.727434972301126, 2550057.605586566962302 ], [ 2690339.569528370629996, 2549980.763851593714207 ], [ 2690339.569528370629996, 2549903.920515483710915 ], [ 2690416.411621769424528, 2549903.920515483710915 ], [ 2690416.411621769424528, 2549827.077179373707622 ], [ 2690493.253715167753398, 2549827.077179373707622 ], [ 2690493.253715167753398, 2549750.233843264169991 ], [ 2690570.09580856654793, 2549750.233843264169991 ], [ 2690570.09580856654793, 2549673.392108290456235 ], [ 2690570.09580856654793, 2549596.548772180452943 ], [ 2690570.09580856654793, 2549519.705436070915312 ], [ 2690493.253715167753398, 2549519.705436070915312 ], [ 2690493.253715167753398, 2549442.863701097201556 ], [ 2690493.253715167753398, 2549366.020364987198263 ], [ 2690493.253715167753398, 2549289.177028877660632 ], [ 2690416.411621769424528, 2549289.177028877660632 ], [ 2690416.411621769424528, 2549212.33369276765734 ], [ 2690416.411621769424528, 2549135.491957793943584 ], [ 2690416.411621769424528, 2549058.648621684405953 ], [ 2690416.411621769424528, 2548981.80528557440266 ], [ 2690416.411621769424528, 2548904.961949464399368 ], [ 2690339.569528370629996, 2548904.961949464399368 ], [ 2690339.569528370629996, 2548828.120214491151273 ], [ 2690339.569528370629996, 2548674.433542271144688 ], [ 2690339.569528370629996, 2548597.590206161141396 ], [ 2690416.411621769424528, 2548597.590206161141396 ], [ 2690416.411621769424528, 2548520.748471187893301 ], [ 2690416.411621769424528, 2548443.905135077890009 ], [ 2690416.411621769424528, 2548367.061798967886716 ], [ 2690339.569528370629996, 2548290.220063994638622 ], [ 2690339.569528370629996, 2548213.376727884635329 ], [ 2690339.569528370629996, 2548136.533391774632037 ], [ 2690339.569528370629996, 2548059.690055665094405 ], [ 2690339.569528370629996, 2547982.84832069138065 ], [ 2690339.569528370629996, 2547906.004984581377357 ], [ 2690262.727434972301126, 2547829.161648471839726 ], [ 2690262.727434972301126, 2547675.476577388122678 ], [ 2690339.569528370629996, 2547598.633241278585047 ], [ 2690416.411621769424528, 2547598.633241278585047 ], [ 2690416.411621769424528, 2547521.789905168581754 ], [ 2690493.253715167753398, 2547521.789905168581754 ], [ 2690570.09580856654793, 2547521.789905168581754 ], [ 2690646.937901964876801, 2547521.789905168581754 ], [ 2690723.781596473883837, 2547521.789905168581754 ], [ 2690723.781596473883837, 2547598.633241278585047 ], [ 2690800.623689872678369, 2547598.633241278585047 ], [ 2690800.623689872678369, 2547521.789905168581754 ], [ 2690877.46578327100724, 2547521.789905168581754 ], [ 2690954.307876669801772, 2547521.789905168581754 ], [ 2691031.149970068130642, 2547521.789905168581754 ], [ 2691031.149970068130642, 2547444.948170194867998 ], [ 2691107.993664577137679, 2547444.948170194867998 ], [ 2691107.993664577137679, 2547368.104834085330367 ], [ 2691184.835757975932211, 2547368.104834085330367 ], [ 2691261.677851374261081, 2547368.104834085330367 ], [ 2691261.677851374261081, 2547291.261497975327075 ], [ 2691338.519944773055613, 2547291.261497975327075 ], [ 2691415.362038171384484, 2547291.261497975327075 ], [ 2691492.205732680857182, 2547291.261497975327075 ], [ 2691569.047826079186052, 2547214.418161865323782 ], [ 2691645.889919477980584, 2547214.418161865323782 ], [ 2691722.732012876309454, 2547137.576426892075688 ], [ 2691799.574106275103986, 2547137.576426892075688 ], [ 2691876.416199673432857, 2547060.733090782072395 ], [ 2691953.259894182439893, 2546983.889754672069103 ], [ 2691953.259894182439893, 2546907.046418562531471 ], [ 2692030.101987581234425, 2546907.046418562531471 ], [ 2692030.101987581234425, 2546830.204683588817716 ], [ 2692106.944080979563296, 2546830.204683588817716 ], [ 2692106.944080979563296, 2546753.361347478814423 ], [ 2692183.786174378357828, 2546753.361347478814423 ], [ 2692183.786174378357828, 2546676.518011369276792 ], [ 2692260.628267776686698, 2546676.518011369276792 ], [ 2692260.628267776686698, 2546599.674675259273499 ], [ 2692260.628267776686698, 2546522.832940285559744 ], [ 2692260.628267776686698, 2546445.989604176022112 ], [ 2692260.628267776686698, 2546369.14626806601882 ], [ 2692260.628267776686698, 2546292.304533092305064 ], [ 2692260.628267776686698, 2546215.461196982767433 ], [ 2692260.628267776686698, 2546138.61786087276414 ], [ 2692337.471962285693735, 2546138.61786087276414 ], [ 2692414.314055684488267, 2546138.61786087276414 ], [ 2692491.156149082817137, 2546138.61786087276414 ], [ 2692567.998242481611669, 2546138.61786087276414 ], [ 2692644.84033587994054, 2546138.61786087276414 ], [ 2692721.684030389413238, 2546138.61786087276414 ], [ 2692798.526123787742108, 2546138.61786087276414 ], [ 2692875.36821718653664, 2546138.61786087276414 ], [ 2692952.21031058486551, 2546138.61786087276414 ], [ 2692952.21031058486551, 2546061.774524762760848 ], [ 2693029.052403983660042, 2546061.774524762760848 ], [ 2693029.052403983660042, 2545984.932789789512753 ], [ 2693029.052403983660042, 2545908.089453679509461 ], [ 2693029.052403983660042, 2545831.246117569506168 ], [ 2693105.894497381988913, 2545831.246117569506168 ], [ 2693182.73819189099595, 2545831.246117569506168 ], [ 2693182.73819189099595, 2545754.402781459502876 ], [ 2693259.580285289790481, 2545754.402781459502876 ], [ 2693259.580285289790481, 2545677.561046486254781 ], [ 2693336.422378688119352, 2545600.717710376251489 ], [ 2693413.264472086913884, 2545600.717710376251489 ], [ 2693413.264472086913884, 2545523.874374266248196 ], [ 2693413.264472086913884, 2545447.031038156710565 ], [ 2693413.264472086913884, 2545370.189303182996809 ], [ 2693413.264472086913884, 2545293.345967072993517 ], [ 2693490.106565485242754, 2545293.345967072993517 ], [ 2693490.106565485242754, 2545216.502630963455886 ], [ 2693566.950259994249791, 2545216.502630963455886 ], [ 2693566.950259994249791, 2545293.345967072993517 ], [ 2693643.792353393044323, 2545293.345967072993517 ], [ 2693643.792353393044323, 2545216.502630963455886 ], [ 2693643.792353393044323, 2545139.66089598974213 ], [ 2693643.792353393044323, 2545062.817559879738837 ], [ 2693643.792353393044323, 2544985.974223770201206 ], [ 2693643.792353393044323, 2544909.130887660197914 ], [ 2693720.634446791373193, 2544909.130887660197914 ], [ 2693720.634446791373193, 2544832.289152686484158 ], [ 2693797.476540190167725, 2544832.289152686484158 ], [ 2693797.476540190167725, 2544755.445816576946527 ], [ 2693720.634446791373193, 2544755.445816576946527 ], [ 2693720.634446791373193, 2544678.602480466943234 ], [ 2693720.634446791373193, 2544601.759144356939942 ], [ 2693643.792353393044323, 2544601.759144356939942 ], [ 2693643.792353393044323, 2544524.917409383691847 ], [ 2693643.792353393044323, 2544448.074073273688555 ], [ 2693566.950259994249791, 2544448.074073273688555 ], [ 2693566.950259994249791, 2544371.230737163685262 ], [ 2693566.950259994249791, 2544294.389002190437168 ], [ 2693643.792353393044323, 2544217.545666080433875 ], [ 2693566.950259994249791, 2544140.702329970430583 ], [ 2693566.950259994249791, 2544217.545666080433875 ], [ 2693490.106565485242754, 2544217.545666080433875 ], [ 2693490.106565485242754, 2544294.389002190437168 ], [ 2693413.264472086913884, 2544294.389002190437168 ], [ 2693413.264472086913884, 2544217.545666080433875 ], [ 2693413.264472086913884, 2544140.702329970430583 ], [ 2693413.264472086913884, 2544063.858993860892951 ], [ 2693336.422378688119352, 2544063.858993860892951 ], [ 2693336.422378688119352, 2543987.017258887179196 ], [ 2693336.422378688119352, 2543910.173922777175903 ], [ 2693413.264472086913884, 2543910.173922777175903 ], [ 2693490.106565485242754, 2543910.173922777175903 ], [ 2693490.106565485242754, 2543833.330586667638272 ], [ 2693566.950259994249791, 2543833.330586667638272 ], [ 2693566.950259994249791, 2543756.487250557634979 ], [ 2693643.792353393044323, 2543756.487250557634979 ], [ 2693720.634446791373193, 2543756.487250557634979 ], [ 2693797.476540190167725, 2543756.487250557634979 ], [ 2693874.318633588496596, 2543756.487250557634979 ], [ 2693951.162328097503632, 2543756.487250557634979 ], [ 2693951.162328097503632, 2543679.645515583921224 ], [ 2693951.162328097503632, 2543602.802179474383593 ], [ 2694028.004421496298164, 2543602.802179474383593 ], [ 2694028.004421496298164, 2543525.9588433643803 ], [ 2694028.004421496298164, 2543449.115507254377007 ], [ 2694028.004421496298164, 2543372.273772281128913 ], [ 2694104.846514895092696, 2543372.273772281128913 ], [ 2694104.846514895092696, 2543295.430436171125621 ], [ 2694104.846514895092696, 2543218.587100061122328 ], [ 2694104.846514895092696, 2543141.745365087874234 ], [ 2694181.688608293421566, 2543064.902028977870941 ], [ 2694181.688608293421566, 2542988.058692867867649 ], [ 2694181.688608293421566, 2542911.215356757864356 ], [ 2694181.688608293421566, 2542834.373621784616262 ], [ 2694181.688608293421566, 2542757.530285674612969 ], [ 2694181.688608293421566, 2542680.686949564609677 ], [ 2694181.688608293421566, 2542603.843613455072045 ], [ 2694181.688608293421566, 2542527.00187848135829 ], [ 2694181.688608293421566, 2542450.158542371354997 ], [ 2694181.688608293421566, 2542373.315206261817366 ], [ 2694258.530701692216098, 2542373.315206261817366 ], [ 2694258.530701692216098, 2542296.471870151814073 ], [ 2694258.530701692216098, 2542219.630135178100318 ], [ 2694258.530701692216098, 2542142.786799068562686 ], [ 2694258.530701692216098, 2542065.943462958559394 ], [ 2694258.530701692216098, 2541989.101727984845638 ], [ 2694258.530701692216098, 2541912.258391875308007 ], [ 2694258.530701692216098, 2541835.415055765304714 ], [ 2694335.372795090544969, 2541835.415055765304714 ], [ 2694335.372795090544969, 2541758.571719655301422 ], [ 2694412.216489599552006, 2541758.571719655301422 ], [ 2694412.216489599552006, 2541681.729984682053328 ], [ 2694489.058582998346537, 2541604.886648572050035 ], [ 2694489.058582998346537, 2541528.043312462046742 ], [ 2694565.900676396675408, 2541528.043312462046742 ], [ 2694565.900676396675408, 2541451.199976352509111 ], [ 2694565.900676396675408, 2541374.358241378795356 ], [ 2694565.900676396675408, 2541297.514905268792063 ], [ 2694565.900676396675408, 2541220.671569159254432 ], [ 2694565.900676396675408, 2541143.829834185540676 ], [ 2694565.900676396675408, 2541066.986498075537384 ], [ 2694565.900676396675408, 2540990.143161965999752 ], [ 2694642.74276979546994, 2540913.29982585599646 ], [ 2694642.74276979546994, 2540836.458090882282704 ], [ 2694642.74276979546994, 2540759.614754772745073 ], [ 2694719.58486319379881, 2540759.614754772745073 ], [ 2694719.58486319379881, 2540682.77141866274178 ], [ 2694719.58486319379881, 2540605.928082552738488 ], [ 2694796.428557702805847, 2540605.928082552738488 ], [ 2694796.428557702805847, 2540529.086347579490393 ], [ 2694796.428557702805847, 2540452.243011469487101 ], [ 2694719.58486319379881, 2540452.243011469487101 ], [ 2694719.58486319379881, 2540375.399675359483808 ], [ 2694719.58486319379881, 2540298.556339249480516 ], [ 2694719.58486319379881, 2540221.714604276232421 ], [ 2694719.58486319379881, 2540144.871268166229129 ], [ 2694642.74276979546994, 2540144.871268166229129 ], [ 2694642.74276979546994, 2540068.027932056225836 ], [ 2694719.58486319379881, 2540068.027932056225836 ], [ 2694719.58486319379881, 2539991.186197082977742 ], [ 2694796.428557702805847, 2539991.186197082977742 ], [ 2694796.428557702805847, 2539914.342860972974449 ], [ 2694873.270651101600379, 2539914.342860972974449 ], [ 2694873.270651101600379, 2539837.499524862971157 ], [ 2694873.270651101600379, 2539760.656188753433526 ], [ 2694873.270651101600379, 2539683.81445377971977 ], [ 2694796.428557702805847, 2539683.81445377971977 ], [ 2694796.428557702805847, 2539606.971117669716477 ], [ 2694719.58486319379881, 2539606.971117669716477 ], [ 2694642.74276979546994, 2539683.81445377971977 ], [ 2694642.74276979546994, 2539606.971117669716477 ], [ 2694565.900676396675408, 2539606.971117669716477 ], [ 2694565.900676396675408, 2539683.81445377971977 ], [ 2694489.058582998346537, 2539683.81445377971977 ], [ 2694412.216489599552006, 2539606.971117669716477 ], [ 2694335.372795090544969, 2539606.971117669716477 ], [ 2694335.372795090544969, 2539530.127781560178846 ], [ 2694258.530701692216098, 2539530.127781560178846 ], [ 2694258.530701692216098, 2539453.284445450175554 ], [ 2694181.688608293421566, 2539453.284445450175554 ], [ 2694104.846514895092696, 2539376.442710476461798 ], [ 2694028.004421496298164, 2539376.442710476461798 ], [ 2693951.162328097503632, 2539376.442710476461798 ], [ 2693951.162328097503632, 2539299.599374366924167 ], [ 2694028.004421496298164, 2539299.599374366924167 ], [ 2694028.004421496298164, 2539222.756038256920874 ], [ 2693951.162328097503632, 2539222.756038256920874 ], [ 2694028.004421496298164, 2539222.756038256920874 ], [ 2694028.004421496298164, 2539145.912702146917582 ], [ 2694028.004421496298164, 2539069.070967173669487 ], [ 2693951.162328097503632, 2539069.070967173669487 ], [ 2693951.162328097503632, 2538992.227631063666195 ], [ 2693874.318633588496596, 2538992.227631063666195 ], [ 2693874.318633588496596, 2538915.384294953662902 ], [ 2693874.318633588496596, 2538838.542559980414808 ], [ 2693874.318633588496596, 2538761.699223870411515 ], [ 2693951.162328097503632, 2538761.699223870411515 ], [ 2693951.162328097503632, 2538684.855887760408223 ], [ 2693951.162328097503632, 2538608.012551650870591 ], [ 2694028.004421496298164, 2538608.012551650870591 ], [ 2694104.846514895092696, 2538608.012551650870591 ], [ 2694181.688608293421566, 2538608.012551650870591 ], [ 2694181.688608293421566, 2538531.170816677156836 ], [ 2694258.530701692216098, 2538531.170816677156836 ], [ 2694335.372795090544969, 2538531.170816677156836 ], [ 2694335.372795090544969, 2538454.327480567153543 ], [ 2694335.372795090544969, 2538377.484144457615912 ], [ 2694412.216489599552006, 2538377.484144457615912 ], [ 2694412.216489599552006, 2538300.640808347612619 ], [ 2694412.216489599552006, 2538223.799073373898864 ], [ 2694412.216489599552006, 2538146.955737264361233 ], [ 2694335.372795090544969, 2538070.11240115435794 ], [ 2694335.372795090544969, 2537993.270666180644184 ], [ 2694335.372795090544969, 2537916.427330071106553 ], [ 2694412.216489599552006, 2537839.583993961103261 ], [ 2694489.058582998346537, 2537839.583993961103261 ], [ 2694565.900676396675408, 2537839.583993961103261 ], [ 2694642.74276979546994, 2537839.583993961103261 ], [ 2694642.74276979546994, 2537762.740657851099968 ], [ 2694719.58486319379881, 2537762.740657851099968 ], [ 2694719.58486319379881, 2537685.898922877851874 ], [ 2694796.428557702805847, 2537685.898922877851874 ], [ 2694873.270651101600379, 2537685.898922877851874 ], [ 2694873.270651101600379, 2537609.055586767848581 ], [ 2694950.112744499929249, 2537609.055586767848581 ], [ 2695026.954837898723781, 2537609.055586767848581 ], [ 2695103.796931297052652, 2537609.055586767848581 ], [ 2695180.639024695847183, 2537609.055586767848581 ], [ 2695180.639024695847183, 2537685.898922877851874 ], [ 2695257.48271920485422, 2537685.898922877851874 ], [ 2695334.324812603648752, 2537685.898922877851874 ], [ 2695411.166906001977623, 2537685.898922877851874 ], [ 2695488.008999400772154, 2537685.898922877851874 ], [ 2695488.008999400772154, 2537609.055586767848581 ], [ 2695488.008999400772154, 2537532.212250657845289 ], [ 2695488.008999400772154, 2537455.368914547841996 ], [ 2695564.851092799101025, 2537455.368914547841996 ], [ 2695564.851092799101025, 2537378.527179574593902 ], [ 2695564.851092799101025, 2537301.683843464590609 ], [ 2695641.694787308108062, 2537301.683843464590609 ], [ 2695641.694787308108062, 2537224.840507354587317 ], [ 2695718.536880706902593, 2537147.997171245049685 ], [ 2695795.378974105231464, 2537147.997171245049685 ], [ 2695795.378974105231464, 2537071.15543627133593 ], [ 2695872.221067504025996, 2537071.15543627133593 ], [ 2695949.063160902354866, 2537071.15543627133593 ], [ 2696025.906855411361903, 2536994.312100161332637 ], [ 2696102.748948810156435, 2536994.312100161332637 ], [ 2696102.748948810156435, 2536917.468764051795006 ], [ 2696179.591042208485305, 2536840.62702907808125 ], [ 2696333.275229005608708, 2536763.783692968077958 ], [ 2696333.275229005608708, 2536686.940356858540326 ], [ 2696410.117322404403239, 2536686.940356858540326 ], [ 2696486.961016913410276, 2536610.097020748537034 ], [ 2696563.803110311739147, 2536610.097020748537034 ], [ 2696640.645203710533679, 2536533.255285774823278 ], [ 2696640.645203710533679, 2536456.411949665285647 ], [ 2696640.645203710533679, 2536379.568613555282354 ], [ 2696717.48729710932821, 2536302.725277445279062 ], [ 2696717.48729710932821, 2536225.883542472030967 ], [ 2696794.329390507657081, 2536225.883542472030967 ], [ 2696871.173085016664118, 2536149.040206362027675 ], [ 2696871.173085016664118, 2536072.196870252024382 ], [ 2696871.173085016664118, 2535995.353534142486751 ], [ 2696871.173085016664118, 2535918.511799168772995 ], [ 2696871.173085016664118, 2535764.825126949232072 ], [ 2696871.173085016664118, 2535687.983391975518316 ], [ 2696948.015178415458649, 2535687.983391975518316 ], [ 2696948.015178415458649, 2535611.140055865515023 ], [ 2696948.015178415458649, 2535534.296719755977392 ], [ 2696948.015178415458649, 2535457.4533836459741 ], [ 2697024.85727181378752, 2535457.4533836459741 ], [ 2697101.699365212582052, 2535380.611648672260344 ], [ 2697178.541458610910922, 2535457.4533836459741 ], [ 2697255.385153119917959, 2535457.4533836459741 ], [ 2697178.541458610910922, 2535380.611648672260344 ], [ 2697178.541458610910922, 2535303.768312562722713 ], [ 2697178.541458610910922, 2535226.92497645271942 ], [ 2697178.541458610910922, 2535150.081640342716128 ], [ 2697255.385153119917959, 2535073.239905369468033 ], [ 2697255.385153119917959, 2534996.396569259464741 ], [ 2697255.385153119917959, 2534919.553233149461448 ], [ 2697255.385153119917959, 2534842.711498176213354 ], [ 2697332.227246518712491, 2534842.711498176213354 ], [ 2697409.069339917041361, 2534842.711498176213354 ], [ 2697485.911433315835893, 2534842.711498176213354 ], [ 2697485.911433315835893, 2534765.868162066210061 ], [ 2697639.595620112959296, 2534689.024825956206769 ], [ 2697716.439314621966332, 2534535.339754872955382 ], [ 2697793.281408020295203, 2534458.496418762952089 ], [ 2697870.123501419089735, 2534381.653082652948797 ], [ 2697870.123501419089735, 2534304.809746543411165 ], [ 2697946.965594817884266, 2534304.809746543411165 ], [ 2697946.965594817884266, 2534227.96801156969741 ], [ 2698023.807688216213137, 2534227.96801156969741 ], [ 2698100.651382725220174, 2534227.96801156969741 ], [ 2698177.493476124014705, 2534227.96801156969741 ], [ 2698254.335569522343576, 2534227.96801156969741 ], [ 2698254.335569522343576, 2534151.124675459694117 ], [ 2698331.177662921138108, 2534151.124675459694117 ], [ 2698331.177662921138108, 2534074.281339350156486 ], [ 2698408.019756319466978, 2534151.124675459694117 ], [ 2698484.863450828474015, 2534151.124675459694117 ], [ 2698561.705544227268547, 2534151.124675459694117 ], [ 2698638.547637625597417, 2534227.96801156969741 ], [ 2698715.389731024391949, 2534227.96801156969741 ], [ 2698869.073917821515352, 2534227.96801156969741 ], [ 2698945.917612330522388, 2534227.96801156969741 ], [ 2699022.759705728851259, 2534227.96801156969741 ], [ 2699099.601799127645791, 2534227.96801156969741 ], [ 2699176.443892526440322, 2534304.809746543411165 ], [ 2699253.285985924769193, 2534304.809746543411165 ], [ 2699330.12968043377623, 2534304.809746543411165 ], [ 2699253.285985924769193, 2534304.809746543411165 ], [ 2699253.285985924769193, 2534227.96801156969741 ], [ 2699330.12968043377623, 2534151.124675459694117 ], [ 2699406.971773832570761, 2534074.281339350156486 ], [ 2699406.971773832570761, 2533997.438003240153193 ], [ 2699483.813867230899632, 2533920.596268266439438 ], [ 2699560.655960629694164, 2533843.752932156901807 ], [ 2699637.498054028023034, 2533843.752932156901807 ], [ 2699714.341748537030071, 2533843.752932156901807 ], [ 2699791.183841935824603, 2533843.752932156901807 ], [ 2699868.025935334153473, 2533766.909596046898514 ], [ 2699944.868028732948005, 2533766.909596046898514 ], [ 2700021.710122131276876, 2533766.909596046898514 ], [ 2700098.552215530071408, 2533766.909596046898514 ], [ 2700098.552215530071408, 2533843.752932156901807 ], [ 2700175.395910039078444, 2533843.752932156901807 ], [ 2700252.238003437407315, 2533843.752932156901807 ], [ 2700405.922190234996378, 2533843.752932156901807 ], [ 2700405.922190234996378, 2533920.596268266439438 ], [ 2700482.764283633325249, 2533920.596268266439438 ], [ 2700559.607978142332286, 2533920.596268266439438 ], [ 2700636.450071541126817, 2533843.752932156901807 ], [ 2700713.292164939455688, 2533766.909596046898514 ], [ 2700790.13425833825022, 2533690.067861073184758 ], [ 2700866.97635173657909, 2533690.067861073184758 ], [ 2700943.820046245586127, 2533690.067861073184758 ], [ 2701020.662139644380659, 2533690.067861073184758 ], [ 2701020.662139644380659, 2533766.909596046898514 ], [ 2701097.504233042709529, 2533843.752932156901807 ], [ 2701174.346326441504061, 2533843.752932156901807 ], [ 2701251.188419839832932, 2533920.596268266439438 ], [ 2701328.030513238627464, 2533997.438003240153193 ], [ 2701404.8742077476345, 2534074.281339350156486 ], [ 2701481.716301145963371, 2534074.281339350156486 ], [ 2701481.716301145963371, 2534151.124675459694117 ], [ 2701558.558394544757903, 2534151.124675459694117 ], [ 2701558.558394544757903, 2534074.281339350156486 ], [ 2701635.400487943552434, 2533997.438003240153193 ], [ 2701635.400487943552434, 2533920.596268266439438 ], [ 2701712.242581341881305, 2533920.596268266439438 ], [ 2701712.242581341881305, 2533843.752932156901807 ], [ 2701712.242581341881305, 2533766.909596046898514 ], [ 2701789.086275850888342, 2533690.067861073184758 ], [ 2701865.928369249682873, 2533766.909596046898514 ], [ 2701942.770462648011744, 2533766.909596046898514 ], [ 2701942.770462648011744, 2533690.067861073184758 ], [ 2701942.770462648011744, 2533613.224524963647127 ], [ 2702019.612556046806276, 2533613.224524963647127 ], [ 2702019.612556046806276, 2533536.381188853643835 ], [ 2702019.612556046806276, 2533459.537852743640542 ], [ 2702096.454649445135146, 2533459.537852743640542 ], [ 2702173.296742843929678, 2533459.537852743640542 ], [ 2702250.140437352936715, 2533459.537852743640542 ], [ 2702250.140437352936715, 2533536.381188853643835 ], [ 2702326.982530751265585, 2533536.381188853643835 ], [ 2702403.824624150060117, 2533536.381188853643835 ], [ 2702403.824624150060117, 2533459.537852743640542 ], [ 2702480.666717548388988, 2533459.537852743640542 ], [ 2702480.666717548388988, 2533536.381188853643835 ], [ 2702557.50881094718352, 2533536.381188853643835 ], [ 2702557.50881094718352, 2533459.537852743640542 ], [ 2702634.352505456190556, 2533459.537852743640542 ], [ 2702634.352505456190556, 2533536.381188853643835 ], [ 2702711.194598854519427, 2533536.381188853643835 ], [ 2702711.194598854519427, 2533459.537852743640542 ], [ 2702788.036692253313959, 2533459.537852743640542 ], [ 2702788.036692253313959, 2533382.696117770392448 ], [ 2702864.87878565210849, 2533382.696117770392448 ], [ 2702941.720879050437361, 2533305.852781660389155 ], [ 2702941.720879050437361, 2533229.009445550385863 ], [ 2702941.720879050437361, 2533152.166109440848231 ], [ 2703018.564573559444398, 2533152.166109440848231 ], [ 2703095.40666695823893, 2533152.166109440848231 ], [ 2703095.40666695823893, 2533075.324374467134476 ], [ 2703172.2487603565678, 2533075.324374467134476 ], [ 2703249.090853755362332, 2533075.324374467134476 ], [ 2703325.932947153691202, 2533075.324374467134476 ], [ 2703325.932947153691202, 2532998.481038357131183 ], [ 2703402.775040552485734, 2532921.637702247593552 ], [ 2703402.775040552485734, 2532844.794366137590259 ], [ 2703479.618735061492771, 2532844.794366137590259 ], [ 2703479.618735061492771, 2532767.952631163876504 ], [ 2703556.460828459821641, 2532767.952631163876504 ], [ 2703633.302921858616173, 2532767.952631163876504 ], [ 2703633.302921858616173, 2532691.109295054338872 ], [ 2703710.145015256945044, 2532691.109295054338872 ], [ 2703786.987108655739576, 2532614.26595894433558 ], [ 2703863.830803164746612, 2532614.26595894433558 ], [ 2703940.672896563075483, 2532614.26595894433558 ], [ 2704017.514989961870015, 2532614.26595894433558 ], [ 2704094.357083360198885, 2532614.26595894433558 ], [ 2704171.199176758993417, 2532614.26595894433558 ], [ 2704248.042871268000454, 2532614.26595894433558 ], [ 2704324.884964666794986, 2532614.26595894433558 ], [ 2704401.727058065123856, 2532614.26595894433558 ], [ 2704478.569151463918388, 2532614.26595894433558 ], [ 2704555.411244862247258, 2532691.109295054338872 ], [ 2704632.25333826104179, 2532691.109295054338872 ], [ 2704632.25333826104179, 2532767.952631163876504 ], [ 2704709.097032770048827, 2532767.952631163876504 ], [ 2704632.25333826104179, 2532767.952631163876504 ], [ 2704632.25333826104179, 2532844.794366137590259 ], [ 2704709.097032770048827, 2532844.794366137590259 ], [ 2704709.097032770048827, 2532767.952631163876504 ], [ 2704785.939126168377697, 2532767.952631163876504 ], [ 2704785.939126168377697, 2532691.109295054338872 ], [ 2704862.781219567172229, 2532691.109295054338872 ], [ 2704939.6233129655011, 2532691.109295054338872 ], [ 2704939.6233129655011, 2532614.26595894433558 ], [ 2705016.465406364295632, 2532614.26595894433558 ], [ 2705016.465406364295632, 2532537.424223970621824 ], [ 2705093.309100873302668, 2532537.424223970621824 ], [ 2705093.309100873302668, 2532460.580887861084193 ], [ 2705170.151194271631539, 2532460.580887861084193 ], [ 2705170.151194271631539, 2532383.7375517510809 ], [ 2705246.993287670426071, 2532383.7375517510809 ], [ 2705323.835381068754941, 2532383.7375517510809 ], [ 2705323.835381068754941, 2532306.894215641077608 ], [ 2705400.677474467549473, 2532306.894215641077608 ], [ 2705477.52116897655651, 2532306.894215641077608 ], [ 2705554.363262375351042, 2532306.894215641077608 ], [ 2705631.205355773679912, 2532306.894215641077608 ], [ 2705708.047449172474444, 2532230.052480667829514 ], [ 2705784.889542570803314, 2532230.052480667829514 ], [ 2705784.889542570803314, 2532153.209144557826221 ], [ 2705861.731635969597846, 2532153.209144557826221 ], [ 2705784.889542570803314, 2532153.209144557826221 ], [ 2705784.889542570803314, 2532076.365808447822928 ], [ 2705861.731635969597846, 2532076.365808447822928 ], [ 2705861.731635969597846, 2531999.522472337819636 ], [ 2705938.575330478604883, 2531999.522472337819636 ], [ 2706015.417423876933753, 2531922.680737364571542 ], [ 2706092.259517275728285, 2531922.680737364571542 ], [ 2706169.101610674057156, 2531922.680737364571542 ], [ 2706245.943704072851688, 2531922.680737364571542 ], [ 2706322.787398581858724, 2531845.837401254568249 ], [ 2706322.787398581858724, 2531768.994065144564956 ], [ 2706322.787398581858724, 2531692.152330171316862 ], [ 2706399.629491980187595, 2531615.30899406131357 ], [ 2706399.629491980187595, 2531538.465657951310277 ], [ 2706399.629491980187595, 2531461.622321841772646 ], [ 2706476.471585378982127, 2531384.78058686805889 ], [ 2706476.471585378982127, 2531307.937250758055598 ], [ 2706553.313678777310997, 2531307.937250758055598 ], [ 2706630.155772176105529, 2531231.093914648517966 ], [ 2706630.155772176105529, 2531154.250578538514674 ], [ 2706630.155772176105529, 2531077.408843564800918 ], [ 2706630.155772176105529, 2531000.565507455263287 ], [ 2706630.155772176105529, 2530923.722171345259994 ], [ 2706706.999466685112566, 2530846.878835235256702 ], [ 2706706.999466685112566, 2530770.037100262008607 ], [ 2706706.999466685112566, 2530693.193764152005315 ], [ 2706783.841560083907098, 2530693.193764152005315 ], [ 2706783.841560083907098, 2530616.350428042002022 ], [ 2706783.841560083907098, 2530539.508693068753928 ], [ 2706783.841560083907098, 2530462.665356958750635 ], [ 2706783.841560083907098, 2530385.822020848747343 ], [ 2706706.999466685112566, 2530385.822020848747343 ], [ 2706783.841560083907098, 2530385.822020848747343 ], [ 2706783.841560083907098, 2530308.978684739209712 ], [ 2706783.841560083907098, 2530232.136949765495956 ], [ 2706860.683653482235968, 2530232.136949765495956 ], [ 2706860.683653482235968, 2530155.293613655492663 ], [ 2706860.683653482235968, 2530078.450277545955032 ], [ 2706860.683653482235968, 2530001.60694143595174 ], [ 2706860.683653482235968, 2529924.765206462237984 ], [ 2706860.683653482235968, 2529847.921870352700353 ], [ 2706783.841560083907098, 2529847.921870352700353 ], [ 2706783.841560083907098, 2529771.07853424269706 ], [ 2706783.841560083907098, 2529694.235198132693768 ], [ 2706706.999466685112566, 2529694.235198132693768 ], [ 2706630.155772176105529, 2529694.235198132693768 ], [ 2706553.313678777310997, 2529617.393463159445673 ], [ 2706553.313678777310997, 2529540.550127049442381 ], [ 2706476.471585378982127, 2529463.706790939439088 ], [ 2706399.629491980187595, 2529463.706790939439088 ], [ 2706399.629491980187595, 2529386.865055966190994 ], [ 2706399.629491980187595, 2529310.021719856187701 ], [ 2706399.629491980187595, 2529233.178383746184409 ], [ 2706399.629491980187595, 2529156.335047636181116 ], [ 2706476.471585378982127, 2529156.335047636181116 ], [ 2706476.471585378982127, 2529079.493312662933022 ], [ 2706476.471585378982127, 2529002.649976552929729 ], [ 2706553.313678777310997, 2528925.806640442926437 ], [ 2706553.313678777310997, 2528848.963304333388805 ], [ 2706553.313678777310997, 2528772.12156935967505 ], [ 2706553.313678777310997, 2528695.278233249671757 ], [ 2706553.313678777310997, 2528618.434897140134126 ], [ 2706553.313678777310997, 2528541.59316216642037 ], [ 2706630.155772176105529, 2528541.59316216642037 ], [ 2706630.155772176105529, 2528464.749826056417078 ], [ 2706630.155772176105529, 2528387.906489946879447 ], [ 2706706.999466685112566, 2528387.906489946879447 ], [ 2706706.999466685112566, 2528311.063153836876154 ], [ 2706706.999466685112566, 2528234.221418863162398 ], [ 2706783.841560083907098, 2528157.378082753624767 ], [ 2706706.999466685112566, 2528157.378082753624767 ], [ 2706706.999466685112566, 2528080.534746643621475 ], [ 2706706.999466685112566, 2528003.691410533618182 ], [ 2706706.999466685112566, 2527926.849675560370088 ], [ 2706706.999466685112566, 2527850.006339450366795 ], [ 2706630.155772176105529, 2527850.006339450366795 ], [ 2706630.155772176105529, 2527773.163003340363503 ], [ 2706630.155772176105529, 2527696.319667230825871 ], [ 2706630.155772176105529, 2527619.477932257112116 ], [ 2706630.155772176105529, 2527542.634596147108823 ], [ 2706553.313678777310997, 2527542.634596147108823 ], [ 2706553.313678777310997, 2527465.791260037571192 ], [ 2706476.471585378982127, 2527465.791260037571192 ], [ 2706476.471585378982127, 2527388.949525063857436 ], [ 2706399.629491980187595, 2527312.106188953854144 ], [ 2706399.629491980187595, 2527235.262852844316512 ], [ 2706322.787398581858724, 2527235.262852844316512 ], [ 2706169.101610674057156, 2527235.262852844316512 ], [ 2706015.417423876933753, 2527235.262852844316512 ], [ 2705938.575330478604883, 2527235.262852844316512 ], [ 2705861.731635969597846, 2527158.41951673431322 ], [ 2705784.889542570803314, 2527158.41951673431322 ], [ 2705708.047449172474444, 2527158.41951673431322 ], [ 2705631.205355773679912, 2527158.41951673431322 ], [ 2705554.363262375351042, 2527081.577781760599464 ], [ 2705477.52116897655651, 2527081.577781760599464 ], [ 2705400.677474467549473, 2527081.577781760599464 ], [ 2705323.835381068754941, 2527081.577781760599464 ], [ 2705246.993287670426071, 2527081.577781760599464 ], [ 2705170.151194271631539, 2527081.577781760599464 ], [ 2705170.151194271631539, 2527004.734445651061833 ], [ 2705016.465406364295632, 2526927.89110954105854 ], [ 2705016.465406364295632, 2526851.047773431055248 ], [ 2704939.6233129655011, 2526851.047773431055248 ], [ 2704939.6233129655011, 2526774.206038457807153 ], [ 2704939.6233129655011, 2526697.362702347803861 ], [ 2704862.781219567172229, 2526620.519366237800568 ], [ 2704785.939126168377697, 2526620.519366237800568 ], [ 2704709.097032770048827, 2526543.676030127797276 ], [ 2704709.097032770048827, 2526466.834295154549181 ], [ 2704632.25333826104179, 2526389.990959044545889 ], [ 2704632.25333826104179, 2526313.147622934542596 ], [ 2704632.25333826104179, 2526236.305887961294502 ], [ 2704555.411244862247258, 2526236.305887961294502 ], [ 2704555.411244862247258, 2526159.462551851291209 ], [ 2704478.569151463918388, 2526082.619215741287917 ], [ 2704401.727058065123856, 2526082.619215741287917 ], [ 2704401.727058065123856, 2526005.775879631750286 ], [ 2704324.884964666794986, 2525928.93414465803653 ], [ 2704324.884964666794986, 2525852.090808548033237 ], [ 2704324.884964666794986, 2525775.247472438495606 ], [ 2704401.727058065123856, 2525698.404136328492314 ], [ 2704324.884964666794986, 2525621.562401354778558 ], [ 2704324.884964666794986, 2525544.719065245240927 ], [ 2704324.884964666794986, 2525467.875729135237634 ], [ 2704324.884964666794986, 2525391.033994161523879 ], [ 2704324.884964666794986, 2525314.190658051986247 ], [ 2704324.884964666794986, 2525237.347321941982955 ], [ 2704324.884964666794986, 2525160.503985831979662 ], [ 2704324.884964666794986, 2525083.662250858731568 ], [ 2704248.042871268000454, 2525006.818914748728275 ], [ 2704248.042871268000454, 2524929.975578638724983 ], [ 2704248.042871268000454, 2524853.132242529187351 ], [ 2704324.884964666794986, 2524853.132242529187351 ], [ 2704401.727058065123856, 2524776.290507555473596 ], [ 2704478.569151463918388, 2524699.447171445470303 ], [ 2704555.411244862247258, 2524699.447171445470303 ], [ 2704632.25333826104179, 2524622.603835335932672 ], [ 2704632.25333826104179, 2524545.760499225929379 ], [ 2704632.25333826104179, 2524468.918764252215624 ], [ 2704632.25333826104179, 2524392.075428142677993 ], [ 2704632.25333826104179, 2524315.2320920326747 ], [ 2704632.25333826104179, 2524238.390357058960944 ], [ 2704632.25333826104179, 2524161.547020949423313 ], [ 2704555.411244862247258, 2524161.547020949423313 ], [ 2704555.411244862247258, 2524084.703684839420021 ], [ 2704555.411244862247258, 2524007.860348729416728 ], [ 2704555.411244862247258, 2523931.018613756168634 ], [ 2704478.569151463918388, 2523931.018613756168634 ], [ 2704555.411244862247258, 2523854.175277646165341 ], [ 2704555.411244862247258, 2523777.331941536162049 ], [ 2704478.569151463918388, 2523777.331941536162049 ], [ 2704478.569151463918388, 2523700.488605426158756 ], [ 2704478.569151463918388, 2523623.646870452910662 ], [ 2704401.727058065123856, 2523546.803534342907369 ], [ 2704324.884964666794986, 2523469.960198232904077 ], [ 2704171.199176758993417, 2523316.27512714965269 ], [ 2704017.514989961870015, 2523239.431791039649397 ], [ 2703863.830803164746612, 2523239.431791039649397 ], [ 2703710.145015256945044, 2523316.27512714965269 ], [ 2703633.302921858616173, 2523393.116862123366445 ], [ 2703479.618735061492771, 2523316.27512714965269 ], [ 2703402.775040552485734, 2523239.431791039649397 ], [ 2703402.775040552485734, 2523085.74671995639801 ], [ 2703325.932947153691202, 2523008.903383846394718 ], [ 2703325.932947153691202, 2522932.060047736857086 ], [ 2703249.090853755362332, 2522855.216711626853794 ], [ 2703249.090853755362332, 2522778.374976653140038 ], [ 2703172.2487603565678, 2522701.531640543602407 ], [ 2703095.40666695823893, 2522701.531640543602407 ], [ 2703095.40666695823893, 2522624.688304433599114 ], [ 2703018.564573559444398, 2522624.688304433599114 ], [ 2702941.720879050437361, 2522547.844968323595822 ], [ 2702864.87878565210849, 2522547.844968323595822 ], [ 2702864.87878565210849, 2522471.003233350347728 ], [ 2702788.036692253313959, 2522471.003233350347728 ], [ 2702711.194598854519427, 2522471.003233350347728 ], [ 2702634.352505456190556, 2522394.159897240344435 ], [ 2702557.50881094718352, 2522394.159897240344435 ], [ 2702557.50881094718352, 2522317.316561130341142 ], [ 2702480.666717548388988, 2522317.316561130341142 ], [ 2702480.666717548388988, 2522240.474826157093048 ], [ 2702403.824624150060117, 2522240.474826157093048 ], [ 2702403.824624150060117, 2522163.631490047089756 ], [ 2702403.824624150060117, 2522086.788153937086463 ], [ 2702403.824624150060117, 2522009.944817827548832 ], [ 2702403.824624150060117, 2521933.103082853835076 ], [ 2702480.666717548388988, 2521856.259746743831784 ], [ 2702480.666717548388988, 2521779.416410634294152 ], [ 2702480.666717548388988, 2521702.57307452429086 ], [ 2702480.666717548388988, 2521625.731339550577104 ], [ 2702480.666717548388988, 2521548.888003441039473 ], [ 2702557.50881094718352, 2521472.04466733103618 ], [ 2702634.352505456190556, 2521395.201331221032888 ], [ 2702711.194598854519427, 2521318.359596247784793 ], [ 2702711.194598854519427, 2521241.516260137781501 ], [ 2702788.036692253313959, 2521164.672924027778208 ], [ 2702864.87878565210849, 2521087.831189054530114 ], [ 2702864.87878565210849, 2521010.987852944526821 ], [ 2702864.87878565210849, 2520934.144516834523529 ], [ 2702941.720879050437361, 2520857.301180724520236 ], [ 2702941.720879050437361, 2520780.459445751272142 ], [ 2702941.720879050437361, 2520703.616109641268849 ], [ 2702941.720879050437361, 2520626.772773531265557 ], [ 2702941.720879050437361, 2520549.929437421727926 ], [ 2703018.564573559444398, 2520549.929437421727926 ], [ 2703018.564573559444398, 2520473.08770244801417 ], [ 2703095.40666695823893, 2520396.244366338010877 ], [ 2703172.2487603565678, 2520319.401030228473246 ], [ 2703249.090853755362332, 2520242.55929525475949 ], [ 2703325.932947153691202, 2520165.715959144756198 ], [ 2703402.775040552485734, 2520088.872623035218567 ], [ 2703402.775040552485734, 2520012.029286925215274 ], [ 2703479.618735061492771, 2520012.029286925215274 ] ] } },
{ "type": "Feature", "properties": { }, "geometry": { "type": "LineString", "coordinates": [ [ 2703479.618735061492771, 2520012.029286925215274 ], [ 2703479.618735061492771, 2519935.187551951501518 ], [ 2703556.460828459821641, 2519858.344215841963887 ], [ 2703556.460828459821641, 2519781.500879731960595 ], [ 2703556.460828459821641, 2519704.657543621957302 ], [ 2703633.302921858616173, 2519627.815808648709208 ], [ 2703710.145015256945044, 2519550.972472538705915 ], [ 2703710.145015256945044, 2519474.129136428702623 ], [ 2703786.987108655739576, 2519474.129136428702623 ], [ 2703786.987108655739576, 2519397.285800319164991 ], [ 2703863.830803164746612, 2519320.444065345451236 ], [ 2703863.830803164746612, 2519243.600729235447943 ], [ 2703940.672896563075483, 2519243.600729235447943 ], [ 2703940.672896563075483, 2519166.757393125910312 ], [ 2704017.514989961870015, 2519166.757393125910312 ], [ 2704017.514989961870015, 2519089.915658152196556 ], [ 2704094.357083360198885, 2519089.915658152196556 ], [ 2704094.357083360198885, 2519013.072322042193264 ], [ 2704171.199176758993417, 2519013.072322042193264 ], [ 2704248.042871268000454, 2518936.228985932655632 ], [ 2704324.884964666794986, 2518859.38564982265234 ], [ 2704401.727058065123856, 2518782.543914848938584 ], [ 2704478.569151463918388, 2518782.543914848938584 ], [ 2704478.569151463918388, 2518705.700578739400953 ], [ 2704555.411244862247258, 2518705.700578739400953 ], [ 2704555.411244862247258, 2518628.85724262939766 ], [ 2704555.411244862247258, 2518552.013906519394368 ], [ 2704632.25333826104179, 2518475.172171546146274 ], [ 2704632.25333826104179, 2518398.328835436142981 ], [ 2704632.25333826104179, 2518321.485499326139688 ], [ 2704632.25333826104179, 2518244.642163216136396 ], [ 2704632.25333826104179, 2518167.800428242888302 ], [ 2704632.25333826104179, 2518090.957092132885009 ], [ 2704555.411244862247258, 2518014.113756022881716 ], [ 2704555.411244862247258, 2517937.272021049633622 ], [ 2704555.411244862247258, 2517860.42868493963033 ], [ 2704555.411244862247258, 2517783.585348829627037 ], [ 2704478.569151463918388, 2517706.742012720089406 ], [ 2704478.569151463918388, 2517629.90027774637565 ], [ 2704401.727058065123856, 2517553.056941636372358 ], [ 2704401.727058065123856, 2517476.213605526834726 ], [ 2704401.727058065123856, 2517399.370269416831434 ], [ 2704401.727058065123856, 2517322.528534443117678 ], [ 2704401.727058065123856, 2517245.685198333580047 ], [ 2704478.569151463918388, 2517245.685198333580047 ], [ 2704478.569151463918388, 2517168.841862223576754 ], [ 2704478.569151463918388, 2517092.000127249862999 ], [ 2704478.569151463918388, 2517015.156791140325367 ], [ 2704478.569151463918388, 2516938.313455030322075 ], [ 2704478.569151463918388, 2516861.470118920318782 ], [ 2704478.569151463918388, 2516784.628383947070688 ], [ 2704478.569151463918388, 2516707.785047837067395 ], [ 2704478.569151463918388, 2516630.941711727064103 ], [ 2704555.411244862247258, 2516630.941711727064103 ], [ 2704632.25333826104179, 2516630.941711727064103 ], [ 2704709.097032770048827, 2516630.941711727064103 ], [ 2704709.097032770048827, 2516554.098375617526472 ], [ 2704785.939126168377697, 2516554.098375617526472 ], [ 2704862.781219567172229, 2516554.098375617526472 ], [ 2704862.781219567172229, 2516477.256640643812716 ], [ 2704939.6233129655011, 2516400.413304533809423 ], [ 2705016.465406364295632, 2516400.413304533809423 ], [ 2705016.465406364295632, 2516323.569968424271792 ], [ 2705093.309100873302668, 2516323.569968424271792 ], [ 2705093.309100873302668, 2516246.7266323142685 ], [ 2705246.993287670426071, 2516246.7266323142685 ], [ 2705246.993287670426071, 2516169.884897340554744 ], [ 2705323.835381068754941, 2516169.884897340554744 ], [ 2705400.677474467549473, 2516169.884897340554744 ], [ 2705477.52116897655651, 2516169.884897340554744 ], [ 2705477.52116897655651, 2516246.7266323142685 ], [ 2705477.52116897655651, 2516323.569968424271792 ], [ 2705477.52116897655651, 2516400.413304533809423 ], [ 2705554.363262375351042, 2516477.256640643812716 ], [ 2705631.205355773679912, 2516554.098375617526472 ], [ 2705708.047449172474444, 2516554.098375617526472 ], [ 2705708.047449172474444, 2516630.941711727064103 ], [ 2705784.889542570803314, 2516630.941711727064103 ], [ 2705861.731635969597846, 2516630.941711727064103 ], [ 2705938.575330478604883, 2516554.098375617526472 ], [ 2705938.575330478604883, 2516477.256640643812716 ], [ 2705938.575330478604883, 2516400.413304533809423 ], [ 2706015.417423876933753, 2516400.413304533809423 ], [ 2706015.417423876933753, 2516323.569968424271792 ], [ 2706092.259517275728285, 2516246.7266323142685 ], [ 2706169.101610674057156, 2516246.7266323142685 ], [ 2706245.943704072851688, 2516246.7266323142685 ], [ 2706322.787398581858724, 2516169.884897340554744 ], [ 2706399.629491980187595, 2516169.884897340554744 ], [ 2706476.471585378982127, 2516169.884897340554744 ], [ 2706630.155772176105529, 2516169.884897340554744 ], [ 2706706.999466685112566, 2516169.884897340554744 ], [ 2706783.841560083907098, 2516169.884897340554744 ], [ 2706783.841560083907098, 2516246.7266323142685 ], [ 2706860.683653482235968, 2516323.569968424271792 ], [ 2706860.683653482235968, 2516400.413304533809423 ], [ 2706937.5257468810305, 2516400.413304533809423 ], [ 2707014.36784027935937, 2516477.256640643812716 ], [ 2707091.209933678153902, 2516477.256640643812716 ], [ 2707168.053628187160939, 2516400.413304533809423 ], [ 2707244.89572158548981, 2516400.413304533809423 ], [ 2707321.737814984284341, 2516400.413304533809423 ], [ 2707398.579908382613212, 2516400.413304533809423 ], [ 2707475.422001781407744, 2516400.413304533809423 ], [ 2707475.422001781407744, 2516323.569968424271792 ], [ 2707552.26569629041478, 2516323.569968424271792 ], [ 2707629.107789688743651, 2516400.413304533809423 ], [ 2707705.949883087538183, 2516400.413304533809423 ], [ 2707782.791976485867053, 2516400.413304533809423 ], [ 2707859.634069884661585, 2516400.413304533809423 ], [ 2707936.477764393668622, 2516400.413304533809423 ], [ 2708013.319857792463154, 2516323.569968424271792 ], [ 2708090.161951190792024, 2516323.569968424271792 ], [ 2708090.161951190792024, 2516246.7266323142685 ], [ 2708167.004044589586556, 2516169.884897340554744 ], [ 2708167.004044589586556, 2516093.041561231017113 ], [ 2708243.846137987915426, 2516093.041561231017113 ], [ 2708243.846137987915426, 2516016.19822512101382 ], [ 2708243.846137987915426, 2515939.356490147300065 ], [ 2708243.846137987915426, 2515862.513154037762433 ], [ 2708320.688231386709958, 2515785.669817927759141 ], [ 2708397.531925895716995, 2515708.826481817755848 ], [ 2708397.531925895716995, 2515631.984746844507754 ], [ 2708474.374019294045866, 2515555.141410734504461 ], [ 2708474.374019294045866, 2515478.298074624501169 ], [ 2708474.374019294045866, 2515401.454738514497876 ], [ 2708551.216112692840397, 2515401.454738514497876 ], [ 2708551.216112692840397, 2515324.613003541249782 ], [ 2708551.216112692840397, 2515247.769667431246489 ], [ 2708474.374019294045866, 2515170.926331321243197 ], [ 2708397.531925895716995, 2515094.082995211705565 ], [ 2708397.531925895716995, 2515017.24126023799181 ], [ 2708243.846137987915426, 2514940.397924127988517 ], [ 2708243.846137987915426, 2514863.554588018450886 ], [ 2708243.846137987915426, 2514786.71285304473713 ], [ 2708243.846137987915426, 2514709.869516934733838 ], [ 2708243.846137987915426, 2514633.026180825196207 ], [ 2708320.688231386709958, 2514633.026180825196207 ], [ 2708320.688231386709958, 2514556.182844715192914 ], [ 2708320.688231386709958, 2514479.341109741479158 ], [ 2708397.531925895716995, 2514402.497773631941527 ], [ 2708397.531925895716995, 2514325.654437521938235 ], [ 2708474.374019294045866, 2514325.654437521938235 ], [ 2708474.374019294045866, 2514248.811101411934942 ], [ 2708551.216112692840397, 2514248.811101411934942 ], [ 2708628.058206091169268, 2514171.969366438686848 ], [ 2708628.058206091169268, 2514095.126030328683555 ], [ 2708704.9002994899638, 2514095.126030328683555 ], [ 2708704.9002994899638, 2514018.282694218680263 ], [ 2708781.743993998970836, 2514018.282694218680263 ], [ 2708781.743993998970836, 2513941.440959245432168 ], [ 2708858.586087397299707, 2513941.440959245432168 ], [ 2708858.586087397299707, 2513864.597623135428876 ], [ 2708858.586087397299707, 2513787.754287025425583 ], [ 2708781.743993998970836, 2513710.910950915887952 ], [ 2708781.743993998970836, 2513634.069215942174196 ], [ 2708781.743993998970836, 2513557.225879832170904 ], [ 2708704.9002994899638, 2513557.225879832170904 ], [ 2708704.9002994899638, 2513480.382543722633272 ], [ 2708628.058206091169268, 2513403.53920761262998 ], [ 2708628.058206091169268, 2513326.697472638916224 ], [ 2708628.058206091169268, 2513249.854136529378593 ], [ 2708628.058206091169268, 2513173.0108004193753 ], [ 2708628.058206091169268, 2513096.167464309372008 ], [ 2708704.9002994899638, 2513019.325729336123914 ], [ 2708704.9002994899638, 2512942.482393226120621 ], [ 2708704.9002994899638, 2512865.639057116117328 ], [ 2708704.9002994899638, 2512788.797322142869234 ], [ 2708704.9002994899638, 2512711.953986032865942 ], [ 2708704.9002994899638, 2512635.110649922862649 ], [ 2708628.058206091169268, 2512558.267313812859356 ], [ 2708628.058206091169268, 2512481.425578839611262 ], [ 2708551.216112692840397, 2512481.425578839611262 ], [ 2708474.374019294045866, 2512404.58224272960797 ], [ 2708474.374019294045866, 2512327.738906619604677 ], [ 2708397.531925895716995, 2512327.738906619604677 ], [ 2708320.688231386709958, 2512327.738906619604677 ], [ 2708320.688231386709958, 2512250.895570510067046 ], [ 2708243.846137987915426, 2512250.895570510067046 ], [ 2708167.004044589586556, 2512250.895570510067046 ], [ 2708167.004044589586556, 2512174.05383553635329 ], [ 2708090.161951190792024, 2512174.05383553635329 ], [ 2708013.319857792463154, 2512097.210499426349998 ], [ 2708013.319857792463154, 2512020.367163316812366 ], [ 2708013.319857792463154, 2511943.523827206809074 ], [ 2707936.477764393668622, 2511866.682092233095318 ], [ 2708013.319857792463154, 2511866.682092233095318 ], [ 2708013.319857792463154, 2511789.838756123557687 ], [ 2708013.319857792463154, 2511712.995420013554394 ], [ 2708090.161951190792024, 2511712.995420013554394 ], [ 2708090.161951190792024, 2511636.153685039840639 ], [ 2708167.004044589586556, 2511559.310348930303007 ], [ 2708167.004044589586556, 2511482.467012820299715 ], [ 2708167.004044589586556, 2511405.623676710296422 ], [ 2708090.161951190792024, 2511328.781941737048328 ], [ 2708013.319857792463154, 2511251.938605627045035 ], [ 2707936.477764393668622, 2511251.938605627045035 ], [ 2707859.634069884661585, 2511175.095269517041743 ], [ 2707629.107789688743651, 2511098.251933407504112 ], [ 2707321.737814984284341, 2510867.723526214249432 ], [ 2706860.683653482235968, 2510483.510047937277704 ], [ 2706706.999466685112566, 2510329.823375717736781 ], [ 2706553.313678777310997, 2510176.138304634485394 ], [ 2706322.787398581858724, 2510099.294968524482101 ], [ 2706169.101610674057156, 2509945.608296304475516 ], [ 2705938.575330478604883, 2509791.923225221224129 ], [ 2705631.205355773679912, 2509561.39481802796945 ], [ 2705246.993287670426071, 2509254.023074724711478 ], [ 2705170.151194271631539, 2509177.179738615173846 ], [ 2705016.465406364295632, 2508946.651331421919167 ], [ 2704862.781219567172229, 2508869.807995311915874 ], [ 2704785.939126168377697, 2508792.964659201912582 ], [ 2704632.25333826104179, 2508639.279588118661195 ], [ 2704478.569151463918388, 2508562.436252008657902 ], [ 2704478.569151463918388, 2508485.594517035409808 ], [ 2704324.884964666794986, 2508408.751180925406516 ], [ 2704248.042871268000454, 2508331.907844815403223 ], [ 2704171.199176758993417, 2508255.064508705865592 ], [ 2704094.357083360198885, 2508178.222773732151836 ], [ 2704017.514989961870015, 2508024.536101512610912 ], [ 2704017.514989961870015, 2507947.69276540260762 ], [ 2704094.357083360198885, 2507794.007694319356233 ], [ 2704171.199176758993417, 2507563.479287126101553 ], [ 2704324.884964666794986, 2507256.107543822843581 ], [ 2704401.727058065123856, 2507025.579136629588902 ], [ 2704324.884964666794986, 2506795.049128300044686 ], [ 2704248.042871268000454, 2506564.520721106790006 ], [ 2704171.199176758993417, 2506410.835650023072958 ], [ 2704017.514989961870015, 2506257.148977803532034 ], [ 2703940.672896563075483, 2506103.463906720280647 ], [ 2703863.830803164746612, 2506026.620570610277355 ], [ 2703556.460828459821641, 2505872.935499527025968 ], [ 2703479.618735061492771, 2505796.092163417022675 ], [ 2703402.775040552485734, 2505796.092163417022675 ], [ 2703249.090853755362332, 2505719.248827307019383 ], [ 2703172.2487603565678, 2505719.248827307019383 ], [ 2703172.2487603565678, 2505642.405491197481751 ], [ 2703095.40666695823893, 2505258.192012920510024 ] ] } },
{ "type": "Feature", "properties": { }, "geometry": { "type": "LineString", "coordinates": [ [ 2646923.617040467914194, 2505258.192012920510024 ], [ 2646846.774947069585323, 2505258.192012920510024 ], [ 2646846.774947069585323, 2505335.035349030513316 ], [ 2646846.774947069585323, 2505411.877084004227072 ], [ 2646769.932853670790792, 2505488.720420113764703 ], [ 2646693.090760272461921, 2505565.563756223767996 ], [ 2646616.247065763454884, 2505642.405491197481751 ], [ 2646616.247065763454884, 2505719.248827307019383 ], [ 2646462.562878966331482, 2505796.092163417022675 ], [ 2646462.562878966331482, 2505872.935499527025968 ], [ 2646385.72078556753695, 2505872.935499527025968 ], [ 2646385.72078556753695, 2505949.777234500274062 ], [ 2646385.72078556753695, 2506026.620570610277355 ], [ 2646462.562878966331482, 2506026.620570610277355 ], [ 2646462.562878966331482, 2506103.463906720280647 ], [ 2646462.562878966331482, 2506180.307242829818279 ], [ 2646539.404972364660352, 2506257.148977803532034 ], [ 2646539.404972364660352, 2506333.992313913535327 ], [ 2646616.247065763454884, 2506333.992313913535327 ], [ 2646616.247065763454884, 2506410.835650023072958 ], [ 2646693.090760272461921, 2506487.678986133076251 ], [ 2646769.932853670790792, 2506564.520721106790006 ], [ 2646846.774947069585323, 2506641.364057216327637 ], [ 2646846.774947069585323, 2506718.20739332633093 ], [ 2646846.774947069585323, 2506795.049128300044686 ], [ 2646923.617040467914194, 2506795.049128300044686 ], [ 2647000.459133866708726, 2506871.892464409582317 ], [ 2647000.459133866708726, 2506948.735800519585609 ], [ 2647000.459133866708726, 2507025.579136629588902 ], [ 2646923.617040467914194, 2507102.420871602836996 ], [ 2646846.774947069585323, 2507102.420871602836996 ], [ 2646846.774947069585323, 2507179.264207712840289 ], [ 2646769.932853670790792, 2507179.264207712840289 ], [ 2646693.090760272461921, 2507179.264207712840289 ], [ 2646693.090760272461921, 2507256.107543822843581 ], [ 2646693.090760272461921, 2507332.950879932846874 ], [ 2646616.247065763454884, 2507409.792614906094968 ], [ 2646539.404972364660352, 2507486.635951016098261 ], [ 2646539.404972364660352, 2507563.479287126101553 ], [ 2646539.404972364660352, 2507640.322623235639185 ], [ 2646539.404972364660352, 2507717.16435820935294 ], [ 2646539.404972364660352, 2507794.007694319356233 ], [ 2646539.404972364660352, 2507870.851030428893864 ], [ 2646539.404972364660352, 2507947.69276540260762 ], [ 2646539.404972364660352, 2508024.536101512610912 ], [ 2646539.404972364660352, 2508101.379437622148544 ], [ 2646539.404972364660352, 2508178.222773732151836 ], [ 2646462.562878966331482, 2508255.064508705865592 ], [ 2646462.562878966331482, 2508331.907844815403223 ], [ 2646385.72078556753695, 2508331.907844815403223 ], [ 2646385.72078556753695, 2508408.751180925406516 ], [ 2646308.87869216920808, 2508485.594517035409808 ], [ 2646232.036598770413548, 2508485.594517035409808 ], [ 2646232.036598770413548, 2508562.436252008657902 ], [ 2646155.192904261406511, 2508639.279588118661195 ], [ 2646078.350810863077641, 2508639.279588118661195 ], [ 2646078.350810863077641, 2508716.122924228664488 ], [ 2646155.192904261406511, 2508869.807995311915874 ], [ 2646232.036598770413548, 2509023.494667531456798 ], [ 2646232.036598770413548, 2509100.336402505170554 ], [ 2646232.036598770413548, 2509177.179738615173846 ], [ 2646232.036598770413548, 2509254.023074724711478 ], [ 2646232.036598770413548, 2509330.86641083471477 ], [ 2646308.87869216920808, 2509407.708145808428526 ], [ 2646308.87869216920808, 2509484.551481917966157 ], [ 2646308.87869216920808, 2509561.39481802796945 ], [ 2646308.87869216920808, 2509638.238154137972742 ], [ 2646308.87869216920808, 2509715.079889111220837 ], [ 2646308.87869216920808, 2509791.923225221224129 ], [ 2646308.87869216920808, 2509868.766561331227422 ], [ 2646308.87869216920808, 2509945.608296304475516 ], [ 2646385.72078556753695, 2510022.451632414478809 ], [ 2646385.72078556753695, 2510099.294968524482101 ], [ 2646385.72078556753695, 2510176.138304634485394 ], [ 2646462.562878966331482, 2510252.980039607733488 ], [ 2646462.562878966331482, 2510329.823375717736781 ], [ 2646462.562878966331482, 2510406.666711827740073 ], [ 2646462.562878966331482, 2510483.510047937277704 ], [ 2646539.404972364660352, 2510483.510047937277704 ], [ 2646539.404972364660352, 2510560.35178291099146 ], [ 2646616.247065763454884, 2510637.195119020994753 ], [ 2646616.247065763454884, 2510714.038455130532384 ], [ 2646616.247065763454884, 2510790.881791240535676 ], [ 2646616.247065763454884, 2510867.723526214249432 ], [ 2646616.247065763454884, 2510944.566862323787063 ], [ 2646539.404972364660352, 2510944.566862323787063 ], [ 2646539.404972364660352, 2511021.410198433790356 ], [ 2646462.562878966331482, 2511021.410198433790356 ], [ 2646462.562878966331482, 2511098.251933407504112 ], [ 2646462.562878966331482, 2511175.095269517041743 ], [ 2646385.72078556753695, 2511251.938605627045035 ], [ 2646385.72078556753695, 2511328.781941737048328 ], [ 2646385.72078556753695, 2511405.623676710296422 ], [ 2646385.72078556753695, 2511482.467012820299715 ], [ 2646385.72078556753695, 2511559.310348930303007 ], [ 2646385.72078556753695, 2511636.153685039840639 ], [ 2646385.72078556753695, 2511712.995420013554394 ], [ 2646385.72078556753695, 2511789.838756123557687 ], [ 2646385.72078556753695, 2511866.682092233095318 ], [ 2646308.87869216920808, 2511866.682092233095318 ], [ 2646385.72078556753695, 2511866.682092233095318 ], [ 2646385.72078556753695, 2511943.523827206809074 ], [ 2646462.562878966331482, 2512020.367163316812366 ], [ 2646462.562878966331482, 2512097.210499426349998 ], [ 2646539.404972364660352, 2512174.05383553635329 ], [ 2646539.404972364660352, 2512250.895570510067046 ], [ 2646539.404972364660352, 2512327.738906619604677 ], [ 2646539.404972364660352, 2512404.58224272960797 ], [ 2646539.404972364660352, 2512481.425578839611262 ], [ 2646539.404972364660352, 2512558.267313812859356 ], [ 2646616.247065763454884, 2512635.110649922862649 ], [ 2646616.247065763454884, 2512711.953986032865942 ], [ 2646616.247065763454884, 2512788.797322142869234 ], [ 2646539.404972364660352, 2512865.639057116117328 ], [ 2646462.562878966331482, 2512942.482393226120621 ], [ 2646462.562878966331482, 2513019.325729336123914 ], [ 2646462.562878966331482, 2513096.167464309372008 ], [ 2646462.562878966331482, 2513173.0108004193753 ], [ 2646539.404972364660352, 2513173.0108004193753 ], [ 2646385.72078556753695, 2513173.0108004193753 ], [ 2646001.508717464283109, 2513173.0108004193753 ], [ 2645770.98083615815267, 2513326.697472638916224 ], [ 2645540.454555962234735, 2513557.225879832170904 ], [ 2645463.612462563905865, 2513787.754287025425583 ], [ 2645386.768768054898828, 2514095.126030328683555 ], [ 2645309.926674656104296, 2514171.969366438686848 ], [ 2645233.084581257775426, 2514248.811101411934942 ], [ 2645079.400394460652024, 2514479.341109741479158 ], [ 2644925.714606552850455, 2514709.869516934733838 ], [ 2644925.714606552850455, 2514863.554588018450886 ], [ 2645079.400394460652024, 2515094.082995211705565 ], [ 2645463.612462563905865, 2515401.454738514497876 ], [ 2645924.666624065954238, 2515631.984746844507754 ], [ 2646078.350810863077641, 2515785.669817927759141 ], [ 2646155.192904261406511, 2516016.19822512101382 ], [ 2646078.350810863077641, 2516323.569968424271792 ], [ 2646001.508717464283109, 2516630.941711727064103 ], [ 2646155.192904261406511, 2517092.000127249862999 ], [ 2646155.192904261406511, 2517399.370269416831434 ], [ 2646308.87869216920808, 2517553.056941636372358 ], [ 2646385.72078556753695, 2517706.742012720089406 ], [ 2646385.72078556753695, 2518090.957092132885009 ], [ 2646385.72078556753695, 2518475.172171546146274 ], [ 2646385.72078556753695, 2518936.228985932655632 ], [ 2646308.87869216920808, 2519166.757393125910312 ], [ 2646462.562878966331482, 2519397.285800319164991 ], [ 2646539.404972364660352, 2519474.129136428702623 ], [ 2646232.036598770413548, 2519781.500879731960595 ], [ 2646001.508717464283109, 2520012.029286925215274 ], [ 2645924.666624065954238, 2520012.029286925215274 ], [ 2645847.824530667159706, 2520088.872623035218567 ], [ 2645847.824530667159706, 2520165.715959144756198 ], [ 2645770.98083615815267, 2520242.55929525475949 ], [ 2645694.138742759358138, 2520242.55929525475949 ], [ 2645617.296649361029267, 2520319.401030228473246 ], [ 2645540.454555962234735, 2520319.401030228473246 ], [ 2645540.454555962234735, 2520396.244366338010877 ], [ 2644080.44837694754824, 2522240.474826157093048 ], [ 2643235.182147342711687, 2523316.27512714965269 ], [ 2643081.497960545122623, 2523469.960198232904077 ], [ 2643004.655867146793753, 2523623.646870452910662 ], [ 2642543.60170564474538, 2524161.547020949423313 ], [ 2642543.60170564474538, 2524238.390357058960944 ], [ 2642466.758011135738343, 2524315.2320920326747 ], [ 2642389.915917737409472, 2524392.075428142677993 ], [ 2642389.915917737409472, 2524468.918764252215624 ], [ 2642159.389637541491538, 2524699.447171445470303 ], [ 2642082.545943032484502, 2524776.290507555473596 ], [ 2641775.177569438237697, 2525083.662250858731568 ], [ 2641775.177569438237697, 2525160.503985831979662 ], [ 2641390.965501334983855, 2525698.404136328492314 ], [ 2641006.753433231730014, 2526159.462551851291209 ], [ 2639854.117228921502829, 2527542.634596147108823 ], [ 2641083.595526630058885, 2528772.12156935967505 ], [ 2641314.123407936189324, 2529079.493312662933022 ], [ 2641467.807594733312726, 2529156.335047636181116 ], [ 2641467.807594733312726, 2529233.178383746184409 ], [ 2641544.649688132107258, 2529310.021719856187701 ], [ 2641621.491781530436128, 2529310.021719856187701 ], [ 2641698.33387492923066, 2529386.865055966190994 ], [ 2642005.703849634155631, 2529694.235198132693768 ], [ 2642082.545943032484502, 2529771.07853424269706 ], [ 2642236.23173094028607, 2530001.60694143595174 ], [ 2642313.073824338614941, 2530001.60694143595174 ], [ 2642927.812172637786716, 2530616.350428042002022 ], [ 2642927.812172637786716, 2530693.193764152005315 ], [ 2642927.812172637786716, 2530770.037100262008607 ], [ 2642927.812172637786716, 2530846.878835235256702 ], [ 2643004.655867146793753, 2530846.878835235256702 ], [ 2643081.497960545122623, 2530846.878835235256702 ], [ 2643081.497960545122623, 2530770.037100262008607 ], [ 2643158.340053943917155, 2530770.037100262008607 ], [ 2643158.340053943917155, 2530846.878835235256702 ], [ 2643235.182147342711687, 2530846.878835235256702 ], [ 2643235.182147342711687, 2530923.722171345259994 ], [ 2643312.024240741040558, 2530923.722171345259994 ], [ 2643388.867935250047594, 2530923.722171345259994 ], [ 2643388.867935250047594, 2530846.878835235256702 ], [ 2643465.710028648842126, 2530923.722171345259994 ], [ 2643388.867935250047594, 2530923.722171345259994 ], [ 2643388.867935250047594, 2531000.565507455263287 ], [ 2643388.867935250047594, 2531077.408843564800918 ], [ 2643312.024240741040558, 2531077.408843564800918 ], [ 2643312.024240741040558, 2531154.250578538514674 ], [ 2643388.867935250047594, 2531231.093914648517966 ], [ 2643388.867935250047594, 2531154.250578538514674 ], [ 2643465.710028648842126, 2531154.250578538514674 ], [ 2643465.710028648842126, 2531077.408843564800918 ], [ 2643542.552122047170997, 2531077.408843564800918 ], [ 2643542.552122047170997, 2531154.250578538514674 ], [ 2643619.394215445965528, 2531154.250578538514674 ], [ 2643619.394215445965528, 2531231.093914648517966 ], [ 2643696.236308844294399, 2531231.093914648517966 ], [ 2643696.236308844294399, 2531307.937250758055598 ], [ 2643773.080003353301436, 2531307.937250758055598 ], [ 2643773.080003353301436, 2531384.78058686805889 ], [ 2643773.080003353301436, 2531461.622321841772646 ], [ 2643696.236308844294399, 2531538.465657951310277 ], [ 2643696.236308844294399, 2531615.30899406131357 ], [ 2643773.080003353301436, 2531615.30899406131357 ], [ 2643849.922096752095968, 2531615.30899406131357 ], [ 2643926.764190150424838, 2531692.152330171316862 ], [ 2643926.764190150424838, 2531768.994065144564956 ], [ 2644003.60628354921937, 2531768.994065144564956 ], [ 2644003.60628354921937, 2531845.837401254568249 ], [ 2644080.44837694754824, 2531845.837401254568249 ], [ 2644157.290470346342772, 2531922.680737364571542 ], [ 2644234.134164855349809, 2531922.680737364571542 ], [ 2644234.134164855349809, 2531999.522472337819636 ], [ 2644310.976258253678679, 2532076.365808447822928 ], [ 2644387.818351652473211, 2532076.365808447822928 ], [ 2644387.818351652473211, 2532153.209144557826221 ], [ 2644464.660445050802082, 2532153.209144557826221 ], [ 2644541.502538449596614, 2532153.209144557826221 ], [ 2644618.34623295860365, 2532230.052480667829514 ], [ 2644618.34623295860365, 2532306.894215641077608 ], [ 2644618.34623295860365, 2532383.7375517510809 ], [ 2644618.34623295860365, 2532460.580887861084193 ], [ 2644618.34623295860365, 2532537.424223970621824 ], [ 2644695.188326357398182, 2532537.424223970621824 ], [ 2644695.188326357398182, 2532614.26595894433558 ], [ 2644695.188326357398182, 2532691.109295054338872 ], [ 2644772.030419755727053, 2532767.952631163876504 ], [ 2644772.030419755727053, 2532844.794366137590259 ], [ 2644772.030419755727053, 2532921.637702247593552 ], [ 2644848.872513154521585, 2532921.637702247593552 ], [ 2644925.714606552850455, 2532998.481038357131183 ], [ 2644925.714606552850455, 2533075.324374467134476 ], [ 2644925.714606552850455, 2533152.166109440848231 ], [ 2645002.558301061857492, 2533152.166109440848231 ], [ 2645079.400394460652024, 2533229.009445550385863 ], [ 2645156.242487858980894, 2533305.852781660389155 ], [ 2645156.242487858980894, 2533382.696117770392448 ], [ 2645233.084581257775426, 2533382.696117770392448 ], [ 2645233.084581257775426, 2533459.537852743640542 ], [ 2645309.926674656104296, 2533459.537852743640542 ], [ 2645309.926674656104296, 2533536.381188853643835 ], [ 2645233.084581257775426, 2533536.381188853643835 ], [ 2645309.926674656104296, 2533613.224524963647127 ], [ 2645233.084581257775426, 2533613.224524963647127 ], [ 2645156.242487858980894, 2533690.067861073184758 ], [ 2645233.084581257775426, 2533690.067861073184758 ], [ 2645233.084581257775426, 2533766.909596046898514 ], [ 2645309.926674656104296, 2533766.909596046898514 ], [ 2645386.768768054898828, 2533766.909596046898514 ], [ 2645463.612462563905865, 2533843.752932156901807 ], [ 2645540.454555962234735, 2533920.596268266439438 ], [ 2645617.296649361029267, 2533920.596268266439438 ], [ 2645617.296649361029267, 2533997.438003240153193 ], [ 2645694.138742759358138, 2533920.596268266439438 ], [ 2645694.138742759358138, 2533997.438003240153193 ], [ 2645694.138742759358138, 2534074.281339350156486 ], [ 2645770.98083615815267, 2534074.281339350156486 ], [ 2645770.98083615815267, 2534151.124675459694117 ], [ 2645770.98083615815267, 2534227.96801156969741 ], [ 2645770.98083615815267, 2534304.809746543411165 ], [ 2645770.98083615815267, 2534381.653082652948797 ], [ 2645694.138742759358138, 2534458.496418762952089 ], [ 2645617.296649361029267, 2534535.339754872955382 ], [ 2645540.454555962234735, 2534535.339754872955382 ], [ 2645540.454555962234735, 2534612.181489846203476 ], [ 2645463.612462563905865, 2534612.181489846203476 ], [ 2645463.612462563905865, 2534689.024825956206769 ], [ 2645386.768768054898828, 2534765.868162066210061 ], [ 2645386.768768054898828, 2534842.711498176213354 ], [ 2645309.926674656104296, 2534842.711498176213354 ], [ 2645309.926674656104296, 2534919.553233149461448 ], [ 2645386.768768054898828, 2534919.553233149461448 ], [ 2645386.768768054898828, 2534996.396569259464741 ], [ 2645309.926674656104296, 2534996.396569259464741 ], [ 2645233.084581257775426, 2534996.396569259464741 ], [ 2645156.242487858980894, 2534996.396569259464741 ], [ 2645079.400394460652024, 2535073.239905369468033 ], [ 2645002.558301061857492, 2535150.081640342716128 ], [ 2645002.558301061857492, 2535226.92497645271942 ], [ 2645002.558301061857492, 2535303.768312562722713 ], [ 2645002.558301061857492, 2535380.611648672260344 ], [ 2645002.558301061857492, 2535457.4533836459741 ], [ 2645002.558301061857492, 2535534.296719755977392 ], [ 2644925.714606552850455, 2535611.140055865515023 ], [ 2644925.714606552850455, 2535687.983391975518316 ], [ 2644848.872513154521585, 2535687.983391975518316 ], [ 2644848.872513154521585, 2535764.825126949232072 ], [ 2644848.872513154521585, 2535841.668463058769703 ], [ 2644772.030419755727053, 2535841.668463058769703 ], [ 2644772.030419755727053, 2535918.511799168772995 ], [ 2644695.188326357398182, 2535995.353534142486751 ], [ 2644695.188326357398182, 2536072.196870252024382 ], [ 2644695.188326357398182, 2536149.040206362027675 ], [ 2644695.188326357398182, 2536225.883542472030967 ], [ 2644618.34623295860365, 2536302.725277445279062 ], [ 2644618.34623295860365, 2536379.568613555282354 ], [ 2644618.34623295860365, 2536456.411949665285647 ], [ 2644695.188326357398182, 2536456.411949665285647 ], [ 2644695.188326357398182, 2536533.255285774823278 ], [ 2644695.188326357398182, 2536610.097020748537034 ], [ 2644695.188326357398182, 2536686.940356858540326 ], [ 2644772.030419755727053, 2536686.940356858540326 ], [ 2644772.030419755727053, 2536763.783692968077958 ], [ 2644695.188326357398182, 2536763.783692968077958 ], [ 2644618.34623295860365, 2536763.783692968077958 ], [ 2644618.34623295860365, 2536840.62702907808125 ], [ 2644618.34623295860365, 2536917.468764051795006 ], [ 2644541.502538449596614, 2536917.468764051795006 ], [ 2644541.502538449596614, 2536994.312100161332637 ], [ 2644541.502538449596614, 2537071.15543627133593 ], [ 2644541.502538449596614, 2537147.997171245049685 ], [ 2644541.502538449596614, 2537224.840507354587317 ], [ 2644464.660445050802082, 2537224.840507354587317 ], [ 2644387.818351652473211, 2537301.683843464590609 ], [ 2644464.660445050802082, 2537301.683843464590609 ], [ 2644464.660445050802082, 2537378.527179574593902 ], [ 2644464.660445050802082, 2537455.368914547841996 ], [ 2644541.502538449596614, 2537455.368914547841996 ], [ 2644541.502538449596614, 2537532.212250657845289 ], [ 2644541.502538449596614, 2537609.055586767848581 ], [ 2644541.502538449596614, 2537685.898922877851874 ], [ 2644541.502538449596614, 2537762.740657851099968 ], [ 2644541.502538449596614, 2537839.583993961103261 ], [ 2644541.502538449596614, 2537916.427330071106553 ], [ 2644541.502538449596614, 2537993.270666180644184 ], [ 2644618.34623295860365, 2537993.270666180644184 ], [ 2644695.188326357398182, 2538070.11240115435794 ], [ 2644695.188326357398182, 2538146.955737264361233 ], [ 2644772.030419755727053, 2538146.955737264361233 ], [ 2644772.030419755727053, 2538223.799073373898864 ], [ 2644772.030419755727053, 2538300.640808347612619 ], [ 2644695.188326357398182, 2538300.640808347612619 ], [ 2644695.188326357398182, 2538377.484144457615912 ], [ 2644695.188326357398182, 2538454.327480567153543 ], [ 2644772.030419755727053, 2538531.170816677156836 ], [ 2644772.030419755727053, 2538608.012551650870591 ], [ 2644848.872513154521585, 2538608.012551650870591 ], [ 2644925.714606552850455, 2538608.012551650870591 ], [ 2644925.714606552850455, 2538684.855887760408223 ], [ 2645002.558301061857492, 2538761.699223870411515 ], [ 2645079.400394460652024, 2538761.699223870411515 ], [ 2645156.242487858980894, 2538761.699223870411515 ], [ 2645156.242487858980894, 2538915.384294953662902 ], [ 2645079.400394460652024, 2538915.384294953662902 ], [ 2645079.400394460652024, 2538992.227631063666195 ], [ 2645079.400394460652024, 2539069.070967173669487 ], [ 2645079.400394460652024, 2539145.912702146917582 ], [ 2645079.400394460652024, 2539222.756038256920874 ], [ 2645079.400394460652024, 2539299.599374366924167 ], [ 2645079.400394460652024, 2539376.442710476461798 ], [ 2645079.400394460652024, 2539453.284445450175554 ], [ 2645079.400394460652024, 2539530.127781560178846 ], [ 2645079.400394460652024, 2539606.971117669716477 ], [ 2645079.400394460652024, 2539683.81445377971977 ], [ 2645079.400394460652024, 2539760.656188753433526 ], [ 2645156.242487858980894, 2539837.499524862971157 ], [ 2645156.242487858980894, 2539914.342860972974449 ], [ 2645233.084581257775426, 2539914.342860972974449 ], [ 2645233.084581257775426, 2539991.186197082977742 ], [ 2645309.926674656104296, 2539991.186197082977742 ], [ 2645309.926674656104296, 2540068.027932056225836 ], [ 2645386.768768054898828, 2540068.027932056225836 ], [ 2645386.768768054898828, 2540144.871268166229129 ], [ 2645463.612462563905865, 2540144.871268166229129 ], [ 2645463.612462563905865, 2540221.714604276232421 ], [ 2645540.454555962234735, 2540221.714604276232421 ], [ 2645617.296649361029267, 2540221.714604276232421 ], [ 2645694.138742759358138, 2540221.714604276232421 ], [ 2645770.98083615815267, 2540298.556339249480516 ], [ 2645847.824530667159706, 2540298.556339249480516 ], [ 2645847.824530667159706, 2540375.399675359483808 ], [ 2645924.666624065954238, 2540375.399675359483808 ], [ 2646001.508717464283109, 2540452.243011469487101 ], [ 2646078.350810863077641, 2540452.243011469487101 ], [ 2646078.350810863077641, 2540529.086347579490393 ], [ 2646155.192904261406511, 2540529.086347579490393 ], [ 2646155.192904261406511, 2540605.928082552738488 ], [ 2646232.036598770413548, 2540605.928082552738488 ], [ 2646308.87869216920808, 2540605.928082552738488 ], [ 2646385.72078556753695, 2540605.928082552738488 ], [ 2646385.72078556753695, 2540682.77141866274178 ], [ 2646462.562878966331482, 2540682.77141866274178 ], [ 2646462.562878966331482, 2540759.614754772745073 ], [ 2646462.562878966331482, 2540836.458090882282704 ], [ 2646462.562878966331482, 2540913.29982585599646 ], [ 2646462.562878966331482, 2540990.143161965999752 ], [ 2646539.404972364660352, 2540990.143161965999752 ], [ 2646539.404972364660352, 2541066.986498075537384 ], [ 2646616.247065763454884, 2541143.829834185540676 ], [ 2646616.247065763454884, 2541220.671569159254432 ], [ 2646693.090760272461921, 2541220.671569159254432 ], [ 2646769.932853670790792, 2541220.671569159254432 ], [ 2646769.932853670790792, 2541297.514905268792063 ], [ 2646846.774947069585323, 2541297.514905268792063 ], [ 2646923.617040467914194, 2541297.514905268792063 ], [ 2646923.617040467914194, 2541374.358241378795356 ], [ 2647000.459133866708726, 2541374.358241378795356 ], [ 2647000.459133866708726, 2541451.199976352509111 ], [ 2647077.302828375715762, 2541451.199976352509111 ], [ 2647077.302828375715762, 2541528.043312462046742 ], [ 2647154.144921774510294, 2541528.043312462046742 ], [ 2647154.144921774510294, 2541604.886648572050035 ], [ 2647154.144921774510294, 2541758.571719655301422 ], [ 2647154.144921774510294, 2541835.415055765304714 ], [ 2647154.144921774510294, 2541912.258391875308007 ], [ 2647154.144921774510294, 2541989.101727984845638 ], [ 2647154.144921774510294, 2542065.943462958559394 ], [ 2647154.144921774510294, 2542142.786799068562686 ], [ 2647230.987015172839165, 2542142.786799068562686 ], [ 2647230.987015172839165, 2542219.630135178100318 ], [ 2647230.987015172839165, 2542450.158542371354997 ], [ 2647307.829108571633697, 2542450.158542371354997 ], [ 2647384.671201969962567, 2542757.530285674612969 ], [ 2647384.671201969962567, 2542834.373621784616262 ], [ 2647461.513295368757099, 2542911.215356757864356 ], [ 2647538.356989877764136, 2542911.215356757864356 ], [ 2647538.356989877764136, 2542988.058692867867649 ], [ 2647538.356989877764136, 2543064.902028977870941 ], [ 2647538.356989877764136, 2543141.745365087874234 ], [ 2647538.356989877764136, 2543218.587100061122328 ], [ 2647461.513295368757099, 2543295.430436171125621 ], [ 2647384.671201969962567, 2543372.273772281128913 ], [ 2647384.671201969962567, 2543449.115507254377007 ], [ 2647384.671201969962567, 2543525.9588433643803 ], [ 2647384.671201969962567, 2543602.802179474383593 ], [ 2647384.671201969962567, 2543679.645515583921224 ], [ 2647461.513295368757099, 2543679.645515583921224 ], [ 2647461.513295368757099, 2543756.487250557634979 ], [ 2647461.513295368757099, 2543833.330586667638272 ], [ 2647461.513295368757099, 2544140.702329970430583 ], [ 2647461.513295368757099, 2544217.545666080433875 ], [ 2647538.356989877764136, 2544294.389002190437168 ], [ 2647615.199083276093006, 2544371.230737163685262 ], [ 2647692.041176674887538, 2544448.074073273688555 ], [ 2647922.569057981017977, 2544678.602480466943234 ], [ 2647922.569057981017977, 2544755.445816576946527 ], [ 2647922.569057981017977, 2544832.289152686484158 ], [ 2647922.569057981017977, 2544909.130887660197914 ], [ 2647999.411151379346848, 2544909.130887660197914 ], [ 2648076.253244778141379, 2544985.974223770201206 ], [ 2648153.09533817647025, 2544985.974223770201206 ], [ 2648153.09533817647025, 2545062.817559879738837 ], [ 2648229.937431575264782, 2545139.66089598974213 ], [ 2648306.781126084271818, 2545293.345967072993517 ], [ 2648306.781126084271818, 2545370.189303182996809 ], [ 2648460.465312881395221, 2545370.189303182996809 ], [ 2648614.149499678518623, 2545677.561046486254781 ], [ 2648690.991593077313155, 2545754.402781459502876 ], [ 2648844.677380984649062, 2546061.774524762760848 ], [ 2648921.519474383443594, 2546138.61786087276414 ], [ 2648998.361567781772465, 2546138.61786087276414 ], [ 2648998.361567781772465, 2546215.461196982767433 ], [ 2649228.889449087902904, 2546292.304533092305064 ], [ 2649305.731542486697435, 2546369.14626806601882 ], [ 2649382.573635885026306, 2546445.989604176022112 ], [ 2649459.415729283820838, 2546445.989604176022112 ], [ 2649536.259423792827874, 2546522.832940285559744 ], [ 2649536.259423792827874, 2546599.674675259273499 ], [ 2649536.259423792827874, 2546676.518011369276792 ], [ 2649536.259423792827874, 2546753.361347478814423 ], [ 2649459.415729283820838, 2546753.361347478814423 ], [ 2649459.415729283820838, 2546830.204683588817716 ], [ 2649459.415729283820838, 2546907.046418562531471 ], [ 2649459.415729283820838, 2546983.889754672069103 ], [ 2649459.415729283820838, 2547060.733090782072395 ], [ 2649459.415729283820838, 2547137.576426892075688 ], [ 2649459.415729283820838, 2547214.418161865323782 ], [ 2649459.415729283820838, 2547291.261497975327075 ], [ 2649382.573635885026306, 2547291.261497975327075 ], [ 2649382.573635885026306, 2547368.104834085330367 ], [ 2649459.415729283820838, 2547368.104834085330367 ], [ 2649459.415729283820838, 2547521.789905168581754 ], [ 2649536.259423792827874, 2547521.789905168581754 ], [ 2649536.259423792827874, 2547598.633241278585047 ], [ 2649613.101517191622406, 2547598.633241278585047 ], [ 2649613.101517191622406, 2547675.476577388122678 ], [ 2649536.259423792827874, 2547675.476577388122678 ], [ 2649382.573635885026306, 2547675.476577388122678 ], [ 2649228.889449087902904, 2547752.318312361836433 ], [ 2648921.519474383443594, 2547982.84832069138065 ], [ 2648767.835287586320192, 2548059.690055665094405 ], [ 2648460.465312881395221, 2548290.220063994638622 ], [ 2648537.307406280189753, 2548828.120214491151273 ], [ 2648767.835287586320192, 2549212.33369276765734 ], [ 2648690.991593077313155, 2549366.020364987198263 ], [ 2648690.991593077313155, 2549442.863701097201556 ], [ 2648690.991593077313155, 2549596.548772180452943 ], [ 2648767.835287586320192, 2549750.233843264169991 ], [ 2648690.991593077313155, 2549827.077179373707622 ], [ 2648844.677380984649062, 2549750.233843264169991 ], [ 2649152.047355689574033, 2549750.233843264169991 ], [ 2649305.731542486697435, 2550211.292258786968887 ], [ 2649382.573635885026306, 2550211.292258786968887 ], [ 2649459.415729283820838, 2549903.920515483710915 ], [ 2649613.101517191622406, 2549903.920515483710915 ], [ 2649689.943610589951277, 2549903.920515483710915 ], [ 2649689.943610589951277, 2549980.763851593714207 ], [ 2649613.101517191622406, 2549980.763851593714207 ], [ 2649613.101517191622406, 2550057.605586566962302 ], [ 2649613.101517191622406, 2550134.448922676965594 ], [ 2649536.259423792827874, 2550134.448922676965594 ], [ 2649536.259423792827874, 2550211.292258786968887 ], [ 2649536.259423792827874, 2550288.135594896506518 ], [ 2649459.415729283820838, 2550288.135594896506518 ], [ 2649459.415729283820838, 2550364.977329870220274 ], [ 2649459.415729283820838, 2550441.820665980223566 ], [ 2649382.573635885026306, 2550441.820665980223566 ], [ 2649382.573635885026306, 2550518.664002089761198 ], [ 2649382.573635885026306, 2550595.50733819976449 ], [ 2649305.731542486697435, 2550595.50733819976449 ], [ 2649305.731542486697435, 2550672.349073173478246 ], [ 2649228.889449087902904, 2550672.349073173478246 ], [ 2649228.889449087902904, 2550749.192409283015877 ], [ 2649152.047355689574033, 2550749.192409283015877 ], [ 2649152.047355689574033, 2550826.03574539301917 ], [ 2649075.203661180566996, 2550902.877480366732925 ], [ 2648998.361567781772465, 2550979.720816476270556 ], [ 2648921.519474383443594, 2551056.564152586273849 ], [ 2648844.677380984649062, 2551056.564152586273849 ], [ 2648844.677380984649062, 2551133.407488696277142 ], [ 2648844.677380984649062, 2551287.092559779528528 ], [ 2648844.677380984649062, 2551363.935895889531821 ], [ 2648844.677380984649062, 2551517.620966972783208 ], [ 2648767.835287586320192, 2551594.4643030827865 ], [ 2648690.991593077313155, 2551671.307639192789793 ], [ 2648537.307406280189753, 2551748.149374166037887 ], [ 2648537.307406280189753, 2551824.99271027604118 ], [ 2648460.465312881395221, 2551901.836046386044472 ], [ 2648383.62321948306635, 2551901.836046386044472 ], [ 2648306.781126084271818, 2551978.679382495582104 ], [ 2648229.937431575264782, 2551978.679382495582104 ], [ 2648229.937431575264782, 2551901.836046386044472 ], [ 2648229.937431575264782, 2551824.99271027604118 ], [ 2648306.781126084271818, 2551748.149374166037887 ], [ 2648306.781126084271818, 2551671.307639192789793 ], [ 2648229.937431575264782, 2551594.4643030827865 ], [ 2648306.781126084271818, 2551517.620966972783208 ], [ 2648306.781126084271818, 2551440.779231999535114 ], [ 2648306.781126084271818, 2551363.935895889531821 ], [ 2648229.937431575264782, 2551363.935895889531821 ], [ 2648229.937431575264782, 2551287.092559779528528 ], [ 2648153.09533817647025, 2551287.092559779528528 ], [ 2648153.09533817647025, 2551210.249223669525236 ], [ 2648076.253244778141379, 2551210.249223669525236 ], [ 2647999.411151379346848, 2551210.249223669525236 ], [ 2647922.569057981017977, 2551133.407488696277142 ], [ 2647845.72536347201094, 2551210.249223669525236 ], [ 2647768.883270073216408, 2551287.092559779528528 ], [ 2647768.883270073216408, 2551363.935895889531821 ], [ 2647692.041176674887538, 2551440.779231999535114 ], [ 2647615.199083276093006, 2551517.620966972783208 ], [ 2647538.356989877764136, 2551594.4643030827865 ], [ 2647461.513295368757099, 2551517.620966972783208 ], [ 2647384.671201969962567, 2551517.620966972783208 ], [ 2647307.829108571633697, 2551440.779231999535114 ], [ 2647230.987015172839165, 2551363.935895889531821 ], [ 2647230.987015172839165, 2551287.092559779528528 ], [ 2647154.144921774510294, 2551287.092559779528528 ], [ 2647077.302828375715762, 2551210.249223669525236 ], [ 2647000.459133866708726, 2551210.249223669525236 ], [ 2646923.617040467914194, 2551210.249223669525236 ], [ 2646846.774947069585323, 2551210.249223669525236 ], [ 2646769.932853670790792, 2551210.249223669525236 ], [ 2646769.932853670790792, 2551287.092559779528528 ], [ 2646693.090760272461921, 2551287.092559779528528 ], [ 2646693.090760272461921, 2551363.935895889531821 ], [ 2646693.090760272461921, 2551440.779231999535114 ], [ 2646693.090760272461921, 2551517.620966972783208 ], [ 2646616.247065763454884, 2551517.620966972783208 ], [ 2646616.247065763454884, 2551594.4643030827865 ], [ 2646539.404972364660352, 2551594.4643030827865 ], [ 2646539.404972364660352, 2551671.307639192789793 ], [ 2646462.562878966331482, 2551671.307639192789793 ], [ 2646462.562878966331482, 2551748.149374166037887 ], [ 2646385.72078556753695, 2551748.149374166037887 ], [ 2646385.72078556753695, 2551824.99271027604118 ], [ 2646462.562878966331482, 2551901.836046386044472 ], [ 2646462.562878966331482, 2552055.521117469295859 ], [ 2646539.404972364660352, 2552055.521117469295859 ], [ 2646539.404972364660352, 2552132.364453579299152 ], [ 2646616.247065763454884, 2552132.364453579299152 ], [ 2646616.247065763454884, 2552209.207789688836783 ], [ 2646693.090760272461921, 2552209.207789688836783 ], [ 2646693.090760272461921, 2552286.051125798840076 ], [ 2646769.932853670790792, 2552362.892860772553831 ], [ 2646769.932853670790792, 2552439.736196882091463 ], [ 2646846.774947069585323, 2552439.736196882091463 ], [ 2646846.774947069585323, 2552516.579532992094755 ], [ 2646923.617040467914194, 2552516.579532992094755 ], [ 2647000.459133866708726, 2552593.422869102098048 ], [ 2647077.302828375715762, 2552670.264604075346142 ], [ 2647154.144921774510294, 2552670.264604075346142 ], [ 2647230.987015172839165, 2552670.264604075346142 ], [ 2647307.829108571633697, 2552670.264604075346142 ], [ 2647384.671201969962567, 2552670.264604075346142 ], [ 2647384.671201969962567, 2552747.107940185349435 ], [ 2647384.671201969962567, 2552823.951276295352727 ], [ 2647461.513295368757099, 2552823.951276295352727 ], [ 2647461.513295368757099, 2552900.793011268600821 ], [ 2647538.356989877764136, 2552900.793011268600821 ], [ 2647615.199083276093006, 2553361.851426791399717 ], [ 2647692.041176674887538, 2553669.223170094657689 ], [ 2647154.144921774510294, 2553746.066506204660982 ], [ 2647230.987015172839165, 2554283.966656701173633 ], [ 2647538.356989877764136, 2554207.123320591170341 ], [ 2647615.199083276093006, 2555052.395214390475303 ], [ 2647692.041176674887538, 2555206.080285474192351 ], [ 2647768.883270073216408, 2555282.923621583729982 ], [ 2647845.72536347201094, 2555282.923621583729982 ], [ 2647922.569057981017977, 2555282.923621583729982 ], [ 2648076.253244778141379, 2555359.766957693733275 ], [ 2648153.09533817647025, 2555359.766957693733275 ], [ 2648229.937431575264782, 2555359.766957693733275 ], [ 2648306.781126084271818, 2555359.766957693733275 ], [ 2648306.781126084271818, 2555282.923621583729982 ], [ 2648383.62321948306635, 2555282.923621583729982 ], [ 2648383.62321948306635, 2555206.080285474192351 ], [ 2648460.465312881395221, 2555206.080285474192351 ], [ 2648460.465312881395221, 2555282.923621583729982 ], [ 2648460.465312881395221, 2555359.766957693733275 ], [ 2648460.465312881395221, 2555436.610293803736567 ], [ 2648537.307406280189753, 2555513.452028776984662 ], [ 2648614.149499678518623, 2555590.295364886987954 ], [ 2648690.991593077313155, 2555590.295364886987954 ], [ 2648690.991593077313155, 2555513.452028776984662 ], [ 2648690.991593077313155, 2555436.610293803736567 ], [ 2648614.149499678518623, 2555436.610293803736567 ], [ 2648614.149499678518623, 2555359.766957693733275 ], [ 2648537.307406280189753, 2555359.766957693733275 ], [ 2648614.149499678518623, 2555359.766957693733275 ], [ 2648614.149499678518623, 2555282.923621583729982 ], [ 2648690.991593077313155, 2555282.923621583729982 ], [ 2648767.835287586320192, 2555282.923621583729982 ], [ 2648844.677380984649062, 2555282.923621583729982 ], [ 2648921.519474383443594, 2555282.923621583729982 ], [ 2648998.361567781772465, 2555359.766957693733275 ], [ 2648998.361567781772465, 2555282.923621583729982 ], [ 2649075.203661180566996, 2555282.923621583729982 ], [ 2649152.047355689574033, 2555282.923621583729982 ], [ 2649228.889449087902904, 2555282.923621583729982 ], [ 2649228.889449087902904, 2555206.080285474192351 ], [ 2649228.889449087902904, 2555282.923621583729982 ], [ 2649305.731542486697435, 2555282.923621583729982 ], [ 2649382.573635885026306, 2555282.923621583729982 ], [ 2649459.415729283820838, 2555282.923621583729982 ], [ 2649459.415729283820838, 2555206.080285474192351 ], [ 2649536.259423792827874, 2555206.080285474192351 ], [ 2649536.259423792827874, 2555129.238550500478595 ], [ 2649613.101517191622406, 2555129.238550500478595 ], [ 2649689.943610589951277, 2555129.238550500478595 ], [ 2649766.785703988745809, 2555129.238550500478595 ], [ 2649843.627797387074679, 2555129.238550500478595 ], [ 2649843.627797387074679, 2555206.080285474192351 ], [ 2649920.469890785869211, 2555206.080285474192351 ], [ 2649920.469890785869211, 2555282.923621583729982 ], [ 2649997.313585294876248, 2555282.923621583729982 ], [ 2649997.313585294876248, 2555359.766957693733275 ], [ 2650074.155678693205118, 2555359.766957693733275 ], [ 2650074.155678693205118, 2555436.610293803736567 ], [ 2650150.99777209199965, 2555436.610293803736567 ], [ 2650227.839865490328521, 2555436.610293803736567 ], [ 2650304.681958889123052, 2555513.452028776984662 ], [ 2650381.525653398130089, 2555513.452028776984662 ], [ 2650381.525653398130089, 2555590.295364886987954 ], [ 2650458.36774679645896, 2555590.295364886987954 ], [ 2650458.36774679645896, 2555667.138700996991247 ], [ 2650535.209840195253491, 2555667.138700996991247 ], [ 2650535.209840195253491, 2555743.982037106528878 ], [ 2650612.051933593582362, 2555743.982037106528878 ], [ 2650688.894026992376894, 2555820.823772080242634 ], [ 2650765.73772150138393, 2555820.823772080242634 ], [ 2650688.894026992376894, 2555897.667108190245926 ], [ 2650612.051933593582362, 2555974.510444299783558 ], [ 2650688.894026992376894, 2555974.510444299783558 ], [ 2650765.73772150138393, 2555974.510444299783558 ], [ 2650842.579814899712801, 2555974.510444299783558 ], [ 2650842.579814899712801, 2556051.352179273497313 ], [ 2650919.421908298507333, 2556051.352179273497313 ], [ 2650919.421908298507333, 2556128.195515383500606 ], [ 2650996.264001697301865, 2556128.195515383500606 ], [ 2651073.106095095630735, 2556128.195515383500606 ], [ 2651149.948188494425267, 2556128.195515383500606 ], [ 2651226.791883003432304, 2556128.195515383500606 ], [ 2651226.791883003432304, 2556051.352179273497313 ], [ 2651303.633976401761174, 2556051.352179273497313 ], [ 2651303.633976401761174, 2556128.195515383500606 ], [ 2651380.476069800555706, 2556128.195515383500606 ], [ 2651380.476069800555706, 2556051.352179273497313 ], [ 2651457.318163198884577, 2556051.352179273497313 ], [ 2651457.318163198884577, 2556128.195515383500606 ], [ 2651457.318163198884577, 2556205.038851493038237 ], [ 2651534.160256597679108, 2556205.038851493038237 ], [ 2651611.003951106686145, 2556281.88218760304153 ], [ 2651611.003951106686145, 2556205.038851493038237 ], [ 2651687.846044505015016, 2556205.038851493038237 ], [ 2651687.846044505015016, 2556281.88218760304153 ], [ 2651764.688137903809547, 2556281.88218760304153 ], [ 2651764.688137903809547, 2556358.723922576755285 ], [ 2651841.530231302138418, 2556358.723922576755285 ], [ 2651918.37232470093295, 2556358.723922576755285 ], [ 2651995.216019209939986, 2556358.723922576755285 ], [ 2651995.216019209939986, 2556281.88218760304153 ], [ 2652072.058112608268857, 2556281.88218760304153 ], [ 2652148.900206007063389, 2556205.038851493038237 ], [ 2652225.742299405857921, 2556205.038851493038237 ], [ 2652302.584392804186791, 2556205.038851493038237 ], [ 2652379.426486202981323, 2556205.038851493038237 ], [ 2652379.426486202981323, 2556128.195515383500606 ], [ 2652456.27018071198836, 2556128.195515383500606 ], [ 2652456.27018071198836, 2556205.038851493038237 ], [ 2652533.11227411031723, 2556205.038851493038237 ], [ 2652609.954367509111762, 2556205.038851493038237 ], [ 2652686.796460907440633, 2556205.038851493038237 ], [ 2652763.638554306235164, 2556205.038851493038237 ], [ 2652840.482248815242201, 2556128.195515383500606 ], [ 2652840.482248815242201, 2556205.038851493038237 ], [ 2652917.324342213571072, 2556205.038851493038237 ], [ 2652994.166435612365603, 2556205.038851493038237 ], [ 2652994.166435612365603, 2556128.195515383500606 ], [ 2653071.008529010694474, 2556128.195515383500606 ], [ 2653071.008529010694474, 2556051.352179273497313 ], [ 2653147.850622409489006, 2556051.352179273497313 ], [ 2653147.850622409489006, 2556128.195515383500606 ], [ 2653224.694316918496042, 2556128.195515383500606 ], [ 2653301.536410316824913, 2556128.195515383500606 ], [ 2653378.378503715619445, 2556128.195515383500606 ], [ 2653455.220597114413977, 2556128.195515383500606 ], [ 2653455.220597114413977, 2556205.038851493038237 ], [ 2653532.062690512742847, 2556205.038851493038237 ], [ 2653532.062690512742847, 2556281.88218760304153 ], [ 2653532.062690512742847, 2556358.723922576755285 ], [ 2653608.904783911537379, 2556435.567258686292917 ], [ 2653685.748478420544416, 2556435.567258686292917 ], [ 2653762.590571818873286, 2556435.567258686292917 ], [ 2653839.432665217667818, 2556435.567258686292917 ], [ 2653839.432665217667818, 2556512.410594796296209 ], [ 2653916.274758615996689, 2556512.410594796296209 ], [ 2653916.274758615996689, 2556589.253930906299502 ], [ 2653993.11685201479122, 2556589.253930906299502 ], [ 2654069.960546523798257, 2556589.253930906299502 ], [ 2654069.960546523798257, 2556666.095665879547596 ], [ 2654069.960546523798257, 2556742.939001989550889 ], [ 2654069.960546523798257, 2556819.782338099554181 ], [ 2654069.960546523798257, 2556896.625674209557474 ], [ 2654146.802639922127128, 2556973.467409182805568 ], [ 2654069.960546523798257, 2557050.310745292808861 ], [ 2654069.960546523798257, 2557127.154081402812153 ], [ 2654300.48682671925053, 2557511.367559679318219 ], [ 2654377.328920118045062, 2557511.367559679318219 ], [ 2654377.328920118045062, 2557588.210895789321512 ], [ 2654300.48682671925053, 2557665.054231898859143 ], [ 2654300.48682671925053, 2557741.897568008862436 ], [ 2654223.644733320921659, 2557818.739302982576191 ], [ 2654300.48682671925053, 2557895.582639092113823 ], [ 2654300.48682671925053, 2557972.425975202117115 ], [ 2654300.48682671925053, 2558049.267710175830871 ], [ 2654377.328920118045062, 2558049.267710175830871 ], [ 2654454.171013516373932, 2558126.111046285368502 ], [ 2654531.014708025380969, 2558126.111046285368502 ], [ 2654531.014708025380969, 2558202.954382395371795 ], [ 2654531.014708025380969, 2558279.797718505375087 ], [ 2654531.014708025380969, 2558356.639453478623182 ], [ 2654607.856801424175501, 2558433.482789588626474 ], [ 2654684.698894822970033, 2558510.326125698629767 ], [ 2654684.698894822970033, 2558587.169461808167398 ], [ 2654838.383081620093435, 2558587.169461808167398 ], [ 2656375.231354033108801, 2558817.697869001422077 ], [ 2657988.921719844918698, 2558971.382940085139126 ], [ 2660294.194128464907408, 2559201.911347278393805 ], [ 2661677.356612970586866, 2559355.598019497934729 ], [ 2661677.356612970586866, 2559432.441355607938021 ], [ 2661677.356612970586866, 2559509.283090581186116 ], [ 2661600.514519572257996, 2559586.126426691189408 ], [ 2661677.356612970586866, 2559586.126426691189408 ], [ 2661677.356612970586866, 2559662.969762801192701 ], [ 2661600.514519572257996, 2559662.969762801192701 ], [ 2661600.514519572257996, 2559816.654833884444088 ], [ 2661600.514519572257996, 2559893.49816999444738 ], [ 2661677.356612970586866, 2559893.49816999444738 ], [ 2662215.25286787096411, 2559739.813098911195993 ], [ 2662676.307029373012483, 2559662.969762801192701 ], [ 2663367.889072181191295, 2559586.126426691189408 ], [ 2663444.731165579520166, 2559586.126426691189408 ], [ 2664366.841089693829417, 2559432.441355607938021 ], [ 2664597.367369889747351, 2559432.441355607938021 ], [ 2665058.421531391795725, 2559432.441355607938021 ], [ 2665442.633599495049566, 2559355.598019497934729 ], [ 2665903.687760996632278, 2559278.754683387931436 ], [ 2665980.531455505639315, 2559893.49816999444738 ], [ 2666057.373548904433846, 2560200.869913297705352 ], [ 2666287.899829100351781, 2560200.869913297705352 ], [ 2666902.639778509736061, 2560124.02657718770206 ], [ 2667517.378126808907837, 2559970.341506104450673 ], [ 2667133.166058705188334, 2559125.069612304680049 ], [ 2668132.118076218292117, 2558971.382940085139126 ], [ 2668670.014331118669361, 2558894.54120511142537 ], [ 2668670.014331118669361, 2558971.382940085139126 ], [ 2668670.014331118669361, 2559048.226276194676757 ], [ 2668746.856424517463893, 2559125.069612304680049 ], [ 2668746.856424517463893, 2559201.911347278393805 ], [ 2668900.5422124247998, 2559509.283090581186116 ], [ 2668977.384305823594332, 2559739.813098911195993 ], [ 2669054.226399221923202, 2559739.813098911195993 ], [ 2669054.226399221923202, 2559816.654833884444088 ], [ 2669054.226399221923202, 2559893.49816999444738 ], [ 2669131.068492620717734, 2559970.341506104450673 ], [ 2669207.910586019046605, 2560124.02657718770206 ], [ 2669284.754280528053641, 2560200.869913297705352 ], [ 2669438.438467325177044, 2560508.241656600497663 ], [ 2669438.438467325177044, 2560585.084992710500956 ], [ 2669515.280560723971575, 2560585.084992710500956 ], [ 2669515.280560723971575, 2560661.926727684214711 ], [ 2669515.280560723971575, 2560738.770063793752342 ], [ 2669592.122654122300446, 2560892.456736013758928 ], [ 2669592.122654122300446, 2560969.298470987007022 ], [ 2669668.964747521094978, 2561046.141807097010314 ], [ 2669745.808442030102015, 2561046.141807097010314 ], [ 2669745.808442030102015, 2561122.985143207013607 ], [ 2669822.650535428430885, 2561046.141807097010314 ], [ 2669899.492628827225417, 2561046.141807097010314 ], [ 2669976.334722226019949, 2561046.141807097010314 ], [ 2670053.176815624348819, 2561046.141807097010314 ], [ 2670130.020510133355856, 2561046.141807097010314 ], [ 2670130.020510133355856, 2561122.985143207013607 ], [ 2670206.862603532150388, 2561122.985143207013607 ], [ 2670283.704696930479258, 2561122.985143207013607 ], [ 2670283.704696930479258, 2561199.826878180261701 ], [ 2670437.388883727602661, 2561353.513550400268286 ], [ 2670514.232578236609697, 2561430.356886509805918 ], [ 2670514.232578236609697, 2561507.198621483519673 ], [ 2670591.074671635404229, 2561507.198621483519673 ], [ 2670744.758858432527632, 2561353.513550400268286 ], [ 2670821.600951830856502, 2561353.513550400268286 ], [ 2670898.443045229651034, 2561353.513550400268286 ], [ 2671052.128833136986941, 2561430.356886509805918 ], [ 2671128.970926535781473, 2561430.356886509805918 ], [ 2671205.813019934576005, 2561430.356886509805918 ], [ 2671282.655113332904875, 2561430.356886509805918 ], [ 2671359.498807841911912, 2561430.356886509805918 ], [ 2671513.182994639035314, 2561430.356886509805918 ], [ 2671513.182994639035314, 2561507.198621483519673 ], [ 2671590.025088037829846, 2561507.198621483519673 ], [ 2671666.867181436158717, 2561507.198621483519673 ], [ 2671513.182994639035314, 2561584.041957593522966 ], [ 2671666.867181436158717, 2562198.785444199573249 ], [ 2671820.552969343960285, 2562198.785444199573249 ], [ 2672204.765037447214127, 2562121.942108089569956 ], [ 2672358.449224244337529, 2563044.057337999343872 ], [ 2673357.399640646763146, 2562890.372266915626824 ], [ 2673511.085428554099053, 2563889.329231798648834 ], [ 2674125.823776853270829, 2564043.015904018189758 ], [ 2675124.775794366374612, 2564273.544311211444438 ], [ 2676046.884117370005697, 2564504.072718404699117 ], [ 2676584.780372270382941, 2564580.91605451470241 ], [ 2678352.156525989994407, 2564965.129532791208476 ], [ 2679197.422755595296621, 2565118.816205011215061 ], [ 2680964.797308204229921, 2565503.029683287721127 ], [ 2681502.693563104607165, 2565426.187948314473033 ], [ 2681579.535656503401697, 2565426.187948314473033 ], [ 2681656.379351012408733, 2565426.187948314473033 ], [ 2681656.379351012408733, 2565349.34461220446974 ], [ 2682809.013954211957753, 2565195.659541121218354 ], [ 2682885.857648720964789, 2565195.659541121218354 ], [ 2683039.541835518088192, 2565195.659541121218354 ], [ 2683270.069716824218631, 2565272.501276094466448 ], [ 2683346.911810222547501, 2565272.501276094466448 ] ] } },
{ "type": "Feature", "properties": { }, "geometry": { "type": "LineString", "coordinates": [ [ 2701328.030513238627464, 2515631.984746844507754 ], [ 2701251.188419839832932, 2515170.926331321243197 ], [ 2701174.346326441504061, 2515170.926331321243197 ], [ 2700866.97635173657909, 2515170.926331321243197 ], [ 2700790.13425833825022, 2515170.926331321243197 ], [ 2700713.292164939455688, 2515094.082995211705565 ], [ 2700559.607978142332286, 2515094.082995211705565 ], [ 2700559.607978142332286, 2515017.24126023799181 ], [ 2700482.764283633325249, 2515017.24126023799181 ], [ 2700405.922190234996378, 2515017.24126023799181 ], [ 2700329.080096836201847, 2514940.397924127988517 ], [ 2700175.395910039078444, 2515017.24126023799181 ], [ 2700252.238003437407315, 2514863.554588018450886 ], [ 2700252.238003437407315, 2514709.869516934733838 ], [ 2700329.080096836201847, 2514709.869516934733838 ], [ 2700405.922190234996378, 2514479.341109741479158 ], [ 2700482.764283633325249, 2514402.497773631941527 ], [ 2700405.922190234996378, 2514325.654437521938235 ], [ 2700405.922190234996378, 2514171.969366438686848 ], [ 2700329.080096836201847, 2514171.969366438686848 ], [ 2700329.080096836201847, 2514095.126030328683555 ], [ 2700252.238003437407315, 2514018.282694218680263 ], [ 2700175.395910039078444, 2514018.282694218680263 ], [ 2700175.395910039078444, 2513864.597623135428876 ], [ 2700098.552215530071408, 2513864.597623135428876 ], [ 2700021.710122131276876, 2513787.754287025425583 ], [ 2699944.868028732948005, 2513710.910950915887952 ], [ 2699868.025935334153473, 2513557.225879832170904 ], [ 2699791.183841935824603, 2513249.854136529378593 ], [ 2699868.025935334153473, 2513173.0108004193753 ], [ 2699868.025935334153473, 2512942.482393226120621 ], [ 2699868.025935334153473, 2512711.953986032865942 ], [ 2700098.552215530071408, 2512711.953986032865942 ], [ 2700252.238003437407315, 2512711.953986032865942 ], [ 2700175.395910039078444, 2512635.110649922862649 ], [ 2700405.922190234996378, 2512481.425578839611262 ], [ 2700329.080096836201847, 2512481.425578839611262 ], [ 2700252.238003437407315, 2512558.267313812859356 ], [ 2700021.710122131276876, 2512404.58224272960797 ], [ 2699944.868028732948005, 2512404.58224272960797 ], [ 2699944.868028732948005, 2512327.738906619604677 ], [ 2699868.025935334153473, 2512404.58224272960797 ], [ 2699791.183841935824603, 2512404.58224272960797 ], [ 2699791.183841935824603, 2512327.738906619604677 ], [ 2699714.341748537030071, 2512327.738906619604677 ], [ 2699637.498054028023034, 2512327.738906619604677 ], [ 2699637.498054028023034, 2512250.895570510067046 ], [ 2699714.341748537030071, 2512250.895570510067046 ], [ 2699791.183841935824603, 2511943.523827206809074 ], [ 2699714.341748537030071, 2511943.523827206809074 ], [ 2699637.498054028023034, 2511943.523827206809074 ], [ 2699330.12968043377623, 2511789.838756123557687 ], [ 2699944.868028732948005, 2510790.881791240535676 ], [ 2700098.552215530071408, 2510560.35178291099146 ], [ 2700252.238003437407315, 2510560.35178291099146 ], [ 2700329.080096836201847, 2510560.35178291099146 ], [ 2701097.504233042709529, 2510483.510047937277704 ], [ 2701635.400487943552434, 2510560.35178291099146 ], [ 2701712.242581341881305, 2510637.195119020994753 ], [ 2701789.086275850888342, 2510714.038455130532384 ], [ 2701942.770462648011744, 2510790.881791240535676 ], [ 2702480.666717548388988, 2511175.095269517041743 ], [ 2703095.40666695823893, 2511098.251933407504112 ], [ 2703172.2487603565678, 2511021.410198433790356 ], [ 2703249.090853755362332, 2511098.251933407504112 ], [ 2703479.618735061492771, 2511021.410198433790356 ], [ 2703556.460828459821641, 2511021.410198433790356 ], [ 2703633.302921858616173, 2511021.410198433790356 ], [ 2703633.302921858616173, 2511175.095269517041743 ], [ 2703710.145015256945044, 2511251.938605627045035 ], [ 2703786.987108655739576, 2511251.938605627045035 ], [ 2703863.830803164746612, 2511251.938605627045035 ], [ 2703940.672896563075483, 2511251.938605627045035 ], [ 2704017.514989961870015, 2511251.938605627045035 ], [ 2704017.514989961870015, 2511328.781941737048328 ], [ 2704094.357083360198885, 2511328.781941737048328 ], [ 2704171.199176758993417, 2511405.623676710296422 ], [ 2704171.199176758993417, 2511328.781941737048328 ], [ 2704248.042871268000454, 2511405.623676710296422 ], [ 2704324.884964666794986, 2511405.623676710296422 ], [ 2704324.884964666794986, 2511482.467012820299715 ], [ 2704248.042871268000454, 2511559.310348930303007 ], [ 2704248.042871268000454, 2511636.153685039840639 ], [ 2704171.199176758993417, 2511636.153685039840639 ], [ 2704324.884964666794986, 2511789.838756123557687 ], [ 2704324.884964666794986, 2511866.682092233095318 ], [ 2704248.042871268000454, 2511943.523827206809074 ], [ 2704171.199176758993417, 2511943.523827206809074 ], [ 2704094.357083360198885, 2512020.367163316812366 ], [ 2704094.357083360198885, 2512097.210499426349998 ], [ 2704094.357083360198885, 2512174.05383553635329 ], [ 2704171.199176758993417, 2512250.895570510067046 ], [ 2704171.199176758993417, 2512404.58224272960797 ], [ 2704171.199176758993417, 2512481.425578839611262 ], [ 2704171.199176758993417, 2512558.267313812859356 ], [ 2704094.357083360198885, 2512635.110649922862649 ], [ 2704017.514989961870015, 2512635.110649922862649 ], [ 2704017.514989961870015, 2512788.797322142869234 ], [ 2703940.672896563075483, 2512865.639057116117328 ], [ 2703940.672896563075483, 2512942.482393226120621 ], [ 2703863.830803164746612, 2512942.482393226120621 ], [ 2703710.145015256945044, 2512942.482393226120621 ], [ 2703556.460828459821641, 2512942.482393226120621 ], [ 2703479.618735061492771, 2512942.482393226120621 ], [ 2703402.775040552485734, 2513019.325729336123914 ], [ 2703325.932947153691202, 2513019.325729336123914 ], [ 2703172.2487603565678, 2513096.167464309372008 ], [ 2703095.40666695823893, 2513249.854136529378593 ], [ 2703018.564573559444398, 2513326.697472638916224 ], [ 2702941.720879050437361, 2513326.697472638916224 ], [ 2702941.720879050437361, 2513403.53920761262998 ], [ 2702941.720879050437361, 2513480.382543722633272 ], [ 2702864.87878565210849, 2513634.069215942174196 ], [ 2702941.720879050437361, 2513710.910950915887952 ], [ 2702941.720879050437361, 2513787.754287025425583 ], [ 2702941.720879050437361, 2513864.597623135428876 ], [ 2702864.87878565210849, 2513941.440959245432168 ], [ 2702788.036692253313959, 2514018.282694218680263 ], [ 2702788.036692253313959, 2514095.126030328683555 ], [ 2702788.036692253313959, 2514171.969366438686848 ], [ 2702788.036692253313959, 2514248.811101411934942 ], [ 2702711.194598854519427, 2514325.654437521938235 ], [ 2702711.194598854519427, 2514402.497773631941527 ], [ 2702788.036692253313959, 2514479.341109741479158 ], [ 2702788.036692253313959, 2514556.182844715192914 ], [ 2702788.036692253313959, 2514633.026180825196207 ], [ 2702711.194598854519427, 2514633.026180825196207 ], [ 2702634.352505456190556, 2514633.026180825196207 ], [ 2702557.50881094718352, 2514633.026180825196207 ], [ 2702480.666717548388988, 2514709.869516934733838 ], [ 2702403.824624150060117, 2514863.554588018450886 ], [ 2702326.982530751265585, 2515017.24126023799181 ], [ 2702250.140437352936715, 2515094.082995211705565 ], [ 2702250.140437352936715, 2515170.926331321243197 ], [ 2702250.140437352936715, 2515247.769667431246489 ], [ 2701404.8742077476345, 2515785.669817927759141 ], [ 2701328.030513238627464, 2515631.984746844507754 ] ] } },
{ "type": "Feature", "properties": { }, "geometry": { "type": "LineString", "coordinates": [ [ 2706399.629491980187595, 2527235.262852844316512 ], [ 2706630.155772176105529, 2527158.41951673431322 ], [ 2706630.155772176105529, 2527081.577781760599464 ], [ 2706706.999466685112566, 2527081.577781760599464 ], [ 2706706.999466685112566, 2527004.734445651061833 ], [ 2706783.841560083907098, 2527004.734445651061833 ], [ 2707014.36784027935937, 2526851.047773431055248 ], [ 2707168.053628187160939, 2526774.206038457807153 ], [ 2707321.737814984284341, 2526697.362702347803861 ], [ 2707475.422001781407744, 2526620.519366237800568 ], [ 2707552.26569629041478, 2526543.676030127797276 ], [ 2707629.107789688743651, 2526543.676030127797276 ], [ 2707705.949883087538183, 2526466.834295154549181 ], [ 2707859.634069884661585, 2526466.834295154549181 ], [ 2708013.319857792463154, 2526466.834295154549181 ], [ 2708167.004044589586556, 2526543.676030127797276 ], [ 2708320.688231386709958, 2526543.676030127797276 ], [ 2708474.374019294045866, 2526543.676030127797276 ], [ 2708628.058206091169268, 2526466.834295154549181 ], [ 2708704.9002994899638, 2526466.834295154549181 ], [ 2708858.586087397299707, 2526466.834295154549181 ], [ 2709012.270274194423109, 2526389.990959044545889 ], [ 2709242.798155500553548, 2526389.990959044545889 ], [ 2709396.482342298142612, 2526389.990959044545889 ], [ 2709550.166529095266014, 2526389.990959044545889 ], [ 2709703.852317002601922, 2526466.834295154549181 ], [ 2709857.536503799725324, 2526543.676030127797276 ], [ 2710011.222291707526892, 2526543.676030127797276 ], [ 2710164.906478504650295, 2526620.519366237800568 ], [ 2710318.590665301773697, 2526697.362702347803861 ], [ 2710472.276453209109604, 2526774.206038457807153 ], [ 2710625.960640006698668, 2526851.047773431055248 ], [ 2710779.64482680382207, 2526851.047773431055248 ], [ 2710933.330614711157978, 2526851.047773431055248 ], [ 2711087.01480150828138, 2526851.047773431055248 ], [ 2711240.700589416082948, 2526851.047773431055248 ], [ 2711394.384776213206351, 2526927.89110954105854 ], [ 2711471.226869611535221, 2526851.047773431055248 ], [ 2711548.068963010329753, 2526851.047773431055248 ], [ 2711624.911056408658624, 2526774.206038457807153 ], [ 2711624.911056408658624, 2526620.519366237800568 ], [ 2711624.911056408658624, 2526543.676030127797276 ], [ 2711701.75475091766566, 2526389.990959044545889 ], [ 2711701.75475091766566, 2526313.147622934542596 ], [ 2711778.596844316460192, 2526236.305887961294502 ], [ 2711932.281031113583595, 2526159.462551851291209 ], [ 2712085.966819021385163, 2526082.619215741287917 ], [ 2712162.808912419714034, 2526005.775879631750286 ], [ 2712239.651005818508565, 2525928.93414465803653 ], [ 2712239.651005818508565, 2525852.090808548033237 ], [ 2712316.493099216837436, 2525852.090808548033237 ], [ 2712393.335192615631968, 2525775.247472438495606 ], [ 2712393.335192615631968, 2525698.404136328492314 ], [ 2712470.178887124639004, 2525621.562401354778558 ], [ 2712470.178887124639004, 2525544.719065245240927 ], [ 2712470.178887124639004, 2525467.875729135237634 ], [ 2712470.178887124639004, 2525391.033994161523879 ], [ 2712470.178887124639004, 2525314.190658051986247 ], [ 2712470.178887124639004, 2525237.347321941982955 ], [ 2712547.020980522967875, 2525160.503985831979662 ], [ 2712547.020980522967875, 2525083.662250858731568 ], [ 2712547.020980522967875, 2525006.818914748728275 ], [ 2712623.863073921762407, 2524853.132242529187351 ], [ 2712700.705167320091277, 2524853.132242529187351 ], [ 2712700.705167320091277, 2524776.290507555473596 ], [ 2712777.547260718885809, 2524699.447171445470303 ], [ 2712777.547260718885809, 2524622.603835335932672 ], [ 2712854.38935411721468, 2524622.603835335932672 ], [ 2712854.38935411721468, 2524545.760499225929379 ], [ 2712931.233048626221716, 2524545.760499225929379 ], [ 2713008.075142025016248, 2524468.918764252215624 ], [ 2713008.075142025016248, 2524392.075428142677993 ], [ 2713084.91723542381078, 2524315.2320920326747 ], [ 2713084.91723542381078, 2524238.390357058960944 ], [ 2713161.759328822139651, 2524238.390357058960944 ], [ 2713238.601422220934182, 2524238.390357058960944 ], [ 2713315.445116729941219, 2524238.390357058960944 ], [ 2713392.28721012827009, 2524238.390357058960944 ], [ 2713469.129303527064621, 2524238.390357058960944 ], [ 2713545.971396925393492, 2524238.390357058960944 ], [ 2713622.813490324188024, 2524238.390357058960944 ], [ 2713699.65718483319506, 2524238.390357058960944 ], [ 2713776.499278231523931, 2524238.390357058960944 ], [ 2713776.499278231523931, 2524161.547020949423313 ], [ 2713853.341371630318463, 2524161.547020949423313 ], [ 2713853.341371630318463, 2524084.703684839420021 ], [ 2713853.341371630318463, 2524007.860348729416728 ], [ 2713930.183465028647333, 2524007.860348729416728 ], [ 2713930.183465028647333, 2523931.018613756168634 ], [ 2714007.025558427441865, 2523931.018613756168634 ], [ 2714007.025558427441865, 2523854.175277646165341 ], [ 2714083.867651825770736, 2523854.175277646165341 ], [ 2714160.711346334777772, 2523854.175277646165341 ], [ 2714160.711346334777772, 2523777.331941536162049 ], [ 2714237.553439733572304, 2523777.331941536162049 ], [ 2714314.395533132366836, 2523700.488605426158756 ], [ 2714314.395533132366836, 2523623.646870452910662 ], [ 2714391.237626530695707, 2523623.646870452910662 ], [ 2714468.079719929490238, 2523623.646870452910662 ], [ 2714468.079719929490238, 2523546.803534342907369 ], [ 2714544.923414438497275, 2523546.803534342907369 ], [ 2714544.923414438497275, 2523469.960198232904077 ], [ 2714621.765507836826146, 2523469.960198232904077 ], [ 2714698.607601235620677, 2523393.116862123366445 ], [ 2714775.449694633949548, 2523393.116862123366445 ], [ 2714852.29178803274408, 2523393.116862123366445 ], [ 2714852.29178803274408, 2523316.27512714965269 ], [ 2714929.135482541751117, 2523316.27512714965269 ], [ 2714929.135482541751117, 2523239.431791039649397 ], [ 2715005.977575940079987, 2523239.431791039649397 ], [ 2715005.977575940079987, 2523162.588454930111766 ], [ 2715005.977575940079987, 2523085.74671995639801 ], [ 2715005.977575940079987, 2523008.903383846394718 ], [ 2715005.977575940079987, 2522932.060047736857086 ], [ 2714929.135482541751117, 2522932.060047736857086 ], [ 2714929.135482541751117, 2522855.216711626853794 ], [ 2714929.135482541751117, 2522778.374976653140038 ], [ 2715005.977575940079987, 2522778.374976653140038 ], [ 2714929.135482541751117, 2522778.374976653140038 ], [ 2714929.135482541751117, 2522701.531640543602407 ], [ 2714929.135482541751117, 2522624.688304433599114 ], [ 2714852.29178803274408, 2522547.844968323595822 ], [ 2714852.29178803274408, 2522471.003233350347728 ], [ 2714852.29178803274408, 2522394.159897240344435 ], [ 2714852.29178803274408, 2522317.316561130341142 ], [ 2714775.449694633949548, 2522317.316561130341142 ], [ 2714775.449694633949548, 2522240.474826157093048 ], [ 2714775.449694633949548, 2522163.631490047089756 ], [ 2714775.449694633949548, 2522086.788153937086463 ], [ 2714775.449694633949548, 2522009.944817827548832 ], [ 2714775.449694633949548, 2521933.103082853835076 ], [ 2714775.449694633949548, 2521856.259746743831784 ], [ 2714852.29178803274408, 2521856.259746743831784 ], [ 2714852.29178803274408, 2521779.416410634294152 ], [ 2714929.135482541751117, 2521779.416410634294152 ], [ 2714929.135482541751117, 2521702.57307452429086 ], [ 2715005.977575940079987, 2521702.57307452429086 ], [ 2715082.819669338874519, 2521625.731339550577104 ], [ 2715159.661762737203389, 2521625.731339550577104 ], [ 2715159.661762737203389, 2521548.888003441039473 ], [ 2715236.503856135997921, 2521548.888003441039473 ], [ 2715313.345949534326792, 2521548.888003441039473 ], [ 2715313.345949534326792, 2521472.04466733103618 ], [ 2715390.189644043333828, 2521472.04466733103618 ], [ 2715390.189644043333828, 2521395.201331221032888 ], [ 2715313.345949534326792, 2521395.201331221032888 ], [ 2715313.345949534326792, 2521318.359596247784793 ], [ 2715390.189644043333828, 2521318.359596247784793 ], [ 2715467.03173744212836, 2521318.359596247784793 ], [ 2715543.873830840922892, 2521318.359596247784793 ], [ 2715620.715924239251763, 2521318.359596247784793 ], [ 2715697.558017638046294, 2521318.359596247784793 ], [ 2715774.401712147053331, 2521318.359596247784793 ], [ 2715851.243805545382202, 2521318.359596247784793 ], [ 2715928.085898944176733, 2521318.359596247784793 ], [ 2716004.927992342505604, 2521318.359596247784793 ], [ 2715928.085898944176733, 2521318.359596247784793 ], [ 2715928.085898944176733, 2521241.516260137781501 ], [ 2715928.085898944176733, 2521164.672924027778208 ], [ 2716004.927992342505604, 2521164.672924027778208 ], [ 2716004.927992342505604, 2521087.831189054530114 ], [ 2716081.770085741300136, 2521087.831189054530114 ], [ 2716081.770085741300136, 2521164.672924027778208 ], [ 2716158.612179139629006, 2521164.672924027778208 ], [ 2716158.612179139629006, 2521087.831189054530114 ], [ 2716235.455873648636043, 2521087.831189054530114 ], [ 2716235.455873648636043, 2521010.987852944526821 ], [ 2716312.297967047430575, 2521010.987852944526821 ], [ 2716312.297967047430575, 2520934.144516834523529 ], [ 2716312.297967047430575, 2520857.301180724520236 ], [ 2716312.297967047430575, 2520780.459445751272142 ], [ 2716312.297967047430575, 2520703.616109641268849 ], [ 2716389.140060445759445, 2520703.616109641268849 ], [ 2716389.140060445759445, 2520626.772773531265557 ], [ 2716465.982153844553977, 2520626.772773531265557 ], [ 2716465.982153844553977, 2520549.929437421727926 ], [ 2716465.982153844553977, 2520473.08770244801417 ], [ 2716542.824247242882848, 2520473.08770244801417 ], [ 2716619.667941751889884, 2520473.08770244801417 ], [ 2716619.667941751889884, 2520549.929437421727926 ], [ 2716696.510035150684416, 2520549.929437421727926 ], [ 2716696.510035150684416, 2520473.08770244801417 ], [ 2716773.352128549013287, 2520473.08770244801417 ], [ 2716696.510035150684416, 2520396.244366338010877 ], [ 2716696.510035150684416, 2520319.401030228473246 ], [ 2716773.352128549013287, 2520242.55929525475949 ], [ 2716773.352128549013287, 2520165.715959144756198 ], [ 2716850.194221947807819, 2520012.029286925215274 ], [ 2716927.03631534660235, 2519935.187551951501518 ], [ 2716927.03631534660235, 2519858.344215841963887 ], [ 2716927.03631534660235, 2519781.500879731960595 ], [ 2717003.880009855609387, 2519627.815808648709208 ], [ 2717157.56419665273279, 2519550.972472538705915 ], [ 2717234.40629005106166, 2519397.285800319164991 ], [ 2717388.090476848185062, 2519397.285800319164991 ], [ 2717618.618358154315501, 2519320.444065345451236 ], [ 2717849.14623946044594, 2519243.600729235447943 ], [ 2717925.988332859240472, 2519243.600729235447943 ], [ 2718079.672519656363875, 2519243.600729235447943 ], [ 2718310.200400962494314, 2519243.600729235447943 ], [ 2718387.042494361288846, 2519166.757393125910312 ], [ 2718463.884587759617716, 2519089.915658152196556 ], [ 2718540.726681158412248, 2518936.228985932655632 ], [ 2718694.412469065748155, 2518782.543914848938584 ], [ 2718848.096655862871557, 2518628.85724262939766 ], [ 2719001.78084265999496, 2518552.013906519394368 ], [ 2719155.466630567796528, 2518475.172171546146274 ], [ 2719385.992910763248801, 2518398.328835436142981 ], [ 2719539.67869867105037, 2518321.485499326139688 ], [ 2719693.362885468173772, 2518244.642163216136396 ], [ 2719923.890766774304211, 2518167.800428242888302 ], [ 2720231.259140368551016, 2518090.957092132885009 ], [ 2720461.787021674681455, 2518014.113756022881716 ], [ 2720538.629115073475987, 2517937.272021049633622 ], [ 2720615.471208471804857, 2517937.272021049633622 ], [ 2720692.314902981277555, 2518014.113756022881716 ], [ 2720615.471208471804857, 2518014.113756022881716 ], [ 2720538.629115073475987, 2518014.113756022881716 ], [ 2720538.629115073475987, 2518090.957092132885009 ], [ 2720538.629115073475987, 2518167.800428242888302 ], [ 2720461.787021674681455, 2518167.800428242888302 ], [ 2720461.787021674681455, 2518244.642163216136396 ], [ 2720461.787021674681455, 2518321.485499326139688 ], [ 2720384.944928276352584, 2518321.485499326139688 ], [ 2720384.944928276352584, 2518398.328835436142981 ], [ 2720308.102834877558053, 2518398.328835436142981 ], [ 2720308.102834877558053, 2518475.172171546146274 ], [ 2720231.259140368551016, 2518475.172171546146274 ], [ 2720154.417046970222145, 2518552.013906519394368 ], [ 2720154.417046970222145, 2518628.85724262939766 ], [ 2720077.574953571427613, 2518628.85724262939766 ], [ 2720077.574953571427613, 2518705.700578739400953 ], [ 2720077.574953571427613, 2518782.543914848938584 ], [ 2720077.574953571427613, 2518859.38564982265234 ], [ 2720000.732860173098743, 2518859.38564982265234 ], [ 2720000.732860173098743, 2518936.228985932655632 ], [ 2720000.732860173098743, 2519013.072322042193264 ], [ 2719923.890766774304211, 2519013.072322042193264 ], [ 2719923.890766774304211, 2519089.915658152196556 ], [ 2719847.047072265297174, 2519089.915658152196556 ], [ 2719847.047072265297174, 2519166.757393125910312 ], [ 2719847.047072265297174, 2519243.600729235447943 ], [ 2719847.047072265297174, 2519320.444065345451236 ], [ 2719847.047072265297174, 2519397.285800319164991 ], [ 2719923.890766774304211, 2519397.285800319164991 ], [ 2719923.890766774304211, 2519474.129136428702623 ], [ 2719923.890766774304211, 2519550.972472538705915 ], [ 2719923.890766774304211, 2519627.815808648709208 ], [ 2719923.890766774304211, 2519704.657543621957302 ], [ 2719923.890766774304211, 2519781.500879731960595 ], [ 2719847.047072265297174, 2519858.344215841963887 ], [ 2719770.204978866968304, 2519858.344215841963887 ], [ 2719770.204978866968304, 2519935.187551951501518 ], [ 2719770.204978866968304, 2520012.029286925215274 ], [ 2719847.047072265297174, 2520012.029286925215274 ], [ 2719923.890766774304211, 2520012.029286925215274 ], [ 2720000.732860173098743, 2520012.029286925215274 ], [ 2720077.574953571427613, 2520012.029286925215274 ], [ 2720154.417046970222145, 2520012.029286925215274 ], [ 2720231.259140368551016, 2520012.029286925215274 ], [ 2720308.102834877558053, 2520088.872623035218567 ], [ 2720308.102834877558053, 2520165.715959144756198 ], [ 2720384.944928276352584, 2520242.55929525475949 ], [ 2720384.944928276352584, 2520319.401030228473246 ], [ 2720461.787021674681455, 2520396.244366338010877 ], [ 2720461.787021674681455, 2520473.08770244801417 ], [ 2720538.629115073475987, 2520549.929437421727926 ], [ 2720538.629115073475987, 2520626.772773531265557 ], [ 2720538.629115073475987, 2520703.616109641268849 ], [ 2720538.629115073475987, 2520780.459445751272142 ], [ 2720538.629115073475987, 2520857.301180724520236 ], [ 2720538.629115073475987, 2520934.144516834523529 ], [ 2720461.787021674681455, 2520934.144516834523529 ], [ 2720461.787021674681455, 2521010.987852944526821 ], [ 2720461.787021674681455, 2521087.831189054530114 ], [ 2720461.787021674681455, 2521164.672924027778208 ], [ 2720538.629115073475987, 2521164.672924027778208 ], [ 2720538.629115073475987, 2521241.516260137781501 ], [ 2720615.471208471804857, 2521241.516260137781501 ], [ 2720615.471208471804857, 2521164.672924027778208 ], [ 2720692.314902981277555, 2521164.672924027778208 ], [ 2720692.314902981277555, 2521241.516260137781501 ], [ 2720769.156996379606426, 2521241.516260137781501 ], [ 2720845.999089778400958, 2521241.516260137781501 ], [ 2720922.841183176729828, 2521241.516260137781501 ], [ 2720999.68327657552436, 2521241.516260137781501 ], [ 2721076.52536997385323, 2521241.516260137781501 ], [ 2721153.369064482860267, 2521241.516260137781501 ], [ 2721230.211157881654799, 2521241.516260137781501 ], [ 2721307.05325127998367, 2521318.359596247784793 ], [ 2721383.895344678778201, 2521318.359596247784793 ], [ 2721460.737438077107072, 2521395.201331221032888 ], [ 2721537.581132586114109, 2521395.201331221032888 ], [ 2721614.42322598490864, 2521395.201331221032888 ], [ 2721614.42322598490864, 2521472.04466733103618 ], [ 2721691.265319383237511, 2521472.04466733103618 ], [ 2721768.107412782032043, 2521472.04466733103618 ], [ 2721921.79320068936795, 2521472.04466733103618 ], [ 2721998.635294088162482, 2521472.04466733103618 ], [ 2722075.477387486957014, 2521395.201331221032888 ], [ 2722152.319480885285884, 2521395.201331221032888 ], [ 2722229.161574284080416, 2521395.201331221032888 ], [ 2722382.847362191416323, 2521395.201331221032888 ], [ 2722459.689455590210855, 2521395.201331221032888 ], [ 2722536.531548988539726, 2521395.201331221032888 ], [ 2722613.373642387334257, 2521395.201331221032888 ], [ 2722613.373642387334257, 2521318.359596247784793 ], [ 2722690.215735785663128, 2521318.359596247784793 ], [ 2722767.059430294670165, 2521318.359596247784793 ], [ 2722843.901523693464696, 2521395.201331221032888 ], [ 2722843.901523693464696, 2521472.04466733103618 ], [ 2722843.901523693464696, 2521548.888003441039473 ], [ 2722843.901523693464696, 2521625.731339550577104 ], [ 2722920.743617091793567, 2521625.731339550577104 ], [ 2722920.743617091793567, 2521702.57307452429086 ], [ 2722997.585710490588099, 2521779.416410634294152 ], [ 2723074.427803888916969, 2521779.416410634294152 ], [ 2723151.269897287711501, 2521779.416410634294152 ], [ 2723151.269897287711501, 2521856.259746743831784 ], [ 2723228.113591796718538, 2521856.259746743831784 ], [ 2723304.95568519551307, 2521933.103082853835076 ], [ 2723381.79777859384194, 2521933.103082853835076 ], [ 2723458.639871992636472, 2521933.103082853835076 ], [ 2723535.481965390965343, 2522009.944817827548832 ], [ 2723612.325659899972379, 2522009.944817827548832 ], [ 2723689.167753298766911, 2522009.944817827548832 ], [ 2723766.009846697095782, 2522086.788153937086463 ], [ 2723842.851940095890313, 2522086.788153937086463 ], [ 2723919.694033494219184, 2522086.788153937086463 ], [ 2723996.537728003226221, 2522086.788153937086463 ], [ 2724073.379821402020752, 2522163.631490047089756 ], [ 2724150.221914800349623, 2522240.474826157093048 ], [ 2724227.064008199144155, 2522240.474826157093048 ], [ 2724303.906101597473025, 2522240.474826157093048 ], [ 2724380.748194996267557, 2522317.316561130341142 ], [ 2724457.591889505274594, 2522240.474826157093048 ], [ 2724534.433982904069126, 2522240.474826157093048 ], [ 2724611.276076302397996, 2522240.474826157093048 ], [ 2724688.118169701192528, 2522240.474826157093048 ], [ 2724764.960263099521399, 2522240.474826157093048 ], [ 2724841.803957608528435, 2522163.631490047089756 ], [ 2724918.646051007322967, 2522163.631490047089756 ], [ 2724995.488144405651838, 2522163.631490047089756 ], [ 2725072.330237804446369, 2522163.631490047089756 ], [ 2725072.330237804446369, 2522240.474826157093048 ], [ 2725226.016025711782277, 2522317.316561130341142 ], [ 2725302.858119110576808, 2522317.316561130341142 ], [ 2725379.700212508905679, 2522317.316561130341142 ], [ 2725379.700212508905679, 2522394.159897240344435 ], [ 2725456.542305907700211, 2522394.159897240344435 ], [ 2725533.384399306029081, 2522394.159897240344435 ], [ 2725533.384399306029081, 2522471.003233350347728 ], [ 2725610.226492704823613, 2522471.003233350347728 ], [ 2725610.226492704823613, 2522547.844968323595822 ], [ 2725687.07018721383065, 2522547.844968323595822 ], [ 2725763.912280612625182, 2522624.688304433599114 ], [ 2725763.912280612625182, 2522701.531640543602407 ], [ 2725840.754374010954052, 2522778.374976653140038 ], [ 2725840.754374010954052, 2522855.216711626853794 ], [ 2725763.912280612625182, 2522855.216711626853794 ], [ 2725763.912280612625182, 2522932.060047736857086 ], [ 2725763.912280612625182, 2523008.903383846394718 ], [ 2725763.912280612625182, 2523085.74671995639801 ], [ 2725763.912280612625182, 2523162.588454930111766 ], [ 2725840.754374010954052, 2523162.588454930111766 ], [ 2725840.754374010954052, 2523239.431791039649397 ], [ 2725840.754374010954052, 2523316.27512714965269 ], [ 2725917.596467409748584, 2523316.27512714965269 ], [ 2725917.596467409748584, 2523393.116862123366445 ], [ 2725917.596467409748584, 2523469.960198232904077 ], [ 2725917.596467409748584, 2523546.803534342907369 ], [ 2725840.754374010954052, 2523623.646870452910662 ], [ 2725763.912280612625182, 2523623.646870452910662 ], [ 2725763.912280612625182, 2523700.488605426158756 ], [ 2725687.07018721383065, 2523700.488605426158756 ], [ 2725610.226492704823613, 2523700.488605426158756 ], [ 2725610.226492704823613, 2523777.331941536162049 ], [ 2725610.226492704823613, 2523854.175277646165341 ], [ 2725533.384399306029081, 2523854.175277646165341 ], [ 2725533.384399306029081, 2523931.018613756168634 ], [ 2725533.384399306029081, 2524007.860348729416728 ], [ 2725533.384399306029081, 2524084.703684839420021 ], [ 2725610.226492704823613, 2524084.703684839420021 ], [ 2725687.07018721383065, 2524084.703684839420021 ], [ 2725687.07018721383065, 2524161.547020949423313 ], [ 2725763.912280612625182, 2524161.547020949423313 ], [ 2725840.754374010954052, 2524238.390357058960944 ], [ 2725917.596467409748584, 2524238.390357058960944 ], [ 2725994.438560808077455, 2524238.390357058960944 ], [ 2726071.282255317084491, 2524238.390357058960944 ], [ 2726148.124348715879023, 2524238.390357058960944 ], [ 2726148.124348715879023, 2524315.2320920326747 ], [ 2726224.966442114207894, 2524315.2320920326747 ], [ 2726224.966442114207894, 2524392.075428142677993 ], [ 2726301.808535513002425, 2524392.075428142677993 ], [ 2726378.650628911331296, 2524392.075428142677993 ], [ 2726378.650628911331296, 2524468.918764252215624 ], [ 2726378.650628911331296, 2524545.760499225929379 ], [ 2726455.494323420338333, 2524545.760499225929379 ], [ 2726455.494323420338333, 2524622.603835335932672 ], [ 2726455.494323420338333, 2524699.447171445470303 ], [ 2726455.494323420338333, 2524776.290507555473596 ], [ 2726532.336416819132864, 2524776.290507555473596 ], [ 2726532.336416819132864, 2524853.132242529187351 ], [ 2726609.178510217461735, 2524853.132242529187351 ], [ 2726609.178510217461735, 2524929.975578638724983 ], [ 2726686.020603616256267, 2524929.975578638724983 ], [ 2726686.020603616256267, 2525006.818914748728275 ], [ 2726686.020603616256267, 2525083.662250858731568 ], [ 2726686.020603616256267, 2525160.503985831979662 ], [ 2726762.862697014585137, 2525160.503985831979662 ], [ 2726762.862697014585137, 2525237.347321941982955 ], [ 2726839.704790413379669, 2525314.190658051986247 ], [ 2726916.548484922386706, 2525314.190658051986247 ], [ 2726916.548484922386706, 2525391.033994161523879 ], [ 2726916.548484922386706, 2525467.875729135237634 ], [ 2726993.390578321181238, 2525467.875729135237634 ], [ 2726993.390578321181238, 2525544.719065245240927 ], [ 2726993.390578321181238, 2525621.562401354778558 ], [ 2726993.390578321181238, 2525698.404136328492314 ], [ 2727070.232671719510108, 2525775.247472438495606 ], [ 2727070.232671719510108, 2525852.090808548033237 ], [ 2726993.390578321181238, 2525852.090808548033237 ], [ 2726993.390578321181238, 2525928.93414465803653 ], [ 2726993.390578321181238, 2526005.775879631750286 ], [ 2726993.390578321181238, 2526082.619215741287917 ], [ 2729682.873453933745623, 2527004.734445651061833 ], [ 2742054.498524417635053, 2531231.093914648517966 ], [ 2742131.34221892664209, 2531231.093914648517966 ], [ 2742208.184312325436622, 2531231.093914648517966 ], [ 2742285.026405723765492, 2531231.093914648517966 ], [ 2742361.868499122560024, 2531307.937250758055598 ], [ 2742438.710592521354556, 2531307.937250758055598 ], [ 2742515.554287030361593, 2531307.937250758055598 ], [ 2748125.047919562086463, 2533229.009445550385863 ], [ 2764723.005739182699472, 2538915.384294953662902 ], [ 2767335.646521396934986, 2536302.725277445279062 ], [ 2779860.955778677947819, 2523854.175277646165341 ], [ 2779784.113685279618949, 2523777.331941536162049 ], [ 2779707.271591880824417, 2523777.331941536162049 ], [ 2779630.429498482495546, 2523777.331941536162049 ], [ 2779630.429498482495546, 2523700.488605426158756 ], [ 2779630.429498482495546, 2523623.646870452910662 ], [ 2779707.271591880824417, 2523546.803534342907369 ], [ 2779707.271591880824417, 2523469.960198232904077 ], [ 2779707.271591880824417, 2523393.116862123366445 ], [ 2779707.271591880824417, 2523316.27512714965269 ], [ 2779707.271591880824417, 2523239.431791039649397 ], [ 2779630.429498482495546, 2523162.588454930111766 ], [ 2779630.429498482495546, 2523085.74671995639801 ], [ 2779630.429498482495546, 2523008.903383846394718 ], [ 2779553.587405083701015, 2523008.903383846394718 ], [ 2779476.743710574693978, 2523008.903383846394718 ], [ 2779476.743710574693978, 2523085.74671995639801 ], [ 2779399.901617176365107, 2523085.74671995639801 ], [ 2779399.901617176365107, 2523162.588454930111766 ], [ 2779323.059523777570575, 2523162.588454930111766 ], [ 2779323.059523777570575, 2523085.74671995639801 ], [ 2779246.217430379241705, 2523085.74671995639801 ], [ 2779169.375336980447173, 2523008.903383846394718 ], [ 2779246.217430379241705, 2523008.903383846394718 ], [ 2779323.059523777570575, 2523008.903383846394718 ], [ 2779323.059523777570575, 2522932.060047736857086 ], [ 2779323.059523777570575, 2522855.216711626853794 ], [ 2779246.217430379241705, 2522855.216711626853794 ], [ 2779246.217430379241705, 2522778.374976653140038 ], [ 2779169.375336980447173, 2522778.374976653140038 ], [ 2779092.531642471440136, 2522778.374976653140038 ], [ 2779015.689549072645605, 2522778.374976653140038 ], [ 2779015.689549072645605, 2522701.531640543602407 ], [ 2778938.847455674316734, 2522701.531640543602407 ], [ 2778862.005362275522202, 2522701.531640543602407 ], [ 2778862.005362275522202, 2522624.688304433599114 ], [ 2778785.163268877193332, 2522624.688304433599114 ], [ 2778708.3211754783988, 2522624.688304433599114 ], [ 2778708.3211754783988, 2522547.844968323595822 ], [ 2778631.477480969391763, 2522547.844968323595822 ], [ 2778554.635387571062893, 2522547.844968323595822 ], [ 2778554.635387571062893, 2522471.003233350347728 ], [ 2778554.635387571062893, 2522394.159897240344435 ], [ 2778477.793294172268361, 2522394.159897240344435 ], [ 2778477.793294172268361, 2522317.316561130341142 ], [ 2778477.793294172268361, 2522240.474826157093048 ], [ 2778477.793294172268361, 2522163.631490047089756 ], [ 2778477.793294172268361, 2522086.788153937086463 ], [ 2778554.635387571062893, 2522086.788153937086463 ], [ 2778631.477480969391763, 2522086.788153937086463 ], [ 2778708.3211754783988, 2522086.788153937086463 ], [ 2778708.3211754783988, 2522163.631490047089756 ], [ 2778785.163268877193332, 2522163.631490047089756 ], [ 2778862.005362275522202, 2522163.631490047089756 ], [ 2778938.847455674316734, 2522163.631490047089756 ], [ 2779015.689549072645605, 2522163.631490047089756 ], [ 2779015.689549072645605, 2522086.788153937086463 ], [ 2779015.689549072645605, 2522009.944817827548832 ], [ 2778938.847455674316734, 2522009.944817827548832 ], [ 2778862.005362275522202, 2522009.944817827548832 ], [ 2778862.005362275522202, 2521933.103082853835076 ], [ 2778785.163268877193332, 2521933.103082853835076 ], [ 2778708.3211754783988, 2521933.103082853835076 ], [ 2778708.3211754783988, 2521856.259746743831784 ], [ 2778631.477480969391763, 2521856.259746743831784 ], [ 2778631.477480969391763, 2521779.416410634294152 ], [ 2778631.477480969391763, 2521702.57307452429086 ], [ 2778631.477480969391763, 2521625.731339550577104 ], [ 2778631.477480969391763, 2521548.888003441039473 ], [ 2778554.635387571062893, 2521548.888003441039473 ], [ 2778554.635387571062893, 2521472.04466733103618 ], [ 2778477.793294172268361, 2521472.04466733103618 ], [ 2778400.95120077393949, 2521472.04466733103618 ], [ 2778324.109107375144958, 2521472.04466733103618 ], [ 2778247.265412866137922, 2521472.04466733103618 ], [ 2778170.423319467809051, 2521472.04466733103618 ], [ 2778093.581226069014519, 2521472.04466733103618 ], [ 2778093.581226069014519, 2521395.201331221032888 ], [ 2778016.739132670685649, 2521395.201331221032888 ], [ 2778016.739132670685649, 2521318.359596247784793 ], [ 2777939.897039271891117, 2521318.359596247784793 ], [ 2777939.897039271891117, 2521241.516260137781501 ], [ 2777863.054945873562247, 2521241.516260137781501 ], [ 2777863.054945873562247, 2521164.672924027778208 ], [ 2777786.211251364089549, 2521164.672924027778208 ], [ 2777786.211251364089549, 2521087.831189054530114 ], [ 2777786.211251364089549, 2521010.987852944526821 ], [ 2777786.211251364089549, 2520934.144516834523529 ], [ 2777709.369157965760678, 2520934.144516834523529 ], [ 2777709.369157965760678, 2520857.301180724520236 ], [ 2777632.527064567431808, 2520857.301180724520236 ], [ 2777632.527064567431808, 2520780.459445751272142 ], [ 2777632.527064567431808, 2520703.616109641268849 ], [ 2777632.527064567431808, 2520626.772773531265557 ], [ 2777632.527064567431808, 2520549.929437421727926 ], [ 2777555.684971168637276, 2520549.929437421727926 ], [ 2777555.684971168637276, 2520473.08770244801417 ], [ 2777478.842877769842744, 2520473.08770244801417 ], [ 2777478.842877769842744, 2520396.244366338010877 ], [ 2777401.999183260835707, 2520396.244366338010877 ], [ 2777401.999183260835707, 2520319.401030228473246 ], [ 2777401.999183260835707, 2520242.55929525475949 ], [ 2777478.842877769842744, 2520242.55929525475949 ], [ 2777401.999183260835707, 2520242.55929525475949 ], [ 2777401.999183260835707, 2520165.715959144756198 ], [ 2777325.157089862506837, 2520165.715959144756198 ], [ 2777325.157089862506837, 2520088.872623035218567 ], [ 2777248.314996463712305, 2520088.872623035218567 ], [ 2777248.314996463712305, 2520012.029286925215274 ], [ 2777171.472903065383434, 2520012.029286925215274 ], [ 2777171.472903065383434, 2519935.187551951501518 ], [ 2777094.630809666588902, 2519935.187551951501518 ], [ 2777094.630809666588902, 2519858.344215841963887 ], [ 2777094.630809666588902, 2519781.500879731960595 ], [ 2777094.630809666588902, 2519704.657543621957302 ], [ 2777094.630809666588902, 2519627.815808648709208 ], [ 2777094.630809666588902, 2519550.972472538705915 ], [ 2777094.630809666588902, 2519474.129136428702623 ], [ 2777094.630809666588902, 2519397.285800319164991 ], [ 2777094.630809666588902, 2519320.444065345451236 ], [ 2777094.630809666588902, 2519243.600729235447943 ], [ 2777017.787115157581866, 2519243.600729235447943 ], [ 2777017.787115157581866, 2519166.757393125910312 ], [ 2777017.787115157581866, 2519089.915658152196556 ], [ 2776940.945021759252995, 2519089.915658152196556 ], [ 2776940.945021759252995, 2519013.072322042193264 ], [ 2776864.102928360458463, 2519013.072322042193264 ], [ 2776864.102928360458463, 2518936.228985932655632 ], [ 2776787.260834962129593, 2518936.228985932655632 ], [ 2776710.418741563335061, 2518936.228985932655632 ], [ 2776710.418741563335061, 2519013.072322042193264 ], [ 2776633.576648165006191, 2519013.072322042193264 ], [ 2776633.576648165006191, 2519089.915658152196556 ], [ 2776556.732953655533493, 2519089.915658152196556 ], [ 2776556.732953655533493, 2519166.757393125910312 ], [ 2776479.890860257204622, 2519166.757393125910312 ], [ 2776403.04876685841009, 2519166.757393125910312 ], [ 2776403.04876685841009, 2519089.915658152196556 ], [ 2776479.890860257204622, 2519089.915658152196556 ], [ 2776479.890860257204622, 2519013.072322042193264 ], [ 2776479.890860257204622, 2518936.228985932655632 ], [ 2776479.890860257204622, 2518859.38564982265234 ], [ 2776556.732953655533493, 2518859.38564982265234 ], [ 2776556.732953655533493, 2518782.543914848938584 ], [ 2776556.732953655533493, 2518705.700578739400953 ], [ 2776556.732953655533493, 2518628.85724262939766 ], [ 2776633.576648165006191, 2518628.85724262939766 ], [ 2776710.418741563335061, 2518628.85724262939766 ], [ 2776710.418741563335061, 2518705.700578739400953 ], [ 2776710.418741563335061, 2518782.543914848938584 ], [ 2776787.260834962129593, 2518782.543914848938584 ], [ 2776787.260834962129593, 2518705.700578739400953 ], [ 2776864.102928360458463, 2518705.700578739400953 ], [ 2776864.102928360458463, 2518628.85724262939766 ], [ 2776940.945021759252995, 2518628.85724262939766 ], [ 2776940.945021759252995, 2518705.700578739400953 ], [ 2776940.945021759252995, 2518782.543914848938584 ], [ 2777017.787115157581866, 2518782.543914848938584 ], [ 2777017.787115157581866, 2518705.700578739400953 ], [ 2777094.630809666588902, 2518705.700578739400953 ], [ 2777094.630809666588902, 2518628.85724262939766 ], [ 2777094.630809666588902, 2518552.013906519394368 ], [ 2777171.472903065383434, 2518552.013906519394368 ], [ 2777171.472903065383434, 2518475.172171546146274 ], [ 2777171.472903065383434, 2518398.328835436142981 ], [ 2777171.472903065383434, 2518321.485499326139688 ], [ 2777248.314996463712305, 2518321.485499326139688 ], [ 2777248.314996463712305, 2518244.642163216136396 ], [ 2777325.157089862506837, 2518244.642163216136396 ], [ 2777325.157089862506837, 2518167.800428242888302 ], [ 2777325.157089862506837, 2518090.957092132885009 ], [ 2777325.157089862506837, 2518014.113756022881716 ], [ 2777401.999183260835707, 2518014.113756022881716 ], [ 2777401.999183260835707, 2517937.272021049633622 ], [ 2777478.842877769842744, 2517937.272021049633622 ], [ 2777478.842877769842744, 2517860.42868493963033 ], [ 2777555.684971168637276, 2517860.42868493963033 ], [ 2777555.684971168637276, 2517783.585348829627037 ], [ 2777478.842877769842744, 2517783.585348829627037 ], [ 2777401.999183260835707, 2517783.585348829627037 ], [ 2777325.157089862506837, 2517783.585348829627037 ], [ 2777248.314996463712305, 2517783.585348829627037 ], [ 2777325.157089862506837, 2517706.742012720089406 ], [ 2777325.157089862506837, 2517629.90027774637565 ], [ 2777325.157089862506837, 2517553.056941636372358 ], [ 2777401.999183260835707, 2517553.056941636372358 ], [ 2777478.842877769842744, 2517553.056941636372358 ], [ 2777478.842877769842744, 2517629.90027774637565 ], [ 2777555.684971168637276, 2517629.90027774637565 ], [ 2777555.684971168637276, 2517553.056941636372358 ], [ 2777555.684971168637276, 2517629.90027774637565 ], [ 2777632.527064567431808, 2517629.90027774637565 ], [ 2777709.369157965760678, 2517629.90027774637565 ], [ 2777709.369157965760678, 2517553.056941636372358 ], [ 2777786.211251364089549, 2517553.056941636372358 ], [ 2777709.369157965760678, 2517553.056941636372358 ], [ 2777786.211251364089549, 2517553.056941636372358 ], [ 2777786.211251364089549, 2517476.213605526834726 ], [ 2777786.211251364089549, 2517399.370269416831434 ], [ 2777863.054945873562247, 2517399.370269416831434 ], [ 2777863.054945873562247, 2517322.528534443117678 ], [ 2777863.054945873562247, 2517399.370269416831434 ], [ 2777939.897039271891117, 2517399.370269416831434 ], [ 2777939.897039271891117, 2517322.528534443117678 ], [ 2778016.739132670685649, 2517322.528534443117678 ], [ 2778093.581226069014519, 2517245.685198333580047 ], [ 2778170.423319467809051, 2517245.685198333580047 ], [ 2778170.423319467809051, 2517168.841862223576754 ], [ 2778170.423319467809051, 2517092.000127249862999 ], [ 2778170.423319467809051, 2517015.156791140325367 ], [ 2778247.265412866137922, 2517015.156791140325367 ], [ 2778324.109107375144958, 2516938.313455030322075 ], [ 2778400.95120077393949, 2516938.313455030322075 ], [ 2778400.95120077393949, 2517015.156791140325367 ], [ 2778400.95120077393949, 2517092.000127249862999 ], [ 2778477.793294172268361, 2517092.000127249862999 ], [ 2778554.635387571062893, 2517092.000127249862999 ], [ 2778554.635387571062893, 2517168.841862223576754 ], [ 2778477.793294172268361, 2517168.841862223576754 ], [ 2778400.95120077393949, 2517168.841862223576754 ], [ 2778400.95120077393949, 2517245.685198333580047 ], [ 2778477.793294172268361, 2517245.685198333580047 ], [ 2778477.793294172268361, 2517322.528534443117678 ], [ 2778554.635387571062893, 2517322.528534443117678 ], [ 2778554.635387571062893, 2517399.370269416831434 ], [ 2778631.477480969391763, 2517399.370269416831434 ], [ 2778554.635387571062893, 2517399.370269416831434 ], [ 2778554.635387571062893, 2517476.213605526834726 ], [ 2778631.477480969391763, 2517553.056941636372358 ], [ 2778631.477480969391763, 2517476.213605526834726 ], [ 2778708.3211754783988, 2517476.213605526834726 ], [ 2778785.163268877193332, 2517476.213605526834726 ], [ 2778785.163268877193332, 2517399.370269416831434 ], [ 2778862.005362275522202, 2517399.370269416831434 ], [ 2778938.847455674316734, 2517399.370269416831434 ], [ 2778938.847455674316734, 2517476.213605526834726 ], [ 2778938.847455674316734, 2517553.056941636372358 ], [ 2779015.689549072645605, 2517553.056941636372358 ], [ 2779015.689549072645605, 2517629.90027774637565 ], [ 2778938.847455674316734, 2517629.90027774637565 ], [ 2778938.847455674316734, 2517706.742012720089406 ], [ 2778938.847455674316734, 2517783.585348829627037 ], [ 2778938.847455674316734, 2517860.42868493963033 ], [ 2778938.847455674316734, 2517937.272021049633622 ], [ 2778938.847455674316734, 2518014.113756022881716 ], [ 2779015.689549072645605, 2518014.113756022881716 ], [ 2779092.531642471440136, 2518014.113756022881716 ], [ 2779169.375336980447173, 2518014.113756022881716 ], [ 2779169.375336980447173, 2518090.957092132885009 ], [ 2779246.217430379241705, 2518090.957092132885009 ], [ 2779323.059523777570575, 2518014.113756022881716 ], [ 2779399.901617176365107, 2518014.113756022881716 ], [ 2779399.901617176365107, 2517937.272021049633622 ], [ 2779476.743710574693978, 2517937.272021049633622 ], [ 2779553.587405083701015, 2517937.272021049633622 ], [ 2779630.429498482495546, 2517937.272021049633622 ], [ 2779707.271591880824417, 2517937.272021049633622 ], [ 2779630.429498482495546, 2517937.272021049633622 ], [ 2779707.271591880824417, 2517937.272021049633622 ], [ 2779707.271591880824417, 2517860.42868493963033 ], [ 2779707.271591880824417, 2517937.272021049633622 ], [ 2779784.113685279618949, 2517937.272021049633622 ], [ 2779784.113685279618949, 2518014.113756022881716 ], [ 2779707.271591880824417, 2518014.113756022881716 ], [ 2779707.271591880824417, 2518090.957092132885009 ], [ 2779630.429498482495546, 2518090.957092132885009 ], [ 2779630.429498482495546, 2518167.800428242888302 ], [ 2779630.429498482495546, 2518090.957092132885009 ], [ 2779707.271591880824417, 2518090.957092132885009 ], [ 2779784.113685279618949, 2518090.957092132885009 ], [ 2779784.113685279618949, 2518014.113756022881716 ], [ 2779860.955778677947819, 2518014.113756022881716 ], [ 2779860.955778677947819, 2518090.957092132885009 ], [ 2779860.955778677947819, 2518167.800428242888302 ], [ 2779937.799473186954856, 2518167.800428242888302 ], [ 2779937.799473186954856, 2518090.957092132885009 ], [ 2780014.641566585749388, 2518090.957092132885009 ], [ 2780014.641566585749388, 2518167.800428242888302 ], [ 2780091.483659984078258, 2518167.800428242888302 ], [ 2780091.483659984078258, 2518090.957092132885009 ], [ 2780168.32575338287279, 2518090.957092132885009 ], [ 2780168.32575338287279, 2518167.800428242888302 ], [ 2780245.167846781201661, 2518167.800428242888302 ], [ 2780245.167846781201661, 2518090.957092132885009 ], [ 2780322.009940179996192, 2518090.957092132885009 ], [ 2780245.167846781201661, 2518090.957092132885009 ], [ 2780322.009940179996192, 2518090.957092132885009 ], [ 2780398.853634689003229, 2518090.957092132885009 ], [ 2780475.695728087797761, 2518090.957092132885009 ], [ 2780475.695728087797761, 2518014.113756022881716 ], [ 2780552.537821486126631, 2518014.113756022881716 ], [ 2780552.537821486126631, 2518090.957092132885009 ], [ 2780629.379914884921163, 2518090.957092132885009 ], [ 2780706.222008283250034, 2518090.957092132885009 ], [ 2780783.065702792257071, 2518090.957092132885009 ], [ 2780859.907796191051602, 2518090.957092132885009 ], [ 2780859.907796191051602, 2518167.800428242888302 ], [ 2780936.749889589380473, 2518167.800428242888302 ], [ 2781013.591982988175005, 2518167.800428242888302 ], [ 2781013.591982988175005, 2518244.642163216136396 ], [ 2780936.749889589380473, 2518244.642163216136396 ], [ 2781013.591982988175005, 2518244.642163216136396 ], [ 2781013.591982988175005, 2518321.485499326139688 ], [ 2780936.749889589380473, 2518398.328835436142981 ], [ 2780936.749889589380473, 2518475.172171546146274 ], [ 2780936.749889589380473, 2518398.328835436142981 ], [ 2781013.591982988175005, 2518398.328835436142981 ], [ 2781013.591982988175005, 2518475.172171546146274 ], [ 2781090.434076386503875, 2518475.172171546146274 ], [ 2781090.434076386503875, 2518398.328835436142981 ], [ 2781090.434076386503875, 2518321.485499326139688 ], [ 2781167.277770895510912, 2518321.485499326139688 ], [ 2781244.119864294305444, 2518321.485499326139688 ], [ 2781244.119864294305444, 2518398.328835436142981 ], [ 2781320.961957692634314, 2518398.328835436142981 ], [ 2781320.961957692634314, 2518475.172171546146274 ], [ 2781397.804051091428846, 2518475.172171546146274 ], [ 2781397.804051091428846, 2518552.013906519394368 ], [ 2781474.646144489757717, 2518552.013906519394368 ], [ 2781551.488237888552248, 2518552.013906519394368 ], [ 2781551.488237888552248, 2518628.85724262939766 ], [ 2781628.331932397559285, 2518628.85724262939766 ], [ 2781705.174025796353817, 2518628.85724262939766 ], [ 2781782.016119194682688, 2518628.85724262939766 ], [ 2781782.016119194682688, 2518552.013906519394368 ], [ 2781705.174025796353817, 2518552.013906519394368 ], [ 2781628.331932397559285, 2518552.013906519394368 ], [ 2781628.331932397559285, 2518475.172171546146274 ], [ 2781705.174025796353817, 2518475.172171546146274 ], [ 2781705.174025796353817, 2518398.328835436142981 ], [ 2781782.016119194682688, 2518398.328835436142981 ], [ 2781782.016119194682688, 2518321.485499326139688 ], [ 2781782.016119194682688, 2518244.642163216136396 ], [ 2781858.858212593477219, 2518244.642163216136396 ], [ 2781858.858212593477219, 2518321.485499326139688 ], [ 2781935.70030599180609, 2518321.485499326139688 ], [ 2781935.70030599180609, 2518244.642163216136396 ], [ 2782012.544000500813127, 2518244.642163216136396 ], [ 2782012.544000500813127, 2518321.485499326139688 ], [ 2782089.386093899607658, 2518321.485499326139688 ], [ 2782089.386093899607658, 2518398.328835436142981 ], [ 2782089.386093899607658, 2518321.485499326139688 ], [ 2782166.228187297936529, 2518321.485499326139688 ], [ 2782243.070280696731061, 2518321.485499326139688 ], [ 2782243.070280696731061, 2518398.328835436142981 ], [ 2782243.070280696731061, 2518321.485499326139688 ], [ 2782319.912374095059931, 2518321.485499326139688 ], [ 2782243.070280696731061, 2518321.485499326139688 ], [ 2782243.070280696731061, 2518244.642163216136396 ], [ 2782243.070280696731061, 2518167.800428242888302 ], [ 2782243.070280696731061, 2518090.957092132885009 ], [ 2782319.912374095059931, 2518090.957092132885009 ], [ 2782396.756068604066968, 2518090.957092132885009 ], [ 2782396.756068604066968, 2518167.800428242888302 ], [ 2782473.5981620028615, 2518167.800428242888302 ], [ 2782550.44025540119037, 2518167.800428242888302 ], [ 2782550.44025540119037, 2518244.642163216136396 ], [ 2782627.282348799984902, 2518321.485499326139688 ], [ 2782704.124442198313773, 2518321.485499326139688 ], [ 2782780.966535597108305, 2518321.485499326139688 ], [ 2782780.966535597108305, 2518244.642163216136396 ], [ 2782857.810230106115341, 2518244.642163216136396 ], [ 2782857.810230106115341, 2518321.485499326139688 ], [ 2782857.810230106115341, 2518244.642163216136396 ], [ 2782857.810230106115341, 2518167.800428242888302 ], [ 2782934.652323504909873, 2518167.800428242888302 ], [ 2782934.652323504909873, 2518090.957092132885009 ], [ 2782934.652323504909873, 2518014.113756022881716 ], [ 2783011.494416903238744, 2518014.113756022881716 ], [ 2783088.336510302033275, 2518014.113756022881716 ], [ 2783088.336510302033275, 2517937.272021049633622 ], [ 2783088.336510302033275, 2518014.113756022881716 ], [ 2783088.336510302033275, 2517937.272021049633622 ], [ 2783088.336510302033275, 2518014.113756022881716 ], [ 2783165.178603700362146, 2518014.113756022881716 ], [ 2783165.178603700362146, 2517937.272021049633622 ], [ 2783088.336510302033275, 2517937.272021049633622 ], [ 2783165.178603700362146, 2517937.272021049633622 ], [ 2783242.022298209369183, 2517937.272021049633622 ], [ 2783242.022298209369183, 2517860.42868493963033 ], [ 2783318.864391608163714, 2517860.42868493963033 ], [ 2783395.706485006492585, 2517860.42868493963033 ], [ 2783395.706485006492585, 2517783.585348829627037 ], [ 2783395.706485006492585, 2517860.42868493963033 ], [ 2783472.548578405287117, 2517860.42868493963033 ], [ 2783472.548578405287117, 2517783.585348829627037 ], [ 2783549.390671803615987, 2517783.585348829627037 ], [ 2783549.390671803615987, 2517860.42868493963033 ], [ 2783626.234366312623024, 2517860.42868493963033 ], [ 2783703.076459711417556, 2517860.42868493963033 ], [ 2783703.076459711417556, 2517783.585348829627037 ], [ 2783703.076459711417556, 2517706.742012720089406 ], [ 2783779.918553109746426, 2517706.742012720089406 ], [ 2783779.918553109746426, 2517629.90027774637565 ], [ 2783779.918553109746426, 2517553.056941636372358 ], [ 2783779.918553109746426, 2517476.213605526834726 ], [ 2783703.076459711417556, 2517476.213605526834726 ], [ 2783779.918553109746426, 2517399.370269416831434 ], [ 2783779.918553109746426, 2517322.528534443117678 ], [ 2783779.918553109746426, 2517399.370269416831434 ], [ 2783779.918553109746426, 2517322.528534443117678 ], [ 2783856.760646508540958, 2517322.528534443117678 ], [ 2783856.760646508540958, 2517245.685198333580047 ], [ 2783856.760646508540958, 2517168.841862223576754 ], [ 2783856.760646508540958, 2517092.000127249862999 ], [ 2783856.760646508540958, 2517015.156791140325367 ], [ 2783856.760646508540958, 2516938.313455030322075 ], [ 2783933.602739906869829, 2516938.313455030322075 ], [ 2784010.444833305664361, 2516938.313455030322075 ], [ 2784087.288527814671397, 2516938.313455030322075 ], [ 2784164.130621213465929, 2516938.313455030322075 ], [ 2784240.9727146117948, 2516938.313455030322075 ], [ 2784317.814808010589331, 2516938.313455030322075 ], [ 2784317.814808010589331, 2517015.156791140325367 ], [ 2784317.814808010589331, 2517092.000127249862999 ], [ 2784394.656901408918202, 2517092.000127249862999 ], [ 2784471.500595917925239, 2517092.000127249862999 ], [ 2784471.500595917925239, 2517168.841862223576754 ], [ 2784548.34268931671977, 2517168.841862223576754 ], [ 2784548.34268931671977, 2517245.685198333580047 ], [ 2784548.34268931671977, 2517322.528534443117678 ], [ 2784625.184782715048641, 2517322.528534443117678 ], [ 2784625.184782715048641, 2517399.370269416831434 ], [ 2784625.184782715048641, 2517476.213605526834726 ], [ 2784702.026876113843173, 2517476.213605526834726 ], [ 2784702.026876113843173, 2517553.056941636372358 ], [ 2784778.868969512172043, 2517553.056941636372358 ], [ 2784778.868969512172043, 2517629.90027774637565 ], [ 2784855.71266402117908, 2517629.90027774637565 ], [ 2784855.71266402117908, 2517706.742012720089406 ], [ 2784932.554757419973612, 2517706.742012720089406 ], [ 2784932.554757419973612, 2517783.585348829627037 ], [ 2785009.396850818302482, 2517783.585348829627037 ], [ 2785009.396850818302482, 2517860.42868493963033 ], [ 2785547.293105719145387, 2517553.056941636372358 ], [ 2785624.135199117474258, 2517553.056941636372358 ], [ 2798994.712287114467472, 2510099.294968524482101 ], [ 2805218.945869055576622, 2506718.20739332633093 ], [ 2807908.430345778819174, 2505258.192012920510024 ] ] } },
{ "type": "Feature", "properties": { }, "geometry": { "type": "LineString", "coordinates": [ [ 2703095.40666695823893, 2505258.192012920510024 ], [ 2703172.2487603565678, 2505642.405491197481751 ], [ 2703172.2487603565678, 2505719.248827307019383 ], [ 2703249.090853755362332, 2505719.248827307019383 ], [ 2703402.775040552485734, 2505796.092163417022675 ], [ 2703479.618735061492771, 2505796.092163417022675 ], [ 2703556.460828459821641, 2505872.935499527025968 ], [ 2703863.830803164746612, 2506026.620570610277355 ], [ 2703940.672896563075483, 2506103.463906720280647 ], [ 2704017.514989961870015, 2506257.148977803532034 ], [ 2704171.199176758993417, 2506410.835650023072958 ], [ 2704248.042871268000454, 2506564.520721106790006 ], [ 2704324.884964666794986, 2506795.049128300044686 ], [ 2704401.727058065123856, 2507025.579136629588902 ], [ 2704324.884964666794986, 2507256.107543822843581 ], [ 2704171.199176758993417, 2507563.479287126101553 ], [ 2704094.357083360198885, 2507794.007694319356233 ], [ 2704017.514989961870015, 2507947.69276540260762 ], [ 2704017.514989961870015, 2508024.536101512610912 ], [ 2704094.357083360198885, 2508178.222773732151836 ], [ 2704171.199176758993417, 2508255.064508705865592 ], [ 2704248.042871268000454, 2508331.907844815403223 ], [ 2704324.884964666794986, 2508408.751180925406516 ], [ 2704478.569151463918388, 2508485.594517035409808 ], [ 2704478.569151463918388, 2508562.436252008657902 ], [ 2704632.25333826104179, 2508639.279588118661195 ], [ 2704785.939126168377697, 2508792.964659201912582 ], [ 2704862.781219567172229, 2508869.807995311915874 ], [ 2705016.465406364295632, 2508946.651331421919167 ], [ 2705170.151194271631539, 2509177.179738615173846 ], [ 2705246.993287670426071, 2509254.023074724711478 ], [ 2705631.205355773679912, 2509561.39481802796945 ], [ 2705938.575330478604883, 2509791.923225221224129 ], [ 2706169.101610674057156, 2509945.608296304475516 ], [ 2706322.787398581858724, 2510099.294968524482101 ], [ 2706553.313678777310997, 2510176.138304634485394 ], [ 2706706.999466685112566, 2510329.823375717736781 ], [ 2706860.683653482235968, 2510483.510047937277704 ], [ 2707321.737814984284341, 2510867.723526214249432 ], [ 2707629.107789688743651, 2511098.251933407504112 ], [ 2707859.634069884661585, 2511175.095269517041743 ], [ 2707936.477764393668622, 2511251.938605627045035 ], [ 2708013.319857792463154, 2511251.938605627045035 ], [ 2708090.161951190792024, 2511328.781941737048328 ], [ 2708167.004044589586556, 2511405.623676710296422 ], [ 2708167.004044589586556, 2511482.467012820299715 ], [ 2708167.004044589586556, 2511559.310348930303007 ], [ 2708090.161951190792024, 2511636.153685039840639 ], [ 2708090.161951190792024, 2511712.995420013554394 ], [ 2708013.319857792463154, 2511712.995420013554394 ], [ 2708013.319857792463154, 2511789.838756123557687 ], [ 2708013.319857792463154, 2511866.682092233095318 ], [ 2707936.477764393668622, 2511866.682092233095318 ], [ 2708013.319857792463154, 2511943.523827206809074 ], [ 2708013.319857792463154, 2512020.367163316812366 ], [ 2708013.319857792463154, 2512097.210499426349998 ], [ 2708090.161951190792024, 2512174.05383553635329 ], [ 2708167.004044589586556, 2512174.05383553635329 ], [ 2708167.004044589586556, 2512250.895570510067046 ], [ 2708243.846137987915426, 2512250.895570510067046 ], [ 2708320.688231386709958, 2512250.895570510067046 ], [ 2708320.688231386709958, 2512327.738906619604677 ], [ 2708397.531925895716995, 2512327.738906619604677 ], [ 2708474.374019294045866, 2512327.738906619604677 ], [ 2708474.374019294045866, 2512404.58224272960797 ], [ 2708551.216112692840397, 2512481.425578839611262 ], [ 2708628.058206091169268, 2512481.425578839611262 ], [ 2708628.058206091169268, 2512558.267313812859356 ], [ 2708704.9002994899638, 2512635.110649922862649 ], [ 2708704.9002994899638, 2512711.953986032865942 ], [ 2708704.9002994899638, 2512788.797322142869234 ], [ 2708704.9002994899638, 2512865.639057116117328 ], [ 2708704.9002994899638, 2512942.482393226120621 ], [ 2708704.9002994899638, 2513019.325729336123914 ], [ 2708628.058206091169268, 2513096.167464309372008 ], [ 2708628.058206091169268, 2513173.0108004193753 ], [ 2708628.058206091169268, 2513249.854136529378593 ], [ 2708628.058206091169268, 2513326.697472638916224 ], [ 2708628.058206091169268, 2513403.53920761262998 ], [ 2708704.9002994899638, 2513480.382543722633272 ], [ 2708704.9002994899638, 2513557.225879832170904 ], [ 2708781.743993998970836, 2513557.225879832170904 ], [ 2708781.743993998970836, 2513634.069215942174196 ], [ 2708781.743993998970836, 2513710.910950915887952 ], [ 2708858.586087397299707, 2513787.754287025425583 ], [ 2708858.586087397299707, 2513864.597623135428876 ], [ 2708858.586087397299707, 2513941.440959245432168 ], [ 2708781.743993998970836, 2513941.440959245432168 ], [ 2708781.743993998970836, 2514018.282694218680263 ], [ 2708704.9002994899638, 2514018.282694218680263 ], [ 2708704.9002994899638, 2514095.126030328683555 ], [ 2708628.058206091169268, 2514095.126030328683555 ], [ 2708628.058206091169268, 2514171.969366438686848 ], [ 2708551.216112692840397, 2514248.811101411934942 ], [ 2708474.374019294045866, 2514248.811101411934942 ], [ 2708474.374019294045866, 2514325.654437521938235 ], [ 2708397.531925895716995, 2514325.654437521938235 ], [ 2708397.531925895716995, 2514402.497773631941527 ], [ 2708320.688231386709958, 2514479.341109741479158 ], [ 2708320.688231386709958, 2514556.182844715192914 ], [ 2708320.688231386709958, 2514633.026180825196207 ], [ 2708243.846137987915426, 2514633.026180825196207 ], [ 2708243.846137987915426, 2514709.869516934733838 ], [ 2708243.846137987915426, 2514786.71285304473713 ], [ 2708243.846137987915426, 2514863.554588018450886 ], [ 2708243.846137987915426, 2514940.397924127988517 ], [ 2708397.531925895716995, 2515017.24126023799181 ], [ 2708397.531925895716995, 2515094.082995211705565 ], [ 2708474.374019294045866, 2515170.926331321243197 ], [ 2708551.216112692840397, 2515247.769667431246489 ], [ 2708551.216112692840397, 2515324.613003541249782 ], [ 2708551.216112692840397, 2515401.454738514497876 ], [ 2708474.374019294045866, 2515401.454738514497876 ], [ 2708474.374019294045866, 2515478.298074624501169 ], [ 2708474.374019294045866, 2515555.141410734504461 ], [ 2708397.531925895716995, 2515631.984746844507754 ], [ 2708397.531925895716995, 2515708.826481817755848 ], [ 2708320.688231386709958, 2515785.669817927759141 ], [ 2708243.846137987915426, 2515862.513154037762433 ], [ 2708243.846137987915426, 2515939.356490147300065 ], [ 2708243.846137987915426, 2516016.19822512101382 ], [ 2708243.846137987915426, 2516093.041561231017113 ], [ 2708167.004044589586556, 2516093.041561231017113 ], [ 2708167.004044589586556, 2516169.884897340554744 ], [ 2708090.161951190792024, 2516246.7266323142685 ], [ 2708090.161951190792024, 2516323.569968424271792 ], [ 2708013.319857792463154, 2516323.569968424271792 ], [ 2707936.477764393668622, 2516400.413304533809423 ], [ 2707859.634069884661585, 2516400.413304533809423 ], [ 2707782.791976485867053, 2516400.413304533809423 ], [ 2707705.949883087538183, 2516400.413304533809423 ], [ 2707629.107789688743651, 2516400.413304533809423 ], [ 2707552.26569629041478, 2516323.569968424271792 ], [ 2707475.422001781407744, 2516323.569968424271792 ], [ 2707475.422001781407744, 2516400.413304533809423 ], [ 2707398.579908382613212, 2516400.413304533809423 ], [ 2707321.737814984284341, 2516400.413304533809423 ], [ 2707244.89572158548981, 2516400.413304533809423 ], [ 2707168.053628187160939, 2516400.413304533809423 ], [ 2707091.209933678153902, 2516477.256640643812716 ], [ 2707014.36784027935937, 2516477.256640643812716 ], [ 2706937.5257468810305, 2516400.413304533809423 ], [ 2706860.683653482235968, 2516400.413304533809423 ], [ 2706860.683653482235968, 2516323.569968424271792 ], [ 2706783.841560083907098, 2516246.7266323142685 ], [ 2706783.841560083907098, 2516169.884897340554744 ], [ 2706706.999466685112566, 2516169.884897340554744 ], [ 2706630.155772176105529, 2516169.884897340554744 ], [ 2706476.471585378982127, 2516169.884897340554744 ], [ 2706399.629491980187595, 2516169.884897340554744 ], [ 2706322.787398581858724, 2516169.884897340554744 ], [ 2706245.943704072851688, 2516246.7266323142685 ], [ 2706169.101610674057156, 2516246.7266323142685 ], [ 2706092.259517275728285, 2516246.7266323142685 ], [ 2706015.417423876933753, 2516323.569968424271792 ], [ 2706015.417423876933753, 2516400.413304533809423 ], [ 2705938.575330478604883, 2516400.413304533809423 ], [ 2705938.575330478604883, 2516477.256640643812716 ], [ 2705938.575330478604883, 2516554.098375617526472 ], [ 2705861.731635969597846, 2516630.941711727064103 ], [ 2705784.889542570803314, 2516630.941711727064103 ], [ 2705708.047449172474444, 2516630.941711727064103 ], [ 2705708.047449172474444, 2516554.098375617526472 ], [ 2705631.205355773679912, 2516554.098375617526472 ], [ 2705554.363262375351042, 2516477.256640643812716 ], [ 2705477.52116897655651, 2516400.413304533809423 ], [ 2705477.52116897655651, 2516323.569968424271792 ], [ 2705477.52116897655651, 2516246.7266323142685 ], [ 2705477.52116897655651, 2516169.884897340554744 ], [ 2705400.677474467549473, 2516169.884897340554744 ], [ 2705323.835381068754941, 2516169.884897340554744 ], [ 2705246.993287670426071, 2516169.884897340554744 ], [ 2705246.993287670426071, 2516246.7266323142685 ], [ 2705093.309100873302668, 2516246.7266323142685 ], [ 2705093.309100873302668, 2516323.569968424271792 ], [ 2705016.465406364295632, 2516323.569968424271792 ], [ 2705016.465406364295632, 2516400.413304533809423 ], [ 2704939.6233129655011, 2516400.413304533809423 ], [ 2704862.781219567172229, 2516477.256640643812716 ], [ 2704862.781219567172229, 2516554.098375617526472 ], [ 2704785.939126168377697, 2516554.098375617526472 ], [ 2704709.097032770048827, 2516554.098375617526472 ], [ 2704709.097032770048827, 2516630.941711727064103 ], [ 2704632.25333826104179, 2516630.941711727064103 ], [ 2704555.411244862247258, 2516630.941711727064103 ], [ 2704478.569151463918388, 2516630.941711727064103 ], [ 2704478.569151463918388, 2516707.785047837067395 ], [ 2704478.569151463918388, 2516784.628383947070688 ], [ 2704478.569151463918388, 2516861.470118920318782 ], [ 2704478.569151463918388, 2516938.313455030322075 ], [ 2704478.569151463918388, 2517015.156791140325367 ], [ 2704478.569151463918388, 2517092.000127249862999 ], [ 2704478.569151463918388, 2517168.841862223576754 ], [ 2704478.569151463918388, 2517245.685198333580047 ], [ 2704401.727058065123856, 2517245.685198333580047 ], [ 2704401.727058065123856, 2517322.528534443117678 ], [ 2704401.727058065123856, 2517399.370269416831434 ], [ 2704401.727058065123856, 2517476.213605526834726 ], [ 2704401.727058065123856, 2517553.056941636372358 ], [ 2704478.569151463918388, 2517629.90027774637565 ], [ 2704478.569151463918388, 2517706.742012720089406 ], [ 2704555.411244862247258, 2517783.585348829627037 ], [ 2704555.411244862247258, 2517860.42868493963033 ], [ 2704555.411244862247258, 2517937.272021049633622 ], [ 2704555.411244862247258, 2518014.113756022881716 ], [ 2704632.25333826104179, 2518090.957092132885009 ], [ 2704632.25333826104179, 2518167.800428242888302 ], [ 2704632.25333826104179, 2518244.642163216136396 ], [ 2704632.25333826104179, 2518321.485499326139688 ], [ 2704632.25333826104179, 2518398.328835436142981 ], [ 2704632.25333826104179, 2518475.172171546146274 ], [ 2704555.411244862247258, 2518552.013906519394368 ], [ 2704555.411244862247258, 2518628.85724262939766 ], [ 2704555.411244862247258, 2518705.700578739400953 ], [ 2704478.569151463918388, 2518705.700578739400953 ], [ 2704478.569151463918388, 2518782.543914848938584 ], [ 2704401.727058065123856, 2518782.543914848938584 ], [ 2704324.884964666794986, 2518859.38564982265234 ], [ 2704248.042871268000454, 2518936.228985932655632 ], [ 2704171.199176758993417, 2519013.072322042193264 ], [ 2704094.357083360198885, 2519013.072322042193264 ], [ 2704094.357083360198885, 2519089.915658152196556 ], [ 2704017.514989961870015, 2519089.915658152196556 ], [ 2704017.514989961870015, 2519166.757393125910312 ], [ 2703940.672896563075483, 2519166.757393125910312 ], [ 2703940.672896563075483, 2519243.600729235447943 ], [ 2703863.830803164746612, 2519243.600729235447943 ], [ 2703863.830803164746612, 2519320.444065345451236 ], [ 2703786.987108655739576, 2519397.285800319164991 ], [ 2703786.987108655739576, 2519474.129136428702623 ], [ 2703710.145015256945044, 2519474.129136428702623 ], [ 2703710.145015256945044, 2519550.972472538705915 ], [ 2703633.302921858616173, 2519627.815808648709208 ], [ 2703556.460828459821641, 2519704.657543621957302 ], [ 2703556.460828459821641, 2519781.500879731960595 ], [ 2703556.460828459821641, 2519858.344215841963887 ], [ 2703479.618735061492771, 2519935.187551951501518 ], [ 2703479.618735061492771, 2520012.029286925215274 ], [ 2703402.775040552485734, 2520012.029286925215274 ], [ 2703402.775040552485734, 2520088.872623035218567 ], [ 2703325.932947153691202, 2520165.715959144756198 ], [ 2703249.090853755362332, 2520242.55929525475949 ], [ 2703172.2487603565678, 2520319.401030228473246 ], [ 2703095.40666695823893, 2520396.244366338010877 ], [ 2703018.564573559444398, 2520473.08770244801417 ], [ 2703018.564573559444398, 2520549.929437421727926 ], [ 2702941.720879050437361, 2520549.929437421727926 ], [ 2702941.720879050437361, 2520626.772773531265557 ], [ 2702941.720879050437361, 2520703.616109641268849 ], [ 2702941.720879050437361, 2520780.459445751272142 ], [ 2702941.720879050437361, 2520857.301180724520236 ], [ 2702864.87878565210849, 2520934.144516834523529 ], [ 2702864.87878565210849, 2521010.987852944526821 ], [ 2702864.87878565210849, 2521087.831189054530114 ], [ 2702788.036692253313959, 2521164.672924027778208 ], [ 2702711.194598854519427, 2521241.516260137781501 ], [ 2702711.194598854519427, 2521318.359596247784793 ], [ 2702634.352505456190556, 2521395.201331221032888 ], [ 2702557.50881094718352, 2521472.04466733103618 ], [ 2702480.666717548388988, 2521548.888003441039473 ], [ 2702480.666717548388988, 2521625.731339550577104 ], [ 2702480.666717548388988, 2521702.57307452429086 ], [ 2702480.666717548388988, 2521779.416410634294152 ], [ 2702480.666717548388988, 2521856.259746743831784 ], [ 2702403.824624150060117, 2521933.103082853835076 ], [ 2702403.824624150060117, 2522009.944817827548832 ], [ 2702403.824624150060117, 2522086.788153937086463 ], [ 2702403.824624150060117, 2522163.631490047089756 ], [ 2702403.824624150060117, 2522240.474826157093048 ], [ 2702480.666717548388988, 2522240.474826157093048 ], [ 2702480.666717548388988, 2522317.316561130341142 ], [ 2702557.50881094718352, 2522317.316561130341142 ], [ 2702557.50881094718352, 2522394.159897240344435 ], [ 2702634.352505456190556, 2522394.159897240344435 ], [ 2702711.194598854519427, 2522471.003233350347728 ], [ 2702788.036692253313959, 2522471.003233350347728 ], [ 2702864.87878565210849, 2522471.003233350347728 ], [ 2702864.87878565210849, 2522547.844968323595822 ], [ 2702941.720879050437361, 2522547.844968323595822 ], [ 2703018.564573559444398, 2522624.688304433599114 ], [ 2703095.40666695823893, 2522624.688304433599114 ], [ 2703095.40666695823893, 2522701.531640543602407 ], [ 2703172.2487603565678, 2522701.531640543602407 ], [ 2703249.090853755362332, 2522778.374976653140038 ], [ 2703249.090853755362332, 2522855.216711626853794 ], [ 2703325.932947153691202, 2522932.060047736857086 ], [ 2703325.932947153691202, 2523008.903383846394718 ], [ 2703402.775040552485734, 2523085.74671995639801 ], [ 2703402.775040552485734, 2523239.431791039649397 ], [ 2703479.618735061492771, 2523316.27512714965269 ], [ 2703633.302921858616173, 2523393.116862123366445 ], [ 2703710.145015256945044, 2523316.27512714965269 ], [ 2703863.830803164746612, 2523239.431791039649397 ], [ 2704017.514989961870015, 2523239.431791039649397 ], [ 2704171.199176758993417, 2523316.27512714965269 ], [ 2704324.884964666794986, 2523469.960198232904077 ], [ 2704401.727058065123856, 2523546.803534342907369 ], [ 2704478.569151463918388, 2523623.646870452910662 ], [ 2704478.569151463918388, 2523700.488605426158756 ], [ 2704478.569151463918388, 2523777.331941536162049 ], [ 2704555.411244862247258, 2523777.331941536162049 ], [ 2704555.411244862247258, 2523854.175277646165341 ], [ 2704478.569151463918388, 2523931.018613756168634 ], [ 2704555.411244862247258, 2523931.018613756168634 ], [ 2704555.411244862247258, 2524007.860348729416728 ], [ 2704555.411244862247258, 2524084.703684839420021 ], [ 2704555.411244862247258, 2524161.547020949423313 ], [ 2704632.25333826104179, 2524161.547020949423313 ], [ 2704632.25333826104179, 2524238.390357058960944 ], [ 2704632.25333826104179, 2524315.2320920326747 ], [ 2704632.25333826104179, 2524392.075428142677993 ], [ 2704632.25333826104179, 2524468.918764252215624 ], [ 2704632.25333826104179, 2524545.760499225929379 ], [ 2704632.25333826104179, 2524622.603835335932672 ], [ 2704555.411244862247258, 2524699.447171445470303 ], [ 2704478.569151463918388, 2524699.447171445470303 ], [ 2704401.727058065123856, 2524776.290507555473596 ], [ 2704324.884964666794986, 2524853.132242529187351 ], [ 2704248.042871268000454, 2524853.132242529187351 ], [ 2704248.042871268000454, 2524929.975578638724983 ], [ 2704248.042871268000454, 2525006.818914748728275 ], [ 2704324.884964666794986, 2525083.662250858731568 ], [ 2704324.884964666794986, 2525160.503985831979662 ], [ 2704324.884964666794986, 2525237.347321941982955 ], [ 2704324.884964666794986, 2525314.190658051986247 ], [ 2704324.884964666794986, 2525391.033994161523879 ], [ 2704324.884964666794986, 2525467.875729135237634 ], [ 2704324.884964666794986, 2525544.719065245240927 ], [ 2704324.884964666794986, 2525621.562401354778558 ], [ 2704401.727058065123856, 2525698.404136328492314 ], [ 2704324.884964666794986, 2525775.247472438495606 ], [ 2704324.884964666794986, 2525852.090808548033237 ], [ 2704324.884964666794986, 2525928.93414465803653 ], [ 2704401.727058065123856, 2526005.775879631750286 ], [ 2704401.727058065123856, 2526082.619215741287917 ], [ 2704478.569151463918388, 2526082.619215741287917 ], [ 2704555.411244862247258, 2526159.462551851291209 ], [ 2704555.411244862247258, 2526236.305887961294502 ], [ 2704632.25333826104179, 2526236.305887961294502 ], [ 2704632.25333826104179, 2526313.147622934542596 ], [ 2704632.25333826104179, 2526389.990959044545889 ], [ 2704709.097032770048827, 2526466.834295154549181 ], [ 2704709.097032770048827, 2526543.676030127797276 ], [ 2704785.939126168377697, 2526620.519366237800568 ], [ 2704862.781219567172229, 2526620.519366237800568 ], [ 2704939.6233129655011, 2526697.362702347803861 ], [ 2704939.6233129655011, 2526774.206038457807153 ], [ 2704939.6233129655011, 2526851.047773431055248 ], [ 2705016.465406364295632, 2526851.047773431055248 ], [ 2705016.465406364295632, 2526927.89110954105854 ], [ 2705170.151194271631539, 2527004.734445651061833 ], [ 2705170.151194271631539, 2527081.577781760599464 ], [ 2705246.993287670426071, 2527081.577781760599464 ], [ 2705323.835381068754941, 2527081.577781760599464 ], [ 2705400.677474467549473, 2527081.577781760599464 ], [ 2705477.52116897655651, 2527081.577781760599464 ], [ 2705554.363262375351042, 2527081.577781760599464 ], [ 2705631.205355773679912, 2527158.41951673431322 ], [ 2705708.047449172474444, 2527158.41951673431322 ], [ 2705784.889542570803314, 2527158.41951673431322 ], [ 2705861.731635969597846, 2527158.41951673431322 ], [ 2705938.575330478604883, 2527235.262852844316512 ], [ 2706015.417423876933753, 2527235.262852844316512 ], [ 2706169.101610674057156, 2527235.262852844316512 ], [ 2706322.787398581858724, 2527235.262852844316512 ], [ 2706399.629491980187595, 2527235.262852844316512 ] ] } },
{ "type": "Feature", "properties": { }, "geometry": { "type": "LineString", "coordinates": [ [ 2686190.080473742913455, 2587941.158938734326512 ], [ 2686190.080473742913455, 2587787.473867650609463 ], [ 2686190.080473742913455, 2587633.78719543106854 ], [ 2686190.080473742913455, 2587556.943859321065247 ], [ 2686190.080473742913455, 2587480.102124347817153 ], [ 2686190.080473742913455, 2587403.25878823781386 ], [ 2686266.922567141707987, 2587326.415452127810568 ], [ 2686343.764660540036857, 2587326.415452127810568 ], [ 2686343.764660540036857, 2587403.25878823781386 ], [ 2686343.764660540036857, 2587480.102124347817153 ], [ 2686343.764660540036857, 2587556.943859321065247 ], [ 2686420.606753938831389, 2587633.78719543106854 ], [ 2686420.606753938831389, 2587710.630531541071832 ], [ 2686420.606753938831389, 2587787.473867650609463 ], [ 2686497.448847337625921, 2587787.473867650609463 ], [ 2686497.448847337625921, 2587710.630531541071832 ], [ 2686574.292541846632957, 2587556.943859321065247 ], [ 2686651.134635244961828, 2587480.102124347817153 ], [ 2686651.134635244961828, 2587403.25878823781386 ], [ 2686727.97672864375636, 2587326.415452127810568 ], [ 2686958.504609949886799, 2587326.415452127810568 ], [ 2687112.188796747010201, 2587326.415452127810568 ], [ 2687265.872983544133604, 2587249.573717154562473 ], [ 2687342.715076942462474, 2587172.730381044559181 ], [ 2687342.715076942462474, 2587095.887044934555888 ], [ 2687342.715076942462474, 2587019.043708824552596 ], [ 2687265.872983544133604, 2586942.201973851304501 ], [ 2687189.030890145339072, 2586788.515301631297916 ], [ 2687035.346703348215669, 2586634.830230548046529 ], [ 2686958.504609949886799, 2586481.143558328505605 ], [ 2686958.504609949886799, 2586404.300222218502313 ], [ 2686958.504609949886799, 2586327.458487244788557 ], [ 2687035.346703348215669, 2586173.771815025247633 ], [ 2687112.188796747010201, 2585943.243407831992954 ], [ 2687189.030890145339072, 2585789.558336748741567 ], [ 2687265.872983544133604, 2585635.871664528734982 ], [ 2687342.715076942462474, 2585559.028328419197351 ], [ 2687419.558771451469511, 2585559.028328419197351 ], [ 2687573.242958248592913, 2585635.871664528734982 ], [ 2687726.927145046181977, 2585635.871664528734982 ], [ 2687803.770839555189013, 2585712.715000638738275 ], [ 2687880.612932953517884, 2585635.871664528734982 ], [ 2687880.612932953517884, 2585559.028328419197351 ], [ 2687880.612932953517884, 2585482.186593445483595 ], [ 2687957.455026352312416, 2585482.186593445483595 ], [ 2687957.455026352312416, 2585559.028328419197351 ], [ 2688034.297119750641286, 2585559.028328419197351 ], [ 2688111.139213149435818, 2585559.028328419197351 ], [ 2688187.981306547764689, 2585559.028328419197351 ], [ 2688187.981306547764689, 2585482.186593445483595 ], [ 2688187.981306547764689, 2585405.343257335480303 ], [ 2688264.825001056771725, 2585405.343257335480303 ], [ 2688264.825001056771725, 2585328.499921225942671 ], [ 2688341.667094455566257, 2585328.499921225942671 ], [ 2688418.509187853895128, 2585328.499921225942671 ], [ 2688418.509187853895128, 2585251.656585115939379 ], [ 2688418.509187853895128, 2585174.814850142225623 ], [ 2688418.509187853895128, 2585097.971514032687992 ], [ 2688418.509187853895128, 2585021.128177922684699 ], [ 2688495.35128125268966, 2585021.128177922684699 ], [ 2688495.35128125268966, 2584944.286442948970944 ], [ 2688572.19337465101853, 2584867.443106839433312 ], [ 2688572.19337465101853, 2584790.59977072943002 ], [ 2688572.19337465101853, 2584713.756434619426727 ], [ 2688649.037069160025567, 2584713.756434619426727 ], [ 2688649.037069160025567, 2584636.914699646178633 ], [ 2688725.879162558820099, 2584636.914699646178633 ], [ 2688802.721255957148969, 2584636.914699646178633 ], [ 2688879.563349355943501, 2584636.914699646178633 ], [ 2688879.563349355943501, 2584560.07136353617534 ], [ 2688956.405442754738033, 2584560.07136353617534 ], [ 2688725.879162558820099, 2583945.327876929659396 ], [ 2688572.19337465101853, 2583176.899319240357727 ], [ 2688572.19337465101853, 2583100.055983130354434 ], [ 2688495.35128125268966, 2583100.055983130354434 ], [ 2688572.19337465101853, 2583100.055983130354434 ], [ 2689571.145392164122313, 2582869.527575937099755 ], [ 2689417.459604256320745, 2582254.784089331049472 ], [ 2689417.459604256320745, 2582177.94075322104618 ], [ 2689417.459604256320745, 2582101.099018247332424 ], [ 2689494.303298765327781, 2582024.255682137794793 ], [ 2690032.199553665705025, 2581870.569009917788208 ], [ 2690109.041647064499557, 2581870.569009917788208 ], [ 2690032.199553665705025, 2581793.727274944540113 ], [ 2690185.883740463294089, 2581486.355531641282141 ], [ 2690339.569528370629996, 2581332.668859421275556 ], [ 2690570.09580856654793, 2581178.983788338024169 ], [ 2690723.781596473883837, 2580948.45538114476949 ], [ 2690646.937901964876801, 2580641.083637841511518 ], [ 2690723.781596473883837, 2580564.240301731973886 ], [ 2690800.623689872678369, 2580564.240301731973886 ], [ 2691107.993664577137679, 2580410.553629511967301 ], [ 2691876.416199673432857, 2580256.868558428715914 ], [ 2692414.314055684488267, 2580180.025222318712622 ], [ 2692644.84033587994054, 2580103.181886209174991 ], [ 2692644.84033587994054, 2579872.653479015920311 ], [ 2692644.84033587994054, 2579795.811744042206556 ], [ 2692644.84033587994054, 2579488.440000738948584 ], [ 2692721.684030389413238, 2579411.596664629410952 ], [ 2692798.526123787742108, 2579334.75332851940766 ], [ 2692952.21031058486551, 2579104.22492132615298 ], [ 2692875.36821718653664, 2579027.381585216149688 ], [ 2692875.36821718653664, 2578950.539850242901593 ], [ 2692952.21031058486551, 2578873.696514132898301 ], [ 2692952.21031058486551, 2578796.853178022895008 ], [ 2693029.052403983660042, 2578720.009841912891716 ], [ 2693029.052403983660042, 2578643.168106939643621 ], [ 2693105.894497381988913, 2578643.168106939643621 ], [ 2693105.894497381988913, 2578566.324770829640329 ], [ 2693105.894497381988913, 2578489.481434719637036 ], [ 2693105.894497381988913, 2578412.638098610099405 ], [ 2693182.73819189099595, 2578335.796363636385649 ], [ 2693182.73819189099595, 2578258.953027526382357 ], [ 2693259.580285289790481, 2578258.953027526382357 ], [ 2693336.422378688119352, 2578182.109691416844726 ], [ 2693413.264472086913884, 2578105.266355306841433 ], [ 2693490.106565485242754, 2578028.424620333127677 ], [ 2693566.950259994249791, 2577951.581284223590046 ], [ 2693566.950259994249791, 2577874.737948113586754 ], [ 2693643.792353393044323, 2577797.896213139872998 ], [ 2693643.792353393044323, 2577721.052877030335367 ], [ 2693643.792353393044323, 2577644.209540920332074 ], [ 2693643.792353393044323, 2577567.366204810328782 ], [ 2693720.634446791373193, 2577490.524469837080687 ], [ 2693720.634446791373193, 2577413.681133727077395 ], [ 2693797.476540190167725, 2577413.681133727077395 ], [ 2693874.318633588496596, 2577336.837797617074102 ], [ 2693951.162328097503632, 2577336.837797617074102 ], [ 2693951.162328097503632, 2577259.994461507536471 ], [ 2694028.004421496298164, 2577183.152726533822715 ], [ 2694104.846514895092696, 2577106.309390423819423 ], [ 2694104.846514895092696, 2577029.466054314281791 ], [ 2694181.688608293421566, 2576952.622718204278499 ], [ 2694181.688608293421566, 2576875.780983230564743 ], [ 2694258.530701692216098, 2576875.780983230564743 ], [ 2694335.372795090544969, 2576798.937647121027112 ], [ 2694489.058582998346537, 2576722.094311011023819 ], [ 2694565.900676396675408, 2576722.094311011023819 ], [ 2694565.900676396675408, 2576645.252576037310064 ], [ 2694642.74276979546994, 2576645.252576037310064 ], [ 2694719.58486319379881, 2576645.252576037310064 ], [ 2694796.428557702805847, 2576568.409239927772433 ], [ 2694873.270651101600379, 2576568.409239927772433 ], [ 2694873.270651101600379, 2576491.56590381776914 ], [ 2694950.112744499929249, 2576491.56590381776914 ], [ 2694873.270651101600379, 2576414.722567707765847 ], [ 2694796.428557702805847, 2576030.509089431259781 ], [ 2694796.428557702805847, 2575876.822417211253196 ], [ 2694796.428557702805847, 2575723.137346128001809 ], [ 2695180.639024695847183, 2575646.294010017998517 ], [ 2695257.48271920485422, 2575646.294010017998517 ], [ 2695334.324812603648752, 2575646.294010017998517 ], [ 2695334.324812603648752, 2575569.450673908460885 ], [ 2695334.324812603648752, 2575492.60893893474713 ], [ 2695334.324812603648752, 2575415.765602824743837 ], [ 2695334.324812603648752, 2575338.922266715206206 ], [ 2695334.324812603648752, 2575262.078930605202913 ], [ 2695334.324812603648752, 2575185.237195631489158 ], [ 2695411.166906001977623, 2575185.237195631489158 ], [ 2695411.166906001977623, 2575108.393859521951526 ], [ 2695411.166906001977623, 2575031.550523411948234 ], [ 2695488.008999400772154, 2575031.550523411948234 ], [ 2695488.008999400772154, 2574954.707187301944941 ], [ 2695564.851092799101025, 2574954.707187301944941 ], [ 2695564.851092799101025, 2574877.865452328696847 ], [ 2695564.851092799101025, 2574801.022116218693554 ], [ 2695641.694787308108062, 2574801.022116218693554 ], [ 2695641.694787308108062, 2574724.178780108690262 ], [ 2695641.694787308108062, 2574647.337045135442168 ], [ 2695641.694787308108062, 2574570.493709025438875 ], [ 2695564.851092799101025, 2574570.493709025438875 ], [ 2695564.851092799101025, 2574493.650372915435582 ], [ 2695564.851092799101025, 2574416.807036805897951 ], [ 2695564.851092799101025, 2574339.965301832184196 ], [ 2695641.694787308108062, 2574263.121965722180903 ], [ 2695641.694787308108062, 2574186.278629612643272 ], [ 2695718.536880706902593, 2574109.435293502639979 ], [ 2695795.378974105231464, 2574109.435293502639979 ], [ 2695795.378974105231464, 2574032.593558528926224 ], [ 2695872.221067504025996, 2574032.593558528926224 ], [ 2695949.063160902354866, 2574032.593558528926224 ], [ 2695949.063160902354866, 2573955.750222419388592 ], [ 2696025.906855411361903, 2573955.750222419388592 ], [ 2696025.906855411361903, 2573878.9068863093853 ], [ 2695949.063160902354866, 2573802.063550199382007 ], [ 2695949.063160902354866, 2573725.221815226133913 ], [ 2695949.063160902354866, 2573648.37847911613062 ], [ 2695949.063160902354866, 2573571.535143006127328 ], [ 2696025.906855411361903, 2573494.693408032879233 ], [ 2696025.906855411361903, 2573417.850071922875941 ], [ 2696102.748948810156435, 2573341.006735812872648 ], [ 2696102.748948810156435, 2573264.163399702869356 ], [ 2696102.748948810156435, 2573187.321664729621261 ], [ 2696179.591042208485305, 2573187.321664729621261 ], [ 2696179.591042208485305, 2573110.478328619617969 ], [ 2696179.591042208485305, 2573033.634992509614676 ], [ 2696179.591042208485305, 2572956.791656400077045 ], [ 2696256.433135607279837, 2572956.791656400077045 ], [ 2696179.591042208485305, 2572879.949921426363289 ], [ 2696256.433135607279837, 2572879.949921426363289 ], [ 2696256.433135607279837, 2572803.106585316359997 ], [ 2696256.433135607279837, 2572726.263249206822366 ], [ 2696333.275229005608708, 2572726.263249206822366 ], [ 2696410.117322404403239, 2572726.263249206822366 ], [ 2696410.117322404403239, 2572649.42151423310861 ], [ 2696486.961016913410276, 2572649.42151423310861 ], [ 2696486.961016913410276, 2572572.578178123105317 ], [ 2696563.803110311739147, 2572572.578178123105317 ], [ 2696563.803110311739147, 2572495.734842013567686 ], [ 2696563.803110311739147, 2572418.891505903564394 ], [ 2696640.645203710533679, 2572418.891505903564394 ], [ 2696640.645203710533679, 2572342.049770929850638 ], [ 2696717.48729710932821, 2572342.049770929850638 ], [ 2696717.48729710932821, 2572265.206434820313007 ], [ 2696794.329390507657081, 2572265.206434820313007 ], [ 2696871.173085016664118, 2572188.363098710309714 ], [ 2696948.015178415458649, 2572188.363098710309714 ], [ 2696948.015178415458649, 2572111.519762600306422 ], [ 2697024.85727181378752, 2572111.519762600306422 ], [ 2697024.85727181378752, 2572034.678027627058327 ], [ 2697024.85727181378752, 2571957.834691517055035 ], [ 2697024.85727181378752, 2571880.991355407051742 ], [ 2697024.85727181378752, 2571804.148019297514111 ], [ 2697024.85727181378752, 2571727.306284323800355 ], [ 2697101.699365212582052, 2571650.462948213797063 ], [ 2697178.541458610910922, 2571573.619612104259431 ], [ 2697178.541458610910922, 2571496.777877130545676 ], [ 2697178.541458610910922, 2571419.934541020542383 ], [ 2697178.541458610910922, 2571343.091204911004752 ], [ 2697178.541458610910922, 2571266.247868801001459 ], [ 2697178.541458610910922, 2571189.406133827287704 ], [ 2697178.541458610910922, 2571112.562797717750072 ], [ 2697255.385153119917959, 2571112.562797717750072 ], [ 2697255.385153119917959, 2571035.71946160774678 ], [ 2697255.385153119917959, 2570958.876125497743487 ], [ 2697178.541458610910922, 2570958.876125497743487 ], [ 2697178.541458610910922, 2570882.034390524495393 ], [ 2697178.541458610910922, 2570805.1910544144921 ], [ 2697101.699365212582052, 2570805.1910544144921 ], [ 2697101.699365212582052, 2570728.347718304488808 ], [ 2697024.85727181378752, 2570728.347718304488808 ], [ 2697024.85727181378752, 2570651.504382194485515 ], [ 2696948.015178415458649, 2570651.504382194485515 ], [ 2696871.173085016664118, 2570574.662647221237421 ], [ 2696794.329390507657081, 2570497.819311111234128 ], [ 2696717.48729710932821, 2570497.819311111234128 ], [ 2696717.48729710932821, 2570420.975975001230836 ], [ 2696640.645203710533679, 2570420.975975001230836 ], [ 2696640.645203710533679, 2570344.134240027982742 ], [ 2696563.803110311739147, 2570267.290903917979449 ], [ 2696486.961016913410276, 2570190.447567807976156 ], [ 2696410.117322404403239, 2570190.447567807976156 ], [ 2696410.117322404403239, 2570113.604231698438525 ], [ 2696333.275229005608708, 2570036.76249672472477 ], [ 2696256.433135607279837, 2569959.919160614721477 ], [ 2696256.433135607279837, 2569883.075824505183846 ], [ 2696179.591042208485305, 2569883.075824505183846 ], [ 2696179.591042208485305, 2569806.232488395180553 ], [ 2696102.748948810156435, 2569806.232488395180553 ], [ 2696102.748948810156435, 2569729.390753421466798 ], [ 2696025.906855411361903, 2569652.547417311929166 ], [ 2696025.906855411361903, 2569575.704081201925874 ], [ 2696025.906855411361903, 2569498.862346228212118 ], [ 2696025.906855411361903, 2569422.019010118674487 ], [ 2695949.063160902354866, 2569422.019010118674487 ], [ 2695949.063160902354866, 2569345.175674008671194 ], [ 2695872.221067504025996, 2569345.175674008671194 ], [ 2695795.378974105231464, 2569345.175674008671194 ], [ 2695718.536880706902593, 2569345.175674008671194 ], [ 2695718.536880706902593, 2569268.332337898667902 ], [ 2695641.694787308108062, 2569268.332337898667902 ], [ 2695564.851092799101025, 2569268.332337898667902 ], [ 2695564.851092799101025, 2569191.490602925419807 ], [ 2695564.851092799101025, 2569114.647266815416515 ], [ 2695564.851092799101025, 2569037.803930705413222 ], [ 2695488.008999400772154, 2569037.803930705413222 ], [ 2695411.166906001977623, 2569037.803930705413222 ], [ 2695334.324812603648752, 2569037.803930705413222 ], [ 2695334.324812603648752, 2568960.960594595875591 ], [ 2695334.324812603648752, 2568884.118859622161835 ], [ 2695411.166906001977623, 2568807.275523512158543 ], [ 2695411.166906001977623, 2568730.432187402620912 ], [ 2695411.166906001977623, 2568653.588851292617619 ], [ 2695411.166906001977623, 2568576.747116318903863 ], [ 2695334.324812603648752, 2568576.747116318903863 ], [ 2695257.48271920485422, 2568653.588851292617619 ], [ 2695180.639024695847183, 2568653.588851292617619 ], [ 2695103.796931297052652, 2568653.588851292617619 ], [ 2695103.796931297052652, 2568730.432187402620912 ], [ 2695026.954837898723781, 2568730.432187402620912 ], [ 2694950.112744499929249, 2568730.432187402620912 ], [ 2694950.112744499929249, 2568807.275523512158543 ], [ 2694873.270651101600379, 2568807.275523512158543 ], [ 2694796.428557702805847, 2568807.275523512158543 ], [ 2694796.428557702805847, 2568884.118859622161835 ], [ 2694719.58486319379881, 2568884.118859622161835 ], [ 2694642.74276979546994, 2568884.118859622161835 ], [ 2694565.900676396675408, 2568884.118859622161835 ], [ 2694489.058582998346537, 2568884.118859622161835 ], [ 2694412.216489599552006, 2568884.118859622161835 ], [ 2694412.216489599552006, 2568807.275523512158543 ], [ 2694489.058582998346537, 2568807.275523512158543 ], [ 2694489.058582998346537, 2568730.432187402620912 ], [ 2694489.058582998346537, 2568653.588851292617619 ], [ 2694412.216489599552006, 2568653.588851292617619 ], [ 2694412.216489599552006, 2568576.747116318903863 ], [ 2694412.216489599552006, 2568499.903780209366232 ], [ 2694335.372795090544969, 2568499.903780209366232 ], [ 2694335.372795090544969, 2568423.06044409936294 ], [ 2694335.372795090544969, 2568346.218709125649184 ], [ 2694412.216489599552006, 2568346.218709125649184 ], [ 2694412.216489599552006, 2568269.375373016111553 ], [ 2694489.058582998346537, 2568192.53203690610826 ], [ 2694489.058582998346537, 2568115.688700796104968 ], [ 2694412.216489599552006, 2568115.688700796104968 ], [ 2694412.216489599552006, 2568038.846965822856873 ], [ 2694412.216489599552006, 2567962.003629712853581 ], [ 2694412.216489599552006, 2567885.160293602850288 ], [ 2694335.372795090544969, 2567885.160293602850288 ], [ 2694335.372795090544969, 2567808.316957492846996 ], [ 2694335.372795090544969, 2567731.475222519598901 ], [ 2694335.372795090544969, 2567654.631886409595609 ], [ 2694335.372795090544969, 2567577.788550299592316 ], [ 2694412.216489599552006, 2567577.788550299592316 ], [ 2694412.216489599552006, 2567500.945214190054685 ], [ 2694412.216489599552006, 2567424.103479216340929 ], [ 2694335.372795090544969, 2567424.103479216340929 ], [ 2694258.530701692216098, 2567347.260143106337637 ], [ 2694181.688608293421566, 2567347.260143106337637 ], [ 2694181.688608293421566, 2567270.416806996800005 ], [ 2694181.688608293421566, 2567193.57507202308625 ], [ 2694104.846514895092696, 2567193.57507202308625 ], [ 2694028.004421496298164, 2567116.731735913082957 ], [ 2693951.162328097503632, 2567039.888399803545326 ], [ 2693951.162328097503632, 2566963.045063693542033 ], [ 2693951.162328097503632, 2566886.203328719828278 ], [ 2693951.162328097503632, 2566809.359992610290647 ], [ 2693874.318633588496596, 2566809.359992610290647 ], [ 2693951.162328097503632, 2566732.516656500287354 ], [ 2693951.162328097503632, 2566655.673320390284061 ], [ 2694028.004421496298164, 2566578.831585417035967 ], [ 2694028.004421496298164, 2566501.988249307032675 ], [ 2694028.004421496298164, 2566425.144913197029382 ], [ 2694104.846514895092696, 2566348.303178223781288 ], [ 2694104.846514895092696, 2566271.459842113777995 ], [ 2694181.688608293421566, 2566194.616506003774703 ], [ 2694181.688608293421566, 2566040.931434920523316 ], [ 2694258.530701692216098, 2566040.931434920523316 ], [ 2694258.530701692216098, 2565887.244762700982392 ], [ 2694258.530701692216098, 2565810.401426590979099 ], [ 2694258.530701692216098, 2565733.559691617265344 ], [ 2694258.530701692216098, 2565656.716355507727712 ], [ 2694258.530701692216098, 2565579.87301939772442 ], [ 2694258.530701692216098, 2565503.029683287721127 ], [ 2694258.530701692216098, 2565426.187948314473033 ], [ 2694258.530701692216098, 2565349.34461220446974 ], [ 2694181.688608293421566, 2565349.34461220446974 ], [ 2694181.688608293421566, 2565272.501276094466448 ], [ 2694104.846514895092696, 2565349.34461220446974 ], [ 2694028.004421496298164, 2565349.34461220446974 ], [ 2693874.318633588496596, 2565349.34461220446974 ], [ 2693874.318633588496596, 2565272.501276094466448 ], [ 2693874.318633588496596, 2565195.659541121218354 ], [ 2693951.162328097503632, 2565118.816205011215061 ], [ 2693951.162328097503632, 2565041.972868901211768 ], [ 2693874.318633588496596, 2565041.972868901211768 ], [ 2693874.318633588496596, 2564965.129532791208476 ], [ 2693874.318633588496596, 2564888.287797817960382 ], [ 2693797.476540190167725, 2564811.444461707957089 ], [ 2693720.634446791373193, 2564811.444461707957089 ], [ 2693643.792353393044323, 2564811.444461707957089 ], [ 2693643.792353393044323, 2564734.601125597953796 ], [ 2693643.792353393044323, 2564657.757789488416165 ], [ 2693720.634446791373193, 2564580.91605451470241 ], [ 2693797.476540190167725, 2564504.072718404699117 ], [ 2693797.476540190167725, 2564427.229382295161486 ], [ 2693874.318633588496596, 2564350.386046185158193 ], [ 2693874.318633588496596, 2564273.544311211444438 ], [ 2693874.318633588496596, 2564196.700975101906806 ], [ 2693874.318633588496596, 2564119.857638991903514 ], [ 2693951.162328097503632, 2564043.015904018189758 ], [ 2693951.162328097503632, 2563966.172567908652127 ], [ 2693874.318633588496596, 2563812.485895688645542 ], [ 2693797.476540190167725, 2563735.644160715397447 ], [ 2693720.634446791373193, 2563735.644160715397447 ], [ 2693720.634446791373193, 2563658.800824605394155 ], [ 2693643.792353393044323, 2563658.800824605394155 ], [ 2693566.950259994249791, 2563658.800824605394155 ], [ 2693490.106565485242754, 2563658.800824605394155 ], [ 2693490.106565485242754, 2563581.957488495390862 ], [ 2693413.264472086913884, 2563581.957488495390862 ], [ 2693413.264472086913884, 2563505.114152385853231 ], [ 2693490.106565485242754, 2563428.272417412139475 ], [ 2693566.950259994249791, 2563351.429081302136183 ], [ 2693566.950259994249791, 2563274.585745192598552 ], [ 2693566.950259994249791, 2563197.744010218884796 ], [ 2693643.792353393044323, 2563120.900674108881503 ], [ 2693643.792353393044323, 2563044.057337999343872 ], [ 2693566.950259994249791, 2562967.21400188934058 ], [ 2693566.950259994249791, 2562890.372266915626824 ], [ 2693490.106565485242754, 2562890.372266915626824 ], [ 2693490.106565485242754, 2562813.528930806089193 ], [ 2693336.422378688119352, 2562813.528930806089193 ], [ 2693336.422378688119352, 2562736.6855946960859 ], [ 2693259.580285289790481, 2562659.842258586082608 ], [ 2693336.422378688119352, 2562583.000523612834513 ], [ 2693413.264472086913884, 2562506.157187502831221 ], [ 2693413.264472086913884, 2562429.313851392827928 ], [ 2693413.264472086913884, 2562352.470515282824636 ], [ 2693413.264472086913884, 2562275.628780309576541 ], [ 2693490.106565485242754, 2562198.785444199573249 ], [ 2693490.106565485242754, 2562121.942108089569956 ], [ 2693490.106565485242754, 2562045.100373116321862 ], [ 2693490.106565485242754, 2561968.257037006318569 ], [ 2693413.264472086913884, 2561891.413700896315277 ], [ 2693336.422378688119352, 2561737.72862981306389 ], [ 2693336.422378688119352, 2561660.885293703060597 ], [ 2693259.580285289790481, 2561660.885293703060597 ], [ 2693182.73819189099595, 2561660.885293703060597 ], [ 2693182.73819189099595, 2561584.041957593522966 ], [ 2693105.894497381988913, 2561584.041957593522966 ], [ 2693105.894497381988913, 2561507.198621483519673 ], [ 2693029.052403983660042, 2561430.356886509805918 ], [ 2693029.052403983660042, 2561353.513550400268286 ], [ 2692952.21031058486551, 2561353.513550400268286 ], [ 2692875.36821718653664, 2561353.513550400268286 ], [ 2692875.36821718653664, 2561276.670214290264994 ], [ 2692875.36821718653664, 2561199.826878180261701 ], [ 2692875.36821718653664, 2561122.985143207013607 ], [ 2692875.36821718653664, 2561046.141807097010314 ], [ 2692875.36821718653664, 2560969.298470987007022 ], [ 2692875.36821718653664, 2560892.456736013758928 ], [ 2692798.526123787742108, 2560815.613399903755635 ], [ 2692721.684030389413238, 2560815.613399903755635 ], [ 2692721.684030389413238, 2560738.770063793752342 ], [ 2692721.684030389413238, 2560661.926727684214711 ], [ 2692798.526123787742108, 2560585.084992710500956 ], [ 2692798.526123787742108, 2560508.241656600497663 ], [ 2692798.526123787742108, 2560431.398320490960032 ], [ 2692875.36821718653664, 2560431.398320490960032 ], [ 2692875.36821718653664, 2560354.554984380956739 ], [ 2692952.21031058486551, 2560354.554984380956739 ], [ 2692952.21031058486551, 2560277.713249407242984 ], [ 2692875.36821718653664, 2560277.713249407242984 ], [ 2692875.36821718653664, 2560200.869913297705352 ], [ 2692875.36821718653664, 2560124.02657718770206 ], [ 2692798.526123787742108, 2560047.184842213988304 ], [ 2692721.684030389413238, 2559970.341506104450673 ], [ 2692644.84033587994054, 2559970.341506104450673 ], [ 2692567.998242481611669, 2559970.341506104450673 ], [ 2692491.156149082817137, 2559893.49816999444738 ], [ 2692414.314055684488267, 2559893.49816999444738 ], [ 2692337.471962285693735, 2559893.49816999444738 ], [ 2692260.628267776686698, 2559893.49816999444738 ], [ 2692260.628267776686698, 2559816.654833884444088 ], [ 2692260.628267776686698, 2559739.813098911195993 ], [ 2692260.628267776686698, 2559662.969762801192701 ], [ 2692260.628267776686698, 2559586.126426691189408 ], [ 2692260.628267776686698, 2559509.283090581186116 ], [ 2692260.628267776686698, 2559432.441355607938021 ], [ 2692183.786174378357828, 2559432.441355607938021 ], [ 2692106.944080979563296, 2559432.441355607938021 ], [ 2692106.944080979563296, 2559355.598019497934729 ], [ 2692030.101987581234425, 2559355.598019497934729 ], [ 2691953.259894182439893, 2559355.598019497934729 ], [ 2691953.259894182439893, 2559278.754683387931436 ], [ 2692030.101987581234425, 2559278.754683387931436 ], [ 2692106.944080979563296, 2559201.911347278393805 ], [ 2692183.786174378357828, 2559201.911347278393805 ], [ 2692183.786174378357828, 2559125.069612304680049 ], [ 2692260.628267776686698, 2559125.069612304680049 ], [ 2692260.628267776686698, 2559048.226276194676757 ], [ 2692337.471962285693735, 2559048.226276194676757 ], [ 2692337.471962285693735, 2558971.382940085139126 ], [ 2692337.471962285693735, 2558894.54120511142537 ], [ 2692337.471962285693735, 2558817.697869001422077 ], [ 2692260.628267776686698, 2558817.697869001422077 ], [ 2692183.786174378357828, 2558740.854532891884446 ], [ 2692106.944080979563296, 2558740.854532891884446 ], [ 2692030.101987581234425, 2558740.854532891884446 ], [ 2691953.259894182439893, 2558740.854532891884446 ], [ 2691876.416199673432857, 2558740.854532891884446 ], [ 2691722.732012876309454, 2558664.011196781881154 ], [ 2691645.889919477980584, 2558664.011196781881154 ], [ 2691569.047826079186052, 2558664.011196781881154 ], [ 2691492.205732680857182, 2558740.854532891884446 ], [ 2691338.519944773055613, 2558740.854532891884446 ], [ 2691261.677851374261081, 2558740.854532891884446 ], [ 2691184.835757975932211, 2558740.854532891884446 ], [ 2691107.993664577137679, 2558740.854532891884446 ], [ 2691031.149970068130642, 2558740.854532891884446 ], [ 2690954.307876669801772, 2558740.854532891884446 ], [ 2690877.46578327100724, 2558740.854532891884446 ], [ 2690800.623689872678369, 2558817.697869001422077 ], [ 2690723.781596473883837, 2558894.54120511142537 ], [ 2690646.937901964876801, 2559048.226276194676757 ], [ 2690570.09580856654793, 2559125.069612304680049 ], [ 2690185.883740463294089, 2561660.885293703060597 ], [ 2689186.933324060868472, 2561891.413700896315277 ], [ 2688725.879162558820099, 2561968.257037006318569 ], [ 2688649.037069160025567, 2561968.257037006318569 ], [ 2688264.825001056771725, 2562045.100373116321862 ], [ 2687419.558771451469511, 2562198.785444199573249 ], [ 2687112.188796747010201, 2562121.942108089569956 ], [ 2686804.81882204208523, 2561968.257037006318569 ], [ 2686804.81882204208523, 2562045.100373116321862 ], [ 2686651.134635244961828, 2562583.000523612834513 ], [ 2686343.764660540036857, 2562429.313851392827928 ], [ 2686266.922567141707987, 2562429.313851392827928 ], [ 2684960.602176034357399, 2562045.100373116321862 ], [ 2684960.602176034357399, 2562198.785444199573249 ], [ 2684806.916388127021492, 2562121.942108089569956 ], [ 2684883.758481525350362, 2561968.257037006318569 ], [ 2684806.916388127021492, 2561968.257037006318569 ], [ 2683961.650158521719277, 2561737.72862981306389 ], [ 2683884.808065122924745, 2561737.72862981306389 ], [ 2683807.965971724595875, 2561660.885293703060597 ], [ 2683731.123878325801343, 2561660.885293703060597 ], [ 2683654.280183816794306, 2561660.885293703060597 ], [ 2683423.753903621342033, 2561584.041957593522966 ], [ 2683423.753903621342033, 2561660.885293703060597 ], [ 2683500.595997019670904, 2561737.72862981306389 ], [ 2683500.595997019670904, 2561891.413700896315277 ], [ 2683500.595997019670904, 2561968.257037006318569 ], [ 2683423.753903621342033, 2561968.257037006318569 ], [ 2683500.595997019670904, 2562045.100373116321862 ], [ 2683577.438090418465436, 2562045.100373116321862 ], [ 2683577.438090418465436, 2561968.257037006318569 ], [ 2683654.280183816794306, 2561968.257037006318569 ], [ 2683654.280183816794306, 2562198.785444199573249 ], [ 2683500.595997019670904, 2562198.785444199573249 ], [ 2683423.753903621342033, 2562198.785444199573249 ], [ 2683500.595997019670904, 2562275.628780309576541 ], [ 2683577.438090418465436, 2562275.628780309576541 ], [ 2683654.280183816794306, 2562275.628780309576541 ], [ 2683654.280183816794306, 2562506.157187502831221 ], [ 2683577.438090418465436, 2562506.157187502831221 ], [ 2683577.438090418465436, 2562429.313851392827928 ], [ 2683500.595997019670904, 2562429.313851392827928 ], [ 2683500.595997019670904, 2562506.157187502831221 ], [ 2683577.438090418465436, 2562583.000523612834513 ], [ 2683654.280183816794306, 2562659.842258586082608 ], [ 2683577.438090418465436, 2562736.6855946960859 ], [ 2683500.595997019670904, 2562736.6855946960859 ], [ 2683423.753903621342033, 2562659.842258586082608 ], [ 2683346.911810222547501, 2562736.6855946960859 ], [ 2683270.069716824218631, 2562736.6855946960859 ], [ 2683270.069716824218631, 2562813.528930806089193 ], [ 2683346.911810222547501, 2562813.528930806089193 ], [ 2683423.753903621342033, 2562813.528930806089193 ], [ 2683423.753903621342033, 2562890.372266915626824 ], [ 2683346.911810222547501, 2562890.372266915626824 ], [ 2683193.226022315211594, 2562967.21400188934058 ], [ 2683039.541835518088192, 2562890.372266915626824 ], [ 2682962.69974211929366, 2562890.372266915626824 ], [ 2682962.69974211929366, 2562813.528930806089193 ], [ 2682885.857648720964789, 2562890.372266915626824 ], [ 2682809.013954211957753, 2562890.372266915626824 ], [ 2682885.857648720964789, 2562813.528930806089193 ], [ 2682885.857648720964789, 2562736.6855946960859 ], [ 2682809.013954211957753, 2562736.6855946960859 ], [ 2682732.171860813163221, 2562813.528930806089193 ], [ 2682655.32976741483435, 2562890.372266915626824 ], [ 2682732.171860813163221, 2562967.21400188934058 ], [ 2682732.171860813163221, 2563044.057337999343872 ], [ 2682732.171860813163221, 2563120.900674108881503 ], [ 2682809.013954211957753, 2563197.744010218884796 ], [ 2682885.857648720964789, 2563274.585745192598552 ], [ 2682885.857648720964789, 2563351.429081302136183 ], [ 2682885.857648720964789, 2563428.272417412139475 ], [ 2682809.013954211957753, 2563428.272417412139475 ], [ 2682732.171860813163221, 2563428.272417412139475 ], [ 2682655.32976741483435, 2563505.114152385853231 ], [ 2682732.171860813163221, 2563581.957488495390862 ], [ 2682809.013954211957753, 2563581.957488495390862 ], [ 2682962.69974211929366, 2563658.800824605394155 ], [ 2682962.69974211929366, 2563735.644160715397447 ], [ 2682809.013954211957753, 2563812.485895688645542 ], [ 2682809.013954211957753, 2563966.172567908652127 ], [ 2682732.171860813163221, 2564043.015904018189758 ], [ 2682732.171860813163221, 2564119.857638991903514 ], [ 2682732.171860813163221, 2564196.700975101906806 ], [ 2682732.171860813163221, 2564273.544311211444438 ], [ 2682732.171860813163221, 2564350.386046185158193 ], [ 2682809.013954211957753, 2564350.386046185158193 ], [ 2682885.857648720964789, 2564427.229382295161486 ], [ 2682885.857648720964789, 2564504.072718404699117 ], [ 2682962.69974211929366, 2564427.229382295161486 ], [ 2683039.541835518088192, 2564427.229382295161486 ], [ 2683039.541835518088192, 2564504.072718404699117 ], [ 2682962.69974211929366, 2564504.072718404699117 ], [ 2682885.857648720964789, 2564580.91605451470241 ], [ 2682809.013954211957753, 2564504.072718404699117 ], [ 2682732.171860813163221, 2564504.072718404699117 ], [ 2682732.171860813163221, 2564580.91605451470241 ], [ 2682809.013954211957753, 2564657.757789488416165 ], [ 2682885.857648720964789, 2564580.91605451470241 ], [ 2682962.69974211929366, 2564657.757789488416165 ], [ 2682962.69974211929366, 2564734.601125597953796 ], [ 2682885.857648720964789, 2564811.444461707957089 ], [ 2682962.69974211929366, 2564888.287797817960382 ], [ 2683039.541835518088192, 2564888.287797817960382 ], [ 2683039.541835518088192, 2564965.129532791208476 ], [ 2683116.383928916417062, 2564965.129532791208476 ], [ 2683116.383928916417062, 2565041.972868901211768 ], [ 2683270.069716824218631, 2565118.816205011215061 ], [ 2683270.069716824218631, 2565195.659541121218354 ], [ 2683346.911810222547501, 2565195.659541121218354 ], [ 2683270.069716824218631, 2565041.972868901211768 ], [ 2683270.069716824218631, 2564965.129532791208476 ], [ 2683346.911810222547501, 2564965.129532791208476 ], [ 2683346.911810222547501, 2565041.972868901211768 ], [ 2683423.753903621342033, 2565118.816205011215061 ], [ 2683500.595997019670904, 2565118.816205011215061 ], [ 2683500.595997019670904, 2565195.659541121218354 ], [ 2683346.911810222547501, 2565272.501276094466448 ], [ 2683270.069716824218631, 2565272.501276094466448 ], [ 2683039.541835518088192, 2565195.659541121218354 ], [ 2682885.857648720964789, 2565195.659541121218354 ], [ 2682809.013954211957753, 2565195.659541121218354 ], [ 2681656.379351012408733, 2565349.34461220446974 ], [ 2681656.379351012408733, 2565426.187948314473033 ], [ 2681579.535656503401697, 2565426.187948314473033 ], [ 2681502.693563104607165, 2565426.187948314473033 ], [ 2680964.797308204229921, 2565503.029683287721127 ], [ 2679197.422755595296621, 2565118.816205011215061 ], [ 2678352.156525989994407, 2564965.129532791208476 ], [ 2676584.780372270382941, 2564580.91605451470241 ], [ 2676046.884117370005697, 2564504.072718404699117 ], [ 2675124.775794366374612, 2564273.544311211444438 ], [ 2674125.823776853270829, 2564043.015904018189758 ], [ 2673511.085428554099053, 2563889.329231798648834 ], [ 2673357.399640646763146, 2562890.372266915626824 ], [ 2672358.449224244337529, 2563044.057337999343872 ], [ 2672204.765037447214127, 2562121.942108089569956 ], [ 2671820.552969343960285, 2562198.785444199573249 ], [ 2671666.867181436158717, 2562198.785444199573249 ], [ 2671513.182994639035314, 2561584.041957593522966 ], [ 2671666.867181436158717, 2561507.198621483519673 ], [ 2671590.025088037829846, 2561507.198621483519673 ], [ 2671513.182994639035314, 2561507.198621483519673 ], [ 2671513.182994639035314, 2561430.356886509805918 ], [ 2671359.498807841911912, 2561430.356886509805918 ], [ 2671282.655113332904875, 2561430.356886509805918 ], [ 2671205.813019934576005, 2561430.356886509805918 ], [ 2671128.970926535781473, 2561430.356886509805918 ], [ 2671052.128833136986941, 2561430.356886509805918 ], [ 2670898.443045229651034, 2561353.513550400268286 ], [ 2670821.600951830856502, 2561353.513550400268286 ], [ 2670744.758858432527632, 2561353.513550400268286 ], [ 2670591.074671635404229, 2561507.198621483519673 ], [ 2670514.232578236609697, 2561507.198621483519673 ], [ 2670514.232578236609697, 2561430.356886509805918 ], [ 2670437.388883727602661, 2561353.513550400268286 ], [ 2670283.704696930479258, 2561199.826878180261701 ], [ 2670283.704696930479258, 2561122.985143207013607 ], [ 2670206.862603532150388, 2561122.985143207013607 ], [ 2670130.020510133355856, 2561122.985143207013607 ], [ 2670130.020510133355856, 2561046.141807097010314 ], [ 2670053.176815624348819, 2561046.141807097010314 ], [ 2669976.334722226019949, 2561046.141807097010314 ], [ 2669899.492628827225417, 2561046.141807097010314 ], [ 2669822.650535428430885, 2561046.141807097010314 ], [ 2669745.808442030102015, 2561122.985143207013607 ], [ 2669745.808442030102015, 2561046.141807097010314 ], [ 2669668.964747521094978, 2561046.141807097010314 ], [ 2669592.122654122300446, 2560969.298470987007022 ], [ 2669592.122654122300446, 2560892.456736013758928 ], [ 2669515.280560723971575, 2560738.770063793752342 ], [ 2669515.280560723971575, 2560661.926727684214711 ], [ 2669515.280560723971575, 2560585.084992710500956 ], [ 2669438.438467325177044, 2560585.084992710500956 ], [ 2669438.438467325177044, 2560508.241656600497663 ], [ 2669284.754280528053641, 2560200.869913297705352 ], [ 2669207.910586019046605, 2560124.02657718770206 ], [ 2669131.068492620717734, 2559970.341506104450673 ], [ 2669054.226399221923202, 2559893.49816999444738 ], [ 2669054.226399221923202, 2559816.654833884444088 ], [ 2669054.226399221923202, 2559739.813098911195993 ], [ 2668977.384305823594332, 2559739.813098911195993 ], [ 2668900.5422124247998, 2559509.283090581186116 ], [ 2668746.856424517463893, 2559201.911347278393805 ], [ 2668746.856424517463893, 2559125.069612304680049 ], [ 2668670.014331118669361, 2559048.226276194676757 ], [ 2668670.014331118669361, 2558971.382940085139126 ], [ 2668670.014331118669361, 2558894.54120511142537 ], [ 2668132.118076218292117, 2558971.382940085139126 ], [ 2667133.166058705188334, 2559125.069612304680049 ], [ 2667517.378126808907837, 2559970.341506104450673 ], [ 2666902.639778509736061, 2560124.02657718770206 ], [ 2666287.899829100351781, 2560200.869913297705352 ], [ 2666057.373548904433846, 2560200.869913297705352 ], [ 2665980.531455505639315, 2559893.49816999444738 ], [ 2665903.687760996632278, 2559278.754683387931436 ], [ 2665442.633599495049566, 2559355.598019497934729 ], [ 2665058.421531391795725, 2559432.441355607938021 ], [ 2664597.367369889747351, 2559432.441355607938021 ], [ 2664366.841089693829417, 2559432.441355607938021 ], [ 2663444.731165579520166, 2559586.126426691189408 ], [ 2663367.889072181191295, 2559586.126426691189408 ], [ 2662676.307029373012483, 2559662.969762801192701 ], [ 2662215.25286787096411, 2559739.813098911195993 ], [ 2661677.356612970586866, 2559893.49816999444738 ], [ 2661600.514519572257996, 2559893.49816999444738 ], [ 2661600.514519572257996, 2559816.654833884444088 ], [ 2661600.514519572257996, 2559662.969762801192701 ], [ 2661677.356612970586866, 2559662.969762801192701 ], [ 2661677.356612970586866, 2559586.126426691189408 ], [ 2661600.514519572257996, 2559586.126426691189408 ], [ 2661677.356612970586866, 2559509.283090581186116 ], [ 2661677.356612970586866, 2559432.441355607938021 ], [ 2661677.356612970586866, 2559355.598019497934729 ], [ 2660294.194128464907408, 2559201.911347278393805 ], [ 2657988.921719844918698, 2558971.382940085139126 ], [ 2656375.231354033108801, 2558817.697869001422077 ], [ 2654838.383081620093435, 2558587.169461808167398 ], [ 2654684.698894822970033, 2558587.169461808167398 ], [ 2654684.698894822970033, 2560508.241656600497663 ], [ 2654684.698894822970033, 2563120.900674108881503 ], [ 2654454.171013516373932, 2563120.900674108881503 ], [ 2653916.274758615996689, 2563197.744010218884796 ], [ 2653762.590571818873286, 2563274.585745192598552 ], [ 2653224.694316918496042, 2563351.429081302136183 ], [ 2652840.482248815242201, 2563428.272417412139475 ], [ 2652379.426486202981323, 2563505.114152385853231 ], [ 2652379.426486202981323, 2563581.957488495390862 ], [ 2652379.426486202981323, 2563658.800824605394155 ], [ 2652302.584392804186791, 2563735.644160715397447 ], [ 2652225.742299405857921, 2563735.644160715397447 ], [ 2652148.900206007063389, 2563735.644160715397447 ], [ 2652072.058112608268857, 2563735.644160715397447 ], [ 2652072.058112608268857, 2563812.485895688645542 ], [ 2652072.058112608268857, 2563735.644160715397447 ], [ 2652072.058112608268857, 2563581.957488495390862 ], [ 2651841.530231302138418, 2563505.114152385853231 ], [ 2651918.37232470093295, 2563274.585745192598552 ], [ 2651457.318163198884577, 2563351.429081302136183 ], [ 2651380.476069800555706, 2562813.528930806089193 ], [ 2650919.421908298507333, 2563120.900674108881503 ], [ 2650919.421908298507333, 2563274.585745192598552 ], [ 2650612.051933593582362, 2563351.429081302136183 ], [ 2650227.839865490328521, 2563428.272417412139475 ], [ 2650304.681958889123052, 2563889.329231798648834 ], [ 2650227.839865490328521, 2563889.329231798648834 ], [ 2650150.99777209199965, 2563889.329231798648834 ], [ 2650074.155678693205118, 2563889.329231798648834 ], [ 2649843.627797387074679, 2564043.015904018189758 ], [ 2649689.943610589951277, 2564119.857638991903514 ], [ 2649613.101517191622406, 2564196.700975101906806 ], [ 2649459.415729283820838, 2564273.544311211444438 ], [ 2648767.835287586320192, 2564196.700975101906806 ], [ 2648767.835287586320192, 2564119.857638991903514 ], [ 2648460.465312881395221, 2564196.700975101906806 ], [ 2648460.465312881395221, 2564427.229382295161486 ], [ 2648229.937431575264782, 2564427.229382295161486 ], [ 2648153.09533817647025, 2564427.229382295161486 ], [ 2647768.883270073216408, 2564504.072718404699117 ], [ 2647615.199083276093006, 2564580.91605451470241 ], [ 2647538.356989877764136, 2564580.91605451470241 ], [ 2647384.671201969962567, 2564657.757789488416165 ], [ 2647307.829108571633697, 2564657.757789488416165 ], [ 2647384.671201969962567, 2565041.972868901211768 ], [ 2647384.671201969962567, 2565118.816205011215061 ], [ 2647230.987015172839165, 2565041.972868901211768 ], [ 2647154.144921774510294, 2564965.129532791208476 ], [ 2647077.302828375715762, 2564965.129532791208476 ], [ 2647000.459133866708726, 2564965.129532791208476 ], [ 2646923.617040467914194, 2564965.129532791208476 ], [ 2646769.932853670790792, 2564965.129532791208476 ], [ 2646693.090760272461921, 2564965.129532791208476 ], [ 2646616.247065763454884, 2564965.129532791208476 ], [ 2646539.404972364660352, 2564965.129532791208476 ], [ 2646232.036598770413548, 2564888.287797817960382 ], [ 2646078.350810863077641, 2564965.129532791208476 ], [ 2645002.558301061857492, 2565733.559691617265344 ], [ 2645002.558301061857492, 2565810.401426590979099 ], [ 2644618.34623295860365, 2565733.559691617265344 ], [ 2644618.34623295860365, 2566117.773169894237071 ], [ 2644541.502538449596614, 2566117.773169894237071 ], [ 2644541.502538449596614, 2566194.616506003774703 ], [ 2644618.34623295860365, 2566194.616506003774703 ], [ 2644772.030419755727053, 2567424.103479216340929 ], [ 2644541.502538449596614, 2567424.103479216340929 ], [ 2644464.660445050802082, 2567424.103479216340929 ], [ 2644234.134164855349809, 2567424.103479216340929 ], [ 2644003.60628354921937, 2567424.103479216340929 ], [ 2643926.764190150424838, 2567424.103479216340929 ], [ 2643926.764190150424838, 2567500.945214190054685 ], [ 2644003.60628354921937, 2567500.945214190054685 ], [ 2644003.60628354921937, 2567577.788550299592316 ], [ 2644080.44837694754824, 2567577.788550299592316 ], [ 2644157.290470346342772, 2567577.788550299592316 ], [ 2644157.290470346342772, 2567654.631886409595609 ], [ 2644157.290470346342772, 2567731.475222519598901 ], [ 2644157.290470346342772, 2567808.316957492846996 ], [ 2644234.134164855349809, 2567885.160293602850288 ], [ 2644310.976258253678679, 2567962.003629712853581 ], [ 2644310.976258253678679, 2568038.846965822856873 ], [ 2644387.818351652473211, 2568038.846965822856873 ], [ 2644464.660445050802082, 2568115.688700796104968 ], [ 2644464.660445050802082, 2568192.53203690610826 ], [ 2644541.502538449596614, 2568192.53203690610826 ], [ 2644541.502538449596614, 2568269.375373016111553 ], [ 2644618.34623295860365, 2568269.375373016111553 ], [ 2644695.188326357398182, 2568346.218709125649184 ], [ 2644695.188326357398182, 2568423.06044409936294 ], [ 2644772.030419755727053, 2568423.06044409936294 ], [ 2644772.030419755727053, 2568499.903780209366232 ], [ 2644695.188326357398182, 2568499.903780209366232 ], [ 2644695.188326357398182, 2568576.747116318903863 ], [ 2644618.34623295860365, 2568653.588851292617619 ], [ 2644618.34623295860365, 2568807.275523512158543 ], [ 2644618.34623295860365, 2568884.118859622161835 ], [ 2644541.502538449596614, 2568960.960594595875591 ], [ 2644541.502538449596614, 2569037.803930705413222 ], [ 2644618.34623295860365, 2569037.803930705413222 ], [ 2644695.188326357398182, 2569191.490602925419807 ], [ 2644772.030419755727053, 2569268.332337898667902 ], [ 2644772.030419755727053, 2569345.175674008671194 ], [ 2644772.030419755727053, 2569422.019010118674487 ], [ 2644848.872513154521585, 2569422.019010118674487 ], [ 2644848.872513154521585, 2569498.862346228212118 ], [ 2644848.872513154521585, 2569575.704081201925874 ], [ 2644925.714606552850455, 2569575.704081201925874 ], [ 2645002.558301061857492, 2569652.547417311929166 ], [ 2645079.400394460652024, 2569729.390753421466798 ], [ 2645079.400394460652024, 2569806.232488395180553 ], [ 2645079.400394460652024, 2569883.075824505183846 ], [ 2645156.242487858980894, 2569959.919160614721477 ], [ 2645079.400394460652024, 2569959.919160614721477 ], [ 2645002.558301061857492, 2569959.919160614721477 ], [ 2644925.714606552850455, 2569959.919160614721477 ], [ 2644848.872513154521585, 2570036.76249672472477 ], [ 2644848.872513154521585, 2570113.604231698438525 ], [ 2644925.714606552850455, 2570113.604231698438525 ], [ 2645002.558301061857492, 2570190.447567807976156 ], [ 2645079.400394460652024, 2570267.290903917979449 ], [ 2645079.400394460652024, 2570344.134240027982742 ], [ 2645079.400394460652024, 2570497.819311111234128 ], [ 2645156.242487858980894, 2570651.504382194485515 ], [ 2645386.768768054898828, 2570651.504382194485515 ], [ 2645770.98083615815267, 2572188.363098710309714 ], [ 2645770.98083615815267, 2572265.206434820313007 ], [ 2645386.768768054898828, 2572342.049770929850638 ], [ 2645617.296649361029267, 2573264.163399702869356 ], [ 2645694.138742759358138, 2573494.693408032879233 ], [ 2645617.296649361029267, 2573494.693408032879233 ], [ 2645617.296649361029267, 2573648.37847911613062 ], [ 2645770.98083615815267, 2573648.37847911613062 ], [ 2645924.666624065954238, 2573725.221815226133913 ], [ 2646001.508717464283109, 2574032.593558528926224 ], [ 2646001.508717464283109, 2574109.435293502639979 ], [ 2646001.508717464283109, 2574186.278629612643272 ], [ 2646155.192904261406511, 2574877.865452328696847 ], [ 2646232.036598770413548, 2575185.237195631489158 ], [ 2646308.87869216920808, 2575262.078930605202913 ], [ 2646539.404972364660352, 2575338.922266715206206 ], [ 2646539.404972364660352, 2575492.60893893474713 ], [ 2646539.404972364660352, 2575569.450673908460885 ], [ 2646616.247065763454884, 2575723.137346128001809 ], [ 2646616.247065763454884, 2575799.980682238005102 ], [ 2646693.090760272461921, 2575799.980682238005102 ], [ 2646769.932853670790792, 2575799.980682238005102 ], [ 2646769.932853670790792, 2575876.822417211253196 ], [ 2646769.932853670790792, 2575953.665753321256489 ], [ 2646846.774947069585323, 2575953.665753321256489 ], [ 2646846.774947069585323, 2576030.509089431259781 ], [ 2646769.932853670790792, 2576107.350824404507875 ], [ 2646693.090760272461921, 2576184.194160514511168 ], [ 2646693.090760272461921, 2576261.037496624514461 ], [ 2646616.247065763454884, 2576261.037496624514461 ], [ 2646539.404972364660352, 2576261.037496624514461 ], [ 2646462.562878966331482, 2576261.037496624514461 ], [ 2646385.72078556753695, 2576261.037496624514461 ], [ 2646308.87869216920808, 2576337.880832734517753 ], [ 2646232.036598770413548, 2576337.880832734517753 ], [ 2646155.192904261406511, 2576337.880832734517753 ], [ 2646078.350810863077641, 2576337.880832734517753 ], [ 2646001.508717464283109, 2576337.880832734517753 ], [ 2646001.508717464283109, 2576414.722567707765847 ], [ 2645924.666624065954238, 2576414.722567707765847 ], [ 2645847.824530667159706, 2576414.722567707765847 ], [ 2645847.824530667159706, 2576337.880832734517753 ], [ 2645770.98083615815267, 2576337.880832734517753 ], [ 2645694.138742759358138, 2576337.880832734517753 ], [ 2645694.138742759358138, 2576261.037496624514461 ], [ 2645617.296649361029267, 2576261.037496624514461 ], [ 2645617.296649361029267, 2576184.194160514511168 ], [ 2645617.296649361029267, 2576107.350824404507875 ], [ 2645540.454555962234735, 2576030.509089431259781 ], [ 2645540.454555962234735, 2575953.665753321256489 ], [ 2645540.454555962234735, 2575876.822417211253196 ], [ 2645463.612462563905865, 2575799.980682238005102 ], [ 2645386.768768054898828, 2575646.294010017998517 ], [ 2645386.768768054898828, 2575569.450673908460885 ], [ 2645386.768768054898828, 2575492.60893893474713 ], [ 2645309.926674656104296, 2575492.60893893474713 ], [ 2645233.084581257775426, 2575415.765602824743837 ], [ 2645156.242487858980894, 2575415.765602824743837 ], [ 2645079.400394460652024, 2575415.765602824743837 ], [ 2645002.558301061857492, 2575415.765602824743837 ], [ 2644925.714606552850455, 2575415.765602824743837 ], [ 2644848.872513154521585, 2575415.765602824743837 ], [ 2644695.188326357398182, 2575492.60893893474713 ], [ 2644464.660445050802082, 2575492.60893893474713 ], [ 2644387.818351652473211, 2575569.450673908460885 ], [ 2644310.976258253678679, 2575569.450673908460885 ], [ 2644234.134164855349809, 2575492.60893893474713 ], [ 2644157.290470346342772, 2575492.60893893474713 ], [ 2644080.44837694754824, 2575415.765602824743837 ], [ 2644003.60628354921937, 2575415.765602824743837 ], [ 2643926.764190150424838, 2575338.922266715206206 ], [ 2643849.922096752095968, 2575338.922266715206206 ], [ 2643773.080003353301436, 2575338.922266715206206 ], [ 2643696.236308844294399, 2575262.078930605202913 ], [ 2643619.394215445965528, 2575262.078930605202913 ], [ 2643542.552122047170997, 2575262.078930605202913 ], [ 2643465.710028648842126, 2575262.078930605202913 ], [ 2643388.867935250047594, 2575185.237195631489158 ], [ 2643312.024240741040558, 2575185.237195631489158 ], [ 2643235.182147342711687, 2575185.237195631489158 ], [ 2643235.182147342711687, 2575108.393859521951526 ], [ 2643158.340053943917155, 2575108.393859521951526 ], [ 2643158.340053943917155, 2575031.550523411948234 ], [ 2643081.497960545122623, 2575031.550523411948234 ], [ 2643081.497960545122623, 2574954.707187301944941 ], [ 2643081.497960545122623, 2574877.865452328696847 ], [ 2643004.655867146793753, 2574877.865452328696847 ], [ 2643004.655867146793753, 2574801.022116218693554 ], [ 2642927.812172637786716, 2574801.022116218693554 ], [ 2642927.812172637786716, 2574724.178780108690262 ], [ 2642850.970079238992184, 2574724.178780108690262 ], [ 2642850.970079238992184, 2574647.337045135442168 ], [ 2642774.127985840663314, 2574647.337045135442168 ], [ 2642697.285892441868782, 2574647.337045135442168 ], [ 2642620.443799043539912, 2574647.337045135442168 ], [ 2642620.443799043539912, 2574570.493709025438875 ], [ 2642543.60170564474538, 2574570.493709025438875 ], [ 2642466.758011135738343, 2574570.493709025438875 ], [ 2642389.915917737409472, 2574570.493709025438875 ], [ 2642236.23173094028607, 2574647.337045135442168 ], [ 2642159.389637541491538, 2574647.337045135442168 ], [ 2642082.545943032484502, 2574570.493709025438875 ], [ 2642005.703849634155631, 2574570.493709025438875 ], [ 2641928.861756235361099, 2574570.493709025438875 ], [ 2641852.019662836566567, 2574493.650372915435582 ], [ 2641775.177569438237697, 2574493.650372915435582 ], [ 2641698.33387492923066, 2574493.650372915435582 ], [ 2641621.491781530436128, 2574416.807036805897951 ], [ 2641544.649688132107258, 2574416.807036805897951 ], [ 2641544.649688132107258, 2574339.965301832184196 ], [ 2641467.807594733312726, 2574263.121965722180903 ], [ 2641390.965501334983855, 2574186.278629612643272 ], [ 2641314.123407936189324, 2574109.435293502639979 ], [ 2641237.279713427182287, 2574032.593558528926224 ], [ 2641237.279713427182287, 2573955.750222419388592 ], [ 2641160.437620028853416, 2573878.9068863093853 ], [ 2641160.437620028853416, 2573802.063550199382007 ], [ 2641083.595526630058885, 2573725.221815226133913 ], [ 2641006.753433231730014, 2573648.37847911613062 ], [ 2640929.911339832935482, 2573648.37847911613062 ], [ 2640929.911339832935482, 2573571.535143006127328 ], [ 2640853.067645323928446, 2573571.535143006127328 ], [ 2640699.383458526805043, 2573648.37847911613062 ], [ 2640622.541365128010511, 2573571.535143006127328 ], [ 2640545.699271729681641, 2573571.535143006127328 ], [ 2640392.013483821880072, 2573571.535143006127328 ], [ 2640315.171390423551202, 2573571.535143006127328 ], [ 2640238.32929702475667, 2573571.535143006127328 ], [ 2640238.32929702475667, 2573648.37847911613062 ], [ 2640161.487203626427799, 2573648.37847911613062 ], [ 2640161.487203626427799, 2573725.221815226133913 ], [ 2640084.643509117420763, 2573725.221815226133913 ], [ 2640084.643509117420763, 2573648.37847911613062 ], [ 2640007.801415718626231, 2573648.37847911613062 ], [ 2640007.801415718626231, 2573571.535143006127328 ], [ 2639930.95932232029736, 2573571.535143006127328 ], [ 2639930.95932232029736, 2573494.693408032879233 ], [ 2640161.487203626427799, 2575108.393859521951526 ], [ 2640468.855577220674604, 2577259.994461507536471 ], [ 2640545.699271729681641, 2577413.681133727077395 ], [ 2640699.383458526805043, 2578335.796363636385649 ], [ 2640699.383458526805043, 2578489.481434719637036 ], [ 2640699.383458526805043, 2578566.324770829640329 ], [ 2640776.225551925599575, 2579027.381585216149688 ], [ 2640853.067645323928446, 2579411.596664629410952 ], [ 2640853.067645323928446, 2579488.440000738948584 ], [ 2640929.911339832935482, 2579949.496815125457942 ], [ 2641006.753433231730014, 2580026.340151235461235 ], [ 2641006.753433231730014, 2580103.181886209174991 ], [ 2641006.753433231730014, 2580180.025222318712622 ], [ 2641006.753433231730014, 2580256.868558428715914 ], [ 2641006.753433231730014, 2580333.711894538719207 ], [ 2641006.753433231730014, 2580410.553629511967301 ], [ 2641006.753433231730014, 2580487.396965621970594 ], [ 2641083.595526630058885, 2580487.396965621970594 ], [ 2641083.595526630058885, 2580564.240301731973886 ], [ 2641160.437620028853416, 2580641.083637841511518 ], [ 2641160.437620028853416, 2580717.925372815225273 ], [ 2641160.437620028853416, 2580794.768708925228566 ], [ 2641160.437620028853416, 2580871.612045034766197 ], [ 2641160.437620028853416, 2580948.45538114476949 ], [ 2641160.437620028853416, 2581025.297116118483245 ], [ 2641160.437620028853416, 2581102.140452228020877 ], [ 2641160.437620028853416, 2581178.983788338024169 ], [ 2641160.437620028853416, 2581255.825523311737925 ], [ 2641237.279713427182287, 2581255.825523311737925 ], [ 2641160.437620028853416, 2581255.825523311737925 ], [ 2641160.437620028853416, 2581332.668859421275556 ], [ 2641160.437620028853416, 2581409.512195531278849 ], [ 2641237.279713427182287, 2581409.512195531278849 ], [ 2641237.279713427182287, 2581486.355531641282141 ], [ 2641237.279713427182287, 2581563.197266614530236 ], [ 2641237.279713427182287, 2581640.040602724533528 ], [ 2641160.437620028853416, 2581640.040602724533528 ], [ 2641160.437620028853416, 2581716.883938834536821 ], [ 2641083.595526630058885, 2581716.883938834536821 ], [ 2641006.753433231730014, 2581716.883938834536821 ], [ 2640929.911339832935482, 2581716.883938834536821 ], [ 2640853.067645323928446, 2581716.883938834536821 ], [ 2640776.225551925599575, 2581716.883938834536821 ], [ 2640776.225551925599575, 2581793.727274944540113 ], [ 2640699.383458526805043, 2581793.727274944540113 ], [ 2640622.541365128010511, 2581793.727274944540113 ] ] } },
{ "type": "Feature", "properties": { }, "geometry": { "type": "LineString", "coordinates": [ [ 2640622.541365128010511, 2581793.727274944540113 ], [ 2640545.699271729681641, 2581793.727274944540113 ], [ 2640468.855577220674604, 2581793.727274944540113 ], [ 2637856.21479500643909, 2582177.94075322104618 ], [ 2637625.686913700308651, 2582254.784089331049472 ], [ 2637010.948565401136875, 2582331.627425440587103 ], [ 2635935.154454489704221, 2582485.312496524304152 ], [ 2636088.84024239750579, 2582715.840903717558831 ], [ 2636165.682335795834661, 2582715.840903717558831 ], [ 2636242.524429194629192, 2582946.370912047103047 ], [ 2636396.208615991752595, 2583100.055983130354434 ], [ 2636396.208615991752595, 2583176.899319240357727 ], [ 2636549.894403899088502, 2583407.427726433612406 ], [ 2636780.420684095006436, 2583791.64280584640801 ], [ 2636857.264378604013473, 2583868.484540820121765 ], [ 2636934.106472002808005, 2583945.327876929659396 ], [ 2637010.948565401136875, 2583945.327876929659396 ], [ 2637087.790658799931407, 2584022.171213039662689 ], [ 2637164.632752198260278, 2584022.171213039662689 ], [ 2637241.476446707267314, 2584022.171213039662689 ], [ 2637318.318540106061846, 2584022.171213039662689 ], [ 2637395.160633504390717, 2584022.171213039662689 ], [ 2637472.002726903185248, 2584022.171213039662689 ], [ 2637548.844820301514119, 2584022.171213039662689 ], [ 2637625.686913700308651, 2584022.171213039662689 ], [ 2637702.530608209315687, 2584099.014549149665982 ], [ 2637779.372701607644558, 2584099.014549149665982 ], [ 2637856.21479500643909, 2584099.014549149665982 ], [ 2637933.05688840476796, 2584175.856284122914076 ], [ 2637933.05688840476796, 2584252.699620232917368 ], [ 2638009.898981803562492, 2584252.699620232917368 ], [ 2638009.898981803562492, 2584329.542956342920661 ], [ 2638009.898981803562492, 2584406.384691316168755 ], [ 2638009.898981803562492, 2584483.228027426172048 ], [ 2638086.742676312569529, 2584483.228027426172048 ], [ 2638009.898981803562492, 2584560.07136353617534 ], [ 2638009.898981803562492, 2584636.914699646178633 ], [ 2637933.05688840476796, 2584713.756434619426727 ], [ 2637856.21479500643909, 2584790.59977072943002 ], [ 2637779.372701607644558, 2585021.128177922684699 ], [ 2637702.530608209315687, 2585174.814850142225623 ], [ 2637625.686913700308651, 2585251.656585115939379 ], [ 2637625.686913700308651, 2585328.499921225942671 ], [ 2637548.844820301514119, 2585405.343257335480303 ], [ 2637548.844820301514119, 2585482.186593445483595 ], [ 2637472.002726903185248, 2585559.028328419197351 ], [ 2637395.160633504390717, 2585635.871664528734982 ], [ 2637395.160633504390717, 2585712.715000638738275 ], [ 2637318.318540106061846, 2585712.715000638738275 ], [ 2637241.476446707267314, 2585866.400071721989661 ], [ 2637164.632752198260278, 2585943.243407831992954 ], [ 2637164.632752198260278, 2586020.086743941996247 ], [ 2637241.476446707267314, 2586250.615151135250926 ], [ 2637241.476446707267314, 2586327.458487244788557 ], [ 2637318.318540106061846, 2586557.986894438043237 ], [ 2637395.160633504390717, 2586711.671965521760285 ], [ 2637395.160633504390717, 2586788.515301631297916 ], [ 2637395.160633504390717, 2587019.043708824552596 ], [ 2637395.160633504390717, 2587095.887044934555888 ], [ 2637472.002726903185248, 2587249.573717154562473 ], [ 2637472.002726903185248, 2587326.415452127810568 ], [ 2637548.844820301514119, 2587480.102124347817153 ], [ 2637548.844820301514119, 2587556.943859321065247 ], [ 2637548.844820301514119, 2587633.78719543106854 ], [ 2637472.002726903185248, 2587710.630531541071832 ], [ 2637472.002726903185248, 2587864.315602624323219 ], [ 2637472.002726903185248, 2587941.158938734326512 ], [ 2637548.844820301514119, 2588248.530682037118822 ], [ 2637625.686913700308651, 2588402.215753120835871 ], [ 2637625.686913700308651, 2588632.745761450380087 ], [ 2637625.686913700308651, 2588709.587496423628181 ], [ 2637702.530608209315687, 2589093.802575836889446 ], [ 2637779.372701607644558, 2589170.645911946427077 ], [ 2637856.21479500643909, 2589170.645911946427077 ], [ 2637933.05688840476796, 2589170.645911946427077 ], [ 2638086.742676312569529, 2589170.645911946427077 ], [ 2638086.742676312569529, 2589093.802575836889446 ], [ 2638163.584769710898399, 2589093.802575836889446 ], [ 2638240.426863109692931, 2589170.645911946427077 ], [ 2638317.268956508487463, 2589170.645911946427077 ], [ 2638470.95474441582337, 2589247.48924805643037 ], [ 2638547.796837814617902, 2589478.017655249685049 ], [ 2637779.372701607644558, 2589631.702726332936436 ], [ 2637856.21479500643909, 2589939.074469636194408 ], [ 2636934.106472002808005, 2590169.602876829449087 ], [ 2636934.106472002808005, 2590400.132885158993304 ], [ 2637010.948565401136875, 2590861.189699545502663 ], [ 2636934.106472002808005, 2590861.189699545502663 ], [ 2636780.420684095006436, 2590861.189699545502663 ], [ 2636626.736497297883034, 2590861.189699545502663 ], [ 2636242.524429194629192, 2590938.033035655505955 ], [ 2636165.682335795834661, 2590938.033035655505955 ], [ 2636088.84024239750579, 2590938.033035655505955 ], [ 2636088.84024239750579, 2591014.874770629219711 ], [ 2636011.998148998711258, 2591014.874770629219711 ], [ 2636011.998148998711258, 2591091.718106738757342 ], [ 2635935.154454489704221, 2591091.718106738757342 ], [ 2635858.312361091375351, 2591091.718106738757342 ], [ 2635858.312361091375351, 2591168.561442848760635 ], [ 2635089.888224884402007, 2590938.033035655505955 ], [ 2635474.100292987655848, 2591091.718106738757342 ], [ 2635858.312361091375351, 2591168.561442848760635 ], [ 2636011.998148998711258, 2591245.404778958763927 ], [ 2636088.84024239750579, 2591245.404778958763927 ], [ 2636242.524429194629192, 2591322.246513932012022 ], [ 2636319.366522592958063, 2591322.246513932012022 ], [ 2636319.366522592958063, 2591399.089850042015314 ], [ 2636396.208615991752595, 2591399.089850042015314 ], [ 2636473.052310500759631, 2591399.089850042015314 ], [ 2636549.894403899088502, 2591399.089850042015314 ], [ 2636857.264378604013473, 2591399.089850042015314 ], [ 2636934.106472002808005, 2591399.089850042015314 ], [ 2637010.948565401136875, 2591399.089850042015314 ], [ 2637164.632752198260278, 2591399.089850042015314 ], [ 2637241.476446707267314, 2591399.089850042015314 ], [ 2637318.318540106061846, 2591399.089850042015314 ], [ 2637395.160633504390717, 2591399.089850042015314 ], [ 2637548.844820301514119, 2591399.089850042015314 ], [ 2638701.481024611741304, 2591399.089850042015314 ], [ 2638778.323118010070175, 2591399.089850042015314 ], [ 2638855.165211408864707, 2591399.089850042015314 ], [ 2639239.377279512118548, 2591475.933186152018607 ], [ 2639546.747254217043519, 2591475.933186152018607 ], [ 2639623.58934761537239, 2591475.933186152018607 ], [ 2640315.171390423551202, 2591552.774921125266701 ], [ 2640392.013483821880072, 2591552.774921125266701 ], [ 2640468.855577220674604, 2591552.774921125266701 ], [ 2640545.699271729681641, 2591552.774921125266701 ], [ 2640622.541365128010511, 2591552.774921125266701 ], [ 2640699.383458526805043, 2591552.774921125266701 ], [ 2640853.067645323928446, 2591475.933186152018607 ], [ 2641006.753433231730014, 2591475.933186152018607 ], [ 2641237.279713427182287, 2591399.089850042015314 ], [ 2642236.23173094028607, 2591245.404778958763927 ], [ 2642389.915917737409472, 2591245.404778958763927 ], [ 2642466.758011135738343, 2591168.561442848760635 ], [ 2642543.60170564474538, 2591168.561442848760635 ], [ 2642620.443799043539912, 2591168.561442848760635 ], [ 2642697.285892441868782, 2591168.561442848760635 ], [ 2642850.970079238992184, 2591168.561442848760635 ], [ 2642927.812172637786716, 2591168.561442848760635 ], [ 2643004.655867146793753, 2591245.404778958763927 ], [ 2643158.340053943917155, 2591245.404778958763927 ], [ 2643235.182147342711687, 2591245.404778958763927 ], [ 2643312.024240741040558, 2591322.246513932012022 ], [ 2643388.867935250047594, 2591322.246513932012022 ], [ 2643465.710028648842126, 2591399.089850042015314 ], [ 2643542.552122047170997, 2591399.089850042015314 ], [ 2643773.080003353301436, 2591552.774921125266701 ], [ 2644003.60628354921937, 2591706.461593345273286 ], [ 2644157.290470346342772, 2591783.304929454810917 ], [ 2644234.134164855349809, 2591783.304929454810917 ], [ 2644310.976258253678679, 2591860.146664428524673 ], [ 2644387.818351652473211, 2591860.146664428524673 ], [ 2644541.502538449596614, 2591936.990000538527966 ], [ 2644618.34623295860365, 2591936.990000538527966 ], [ 2645002.558301061857492, 2592013.833336648065597 ], [ 2645079.400394460652024, 2592013.833336648065597 ], [ 2645156.242487858980894, 2592090.676672758068889 ], [ 2645309.926674656104296, 2592090.676672758068889 ], [ 2645386.768768054898828, 2592090.676672758068889 ], [ 2645463.612462563905865, 2592167.518407731782645 ], [ 2645617.296649361029267, 2592167.518407731782645 ], [ 2645694.138742759358138, 2592167.518407731782645 ], [ 2645770.98083615815267, 2592244.361743841320276 ], [ 2645847.824530667159706, 2592244.361743841320276 ], [ 2645924.666624065954238, 2592321.205079951323569 ], [ 2646078.350810863077641, 2592398.048416061326861 ], [ 2646155.192904261406511, 2592474.890151034574956 ], [ 2646539.404972364660352, 2592782.261894337832928 ], [ 2646693.090760272461921, 2592859.10523044783622 ], [ 2646846.774947069585323, 2592935.948566557839513 ], [ 2647154.144921774510294, 2593166.476973751094192 ], [ 2647230.987015172839165, 2593166.476973751094192 ], [ 2647230.987015172839165, 2593243.320309860631824 ], [ 2647307.829108571633697, 2593243.320309860631824 ], [ 2647384.671201969962567, 2593320.162044834345579 ], [ 2647461.513295368757099, 2593320.162044834345579 ], [ 2647538.356989877764136, 2593397.005380944348872 ], [ 2647615.199083276093006, 2593473.848717053886503 ], [ 2647692.041176674887538, 2593550.692053163889796 ], [ 2647768.883270073216408, 2593627.533788137603551 ], [ 2647768.883270073216408, 2593704.377124247141182 ], [ 2647845.72536347201094, 2593704.377124247141182 ], [ 2647845.72536347201094, 2593781.220460357144475 ], [ 2647845.72536347201094, 2593858.062195330858231 ], [ 2647922.569057981017977, 2593934.905531440395862 ], [ 2648229.937431575264782, 2594626.492354156449437 ], [ 2648229.937431575264782, 2594703.334089130163193 ], [ 2648306.781126084271818, 2594780.177425240166485 ], [ 2648306.781126084271818, 2594857.020761349704117 ], [ 2648383.62321948306635, 2595318.077575736213475 ], [ 2648460.465312881395221, 2595394.920911846216768 ], [ 2648460.465312881395221, 2595471.764247956220061 ], [ 2648460.465312881395221, 2595548.607584066223353 ], [ 2648537.307406280189753, 2595548.607584066223353 ], [ 2648537.307406280189753, 2595625.449319039471447 ], [ 2648614.149499678518623, 2595702.29265514947474 ], [ 2648614.149499678518623, 2595779.135991259478033 ], [ 2648690.991593077313155, 2595855.977726232726127 ], [ 2648767.835287586320192, 2595932.821062342729419 ], [ 2648844.677380984649062, 2596009.664398452732712 ], [ 2648921.519474383443594, 2596009.664398452732712 ], [ 2649459.415729283820838, 2596393.879477865528315 ], [ 2649766.785703988745809, 2596624.407885058782995 ], [ 2649843.627797387074679, 2596701.251221168786287 ], [ 2649920.469890785869211, 2596701.251221168786287 ], [ 2649997.313585294876248, 2596854.936292252037674 ], [ 2650074.155678693205118, 2596931.779628362040967 ], [ 2650150.99777209199965, 2596931.779628362040967 ], [ 2650150.99777209199965, 2597008.621363335289061 ], [ 2650227.839865490328521, 2597008.621363335289061 ], [ 2650304.681958889123052, 2597085.464699445292354 ], [ 2650381.525653398130089, 2597162.308035555295646 ], [ 2650458.36774679645896, 2597162.308035555295646 ], [ 2650535.209840195253491, 2597239.151371664833277 ], [ 2650612.051933593582362, 2597315.993106638547033 ], [ 2650919.421908298507333, 2597392.836442748550326 ], [ 2650996.264001697301865, 2597469.679778858087957 ], [ 2651073.106095095630735, 2597546.523114968091249 ], [ 2651149.948188494425267, 2597546.523114968091249 ], [ 2651226.791883003432304, 2597623.364849941805005 ], [ 2651226.791883003432304, 2597700.208186051342636 ], [ 2651303.633976401761174, 2597700.208186051342636 ], [ 2651303.633976401761174, 2597777.051522161345929 ], [ 2651380.476069800555706, 2597853.893257135059685 ], [ 2651380.476069800555706, 2597930.736593244597316 ], [ 2651380.476069800555706, 2598007.579929354600608 ], [ 2651457.318163198884577, 2598084.423265464603901 ], [ 2651457.318163198884577, 2598161.265000437851995 ], [ 2651457.318163198884577, 2598238.108336547855288 ], [ 2651534.160256597679108, 2598314.95167265785858 ], [ 2651534.160256597679108, 2598391.795008767861873 ], [ 2651611.003951106686145, 2598468.636743741109967 ], [ 2651687.846044505015016, 2598545.48007985111326 ], [ 2651764.688137903809547, 2598622.323415961116552 ], [ 2651841.530231302138418, 2598699.166752070654184 ], [ 2651918.37232470093295, 2598699.166752070654184 ], [ 2651995.216019209939986, 2598776.008487044367939 ], [ 2652072.058112608268857, 2598776.008487044367939 ], [ 2652225.742299405857921, 2598852.851823154371232 ], [ 2652379.426486202981323, 2598852.851823154371232 ], [ 2652456.27018071198836, 2598929.695159263908863 ], [ 2652533.11227411031723, 2599006.536894237622619 ], [ 2652840.482248815242201, 2599083.380230347625911 ], [ 2653071.008529010694474, 2599237.066902567166835 ], [ 2653532.062690512742847, 2599390.751973650418222 ], [ 2653532.062690512742847, 2599313.908637540880591 ], [ 2653455.220597114413977, 2598776.008487044367939 ], [ 2653378.378503715619445, 2598238.108336547855288 ], [ 2653301.536410316824913, 2598007.579929354600608 ], [ 2653301.536410316824913, 2597930.736593244597316 ], [ 2653378.378503715619445, 2597930.736593244597316 ], [ 2653378.378503715619445, 2597853.893257135059685 ], [ 2653455.220597114413977, 2597853.893257135059685 ], [ 2653455.220597114413977, 2597777.051522161345929 ], [ 2653378.378503715619445, 2597777.051522161345929 ], [ 2653301.536410316824913, 2597777.051522161345929 ], [ 2653301.536410316824913, 2597700.208186051342636 ], [ 2653224.694316918496042, 2597700.208186051342636 ], [ 2653301.536410316824913, 2597700.208186051342636 ], [ 2653301.536410316824913, 2597623.364849941805005 ], [ 2653378.378503715619445, 2597623.364849941805005 ], [ 2653301.536410316824913, 2597546.523114968091249 ], [ 2653301.536410316824913, 2597469.679778858087957 ], [ 2653378.378503715619445, 2597469.679778858087957 ], [ 2653378.378503715619445, 2597239.151371664833277 ], [ 2653455.220597114413977, 2597162.308035555295646 ], [ 2653455.220597114413977, 2597008.621363335289061 ], [ 2653455.220597114413977, 2596778.092956142034382 ], [ 2653455.220597114413977, 2596547.564548948779702 ], [ 2653532.062690512742847, 2596086.507734562270343 ], [ 2653608.904783911537379, 2595932.821062342729419 ], [ 2653608.904783911537379, 2595855.977726232726127 ], [ 2653608.904783911537379, 2595625.449319039471447 ], [ 2654146.802639922127128, 2595702.29265514947474 ], [ 2654300.48682671925053, 2595702.29265514947474 ], [ 2654761.540988221298903, 2595779.135991259478033 ], [ 2654992.068869527429342, 2595779.135991259478033 ], [ 2655222.595149723347276, 2595855.977726232726127 ], [ 2655376.280937630683184, 2595855.977726232726127 ], [ 2655683.649311224929988, 2595855.977726232726127 ], [ 2655760.493005733937025, 2595932.821062342729419 ], [ 2655914.177192531060427, 2595932.821062342729419 ], [ 2655991.019285929854959, 2595932.821062342729419 ], [ 2656067.861379328649491, 2595932.821062342729419 ], [ 2656144.705073837656528, 2595932.821062342729419 ], [ 2656452.073447431903332, 2595855.977726232726127 ], [ 2656605.75923533923924, 2595779.135991259478033 ], [ 2656836.285515535157174, 2595779.135991259478033 ], [ 2657143.655490239616483, 2595702.29265514947474 ], [ 2657527.867558343335986, 2595548.607584066223353 ], [ 2657604.709651741664857, 2595548.607584066223353 ], [ 2657681.551745140459388, 2595548.607584066223353 ], [ 2657912.079626446589828, 2595471.764247956220061 ], [ 2658603.66166925476864, 2595318.077575736213475 ], [ 2658757.345856051892042, 2595241.235840762965381 ], [ 2659064.715830756351352, 2595164.392504652962089 ], [ 2659141.557924155145884, 2595164.392504652962089 ], [ 2659218.400017553474754, 2595164.392504652962089 ], [ 2659295.242110952269286, 2595241.235840762965381 ], [ 2659372.084204350598156, 2595241.235840762965381 ], [ 2659448.927898859605193, 2595241.235840762965381 ], [ 2659448.927898859605193, 2595318.077575736213475 ], [ 2659525.769992258399725, 2595318.077575736213475 ], [ 2659679.454179055523127, 2595241.235840762965381 ], [ 2659756.296272454317659, 2595318.077575736213475 ], [ 2659602.612085656728595, 2594242.277274743653834 ], [ 2659679.454179055523127, 2594242.277274743653834 ], [ 2659679.454179055523127, 2593934.905531440395862 ], [ 2660140.508340557571501, 2593858.062195330858231 ], [ 2660294.194128464907408, 2593781.220460357144475 ], [ 2660063.666247158776969, 2592244.361743841320276 ], [ 2660217.350433955900371, 2592167.518407731782645 ], [ 2660294.194128464907408, 2592090.676672758068889 ], [ 2660294.194128464907408, 2592013.833336648065597 ], [ 2660371.03622186370194, 2591936.990000538527966 ], [ 2660524.720408660825342, 2591783.304929454810917 ], [ 2660678.406196568161249, 2591552.774921125266701 ], [ 2660832.090383365284652, 2591552.774921125266701 ], [ 2660908.932476764079183, 2591399.089850042015314 ], [ 2660832.090383365284652, 2591322.246513932012022 ], [ 2660985.774570162408054, 2591168.561442848760635 ], [ 2661062.618264671880752, 2591091.718106738757342 ], [ 2661062.618264671880752, 2591014.874770629219711 ], [ 2661062.618264671880752, 2590938.033035655505955 ], [ 2660985.774570162408054, 2590861.189699545502663 ], [ 2660908.932476764079183, 2590784.346363435965031 ], [ 2660908.932476764079183, 2590707.503027325961739 ], [ 2660832.090383365284652, 2590630.661292352247983 ], [ 2660755.248289966955781, 2590630.661292352247983 ], [ 2660678.406196568161249, 2590553.817956242710352 ], [ 2660601.562502059154212, 2590476.974620132707059 ], [ 2660524.720408660825342, 2590476.974620132707059 ], [ 2660524.720408660825342, 2590400.132885158993304 ], [ 2660447.87831526203081, 2590400.132885158993304 ], [ 2660447.87831526203081, 2590323.289549049455673 ], [ 2660371.03622186370194, 2590246.44621293945238 ], [ 2660294.194128464907408, 2590169.602876829449087 ], [ 2660217.350433955900371, 2590092.761141856200993 ], [ 2660217.350433955900371, 2590015.917805746197701 ], [ 2660140.508340557571501, 2590015.917805746197701 ], [ 2660140.508340557571501, 2589939.074469636194408 ], [ 2660140.508340557571501, 2589862.231133526191115 ], [ 2660217.350433955900371, 2589862.231133526191115 ], [ 2660217.350433955900371, 2589785.389398552943021 ], [ 2660217.350433955900371, 2589708.546062442939728 ], [ 2660140.508340557571501, 2589708.546062442939728 ], [ 2660217.350433955900371, 2589631.702726332936436 ], [ 2660217.350433955900371, 2589554.859390223398805 ], [ 2660294.194128464907408, 2589478.017655249685049 ], [ 2660294.194128464907408, 2589401.174319139681756 ], [ 2660294.194128464907408, 2589324.330983030144125 ], [ 2660294.194128464907408, 2589247.48924805643037 ], [ 2660371.03622186370194, 2589093.802575836889446 ], [ 2660371.03622186370194, 2589016.959239726886153 ], [ 2660524.720408660825342, 2588786.430832533631474 ], [ 2660524.720408660825342, 2588709.587496423628181 ], [ 2660524.720408660825342, 2588632.745761450380087 ], [ 2660601.562502059154212, 2588479.059089230373502 ], [ 2660447.87831526203081, 2588248.530682037118822 ], [ 2660447.87831526203081, 2588171.687345927581191 ], [ 2660524.720408660825342, 2587864.315602624323219 ], [ 2660524.720408660825342, 2587787.473867650609463 ], [ 2660524.720408660825342, 2587710.630531541071832 ], [ 2660524.720408660825342, 2587480.102124347817153 ], [ 2660447.87831526203081, 2587326.415452127810568 ], [ 2660524.720408660825342, 2587249.573717154562473 ], [ 2660601.562502059154212, 2587172.730381044559181 ], [ 2660678.406196568161249, 2587095.887044934555888 ], [ 2660755.248289966955781, 2587019.043708824552596 ], [ 2660832.090383365284652, 2587019.043708824552596 ], [ 2660908.932476764079183, 2586788.515301631297916 ], [ 2660908.932476764079183, 2586557.986894438043237 ], [ 2660985.774570162408054, 2586557.986894438043237 ], [ 2661062.618264671880752, 2586557.986894438043237 ], [ 2661139.460358070209622, 2586557.986894438043237 ], [ 2661216.302451469004154, 2586404.300222218502313 ], [ 2661293.144544867333025, 2586173.771815025247633 ], [ 2661369.986638266127557, 2586173.771815025247633 ], [ 2661369.986638266127557, 2586096.930080051533878 ], [ 2661369.986638266127557, 2586020.086743941996247 ], [ 2661446.828731664456427, 2585943.243407831992954 ], [ 2661446.828731664456427, 2585866.400071721989661 ], [ 2661446.828731664456427, 2585789.558336748741567 ], [ 2661523.672426173463464, 2585789.558336748741567 ], [ 2661523.672426173463464, 2585712.715000638738275 ], [ 2661600.514519572257996, 2585712.715000638738275 ], [ 2661600.514519572257996, 2585635.871664528734982 ], [ 2661677.356612970586866, 2585635.871664528734982 ], [ 2661907.884494276717305, 2585482.186593445483595 ], [ 2661984.726587675511837, 2585328.499921225942671 ], [ 2662061.568681073840708, 2585328.499921225942671 ], [ 2662138.410774472635239, 2585174.814850142225623 ], [ 2662138.410774472635239, 2585097.971514032687992 ], [ 2662215.25286787096411, 2585097.971514032687992 ], [ 2662292.096562380436808, 2585097.971514032687992 ], [ 2662368.938655778765678, 2585097.971514032687992 ], [ 2662445.78074917756021, 2585097.971514032687992 ], [ 2662522.622842575889081, 2585097.971514032687992 ], [ 2662599.464935974683613, 2585097.971514032687992 ], [ 2662676.307029373012483, 2585097.971514032687992 ], [ 2662753.15072388201952, 2585097.971514032687992 ], [ 2662753.15072388201952, 2585021.128177922684699 ], [ 2662753.15072388201952, 2584944.286442948970944 ], [ 2662676.307029373012483, 2584790.59977072943002 ], [ 2662522.622842575889081, 2584329.542956342920661 ], [ 2662292.096562380436808, 2583791.64280584640801 ], [ 2662138.410774472635239, 2583330.584390323609114 ], [ 2662215.25286787096411, 2583407.427726433612406 ], [ 2662753.15072388201952, 2583176.899319240357727 ], [ 2662983.677004077937454, 2583253.741054213605821 ], [ 2663137.362791985273361, 2582946.370912047103047 ], [ 2663137.362791985273361, 2582869.527575937099755 ], [ 2663214.204885384067893, 2582869.527575937099755 ], [ 2663214.204885384067893, 2582715.840903717558831 ], [ 2663291.046978782396764, 2582715.840903717558831 ], [ 2663291.046978782396764, 2582638.999168743845075 ], [ 2663367.889072181191295, 2582638.999168743845075 ], [ 2663367.889072181191295, 2582562.155832633841783 ], [ 2663444.731165579520166, 2582562.155832633841783 ], [ 2663521.574860088527203, 2582485.312496524304152 ], [ 2663521.574860088527203, 2582408.469160414300859 ], [ 2663598.416953487321734, 2582331.627425440587103 ], [ 2663598.416953487321734, 2582254.784089331049472 ], [ 2663675.259046886116266, 2582254.784089331049472 ], [ 2663675.259046886116266, 2582177.94075322104618 ], [ 2663598.416953487321734, 2582101.099018247332424 ], [ 2663675.259046886116266, 2582024.255682137794793 ], [ 2663675.259046886116266, 2581947.4123460277915 ], [ 2663675.259046886116266, 2581870.569009917788208 ], [ 2663675.259046886116266, 2581793.727274944540113 ], [ 2663675.259046886116266, 2581716.883938834536821 ], [ 2663675.259046886116266, 2581640.040602724533528 ], [ 2663675.259046886116266, 2581563.197266614530236 ], [ 2663598.416953487321734, 2581332.668859421275556 ], [ 2663598.416953487321734, 2581255.825523311737925 ], [ 2663521.574860088527203, 2581178.983788338024169 ], [ 2663598.416953487321734, 2581102.140452228020877 ], [ 2663675.259046886116266, 2581025.297116118483245 ], [ 2663675.259046886116266, 2580948.45538114476949 ], [ 2663752.101140284445137, 2580948.45538114476949 ], [ 2663752.101140284445137, 2580871.612045034766197 ], [ 2663828.943233683239669, 2580871.612045034766197 ], [ 2663828.943233683239669, 2580794.768708925228566 ], [ 2664443.683183092623949, 2580717.925372815225273 ], [ 2665058.421531391795725, 2580564.240301731973886 ], [ 2665135.263624790124595, 2580564.240301731973886 ], [ 2665212.107319299131632, 2580948.45538114476949 ], [ 2665442.633599495049566, 2580948.45538114476949 ], [ 2665903.687760996632278, 2580871.612045034766197 ], [ 2666211.057735701557249, 2580794.768708925228566 ], [ 2666748.953990601934493, 2580717.925372815225273 ], [ 2666825.797685110941529, 2580717.925372815225273 ], [ 2666825.797685110941529, 2581025.297116118483245 ], [ 2666825.797685110941529, 2581102.140452228020877 ], [ 2666902.639778509736061, 2581102.140452228020877 ], [ 2666979.481871908064932, 2581025.297116118483245 ], [ 2666979.481871908064932, 2580948.45538114476949 ], [ 2666902.639778509736061, 2580871.612045034766197 ], [ 2666902.639778509736061, 2580794.768708925228566 ], [ 2666979.481871908064932, 2580794.768708925228566 ], [ 2667056.323965306859463, 2580794.768708925228566 ], [ 2667056.323965306859463, 2580871.612045034766197 ], [ 2667133.166058705188334, 2580871.612045034766197 ], [ 2667133.166058705188334, 2580948.45538114476949 ], [ 2667210.008152103982866, 2580948.45538114476949 ], [ 2667210.008152103982866, 2581025.297116118483245 ], [ 2667286.851846612989902, 2581102.140452228020877 ], [ 2667286.851846612989902, 2581178.983788338024169 ], [ 2667286.851846612989902, 2581255.825523311737925 ], [ 2667286.851846612989902, 2581332.668859421275556 ], [ 2667286.851846612989902, 2581409.512195531278849 ], [ 2667286.851846612989902, 2581486.355531641282141 ], [ 2667286.851846612989902, 2581563.197266614530236 ], [ 2667363.693940011784434, 2581563.197266614530236 ], [ 2667363.693940011784434, 2581640.040602724533528 ], [ 2667517.378126808907837, 2581640.040602724533528 ], [ 2667594.220220207236707, 2581716.883938834536821 ], [ 2667671.063914716243744, 2581793.727274944540113 ], [ 2667747.906008115038276, 2581793.727274944540113 ], [ 2667824.748101513367146, 2581793.727274944540113 ], [ 2667901.590194912161678, 2581793.727274944540113 ], [ 2667978.432288310490549, 2581793.727274944540113 ], [ 2668055.275982819497585, 2581793.727274944540113 ], [ 2668055.275982819497585, 2581870.569009917788208 ], [ 2668055.275982819497585, 2581947.4123460277915 ], [ 2668055.275982819497585, 2582024.255682137794793 ], [ 2668132.118076218292117, 2582024.255682137794793 ], [ 2668132.118076218292117, 2582101.099018247332424 ], [ 2668208.960169616620988, 2582101.099018247332424 ], [ 2668208.960169616620988, 2582177.94075322104618 ], [ 2668285.802263015415519, 2582177.94075322104618 ], [ 2668285.802263015415519, 2582254.784089331049472 ], [ 2668362.64435641374439, 2582254.784089331049472 ], [ 2668439.486449812538922, 2582331.627425440587103 ], [ 2668516.330144321545959, 2582408.469160414300859 ], [ 2668593.172237719874829, 2582485.312496524304152 ], [ 2668670.014331118669361, 2582485.312496524304152 ], [ 2668746.856424517463893, 2582485.312496524304152 ], [ 2668823.698517915792763, 2582485.312496524304152 ], [ 2668900.5422124247998, 2582485.312496524304152 ], [ 2668977.384305823594332, 2582485.312496524304152 ], [ 2669054.226399221923202, 2582485.312496524304152 ], [ 2669054.226399221923202, 2582562.155832633841783 ], [ 2669131.068492620717734, 2582562.155832633841783 ], [ 2669207.910586019046605, 2582562.155832633841783 ], [ 2669284.754280528053641, 2582562.155832633841783 ], [ 2669361.596373926848173, 2582562.155832633841783 ], [ 2669361.596373926848173, 2582638.999168743845075 ], [ 2669438.438467325177044, 2582715.840903717558831 ], [ 2669438.438467325177044, 2582792.684239827096462 ], [ 2669515.280560723971575, 2582792.684239827096462 ], [ 2669515.280560723971575, 2582869.527575937099755 ], [ 2669592.122654122300446, 2582869.527575937099755 ], [ 2669592.122654122300446, 2582946.370912047103047 ], [ 2669592.122654122300446, 2583023.212647020351142 ], [ 2669668.964747521094978, 2583100.055983130354434 ], [ 2669745.808442030102015, 2583100.055983130354434 ], [ 2669822.650535428430885, 2583176.899319240357727 ], [ 2669822.650535428430885, 2583253.741054213605821 ], [ 2669899.492628827225417, 2583253.741054213605821 ], [ 2669899.492628827225417, 2583330.584390323609114 ], [ 2669976.334722226019949, 2583330.584390323609114 ], [ 2669976.334722226019949, 2583407.427726433612406 ], [ 2670053.176815624348819, 2583484.271062543150038 ], [ 2670130.020510133355856, 2583484.271062543150038 ], [ 2670206.862603532150388, 2583484.271062543150038 ], [ 2670283.704696930479258, 2583484.271062543150038 ], [ 2670360.54679032927379, 2583407.427726433612406 ], [ 2670437.388883727602661, 2583407.427726433612406 ], [ 2670591.074671635404229, 2583407.427726433612406 ], [ 2670667.9167650337331, 2583407.427726433612406 ], [ 2670744.758858432527632, 2583330.584390323609114 ], [ 2670821.600951830856502, 2583330.584390323609114 ], [ 2670898.443045229651034, 2583253.741054213605821 ], [ 2670975.286739738658071, 2583253.741054213605821 ], [ 2671052.128833136986941, 2583253.741054213605821 ], [ 2671128.970926535781473, 2583176.899319240357727 ], [ 2671205.813019934576005, 2583176.899319240357727 ], [ 2671282.655113332904875, 2583176.899319240357727 ], [ 2671359.498807841911912, 2583253.741054213605821 ], [ 2671436.340901240706444, 2583330.584390323609114 ], [ 2671513.182994639035314, 2583407.427726433612406 ], [ 2671513.182994639035314, 2583484.271062543150038 ], [ 2671513.182994639035314, 2583561.112797516863793 ], [ 2671590.025088037829846, 2583561.112797516863793 ], [ 2671590.025088037829846, 2583637.956133626867086 ], [ 2671590.025088037829846, 2583714.799469736404717 ], [ 2671666.867181436158717, 2583791.64280584640801 ], [ 2671666.867181436158717, 2583868.484540820121765 ], [ 2671666.867181436158717, 2583945.327876929659396 ], [ 2671666.867181436158717, 2584022.171213039662689 ], [ 2671743.710875945165753, 2584022.171213039662689 ], [ 2671820.552969343960285, 2584022.171213039662689 ], [ 2671820.552969343960285, 2584099.014549149665982 ], [ 2671897.395062742289156, 2584099.014549149665982 ], [ 2671974.237156141083688, 2584175.856284122914076 ], [ 2671974.237156141083688, 2584252.699620232917368 ], [ 2672051.079249539412558, 2584252.699620232917368 ], [ 2672127.92134293820709, 2584252.699620232917368 ], [ 2672127.92134293820709, 2584329.542956342920661 ], [ 2672204.765037447214127, 2584329.542956342920661 ], [ 2672281.607130845542997, 2584406.384691316168755 ], [ 2672281.607130845542997, 2584483.228027426172048 ], [ 2672358.449224244337529, 2584483.228027426172048 ], [ 2672435.291317643132061, 2584483.228027426172048 ], [ 2672512.133411041460931, 2584483.228027426172048 ], [ 2672512.133411041460931, 2584560.07136353617534 ], [ 2672896.345479144714773, 2584329.542956342920661 ], [ 2673126.873360450845212, 2584099.014549149665982 ], [ 2673203.715453849639744, 2583945.327876929659396 ], [ 2673280.557547247968614, 2583868.484540820121765 ], [ 2673280.557547247968614, 2583791.64280584640801 ], [ 2673357.399640646763146, 2583714.799469736404717 ], [ 2673511.085428554099053, 2583561.112797516863793 ], [ 2673741.611708750016987, 2583561.112797516863793 ], [ 2674279.509564761072397, 2582792.684239827096462 ], [ 2674433.1937515581958, 2583100.055983130354434 ], [ 2674586.877938355319202, 2583330.584390323609114 ], [ 2674663.721632864326239, 2583407.427726433612406 ], [ 2674663.721632864326239, 2583484.271062543150038 ], [ 2674740.563726262655109, 2583484.271062543150038 ], [ 2674817.405819661449641, 2583561.112797516863793 ], [ 2675047.93370096758008, 2583714.799469736404717 ], [ 2675124.775794366374612, 2583637.956133626867086 ], [ 2675201.617887764703482, 2583637.956133626867086 ], [ 2675278.459981163498014, 2583561.112797516863793 ], [ 2675355.302074561826885, 2583484.271062543150038 ], [ 2675432.144167960621417, 2583407.427726433612406 ], [ 2675508.987862469628453, 2583407.427726433612406 ], [ 2675508.987862469628453, 2583330.584390323609114 ], [ 2675585.829955867957324, 2583253.741054213605821 ], [ 2675739.514142665080726, 2583023.212647020351142 ], [ 2675893.199930572882295, 2582562.155832633841783 ], [ 2676123.726210768334568, 2582177.94075322104618 ], [ 2676200.568304167129099, 2582024.255682137794793 ], [ 2676277.411998676136136, 2582024.255682137794793 ], [ 2676431.096185473259538, 2582177.94075322104618 ], [ 2676507.93827887205407, 2582254.784089331049472 ], [ 2676584.780372270382941, 2582254.784089331049472 ], [ 2676584.780372270382941, 2582331.627425440587103 ], [ 2676661.622465669177473, 2582331.627425440587103 ], [ 2676738.466160178184509, 2582331.627425440587103 ], [ 2676815.30825357651338, 2582331.627425440587103 ], [ 2676968.992440373636782, 2582331.627425440587103 ], [ 2677122.678228281438351, 2582331.627425440587103 ], [ 2677199.520321679767221, 2582408.469160414300859 ], [ 2677276.362415078561753, 2582408.469160414300859 ], [ 2677353.204508476890624, 2582408.469160414300859 ], [ 2677430.046601875685155, 2582408.469160414300859 ], [ 2677506.890296384692192, 2582408.469160414300859 ], [ 2677506.890296384692192, 2582485.312496524304152 ], [ 2677583.732389783486724, 2582485.312496524304152 ], [ 2677660.574483181815594, 2582562.155832633841783 ], [ 2677737.416576580610126, 2582638.999168743845075 ], [ 2677967.944457886740565, 2582792.684239827096462 ], [ 2678275.31283148098737, 2583023.212647020351142 ], [ 2678352.156525989994407, 2583023.212647020351142 ], [ 2678352.156525989994407, 2583100.055983130354434 ], [ 2678428.998619388323277, 2583100.055983130354434 ], [ 2678505.840712787117809, 2583100.055983130354434 ], [ 2678582.68280618544668, 2583100.055983130354434 ], [ 2678659.524899584241211, 2583100.055983130354434 ], [ 2678890.05278089037165, 2583100.055983130354434 ], [ 2678966.894874289166182, 2583176.899319240357727 ], [ 2679658.476917096879333, 2583484.271062543150038 ], [ 2679735.319010495673865, 2583561.112797516863793 ], [ 2679812.161103894002736, 2583637.956133626867086 ], [ 2679889.003197292797267, 2583637.956133626867086 ], [ 2679812.161103894002736, 2583637.956133626867086 ], [ 2679812.161103894002736, 2583714.799469736404717 ], [ 2679735.319010495673865, 2583714.799469736404717 ], [ 2679735.319010495673865, 2583637.956133626867086 ], [ 2679658.476917096879333, 2583637.956133626867086 ], [ 2679581.634823698550463, 2583637.956133626867086 ], [ 2679581.634823698550463, 2583714.799469736404717 ], [ 2679581.634823698550463, 2583791.64280584640801 ], [ 2679581.634823698550463, 2583868.484540820121765 ], [ 2679504.791129189543426, 2583868.484540820121765 ], [ 2679581.634823698550463, 2583945.327876929659396 ], [ 2679658.476917096879333, 2584022.171213039662689 ], [ 2679735.319010495673865, 2584099.014549149665982 ], [ 2679658.476917096879333, 2584175.856284122914076 ], [ 2679581.634823698550463, 2584175.856284122914076 ], [ 2679504.791129189543426, 2584175.856284122914076 ], [ 2679504.791129189543426, 2584252.699620232917368 ], [ 2679581.634823698550463, 2584252.699620232917368 ], [ 2679581.634823698550463, 2584329.542956342920661 ], [ 2679504.791129189543426, 2584329.542956342920661 ], [ 2679427.949035790748894, 2584329.542956342920661 ], [ 2679427.949035790748894, 2584406.384691316168755 ], [ 2679504.791129189543426, 2584406.384691316168755 ], [ 2679581.634823698550463, 2584406.384691316168755 ], [ 2679658.476917096879333, 2584483.228027426172048 ], [ 2679658.476917096879333, 2584560.07136353617534 ], [ 2679581.634823698550463, 2584560.07136353617534 ], [ 2679581.634823698550463, 2584483.228027426172048 ], [ 2679504.791129189543426, 2584483.228027426172048 ], [ 2679427.949035790748894, 2584483.228027426172048 ], [ 2679427.949035790748894, 2584560.07136353617534 ], [ 2679427.949035790748894, 2584636.914699646178633 ], [ 2679504.791129189543426, 2584636.914699646178633 ], [ 2679581.634823698550463, 2584636.914699646178633 ], [ 2679658.476917096879333, 2584636.914699646178633 ], [ 2679658.476917096879333, 2584713.756434619426727 ], [ 2679658.476917096879333, 2584790.59977072943002 ], [ 2679735.319010495673865, 2584790.59977072943002 ], [ 2679658.476917096879333, 2584790.59977072943002 ], [ 2679658.476917096879333, 2584867.443106839433312 ], [ 2679735.319010495673865, 2584867.443106839433312 ], [ 2679812.161103894002736, 2584867.443106839433312 ], [ 2679812.161103894002736, 2584944.286442948970944 ], [ 2679735.319010495673865, 2584944.286442948970944 ], [ 2679735.319010495673865, 2585021.128177922684699 ], [ 2679812.161103894002736, 2585097.971514032687992 ], [ 2679889.003197292797267, 2585174.814850142225623 ], [ 2679812.161103894002736, 2585174.814850142225623 ], [ 2679812.161103894002736, 2585251.656585115939379 ], [ 2679735.319010495673865, 2585251.656585115939379 ], [ 2679735.319010495673865, 2585328.499921225942671 ], [ 2679735.319010495673865, 2585405.343257335480303 ], [ 2679735.319010495673865, 2585482.186593445483595 ], [ 2679735.319010495673865, 2585559.028328419197351 ], [ 2679658.476917096879333, 2585635.871664528734982 ], [ 2679581.634823698550463, 2585712.715000638738275 ], [ 2679658.476917096879333, 2585712.715000638738275 ], [ 2680042.688985200598836, 2585635.871664528734982 ], [ 2680042.688985200598836, 2585712.715000638738275 ], [ 2680042.688985200598836, 2585789.558336748741567 ], [ 2680119.531078598927706, 2586096.930080051533878 ], [ 2680426.901053303852677, 2586020.086743941996247 ], [ 2680503.743146702181548, 2586020.086743941996247 ], [ 2680811.113121407106519, 2585943.243407831992954 ], [ 2681425.851469706278294, 2585866.400071721989661 ], [ 2681733.221444410737604, 2585789.558336748741567 ], [ 2681810.063537809532136, 2586020.086743941996247 ], [ 2681810.063537809532136, 2585943.243407831992954 ], [ 2681886.905631207861006, 2585943.243407831992954 ], [ 2681886.905631207861006, 2585866.400071721989661 ], [ 2681963.747724606655538, 2585866.400071721989661 ], [ 2682040.591419115662575, 2585866.400071721989661 ], [ 2682117.433512513991445, 2586404.300222218502313 ], [ 2682732.171860813163221, 2586250.615151135250926 ], [ 2682809.013954211957753, 2586250.615151135250926 ], [ 2682885.857648720964789, 2586942.201973851304501 ], [ 2683039.541835518088192, 2587633.78719543106854 ], [ 2683039.541835518088192, 2587710.630531541071832 ], [ 2683039.541835518088192, 2587787.473867650609463 ], [ 2683116.383928916417062, 2587941.158938734326512 ], [ 2683116.383928916417062, 2588018.002274843864143 ], [ 2683193.226022315211594, 2588479.059089230373502 ], [ 2686190.080473742913455, 2587941.158938734326512 ] ] } },
{ "type": "Feature", "properties": { }, "geometry": { "type": "LineString", "coordinates": [ [ 2654684.698894822970033, 2558587.169461808167398 ], [ 2654684.698894822970033, 2558510.326125698629767 ], [ 2654607.856801424175501, 2558433.482789588626474 ], [ 2654531.014708025380969, 2558356.639453478623182 ], [ 2654531.014708025380969, 2558279.797718505375087 ], [ 2654531.014708025380969, 2558202.954382395371795 ], [ 2654531.014708025380969, 2558126.111046285368502 ], [ 2654454.171013516373932, 2558126.111046285368502 ], [ 2654377.328920118045062, 2558049.267710175830871 ], [ 2654300.48682671925053, 2558049.267710175830871 ], [ 2654300.48682671925053, 2557972.425975202117115 ], [ 2654300.48682671925053, 2557895.582639092113823 ], [ 2654223.644733320921659, 2557818.739302982576191 ], [ 2654300.48682671925053, 2557741.897568008862436 ], [ 2654300.48682671925053, 2557665.054231898859143 ], [ 2654377.328920118045062, 2557588.210895789321512 ], [ 2654377.328920118045062, 2557511.367559679318219 ], [ 2654300.48682671925053, 2557511.367559679318219 ], [ 2654069.960546523798257, 2557127.154081402812153 ], [ 2654069.960546523798257, 2557050.310745292808861 ], [ 2654146.802639922127128, 2556973.467409182805568 ], [ 2654069.960546523798257, 2556896.625674209557474 ], [ 2654069.960546523798257, 2556819.782338099554181 ], [ 2654069.960546523798257, 2556742.939001989550889 ], [ 2654069.960546523798257, 2556666.095665879547596 ], [ 2654069.960546523798257, 2556589.253930906299502 ], [ 2653993.11685201479122, 2556589.253930906299502 ], [ 2653916.274758615996689, 2556589.253930906299502 ], [ 2653916.274758615996689, 2556512.410594796296209 ], [ 2653839.432665217667818, 2556512.410594796296209 ], [ 2653839.432665217667818, 2556435.567258686292917 ], [ 2653762.590571818873286, 2556435.567258686292917 ], [ 2653685.748478420544416, 2556435.567258686292917 ], [ 2653608.904783911537379, 2556435.567258686292917 ], [ 2653532.062690512742847, 2556358.723922576755285 ], [ 2653532.062690512742847, 2556281.88218760304153 ], [ 2653532.062690512742847, 2556205.038851493038237 ], [ 2653455.220597114413977, 2556205.038851493038237 ], [ 2653455.220597114413977, 2556128.195515383500606 ], [ 2653378.378503715619445, 2556128.195515383500606 ], [ 2653301.536410316824913, 2556128.195515383500606 ], [ 2653224.694316918496042, 2556128.195515383500606 ], [ 2653147.850622409489006, 2556128.195515383500606 ], [ 2653147.850622409489006, 2556051.352179273497313 ], [ 2653071.008529010694474, 2556051.352179273497313 ], [ 2653071.008529010694474, 2556128.195515383500606 ], [ 2652994.166435612365603, 2556128.195515383500606 ], [ 2652994.166435612365603, 2556205.038851493038237 ], [ 2652917.324342213571072, 2556205.038851493038237 ], [ 2652840.482248815242201, 2556205.038851493038237 ], [ 2652840.482248815242201, 2556128.195515383500606 ], [ 2652763.638554306235164, 2556205.038851493038237 ], [ 2652686.796460907440633, 2556205.038851493038237 ], [ 2652609.954367509111762, 2556205.038851493038237 ], [ 2652533.11227411031723, 2556205.038851493038237 ], [ 2652456.27018071198836, 2556205.038851493038237 ], [ 2652456.27018071198836, 2556128.195515383500606 ], [ 2652379.426486202981323, 2556128.195515383500606 ], [ 2652379.426486202981323, 2556205.038851493038237 ], [ 2652302.584392804186791, 2556205.038851493038237 ], [ 2652225.742299405857921, 2556205.038851493038237 ], [ 2652148.900206007063389, 2556205.038851493038237 ], [ 2652072.058112608268857, 2556281.88218760304153 ], [ 2651995.216019209939986, 2556281.88218760304153 ], [ 2651995.216019209939986, 2556358.723922576755285 ], [ 2651918.37232470093295, 2556358.723922576755285 ], [ 2651841.530231302138418, 2556358.723922576755285 ], [ 2651764.688137903809547, 2556358.723922576755285 ], [ 2651764.688137903809547, 2556281.88218760304153 ], [ 2651687.846044505015016, 2556281.88218760304153 ], [ 2651687.846044505015016, 2556205.038851493038237 ], [ 2651611.003951106686145, 2556205.038851493038237 ], [ 2651611.003951106686145, 2556281.88218760304153 ], [ 2651534.160256597679108, 2556205.038851493038237 ], [ 2651457.318163198884577, 2556205.038851493038237 ], [ 2651457.318163198884577, 2556128.195515383500606 ], [ 2651457.318163198884577, 2556051.352179273497313 ], [ 2651380.476069800555706, 2556051.352179273497313 ], [ 2651380.476069800555706, 2556128.195515383500606 ], [ 2651303.633976401761174, 2556128.195515383500606 ], [ 2651303.633976401761174, 2556051.352179273497313 ], [ 2651226.791883003432304, 2556051.352179273497313 ], [ 2651226.791883003432304, 2556128.195515383500606 ], [ 2651149.948188494425267, 2556128.195515383500606 ], [ 2651073.106095095630735, 2556128.195515383500606 ], [ 2650996.264001697301865, 2556128.195515383500606 ], [ 2650919.421908298507333, 2556128.195515383500606 ], [ 2650919.421908298507333, 2556051.352179273497313 ], [ 2650842.579814899712801, 2556051.352179273497313 ], [ 2650842.579814899712801, 2555974.510444299783558 ], [ 2650765.73772150138393, 2555974.510444299783558 ], [ 2650688.894026992376894, 2555974.510444299783558 ], [ 2650612.051933593582362, 2555974.510444299783558 ], [ 2650688.894026992376894, 2555897.667108190245926 ], [ 2650765.73772150138393, 2555820.823772080242634 ], [ 2650688.894026992376894, 2555820.823772080242634 ], [ 2650612.051933593582362, 2555743.982037106528878 ], [ 2650535.209840195253491, 2555743.982037106528878 ], [ 2650535.209840195253491, 2555667.138700996991247 ], [ 2650458.36774679645896, 2555667.138700996991247 ], [ 2650458.36774679645896, 2555590.295364886987954 ], [ 2650381.525653398130089, 2555590.295364886987954 ], [ 2650381.525653398130089, 2555513.452028776984662 ], [ 2650304.681958889123052, 2555513.452028776984662 ], [ 2650227.839865490328521, 2555436.610293803736567 ], [ 2650150.99777209199965, 2555436.610293803736567 ], [ 2650074.155678693205118, 2555436.610293803736567 ], [ 2650074.155678693205118, 2555359.766957693733275 ], [ 2649997.313585294876248, 2555359.766957693733275 ], [ 2649997.313585294876248, 2555282.923621583729982 ], [ 2649920.469890785869211, 2555282.923621583729982 ], [ 2649920.469890785869211, 2555206.080285474192351 ], [ 2649843.627797387074679, 2555206.080285474192351 ], [ 2649843.627797387074679, 2555129.238550500478595 ], [ 2649766.785703988745809, 2555129.238550500478595 ], [ 2649689.943610589951277, 2555129.238550500478595 ], [ 2649613.101517191622406, 2555129.238550500478595 ], [ 2649536.259423792827874, 2555129.238550500478595 ], [ 2649536.259423792827874, 2555206.080285474192351 ], [ 2649459.415729283820838, 2555206.080285474192351 ], [ 2649459.415729283820838, 2555282.923621583729982 ], [ 2649382.573635885026306, 2555282.923621583729982 ], [ 2649305.731542486697435, 2555282.923621583729982 ], [ 2649228.889449087902904, 2555282.923621583729982 ], [ 2649228.889449087902904, 2555206.080285474192351 ], [ 2649228.889449087902904, 2555282.923621583729982 ], [ 2649152.047355689574033, 2555282.923621583729982 ], [ 2649075.203661180566996, 2555282.923621583729982 ], [ 2648998.361567781772465, 2555282.923621583729982 ], [ 2648998.361567781772465, 2555359.766957693733275 ], [ 2648921.519474383443594, 2555282.923621583729982 ], [ 2648844.677380984649062, 2555282.923621583729982 ], [ 2648767.835287586320192, 2555282.923621583729982 ], [ 2648690.991593077313155, 2555282.923621583729982 ], [ 2648614.149499678518623, 2555282.923621583729982 ], [ 2648614.149499678518623, 2555359.766957693733275 ], [ 2648537.307406280189753, 2555359.766957693733275 ], [ 2648614.149499678518623, 2555359.766957693733275 ], [ 2648614.149499678518623, 2555436.610293803736567 ], [ 2648690.991593077313155, 2555436.610293803736567 ], [ 2648690.991593077313155, 2555513.452028776984662 ], [ 2648690.991593077313155, 2555590.295364886987954 ], [ 2648614.149499678518623, 2555590.295364886987954 ], [ 2648537.307406280189753, 2555513.452028776984662 ], [ 2648460.465312881395221, 2555436.610293803736567 ], [ 2648460.465312881395221, 2555359.766957693733275 ], [ 2648460.465312881395221, 2555282.923621583729982 ], [ 2648460.465312881395221, 2555206.080285474192351 ], [ 2648383.62321948306635, 2555206.080285474192351 ], [ 2648383.62321948306635, 2555282.923621583729982 ], [ 2648306.781126084271818, 2555282.923621583729982 ], [ 2648306.781126084271818, 2555359.766957693733275 ], [ 2648229.937431575264782, 2555359.766957693733275 ], [ 2648153.09533817647025, 2555359.766957693733275 ], [ 2648076.253244778141379, 2555359.766957693733275 ], [ 2647922.569057981017977, 2555282.923621583729982 ], [ 2647845.72536347201094, 2555282.923621583729982 ], [ 2647768.883270073216408, 2555282.923621583729982 ], [ 2647692.041176674887538, 2555206.080285474192351 ], [ 2647615.199083276093006, 2555052.395214390475303 ], [ 2647538.356989877764136, 2554207.123320591170341 ], [ 2647230.987015172839165, 2554283.966656701173633 ], [ 2647154.144921774510294, 2553746.066506204660982 ], [ 2647692.041176674887538, 2553669.223170094657689 ], [ 2647615.199083276093006, 2553361.851426791399717 ], [ 2647538.356989877764136, 2552900.793011268600821 ], [ 2647461.513295368757099, 2552900.793011268600821 ], [ 2647461.513295368757099, 2552823.951276295352727 ], [ 2647384.671201969962567, 2552823.951276295352727 ], [ 2647384.671201969962567, 2552747.107940185349435 ], [ 2647384.671201969962567, 2552670.264604075346142 ], [ 2647307.829108571633697, 2552670.264604075346142 ], [ 2647230.987015172839165, 2552670.264604075346142 ], [ 2647154.144921774510294, 2552670.264604075346142 ], [ 2647077.302828375715762, 2552670.264604075346142 ], [ 2647000.459133866708726, 2552593.422869102098048 ], [ 2646923.617040467914194, 2552516.579532992094755 ], [ 2646846.774947069585323, 2552516.579532992094755 ], [ 2646846.774947069585323, 2552439.736196882091463 ], [ 2646769.932853670790792, 2552439.736196882091463 ], [ 2646769.932853670790792, 2552362.892860772553831 ], [ 2646693.090760272461921, 2552286.051125798840076 ], [ 2646693.090760272461921, 2552209.207789688836783 ], [ 2646616.247065763454884, 2552209.207789688836783 ], [ 2646616.247065763454884, 2552132.364453579299152 ], [ 2646539.404972364660352, 2552132.364453579299152 ], [ 2646539.404972364660352, 2552055.521117469295859 ], [ 2646462.562878966331482, 2552055.521117469295859 ], [ 2646462.562878966331482, 2551901.836046386044472 ], [ 2646385.72078556753695, 2551824.99271027604118 ], [ 2646385.72078556753695, 2551748.149374166037887 ], [ 2646462.562878966331482, 2551748.149374166037887 ], [ 2646462.562878966331482, 2551671.307639192789793 ], [ 2646539.404972364660352, 2551671.307639192789793 ], [ 2646539.404972364660352, 2551594.4643030827865 ], [ 2646616.247065763454884, 2551594.4643030827865 ], [ 2646616.247065763454884, 2551517.620966972783208 ], [ 2646693.090760272461921, 2551517.620966972783208 ], [ 2646693.090760272461921, 2551440.779231999535114 ], [ 2646693.090760272461921, 2551363.935895889531821 ], [ 2646693.090760272461921, 2551287.092559779528528 ], [ 2646769.932853670790792, 2551287.092559779528528 ], [ 2646769.932853670790792, 2551210.249223669525236 ], [ 2646846.774947069585323, 2551210.249223669525236 ], [ 2646923.617040467914194, 2551210.249223669525236 ], [ 2647000.459133866708726, 2551210.249223669525236 ], [ 2647077.302828375715762, 2551210.249223669525236 ], [ 2647154.144921774510294, 2551287.092559779528528 ], [ 2647230.987015172839165, 2551287.092559779528528 ], [ 2647230.987015172839165, 2551363.935895889531821 ], [ 2647307.829108571633697, 2551440.779231999535114 ], [ 2647384.671201969962567, 2551517.620966972783208 ], [ 2647461.513295368757099, 2551517.620966972783208 ], [ 2647538.356989877764136, 2551594.4643030827865 ], [ 2647615.199083276093006, 2551517.620966972783208 ], [ 2647692.041176674887538, 2551440.779231999535114 ], [ 2647768.883270073216408, 2551363.935895889531821 ], [ 2647768.883270073216408, 2551287.092559779528528 ], [ 2647845.72536347201094, 2551210.249223669525236 ], [ 2647922.569057981017977, 2551133.407488696277142 ], [ 2647999.411151379346848, 2551210.249223669525236 ], [ 2648076.253244778141379, 2551210.249223669525236 ], [ 2648153.09533817647025, 2551210.249223669525236 ], [ 2648153.09533817647025, 2551287.092559779528528 ], [ 2648229.937431575264782, 2551287.092559779528528 ], [ 2648229.937431575264782, 2551363.935895889531821 ], [ 2648306.781126084271818, 2551363.935895889531821 ], [ 2648306.781126084271818, 2551440.779231999535114 ], [ 2648306.781126084271818, 2551517.620966972783208 ], [ 2648229.937431575264782, 2551594.4643030827865 ], [ 2648306.781126084271818, 2551671.307639192789793 ], [ 2648306.781126084271818, 2551748.149374166037887 ], [ 2648229.937431575264782, 2551824.99271027604118 ], [ 2648229.937431575264782, 2551901.836046386044472 ], [ 2648229.937431575264782, 2551978.679382495582104 ], [ 2648306.781126084271818, 2551978.679382495582104 ], [ 2648383.62321948306635, 2551901.836046386044472 ], [ 2648460.465312881395221, 2551901.836046386044472 ], [ 2648537.307406280189753, 2551824.99271027604118 ], [ 2648537.307406280189753, 2551748.149374166037887 ], [ 2648690.991593077313155, 2551671.307639192789793 ], [ 2648767.835287586320192, 2551594.4643030827865 ], [ 2648844.677380984649062, 2551517.620966972783208 ], [ 2648844.677380984649062, 2551363.935895889531821 ], [ 2648844.677380984649062, 2551287.092559779528528 ], [ 2648844.677380984649062, 2551133.407488696277142 ], [ 2648844.677380984649062, 2551056.564152586273849 ], [ 2648921.519474383443594, 2551056.564152586273849 ], [ 2648998.361567781772465, 2550979.720816476270556 ], [ 2649075.203661180566996, 2550902.877480366732925 ], [ 2649152.047355689574033, 2550826.03574539301917 ], [ 2649152.047355689574033, 2550749.192409283015877 ], [ 2649228.889449087902904, 2550749.192409283015877 ], [ 2649228.889449087902904, 2550672.349073173478246 ], [ 2649305.731542486697435, 2550672.349073173478246 ], [ 2649305.731542486697435, 2550595.50733819976449 ], [ 2649382.573635885026306, 2550595.50733819976449 ], [ 2649382.573635885026306, 2550518.664002089761198 ], [ 2649382.573635885026306, 2550441.820665980223566 ], [ 2649459.415729283820838, 2550441.820665980223566 ], [ 2649459.415729283820838, 2550364.977329870220274 ], [ 2649459.415729283820838, 2550288.135594896506518 ], [ 2649536.259423792827874, 2550288.135594896506518 ], [ 2649536.259423792827874, 2550211.292258786968887 ], [ 2649536.259423792827874, 2550134.448922676965594 ], [ 2649613.101517191622406, 2550134.448922676965594 ], [ 2649613.101517191622406, 2550057.605586566962302 ], [ 2649613.101517191622406, 2549980.763851593714207 ], [ 2649689.943610589951277, 2549980.763851593714207 ], [ 2649689.943610589951277, 2549903.920515483710915 ], [ 2649613.101517191622406, 2549903.920515483710915 ], [ 2649459.415729283820838, 2549903.920515483710915 ], [ 2649382.573635885026306, 2550211.292258786968887 ], [ 2649305.731542486697435, 2550211.292258786968887 ], [ 2649152.047355689574033, 2549750.233843264169991 ], [ 2648844.677380984649062, 2549750.233843264169991 ], [ 2648690.991593077313155, 2549827.077179373707622 ], [ 2648767.835287586320192, 2549750.233843264169991 ], [ 2648690.991593077313155, 2549596.548772180452943 ], [ 2648690.991593077313155, 2549442.863701097201556 ], [ 2648690.991593077313155, 2549366.020364987198263 ], [ 2648767.835287586320192, 2549212.33369276765734 ], [ 2648537.307406280189753, 2548828.120214491151273 ], [ 2648460.465312881395221, 2548290.220063994638622 ], [ 2648767.835287586320192, 2548059.690055665094405 ], [ 2648921.519474383443594, 2547982.84832069138065 ], [ 2649228.889449087902904, 2547752.318312361836433 ], [ 2649382.573635885026306, 2547675.476577388122678 ], [ 2649536.259423792827874, 2547675.476577388122678 ], [ 2649613.101517191622406, 2547675.476577388122678 ], [ 2649613.101517191622406, 2547598.633241278585047 ], [ 2649536.259423792827874, 2547598.633241278585047 ], [ 2649536.259423792827874, 2547521.789905168581754 ], [ 2649459.415729283820838, 2547521.789905168581754 ], [ 2649459.415729283820838, 2547368.104834085330367 ], [ 2649382.573635885026306, 2547368.104834085330367 ], [ 2649382.573635885026306, 2547291.261497975327075 ], [ 2649459.415729283820838, 2547291.261497975327075 ], [ 2649459.415729283820838, 2547214.418161865323782 ], [ 2649459.415729283820838, 2547137.576426892075688 ], [ 2649459.415729283820838, 2547060.733090782072395 ], [ 2649459.415729283820838, 2546983.889754672069103 ], [ 2649459.415729283820838, 2546907.046418562531471 ], [ 2649459.415729283820838, 2546830.204683588817716 ], [ 2649459.415729283820838, 2546753.361347478814423 ], [ 2649536.259423792827874, 2546753.361347478814423 ], [ 2649536.259423792827874, 2546676.518011369276792 ], [ 2649536.259423792827874, 2546599.674675259273499 ], [ 2649536.259423792827874, 2546522.832940285559744 ], [ 2649459.415729283820838, 2546445.989604176022112 ], [ 2649382.573635885026306, 2546445.989604176022112 ], [ 2649305.731542486697435, 2546369.14626806601882 ], [ 2649228.889449087902904, 2546292.304533092305064 ], [ 2648998.361567781772465, 2546215.461196982767433 ], [ 2648998.361567781772465, 2546138.61786087276414 ], [ 2648921.519474383443594, 2546138.61786087276414 ], [ 2648844.677380984649062, 2546061.774524762760848 ], [ 2648690.991593077313155, 2545754.402781459502876 ], [ 2648614.149499678518623, 2545677.561046486254781 ], [ 2648460.465312881395221, 2545370.189303182996809 ], [ 2648306.781126084271818, 2545370.189303182996809 ], [ 2648306.781126084271818, 2545293.345967072993517 ], [ 2648229.937431575264782, 2545139.66089598974213 ], [ 2648153.09533817647025, 2545062.817559879738837 ], [ 2648153.09533817647025, 2544985.974223770201206 ], [ 2648076.253244778141379, 2544985.974223770201206 ], [ 2647999.411151379346848, 2544909.130887660197914 ], [ 2647922.569057981017977, 2544909.130887660197914 ], [ 2647922.569057981017977, 2544832.289152686484158 ], [ 2647922.569057981017977, 2544755.445816576946527 ], [ 2647922.569057981017977, 2544678.602480466943234 ], [ 2647692.041176674887538, 2544448.074073273688555 ], [ 2647615.199083276093006, 2544371.230737163685262 ], [ 2647538.356989877764136, 2544294.389002190437168 ], [ 2647461.513295368757099, 2544217.545666080433875 ], [ 2647461.513295368757099, 2544140.702329970430583 ], [ 2647461.513295368757099, 2543833.330586667638272 ], [ 2647461.513295368757099, 2543756.487250557634979 ], [ 2647461.513295368757099, 2543679.645515583921224 ], [ 2647384.671201969962567, 2543679.645515583921224 ], [ 2647384.671201969962567, 2543602.802179474383593 ], [ 2647384.671201969962567, 2543525.9588433643803 ], [ 2647384.671201969962567, 2543449.115507254377007 ], [ 2647384.671201969962567, 2543372.273772281128913 ], [ 2647461.513295368757099, 2543295.430436171125621 ], [ 2647538.356989877764136, 2543218.587100061122328 ], [ 2647538.356989877764136, 2543141.745365087874234 ], [ 2647538.356989877764136, 2543064.902028977870941 ], [ 2647538.356989877764136, 2542988.058692867867649 ], [ 2647538.356989877764136, 2542911.215356757864356 ], [ 2647461.513295368757099, 2542911.215356757864356 ], [ 2647384.671201969962567, 2542834.373621784616262 ], [ 2647384.671201969962567, 2542757.530285674612969 ], [ 2647307.829108571633697, 2542450.158542371354997 ], [ 2647230.987015172839165, 2542450.158542371354997 ], [ 2647230.987015172839165, 2542219.630135178100318 ], [ 2647230.987015172839165, 2542142.786799068562686 ], [ 2647154.144921774510294, 2542142.786799068562686 ], [ 2647154.144921774510294, 2542065.943462958559394 ], [ 2647154.144921774510294, 2541989.101727984845638 ], [ 2647154.144921774510294, 2541912.258391875308007 ], [ 2647154.144921774510294, 2541835.415055765304714 ], [ 2647154.144921774510294, 2541758.571719655301422 ], [ 2647154.144921774510294, 2541604.886648572050035 ], [ 2647154.144921774510294, 2541528.043312462046742 ], [ 2647077.302828375715762, 2541528.043312462046742 ], [ 2647077.302828375715762, 2541451.199976352509111 ], [ 2647000.459133866708726, 2541451.199976352509111 ], [ 2647000.459133866708726, 2541374.358241378795356 ], [ 2646923.617040467914194, 2541374.358241378795356 ], [ 2646923.617040467914194, 2541297.514905268792063 ], [ 2646846.774947069585323, 2541297.514905268792063 ], [ 2646769.932853670790792, 2541297.514905268792063 ], [ 2646769.932853670790792, 2541220.671569159254432 ], [ 2646693.090760272461921, 2541220.671569159254432 ], [ 2646616.247065763454884, 2541220.671569159254432 ], [ 2646616.247065763454884, 2541143.829834185540676 ], [ 2646539.404972364660352, 2541066.986498075537384 ], [ 2646539.404972364660352, 2540990.143161965999752 ], [ 2646462.562878966331482, 2540990.143161965999752 ], [ 2646462.562878966331482, 2540913.29982585599646 ], [ 2646462.562878966331482, 2540836.458090882282704 ], [ 2646462.562878966331482, 2540759.614754772745073 ], [ 2646462.562878966331482, 2540682.77141866274178 ], [ 2646385.72078556753695, 2540682.77141866274178 ], [ 2646385.72078556753695, 2540605.928082552738488 ], [ 2646308.87869216920808, 2540605.928082552738488 ], [ 2646232.036598770413548, 2540605.928082552738488 ], [ 2646155.192904261406511, 2540605.928082552738488 ], [ 2646155.192904261406511, 2540529.086347579490393 ], [ 2646078.350810863077641, 2540529.086347579490393 ], [ 2646078.350810863077641, 2540452.243011469487101 ], [ 2646001.508717464283109, 2540452.243011469487101 ], [ 2645924.666624065954238, 2540375.399675359483808 ], [ 2645847.824530667159706, 2540375.399675359483808 ], [ 2645847.824530667159706, 2540298.556339249480516 ], [ 2645770.98083615815267, 2540298.556339249480516 ], [ 2645694.138742759358138, 2540221.714604276232421 ], [ 2645617.296649361029267, 2540221.714604276232421 ], [ 2645540.454555962234735, 2540221.714604276232421 ], [ 2645463.612462563905865, 2540221.714604276232421 ], [ 2645463.612462563905865, 2540144.871268166229129 ], [ 2645386.768768054898828, 2540144.871268166229129 ], [ 2645386.768768054898828, 2540068.027932056225836 ], [ 2645309.926674656104296, 2540068.027932056225836 ], [ 2645309.926674656104296, 2539991.186197082977742 ], [ 2645233.084581257775426, 2539991.186197082977742 ], [ 2645233.084581257775426, 2539914.342860972974449 ], [ 2645156.242487858980894, 2539914.342860972974449 ], [ 2645156.242487858980894, 2539837.499524862971157 ], [ 2645079.400394460652024, 2539760.656188753433526 ], [ 2645079.400394460652024, 2539683.81445377971977 ], [ 2645079.400394460652024, 2539606.971117669716477 ], [ 2645079.400394460652024, 2539530.127781560178846 ], [ 2645079.400394460652024, 2539453.284445450175554 ], [ 2645079.400394460652024, 2539376.442710476461798 ], [ 2645079.400394460652024, 2539299.599374366924167 ], [ 2645079.400394460652024, 2539222.756038256920874 ], [ 2645079.400394460652024, 2539145.912702146917582 ], [ 2645079.400394460652024, 2539069.070967173669487 ], [ 2645079.400394460652024, 2538992.227631063666195 ], [ 2645079.400394460652024, 2538915.384294953662902 ], [ 2645156.242487858980894, 2538915.384294953662902 ], [ 2645156.242487858980894, 2538761.699223870411515 ], [ 2645079.400394460652024, 2538761.699223870411515 ], [ 2645002.558301061857492, 2538761.699223870411515 ], [ 2644925.714606552850455, 2538684.855887760408223 ], [ 2644925.714606552850455, 2538608.012551650870591 ], [ 2644848.872513154521585, 2538608.012551650870591 ], [ 2644772.030419755727053, 2538608.012551650870591 ], [ 2644772.030419755727053, 2538531.170816677156836 ], [ 2644695.188326357398182, 2538454.327480567153543 ], [ 2644695.188326357398182, 2538377.484144457615912 ], [ 2644695.188326357398182, 2538300.640808347612619 ], [ 2644772.030419755727053, 2538300.640808347612619 ], [ 2644772.030419755727053, 2538223.799073373898864 ], [ 2644772.030419755727053, 2538146.955737264361233 ], [ 2644695.188326357398182, 2538146.955737264361233 ], [ 2644695.188326357398182, 2538070.11240115435794 ], [ 2644618.34623295860365, 2537993.270666180644184 ], [ 2644541.502538449596614, 2537993.270666180644184 ], [ 2644541.502538449596614, 2537916.427330071106553 ], [ 2644541.502538449596614, 2537839.583993961103261 ], [ 2644541.502538449596614, 2537762.740657851099968 ], [ 2644541.502538449596614, 2537685.898922877851874 ], [ 2644541.502538449596614, 2537609.055586767848581 ], [ 2644541.502538449596614, 2537532.212250657845289 ], [ 2644541.502538449596614, 2537455.368914547841996 ], [ 2644464.660445050802082, 2537455.368914547841996 ], [ 2644464.660445050802082, 2537378.527179574593902 ], [ 2644464.660445050802082, 2537301.683843464590609 ], [ 2644387.818351652473211, 2537301.683843464590609 ], [ 2644464.660445050802082, 2537224.840507354587317 ], [ 2644541.502538449596614, 2537224.840507354587317 ], [ 2644541.502538449596614, 2537147.997171245049685 ], [ 2644541.502538449596614, 2537071.15543627133593 ], [ 2644541.502538449596614, 2536994.312100161332637 ], [ 2644541.502538449596614, 2536917.468764051795006 ], [ 2644618.34623295860365, 2536917.468764051795006 ], [ 2644618.34623295860365, 2536840.62702907808125 ], [ 2644618.34623295860365, 2536763.783692968077958 ], [ 2644695.188326357398182, 2536763.783692968077958 ], [ 2644772.030419755727053, 2536763.783692968077958 ], [ 2644772.030419755727053, 2536686.940356858540326 ], [ 2644695.188326357398182, 2536686.940356858540326 ], [ 2644695.188326357398182, 2536610.097020748537034 ], [ 2644695.188326357398182, 2536533.255285774823278 ], [ 2644695.188326357398182, 2536456.411949665285647 ], [ 2644618.34623295860365, 2536456.411949665285647 ], [ 2644618.34623295860365, 2536379.568613555282354 ], [ 2644618.34623295860365, 2536302.725277445279062 ], [ 2644695.188326357398182, 2536225.883542472030967 ], [ 2644695.188326357398182, 2536149.040206362027675 ], [ 2644695.188326357398182, 2536072.196870252024382 ], [ 2644695.188326357398182, 2535995.353534142486751 ], [ 2644772.030419755727053, 2535918.511799168772995 ], [ 2644772.030419755727053, 2535841.668463058769703 ], [ 2644848.872513154521585, 2535841.668463058769703 ], [ 2644848.872513154521585, 2535764.825126949232072 ], [ 2644848.872513154521585, 2535687.983391975518316 ], [ 2644925.714606552850455, 2535687.983391975518316 ], [ 2644925.714606552850455, 2535611.140055865515023 ], [ 2645002.558301061857492, 2535534.296719755977392 ], [ 2645002.558301061857492, 2535457.4533836459741 ], [ 2645002.558301061857492, 2535380.611648672260344 ], [ 2645002.558301061857492, 2535303.768312562722713 ], [ 2645002.558301061857492, 2535226.92497645271942 ], [ 2645002.558301061857492, 2535150.081640342716128 ], [ 2645079.400394460652024, 2535073.239905369468033 ], [ 2645156.242487858980894, 2534996.396569259464741 ], [ 2645233.084581257775426, 2534996.396569259464741 ], [ 2645309.926674656104296, 2534996.396569259464741 ], [ 2645386.768768054898828, 2534996.396569259464741 ], [ 2645386.768768054898828, 2534919.553233149461448 ], [ 2645309.926674656104296, 2534919.553233149461448 ], [ 2645309.926674656104296, 2534842.711498176213354 ], [ 2645386.768768054898828, 2534842.711498176213354 ], [ 2645386.768768054898828, 2534765.868162066210061 ], [ 2645463.612462563905865, 2534689.024825956206769 ], [ 2645463.612462563905865, 2534612.181489846203476 ], [ 2645540.454555962234735, 2534612.181489846203476 ], [ 2645540.454555962234735, 2534535.339754872955382 ], [ 2645617.296649361029267, 2534535.339754872955382 ], [ 2645694.138742759358138, 2534458.496418762952089 ], [ 2645770.98083615815267, 2534381.653082652948797 ], [ 2645770.98083615815267, 2534304.809746543411165 ], [ 2645770.98083615815267, 2534227.96801156969741 ], [ 2645770.98083615815267, 2534151.124675459694117 ], [ 2645770.98083615815267, 2534074.281339350156486 ], [ 2645694.138742759358138, 2534074.281339350156486 ], [ 2645694.138742759358138, 2533997.438003240153193 ], [ 2645694.138742759358138, 2533920.596268266439438 ], [ 2645617.296649361029267, 2533997.438003240153193 ], [ 2645617.296649361029267, 2533920.596268266439438 ], [ 2645540.454555962234735, 2533920.596268266439438 ], [ 2645463.612462563905865, 2533843.752932156901807 ], [ 2645386.768768054898828, 2533766.909596046898514 ], [ 2645309.926674656104296, 2533766.909596046898514 ], [ 2645233.084581257775426, 2533766.909596046898514 ], [ 2645233.084581257775426, 2533690.067861073184758 ], [ 2645156.242487858980894, 2533690.067861073184758 ], [ 2645233.084581257775426, 2533613.224524963647127 ], [ 2645309.926674656104296, 2533613.224524963647127 ], [ 2645233.084581257775426, 2533536.381188853643835 ], [ 2645309.926674656104296, 2533536.381188853643835 ], [ 2645309.926674656104296, 2533459.537852743640542 ], [ 2645233.084581257775426, 2533459.537852743640542 ], [ 2645233.084581257775426, 2533382.696117770392448 ], [ 2645156.242487858980894, 2533382.696117770392448 ], [ 2645156.242487858980894, 2533305.852781660389155 ], [ 2645079.400394460652024, 2533229.009445550385863 ], [ 2645002.558301061857492, 2533152.166109440848231 ], [ 2644925.714606552850455, 2533152.166109440848231 ], [ 2644925.714606552850455, 2533075.324374467134476 ], [ 2644925.714606552850455, 2532998.481038357131183 ], [ 2644848.872513154521585, 2532921.637702247593552 ], [ 2644772.030419755727053, 2532921.637702247593552 ], [ 2644772.030419755727053, 2532844.794366137590259 ], [ 2644772.030419755727053, 2532767.952631163876504 ], [ 2644695.188326357398182, 2532691.109295054338872 ], [ 2644695.188326357398182, 2532614.26595894433558 ], [ 2644695.188326357398182, 2532537.424223970621824 ], [ 2644618.34623295860365, 2532537.424223970621824 ], [ 2644618.34623295860365, 2532460.580887861084193 ], [ 2644618.34623295860365, 2532383.7375517510809 ], [ 2644618.34623295860365, 2532306.894215641077608 ], [ 2644618.34623295860365, 2532230.052480667829514 ], [ 2644541.502538449596614, 2532153.209144557826221 ], [ 2644464.660445050802082, 2532153.209144557826221 ], [ 2644387.818351652473211, 2532153.209144557826221 ], [ 2644387.818351652473211, 2532076.365808447822928 ], [ 2644310.976258253678679, 2532076.365808447822928 ], [ 2644234.134164855349809, 2531999.522472337819636 ], [ 2644234.134164855349809, 2531922.680737364571542 ], [ 2644157.290470346342772, 2531922.680737364571542 ], [ 2644080.44837694754824, 2531845.837401254568249 ], [ 2644003.60628354921937, 2531845.837401254568249 ], [ 2644003.60628354921937, 2531768.994065144564956 ], [ 2643926.764190150424838, 2531768.994065144564956 ], [ 2643926.764190150424838, 2531692.152330171316862 ], [ 2643849.922096752095968, 2531615.30899406131357 ], [ 2643773.080003353301436, 2531615.30899406131357 ], [ 2643696.236308844294399, 2531615.30899406131357 ], [ 2643696.236308844294399, 2531538.465657951310277 ], [ 2643773.080003353301436, 2531461.622321841772646 ], [ 2643773.080003353301436, 2531384.78058686805889 ], [ 2643773.080003353301436, 2531307.937250758055598 ], [ 2643696.236308844294399, 2531307.937250758055598 ], [ 2643696.236308844294399, 2531231.093914648517966 ], [ 2643619.394215445965528, 2531231.093914648517966 ], [ 2643619.394215445965528, 2531154.250578538514674 ], [ 2643542.552122047170997, 2531154.250578538514674 ], [ 2643542.552122047170997, 2531077.408843564800918 ], [ 2643465.710028648842126, 2531077.408843564800918 ], [ 2643465.710028648842126, 2531154.250578538514674 ], [ 2643388.867935250047594, 2531154.250578538514674 ], [ 2643388.867935250047594, 2531231.093914648517966 ], [ 2643312.024240741040558, 2531154.250578538514674 ], [ 2643312.024240741040558, 2531077.408843564800918 ], [ 2643388.867935250047594, 2531077.408843564800918 ], [ 2643388.867935250047594, 2531000.565507455263287 ], [ 2643388.867935250047594, 2530923.722171345259994 ], [ 2643465.710028648842126, 2530923.722171345259994 ], [ 2643388.867935250047594, 2530846.878835235256702 ], [ 2643388.867935250047594, 2530923.722171345259994 ], [ 2643312.024240741040558, 2530923.722171345259994 ], [ 2643235.182147342711687, 2530923.722171345259994 ], [ 2643235.182147342711687, 2530846.878835235256702 ], [ 2643158.340053943917155, 2530846.878835235256702 ], [ 2643158.340053943917155, 2530770.037100262008607 ], [ 2643081.497960545122623, 2530770.037100262008607 ], [ 2643081.497960545122623, 2530846.878835235256702 ], [ 2643004.655867146793753, 2530846.878835235256702 ], [ 2642927.812172637786716, 2530846.878835235256702 ], [ 2642927.812172637786716, 2530770.037100262008607 ], [ 2642927.812172637786716, 2530693.193764152005315 ], [ 2642927.812172637786716, 2530616.350428042002022 ], [ 2642313.073824338614941, 2530001.60694143595174 ], [ 2642236.23173094028607, 2530001.60694143595174 ], [ 2642082.545943032484502, 2529771.07853424269706 ], [ 2642005.703849634155631, 2529694.235198132693768 ], [ 2641698.33387492923066, 2529386.865055966190994 ], [ 2641621.491781530436128, 2529310.021719856187701 ], [ 2641544.649688132107258, 2529310.021719856187701 ], [ 2641467.807594733312726, 2529233.178383746184409 ], [ 2641467.807594733312726, 2529156.335047636181116 ], [ 2641314.123407936189324, 2529079.493312662933022 ], [ 2641083.595526630058885, 2528772.12156935967505 ], [ 2639854.117228921502829, 2527542.634596147108823 ], [ 2641006.753433231730014, 2526159.462551851291209 ], [ 2641390.965501334983855, 2525698.404136328492314 ], [ 2641775.177569438237697, 2525160.503985831979662 ], [ 2641775.177569438237697, 2525083.662250858731568 ], [ 2642082.545943032484502, 2524776.290507555473596 ], [ 2642159.389637541491538, 2524699.447171445470303 ], [ 2642389.915917737409472, 2524468.918764252215624 ], [ 2642389.915917737409472, 2524392.075428142677993 ], [ 2642466.758011135738343, 2524315.2320920326747 ], [ 2642543.60170564474538, 2524238.390357058960944 ], [ 2642543.60170564474538, 2524161.547020949423313 ], [ 2643004.655867146793753, 2523623.646870452910662 ], [ 2643081.497960545122623, 2523469.960198232904077 ], [ 2643235.182147342711687, 2523316.27512714965269 ], [ 2644080.44837694754824, 2522240.474826157093048 ], [ 2645540.454555962234735, 2520396.244366338010877 ], [ 2645540.454555962234735, 2520319.401030228473246 ], [ 2645617.296649361029267, 2520319.401030228473246 ], [ 2645694.138742759358138, 2520242.55929525475949 ], [ 2645770.98083615815267, 2520242.55929525475949 ], [ 2645847.824530667159706, 2520165.715959144756198 ], [ 2645847.824530667159706, 2520088.872623035218567 ], [ 2645924.666624065954238, 2520012.029286925215274 ], [ 2646001.508717464283109, 2520012.029286925215274 ], [ 2646232.036598770413548, 2519781.500879731960595 ], [ 2646539.404972364660352, 2519474.129136428702623 ], [ 2646462.562878966331482, 2519397.285800319164991 ], [ 2646308.87869216920808, 2519166.757393125910312 ], [ 2646385.72078556753695, 2518936.228985932655632 ], [ 2646385.72078556753695, 2518475.172171546146274 ], [ 2646385.72078556753695, 2518090.957092132885009 ], [ 2646385.72078556753695, 2517706.742012720089406 ], [ 2646308.87869216920808, 2517553.056941636372358 ], [ 2646155.192904261406511, 2517399.370269416831434 ], [ 2646155.192904261406511, 2517092.000127249862999 ], [ 2646001.508717464283109, 2516630.941711727064103 ], [ 2646078.350810863077641, 2516323.569968424271792 ], [ 2646155.192904261406511, 2516016.19822512101382 ], [ 2646078.350810863077641, 2515785.669817927759141 ], [ 2645924.666624065954238, 2515631.984746844507754 ], [ 2645463.612462563905865, 2515401.454738514497876 ], [ 2645079.400394460652024, 2515094.082995211705565 ], [ 2644925.714606552850455, 2514863.554588018450886 ], [ 2644925.714606552850455, 2514709.869516934733838 ], [ 2645079.400394460652024, 2514479.341109741479158 ], [ 2645233.084581257775426, 2514248.811101411934942 ], [ 2645309.926674656104296, 2514171.969366438686848 ], [ 2645386.768768054898828, 2514095.126030328683555 ], [ 2645463.612462563905865, 2513787.754287025425583 ], [ 2645540.454555962234735, 2513557.225879832170904 ], [ 2645770.98083615815267, 2513326.697472638916224 ], [ 2646001.508717464283109, 2513173.0108004193753 ], [ 2646385.72078556753695, 2513173.0108004193753 ], [ 2646539.404972364660352, 2513173.0108004193753 ], [ 2646462.562878966331482, 2513173.0108004193753 ], [ 2646462.562878966331482, 2513096.167464309372008 ], [ 2646462.562878966331482, 2513019.325729336123914 ], [ 2646462.562878966331482, 2512942.482393226120621 ], [ 2646539.404972364660352, 2512865.639057116117328 ], [ 2646616.247065763454884, 2512788.797322142869234 ], [ 2646616.247065763454884, 2512711.953986032865942 ], [ 2646616.247065763454884, 2512635.110649922862649 ], [ 2646539.404972364660352, 2512558.267313812859356 ], [ 2646539.404972364660352, 2512481.425578839611262 ], [ 2646539.404972364660352, 2512404.58224272960797 ], [ 2646539.404972364660352, 2512327.738906619604677 ], [ 2646539.404972364660352, 2512250.895570510067046 ], [ 2646539.404972364660352, 2512174.05383553635329 ], [ 2646462.562878966331482, 2512097.210499426349998 ], [ 2646462.562878966331482, 2512020.367163316812366 ], [ 2646385.72078556753695, 2511943.523827206809074 ], [ 2646385.72078556753695, 2511866.682092233095318 ], [ 2646308.87869216920808, 2511866.682092233095318 ], [ 2646385.72078556753695, 2511866.682092233095318 ], [ 2646385.72078556753695, 2511789.838756123557687 ], [ 2646385.72078556753695, 2511712.995420013554394 ], [ 2646385.72078556753695, 2511636.153685039840639 ], [ 2646385.72078556753695, 2511559.310348930303007 ], [ 2646385.72078556753695, 2511482.467012820299715 ], [ 2646385.72078556753695, 2511405.623676710296422 ], [ 2646385.72078556753695, 2511328.781941737048328 ], [ 2646385.72078556753695, 2511251.938605627045035 ], [ 2646462.562878966331482, 2511175.095269517041743 ], [ 2646462.562878966331482, 2511098.251933407504112 ], [ 2646462.562878966331482, 2511021.410198433790356 ], [ 2646539.404972364660352, 2511021.410198433790356 ], [ 2646539.404972364660352, 2510944.566862323787063 ], [ 2646616.247065763454884, 2510944.566862323787063 ], [ 2646616.247065763454884, 2510867.723526214249432 ], [ 2646616.247065763454884, 2510790.881791240535676 ], [ 2646616.247065763454884, 2510714.038455130532384 ], [ 2646616.247065763454884, 2510637.195119020994753 ], [ 2646539.404972364660352, 2510560.35178291099146 ], [ 2646539.404972364660352, 2510483.510047937277704 ], [ 2646462.562878966331482, 2510483.510047937277704 ], [ 2646462.562878966331482, 2510406.666711827740073 ], [ 2646462.562878966331482, 2510329.823375717736781 ], [ 2646462.562878966331482, 2510252.980039607733488 ], [ 2646385.72078556753695, 2510176.138304634485394 ], [ 2646385.72078556753695, 2510099.294968524482101 ], [ 2646385.72078556753695, 2510022.451632414478809 ], [ 2646308.87869216920808, 2509945.608296304475516 ], [ 2646308.87869216920808, 2509868.766561331227422 ], [ 2646308.87869216920808, 2509791.923225221224129 ], [ 2646308.87869216920808, 2509715.079889111220837 ], [ 2646308.87869216920808, 2509638.238154137972742 ], [ 2646308.87869216920808, 2509561.39481802796945 ], [ 2646308.87869216920808, 2509484.551481917966157 ], [ 2646308.87869216920808, 2509407.708145808428526 ], [ 2646232.036598770413548, 2509330.86641083471477 ], [ 2646232.036598770413548, 2509254.023074724711478 ], [ 2646232.036598770413548, 2509177.179738615173846 ], [ 2646232.036598770413548, 2509100.336402505170554 ], [ 2646232.036598770413548, 2509023.494667531456798 ], [ 2646155.192904261406511, 2508869.807995311915874 ], [ 2646078.350810863077641, 2508716.122924228664488 ], [ 2646078.350810863077641, 2508639.279588118661195 ], [ 2646155.192904261406511, 2508639.279588118661195 ], [ 2646232.036598770413548, 2508562.436252008657902 ], [ 2646232.036598770413548, 2508485.594517035409808 ], [ 2646308.87869216920808, 2508485.594517035409808 ], [ 2646385.72078556753695, 2508408.751180925406516 ], [ 2646385.72078556753695, 2508331.907844815403223 ], [ 2646462.562878966331482, 2508331.907844815403223 ], [ 2646462.562878966331482, 2508255.064508705865592 ], [ 2646539.404972364660352, 2508178.222773732151836 ], [ 2646539.404972364660352, 2508101.379437622148544 ], [ 2646539.404972364660352, 2508024.536101512610912 ], [ 2646539.404972364660352, 2507947.69276540260762 ], [ 2646539.404972364660352, 2507870.851030428893864 ], [ 2646539.404972364660352, 2507794.007694319356233 ], [ 2646539.404972364660352, 2507717.16435820935294 ], [ 2646539.404972364660352, 2507640.322623235639185 ], [ 2646539.404972364660352, 2507563.479287126101553 ], [ 2646539.404972364660352, 2507486.635951016098261 ], [ 2646616.247065763454884, 2507409.792614906094968 ], [ 2646693.090760272461921, 2507332.950879932846874 ], [ 2646693.090760272461921, 2507256.107543822843581 ], [ 2646693.090760272461921, 2507179.264207712840289 ], [ 2646769.932853670790792, 2507179.264207712840289 ], [ 2646846.774947069585323, 2507179.264207712840289 ], [ 2646846.774947069585323, 2507102.420871602836996 ], [ 2646923.617040467914194, 2507102.420871602836996 ], [ 2647000.459133866708726, 2507025.579136629588902 ], [ 2647000.459133866708726, 2506948.735800519585609 ], [ 2647000.459133866708726, 2506871.892464409582317 ], [ 2646923.617040467914194, 2506795.049128300044686 ], [ 2646846.774947069585323, 2506795.049128300044686 ], [ 2646846.774947069585323, 2506718.20739332633093 ], [ 2646846.774947069585323, 2506641.364057216327637 ], [ 2646769.932853670790792, 2506564.520721106790006 ], [ 2646693.090760272461921, 2506487.678986133076251 ], [ 2646616.247065763454884, 2506410.835650023072958 ], [ 2646616.247065763454884, 2506333.992313913535327 ], [ 2646539.404972364660352, 2506333.992313913535327 ], [ 2646539.404972364660352, 2506257.148977803532034 ], [ 2646462.562878966331482, 2506180.307242829818279 ], [ 2646462.562878966331482, 2506103.463906720280647 ], [ 2646462.562878966331482, 2506026.620570610277355 ], [ 2646385.72078556753695, 2506026.620570610277355 ], [ 2646385.72078556753695, 2505949.777234500274062 ], [ 2646385.72078556753695, 2505872.935499527025968 ], [ 2646462.562878966331482, 2505872.935499527025968 ], [ 2646462.562878966331482, 2505796.092163417022675 ], [ 2646616.247065763454884, 2505719.248827307019383 ], [ 2646616.247065763454884, 2505642.405491197481751 ], [ 2646693.090760272461921, 2505565.563756223767996 ], [ 2646769.932853670790792, 2505488.720420113764703 ], [ 2646846.774947069585323, 2505411.877084004227072 ], [ 2646846.774947069585323, 2505335.035349030513316 ], [ 2646846.774947069585323, 2505258.192012920510024 ], [ 2646923.617040467914194, 2505258.192012920510024 ] ] } },
{ "type": "Feature", "properties": { }, "geometry": { "type": "LineString", "coordinates": [ [ 2632784.617417375091463, 2589554.859390223398805 ], [ 2632861.459510773420334, 2589631.702726332936436 ], [ 2632861.459510773420334, 2589708.546062442939728 ], [ 2632938.301604172214866, 2589785.389398552943021 ], [ 2633015.143697570543736, 2589939.074469636194408 ], [ 2633091.985790969338268, 2589939.074469636194408 ], [ 2633091.985790969338268, 2590015.917805746197701 ], [ 2633168.829485478345305, 2590092.761141856200993 ], [ 2633245.671578877139837, 2590169.602876829449087 ], [ 2633322.513672275468707, 2590169.602876829449087 ], [ 2633399.355765674263239, 2590246.44621293945238 ], [ 2633476.197859072592109, 2590246.44621293945238 ], [ 2633476.197859072592109, 2590323.289549049455673 ], [ 2633553.041553581599146, 2590323.289549049455673 ], [ 2633629.883646980393678, 2590400.132885158993304 ], [ 2633706.725740378722548, 2590400.132885158993304 ], [ 2633783.56783377751708, 2590476.974620132707059 ], [ 2634321.464088677894324, 2590630.661292352247983 ], [ 2634936.204038087278605, 2590861.189699545502663 ], [ 2635089.888224884402007, 2590938.033035655505955 ], [ 2635858.312361091375351, 2591168.561442848760635 ], [ 2635858.312361091375351, 2591091.718106738757342 ], [ 2635935.154454489704221, 2591091.718106738757342 ], [ 2636011.998148998711258, 2591091.718106738757342 ], [ 2636011.998148998711258, 2591014.874770629219711 ], [ 2636088.84024239750579, 2591014.874770629219711 ], [ 2636088.84024239750579, 2590938.033035655505955 ], [ 2636165.682335795834661, 2590938.033035655505955 ], [ 2636242.524429194629192, 2590938.033035655505955 ], [ 2636626.736497297883034, 2590861.189699545502663 ], [ 2636780.420684095006436, 2590861.189699545502663 ], [ 2636934.106472002808005, 2590861.189699545502663 ], [ 2637010.948565401136875, 2590861.189699545502663 ], [ 2636934.106472002808005, 2590400.132885158993304 ], [ 2636934.106472002808005, 2590169.602876829449087 ], [ 2637856.21479500643909, 2589939.074469636194408 ], [ 2637779.372701607644558, 2589631.702726332936436 ], [ 2638547.796837814617902, 2589478.017655249685049 ], [ 2638470.95474441582337, 2589247.48924805643037 ], [ 2638317.268956508487463, 2589170.645911946427077 ], [ 2638240.426863109692931, 2589170.645911946427077 ], [ 2638163.584769710898399, 2589093.802575836889446 ], [ 2638086.742676312569529, 2589093.802575836889446 ], [ 2638086.742676312569529, 2589170.645911946427077 ], [ 2637933.05688840476796, 2589170.645911946427077 ], [ 2637856.21479500643909, 2589170.645911946427077 ], [ 2637779.372701607644558, 2589170.645911946427077 ], [ 2637702.530608209315687, 2589093.802575836889446 ], [ 2637625.686913700308651, 2588709.587496423628181 ], [ 2637625.686913700308651, 2588632.745761450380087 ], [ 2637625.686913700308651, 2588402.215753120835871 ], [ 2637548.844820301514119, 2588248.530682037118822 ], [ 2637472.002726903185248, 2587941.158938734326512 ], [ 2637472.002726903185248, 2587864.315602624323219 ], [ 2637472.002726903185248, 2587710.630531541071832 ], [ 2637548.844820301514119, 2587633.78719543106854 ], [ 2637548.844820301514119, 2587556.943859321065247 ], [ 2637548.844820301514119, 2587480.102124347817153 ], [ 2637472.002726903185248, 2587326.415452127810568 ], [ 2637472.002726903185248, 2587249.573717154562473 ], [ 2637395.160633504390717, 2587095.887044934555888 ], [ 2637395.160633504390717, 2587019.043708824552596 ], [ 2637395.160633504390717, 2586788.515301631297916 ], [ 2637395.160633504390717, 2586711.671965521760285 ], [ 2637318.318540106061846, 2586557.986894438043237 ], [ 2637241.476446707267314, 2586327.458487244788557 ], [ 2637241.476446707267314, 2586250.615151135250926 ], [ 2637164.632752198260278, 2586020.086743941996247 ], [ 2637164.632752198260278, 2585943.243407831992954 ], [ 2637241.476446707267314, 2585866.400071721989661 ], [ 2637318.318540106061846, 2585712.715000638738275 ], [ 2637395.160633504390717, 2585712.715000638738275 ], [ 2637395.160633504390717, 2585635.871664528734982 ], [ 2637472.002726903185248, 2585559.028328419197351 ], [ 2637548.844820301514119, 2585482.186593445483595 ], [ 2637548.844820301514119, 2585405.343257335480303 ], [ 2637625.686913700308651, 2585328.499921225942671 ], [ 2637625.686913700308651, 2585251.656585115939379 ], [ 2637702.530608209315687, 2585174.814850142225623 ], [ 2637779.372701607644558, 2585021.128177922684699 ], [ 2637856.21479500643909, 2584790.59977072943002 ], [ 2637933.05688840476796, 2584713.756434619426727 ], [ 2638009.898981803562492, 2584636.914699646178633 ], [ 2638009.898981803562492, 2584560.07136353617534 ], [ 2638086.742676312569529, 2584483.228027426172048 ], [ 2638009.898981803562492, 2584483.228027426172048 ], [ 2638009.898981803562492, 2584406.384691316168755 ], [ 2638009.898981803562492, 2584329.542956342920661 ], [ 2638009.898981803562492, 2584252.699620232917368 ], [ 2637933.05688840476796, 2584252.699620232917368 ], [ 2637933.05688840476796, 2584175.856284122914076 ], [ 2637856.21479500643909, 2584099.014549149665982 ], [ 2637779.372701607644558, 2584099.014549149665982 ], [ 2637702.530608209315687, 2584099.014549149665982 ], [ 2637625.686913700308651, 2584022.171213039662689 ], [ 2637548.844820301514119, 2584022.171213039662689 ], [ 2637472.002726903185248, 2584022.171213039662689 ], [ 2637395.160633504390717, 2584022.171213039662689 ], [ 2637318.318540106061846, 2584022.171213039662689 ], [ 2637241.476446707267314, 2584022.171213039662689 ], [ 2637164.632752198260278, 2584022.171213039662689 ], [ 2637087.790658799931407, 2584022.171213039662689 ], [ 2637010.948565401136875, 2583945.327876929659396 ], [ 2636934.106472002808005, 2583945.327876929659396 ], [ 2636857.264378604013473, 2583868.484540820121765 ], [ 2636780.420684095006436, 2583791.64280584640801 ], [ 2636549.894403899088502, 2583407.427726433612406 ], [ 2636396.208615991752595, 2583176.899319240357727 ], [ 2636396.208615991752595, 2583100.055983130354434 ], [ 2636242.524429194629192, 2582946.370912047103047 ], [ 2636165.682335795834661, 2582715.840903717558831 ], [ 2636088.84024239750579, 2582715.840903717558831 ], [ 2635935.154454489704221, 2582485.312496524304152 ], [ 2637010.948565401136875, 2582331.627425440587103 ], [ 2637625.686913700308651, 2582254.784089331049472 ], [ 2637856.21479500643909, 2582177.94075322104618 ], [ 2640468.855577220674604, 2581793.727274944540113 ], [ 2640545.699271729681641, 2581793.727274944540113 ], [ 2640622.541365128010511, 2581793.727274944540113 ], [ 2640699.383458526805043, 2581793.727274944540113 ], [ 2640776.225551925599575, 2581793.727274944540113 ], [ 2640776.225551925599575, 2581716.883938834536821 ], [ 2640853.067645323928446, 2581716.883938834536821 ], [ 2640929.911339832935482, 2581716.883938834536821 ], [ 2641006.753433231730014, 2581716.883938834536821 ], [ 2641083.595526630058885, 2581716.883938834536821 ], [ 2641160.437620028853416, 2581716.883938834536821 ], [ 2641160.437620028853416, 2581640.040602724533528 ], [ 2641237.279713427182287, 2581640.040602724533528 ], [ 2641237.279713427182287, 2581563.197266614530236 ], [ 2641237.279713427182287, 2581486.355531641282141 ], [ 2641237.279713427182287, 2581409.512195531278849 ], [ 2641160.437620028853416, 2581409.512195531278849 ], [ 2641160.437620028853416, 2581332.668859421275556 ], [ 2641160.437620028853416, 2581255.825523311737925 ], [ 2641237.279713427182287, 2581255.825523311737925 ], [ 2641160.437620028853416, 2581255.825523311737925 ], [ 2641160.437620028853416, 2581178.983788338024169 ], [ 2641160.437620028853416, 2581102.140452228020877 ], [ 2641160.437620028853416, 2581025.297116118483245 ], [ 2641160.437620028853416, 2580948.45538114476949 ], [ 2641160.437620028853416, 2580871.612045034766197 ], [ 2641160.437620028853416, 2580794.768708925228566 ], [ 2641160.437620028853416, 2580717.925372815225273 ], [ 2641160.437620028853416, 2580641.083637841511518 ], [ 2641083.595526630058885, 2580564.240301731973886 ], [ 2641083.595526630058885, 2580487.396965621970594 ], [ 2641006.753433231730014, 2580487.396965621970594 ], [ 2641006.753433231730014, 2580410.553629511967301 ], [ 2641006.753433231730014, 2580333.711894538719207 ], [ 2641006.753433231730014, 2580256.868558428715914 ], [ 2641006.753433231730014, 2580180.025222318712622 ], [ 2641006.753433231730014, 2580103.181886209174991 ], [ 2641006.753433231730014, 2580026.340151235461235 ], [ 2640929.911339832935482, 2579949.496815125457942 ], [ 2640853.067645323928446, 2579488.440000738948584 ], [ 2640853.067645323928446, 2579411.596664629410952 ], [ 2640776.225551925599575, 2579027.381585216149688 ], [ 2640699.383458526805043, 2578566.324770829640329 ], [ 2640699.383458526805043, 2578489.481434719637036 ], [ 2640699.383458526805043, 2578335.796363636385649 ], [ 2640545.699271729681641, 2577413.681133727077395 ], [ 2640468.855577220674604, 2577259.994461507536471 ], [ 2640161.487203626427799, 2575108.393859521951526 ], [ 2639930.95932232029736, 2573494.693408032879233 ], [ 2639930.95932232029736, 2573571.535143006127328 ], [ 2640007.801415718626231, 2573571.535143006127328 ], [ 2640007.801415718626231, 2573648.37847911613062 ], [ 2640084.643509117420763, 2573648.37847911613062 ], [ 2640084.643509117420763, 2573725.221815226133913 ], [ 2640161.487203626427799, 2573725.221815226133913 ], [ 2640161.487203626427799, 2573648.37847911613062 ], [ 2640238.32929702475667, 2573648.37847911613062 ], [ 2640238.32929702475667, 2573571.535143006127328 ], [ 2640315.171390423551202, 2573571.535143006127328 ], [ 2640392.013483821880072, 2573571.535143006127328 ], [ 2640545.699271729681641, 2573571.535143006127328 ], [ 2640622.541365128010511, 2573571.535143006127328 ], [ 2640699.383458526805043, 2573648.37847911613062 ], [ 2640853.067645323928446, 2573571.535143006127328 ], [ 2640929.911339832935482, 2573571.535143006127328 ], [ 2640929.911339832935482, 2573648.37847911613062 ], [ 2641006.753433231730014, 2573648.37847911613062 ], [ 2641083.595526630058885, 2573725.221815226133913 ], [ 2641160.437620028853416, 2573802.063550199382007 ], [ 2641160.437620028853416, 2573878.9068863093853 ], [ 2641237.279713427182287, 2573955.750222419388592 ], [ 2641237.279713427182287, 2574032.593558528926224 ], [ 2641314.123407936189324, 2574109.435293502639979 ], [ 2641390.965501334983855, 2574186.278629612643272 ], [ 2641467.807594733312726, 2574263.121965722180903 ], [ 2641544.649688132107258, 2574339.965301832184196 ], [ 2641544.649688132107258, 2574416.807036805897951 ], [ 2641621.491781530436128, 2574416.807036805897951 ], [ 2641698.33387492923066, 2574493.650372915435582 ], [ 2641775.177569438237697, 2574493.650372915435582 ], [ 2641852.019662836566567, 2574493.650372915435582 ], [ 2641928.861756235361099, 2574570.493709025438875 ], [ 2642005.703849634155631, 2574570.493709025438875 ], [ 2642082.545943032484502, 2574570.493709025438875 ], [ 2642159.389637541491538, 2574647.337045135442168 ], [ 2642236.23173094028607, 2574647.337045135442168 ], [ 2642389.915917737409472, 2574570.493709025438875 ], [ 2642466.758011135738343, 2574570.493709025438875 ], [ 2642543.60170564474538, 2574570.493709025438875 ], [ 2642620.443799043539912, 2574570.493709025438875 ], [ 2642620.443799043539912, 2574647.337045135442168 ], [ 2642697.285892441868782, 2574647.337045135442168 ], [ 2642774.127985840663314, 2574647.337045135442168 ], [ 2642850.970079238992184, 2574647.337045135442168 ], [ 2642850.970079238992184, 2574724.178780108690262 ], [ 2642927.812172637786716, 2574724.178780108690262 ], [ 2642927.812172637786716, 2574801.022116218693554 ], [ 2643004.655867146793753, 2574801.022116218693554 ], [ 2643004.655867146793753, 2574877.865452328696847 ], [ 2643081.497960545122623, 2574877.865452328696847 ], [ 2643081.497960545122623, 2574954.707187301944941 ], [ 2643081.497960545122623, 2575031.550523411948234 ], [ 2643158.340053943917155, 2575031.550523411948234 ], [ 2643158.340053943917155, 2575108.393859521951526 ], [ 2643235.182147342711687, 2575108.393859521951526 ], [ 2643235.182147342711687, 2575185.237195631489158 ], [ 2643312.024240741040558, 2575185.237195631489158 ], [ 2643388.867935250047594, 2575185.237195631489158 ], [ 2643465.710028648842126, 2575262.078930605202913 ], [ 2643542.552122047170997, 2575262.078930605202913 ], [ 2643619.394215445965528, 2575262.078930605202913 ], [ 2643696.236308844294399, 2575262.078930605202913 ], [ 2643773.080003353301436, 2575338.922266715206206 ], [ 2643849.922096752095968, 2575338.922266715206206 ], [ 2643926.764190150424838, 2575338.922266715206206 ], [ 2644003.60628354921937, 2575415.765602824743837 ], [ 2644080.44837694754824, 2575415.765602824743837 ], [ 2644157.290470346342772, 2575492.60893893474713 ], [ 2644234.134164855349809, 2575492.60893893474713 ], [ 2644310.976258253678679, 2575569.450673908460885 ], [ 2644387.818351652473211, 2575569.450673908460885 ], [ 2644464.660445050802082, 2575492.60893893474713 ], [ 2644695.188326357398182, 2575492.60893893474713 ], [ 2644848.872513154521585, 2575415.765602824743837 ], [ 2644925.714606552850455, 2575415.765602824743837 ], [ 2645002.558301061857492, 2575415.765602824743837 ], [ 2645079.400394460652024, 2575415.765602824743837 ], [ 2645156.242487858980894, 2575415.765602824743837 ], [ 2645233.084581257775426, 2575415.765602824743837 ], [ 2645309.926674656104296, 2575492.60893893474713 ], [ 2645386.768768054898828, 2575492.60893893474713 ], [ 2645386.768768054898828, 2575569.450673908460885 ], [ 2645386.768768054898828, 2575646.294010017998517 ], [ 2645463.612462563905865, 2575799.980682238005102 ], [ 2645540.454555962234735, 2575876.822417211253196 ], [ 2645540.454555962234735, 2575953.665753321256489 ], [ 2645540.454555962234735, 2576030.509089431259781 ], [ 2645617.296649361029267, 2576107.350824404507875 ], [ 2645617.296649361029267, 2576184.194160514511168 ], [ 2645617.296649361029267, 2576261.037496624514461 ], [ 2645694.138742759358138, 2576261.037496624514461 ], [ 2645694.138742759358138, 2576337.880832734517753 ], [ 2645770.98083615815267, 2576337.880832734517753 ], [ 2645847.824530667159706, 2576337.880832734517753 ], [ 2645847.824530667159706, 2576414.722567707765847 ], [ 2645924.666624065954238, 2576414.722567707765847 ], [ 2646001.508717464283109, 2576414.722567707765847 ], [ 2646001.508717464283109, 2576337.880832734517753 ], [ 2646078.350810863077641, 2576337.880832734517753 ], [ 2646155.192904261406511, 2576337.880832734517753 ], [ 2646232.036598770413548, 2576337.880832734517753 ], [ 2646308.87869216920808, 2576337.880832734517753 ], [ 2646385.72078556753695, 2576261.037496624514461 ], [ 2646462.562878966331482, 2576261.037496624514461 ], [ 2646539.404972364660352, 2576261.037496624514461 ], [ 2646616.247065763454884, 2576261.037496624514461 ], [ 2646693.090760272461921, 2576261.037496624514461 ], [ 2646693.090760272461921, 2576184.194160514511168 ], [ 2646769.932853670790792, 2576107.350824404507875 ], [ 2646846.774947069585323, 2576030.509089431259781 ], [ 2646846.774947069585323, 2575953.665753321256489 ], [ 2646769.932853670790792, 2575953.665753321256489 ], [ 2646769.932853670790792, 2575876.822417211253196 ], [ 2646769.932853670790792, 2575799.980682238005102 ], [ 2646693.090760272461921, 2575799.980682238005102 ], [ 2646616.247065763454884, 2575799.980682238005102 ], [ 2646616.247065763454884, 2575723.137346128001809 ], [ 2646539.404972364660352, 2575569.450673908460885 ], [ 2646539.404972364660352, 2575492.60893893474713 ], [ 2646539.404972364660352, 2575338.922266715206206 ], [ 2646308.87869216920808, 2575262.078930605202913 ], [ 2646232.036598770413548, 2575185.237195631489158 ], [ 2646155.192904261406511, 2574877.865452328696847 ], [ 2646001.508717464283109, 2574186.278629612643272 ], [ 2646001.508717464283109, 2574109.435293502639979 ], [ 2646001.508717464283109, 2574032.593558528926224 ], [ 2645924.666624065954238, 2573725.221815226133913 ], [ 2645770.98083615815267, 2573648.37847911613062 ], [ 2645617.296649361029267, 2573648.37847911613062 ], [ 2645617.296649361029267, 2573494.693408032879233 ], [ 2645694.138742759358138, 2573494.693408032879233 ], [ 2645617.296649361029267, 2573264.163399702869356 ], [ 2645386.768768054898828, 2572342.049770929850638 ], [ 2645770.98083615815267, 2572265.206434820313007 ], [ 2645770.98083615815267, 2572188.363098710309714 ], [ 2645386.768768054898828, 2570651.504382194485515 ], [ 2645156.242487858980894, 2570651.504382194485515 ], [ 2645079.400394460652024, 2570497.819311111234128 ], [ 2645079.400394460652024, 2570344.134240027982742 ], [ 2645079.400394460652024, 2570267.290903917979449 ], [ 2645002.558301061857492, 2570190.447567807976156 ], [ 2644925.714606552850455, 2570113.604231698438525 ], [ 2644848.872513154521585, 2570113.604231698438525 ], [ 2644848.872513154521585, 2570036.76249672472477 ], [ 2644925.714606552850455, 2569959.919160614721477 ], [ 2645002.558301061857492, 2569959.919160614721477 ], [ 2645079.400394460652024, 2569959.919160614721477 ], [ 2645156.242487858980894, 2569959.919160614721477 ], [ 2645079.400394460652024, 2569883.075824505183846 ], [ 2645079.400394460652024, 2569806.232488395180553 ], [ 2645079.400394460652024, 2569729.390753421466798 ], [ 2645002.558301061857492, 2569652.547417311929166 ], [ 2644925.714606552850455, 2569575.704081201925874 ], [ 2644848.872513154521585, 2569575.704081201925874 ], [ 2644848.872513154521585, 2569498.862346228212118 ], [ 2644848.872513154521585, 2569422.019010118674487 ], [ 2644772.030419755727053, 2569422.019010118674487 ], [ 2644772.030419755727053, 2569345.175674008671194 ], [ 2644772.030419755727053, 2569268.332337898667902 ], [ 2644695.188326357398182, 2569191.490602925419807 ], [ 2644618.34623295860365, 2569037.803930705413222 ], [ 2644541.502538449596614, 2569037.803930705413222 ], [ 2644541.502538449596614, 2568960.960594595875591 ], [ 2644618.34623295860365, 2568884.118859622161835 ], [ 2644618.34623295860365, 2568807.275523512158543 ], [ 2644618.34623295860365, 2568653.588851292617619 ], [ 2644695.188326357398182, 2568576.747116318903863 ], [ 2644695.188326357398182, 2568499.903780209366232 ], [ 2644772.030419755727053, 2568499.903780209366232 ], [ 2644772.030419755727053, 2568423.06044409936294 ], [ 2644695.188326357398182, 2568423.06044409936294 ], [ 2644695.188326357398182, 2568346.218709125649184 ], [ 2644618.34623295860365, 2568269.375373016111553 ], [ 2644541.502538449596614, 2568269.375373016111553 ], [ 2644541.502538449596614, 2568192.53203690610826 ], [ 2644464.660445050802082, 2568192.53203690610826 ], [ 2644464.660445050802082, 2568115.688700796104968 ], [ 2644387.818351652473211, 2568038.846965822856873 ], [ 2644310.976258253678679, 2568038.846965822856873 ], [ 2644310.976258253678679, 2567962.003629712853581 ], [ 2644234.134164855349809, 2567885.160293602850288 ], [ 2644157.290470346342772, 2567808.316957492846996 ], [ 2644157.290470346342772, 2567731.475222519598901 ], [ 2644157.290470346342772, 2567654.631886409595609 ], [ 2644157.290470346342772, 2567577.788550299592316 ], [ 2644080.44837694754824, 2567577.788550299592316 ], [ 2644003.60628354921937, 2567577.788550299592316 ], [ 2644003.60628354921937, 2567500.945214190054685 ], [ 2643926.764190150424838, 2567500.945214190054685 ], [ 2643926.764190150424838, 2567424.103479216340929 ], [ 2644003.60628354921937, 2567424.103479216340929 ], [ 2644234.134164855349809, 2567424.103479216340929 ], [ 2644464.660445050802082, 2567424.103479216340929 ], [ 2644541.502538449596614, 2567424.103479216340929 ], [ 2644772.030419755727053, 2567424.103479216340929 ], [ 2644618.34623295860365, 2566194.616506003774703 ], [ 2644541.502538449596614, 2566194.616506003774703 ], [ 2644541.502538449596614, 2566117.773169894237071 ], [ 2644618.34623295860365, 2566117.773169894237071 ], [ 2644618.34623295860365, 2565733.559691617265344 ], [ 2645002.558301061857492, 2565810.401426590979099 ], [ 2645002.558301061857492, 2565733.559691617265344 ], [ 2646078.350810863077641, 2564965.129532791208476 ], [ 2646232.036598770413548, 2564888.287797817960382 ], [ 2646539.404972364660352, 2564965.129532791208476 ], [ 2646616.247065763454884, 2564965.129532791208476 ], [ 2646693.090760272461921, 2564965.129532791208476 ], [ 2646769.932853670790792, 2564965.129532791208476 ], [ 2646923.617040467914194, 2564965.129532791208476 ], [ 2647000.459133866708726, 2564965.129532791208476 ], [ 2647077.302828375715762, 2564965.129532791208476 ], [ 2647154.144921774510294, 2564965.129532791208476 ], [ 2647230.987015172839165, 2565041.972868901211768 ], [ 2647384.671201969962567, 2565118.816205011215061 ], [ 2647384.671201969962567, 2565041.972868901211768 ], [ 2647307.829108571633697, 2564657.757789488416165 ], [ 2647384.671201969962567, 2564657.757789488416165 ], [ 2647538.356989877764136, 2564580.91605451470241 ], [ 2647615.199083276093006, 2564580.91605451470241 ], [ 2647768.883270073216408, 2564504.072718404699117 ], [ 2648153.09533817647025, 2564427.229382295161486 ], [ 2648229.937431575264782, 2564427.229382295161486 ], [ 2648460.465312881395221, 2564427.229382295161486 ], [ 2648460.465312881395221, 2564196.700975101906806 ], [ 2648767.835287586320192, 2564119.857638991903514 ], [ 2648767.835287586320192, 2564196.700975101906806 ], [ 2649459.415729283820838, 2564273.544311211444438 ], [ 2649613.101517191622406, 2564196.700975101906806 ], [ 2649689.943610589951277, 2564119.857638991903514 ], [ 2649843.627797387074679, 2564043.015904018189758 ], [ 2650074.155678693205118, 2563889.329231798648834 ], [ 2650150.99777209199965, 2563889.329231798648834 ], [ 2650227.839865490328521, 2563889.329231798648834 ], [ 2650304.681958889123052, 2563889.329231798648834 ], [ 2650227.839865490328521, 2563428.272417412139475 ], [ 2650612.051933593582362, 2563351.429081302136183 ], [ 2650919.421908298507333, 2563274.585745192598552 ], [ 2650919.421908298507333, 2563120.900674108881503 ], [ 2651380.476069800555706, 2562813.528930806089193 ], [ 2651457.318163198884577, 2563351.429081302136183 ], [ 2651918.37232470093295, 2563274.585745192598552 ], [ 2651841.530231302138418, 2563505.114152385853231 ], [ 2652072.058112608268857, 2563581.957488495390862 ], [ 2652072.058112608268857, 2563735.644160715397447 ], [ 2652072.058112608268857, 2563812.485895688645542 ], [ 2652072.058112608268857, 2563735.644160715397447 ], [ 2652148.900206007063389, 2563735.644160715397447 ], [ 2652225.742299405857921, 2563735.644160715397447 ], [ 2652302.584392804186791, 2563735.644160715397447 ], [ 2652379.426486202981323, 2563658.800824605394155 ], [ 2652379.426486202981323, 2563581.957488495390862 ], [ 2652379.426486202981323, 2563505.114152385853231 ], [ 2652840.482248815242201, 2563428.272417412139475 ], [ 2653224.694316918496042, 2563351.429081302136183 ], [ 2653762.590571818873286, 2563274.585745192598552 ], [ 2653916.274758615996689, 2563197.744010218884796 ], [ 2654454.171013516373932, 2563120.900674108881503 ], [ 2654684.698894822970033, 2563120.900674108881503 ], [ 2654684.698894822970033, 2560508.241656600497663 ], [ 2654684.698894822970033, 2558587.169461808167398 ] ] } },
{ "type": "Feature", "properties": { }, "geometry": { "type": "LineString", "coordinates": [ [ 2742669.238473827484995, 2614451.962592094670981 ], [ 2742746.080567225813866, 2614451.962592094670981 ], [ 2742822.922660624608397, 2614451.962592094670981 ], [ 2742822.922660624608397, 2614528.804327067919075 ], [ 2742899.766355133615434, 2614528.804327067919075 ], [ 2742976.608448531944305, 2614528.804327067919075 ], [ 2743053.450541930738837, 2614605.647663177922368 ], [ 2743130.292635329067707, 2614605.647663177922368 ], [ 2743207.134728727862239, 2614682.490999287925661 ], [ 2743283.976822126191109, 2614682.490999287925661 ], [ 2743283.976822126191109, 2614759.332734261173755 ], [ 2743360.820516635198146, 2614759.332734261173755 ], [ 2743437.662610033992678, 2614759.332734261173755 ], [ 2743437.662610033992678, 2614836.176070371177047 ], [ 2743514.504703432321548, 2614836.176070371177047 ], [ 2743514.504703432321548, 2614913.01940648118034 ], [ 2743591.34679683111608, 2614913.01940648118034 ], [ 2743591.34679683111608, 2614989.862742591183633 ], [ 2743668.188890229910612, 2614989.862742591183633 ], [ 2743745.032584738917649, 2614989.862742591183633 ], [ 2743745.032584738917649, 2615066.704477564431727 ], [ 2743821.874678137246519, 2615066.704477564431727 ], [ 2743821.874678137246519, 2615143.547813674435019 ], [ 2743898.716771536041051, 2615143.547813674435019 ], [ 2743898.716771536041051, 2615220.391149784438312 ], [ 2743975.558864934369922, 2615220.391149784438312 ], [ 2743975.558864934369922, 2615297.234485893975943 ], [ 2744052.400958333164454, 2615297.234485893975943 ], [ 2744129.243051731493324, 2615297.234485893975943 ], [ 2744206.086746240500361, 2615374.076220867689699 ], [ 2744282.928839639294893, 2615374.076220867689699 ], [ 2744359.770933037623763, 2615374.076220867689699 ], [ 2744436.613026436418295, 2615374.076220867689699 ], [ 2744513.455119834747165, 2615374.076220867689699 ], [ 2744513.455119834747165, 2615297.234485893975943 ], [ 2744590.298814343754202, 2615297.234485893975943 ], [ 2744590.298814343754202, 2615220.391149784438312 ], [ 2744667.140907742548734, 2615220.391149784438312 ], [ 2744667.140907742548734, 2615143.547813674435019 ], [ 2744667.140907742548734, 2615066.704477564431727 ], [ 2744667.140907742548734, 2614989.862742591183633 ], [ 2744743.983001140877604, 2614989.862742591183633 ], [ 2744743.983001140877604, 2614913.01940648118034 ], [ 2744743.983001140877604, 2614836.176070371177047 ], [ 2744820.825094539672136, 2614836.176070371177047 ], [ 2744820.825094539672136, 2614759.332734261173755 ], [ 2744820.825094539672136, 2614682.490999287925661 ], [ 2744897.667187938466668, 2614682.490999287925661 ], [ 2744897.667187938466668, 2614605.647663177922368 ], [ 2744974.510882447473705, 2614528.804327067919075 ], [ 2744974.510882447473705, 2614451.962592094670981 ], [ 2745051.352975845802575, 2614451.962592094670981 ], [ 2745051.352975845802575, 2614375.119255984667689 ], [ 2745128.195069244597107, 2614375.119255984667689 ], [ 2745128.195069244597107, 2614298.275919874664396 ], [ 2745205.037162642925978, 2614298.275919874664396 ], [ 2745205.037162642925978, 2614221.432583765126765 ], [ 2745205.037162642925978, 2614144.590848791413009 ], [ 2745205.037162642925978, 2614067.747512681409717 ], [ 2745128.195069244597107, 2614067.747512681409717 ], [ 2745128.195069244597107, 2613990.904176571872085 ], [ 2745128.195069244597107, 2613914.060840461868793 ], [ 2745051.352975845802575, 2613914.060840461868793 ], [ 2745051.352975845802575, 2613837.219105488155037 ], [ 2745051.352975845802575, 2613760.375769378617406 ], [ 2745051.352975845802575, 2613683.532433268614113 ], [ 2745128.195069244597107, 2613683.532433268614113 ], [ 2745128.195069244597107, 2613606.689097158610821 ], [ 2745205.037162642925978, 2613529.847362185362726 ], [ 2745281.87925604172051, 2613453.004026075359434 ], [ 2745358.72134944004938, 2613453.004026075359434 ], [ 2745358.72134944004938, 2613376.160689965356141 ], [ 2745435.565043949056417, 2613376.160689965356141 ], [ 2745512.407137347850949, 2613299.318954992108047 ], [ 2745589.249230746179819, 2613299.318954992108047 ], [ 2745666.091324144974351, 2613299.318954992108047 ], [ 2745742.933417543303221, 2613299.318954992108047 ], [ 2745819.777112052310258, 2613299.318954992108047 ], [ 2745896.61920545110479, 2613299.318954992108047 ], [ 2745973.461298849433661, 2613299.318954992108047 ], [ 2746050.303392248228192, 2613222.475618882104754 ], [ 2746127.145485647022724, 2613222.475618882104754 ], [ 2746203.989180156029761, 2613145.632282772101462 ], [ 2746280.831273554358631, 2613145.632282772101462 ], [ 2746280.831273554358631, 2613068.788946662563831 ], [ 2746357.673366953153163, 2613068.788946662563831 ], [ 2746357.673366953153163, 2612991.947211688850075 ], [ 2746434.515460351482034, 2612991.947211688850075 ], [ 2746434.515460351482034, 2612915.103875578846782 ], [ 2746511.357553750276566, 2612915.103875578846782 ], [ 2746511.357553750276566, 2612838.260539469309151 ], [ 2746588.199647148605436, 2612761.417203359305859 ], [ 2746665.043341657612473, 2612761.417203359305859 ], [ 2746665.043341657612473, 2612684.575468385592103 ], [ 2746741.885435056407005, 2612684.575468385592103 ], [ 2746741.885435056407005, 2612607.732132276054472 ], [ 2746818.727528454735875, 2612607.732132276054472 ], [ 2746818.727528454735875, 2612530.888796166051179 ], [ 2746895.569621853530407, 2612530.888796166051179 ], [ 2746895.569621853530407, 2612454.047061192337424 ], [ 2746972.411715251859277, 2612454.047061192337424 ], [ 2746972.411715251859277, 2612377.203725082799792 ], [ 2747049.255409760866314, 2612377.203725082799792 ], [ 2747049.255409760866314, 2612300.3603889727965 ], [ 2747126.097503159660846, 2612300.3603889727965 ], [ 2747202.939596557989717, 2612300.3603889727965 ], [ 2747202.939596557989717, 2612223.517052862793207 ], [ 2747279.781689956784248, 2612223.517052862793207 ], [ 2747356.62378335557878, 2612223.517052862793207 ], [ 2747356.62378335557878, 2612146.675317889545113 ], [ 2747433.467477864585817, 2612146.675317889545113 ], [ 2747510.309571262914687, 2612146.675317889545113 ], [ 2747587.151664661709219, 2612146.675317889545113 ], [ 2747663.99375806003809, 2612146.675317889545113 ], [ 2747663.99375806003809, 2612069.83198177954182 ], [ 2747740.835851458832622, 2612069.83198177954182 ], [ 2747817.677944857161492, 2612069.83198177954182 ], [ 2747894.521639366168529, 2612069.83198177954182 ], [ 2747971.363732764963061, 2612069.83198177954182 ], [ 2748048.205826163291931, 2612069.83198177954182 ], [ 2748048.205826163291931, 2612146.675317889545113 ], [ 2748125.047919562086463, 2612146.675317889545113 ], [ 2748201.890012960415334, 2612146.675317889545113 ], [ 2748278.73370746942237, 2612146.675317889545113 ], [ 2748355.575800868216902, 2612223.517052862793207 ], [ 2748432.417894266545773, 2612223.517052862793207 ], [ 2748509.259987665340304, 2612223.517052862793207 ], [ 2748586.102081064134836, 2612300.3603889727965 ], [ 2748586.102081064134836, 2612377.203725082799792 ], [ 2748662.945775573141873, 2612377.203725082799792 ], [ 2748739.787868971470743, 2612377.203725082799792 ], [ 2748739.787868971470743, 2612300.3603889727965 ], [ 2748816.629962370265275, 2612300.3603889727965 ], [ 2748893.472055768594146, 2612300.3603889727965 ], [ 2748893.472055768594146, 2612223.517052862793207 ], [ 2748970.314149167388678, 2612223.517052862793207 ], [ 2748970.314149167388678, 2612146.675317889545113 ], [ 2748970.314149167388678, 2612069.83198177954182 ], [ 2749047.156242565717548, 2612069.83198177954182 ], [ 2749047.156242565717548, 2611992.988645669538528 ], [ 2749123.999937074724585, 2611992.988645669538528 ], [ 2749123.999937074724585, 2611916.145309559535235 ], [ 2749200.842030473519117, 2611916.145309559535235 ], [ 2749277.684123871847987, 2611916.145309559535235 ], [ 2749354.526217270642519, 2611916.145309559535235 ], [ 2749431.36831066897139, 2611916.145309559535235 ], [ 2749508.212005177978426, 2611916.145309559535235 ], [ 2749508.212005177978426, 2611839.303574586287141 ], [ 2749585.054098576772958, 2611839.303574586287141 ], [ 2749661.896191975101829, 2611839.303574586287141 ], [ 2749738.73828537389636, 2611839.303574586287141 ], [ 2749815.580378772225231, 2611839.303574586287141 ], [ 2749892.424073281697929, 2611839.303574586287141 ], [ 2749969.266166680026799, 2611839.303574586287141 ], [ 2749969.266166680026799, 2611916.145309559535235 ], [ 2750046.108260078821331, 2611916.145309559535235 ], [ 2750122.950353477150202, 2611916.145309559535235 ], [ 2750122.950353477150202, 2611839.303574586287141 ], [ 2750122.950353477150202, 2611762.460238476283848 ], [ 2750122.950353477150202, 2611685.616902366280556 ], [ 2750046.108260078821331, 2611685.616902366280556 ], [ 2749969.266166680026799, 2611685.616902366280556 ], [ 2749892.424073281697929, 2611685.616902366280556 ], [ 2749815.580378772225231, 2611685.616902366280556 ], [ 2749738.73828537389636, 2611685.616902366280556 ], [ 2749661.896191975101829, 2611608.773566256742924 ], [ 2749585.054098576772958, 2611608.773566256742924 ], [ 2749585.054098576772958, 2611531.931831283029169 ], [ 2749508.212005177978426, 2611531.931831283029169 ], [ 2749508.212005177978426, 2611455.088495173025876 ], [ 2749508.212005177978426, 2611378.245159063488245 ], [ 2749508.212005177978426, 2611301.403424089774489 ], [ 2749508.212005177978426, 2611224.560087979771197 ], [ 2749585.054098576772958, 2611224.560087979771197 ], [ 2749585.054098576772958, 2611147.716751870233566 ], [ 2749661.896191975101829, 2611147.716751870233566 ], [ 2749738.73828537389636, 2611147.716751870233566 ], [ 2749815.580378772225231, 2611147.716751870233566 ], [ 2749815.580378772225231, 2611224.560087979771197 ], [ 2749892.424073281697929, 2611224.560087979771197 ], [ 2749969.266166680026799, 2611224.560087979771197 ], [ 2750046.108260078821331, 2611224.560087979771197 ], [ 2750046.108260078821331, 2611147.716751870233566 ], [ 2750122.950353477150202, 2611147.716751870233566 ], [ 2750199.792446875944734, 2611070.873415760230273 ], [ 2750199.792446875944734, 2610994.031680786516517 ], [ 2750199.792446875944734, 2610917.188344676978886 ], [ 2750276.634540274273604, 2610917.188344676978886 ], [ 2750276.634540274273604, 2610840.345008566975594 ], [ 2750353.478234783280641, 2610840.345008566975594 ], [ 2750430.320328182075173, 2610840.345008566975594 ], [ 2750507.162421580404043, 2610840.345008566975594 ], [ 2750584.004514979198575, 2610840.345008566975594 ], [ 2750584.004514979198575, 2610917.188344676978886 ], [ 2750660.846608377527446, 2610917.188344676978886 ], [ 2750737.690302886534482, 2610994.031680786516517 ], [ 2750814.532396285329014, 2611070.873415760230273 ], [ 2750891.374489683657885, 2611070.873415760230273 ], [ 2750968.216583082452416, 2611070.873415760230273 ], [ 2751045.058676480781287, 2611070.873415760230273 ], [ 2751121.900769879575819, 2611070.873415760230273 ], [ 2751121.900769879575819, 2610994.031680786516517 ], [ 2751198.744464388582855, 2610994.031680786516517 ], [ 2751198.744464388582855, 2610917.188344676978886 ], [ 2751275.586557787377387, 2610917.188344676978886 ], [ 2751352.428651185706258, 2610917.188344676978886 ], [ 2751429.27074458450079, 2610917.188344676978886 ], [ 2751506.11283798282966, 2610917.188344676978886 ], [ 2751582.956532491836697, 2610917.188344676978886 ], [ 2751659.798625890631229, 2610917.188344676978886 ], [ 2751736.640719288960099, 2610917.188344676978886 ], [ 2751736.640719288960099, 2610994.031680786516517 ], [ 2751813.482812687754631, 2610994.031680786516517 ], [ 2751813.482812687754631, 2611070.873415760230273 ], [ 2751890.324906086083502, 2611070.873415760230273 ], [ 2751890.324906086083502, 2611147.716751870233566 ], [ 2751967.168600595090538, 2611147.716751870233566 ], [ 2751967.168600595090538, 2611224.560087979771197 ], [ 2752044.01069399388507, 2611224.560087979771197 ], [ 2752120.852787392213941, 2611224.560087979771197 ], [ 2752197.694880791008472, 2611224.560087979771197 ], [ 2752274.536974189337343, 2611224.560087979771197 ], [ 2752351.379067588131875, 2611224.560087979771197 ], [ 2752351.379067588131875, 2611147.716751870233566 ], [ 2752428.222762097138911, 2611147.716751870233566 ], [ 2752505.064855495933443, 2611147.716751870233566 ], [ 2752581.906948894262314, 2611147.716751870233566 ], [ 2752658.749042293056846, 2611070.873415760230273 ], [ 2752735.591135691385716, 2611070.873415760230273 ], [ 2752812.434830200392753, 2611070.873415760230273 ], [ 2752889.276923599187285, 2611070.873415760230273 ], [ 2752966.119016997516155, 2611070.873415760230273 ], [ 2753042.961110396310687, 2611070.873415760230273 ], [ 2753119.803203794639558, 2611070.873415760230273 ], [ 2753196.646898303646594, 2611070.873415760230273 ], [ 2753196.646898303646594, 2610994.031680786516517 ], [ 2753273.488991702441126, 2610994.031680786516517 ], [ 2753273.488991702441126, 2610917.188344676978886 ], [ 2753350.331085100769997, 2610917.188344676978886 ], [ 2753427.173178499564528, 2610917.188344676978886 ], [ 2753427.173178499564528, 2610840.345008566975594 ], [ 2753504.015271897893399, 2610840.345008566975594 ], [ 2753580.857365296687931, 2610840.345008566975594 ], [ 2753580.857365296687931, 2610763.501672456972301 ], [ 2753580.857365296687931, 2610686.659937483724207 ], [ 2753580.857365296687931, 2610609.816601373720914 ], [ 2753580.857365296687931, 2610532.973265263717622 ], [ 2753580.857365296687931, 2610456.12992915417999 ], [ 2753657.701059805694968, 2610456.12992915417999 ], [ 2753657.701059805694968, 2610379.288194180466235 ], [ 2753734.543153204489499, 2610379.288194180466235 ], [ 2753734.543153204489499, 2610302.444858070462942 ], [ 2753811.38524660281837, 2610302.444858070462942 ], [ 2753888.227340001612902, 2610302.444858070462942 ], [ 2753965.069433399941772, 2610302.444858070462942 ], [ 2753965.069433399941772, 2610225.601521960925311 ], [ 2753888.227340001612902, 2610148.759786987211555 ], [ 2753888.227340001612902, 2610071.916450877208263 ], [ 2753811.38524660281837, 2610071.916450877208263 ], [ 2753811.38524660281837, 2609995.073114767670631 ], [ 2753734.543153204489499, 2609995.073114767670631 ], [ 2753657.701059805694968, 2609995.073114767670631 ], [ 2753657.701059805694968, 2609918.229778657667339 ], [ 2753657.701059805694968, 2609841.388043683953583 ], [ 2753657.701059805694968, 2609764.544707574415952 ], [ 2753734.543153204489499, 2609764.544707574415952 ], [ 2753734.543153204489499, 2609687.701371464412659 ], [ 2753734.543153204489499, 2609610.858035354409367 ], [ 2753811.38524660281837, 2609610.858035354409367 ], [ 2753888.227340001612902, 2609610.858035354409367 ], [ 2753888.227340001612902, 2609534.016300381161273 ], [ 2753965.069433399941772, 2609534.016300381161273 ], [ 2753965.069433399941772, 2609457.17296427115798 ], [ 2754041.913127908948809, 2609457.17296427115798 ], [ 2754118.755221307743341, 2609457.17296427115798 ], [ 2754195.597314706072211, 2609457.17296427115798 ], [ 2754272.439408104866743, 2609380.329628161154687 ], [ 2754349.281501503195614, 2609380.329628161154687 ], [ 2754426.12519601220265, 2609380.329628161154687 ], [ 2754502.967289410997182, 2609380.329628161154687 ], [ 2754579.809382809326053, 2609380.329628161154687 ], [ 2754656.651476208120584, 2609380.329628161154687 ], [ 2754733.493569606449455, 2609380.329628161154687 ], [ 2754810.335663005243987, 2609380.329628161154687 ], [ 2754887.179357514251024, 2609380.329628161154687 ], [ 2754964.021450913045555, 2609380.329628161154687 ], [ 2754964.021450913045555, 2609457.17296427115798 ], [ 2755040.863544311374426, 2609457.17296427115798 ], [ 2755117.705637710168958, 2609457.17296427115798 ], [ 2755117.705637710168958, 2609380.329628161154687 ], [ 2755194.547731108497828, 2609380.329628161154687 ], [ 2755271.391425617504865, 2609380.329628161154687 ], [ 2755348.233519016299397, 2609380.329628161154687 ], [ 2755348.233519016299397, 2609457.17296427115798 ], [ 2755425.075612414628267, 2609457.17296427115798 ], [ 2755501.917705813422799, 2609457.17296427115798 ], [ 2755578.75979921175167, 2609457.17296427115798 ], [ 2755578.75979921175167, 2609380.329628161154687 ], [ 2755655.603493720758706, 2609380.329628161154687 ], [ 2755655.603493720758706, 2609303.487893187906593 ], [ 2755732.445587119553238, 2609303.487893187906593 ], [ 2755732.445587119553238, 2609226.644557077903301 ], [ 2755809.287680517882109, 2609226.644557077903301 ], [ 2755809.287680517882109, 2609149.801220967900008 ], [ 2755809.287680517882109, 2609072.957884857896715 ], [ 2755886.129773916676641, 2609072.957884857896715 ], [ 2755962.971867315005511, 2609072.957884857896715 ], [ 2755962.971867315005511, 2608996.116149884648621 ], [ 2756039.813960713800043, 2608996.116149884648621 ], [ 2756039.813960713800043, 2608919.272813774645329 ], [ 2756116.65765522280708, 2608919.272813774645329 ], [ 2756116.65765522280708, 2608996.116149884648621 ], [ 2756193.49974862113595, 2608996.116149884648621 ], [ 2756193.49974862113595, 2609072.957884857896715 ], [ 2756193.49974862113595, 2609149.801220967900008 ], [ 2756193.49974862113595, 2609226.644557077903301 ], [ 2756193.49974862113595, 2609303.487893187906593 ], [ 2756270.341842019930482, 2609303.487893187906593 ], [ 2756270.341842019930482, 2609380.329628161154687 ], [ 2756270.341842019930482, 2609303.487893187906593 ], [ 2756270.341842019930482, 2609226.644557077903301 ], [ 2756270.341842019930482, 2609149.801220967900008 ], [ 2756347.183935418725014, 2609149.801220967900008 ], [ 2756347.183935418725014, 2609072.957884857896715 ], [ 2756424.026028817053884, 2609072.957884857896715 ], [ 2756500.869723326060921, 2609072.957884857896715 ], [ 2756577.711816724855453, 2609072.957884857896715 ], [ 2756577.711816724855453, 2609149.801220967900008 ], [ 2756654.553910123184323, 2609149.801220967900008 ], [ 2756654.553910123184323, 2609226.644557077903301 ], [ 2756731.396003521978855, 2609226.644557077903301 ], [ 2756808.238096920307726, 2609226.644557077903301 ], [ 2756808.238096920307726, 2609149.801220967900008 ], [ 2756885.081791429314762, 2609149.801220967900008 ], [ 2756961.923884828109294, 2609149.801220967900008 ], [ 2757038.765978226438165, 2609149.801220967900008 ], [ 2757115.608071625232697, 2609149.801220967900008 ], [ 2757192.450165023561567, 2609149.801220967900008 ], [ 2757192.450165023561567, 2609072.957884857896715 ], [ 2757192.450165023561567, 2608996.116149884648621 ], [ 2757115.608071625232697, 2608996.116149884648621 ], [ 2757115.608071625232697, 2608919.272813774645329 ], [ 2757038.765978226438165, 2608919.272813774645329 ], [ 2757038.765978226438165, 2608842.429477664642036 ], [ 2756961.923884828109294, 2608842.429477664642036 ], [ 2756885.081791429314762, 2608842.429477664642036 ], [ 2756808.238096920307726, 2608842.429477664642036 ], [ 2756731.396003521978855, 2608842.429477664642036 ], [ 2756654.553910123184323, 2608842.429477664642036 ], [ 2756577.711816724855453, 2608842.429477664642036 ], [ 2756500.869723326060921, 2608842.429477664642036 ], [ 2756424.026028817053884, 2608842.429477664642036 ], [ 2756424.026028817053884, 2608765.586141555104405 ], [ 2756424.026028817053884, 2608688.744406581390649 ], [ 2756424.026028817053884, 2608611.901070471387357 ], [ 2756500.869723326060921, 2608611.901070471387357 ], [ 2756577.711816724855453, 2608611.901070471387357 ], [ 2756654.553910123184323, 2608688.744406581390649 ], [ 2756731.396003521978855, 2608688.744406581390649 ], [ 2756808.238096920307726, 2608688.744406581390649 ], [ 2756885.081791429314762, 2608688.744406581390649 ], [ 2756885.081791429314762, 2608611.901070471387357 ], [ 2756885.081791429314762, 2608535.057734361849725 ], [ 2756808.238096920307726, 2608535.057734361849725 ], [ 2756808.238096920307726, 2608458.214398251846433 ], [ 2756808.238096920307726, 2608381.372663278132677 ], [ 2756808.238096920307726, 2608304.529327168595046 ], [ 2756885.081791429314762, 2608304.529327168595046 ], [ 2756961.923884828109294, 2608227.685991058591753 ], [ 2756961.923884828109294, 2608304.529327168595046 ], [ 2757038.765978226438165, 2608304.529327168595046 ], [ 2757115.608071625232697, 2608304.529327168595046 ], [ 2757192.450165023561567, 2608304.529327168595046 ], [ 2757269.292258422356099, 2608304.529327168595046 ], [ 2757346.135952931363136, 2608304.529327168595046 ], [ 2757422.978046329692006, 2608304.529327168595046 ], [ 2757499.820139728486538, 2608304.529327168595046 ], [ 2757576.66223312728107, 2608304.529327168595046 ], [ 2757576.66223312728107, 2608381.372663278132677 ], [ 2757653.50432652560994, 2608381.372663278132677 ], [ 2757653.50432652560994, 2608458.214398251846433 ], [ 2757730.348021034616977, 2608458.214398251846433 ], [ 2757807.190114433411509, 2608458.214398251846433 ], [ 2757884.032207831740379, 2608458.214398251846433 ], [ 2757960.874301230534911, 2608458.214398251846433 ], [ 2757960.874301230534911, 2608381.372663278132677 ], [ 2757960.874301230534911, 2608304.529327168595046 ], [ 2757960.874301230534911, 2608227.685991058591753 ], [ 2757960.874301230534911, 2608150.844256084877998 ], [ 2757884.032207831740379, 2608074.000919975340366 ], [ 2757884.032207831740379, 2607997.157583865337074 ], [ 2757960.874301230534911, 2607997.157583865337074 ], [ 2758037.716394628863782, 2607997.157583865337074 ], [ 2758114.558488027658314, 2607997.157583865337074 ], [ 2758191.40218253666535, 2608074.000919975340366 ], [ 2758268.244275934994221, 2608074.000919975340366 ], [ 2758268.244275934994221, 2608150.844256084877998 ], [ 2758345.086369333788753, 2608150.844256084877998 ], [ 2758345.086369333788753, 2608227.685991058591753 ], [ 2758345.086369333788753, 2608150.844256084877998 ], [ 2758421.928462732117623, 2608150.844256084877998 ], [ 2758421.928462732117623, 2608227.685991058591753 ], [ 2758421.928462732117623, 2608150.844256084877998 ], [ 2758498.770556130912155, 2608150.844256084877998 ], [ 2758498.770556130912155, 2608074.000919975340366 ], [ 2758575.614250639919192, 2608074.000919975340366 ], [ 2758575.614250639919192, 2607997.157583865337074 ], [ 2758575.614250639919192, 2607920.314247755333781 ], [ 2758575.614250639919192, 2607843.472512782085687 ], [ 2758652.456344038248062, 2607843.472512782085687 ], [ 2758652.456344038248062, 2607766.629176672082394 ], [ 2758729.298437437042594, 2607766.629176672082394 ], [ 2758806.140530835837126, 2607766.629176672082394 ], [ 2758806.140530835837126, 2607843.472512782085687 ], [ 2758882.982624234165996, 2607843.472512782085687 ], [ 2758959.826318743173033, 2607920.314247755333781 ], [ 2759036.668412141967565, 2607920.314247755333781 ], [ 2759113.510505540296435, 2607920.314247755333781 ], [ 2759190.352598939090967, 2607920.314247755333781 ], [ 2759190.352598939090967, 2607843.472512782085687 ], [ 2759267.194692337419838, 2607843.472512782085687 ], [ 2759267.194692337419838, 2607766.629176672082394 ], [ 2759344.03678573621437, 2607766.629176672082394 ], [ 2759420.880480245221406, 2607766.629176672082394 ], [ 2759420.880480245221406, 2607689.785840562079102 ], [ 2759420.880480245221406, 2607612.942504452541471 ], [ 2759497.722573643550277, 2607612.942504452541471 ], [ 2759497.722573643550277, 2607536.100769478827715 ], [ 2759574.564667042344809, 2607536.100769478827715 ], [ 2759574.564667042344809, 2607459.257433368824422 ], [ 2759651.406760440673679, 2607459.257433368824422 ], [ 2759728.248853839468211, 2607459.257433368824422 ], [ 2759805.092548348475248, 2607459.257433368824422 ], [ 2759805.092548348475248, 2607382.414097259286791 ], [ 2759805.092548348475248, 2607305.570761149283499 ], [ 2759805.092548348475248, 2607228.729026175569743 ], [ 2759728.248853839468211, 2607228.729026175569743 ], [ 2759728.248853839468211, 2607151.885690066032112 ], [ 2759728.248853839468211, 2607075.042353956028819 ], [ 2759728.248853839468211, 2606998.200618982315063 ], [ 2759805.092548348475248, 2606998.200618982315063 ], [ 2759805.092548348475248, 2606921.357282872777432 ], [ 2759805.092548348475248, 2606844.51394676277414 ], [ 2759881.934641746804118, 2606844.51394676277414 ], [ 2759958.77673514559865, 2606844.51394676277414 ], [ 2760035.618828544393182, 2606844.51394676277414 ], [ 2760112.460921942722052, 2606844.51394676277414 ], [ 2760189.304616451729089, 2606844.51394676277414 ], [ 2760189.304616451729089, 2606921.357282872777432 ], [ 2760189.304616451729089, 2606998.200618982315063 ], [ 2760112.460921942722052, 2606998.200618982315063 ], [ 2760112.460921942722052, 2607075.042353956028819 ], [ 2760112.460921942722052, 2607151.885690066032112 ], [ 2760112.460921942722052, 2607228.729026175569743 ], [ 2760189.304616451729089, 2607228.729026175569743 ], [ 2760266.146709850523621, 2607228.729026175569743 ], [ 2760342.988803248852491, 2607228.729026175569743 ], [ 2760419.830896647647023, 2607228.729026175569743 ], [ 2760496.672990045975894, 2607228.729026175569743 ], [ 2760573.515083444770426, 2607228.729026175569743 ], [ 2760650.358777953777462, 2607151.885690066032112 ], [ 2760727.200871352106333, 2607151.885690066032112 ], [ 2760804.042964750900865, 2607151.885690066032112 ], [ 2760880.885058149229735, 2607151.885690066032112 ], [ 2760957.727151548024267, 2607151.885690066032112 ], [ 2760957.727151548024267, 2607075.042353956028819 ], [ 2761034.570846057031304, 2607075.042353956028819 ], [ 2761034.570846057031304, 2606998.200618982315063 ], [ 2761111.412939455360174, 2606998.200618982315063 ], [ 2761188.255032854154706, 2606998.200618982315063 ], [ 2761265.097126252949238, 2606998.200618982315063 ], [ 2761265.097126252949238, 2607075.042353956028819 ], [ 2761341.939219651278108, 2607075.042353956028819 ], [ 2761341.939219651278108, 2607151.885690066032112 ], [ 2761341.939219651278108, 2607228.729026175569743 ], [ 2761341.939219651278108, 2607305.570761149283499 ], [ 2761341.939219651278108, 2607382.414097259286791 ], [ 2761418.782914160285145, 2607382.414097259286791 ], [ 2761418.782914160285145, 2607459.257433368824422 ], [ 2761341.939219651278108, 2607459.257433368824422 ], [ 2761341.939219651278108, 2607536.100769478827715 ], [ 2761341.939219651278108, 2607612.942504452541471 ], [ 2761265.097126252949238, 2607612.942504452541471 ], [ 2761188.255032854154706, 2607612.942504452541471 ], [ 2761111.412939455360174, 2607612.942504452541471 ], [ 2761034.570846057031304, 2607612.942504452541471 ], [ 2761034.570846057031304, 2607689.785840562079102 ], [ 2761034.570846057031304, 2607766.629176672082394 ], [ 2761111.412939455360174, 2607766.629176672082394 ], [ 2761188.255032854154706, 2607766.629176672082394 ], [ 2761265.097126252949238, 2607766.629176672082394 ], [ 2761341.939219651278108, 2607766.629176672082394 ], [ 2761418.782914160285145, 2607766.629176672082394 ], [ 2761495.625007559079677, 2607766.629176672082394 ], [ 2761572.467100957408547, 2607766.629176672082394 ], [ 2761649.309194356203079, 2607766.629176672082394 ], [ 2761649.309194356203079, 2607689.785840562079102 ], [ 2761726.15128775453195, 2607689.785840562079102 ], [ 2761726.15128775453195, 2607612.942504452541471 ], [ 2761802.993381153326482, 2607612.942504452541471 ], [ 2761802.993381153326482, 2607536.100769478827715 ], [ 2761879.837075662333518, 2607536.100769478827715 ], [ 2761879.837075662333518, 2607459.257433368824422 ], [ 2761956.679169060662389, 2607459.257433368824422 ], [ 2761956.679169060662389, 2607382.414097259286791 ], [ 2762033.521262459456921, 2607382.414097259286791 ], [ 2762110.363355857785791, 2607382.414097259286791 ], [ 2762187.205449256580323, 2607382.414097259286791 ], [ 2762264.04914376558736, 2607382.414097259286791 ], [ 2762340.89123716391623, 2607382.414097259286791 ], [ 2762340.89123716391623, 2607459.257433368824422 ], [ 2762417.733330562710762, 2607459.257433368824422 ], [ 2762494.575423961505294, 2607459.257433368824422 ], [ 2762571.417517359834164, 2607459.257433368824422 ], [ 2762571.417517359834164, 2607382.414097259286791 ], [ 2762571.417517359834164, 2607305.570761149283499 ], [ 2762571.417517359834164, 2607228.729026175569743 ], [ 2762648.261211868841201, 2607228.729026175569743 ], [ 2762648.261211868841201, 2607151.885690066032112 ], [ 2762648.261211868841201, 2607075.042353956028819 ], [ 2762571.417517359834164, 2607075.042353956028819 ], [ 2762494.575423961505294, 2607075.042353956028819 ], [ 2762494.575423961505294, 2606998.200618982315063 ], [ 2762417.733330562710762, 2606998.200618982315063 ], [ 2762340.89123716391623, 2606998.200618982315063 ], [ 2762340.89123716391623, 2606921.357282872777432 ], [ 2762264.04914376558736, 2606921.357282872777432 ], [ 2762264.04914376558736, 2606844.51394676277414 ], [ 2762187.205449256580323, 2606844.51394676277414 ], [ 2762187.205449256580323, 2606767.670610652770847 ], [ 2762264.04914376558736, 2606767.670610652770847 ], [ 2762264.04914376558736, 2606690.828875679522753 ], [ 2762340.89123716391623, 2606690.828875679522753 ], [ 2762417.733330562710762, 2606690.828875679522753 ], [ 2762417.733330562710762, 2606613.98553956951946 ], [ 2762494.575423961505294, 2606613.98553956951946 ], [ 2762571.417517359834164, 2606690.828875679522753 ], [ 2762648.261211868841201, 2606690.828875679522753 ], [ 2762648.261211868841201, 2606767.670610652770847 ], [ 2762725.103305267635733, 2606767.670610652770847 ], [ 2762725.103305267635733, 2606690.828875679522753 ], [ 2762725.103305267635733, 2606613.98553956951946 ], [ 2762801.945398665964603, 2606537.142203459516168 ], [ 2762801.945398665964603, 2606460.298867349512875 ], [ 2762878.787492064759135, 2606460.298867349512875 ], [ 2762878.787492064759135, 2606383.457132376264781 ], [ 2762878.787492064759135, 2606306.613796266261488 ], [ 2762801.945398665964603, 2606306.613796266261488 ], [ 2762801.945398665964603, 2606229.770460156258196 ], [ 2762801.945398665964603, 2606152.928725183010101 ], [ 2762725.103305267635733, 2606152.928725183010101 ], [ 2762725.103305267635733, 2606076.085389073006809 ], [ 2762648.261211868841201, 2605999.242052963003516 ], [ 2762648.261211868841201, 2605922.398716853465885 ], [ 2762725.103305267635733, 2605845.556981879752129 ], [ 2762801.945398665964603, 2605845.556981879752129 ], [ 2762801.945398665964603, 2605768.713645769748837 ], [ 2762878.787492064759135, 2605768.713645769748837 ], [ 2762955.629585463088006, 2605768.713645769748837 ], [ 2762955.629585463088006, 2605691.870309660211205 ], [ 2762878.787492064759135, 2605691.870309660211205 ], [ 2762878.787492064759135, 2605615.026973550207913 ], [ 2762878.787492064759135, 2605538.185238576494157 ], [ 2762801.945398665964603, 2605538.185238576494157 ], [ 2762801.945398665964603, 2605461.341902466956526 ], [ 2762725.103305267635733, 2605461.341902466956526 ], [ 2762725.103305267635733, 2605384.498566356953233 ], [ 2762725.103305267635733, 2605307.655230246949941 ], [ 2762648.261211868841201, 2605307.655230246949941 ], [ 2762648.261211868841201, 2605230.813495273701847 ], [ 2762648.261211868841201, 2605153.970159163698554 ], [ 2762571.417517359834164, 2605153.970159163698554 ], [ 2762571.417517359834164, 2605077.126823053695261 ], [ 2762571.417517359834164, 2605000.285088080447167 ], [ 2762571.417517359834164, 2604923.441751970443875 ], [ 2762571.417517359834164, 2604846.598415860440582 ], [ 2762648.261211868841201, 2604846.598415860440582 ], [ 2762725.103305267635733, 2604846.598415860440582 ], [ 2762801.945398665964603, 2604846.598415860440582 ], [ 2762801.945398665964603, 2604769.755079750902951 ], [ 2762878.787492064759135, 2604769.755079750902951 ], [ 2762878.787492064759135, 2604692.913344777189195 ], [ 2762801.945398665964603, 2604692.913344777189195 ], [ 2762725.103305267635733, 2604692.913344777189195 ], [ 2762648.261211868841201, 2604692.913344777189195 ], [ 2762648.261211868841201, 2604769.755079750902951 ], [ 2762571.417517359834164, 2604769.755079750902951 ], [ 2762571.417517359834164, 2604692.913344777189195 ], [ 2762494.575423961505294, 2604692.913344777189195 ], [ 2762417.733330562710762, 2604692.913344777189195 ], [ 2762417.733330562710762, 2604616.070008667185903 ], [ 2762340.89123716391623, 2604616.070008667185903 ], [ 2762340.89123716391623, 2604539.226672557648271 ], [ 2762340.89123716391623, 2604462.383336447644979 ], [ 2762417.733330562710762, 2604462.383336447644979 ], [ 2762494.575423961505294, 2604462.383336447644979 ], [ 2762571.417517359834164, 2604462.383336447644979 ], [ 2762648.261211868841201, 2604462.383336447644979 ], [ 2762648.261211868841201, 2604385.541601473931223 ], [ 2762725.103305267635733, 2604385.541601473931223 ], [ 2762725.103305267635733, 2604308.698265364393592 ], [ 2762648.261211868841201, 2604231.854929254390299 ], [ 2762571.417517359834164, 2604155.011593144387007 ], [ 2762494.575423961505294, 2604155.011593144387007 ], [ 2762417.733330562710762, 2604155.011593144387007 ], [ 2762417.733330562710762, 2604078.169858171138912 ], [ 2762340.89123716391623, 2604078.169858171138912 ], [ 2762340.89123716391623, 2604001.32652206113562 ], [ 2762417.733330562710762, 2604001.32652206113562 ], [ 2762417.733330562710762, 2603924.483185951132327 ], [ 2762494.575423961505294, 2603924.483185951132327 ], [ 2762571.417517359834164, 2603924.483185951132327 ], [ 2762571.417517359834164, 2603847.641450977884233 ], [ 2762648.261211868841201, 2603847.641450977884233 ], [ 2762648.261211868841201, 2603770.79811486788094 ], [ 2762725.103305267635733, 2603770.79811486788094 ], [ 2762725.103305267635733, 2603847.641450977884233 ], [ 2762801.945398665964603, 2603847.641450977884233 ], [ 2762878.787492064759135, 2603847.641450977884233 ], [ 2762955.629585463088006, 2603847.641450977884233 ], [ 2763032.471678861882538, 2603847.641450977884233 ], [ 2763109.315373370889574, 2603770.79811486788094 ], [ 2763186.157466769218445, 2603770.79811486788094 ], [ 2763186.157466769218445, 2603847.641450977884233 ], [ 2763262.999560168012977, 2603847.641450977884233 ], [ 2763339.841653566341847, 2603847.641450977884233 ], [ 2763339.841653566341847, 2603770.79811486788094 ], [ 2763416.683746965136379, 2603770.79811486788094 ], [ 2763416.683746965136379, 2603693.954778757877648 ], [ 2763493.527441474143416, 2603693.954778757877648 ], [ 2763570.369534872472286, 2603693.954778757877648 ], [ 2763570.369534872472286, 2603617.111442647874355 ], [ 2763647.211628271266818, 2603617.111442647874355 ], [ 2763647.211628271266818, 2603540.269707674626261 ], [ 2763724.053721669595689, 2603540.269707674626261 ], [ 2763800.89581506839022, 2603463.426371564622968 ], [ 2763877.739509577397257, 2603386.583035454619676 ], [ 2763877.739509577397257, 2603309.739699345082045 ], [ 2763877.739509577397257, 2603232.897964371368289 ], [ 2763954.581602976191789, 2603232.897964371368289 ], [ 2763954.581602976191789, 2603156.054628261364996 ], [ 2763954.581602976191789, 2603079.211292151827365 ], [ 2764031.423696374520659, 2603079.211292151827365 ], [ 2764108.265789773315191, 2603079.211292151827365 ], [ 2764108.265789773315191, 2603002.36955717811361 ], [ 2764185.107883171644062, 2603002.36955717811361 ], [ 2764185.107883171644062, 2602925.526221068110317 ], [ 2764185.107883171644062, 2602848.682884958572686 ], [ 2764108.265789773315191, 2602848.682884958572686 ], [ 2764031.423696374520659, 2602848.682884958572686 ], [ 2764031.423696374520659, 2602925.526221068110317 ], [ 2763954.581602976191789, 2602925.526221068110317 ], [ 2763877.739509577397257, 2602925.526221068110317 ], [ 2763800.89581506839022, 2602925.526221068110317 ], [ 2763724.053721669595689, 2602925.526221068110317 ], [ 2763724.053721669595689, 2603002.36955717811361 ], [ 2763647.211628271266818, 2603002.36955717811361 ], [ 2763570.369534872472286, 2603002.36955717811361 ], [ 2763493.527441474143416, 2603002.36955717811361 ], [ 2763493.527441474143416, 2602925.526221068110317 ], [ 2763416.683746965136379, 2602925.526221068110317 ], [ 2763416.683746965136379, 2602848.682884958572686 ], [ 2763493.527441474143416, 2602848.682884958572686 ], [ 2763493.527441474143416, 2602771.839548848569393 ], [ 2763570.369534872472286, 2602694.997813874855638 ], [ 2763647.211628271266818, 2602694.997813874855638 ], [ 2763724.053721669595689, 2602694.997813874855638 ], [ 2763800.89581506839022, 2602694.997813874855638 ], [ 2763724.053721669595689, 2602694.997813874855638 ], [ 2763724.053721669595689, 2602618.154477765318006 ], [ 2763647.211628271266818, 2602618.154477765318006 ], [ 2763570.369534872472286, 2602618.154477765318006 ], [ 2763493.527441474143416, 2602541.311141655314714 ], [ 2763493.527441474143416, 2602464.467805545311421 ], [ 2763416.683746965136379, 2602464.467805545311421 ], [ 2763416.683746965136379, 2602387.626070572063327 ], [ 2763416.683746965136379, 2602310.782734462060034 ], [ 2763416.683746965136379, 2602233.939398352056742 ], [ 2763493.527441474143416, 2602157.09606224251911 ], [ 2763570.369534872472286, 2602157.09606224251911 ], [ 2763570.369534872472286, 2602080.254327268805355 ], [ 2763647.211628271266818, 2602080.254327268805355 ], [ 2763724.053721669595689, 2602080.254327268805355 ], [ 2763800.89581506839022, 2602080.254327268805355 ], [ 2763800.89581506839022, 2602003.410991158802062 ], [ 2763877.739509577397257, 2602003.410991158802062 ], [ 2763954.581602976191789, 2602003.410991158802062 ], [ 2764031.423696374520659, 2602003.410991158802062 ], [ 2764031.423696374520659, 2601926.567655049264431 ], [ 2764108.265789773315191, 2601926.567655049264431 ], [ 2764108.265789773315191, 2601849.725920075550675 ], [ 2764185.107883171644062, 2601849.725920075550675 ], [ 2764185.107883171644062, 2601772.882583965547383 ], [ 2764185.107883171644062, 2601696.039247856009752 ], [ 2764261.949976570438594, 2601696.039247856009752 ], [ 2764261.949976570438594, 2601619.195911746006459 ], [ 2764338.79367107944563, 2601619.195911746006459 ], [ 2764338.79367107944563, 2601542.354176772292703 ], [ 2764338.79367107944563, 2601619.195911746006459 ], [ 2764415.635764477774501, 2601619.195911746006459 ], [ 2764492.477857876569033, 2601619.195911746006459 ], [ 2764492.477857876569033, 2601696.039247856009752 ], [ 2764569.319951274897903, 2601696.039247856009752 ], [ 2764646.162044673692435, 2601696.039247856009752 ], [ 2764646.162044673692435, 2601772.882583965547383 ], [ 2764723.005739182699472, 2601772.882583965547383 ], [ 2764723.005739182699472, 2601849.725920075550675 ], [ 2764723.005739182699472, 2601926.567655049264431 ], [ 2764646.162044673692435, 2601926.567655049264431 ], [ 2764646.162044673692435, 2602003.410991158802062 ], [ 2764646.162044673692435, 2602080.254327268805355 ], [ 2764646.162044673692435, 2602157.09606224251911 ], [ 2764723.005739182699472, 2602157.09606224251911 ], [ 2764799.847832581028342, 2602157.09606224251911 ], [ 2764799.847832581028342, 2602080.254327268805355 ], [ 2764876.689925979822874, 2602080.254327268805355 ], [ 2764876.689925979822874, 2602003.410991158802062 ], [ 2764953.532019378617406, 2602003.410991158802062 ], [ 2765030.374112776946276, 2602003.410991158802062 ], [ 2765107.216206175275147, 2602003.410991158802062 ], [ 2765184.059900684747845, 2602003.410991158802062 ], [ 2765184.059900684747845, 2601926.567655049264431 ], [ 2765260.901994083076715, 2601926.567655049264431 ], [ 2765260.901994083076715, 2601849.725920075550675 ], [ 2765260.901994083076715, 2601772.882583965547383 ], [ 2765260.901994083076715, 2601696.039247856009752 ], [ 2765337.744087481871247, 2601696.039247856009752 ], [ 2765414.586180880200118, 2601696.039247856009752 ], [ 2765491.42827427899465, 2601696.039247856009752 ], [ 2765491.42827427899465, 2601772.882583965547383 ], [ 2765491.42827427899465, 2601849.725920075550675 ], [ 2765568.271968788001686, 2601849.725920075550675 ], [ 2765568.271968788001686, 2601772.882583965547383 ], [ 2765645.114062186330557, 2601696.039247856009752 ], [ 2765721.956155585125089, 2601696.039247856009752 ], [ 2765721.956155585125089, 2601772.882583965547383 ], [ 2765798.798248983453959, 2601772.882583965547383 ], [ 2765798.798248983453959, 2601849.725920075550675 ], [ 2765798.798248983453959, 2601926.567655049264431 ], [ 2765798.798248983453959, 2602003.410991158802062 ], [ 2765875.640342382248491, 2602003.410991158802062 ], [ 2765952.484036891255528, 2602003.410991158802062 ], [ 2765952.484036891255528, 2601926.567655049264431 ], [ 2766029.326130289584398, 2601926.567655049264431 ], [ 2766106.16822368837893, 2601926.567655049264431 ], [ 2766106.16822368837893, 2602003.410991158802062 ], [ 2766183.010317086707801, 2602003.410991158802062 ], [ 2766183.010317086707801, 2602080.254327268805355 ], [ 2766183.010317086707801, 2602157.09606224251911 ], [ 2766259.852410485502332, 2602157.09606224251911 ], [ 2766336.694503883831203, 2602157.09606224251911 ], [ 2766336.694503883831203, 2602233.939398352056742 ], [ 2766413.538198393303901, 2602233.939398352056742 ], [ 2766490.380291791632771, 2602233.939398352056742 ], [ 2766567.222385190427303, 2602310.782734462060034 ], [ 2766567.222385190427303, 2602233.939398352056742 ], [ 2766644.064478588756174, 2602233.939398352056742 ], [ 2766644.064478588756174, 2602157.09606224251911 ], [ 2766644.064478588756174, 2602080.254327268805355 ], [ 2766567.222385190427303, 2602157.09606224251911 ], [ 2766490.380291791632771, 2602157.09606224251911 ], [ 2766413.538198393303901, 2602157.09606224251911 ], [ 2766413.538198393303901, 2602080.254327268805355 ], [ 2766336.694503883831203, 2602080.254327268805355 ], [ 2766336.694503883831203, 2602003.410991158802062 ], [ 2766336.694503883831203, 2601926.567655049264431 ], [ 2766413.538198393303901, 2601926.567655049264431 ], [ 2766413.538198393303901, 2601849.725920075550675 ], [ 2766413.538198393303901, 2601926.567655049264431 ], [ 2766490.380291791632771, 2601926.567655049264431 ], [ 2766567.222385190427303, 2601926.567655049264431 ], [ 2766644.064478588756174, 2601926.567655049264431 ], [ 2766644.064478588756174, 2601849.725920075550675 ], [ 2766644.064478588756174, 2601772.882583965547383 ], [ 2766720.906571987550706, 2601772.882583965547383 ], [ 2766720.906571987550706, 2601696.039247856009752 ], [ 2766797.750266496557742, 2601696.039247856009752 ], [ 2766874.592359894886613, 2601696.039247856009752 ], [ 2766951.434453293681145, 2601696.039247856009752 ], [ 2766951.434453293681145, 2601619.195911746006459 ], [ 2767028.276546692010015, 2601619.195911746006459 ], [ 2767105.118640090804547, 2601619.195911746006459 ], [ 2767181.962334599811584, 2601619.195911746006459 ], [ 2767258.804427998140454, 2601619.195911746006459 ], [ 2767258.804427998140454, 2601696.039247856009752 ], [ 2767258.804427998140454, 2601772.882583965547383 ], [ 2767258.804427998140454, 2601849.725920075550675 ], [ 2767181.962334599811584, 2601849.725920075550675 ], [ 2767181.962334599811584, 2601926.567655049264431 ], [ 2767105.118640090804547, 2601926.567655049264431 ], [ 2767105.118640090804547, 2602003.410991158802062 ], [ 2767181.962334599811584, 2602003.410991158802062 ], [ 2767258.804427998140454, 2602003.410991158802062 ], [ 2767335.646521396934986, 2602003.410991158802062 ], [ 2767412.488614795263857, 2602003.410991158802062 ], [ 2767489.330708194058388, 2602080.254327268805355 ], [ 2767489.330708194058388, 2602157.09606224251911 ], [ 2767412.488614795263857, 2602233.939398352056742 ], [ 2767412.488614795263857, 2602310.782734462060034 ], [ 2767489.330708194058388, 2602310.782734462060034 ], [ 2767489.330708194058388, 2602387.626070572063327 ], [ 2767566.17280159285292, 2602387.626070572063327 ], [ 2767643.016496101394296, 2602387.626070572063327 ], [ 2767719.858589500188828, 2602387.626070572063327 ], [ 2767719.858589500188828, 2602310.782734462060034 ], [ 2767796.700682898983359, 2602310.782734462060034 ], [ 2767719.858589500188828, 2602310.782734462060034 ], [ 2767719.858589500188828, 2602233.939398352056742 ], [ 2767643.016496101394296, 2602233.939398352056742 ], [ 2767566.17280159285292, 2602233.939398352056742 ], [ 2767566.17280159285292, 2602157.09606224251911 ], [ 2767489.330708194058388, 2602157.09606224251911 ], [ 2767489.330708194058388, 2602080.254327268805355 ], [ 2767489.330708194058388, 2602003.410991158802062 ], [ 2767566.17280159285292, 2602003.410991158802062 ], [ 2767566.17280159285292, 2601926.567655049264431 ], [ 2767643.016496101394296, 2601926.567655049264431 ], [ 2767643.016496101394296, 2602003.410991158802062 ], [ 2767719.858589500188828, 2602003.410991158802062 ], [ 2767719.858589500188828, 2602080.254327268805355 ], [ 2767796.700682898983359, 2602080.254327268805355 ], [ 2767796.700682898983359, 2602157.09606224251911 ], [ 2767796.700682898983359, 2602233.939398352056742 ], [ 2767873.54277629731223, 2602233.939398352056742 ], [ 2767873.54277629731223, 2602310.782734462060034 ], [ 2767950.384869696106762, 2602310.782734462060034 ], [ 2767950.384869696106762, 2602387.626070572063327 ], [ 2767950.384869696106762, 2602464.467805545311421 ], [ 2768027.228564205113798, 2602464.467805545311421 ], [ 2768027.228564205113798, 2602387.626070572063327 ], [ 2767950.384869696106762, 2602387.626070572063327 ], [ 2767950.384869696106762, 2602310.782734462060034 ], [ 2767873.54277629731223, 2602233.939398352056742 ], [ 2767873.54277629731223, 2602157.09606224251911 ], [ 2767950.384869696106762, 2602157.09606224251911 ], [ 2767950.384869696106762, 2602080.254327268805355 ], [ 2768027.228564205113798, 2602080.254327268805355 ], [ 2768027.228564205113798, 2602003.410991158802062 ], [ 2767950.384869696106762, 2602003.410991158802062 ], [ 2767950.384869696106762, 2601926.567655049264431 ], [ 2767950.384869696106762, 2601849.725920075550675 ], [ 2767873.54277629731223, 2601849.725920075550675 ], [ 2767873.54277629731223, 2601772.882583965547383 ], [ 2767950.384869696106762, 2601772.882583965547383 ], [ 2767950.384869696106762, 2601696.039247856009752 ], [ 2767950.384869696106762, 2601619.195911746006459 ], [ 2767950.384869696106762, 2601542.354176772292703 ], [ 2768027.228564205113798, 2601542.354176772292703 ], [ 2768104.070657603442669, 2601542.354176772292703 ], [ 2768180.912751002237201, 2601542.354176772292703 ], [ 2768180.912751002237201, 2601619.195911746006459 ], [ 2768257.754844400566071, 2601619.195911746006459 ], [ 2768257.754844400566071, 2601542.354176772292703 ], [ 2768334.596937799360603, 2601542.354176772292703 ], [ 2768411.44063230836764, 2601542.354176772292703 ], [ 2768411.44063230836764, 2601619.195911746006459 ], [ 2768488.28272570669651, 2601619.195911746006459 ], [ 2768488.28272570669651, 2601696.039247856009752 ], [ 2768488.28272570669651, 2601772.882583965547383 ], [ 2768488.28272570669651, 2601849.725920075550675 ], [ 2768565.124819105491042, 2601849.725920075550675 ], [ 2768565.124819105491042, 2601926.567655049264431 ], [ 2768565.124819105491042, 2602003.410991158802062 ], [ 2768565.124819105491042, 2602080.254327268805355 ], [ 2768565.124819105491042, 2602157.09606224251911 ], [ 2768565.124819105491042, 2602233.939398352056742 ], [ 2768641.966912503819913, 2602233.939398352056742 ], [ 2768641.966912503819913, 2602310.782734462060034 ], [ 2768641.966912503819913, 2602233.939398352056742 ], [ 2768718.809005902614444, 2602233.939398352056742 ], [ 2768718.809005902614444, 2602157.09606224251911 ], [ 2768718.809005902614444, 2602080.254327268805355 ], [ 2768641.966912503819913, 2602080.254327268805355 ], [ 2768641.966912503819913, 2602003.410991158802062 ], [ 2768565.124819105491042, 2602003.410991158802062 ], [ 2768565.124819105491042, 2601926.567655049264431 ], [ 2768565.124819105491042, 2601849.725920075550675 ], [ 2768641.966912503819913, 2601849.725920075550675 ], [ 2768641.966912503819913, 2601772.882583965547383 ], [ 2768718.809005902614444, 2601772.882583965547383 ], [ 2768795.651099300943315, 2601772.882583965547383 ], [ 2768795.651099300943315, 2601849.725920075550675 ], [ 2768872.494793809950352, 2601849.725920075550675 ], [ 2768872.494793809950352, 2601926.567655049264431 ], [ 2768949.336887208744884, 2601926.567655049264431 ], [ 2769026.178980607539415, 2601926.567655049264431 ], [ 2769103.021074005868286, 2601926.567655049264431 ], [ 2769179.863167404662818, 2601926.567655049264431 ], [ 2769179.863167404662818, 2602003.410991158802062 ], [ 2769179.863167404662818, 2601926.567655049264431 ], [ 2769179.863167404662818, 2601849.725920075550675 ], [ 2769179.863167404662818, 2601772.882583965547383 ], [ 2769103.021074005868286, 2601772.882583965547383 ], [ 2769103.021074005868286, 2601849.725920075550675 ], [ 2769026.178980607539415, 2601849.725920075550675 ], [ 2768949.336887208744884, 2601849.725920075550675 ], [ 2768872.494793809950352, 2601849.725920075550675 ], [ 2768872.494793809950352, 2601772.882583965547383 ], [ 2768872.494793809950352, 2601696.039247856009752 ], [ 2768872.494793809950352, 2601619.195911746006459 ], [ 2768949.336887208744884, 2601619.195911746006459 ], [ 2769026.178980607539415, 2601619.195911746006459 ], [ 2769103.021074005868286, 2601619.195911746006459 ], [ 2769103.021074005868286, 2601542.354176772292703 ], [ 2769103.021074005868286, 2601465.510840662755072 ], [ 2769103.021074005868286, 2601388.66750455275178 ], [ 2769026.178980607539415, 2601388.66750455275178 ], [ 2769026.178980607539415, 2601311.824168442748487 ], [ 2769026.178980607539415, 2601234.982433469500393 ], [ 2769026.178980607539415, 2601158.1390973594971 ], [ 2769026.178980607539415, 2601081.295761249493808 ], [ 2769026.178980607539415, 2601004.452425139490515 ], [ 2769103.021074005868286, 2601004.452425139490515 ], [ 2769103.021074005868286, 2600927.610690166242421 ], [ 2769179.863167404662818, 2600927.610690166242421 ], [ 2769256.706861913669854, 2600927.610690166242421 ], [ 2769256.706861913669854, 2601004.452425139490515 ], [ 2769256.706861913669854, 2601081.295761249493808 ], [ 2769256.706861913669854, 2601158.1390973594971 ], [ 2769256.706861913669854, 2601234.982433469500393 ], [ 2769256.706861913669854, 2601311.824168442748487 ], [ 2769333.548955311998725, 2601311.824168442748487 ], [ 2769333.548955311998725, 2601234.982433469500393 ], [ 2769333.548955311998725, 2601158.1390973594971 ], [ 2769333.548955311998725, 2601081.295761249493808 ], [ 2769333.548955311998725, 2601004.452425139490515 ], [ 2769410.391048710793257, 2601004.452425139490515 ], [ 2769410.391048710793257, 2600927.610690166242421 ], [ 2769487.233142109122127, 2600927.610690166242421 ], [ 2769487.233142109122127, 2600850.767354056239128 ], [ 2769487.233142109122127, 2600927.610690166242421 ], [ 2769564.075235507916659, 2600927.610690166242421 ], [ 2769564.075235507916659, 2601004.452425139490515 ], [ 2769640.918930016923696, 2601004.452425139490515 ], [ 2769564.075235507916659, 2601004.452425139490515 ], [ 2769564.075235507916659, 2601081.295761249493808 ], [ 2769564.075235507916659, 2601158.1390973594971 ], [ 2769564.075235507916659, 2601234.982433469500393 ], [ 2769564.075235507916659, 2601311.824168442748487 ], [ 2769640.918930016923696, 2601311.824168442748487 ], [ 2769717.761023415252566, 2601311.824168442748487 ], [ 2769794.603116814047098, 2601311.824168442748487 ], [ 2769871.445210212375969, 2601311.824168442748487 ], [ 2769871.445210212375969, 2601388.66750455275178 ], [ 2769948.287303611170501, 2601388.66750455275178 ], [ 2769948.287303611170501, 2601465.510840662755072 ], [ 2770025.129397009499371, 2601465.510840662755072 ], [ 2770025.129397009499371, 2601542.354176772292703 ], [ 2770101.973091518506408, 2601542.354176772292703 ], [ 2770101.973091518506408, 2601619.195911746006459 ], [ 2770178.81518491730094, 2601619.195911746006459 ], [ 2770255.657278316095471, 2601619.195911746006459 ], [ 2770255.657278316095471, 2601542.354176772292703 ], [ 2770178.81518491730094, 2601542.354176772292703 ], [ 2770178.81518491730094, 2601465.510840662755072 ], [ 2770101.973091518506408, 2601465.510840662755072 ], [ 2770101.973091518506408, 2601388.66750455275178 ], [ 2770025.129397009499371, 2601388.66750455275178 ], [ 2770025.129397009499371, 2601311.824168442748487 ], [ 2770025.129397009499371, 2601234.982433469500393 ], [ 2770025.129397009499371, 2601158.1390973594971 ], [ 2770025.129397009499371, 2601081.295761249493808 ], [ 2770025.129397009499371, 2601004.452425139490515 ], [ 2770025.129397009499371, 2600927.610690166242421 ], [ 2770025.129397009499371, 2600850.767354056239128 ], [ 2770101.973091518506408, 2600850.767354056239128 ], [ 2770101.973091518506408, 2600773.924017946235836 ], [ 2770025.129397009499371, 2600773.924017946235836 ], [ 2770025.129397009499371, 2600697.082282972987741 ], [ 2770025.129397009499371, 2600620.238946862984449 ], [ 2770025.129397009499371, 2600543.395610752981156 ], [ 2770025.129397009499371, 2600466.552274643443525 ], [ 2770025.129397009499371, 2600389.710539669729769 ], [ 2770025.129397009499371, 2600312.867203559726477 ], [ 2770101.973091518506408, 2600312.867203559726477 ], [ 2770101.973091518506408, 2600236.023867450188845 ], [ 2770178.81518491730094, 2600236.023867450188845 ], [ 2770178.81518491730094, 2600159.180531340185553 ], [ 2770101.973091518506408, 2600159.180531340185553 ], [ 2770025.129397009499371, 2600159.180531340185553 ], [ 2770025.129397009499371, 2600082.338796366471797 ], [ 2769948.287303611170501, 2600082.338796366471797 ], [ 2769948.287303611170501, 2600005.495460256934166 ], [ 2770025.129397009499371, 2600005.495460256934166 ], [ 2770025.129397009499371, 2599928.652124146930873 ], [ 2770025.129397009499371, 2599851.810389173217118 ], [ 2770101.973091518506408, 2599851.810389173217118 ], [ 2770178.81518491730094, 2599851.810389173217118 ], [ 2770178.81518491730094, 2599774.967053063679487 ], [ 2770255.657278316095471, 2599774.967053063679487 ], [ 2770255.657278316095471, 2599698.123716953676194 ], [ 2770178.81518491730094, 2599698.123716953676194 ], [ 2770101.973091518506408, 2599774.967053063679487 ], [ 2770025.129397009499371, 2599774.967053063679487 ], [ 2769948.287303611170501, 2599774.967053063679487 ], [ 2769948.287303611170501, 2599698.123716953676194 ], [ 2769871.445210212375969, 2599698.123716953676194 ], [ 2769871.445210212375969, 2599774.967053063679487 ], [ 2769871.445210212375969, 2599851.810389173217118 ], [ 2769871.445210212375969, 2599928.652124146930873 ], [ 2769794.603116814047098, 2599928.652124146930873 ], [ 2769717.761023415252566, 2599928.652124146930873 ], [ 2769717.761023415252566, 2599851.810389173217118 ], [ 2769717.761023415252566, 2599774.967053063679487 ], [ 2769717.761023415252566, 2599698.123716953676194 ], [ 2769640.918930016923696, 2599698.123716953676194 ], [ 2769564.075235507916659, 2599698.123716953676194 ], [ 2769487.233142109122127, 2599698.123716953676194 ], [ 2769487.233142109122127, 2599621.280380843672901 ], [ 2769487.233142109122127, 2599544.438645870424807 ], [ 2769564.075235507916659, 2599544.438645870424807 ], [ 2769640.918930016923696, 2599544.438645870424807 ], [ 2769717.761023415252566, 2599544.438645870424807 ], [ 2769717.761023415252566, 2599467.595309760421515 ], [ 2769717.761023415252566, 2599390.751973650418222 ], [ 2769640.918930016923696, 2599390.751973650418222 ], [ 2769564.075235507916659, 2599390.751973650418222 ], [ 2769487.233142109122127, 2599390.751973650418222 ], [ 2769410.391048710793257, 2599390.751973650418222 ], [ 2769410.391048710793257, 2599313.908637540880591 ], [ 2769333.548955311998725, 2599313.908637540880591 ], [ 2769256.706861913669854, 2599313.908637540880591 ], [ 2769256.706861913669854, 2599237.066902567166835 ], [ 2769256.706861913669854, 2599160.223566457163543 ] ] } },
{ "type": "Feature", "properties": { }, "geometry": { "type": "LineString", "coordinates": [ [ 2769256.706861913669854, 2599160.223566457163543 ], [ 2769256.706861913669854, 2599083.380230347625911 ], [ 2769179.863167404662818, 2599083.380230347625911 ], [ 2769179.863167404662818, 2599006.536894237622619 ], [ 2769179.863167404662818, 2598929.695159263908863 ], [ 2769179.863167404662818, 2598852.851823154371232 ], [ 2769256.706861913669854, 2598776.008487044367939 ], [ 2769333.548955311998725, 2598699.166752070654184 ], [ 2769333.548955311998725, 2598622.323415961116552 ], [ 2769410.391048710793257, 2598545.48007985111326 ], [ 2769487.233142109122127, 2598545.48007985111326 ], [ 2769487.233142109122127, 2598468.636743741109967 ], [ 2769487.233142109122127, 2598391.795008767861873 ], [ 2769410.391048710793257, 2598391.795008767861873 ], [ 2769410.391048710793257, 2598314.95167265785858 ], [ 2769333.548955311998725, 2598314.95167265785858 ], [ 2769333.548955311998725, 2598391.795008767861873 ], [ 2769256.706861913669854, 2598391.795008767861873 ], [ 2769256.706861913669854, 2598468.636743741109967 ], [ 2769179.863167404662818, 2598468.636743741109967 ], [ 2769179.863167404662818, 2598391.795008767861873 ], [ 2769179.863167404662818, 2598314.95167265785858 ], [ 2769179.863167404662818, 2598238.108336547855288 ], [ 2769179.863167404662818, 2598161.265000437851995 ], [ 2769179.863167404662818, 2598084.423265464603901 ], [ 2769179.863167404662818, 2598007.579929354600608 ], [ 2769179.863167404662818, 2597930.736593244597316 ], [ 2769256.706861913669854, 2597930.736593244597316 ], [ 2769256.706861913669854, 2597853.893257135059685 ], [ 2769333.548955311998725, 2597853.893257135059685 ], [ 2769410.391048710793257, 2597853.893257135059685 ], [ 2769487.233142109122127, 2597853.893257135059685 ], [ 2769487.233142109122127, 2597777.051522161345929 ], [ 2769487.233142109122127, 2597700.208186051342636 ], [ 2769564.075235507916659, 2597700.208186051342636 ], [ 2769487.233142109122127, 2597700.208186051342636 ], [ 2769410.391048710793257, 2597700.208186051342636 ], [ 2769333.548955311998725, 2597700.208186051342636 ], [ 2769333.548955311998725, 2597777.051522161345929 ], [ 2769256.706861913669854, 2597777.051522161345929 ], [ 2769256.706861913669854, 2597700.208186051342636 ], [ 2769179.863167404662818, 2597700.208186051342636 ], [ 2769179.863167404662818, 2597623.364849941805005 ], [ 2769103.021074005868286, 2597623.364849941805005 ], [ 2769026.178980607539415, 2597623.364849941805005 ], [ 2769026.178980607539415, 2597700.208186051342636 ], [ 2768949.336887208744884, 2597700.208186051342636 ], [ 2768949.336887208744884, 2597777.051522161345929 ], [ 2768949.336887208744884, 2597853.893257135059685 ], [ 2768872.494793809950352, 2597853.893257135059685 ], [ 2768872.494793809950352, 2597930.736593244597316 ], [ 2768795.651099300943315, 2597930.736593244597316 ], [ 2768718.809005902614444, 2597930.736593244597316 ], [ 2768641.966912503819913, 2597853.893257135059685 ], [ 2768641.966912503819913, 2597777.051522161345929 ], [ 2768641.966912503819913, 2597700.208186051342636 ], [ 2768718.809005902614444, 2597700.208186051342636 ], [ 2768718.809005902614444, 2597623.364849941805005 ], [ 2768795.651099300943315, 2597623.364849941805005 ], [ 2768872.494793809950352, 2597623.364849941805005 ], [ 2768872.494793809950352, 2597546.523114968091249 ], [ 2768949.336887208744884, 2597546.523114968091249 ], [ 2768949.336887208744884, 2597469.679778858087957 ], [ 2768949.336887208744884, 2597392.836442748550326 ], [ 2768949.336887208744884, 2597315.993106638547033 ], [ 2768872.494793809950352, 2597315.993106638547033 ], [ 2768795.651099300943315, 2597315.993106638547033 ], [ 2768795.651099300943315, 2597392.836442748550326 ], [ 2768872.494793809950352, 2597392.836442748550326 ], [ 2768795.651099300943315, 2597469.679778858087957 ], [ 2768795.651099300943315, 2597546.523114968091249 ], [ 2768718.809005902614444, 2597623.364849941805005 ], [ 2768641.966912503819913, 2597623.364849941805005 ], [ 2768565.124819105491042, 2597623.364849941805005 ], [ 2768565.124819105491042, 2597546.523114968091249 ], [ 2768565.124819105491042, 2597469.679778858087957 ], [ 2768641.966912503819913, 2597469.679778858087957 ], [ 2768641.966912503819913, 2597392.836442748550326 ], [ 2768641.966912503819913, 2597315.993106638547033 ], [ 2768565.124819105491042, 2597315.993106638547033 ], [ 2768565.124819105491042, 2597239.151371664833277 ], [ 2768488.28272570669651, 2597239.151371664833277 ], [ 2768411.44063230836764, 2597162.308035555295646 ], [ 2768411.44063230836764, 2597085.464699445292354 ], [ 2768411.44063230836764, 2597008.621363335289061 ], [ 2768488.28272570669651, 2597008.621363335289061 ], [ 2768488.28272570669651, 2596931.779628362040967 ], [ 2768565.124819105491042, 2596931.779628362040967 ], [ 2768641.966912503819913, 2596931.779628362040967 ], [ 2768641.966912503819913, 2597008.621363335289061 ], [ 2768718.809005902614444, 2597008.621363335289061 ], [ 2768718.809005902614444, 2597085.464699445292354 ], [ 2768795.651099300943315, 2597085.464699445292354 ], [ 2768795.651099300943315, 2597008.621363335289061 ], [ 2768718.809005902614444, 2597008.621363335289061 ], [ 2768718.809005902614444, 2596931.779628362040967 ], [ 2768718.809005902614444, 2596854.936292252037674 ], [ 2768795.651099300943315, 2596854.936292252037674 ], [ 2768795.651099300943315, 2596931.779628362040967 ], [ 2768872.494793809950352, 2596931.779628362040967 ], [ 2768872.494793809950352, 2597008.621363335289061 ], [ 2768872.494793809950352, 2596931.779628362040967 ], [ 2768949.336887208744884, 2596931.779628362040967 ], [ 2768872.494793809950352, 2596931.779628362040967 ], [ 2768872.494793809950352, 2596854.936292252037674 ], [ 2768795.651099300943315, 2596854.936292252037674 ], [ 2768795.651099300943315, 2596778.092956142034382 ], [ 2768718.809005902614444, 2596778.092956142034382 ], [ 2768718.809005902614444, 2596701.251221168786287 ], [ 2768795.651099300943315, 2596701.251221168786287 ], [ 2768795.651099300943315, 2596624.407885058782995 ], [ 2768872.494793809950352, 2596624.407885058782995 ], [ 2768872.494793809950352, 2596701.251221168786287 ], [ 2768949.336887208744884, 2596701.251221168786287 ], [ 2769026.178980607539415, 2596701.251221168786287 ], [ 2769103.021074005868286, 2596701.251221168786287 ], [ 2769103.021074005868286, 2596624.407885058782995 ], [ 2769103.021074005868286, 2596547.564548948779702 ], [ 2769103.021074005868286, 2596470.721212839242071 ], [ 2769103.021074005868286, 2596393.879477865528315 ], [ 2769179.863167404662818, 2596393.879477865528315 ], [ 2769256.706861913669854, 2596393.879477865528315 ], [ 2769333.548955311998725, 2596393.879477865528315 ], [ 2769410.391048710793257, 2596393.879477865528315 ], [ 2769410.391048710793257, 2596470.721212839242071 ], [ 2769487.233142109122127, 2596470.721212839242071 ], [ 2769564.075235507916659, 2596470.721212839242071 ], [ 2769564.075235507916659, 2596393.879477865528315 ], [ 2769640.918930016923696, 2596393.879477865528315 ], [ 2769564.075235507916659, 2596393.879477865528315 ], [ 2769564.075235507916659, 2596317.036141755525023 ], [ 2769487.233142109122127, 2596317.036141755525023 ], [ 2769410.391048710793257, 2596240.192805645987391 ], [ 2769333.548955311998725, 2596240.192805645987391 ], [ 2769333.548955311998725, 2596163.349469535984099 ], [ 2769333.548955311998725, 2596086.507734562270343 ], [ 2769333.548955311998725, 2596009.664398452732712 ], [ 2769410.391048710793257, 2596009.664398452732712 ], [ 2769410.391048710793257, 2595932.821062342729419 ], [ 2769487.233142109122127, 2595932.821062342729419 ], [ 2769564.075235507916659, 2595932.821062342729419 ], [ 2769564.075235507916659, 2596009.664398452732712 ], [ 2769564.075235507916659, 2596086.507734562270343 ], [ 2769487.233142109122127, 2596086.507734562270343 ], [ 2769487.233142109122127, 2596163.349469535984099 ], [ 2769564.075235507916659, 2596163.349469535984099 ], [ 2769640.918930016923696, 2596163.349469535984099 ], [ 2769717.761023415252566, 2596163.349469535984099 ], [ 2769717.761023415252566, 2596086.507734562270343 ], [ 2769717.761023415252566, 2596009.664398452732712 ], [ 2769717.761023415252566, 2595932.821062342729419 ], [ 2769794.603116814047098, 2595932.821062342729419 ], [ 2769794.603116814047098, 2595855.977726232726127 ], [ 2769717.761023415252566, 2595855.977726232726127 ], [ 2769717.761023415252566, 2595779.135991259478033 ], [ 2769640.918930016923696, 2595779.135991259478033 ], [ 2769564.075235507916659, 2595779.135991259478033 ], [ 2769564.075235507916659, 2595702.29265514947474 ], [ 2769564.075235507916659, 2595625.449319039471447 ], [ 2769564.075235507916659, 2595548.607584066223353 ], [ 2769640.918930016923696, 2595548.607584066223353 ], [ 2769717.761023415252566, 2595548.607584066223353 ], [ 2769717.761023415252566, 2595625.449319039471447 ], [ 2769794.603116814047098, 2595625.449319039471447 ], [ 2769794.603116814047098, 2595702.29265514947474 ], [ 2769871.445210212375969, 2595702.29265514947474 ], [ 2769871.445210212375969, 2595779.135991259478033 ], [ 2769948.287303611170501, 2595779.135991259478033 ], [ 2770025.129397009499371, 2595779.135991259478033 ], [ 2770025.129397009499371, 2595702.29265514947474 ], [ 2770025.129397009499371, 2595625.449319039471447 ], [ 2769948.287303611170501, 2595625.449319039471447 ], [ 2769948.287303611170501, 2595548.607584066223353 ], [ 2769871.445210212375969, 2595548.607584066223353 ], [ 2769871.445210212375969, 2595471.764247956220061 ], [ 2769871.445210212375969, 2595394.920911846216768 ], [ 2769948.287303611170501, 2595318.077575736213475 ], [ 2770025.129397009499371, 2595318.077575736213475 ], [ 2770025.129397009499371, 2595241.235840762965381 ], [ 2770025.129397009499371, 2595164.392504652962089 ], [ 2769948.287303611170501, 2595241.235840762965381 ], [ 2769948.287303611170501, 2595318.077575736213475 ], [ 2769871.445210212375969, 2595318.077575736213475 ], [ 2769871.445210212375969, 2595241.235840762965381 ], [ 2769794.603116814047098, 2595241.235840762965381 ], [ 2769871.445210212375969, 2595164.392504652962089 ], [ 2769871.445210212375969, 2595241.235840762965381 ], [ 2769871.445210212375969, 2595164.392504652962089 ], [ 2769871.445210212375969, 2595087.549168542958796 ], [ 2769794.603116814047098, 2595087.549168542958796 ], [ 2769717.761023415252566, 2595087.549168542958796 ], [ 2769640.918930016923696, 2595087.549168542958796 ], [ 2769564.075235507916659, 2595087.549168542958796 ], [ 2769564.075235507916659, 2595010.705832433421165 ], [ 2769564.075235507916659, 2594933.864097459707409 ], [ 2769640.918930016923696, 2594933.864097459707409 ], [ 2769640.918930016923696, 2594857.020761349704117 ], [ 2769717.761023415252566, 2594857.020761349704117 ], [ 2769717.761023415252566, 2594780.177425240166485 ], [ 2769794.603116814047098, 2594780.177425240166485 ], [ 2769871.445210212375969, 2594780.177425240166485 ], [ 2769871.445210212375969, 2594857.020761349704117 ], [ 2769948.287303611170501, 2594857.020761349704117 ], [ 2769948.287303611170501, 2594780.177425240166485 ], [ 2769948.287303611170501, 2594703.334089130163193 ], [ 2769948.287303611170501, 2594626.492354156449437 ], [ 2769948.287303611170501, 2594549.649018046911806 ], [ 2769871.445210212375969, 2594549.649018046911806 ], [ 2769871.445210212375969, 2594472.805681936908513 ], [ 2769794.603116814047098, 2594472.805681936908513 ], [ 2769794.603116814047098, 2594549.649018046911806 ], [ 2769717.761023415252566, 2594549.649018046911806 ], [ 2769794.603116814047098, 2594549.649018046911806 ], [ 2769794.603116814047098, 2594626.492354156449437 ], [ 2769794.603116814047098, 2594703.334089130163193 ], [ 2769717.761023415252566, 2594703.334089130163193 ], [ 2769717.761023415252566, 2594626.492354156449437 ], [ 2769640.918930016923696, 2594626.492354156449437 ], [ 2769564.075235507916659, 2594626.492354156449437 ], [ 2769487.233142109122127, 2594626.492354156449437 ], [ 2769410.391048710793257, 2594626.492354156449437 ], [ 2769410.391048710793257, 2594549.649018046911806 ], [ 2769333.548955311998725, 2594549.649018046911806 ], [ 2769333.548955311998725, 2594472.805681936908513 ], [ 2769333.548955311998725, 2594395.963946963194758 ], [ 2769333.548955311998725, 2594319.120610853657126 ], [ 2769410.391048710793257, 2594319.120610853657126 ], [ 2769487.233142109122127, 2594319.120610853657126 ], [ 2769487.233142109122127, 2594395.963946963194758 ], [ 2769564.075235507916659, 2594395.963946963194758 ], [ 2769564.075235507916659, 2594472.805681936908513 ], [ 2769640.918930016923696, 2594472.805681936908513 ], [ 2769717.761023415252566, 2594472.805681936908513 ], [ 2769717.761023415252566, 2594395.963946963194758 ], [ 2769717.761023415252566, 2594319.120610853657126 ], [ 2769717.761023415252566, 2594242.277274743653834 ], [ 2769794.603116814047098, 2594242.277274743653834 ], [ 2769717.761023415252566, 2594242.277274743653834 ], [ 2769640.918930016923696, 2594242.277274743653834 ], [ 2769640.918930016923696, 2594319.120610853657126 ], [ 2769564.075235507916659, 2594319.120610853657126 ], [ 2769487.233142109122127, 2594319.120610853657126 ], [ 2769410.391048710793257, 2594319.120610853657126 ], [ 2769410.391048710793257, 2594242.277274743653834 ], [ 2769410.391048710793257, 2594165.433938633650541 ], [ 2769333.548955311998725, 2594165.433938633650541 ], [ 2769333.548955311998725, 2594088.592203660402447 ], [ 2769333.548955311998725, 2594011.748867550399154 ], [ 2769410.391048710793257, 2593934.905531440395862 ], [ 2769410.391048710793257, 2593858.062195330858231 ], [ 2769487.233142109122127, 2593858.062195330858231 ], [ 2769564.075235507916659, 2593858.062195330858231 ], [ 2769640.918930016923696, 2593858.062195330858231 ], [ 2769717.761023415252566, 2593858.062195330858231 ], [ 2769717.761023415252566, 2593934.905531440395862 ], [ 2769794.603116814047098, 2593934.905531440395862 ], [ 2769871.445210212375969, 2593934.905531440395862 ], [ 2769871.445210212375969, 2593858.062195330858231 ], [ 2769871.445210212375969, 2593781.220460357144475 ], [ 2769794.603116814047098, 2593781.220460357144475 ], [ 2769717.761023415252566, 2593781.220460357144475 ], [ 2769640.918930016923696, 2593781.220460357144475 ], [ 2769564.075235507916659, 2593781.220460357144475 ], [ 2769487.233142109122127, 2593781.220460357144475 ], [ 2769410.391048710793257, 2593781.220460357144475 ], [ 2769410.391048710793257, 2593704.377124247141182 ], [ 2769487.233142109122127, 2593627.533788137603551 ], [ 2769564.075235507916659, 2593627.533788137603551 ], [ 2769640.918930016923696, 2593627.533788137603551 ], [ 2769640.918930016923696, 2593550.692053163889796 ], [ 2769640.918930016923696, 2593473.848717053886503 ], [ 2769564.075235507916659, 2593473.848717053886503 ], [ 2769487.233142109122127, 2593473.848717053886503 ], [ 2769410.391048710793257, 2593473.848717053886503 ], [ 2769410.391048710793257, 2593397.005380944348872 ], [ 2769333.548955311998725, 2593397.005380944348872 ], [ 2769256.706861913669854, 2593397.005380944348872 ], [ 2769256.706861913669854, 2593320.162044834345579 ], [ 2769179.863167404662818, 2593320.162044834345579 ], [ 2769179.863167404662818, 2593243.320309860631824 ], [ 2769179.863167404662818, 2593166.476973751094192 ], [ 2769256.706861913669854, 2593166.476973751094192 ], [ 2769256.706861913669854, 2593089.6336376410909 ], [ 2769333.548955311998725, 2593089.6336376410909 ], [ 2769333.548955311998725, 2593012.790301531087607 ], [ 2769410.391048710793257, 2593012.790301531087607 ], [ 2769487.233142109122127, 2593012.790301531087607 ], [ 2769564.075235507916659, 2593012.790301531087607 ], [ 2769564.075235507916659, 2593089.6336376410909 ], [ 2769640.918930016923696, 2593089.6336376410909 ], [ 2769640.918930016923696, 2593166.476973751094192 ], [ 2769717.761023415252566, 2593166.476973751094192 ], [ 2769794.603116814047098, 2593166.476973751094192 ], [ 2769794.603116814047098, 2593243.320309860631824 ], [ 2769871.445210212375969, 2593243.320309860631824 ], [ 2769871.445210212375969, 2593166.476973751094192 ], [ 2769948.287303611170501, 2593166.476973751094192 ], [ 2769948.287303611170501, 2593089.6336376410909 ], [ 2769871.445210212375969, 2593089.6336376410909 ], [ 2769871.445210212375969, 2593012.790301531087607 ], [ 2769871.445210212375969, 2592935.948566557839513 ], [ 2769871.445210212375969, 2592859.10523044783622 ], [ 2769948.287303611170501, 2592859.10523044783622 ], [ 2769948.287303611170501, 2592782.261894337832928 ], [ 2769948.287303611170501, 2592859.10523044783622 ], [ 2770025.129397009499371, 2592859.10523044783622 ], [ 2770101.973091518506408, 2592782.261894337832928 ], [ 2770101.973091518506408, 2592705.418558227829635 ], [ 2770101.973091518506408, 2592628.576823254581541 ], [ 2770025.129397009499371, 2592628.576823254581541 ], [ 2770025.129397009499371, 2592551.733487144578248 ], [ 2770025.129397009499371, 2592474.890151034574956 ], [ 2770025.129397009499371, 2592398.048416061326861 ], [ 2770025.129397009499371, 2592321.205079951323569 ], [ 2770101.973091518506408, 2592321.205079951323569 ], [ 2770101.973091518506408, 2592244.361743841320276 ], [ 2770101.973091518506408, 2592167.518407731782645 ], [ 2770101.973091518506408, 2592090.676672758068889 ], [ 2770178.81518491730094, 2592090.676672758068889 ], [ 2770178.81518491730094, 2592167.518407731782645 ], [ 2770255.657278316095471, 2592167.518407731782645 ], [ 2770255.657278316095471, 2592244.361743841320276 ], [ 2770332.499371714424342, 2592244.361743841320276 ], [ 2770332.499371714424342, 2592321.205079951323569 ], [ 2770409.341465113218874, 2592321.205079951323569 ], [ 2770486.18515962222591, 2592321.205079951323569 ], [ 2770563.027253020554781, 2592321.205079951323569 ], [ 2770563.027253020554781, 2592244.361743841320276 ], [ 2770563.027253020554781, 2592167.518407731782645 ], [ 2770563.027253020554781, 2592090.676672758068889 ], [ 2770486.18515962222591, 2592090.676672758068889 ], [ 2770409.341465113218874, 2592090.676672758068889 ], [ 2770332.499371714424342, 2592090.676672758068889 ], [ 2770255.657278316095471, 2592090.676672758068889 ], [ 2770255.657278316095471, 2592013.833336648065597 ], [ 2770255.657278316095471, 2591936.990000538527966 ], [ 2770255.657278316095471, 2591860.146664428524673 ], [ 2770255.657278316095471, 2591783.304929454810917 ], [ 2770178.81518491730094, 2591783.304929454810917 ], [ 2770178.81518491730094, 2591706.461593345273286 ], [ 2770178.81518491730094, 2591629.618257235269994 ], [ 2770178.81518491730094, 2591552.774921125266701 ], [ 2770101.973091518506408, 2591552.774921125266701 ], [ 2770025.129397009499371, 2591629.618257235269994 ], [ 2769948.287303611170501, 2591629.618257235269994 ], [ 2769948.287303611170501, 2591552.774921125266701 ], [ 2769948.287303611170501, 2591475.933186152018607 ], [ 2769948.287303611170501, 2591399.089850042015314 ], [ 2770025.129397009499371, 2591322.246513932012022 ], [ 2770025.129397009499371, 2591245.404778958763927 ], [ 2770101.973091518506408, 2591245.404778958763927 ], [ 2770101.973091518506408, 2591168.561442848760635 ], [ 2770178.81518491730094, 2591168.561442848760635 ], [ 2770255.657278316095471, 2591168.561442848760635 ], [ 2770255.657278316095471, 2591091.718106738757342 ], [ 2770332.499371714424342, 2591091.718106738757342 ], [ 2770332.499371714424342, 2591168.561442848760635 ], [ 2770409.341465113218874, 2591245.404778958763927 ], [ 2770332.499371714424342, 2591245.404778958763927 ], [ 2770332.499371714424342, 2591322.246513932012022 ], [ 2770332.499371714424342, 2591399.089850042015314 ], [ 2770255.657278316095471, 2591475.933186152018607 ], [ 2770255.657278316095471, 2591552.774921125266701 ], [ 2770332.499371714424342, 2591552.774921125266701 ], [ 2770332.499371714424342, 2591629.618257235269994 ], [ 2770409.341465113218874, 2591629.618257235269994 ], [ 2770486.18515962222591, 2591629.618257235269994 ], [ 2770486.18515962222591, 2591552.774921125266701 ], [ 2770563.027253020554781, 2591552.774921125266701 ], [ 2770563.027253020554781, 2591475.933186152018607 ], [ 2770486.18515962222591, 2591475.933186152018607 ], [ 2770486.18515962222591, 2591399.089850042015314 ], [ 2770486.18515962222591, 2591322.246513932012022 ], [ 2770486.18515962222591, 2591245.404778958763927 ], [ 2770486.18515962222591, 2591168.561442848760635 ], [ 2770486.18515962222591, 2591091.718106738757342 ], [ 2770563.027253020554781, 2591091.718106738757342 ], [ 2770639.869346419349313, 2591091.718106738757342 ], [ 2770639.869346419349313, 2591014.874770629219711 ], [ 2770716.711439817678183, 2591014.874770629219711 ], [ 2770716.711439817678183, 2591091.718106738757342 ], [ 2770793.553533216472715, 2591091.718106738757342 ], [ 2770793.553533216472715, 2591168.561442848760635 ], [ 2770793.553533216472715, 2591245.404778958763927 ], [ 2770716.711439817678183, 2591245.404778958763927 ], [ 2770716.711439817678183, 2591322.246513932012022 ], [ 2770716.711439817678183, 2591399.089850042015314 ], [ 2770716.711439817678183, 2591475.933186152018607 ], [ 2770793.553533216472715, 2591475.933186152018607 ], [ 2770870.397227725479752, 2591475.933186152018607 ], [ 2770870.397227725479752, 2591552.774921125266701 ], [ 2770947.239321123808622, 2591552.774921125266701 ], [ 2770947.239321123808622, 2591475.933186152018607 ], [ 2770947.239321123808622, 2591399.089850042015314 ], [ 2770947.239321123808622, 2591322.246513932012022 ], [ 2770870.397227725479752, 2591322.246513932012022 ], [ 2770870.397227725479752, 2591245.404778958763927 ], [ 2770947.239321123808622, 2591245.404778958763927 ], [ 2770947.239321123808622, 2591168.561442848760635 ], [ 2771024.081414522603154, 2591168.561442848760635 ], [ 2771024.081414522603154, 2591245.404778958763927 ], [ 2771024.081414522603154, 2591322.246513932012022 ], [ 2771100.923507920932025, 2591322.246513932012022 ], [ 2771100.923507920932025, 2591399.089850042015314 ], [ 2771177.765601319726557, 2591399.089850042015314 ], [ 2771254.607694718055427, 2591399.089850042015314 ], [ 2771254.607694718055427, 2591322.246513932012022 ], [ 2771331.451389227062464, 2591322.246513932012022 ], [ 2771331.451389227062464, 2591245.404778958763927 ], [ 2771408.293482625856996, 2591245.404778958763927 ], [ 2771408.293482625856996, 2591168.561442848760635 ], [ 2771485.135576024651527, 2591168.561442848760635 ], [ 2771561.977669422980398, 2591168.561442848760635 ], [ 2771561.977669422980398, 2591245.404778958763927 ], [ 2771638.81976282177493, 2591245.404778958763927 ], [ 2771638.81976282177493, 2591168.561442848760635 ], [ 2771638.81976282177493, 2591091.718106738757342 ], [ 2771638.81976282177493, 2591014.874770629219711 ], [ 2771715.663457330781966, 2591014.874770629219711 ], [ 2771715.663457330781966, 2590938.033035655505955 ], [ 2771792.505550729110837, 2590938.033035655505955 ], [ 2771792.505550729110837, 2590861.189699545502663 ], [ 2771869.347644127905369, 2590861.189699545502663 ], [ 2771946.189737526234239, 2590861.189699545502663 ], [ 2771946.189737526234239, 2590938.033035655505955 ], [ 2771946.189737526234239, 2591014.874770629219711 ], [ 2772023.031830925028771, 2591014.874770629219711 ], [ 2772023.031830925028771, 2591091.718106738757342 ], [ 2772099.873924323357642, 2591091.718106738757342 ], [ 2772176.717618832364678, 2591091.718106738757342 ], [ 2772253.55971223115921, 2591091.718106738757342 ], [ 2772330.401805629488081, 2591091.718106738757342 ], [ 2772330.401805629488081, 2591014.874770629219711 ], [ 2772407.243899028282613, 2591014.874770629219711 ], [ 2772407.243899028282613, 2590938.033035655505955 ], [ 2772484.085992426611483, 2590938.033035655505955 ], [ 2772484.085992426611483, 2590861.189699545502663 ], [ 2772484.085992426611483, 2590784.346363435965031 ], [ 2772484.085992426611483, 2590707.503027325961739 ], [ 2772484.085992426611483, 2590630.661292352247983 ], [ 2772560.92968693561852, 2590630.661292352247983 ], [ 2772637.771780334413052, 2590630.661292352247983 ], [ 2772714.613873733207583, 2590630.661292352247983 ], [ 2772714.613873733207583, 2590707.503027325961739 ], [ 2772791.455967131536454, 2590707.503027325961739 ], [ 2772791.455967131536454, 2590784.346363435965031 ], [ 2772791.455967131536454, 2590861.189699545502663 ], [ 2772714.613873733207583, 2590861.189699545502663 ], [ 2772714.613873733207583, 2590938.033035655505955 ], [ 2772637.771780334413052, 2590938.033035655505955 ], [ 2772637.771780334413052, 2591014.874770629219711 ], [ 2772714.613873733207583, 2591014.874770629219711 ], [ 2772714.613873733207583, 2590938.033035655505955 ], [ 2772791.455967131536454, 2590938.033035655505955 ], [ 2772791.455967131536454, 2590861.189699545502663 ], [ 2772791.455967131536454, 2590784.346363435965031 ], [ 2772868.298060530330986, 2590784.346363435965031 ], [ 2772868.298060530330986, 2590707.503027325961739 ], [ 2772945.141755039338022, 2590707.503027325961739 ], [ 2772945.141755039338022, 2590784.346363435965031 ], [ 2773021.983848437666893, 2590784.346363435965031 ], [ 2773021.983848437666893, 2590861.189699545502663 ], [ 2773021.983848437666893, 2590938.033035655505955 ], [ 2773098.825941836461425, 2590938.033035655505955 ], [ 2773175.668035234790295, 2590938.033035655505955 ], [ 2773252.510128633584827, 2590938.033035655505955 ], [ 2773252.510128633584827, 2591014.874770629219711 ], [ 2773329.352222031913698, 2591014.874770629219711 ], [ 2773329.352222031913698, 2590938.033035655505955 ], [ 2773329.352222031913698, 2590861.189699545502663 ], [ 2773329.352222031913698, 2590784.346363435965031 ], [ 2773329.352222031913698, 2590707.503027325961739 ], [ 2773252.510128633584827, 2590707.503027325961739 ], [ 2773175.668035234790295, 2590707.503027325961739 ], [ 2773175.668035234790295, 2590630.661292352247983 ], [ 2773098.825941836461425, 2590630.661292352247983 ], [ 2773098.825941836461425, 2590553.817956242710352 ], [ 2773098.825941836461425, 2590476.974620132707059 ], [ 2773098.825941836461425, 2590400.132885158993304 ], [ 2773098.825941836461425, 2590323.289549049455673 ], [ 2773098.825941836461425, 2590246.44621293945238 ], [ 2773021.983848437666893, 2590246.44621293945238 ], [ 2773021.983848437666893, 2590169.602876829449087 ], [ 2773021.983848437666893, 2590092.761141856200993 ], [ 2773021.983848437666893, 2590015.917805746197701 ], [ 2773098.825941836461425, 2590015.917805746197701 ], [ 2773098.825941836461425, 2589939.074469636194408 ], [ 2773175.668035234790295, 2589939.074469636194408 ], [ 2773175.668035234790295, 2589862.231133526191115 ], [ 2773175.668035234790295, 2589785.389398552943021 ], [ 2773098.825941836461425, 2589785.389398552943021 ], [ 2773098.825941836461425, 2589708.546062442939728 ], [ 2773098.825941836461425, 2589631.702726332936436 ], [ 2773021.983848437666893, 2589631.702726332936436 ], [ 2773021.983848437666893, 2589708.546062442939728 ], [ 2772945.141755039338022, 2589708.546062442939728 ], [ 2772945.141755039338022, 2589785.389398552943021 ], [ 2772945.141755039338022, 2589862.231133526191115 ], [ 2772945.141755039338022, 2589939.074469636194408 ], [ 2772868.298060530330986, 2589939.074469636194408 ], [ 2772868.298060530330986, 2590015.917805746197701 ], [ 2772791.455967131536454, 2590015.917805746197701 ], [ 2772714.613873733207583, 2590015.917805746197701 ], [ 2772714.613873733207583, 2589939.074469636194408 ], [ 2772637.771780334413052, 2589939.074469636194408 ], [ 2772714.613873733207583, 2589939.074469636194408 ], [ 2772714.613873733207583, 2589862.231133526191115 ], [ 2772791.455967131536454, 2589862.231133526191115 ], [ 2772791.455967131536454, 2589785.389398552943021 ], [ 2772714.613873733207583, 2589785.389398552943021 ], [ 2772714.613873733207583, 2589708.546062442939728 ], [ 2772637.771780334413052, 2589708.546062442939728 ], [ 2772560.92968693561852, 2589708.546062442939728 ], [ 2772560.92968693561852, 2589631.702726332936436 ], [ 2772484.085992426611483, 2589631.702726332936436 ], [ 2772484.085992426611483, 2589554.859390223398805 ], [ 2772484.085992426611483, 2589478.017655249685049 ], [ 2772560.92968693561852, 2589478.017655249685049 ], [ 2772560.92968693561852, 2589401.174319139681756 ], [ 2772484.085992426611483, 2589401.174319139681756 ], [ 2772407.243899028282613, 2589401.174319139681756 ], [ 2772330.401805629488081, 2589478.017655249685049 ], [ 2772253.55971223115921, 2589478.017655249685049 ], [ 2772176.717618832364678, 2589478.017655249685049 ], [ 2772176.717618832364678, 2589554.859390223398805 ], [ 2772176.717618832364678, 2589631.702726332936436 ], [ 2772099.873924323357642, 2589631.702726332936436 ], [ 2772099.873924323357642, 2589708.546062442939728 ], [ 2772023.031830925028771, 2589708.546062442939728 ], [ 2772023.031830925028771, 2589631.702726332936436 ], [ 2771946.189737526234239, 2589631.702726332936436 ], [ 2771946.189737526234239, 2589554.859390223398805 ], [ 2771946.189737526234239, 2589478.017655249685049 ], [ 2771946.189737526234239, 2589401.174319139681756 ], [ 2772023.031830925028771, 2589401.174319139681756 ], [ 2772023.031830925028771, 2589324.330983030144125 ], [ 2772099.873924323357642, 2589324.330983030144125 ], [ 2772099.873924323357642, 2589247.48924805643037 ], [ 2772099.873924323357642, 2589170.645911946427077 ], [ 2772099.873924323357642, 2589093.802575836889446 ], [ 2772099.873924323357642, 2589016.959239726886153 ], [ 2772099.873924323357642, 2588940.117504753172398 ], [ 2772176.717618832364678, 2588940.117504753172398 ], [ 2772176.717618832364678, 2588863.274168643634766 ], [ 2772176.717618832364678, 2588786.430832533631474 ], [ 2772253.55971223115921, 2588786.430832533631474 ], [ 2772253.55971223115921, 2588709.587496423628181 ], [ 2772330.401805629488081, 2588709.587496423628181 ], [ 2772330.401805629488081, 2588632.745761450380087 ], [ 2772407.243899028282613, 2588632.745761450380087 ], [ 2772484.085992426611483, 2588632.745761450380087 ], [ 2772560.92968693561852, 2588632.745761450380087 ], [ 2772560.92968693561852, 2588709.587496423628181 ], [ 2772637.771780334413052, 2588709.587496423628181 ], [ 2772714.613873733207583, 2588709.587496423628181 ], [ 2772791.455967131536454, 2588709.587496423628181 ], [ 2772791.455967131536454, 2588632.745761450380087 ], [ 2772868.298060530330986, 2588632.745761450380087 ], [ 2772945.141755039338022, 2588632.745761450380087 ], [ 2773021.983848437666893, 2588632.745761450380087 ], [ 2773021.983848437666893, 2588555.902425340376794 ], [ 2773021.983848437666893, 2588479.059089230373502 ], [ 2773021.983848437666893, 2588402.215753120835871 ], [ 2772945.141755039338022, 2588402.215753120835871 ], [ 2772945.141755039338022, 2588325.374018147122115 ], [ 2772868.298060530330986, 2588325.374018147122115 ], [ 2772791.455967131536454, 2588325.374018147122115 ], [ 2772791.455967131536454, 2588248.530682037118822 ], [ 2772714.613873733207583, 2588248.530682037118822 ], [ 2772714.613873733207583, 2588171.687345927581191 ], [ 2772714.613873733207583, 2588094.845610953867435 ], [ 2772791.455967131536454, 2588094.845610953867435 ], [ 2772791.455967131536454, 2588018.002274843864143 ], [ 2772714.613873733207583, 2588018.002274843864143 ], [ 2772637.771780334413052, 2588018.002274843864143 ], [ 2772637.771780334413052, 2588094.845610953867435 ], [ 2772714.613873733207583, 2588094.845610953867435 ], [ 2772714.613873733207583, 2588171.687345927581191 ], [ 2772637.771780334413052, 2588248.530682037118822 ], [ 2772560.92968693561852, 2588171.687345927581191 ], [ 2772560.92968693561852, 2588094.845610953867435 ], [ 2772560.92968693561852, 2588018.002274843864143 ], [ 2772560.92968693561852, 2587941.158938734326512 ], [ 2772484.085992426611483, 2587941.158938734326512 ], [ 2772484.085992426611483, 2587864.315602624323219 ], [ 2772407.243899028282613, 2587864.315602624323219 ], [ 2772407.243899028282613, 2587941.158938734326512 ], [ 2772330.401805629488081, 2587941.158938734326512 ], [ 2772253.55971223115921, 2587941.158938734326512 ], [ 2772253.55971223115921, 2588018.002274843864143 ], [ 2772176.717618832364678, 2588018.002274843864143 ], [ 2772176.717618832364678, 2587941.158938734326512 ], [ 2772099.873924323357642, 2587941.158938734326512 ], [ 2772099.873924323357642, 2587864.315602624323219 ], [ 2772099.873924323357642, 2587787.473867650609463 ], [ 2772023.031830925028771, 2587787.473867650609463 ], [ 2771946.189737526234239, 2587787.473867650609463 ], [ 2771946.189737526234239, 2587710.630531541071832 ], [ 2771946.189737526234239, 2587633.78719543106854 ], [ 2772023.031830925028771, 2587633.78719543106854 ], [ 2772023.031830925028771, 2587556.943859321065247 ], [ 2772099.873924323357642, 2587556.943859321065247 ], [ 2772099.873924323357642, 2587480.102124347817153 ], [ 2772176.717618832364678, 2587480.102124347817153 ], [ 2772176.717618832364678, 2587403.25878823781386 ], [ 2772253.55971223115921, 2587403.25878823781386 ], [ 2772253.55971223115921, 2587326.415452127810568 ], [ 2772253.55971223115921, 2587249.573717154562473 ], [ 2772176.717618832364678, 2587249.573717154562473 ], [ 2772176.717618832364678, 2587172.730381044559181 ], [ 2772176.717618832364678, 2587095.887044934555888 ], [ 2772099.873924323357642, 2587095.887044934555888 ], [ 2772099.873924323357642, 2587172.730381044559181 ], [ 2772023.031830925028771, 2587249.573717154562473 ], [ 2772023.031830925028771, 2587326.415452127810568 ], [ 2771946.189737526234239, 2587326.415452127810568 ], [ 2771869.347644127905369, 2587326.415452127810568 ], [ 2771869.347644127905369, 2587249.573717154562473 ], [ 2771792.505550729110837, 2587172.730381044559181 ], [ 2771792.505550729110837, 2587095.887044934555888 ], [ 2771792.505550729110837, 2587019.043708824552596 ], [ 2771792.505550729110837, 2586942.201973851304501 ], [ 2771792.505550729110837, 2586865.358637741301209 ], [ 2771792.505550729110837, 2586788.515301631297916 ], [ 2771792.505550729110837, 2586711.671965521760285 ], [ 2771792.505550729110837, 2586634.830230548046529 ], [ 2771792.505550729110837, 2586557.986894438043237 ], [ 2771792.505550729110837, 2586481.143558328505605 ], [ 2771869.347644127905369, 2586481.143558328505605 ], [ 2771869.347644127905369, 2586404.300222218502313 ], [ 2771946.189737526234239, 2586404.300222218502313 ], [ 2772023.031830925028771, 2586404.300222218502313 ], [ 2772023.031830925028771, 2586327.458487244788557 ], [ 2771946.189737526234239, 2586327.458487244788557 ], [ 2771869.347644127905369, 2586327.458487244788557 ], [ 2771869.347644127905369, 2586250.615151135250926 ], [ 2771869.347644127905369, 2586173.771815025247633 ], [ 2771946.189737526234239, 2586173.771815025247633 ], [ 2772023.031830925028771, 2586173.771815025247633 ], [ 2772099.873924323357642, 2586173.771815025247633 ], [ 2772099.873924323357642, 2586096.930080051533878 ], [ 2772023.031830925028771, 2586096.930080051533878 ], [ 2772023.031830925028771, 2586020.086743941996247 ], [ 2771946.189737526234239, 2586020.086743941996247 ], [ 2771869.347644127905369, 2586020.086743941996247 ], [ 2771869.347644127905369, 2585943.243407831992954 ], [ 2771946.189737526234239, 2585943.243407831992954 ], [ 2772023.031830925028771, 2585943.243407831992954 ], [ 2772023.031830925028771, 2586020.086743941996247 ], [ 2772023.031830925028771, 2586096.930080051533878 ], [ 2772099.873924323357642, 2586096.930080051533878 ], [ 2772099.873924323357642, 2586020.086743941996247 ], [ 2772023.031830925028771, 2585943.243407831992954 ], [ 2771946.189737526234239, 2585943.243407831992954 ], [ 2771946.189737526234239, 2585866.400071721989661 ], [ 2771946.189737526234239, 2585789.558336748741567 ], [ 2771946.189737526234239, 2585712.715000638738275 ], [ 2772023.031830925028771, 2585712.715000638738275 ], [ 2772099.873924323357642, 2585712.715000638738275 ], [ 2772176.717618832364678, 2585712.715000638738275 ], [ 2772176.717618832364678, 2585789.558336748741567 ], [ 2772176.717618832364678, 2585866.400071721989661 ], [ 2772253.55971223115921, 2585866.400071721989661 ], [ 2772253.55971223115921, 2585789.558336748741567 ], [ 2772253.55971223115921, 2585712.715000638738275 ], [ 2772330.401805629488081, 2585712.715000638738275 ], [ 2772407.243899028282613, 2585712.715000638738275 ], [ 2772407.243899028282613, 2585635.871664528734982 ], [ 2772484.085992426611483, 2585635.871664528734982 ], [ 2772484.085992426611483, 2585559.028328419197351 ], [ 2772560.92968693561852, 2585559.028328419197351 ], [ 2772637.771780334413052, 2585559.028328419197351 ], [ 2772637.771780334413052, 2585482.186593445483595 ], [ 2772637.771780334413052, 2585405.343257335480303 ], [ 2772637.771780334413052, 2585482.186593445483595 ], [ 2772560.92968693561852, 2585482.186593445483595 ], [ 2772560.92968693561852, 2585405.343257335480303 ], [ 2772637.771780334413052, 2585328.499921225942671 ], [ 2772714.613873733207583, 2585328.499921225942671 ], [ 2772714.613873733207583, 2585251.656585115939379 ], [ 2772791.455967131536454, 2585251.656585115939379 ], [ 2772868.298060530330986, 2585251.656585115939379 ], [ 2772945.141755039338022, 2585251.656585115939379 ], [ 2772945.141755039338022, 2585174.814850142225623 ], [ 2772945.141755039338022, 2585097.971514032687992 ], [ 2772945.141755039338022, 2585021.128177922684699 ], [ 2773021.983848437666893, 2585021.128177922684699 ], [ 2773021.983848437666893, 2584944.286442948970944 ], [ 2772945.141755039338022, 2584944.286442948970944 ], [ 2772945.141755039338022, 2584867.443106839433312 ], [ 2772868.298060530330986, 2584867.443106839433312 ], [ 2772945.141755039338022, 2584867.443106839433312 ], [ 2772945.141755039338022, 2584790.59977072943002 ], [ 2773021.983848437666893, 2584790.59977072943002 ], [ 2773021.983848437666893, 2584867.443106839433312 ], [ 2773098.825941836461425, 2584867.443106839433312 ], [ 2773098.825941836461425, 2584790.59977072943002 ], [ 2773021.983848437666893, 2584790.59977072943002 ], [ 2773021.983848437666893, 2584713.756434619426727 ], [ 2773021.983848437666893, 2584636.914699646178633 ], [ 2773098.825941836461425, 2584636.914699646178633 ], [ 2773175.668035234790295, 2584636.914699646178633 ], [ 2773252.510128633584827, 2584636.914699646178633 ], [ 2773252.510128633584827, 2584560.07136353617534 ], [ 2773252.510128633584827, 2584483.228027426172048 ], [ 2773252.510128633584827, 2584406.384691316168755 ], [ 2773175.668035234790295, 2584406.384691316168755 ], [ 2773175.668035234790295, 2584329.542956342920661 ], [ 2773175.668035234790295, 2584252.699620232917368 ], [ 2773175.668035234790295, 2584175.856284122914076 ], [ 2773175.668035234790295, 2584099.014549149665982 ], [ 2773175.668035234790295, 2584022.171213039662689 ], [ 2773252.510128633584827, 2584022.171213039662689 ], [ 2773252.510128633584827, 2583945.327876929659396 ], [ 2773252.510128633584827, 2583868.484540820121765 ], [ 2773252.510128633584827, 2583791.64280584640801 ], [ 2773252.510128633584827, 2583714.799469736404717 ], [ 2773175.668035234790295, 2583714.799469736404717 ], [ 2773098.825941836461425, 2583714.799469736404717 ], [ 2773021.983848437666893, 2583714.799469736404717 ], [ 2773021.983848437666893, 2583637.956133626867086 ], [ 2773098.825941836461425, 2583637.956133626867086 ], [ 2773098.825941836461425, 2583561.112797516863793 ], [ 2773175.668035234790295, 2583637.956133626867086 ], [ 2773175.668035234790295, 2583561.112797516863793 ], [ 2773252.510128633584827, 2583561.112797516863793 ], [ 2773329.352222031913698, 2583561.112797516863793 ], [ 2773329.352222031913698, 2583484.271062543150038 ], [ 2773252.510128633584827, 2583484.271062543150038 ], [ 2773175.668035234790295, 2583484.271062543150038 ], [ 2773175.668035234790295, 2583561.112797516863793 ], [ 2773098.825941836461425, 2583561.112797516863793 ], [ 2773021.983848437666893, 2583561.112797516863793 ], [ 2772945.141755039338022, 2583484.271062543150038 ], [ 2772868.298060530330986, 2583484.271062543150038 ], [ 2772791.455967131536454, 2583484.271062543150038 ], [ 2772791.455967131536454, 2583407.427726433612406 ], [ 2772791.455967131536454, 2583330.584390323609114 ], [ 2772791.455967131536454, 2583253.741054213605821 ], [ 2772868.298060530330986, 2583253.741054213605821 ], [ 2772945.141755039338022, 2583253.741054213605821 ], [ 2772945.141755039338022, 2583330.584390323609114 ], [ 2772945.141755039338022, 2583407.427726433612406 ], [ 2773021.983848437666893, 2583407.427726433612406 ], [ 2773021.983848437666893, 2583330.584390323609114 ], [ 2773021.983848437666893, 2583253.741054213605821 ], [ 2772945.141755039338022, 2583253.741054213605821 ], [ 2772945.141755039338022, 2583176.899319240357727 ], [ 2772945.141755039338022, 2583100.055983130354434 ], [ 2773021.983848437666893, 2583100.055983130354434 ], [ 2773021.983848437666893, 2583176.899319240357727 ], [ 2773098.825941836461425, 2583176.899319240357727 ], [ 2773098.825941836461425, 2583100.055983130354434 ], [ 2773175.668035234790295, 2583100.055983130354434 ], [ 2773175.668035234790295, 2583023.212647020351142 ], [ 2773175.668035234790295, 2582946.370912047103047 ], [ 2773098.825941836461425, 2582946.370912047103047 ], [ 2773021.983848437666893, 2583023.212647020351142 ], [ 2772945.141755039338022, 2583023.212647020351142 ], [ 2772945.141755039338022, 2582946.370912047103047 ], [ 2772868.298060530330986, 2582946.370912047103047 ], [ 2772868.298060530330986, 2582869.527575937099755 ], [ 2772945.141755039338022, 2582869.527575937099755 ], [ 2773021.983848437666893, 2582869.527575937099755 ], [ 2773021.983848437666893, 2582792.684239827096462 ], [ 2772945.141755039338022, 2582792.684239827096462 ], [ 2772945.141755039338022, 2582715.840903717558831 ], [ 2772945.141755039338022, 2582638.999168743845075 ], [ 2773021.983848437666893, 2582562.155832633841783 ], [ 2773021.983848437666893, 2582485.312496524304152 ], [ 2772945.141755039338022, 2582485.312496524304152 ], [ 2772945.141755039338022, 2582562.155832633841783 ], [ 2772868.298060530330986, 2582562.155832633841783 ], [ 2772868.298060530330986, 2582638.999168743845075 ], [ 2772791.455967131536454, 2582638.999168743845075 ], [ 2772714.613873733207583, 2582638.999168743845075 ], [ 2772637.771780334413052, 2582638.999168743845075 ], [ 2772637.771780334413052, 2582562.155832633841783 ], [ 2772637.771780334413052, 2582485.312496524304152 ], [ 2772637.771780334413052, 2582408.469160414300859 ], [ 2772560.92968693561852, 2582408.469160414300859 ], [ 2772560.92968693561852, 2582331.627425440587103 ], [ 2772484.085992426611483, 2582331.627425440587103 ], [ 2772484.085992426611483, 2582254.784089331049472 ], [ 2772484.085992426611483, 2582177.94075322104618 ], [ 2772407.243899028282613, 2582177.94075322104618 ], [ 2772407.243899028282613, 2582101.099018247332424 ], [ 2772407.243899028282613, 2582024.255682137794793 ], [ 2772407.243899028282613, 2581947.4123460277915 ], [ 2772330.401805629488081, 2581947.4123460277915 ], [ 2772253.55971223115921, 2581947.4123460277915 ], [ 2772176.717618832364678, 2581947.4123460277915 ], [ 2772176.717618832364678, 2582024.255682137794793 ], [ 2772099.873924323357642, 2582024.255682137794793 ], [ 2772099.873924323357642, 2581947.4123460277915 ], [ 2772023.031830925028771, 2581947.4123460277915 ], [ 2772023.031830925028771, 2581870.569009917788208 ], [ 2772023.031830925028771, 2581793.727274944540113 ], [ 2772023.031830925028771, 2581716.883938834536821 ], [ 2772023.031830925028771, 2581640.040602724533528 ], [ 2772023.031830925028771, 2581563.197266614530236 ], [ 2772099.873924323357642, 2581563.197266614530236 ], [ 2772176.717618832364678, 2581563.197266614530236 ], [ 2772176.717618832364678, 2581486.355531641282141 ], [ 2772253.55971223115921, 2581486.355531641282141 ], [ 2772330.401805629488081, 2581486.355531641282141 ], [ 2772330.401805629488081, 2581409.512195531278849 ], [ 2772330.401805629488081, 2581332.668859421275556 ], [ 2772330.401805629488081, 2581255.825523311737925 ], [ 2772407.243899028282613, 2581255.825523311737925 ], [ 2772484.085992426611483, 2581255.825523311737925 ], [ 2772484.085992426611483, 2581178.983788338024169 ], [ 2772484.085992426611483, 2581102.140452228020877 ], [ 2772484.085992426611483, 2581025.297116118483245 ], [ 2772484.085992426611483, 2580948.45538114476949 ], [ 2772484.085992426611483, 2580871.612045034766197 ], [ 2772484.085992426611483, 2580794.768708925228566 ], [ 2772560.92968693561852, 2580794.768708925228566 ], [ 2772560.92968693561852, 2580717.925372815225273 ], [ 2772637.771780334413052, 2580717.925372815225273 ], [ 2772714.613873733207583, 2580717.925372815225273 ], [ 2772791.455967131536454, 2580717.925372815225273 ], [ 2772791.455967131536454, 2580641.083637841511518 ], [ 2772791.455967131536454, 2580564.240301731973886 ], [ 2772714.613873733207583, 2580487.396965621970594 ], [ 2772714.613873733207583, 2580410.553629511967301 ], [ 2772637.771780334413052, 2580410.553629511967301 ], [ 2772637.771780334413052, 2580333.711894538719207 ], [ 2772637.771780334413052, 2580256.868558428715914 ], [ 2772637.771780334413052, 2580180.025222318712622 ], [ 2772714.613873733207583, 2580180.025222318712622 ], [ 2772714.613873733207583, 2580103.181886209174991 ], [ 2772714.613873733207583, 2580026.340151235461235 ], [ 2772791.455967131536454, 2580026.340151235461235 ], [ 2772791.455967131536454, 2579949.496815125457942 ], [ 2772791.455967131536454, 2579872.653479015920311 ], [ 2772714.613873733207583, 2579872.653479015920311 ], [ 2772637.771780334413052, 2579872.653479015920311 ], [ 2772560.92968693561852, 2579872.653479015920311 ], [ 2772484.085992426611483, 2579795.811744042206556 ], [ 2772407.243899028282613, 2579795.811744042206556 ], [ 2772407.243899028282613, 2579718.968407932203263 ], [ 2772330.401805629488081, 2579718.968407932203263 ], [ 2772330.401805629488081, 2579642.125071822665632 ], [ 2772253.55971223115921, 2579642.125071822665632 ], [ 2772253.55971223115921, 2579565.281735712662339 ], [ 2772176.717618832364678, 2579565.281735712662339 ], [ 2772176.717618832364678, 2579488.440000738948584 ], [ 2772253.55971223115921, 2579488.440000738948584 ], [ 2772253.55971223115921, 2579411.596664629410952 ], [ 2772253.55971223115921, 2579334.75332851940766 ], [ 2772176.717618832364678, 2579334.75332851940766 ], [ 2772176.717618832364678, 2579257.909992409404367 ], [ 2772176.717618832364678, 2579181.068257436156273 ], [ 2772253.55971223115921, 2579181.068257436156273 ], [ 2772253.55971223115921, 2579104.22492132615298 ], [ 2772253.55971223115921, 2579027.381585216149688 ], [ 2772330.401805629488081, 2579027.381585216149688 ], [ 2772330.401805629488081, 2578950.539850242901593 ], [ 2772330.401805629488081, 2578873.696514132898301 ], [ 2772330.401805629488081, 2578796.853178022895008 ], [ 2772407.243899028282613, 2578796.853178022895008 ], [ 2772407.243899028282613, 2578720.009841912891716 ], [ 2772484.085992426611483, 2578720.009841912891716 ], [ 2772560.92968693561852, 2578720.009841912891716 ], [ 2772637.771780334413052, 2578720.009841912891716 ], [ 2772637.771780334413052, 2578643.168106939643621 ], [ 2772560.92968693561852, 2578643.168106939643621 ], [ 2772484.085992426611483, 2578643.168106939643621 ], [ 2772484.085992426611483, 2578566.324770829640329 ], [ 2772484.085992426611483, 2578489.481434719637036 ], [ 2772560.92968693561852, 2578489.481434719637036 ], [ 2772637.771780334413052, 2578566.324770829640329 ], [ 2772714.613873733207583, 2578566.324770829640329 ], [ 2772714.613873733207583, 2578489.481434719637036 ], [ 2772791.455967131536454, 2578489.481434719637036 ], [ 2772714.613873733207583, 2578489.481434719637036 ], [ 2772714.613873733207583, 2578412.638098610099405 ], [ 2772637.771780334413052, 2578412.638098610099405 ], [ 2772637.771780334413052, 2578335.796363636385649 ], [ 2772637.771780334413052, 2578258.953027526382357 ], [ 2772637.771780334413052, 2578182.109691416844726 ], [ 2772714.613873733207583, 2578182.109691416844726 ], [ 2772791.455967131536454, 2578182.109691416844726 ], [ 2772791.455967131536454, 2578105.266355306841433 ], [ 2772791.455967131536454, 2578028.424620333127677 ], [ 2772868.298060530330986, 2578028.424620333127677 ], [ 2772868.298060530330986, 2577951.581284223590046 ], [ 2772945.141755039338022, 2577951.581284223590046 ], [ 2773021.983848437666893, 2577951.581284223590046 ], [ 2773021.983848437666893, 2577874.737948113586754 ], [ 2772945.141755039338022, 2577874.737948113586754 ], [ 2772945.141755039338022, 2577951.581284223590046 ], [ 2772868.298060530330986, 2577951.581284223590046 ], [ 2772791.455967131536454, 2577951.581284223590046 ], [ 2772791.455967131536454, 2577874.737948113586754 ], [ 2772714.613873733207583, 2577874.737948113586754 ], [ 2772714.613873733207583, 2577797.896213139872998 ], [ 2772714.613873733207583, 2577721.052877030335367 ], [ 2772791.455967131536454, 2577721.052877030335367 ], [ 2772791.455967131536454, 2577644.209540920332074 ], [ 2772868.298060530330986, 2577644.209540920332074 ], [ 2772945.141755039338022, 2577721.052877030335367 ], [ 2773021.983848437666893, 2577721.052877030335367 ], [ 2773021.983848437666893, 2577797.896213139872998 ], [ 2773021.983848437666893, 2577721.052877030335367 ], [ 2773098.825941836461425, 2577721.052877030335367 ], [ 2773175.668035234790295, 2577721.052877030335367 ], [ 2773098.825941836461425, 2577721.052877030335367 ], [ 2773021.983848437666893, 2577721.052877030335367 ], [ 2773021.983848437666893, 2577644.209540920332074 ], [ 2772945.141755039338022, 2577644.209540920332074 ], [ 2772868.298060530330986, 2577644.209540920332074 ], [ 2772791.455967131536454, 2577644.209540920332074 ], [ 2772791.455967131536454, 2577567.366204810328782 ], [ 2772714.613873733207583, 2577567.366204810328782 ], [ 2772714.613873733207583, 2577490.524469837080687 ], [ 2772791.455967131536454, 2577490.524469837080687 ], [ 2772791.455967131536454, 2577413.681133727077395 ], [ 2772868.298060530330986, 2577413.681133727077395 ], [ 2772791.455967131536454, 2577413.681133727077395 ], [ 2772714.613873733207583, 2577413.681133727077395 ], [ 2772714.613873733207583, 2577336.837797617074102 ], [ 2772637.771780334413052, 2577413.681133727077395 ], [ 2772637.771780334413052, 2577336.837797617074102 ], [ 2772560.92968693561852, 2577336.837797617074102 ], [ 2772560.92968693561852, 2577259.994461507536471 ], [ 2772484.085992426611483, 2577259.994461507536471 ], [ 2772407.243899028282613, 2577259.994461507536471 ], [ 2772407.243899028282613, 2577336.837797617074102 ], [ 2772330.401805629488081, 2577336.837797617074102 ], [ 2772330.401805629488081, 2577259.994461507536471 ], [ 2772253.55971223115921, 2577259.994461507536471 ], [ 2772253.55971223115921, 2577183.152726533822715 ], [ 2772253.55971223115921, 2577106.309390423819423 ], [ 2772330.401805629488081, 2577106.309390423819423 ], [ 2772407.243899028282613, 2577106.309390423819423 ], [ 2772407.243899028282613, 2577029.466054314281791 ], [ 2772484.085992426611483, 2577029.466054314281791 ], [ 2772484.085992426611483, 2576952.622718204278499 ], [ 2772484.085992426611483, 2576875.780983230564743 ], [ 2772484.085992426611483, 2576798.937647121027112 ], [ 2772484.085992426611483, 2576722.094311011023819 ], [ 2772484.085992426611483, 2576645.252576037310064 ], [ 2772560.92968693561852, 2576568.409239927772433 ], [ 2772560.92968693561852, 2576491.56590381776914 ], [ 2772637.771780334413052, 2576491.56590381776914 ], [ 2772637.771780334413052, 2576414.722567707765847 ], [ 2772637.771780334413052, 2576337.880832734517753 ], [ 2772714.613873733207583, 2576337.880832734517753 ], [ 2772714.613873733207583, 2576261.037496624514461 ], [ 2772637.771780334413052, 2576261.037496624514461 ], [ 2772560.92968693561852, 2576261.037496624514461 ], [ 2772484.085992426611483, 2576261.037496624514461 ], [ 2772484.085992426611483, 2576184.194160514511168 ], [ 2772484.085992426611483, 2576107.350824404507875 ], [ 2772484.085992426611483, 2576030.509089431259781 ], [ 2772484.085992426611483, 2575953.665753321256489 ], [ 2772484.085992426611483, 2575876.822417211253196 ], [ 2772560.92968693561852, 2575876.822417211253196 ], [ 2772560.92968693561852, 2575799.980682238005102 ], [ 2772560.92968693561852, 2575723.137346128001809 ], [ 2772637.771780334413052, 2575723.137346128001809 ], [ 2772637.771780334413052, 2575646.294010017998517 ], [ 2772637.771780334413052, 2575569.450673908460885 ], [ 2772714.613873733207583, 2575569.450673908460885 ], [ 2772791.455967131536454, 2575569.450673908460885 ], [ 2772868.298060530330986, 2575569.450673908460885 ], [ 2772868.298060530330986, 2575492.60893893474713 ], [ 2772791.455967131536454, 2575492.60893893474713 ], [ 2772714.613873733207583, 2575492.60893893474713 ], [ 2772637.771780334413052, 2575492.60893893474713 ], [ 2772560.92968693561852, 2575492.60893893474713 ], [ 2772560.92968693561852, 2575415.765602824743837 ], [ 2772484.085992426611483, 2575415.765602824743837 ], [ 2772484.085992426611483, 2575338.922266715206206 ], [ 2772484.085992426611483, 2575262.078930605202913 ], [ 2772484.085992426611483, 2575185.237195631489158 ], [ 2772560.92968693561852, 2575185.237195631489158 ], [ 2772560.92968693561852, 2575108.393859521951526 ], [ 2772637.771780334413052, 2575108.393859521951526 ], [ 2772637.771780334413052, 2575031.550523411948234 ], [ 2772714.613873733207583, 2574954.707187301944941 ], [ 2772791.455967131536454, 2574954.707187301944941 ], [ 2772791.455967131536454, 2575031.550523411948234 ], [ 2772868.298060530330986, 2575031.550523411948234 ], [ 2772945.141755039338022, 2575031.550523411948234 ], [ 2772945.141755039338022, 2575108.393859521951526 ], [ 2773021.983848437666893, 2575108.393859521951526 ], [ 2773021.983848437666893, 2575031.550523411948234 ], [ 2773098.825941836461425, 2575031.550523411948234 ], [ 2773021.983848437666893, 2575031.550523411948234 ], [ 2773021.983848437666893, 2574954.707187301944941 ], [ 2772945.141755039338022, 2574954.707187301944941 ], [ 2772945.141755039338022, 2574877.865452328696847 ], [ 2772945.141755039338022, 2574801.022116218693554 ], [ 2772868.298060530330986, 2574801.022116218693554 ], [ 2772868.298060530330986, 2574724.178780108690262 ], [ 2772945.141755039338022, 2574724.178780108690262 ], [ 2773021.983848437666893, 2574724.178780108690262 ], [ 2773021.983848437666893, 2574647.337045135442168 ], [ 2773021.983848437666893, 2574570.493709025438875 ], [ 2772945.141755039338022, 2574570.493709025438875 ], [ 2772868.298060530330986, 2574570.493709025438875 ], [ 2772868.298060530330986, 2574493.650372915435582 ], [ 2772868.298060530330986, 2574416.807036805897951 ], [ 2772868.298060530330986, 2574339.965301832184196 ], [ 2772945.141755039338022, 2574339.965301832184196 ], [ 2773021.983848437666893, 2574339.965301832184196 ], [ 2773021.983848437666893, 2574263.121965722180903 ], [ 2773021.983848437666893, 2574186.278629612643272 ], [ 2773021.983848437666893, 2574109.435293502639979 ], [ 2772945.141755039338022, 2574109.435293502639979 ], [ 2772868.298060530330986, 2574109.435293502639979 ], [ 2772868.298060530330986, 2574186.278629612643272 ], [ 2772791.455967131536454, 2574186.278629612643272 ], [ 2772791.455967131536454, 2574263.121965722180903 ], [ 2772714.613873733207583, 2574263.121965722180903 ], [ 2772637.771780334413052, 2574263.121965722180903 ], [ 2772560.92968693561852, 2574263.121965722180903 ], [ 2772560.92968693561852, 2574186.278629612643272 ], [ 2772560.92968693561852, 2574109.435293502639979 ], [ 2772637.771780334413052, 2574109.435293502639979 ], [ 2772637.771780334413052, 2574032.593558528926224 ] ] } },
{ "type": "Feature", "properties": { }, "geometry": { "type": "LineString", "coordinates": [ [ 2772637.771780334413052, 2574032.593558528926224 ], [ 2772714.613873733207583, 2574032.593558528926224 ], [ 2772714.613873733207583, 2573955.750222419388592 ], [ 2772714.613873733207583, 2573878.9068863093853 ], [ 2772791.455967131536454, 2573878.9068863093853 ], [ 2772791.455967131536454, 2573802.063550199382007 ], [ 2772791.455967131536454, 2573725.221815226133913 ], [ 2772868.298060530330986, 2573648.37847911613062 ], [ 2772868.298060530330986, 2573571.535143006127328 ], [ 2772945.141755039338022, 2573571.535143006127328 ], [ 2772868.298060530330986, 2573571.535143006127328 ], [ 2772868.298060530330986, 2573494.693408032879233 ], [ 2772945.141755039338022, 2573494.693408032879233 ], [ 2772945.141755039338022, 2573417.850071922875941 ], [ 2773021.983848437666893, 2573341.006735812872648 ], [ 2773021.983848437666893, 2573417.850071922875941 ], [ 2773098.825941836461425, 2573417.850071922875941 ], [ 2773175.668035234790295, 2573417.850071922875941 ], [ 2773175.668035234790295, 2573494.693408032879233 ], [ 2773252.510128633584827, 2573494.693408032879233 ], [ 2773252.510128633584827, 2573417.850071922875941 ], [ 2773329.352222031913698, 2573417.850071922875941 ], [ 2773329.352222031913698, 2573341.006735812872648 ], [ 2773252.510128633584827, 2573341.006735812872648 ], [ 2773175.668035234790295, 2573341.006735812872648 ], [ 2773098.825941836461425, 2573341.006735812872648 ], [ 2773098.825941836461425, 2573264.163399702869356 ], [ 2773098.825941836461425, 2573187.321664729621261 ], [ 2773098.825941836461425, 2573110.478328619617969 ], [ 2773098.825941836461425, 2573033.634992509614676 ], [ 2773175.668035234790295, 2573033.634992509614676 ], [ 2773175.668035234790295, 2572956.791656400077045 ], [ 2773175.668035234790295, 2572879.949921426363289 ], [ 2773175.668035234790295, 2572803.106585316359997 ], [ 2773098.825941836461425, 2572803.106585316359997 ], [ 2773098.825941836461425, 2572726.263249206822366 ], [ 2773021.983848437666893, 2572726.263249206822366 ], [ 2773021.983848437666893, 2572803.106585316359997 ], [ 2772945.141755039338022, 2572879.949921426363289 ], [ 2772945.141755039338022, 2572956.791656400077045 ], [ 2772868.298060530330986, 2572956.791656400077045 ], [ 2772868.298060530330986, 2572879.949921426363289 ], [ 2772791.455967131536454, 2572879.949921426363289 ], [ 2772791.455967131536454, 2572803.106585316359997 ], [ 2772714.613873733207583, 2572803.106585316359997 ], [ 2772714.613873733207583, 2572726.263249206822366 ], [ 2772791.455967131536454, 2572726.263249206822366 ], [ 2772868.298060530330986, 2572726.263249206822366 ], [ 2772868.298060530330986, 2572649.42151423310861 ], [ 2772945.141755039338022, 2572649.42151423310861 ], [ 2772868.298060530330986, 2572649.42151423310861 ], [ 2772791.455967131536454, 2572649.42151423310861 ], [ 2772714.613873733207583, 2572649.42151423310861 ], [ 2772637.771780334413052, 2572649.42151423310861 ], [ 2772560.92968693561852, 2572649.42151423310861 ], [ 2772560.92968693561852, 2572572.578178123105317 ], [ 2772560.92968693561852, 2572495.734842013567686 ], [ 2772560.92968693561852, 2572418.891505903564394 ], [ 2772637.771780334413052, 2572418.891505903564394 ], [ 2772637.771780334413052, 2572342.049770929850638 ], [ 2772560.92968693561852, 2572342.049770929850638 ], [ 2772560.92968693561852, 2572265.206434820313007 ], [ 2772484.085992426611483, 2572265.206434820313007 ], [ 2772484.085992426611483, 2572188.363098710309714 ], [ 2772484.085992426611483, 2572111.519762600306422 ], [ 2772560.92968693561852, 2572111.519762600306422 ], [ 2772560.92968693561852, 2572034.678027627058327 ], [ 2772637.771780334413052, 2572034.678027627058327 ], [ 2772637.771780334413052, 2571957.834691517055035 ], [ 2772637.771780334413052, 2571880.991355407051742 ], [ 2772714.613873733207583, 2571880.991355407051742 ], [ 2772714.613873733207583, 2571804.148019297514111 ], [ 2772714.613873733207583, 2571727.306284323800355 ], [ 2772791.455967131536454, 2571727.306284323800355 ], [ 2772868.298060530330986, 2571727.306284323800355 ], [ 2772868.298060530330986, 2571650.462948213797063 ], [ 2772868.298060530330986, 2571727.306284323800355 ], [ 2772945.141755039338022, 2571727.306284323800355 ], [ 2773021.983848437666893, 2571727.306284323800355 ], [ 2773098.825941836461425, 2571727.306284323800355 ], [ 2773175.668035234790295, 2571804.148019297514111 ], [ 2773252.510128633584827, 2571804.148019297514111 ], [ 2773252.510128633584827, 2571727.306284323800355 ], [ 2773329.352222031913698, 2571727.306284323800355 ], [ 2773406.195916540920734, 2571650.462948213797063 ], [ 2773483.038009939715266, 2571650.462948213797063 ], [ 2773483.038009939715266, 2571573.619612104259431 ], [ 2773559.880103338044137, 2571573.619612104259431 ], [ 2773559.880103338044137, 2571496.777877130545676 ], [ 2773559.880103338044137, 2571419.934541020542383 ], [ 2773559.880103338044137, 2571343.091204911004752 ], [ 2773559.880103338044137, 2571266.247868801001459 ], [ 2773559.880103338044137, 2571189.406133827287704 ], [ 2773636.722196736838669, 2571189.406133827287704 ], [ 2773713.564290135167539, 2571189.406133827287704 ], [ 2773790.407984644174576, 2571189.406133827287704 ], [ 2773790.407984644174576, 2571112.562797717750072 ], [ 2773790.407984644174576, 2571189.406133827287704 ], [ 2773867.250078042969108, 2571189.406133827287704 ], [ 2773944.092171441763639, 2571189.406133827287704 ], [ 2774020.93426484009251, 2571189.406133827287704 ], [ 2774097.776358238887042, 2571189.406133827287704 ], [ 2774097.776358238887042, 2571266.247868801001459 ], [ 2774174.620052747894078, 2571266.247868801001459 ], [ 2774174.620052747894078, 2571343.091204911004752 ], [ 2774174.620052747894078, 2571419.934541020542383 ], [ 2774174.620052747894078, 2571343.091204911004752 ], [ 2774251.462146146222949, 2571343.091204911004752 ], [ 2774328.304239545017481, 2571343.091204911004752 ], [ 2774405.146332943346351, 2571343.091204911004752 ], [ 2774405.146332943346351, 2571266.247868801001459 ], [ 2774481.988426342140883, 2571266.247868801001459 ], [ 2774481.988426342140883, 2571189.406133827287704 ], [ 2774481.988426342140883, 2571112.562797717750072 ], [ 2774558.830519740469754, 2571112.562797717750072 ], [ 2774558.830519740469754, 2571035.71946160774678 ], [ 2774481.988426342140883, 2571035.71946160774678 ], [ 2774481.988426342140883, 2570958.876125497743487 ], [ 2774481.988426342140883, 2570882.034390524495393 ], [ 2774481.988426342140883, 2570805.1910544144921 ], [ 2774405.146332943346351, 2570805.1910544144921 ], [ 2774328.304239545017481, 2570805.1910544144921 ], [ 2774251.462146146222949, 2570728.347718304488808 ], [ 2774174.620052747894078, 2570728.347718304488808 ], [ 2774097.776358238887042, 2570728.347718304488808 ], [ 2774020.93426484009251, 2570651.504382194485515 ], [ 2773944.092171441763639, 2570651.504382194485515 ], [ 2773867.250078042969108, 2570651.504382194485515 ], [ 2773867.250078042969108, 2570574.662647221237421 ], [ 2773867.250078042969108, 2570497.819311111234128 ], [ 2773867.250078042969108, 2570420.975975001230836 ], [ 2773867.250078042969108, 2570344.134240027982742 ], [ 2773944.092171441763639, 2570267.290903917979449 ], [ 2773944.092171441763639, 2570190.447567807976156 ], [ 2773944.092171441763639, 2570113.604231698438525 ], [ 2773867.250078042969108, 2570113.604231698438525 ], [ 2773944.092171441763639, 2570113.604231698438525 ], [ 2773944.092171441763639, 2570036.76249672472477 ], [ 2773944.092171441763639, 2569959.919160614721477 ], [ 2773944.092171441763639, 2569883.075824505183846 ], [ 2774020.93426484009251, 2569883.075824505183846 ], [ 2774020.93426484009251, 2569806.232488395180553 ], [ 2774097.776358238887042, 2569806.232488395180553 ], [ 2774097.776358238887042, 2569729.390753421466798 ], [ 2774174.620052747894078, 2569729.390753421466798 ], [ 2774174.620052747894078, 2569652.547417311929166 ], [ 2774251.462146146222949, 2569652.547417311929166 ], [ 2774251.462146146222949, 2569575.704081201925874 ], [ 2774251.462146146222949, 2569498.862346228212118 ], [ 2774251.462146146222949, 2569422.019010118674487 ], [ 2774174.620052747894078, 2569422.019010118674487 ], [ 2774097.776358238887042, 2569422.019010118674487 ], [ 2774097.776358238887042, 2569345.175674008671194 ], [ 2774020.93426484009251, 2569345.175674008671194 ], [ 2774020.93426484009251, 2569268.332337898667902 ], [ 2774020.93426484009251, 2569191.490602925419807 ], [ 2774020.93426484009251, 2569114.647266815416515 ], [ 2773944.092171441763639, 2569114.647266815416515 ], [ 2773944.092171441763639, 2569037.803930705413222 ], [ 2773944.092171441763639, 2568960.960594595875591 ], [ 2774020.93426484009251, 2568960.960594595875591 ], [ 2774020.93426484009251, 2568884.118859622161835 ], [ 2774097.776358238887042, 2568884.118859622161835 ], [ 2774097.776358238887042, 2568807.275523512158543 ], [ 2774097.776358238887042, 2568730.432187402620912 ], [ 2774097.776358238887042, 2568653.588851292617619 ], [ 2774020.93426484009251, 2568653.588851292617619 ], [ 2773944.092171441763639, 2568653.588851292617619 ], [ 2773867.250078042969108, 2568653.588851292617619 ], [ 2773790.407984644174576, 2568653.588851292617619 ], [ 2773790.407984644174576, 2568576.747116318903863 ], [ 2773790.407984644174576, 2568499.903780209366232 ], [ 2773790.407984644174576, 2568423.06044409936294 ], [ 2773713.564290135167539, 2568423.06044409936294 ], [ 2773713.564290135167539, 2568346.218709125649184 ], [ 2773713.564290135167539, 2568269.375373016111553 ], [ 2773636.722196736838669, 2568269.375373016111553 ], [ 2773636.722196736838669, 2568192.53203690610826 ], [ 2773559.880103338044137, 2568192.53203690610826 ], [ 2773559.880103338044137, 2568115.688700796104968 ], [ 2773559.880103338044137, 2568038.846965822856873 ], [ 2773559.880103338044137, 2567962.003629712853581 ], [ 2773559.880103338044137, 2567885.160293602850288 ], [ 2773559.880103338044137, 2567808.316957492846996 ], [ 2773483.038009939715266, 2567808.316957492846996 ], [ 2773406.195916540920734, 2567808.316957492846996 ], [ 2773406.195916540920734, 2567731.475222519598901 ], [ 2773329.352222031913698, 2567731.475222519598901 ], [ 2773329.352222031913698, 2567654.631886409595609 ], [ 2773329.352222031913698, 2567577.788550299592316 ], [ 2773252.510128633584827, 2567577.788550299592316 ], [ 2773252.510128633584827, 2567500.945214190054685 ], [ 2773329.352222031913698, 2567500.945214190054685 ], [ 2773406.195916540920734, 2567500.945214190054685 ], [ 2773483.038009939715266, 2567424.103479216340929 ], [ 2773559.880103338044137, 2567424.103479216340929 ], [ 2773559.880103338044137, 2567347.260143106337637 ], [ 2773559.880103338044137, 2567270.416806996800005 ], [ 2773559.880103338044137, 2567193.57507202308625 ], [ 2773636.722196736838669, 2567193.57507202308625 ], [ 2773636.722196736838669, 2567116.731735913082957 ], [ 2773559.880103338044137, 2567116.731735913082957 ], [ 2773483.038009939715266, 2567116.731735913082957 ], [ 2773406.195916540920734, 2567193.57507202308625 ], [ 2773406.195916540920734, 2567270.416806996800005 ], [ 2773329.352222031913698, 2567270.416806996800005 ], [ 2773329.352222031913698, 2567347.260143106337637 ], [ 2773252.510128633584827, 2567347.260143106337637 ], [ 2773175.668035234790295, 2567270.416806996800005 ], [ 2773175.668035234790295, 2567193.57507202308625 ], [ 2773098.825941836461425, 2567116.731735913082957 ], [ 2773098.825941836461425, 2567039.888399803545326 ], [ 2773021.983848437666893, 2567039.888399803545326 ], [ 2773021.983848437666893, 2566963.045063693542033 ], [ 2772945.141755039338022, 2566963.045063693542033 ], [ 2772945.141755039338022, 2566886.203328719828278 ], [ 2772945.141755039338022, 2566809.359992610290647 ], [ 2772945.141755039338022, 2566732.516656500287354 ], [ 2773021.983848437666893, 2566732.516656500287354 ], [ 2773021.983848437666893, 2566655.673320390284061 ], [ 2773021.983848437666893, 2566578.831585417035967 ], [ 2772945.141755039338022, 2566578.831585417035967 ], [ 2772945.141755039338022, 2566501.988249307032675 ], [ 2772868.298060530330986, 2566501.988249307032675 ], [ 2772868.298060530330986, 2566425.144913197029382 ], [ 2772868.298060530330986, 2566348.303178223781288 ], [ 2772791.455967131536454, 2566348.303178223781288 ], [ 2772791.455967131536454, 2566271.459842113777995 ], [ 2772714.613873733207583, 2566271.459842113777995 ], [ 2772714.613873733207583, 2566194.616506003774703 ], [ 2772714.613873733207583, 2566117.773169894237071 ], [ 2772637.771780334413052, 2566117.773169894237071 ], [ 2772637.771780334413052, 2566040.931434920523316 ], [ 2772560.92968693561852, 2566040.931434920523316 ], [ 2772560.92968693561852, 2565964.088098810520023 ], [ 2772560.92968693561852, 2565887.244762700982392 ], [ 2772560.92968693561852, 2565810.401426590979099 ], [ 2772637.771780334413052, 2565810.401426590979099 ], [ 2772714.613873733207583, 2565810.401426590979099 ], [ 2772791.455967131536454, 2565810.401426590979099 ], [ 2772868.298060530330986, 2565810.401426590979099 ], [ 2772945.141755039338022, 2565810.401426590979099 ], [ 2773021.983848437666893, 2565810.401426590979099 ], [ 2773021.983848437666893, 2565887.244762700982392 ], [ 2773098.825941836461425, 2565887.244762700982392 ], [ 2773175.668035234790295, 2565887.244762700982392 ], [ 2773175.668035234790295, 2565964.088098810520023 ], [ 2773175.668035234790295, 2566040.931434920523316 ], [ 2773175.668035234790295, 2565964.088098810520023 ], [ 2773252.510128633584827, 2565964.088098810520023 ], [ 2773252.510128633584827, 2565887.244762700982392 ], [ 2773252.510128633584827, 2565810.401426590979099 ], [ 2773175.668035234790295, 2565810.401426590979099 ], [ 2773098.825941836461425, 2565810.401426590979099 ], [ 2773021.983848437666893, 2565810.401426590979099 ], [ 2773021.983848437666893, 2565733.559691617265344 ], [ 2773021.983848437666893, 2565656.716355507727712 ], [ 2773021.983848437666893, 2565579.87301939772442 ], [ 2772945.141755039338022, 2565579.87301939772442 ], [ 2772945.141755039338022, 2565503.029683287721127 ], [ 2772868.298060530330986, 2565503.029683287721127 ], [ 2772868.298060530330986, 2565426.187948314473033 ], [ 2772791.455967131536454, 2565426.187948314473033 ], [ 2772791.455967131536454, 2565349.34461220446974 ], [ 2772714.613873733207583, 2565349.34461220446974 ], [ 2772714.613873733207583, 2565272.501276094466448 ], [ 2772791.455967131536454, 2565272.501276094466448 ], [ 2772791.455967131536454, 2565195.659541121218354 ], [ 2772868.298060530330986, 2565195.659541121218354 ], [ 2772945.141755039338022, 2565118.816205011215061 ], [ 2773021.983848437666893, 2565118.816205011215061 ], [ 2773021.983848437666893, 2565041.972868901211768 ], [ 2773098.825941836461425, 2565041.972868901211768 ], [ 2773098.825941836461425, 2564965.129532791208476 ], [ 2773021.983848437666893, 2564965.129532791208476 ], [ 2773021.983848437666893, 2564888.287797817960382 ], [ 2772945.141755039338022, 2564888.287797817960382 ], [ 2772945.141755039338022, 2564811.444461707957089 ], [ 2772868.298060530330986, 2564811.444461707957089 ], [ 2772791.455967131536454, 2564811.444461707957089 ], [ 2772791.455967131536454, 2564734.601125597953796 ], [ 2772714.613873733207583, 2564734.601125597953796 ], [ 2772637.771780334413052, 2564734.601125597953796 ], [ 2772637.771780334413052, 2564657.757789488416165 ], [ 2772560.92968693561852, 2564657.757789488416165 ], [ 2772560.92968693561852, 2564580.91605451470241 ], [ 2772637.771780334413052, 2564580.91605451470241 ], [ 2772637.771780334413052, 2564504.072718404699117 ], [ 2772714.613873733207583, 2564504.072718404699117 ], [ 2772791.455967131536454, 2564504.072718404699117 ], [ 2772791.455967131536454, 2564427.229382295161486 ], [ 2772868.298060530330986, 2564427.229382295161486 ], [ 2772868.298060530330986, 2564350.386046185158193 ], [ 2772945.141755039338022, 2564350.386046185158193 ], [ 2773021.983848437666893, 2564350.386046185158193 ], [ 2773098.825941836461425, 2564350.386046185158193 ], [ 2773098.825941836461425, 2564273.544311211444438 ], [ 2773175.668035234790295, 2564273.544311211444438 ], [ 2773175.668035234790295, 2564196.700975101906806 ], [ 2773175.668035234790295, 2564119.857638991903514 ], [ 2773175.668035234790295, 2564043.015904018189758 ], [ 2773098.825941836461425, 2564043.015904018189758 ], [ 2773021.983848437666893, 2564043.015904018189758 ], [ 2773021.983848437666893, 2563966.172567908652127 ], [ 2772945.141755039338022, 2563966.172567908652127 ], [ 2772945.141755039338022, 2563889.329231798648834 ], [ 2772868.298060530330986, 2563889.329231798648834 ], [ 2772868.298060530330986, 2563812.485895688645542 ], [ 2772791.455967131536454, 2563812.485895688645542 ], [ 2772714.613873733207583, 2563812.485895688645542 ], [ 2772714.613873733207583, 2563735.644160715397447 ], [ 2772637.771780334413052, 2563735.644160715397447 ], [ 2772637.771780334413052, 2563658.800824605394155 ], [ 2772560.92968693561852, 2563658.800824605394155 ], [ 2772560.92968693561852, 2563581.957488495390862 ], [ 2772484.085992426611483, 2563581.957488495390862 ], [ 2772484.085992426611483, 2563505.114152385853231 ], [ 2772484.085992426611483, 2563428.272417412139475 ], [ 2772407.243899028282613, 2563428.272417412139475 ], [ 2772407.243899028282613, 2563351.429081302136183 ], [ 2772484.085992426611483, 2563351.429081302136183 ], [ 2772484.085992426611483, 2563274.585745192598552 ], [ 2772484.085992426611483, 2563197.744010218884796 ], [ 2772560.92968693561852, 2563197.744010218884796 ], [ 2772637.771780334413052, 2563120.900674108881503 ], [ 2772714.613873733207583, 2563120.900674108881503 ], [ 2772791.455967131536454, 2563120.900674108881503 ], [ 2772791.455967131536454, 2563044.057337999343872 ], [ 2772868.298060530330986, 2563044.057337999343872 ], [ 2772945.141755039338022, 2563044.057337999343872 ], [ 2773021.983848437666893, 2563044.057337999343872 ], [ 2773021.983848437666893, 2563120.900674108881503 ], [ 2773098.825941836461425, 2563120.900674108881503 ], [ 2773175.668035234790295, 2563120.900674108881503 ], [ 2773175.668035234790295, 2563197.744010218884796 ], [ 2773252.510128633584827, 2563197.744010218884796 ], [ 2773252.510128633584827, 2563120.900674108881503 ], [ 2773252.510128633584827, 2563044.057337999343872 ], [ 2773252.510128633584827, 2562967.21400188934058 ], [ 2773252.510128633584827, 2562890.372266915626824 ], [ 2773252.510128633584827, 2562813.528930806089193 ], [ 2773252.510128633584827, 2562736.6855946960859 ], [ 2773252.510128633584827, 2562659.842258586082608 ], [ 2773252.510128633584827, 2562583.000523612834513 ], [ 2773252.510128633584827, 2562506.157187502831221 ], [ 2773329.352222031913698, 2562506.157187502831221 ], [ 2773406.195916540920734, 2562506.157187502831221 ], [ 2773406.195916540920734, 2562429.313851392827928 ], [ 2773483.038009939715266, 2562429.313851392827928 ], [ 2773483.038009939715266, 2562352.470515282824636 ], [ 2773483.038009939715266, 2562275.628780309576541 ], [ 2773559.880103338044137, 2562275.628780309576541 ], [ 2773636.722196736838669, 2562275.628780309576541 ], [ 2773713.564290135167539, 2562275.628780309576541 ], [ 2773790.407984644174576, 2562275.628780309576541 ], [ 2773867.250078042969108, 2562275.628780309576541 ], [ 2773944.092171441763639, 2562275.628780309576541 ], [ 2774020.93426484009251, 2562198.785444199573249 ], [ 2774020.93426484009251, 2562121.942108089569956 ], [ 2774097.776358238887042, 2562121.942108089569956 ], [ 2774174.620052747894078, 2562121.942108089569956 ], [ 2774251.462146146222949, 2562121.942108089569956 ], [ 2774251.462146146222949, 2562045.100373116321862 ], [ 2774251.462146146222949, 2561968.257037006318569 ], [ 2774251.462146146222949, 2561891.413700896315277 ], [ 2774251.462146146222949, 2561814.570364786777645 ], [ 2774251.462146146222949, 2561737.72862981306389 ], [ 2774251.462146146222949, 2561660.885293703060597 ], [ 2774174.620052747894078, 2561660.885293703060597 ], [ 2774174.620052747894078, 2561584.041957593522966 ], [ 2774174.620052747894078, 2561507.198621483519673 ], [ 2774251.462146146222949, 2561507.198621483519673 ], [ 2774251.462146146222949, 2561430.356886509805918 ], [ 2774251.462146146222949, 2561353.513550400268286 ], [ 2774174.620052747894078, 2561353.513550400268286 ], [ 2774097.776358238887042, 2561353.513550400268286 ], [ 2774020.93426484009251, 2561353.513550400268286 ], [ 2774020.93426484009251, 2561276.670214290264994 ], [ 2773944.092171441763639, 2561276.670214290264994 ], [ 2773944.092171441763639, 2561199.826878180261701 ], [ 2773944.092171441763639, 2561122.985143207013607 ], [ 2773944.092171441763639, 2561046.141807097010314 ], [ 2774020.93426484009251, 2561046.141807097010314 ], [ 2774020.93426484009251, 2560969.298470987007022 ], [ 2774097.776358238887042, 2560969.298470987007022 ], [ 2774097.776358238887042, 2560892.456736013758928 ], [ 2774097.776358238887042, 2560815.613399903755635 ], [ 2774097.776358238887042, 2560738.770063793752342 ], [ 2774174.620052747894078, 2560738.770063793752342 ], [ 2774174.620052747894078, 2560661.926727684214711 ], [ 2774251.462146146222949, 2560585.084992710500956 ], [ 2774251.462146146222949, 2560508.241656600497663 ], [ 2774328.304239545017481, 2560508.241656600497663 ], [ 2774328.304239545017481, 2560431.398320490960032 ], [ 2774405.146332943346351, 2560431.398320490960032 ], [ 2774405.146332943346351, 2560354.554984380956739 ], [ 2774481.988426342140883, 2560354.554984380956739 ], [ 2774481.988426342140883, 2560431.398320490960032 ], [ 2774558.830519740469754, 2560431.398320490960032 ], [ 2774635.67421424947679, 2560431.398320490960032 ], [ 2774712.516307648271322, 2560431.398320490960032 ], [ 2774712.516307648271322, 2560354.554984380956739 ], [ 2774789.358401046600193, 2560354.554984380956739 ], [ 2774866.200494445394725, 2560354.554984380956739 ], [ 2774866.200494445394725, 2560277.713249407242984 ], [ 2774943.042587843723595, 2560277.713249407242984 ], [ 2775019.886282352730632, 2560277.713249407242984 ], [ 2775096.728375751525164, 2560277.713249407242984 ], [ 2775173.570469150319695, 2560277.713249407242984 ], [ 2775250.412562548648566, 2560277.713249407242984 ], [ 2775327.254655947443098, 2560200.869913297705352 ], [ 2775327.254655947443098, 2560124.02657718770206 ], [ 2775404.098350456450135, 2560124.02657718770206 ], [ 2775480.940443854779005, 2560124.02657718770206 ], [ 2775557.782537253573537, 2560124.02657718770206 ], [ 2775634.624630651902407, 2560124.02657718770206 ], [ 2775711.466724050696939, 2560124.02657718770206 ], [ 2775788.30881744902581, 2560124.02657718770206 ], [ 2775865.152511958032846, 2560124.02657718770206 ], [ 2775865.152511958032846, 2560047.184842213988304 ], [ 2775865.152511958032846, 2559970.341506104450673 ], [ 2775941.994605356827378, 2559970.341506104450673 ], [ 2775941.994605356827378, 2559893.49816999444738 ], [ 2775941.994605356827378, 2559816.654833884444088 ], [ 2776018.836698755156249, 2559816.654833884444088 ], [ 2776018.836698755156249, 2559739.813098911195993 ], [ 2776095.678792153950781, 2559739.813098911195993 ], [ 2776095.678792153950781, 2559662.969762801192701 ], [ 2776172.520885552279651, 2559662.969762801192701 ], [ 2776172.520885552279651, 2559586.126426691189408 ], [ 2776095.678792153950781, 2559586.126426691189408 ], [ 2776095.678792153950781, 2559509.283090581186116 ], [ 2776095.678792153950781, 2559432.441355607938021 ], [ 2776018.836698755156249, 2559432.441355607938021 ], [ 2776018.836698755156249, 2559355.598019497934729 ], [ 2776095.678792153950781, 2559355.598019497934729 ], [ 2776095.678792153950781, 2559278.754683387931436 ], [ 2776172.520885552279651, 2559278.754683387931436 ], [ 2776172.520885552279651, 2559201.911347278393805 ], [ 2776249.364580061286688, 2559201.911347278393805 ], [ 2776249.364580061286688, 2559125.069612304680049 ], [ 2776326.20667346008122, 2559048.226276194676757 ], [ 2776326.20667346008122, 2558971.382940085139126 ], [ 2776326.20667346008122, 2558894.54120511142537 ], [ 2776326.20667346008122, 2558817.697869001422077 ], [ 2776326.20667346008122, 2558740.854532891884446 ], [ 2776326.20667346008122, 2558664.011196781881154 ], [ 2776403.04876685841009, 2558664.011196781881154 ], [ 2776479.890860257204622, 2558664.011196781881154 ], [ 2776556.732953655533493, 2558664.011196781881154 ], [ 2776556.732953655533493, 2558587.169461808167398 ], [ 2776633.576648165006191, 2558587.169461808167398 ], [ 2776710.418741563335061, 2558587.169461808167398 ], [ 2776710.418741563335061, 2558510.326125698629767 ], [ 2776787.260834962129593, 2558433.482789588626474 ], [ 2776787.260834962129593, 2558356.639453478623182 ], [ 2776787.260834962129593, 2558279.797718505375087 ], [ 2776787.260834962129593, 2558202.954382395371795 ], [ 2776787.260834962129593, 2558126.111046285368502 ], [ 2776787.260834962129593, 2558049.267710175830871 ], [ 2776787.260834962129593, 2557972.425975202117115 ], [ 2776864.102928360458463, 2557972.425975202117115 ], [ 2776864.102928360458463, 2557895.582639092113823 ], [ 2776787.260834962129593, 2557895.582639092113823 ], [ 2776710.418741563335061, 2557895.582639092113823 ], [ 2776710.418741563335061, 2557818.739302982576191 ], [ 2776710.418741563335061, 2557741.897568008862436 ], [ 2776633.576648165006191, 2557741.897568008862436 ], [ 2776633.576648165006191, 2557665.054231898859143 ], [ 2776633.576648165006191, 2557588.210895789321512 ], [ 2776710.418741563335061, 2557588.210895789321512 ], [ 2776710.418741563335061, 2557511.367559679318219 ], [ 2776787.260834962129593, 2557511.367559679318219 ], [ 2776787.260834962129593, 2557434.525824705604464 ], [ 2776787.260834962129593, 2557357.682488596066833 ], [ 2776787.260834962129593, 2557280.83915248606354 ], [ 2776710.418741563335061, 2557280.83915248606354 ], [ 2776710.418741563335061, 2557203.995816376060247 ], [ 2776710.418741563335061, 2557127.154081402812153 ], [ 2776633.576648165006191, 2557127.154081402812153 ], [ 2776633.576648165006191, 2557050.310745292808861 ], [ 2776710.418741563335061, 2556973.467409182805568 ], [ 2776710.418741563335061, 2556896.625674209557474 ], [ 2776710.418741563335061, 2556819.782338099554181 ], [ 2776710.418741563335061, 2556742.939001989550889 ], [ 2776710.418741563335061, 2556666.095665879547596 ], [ 2776710.418741563335061, 2556589.253930906299502 ], [ 2776710.418741563335061, 2556512.410594796296209 ], [ 2776710.418741563335061, 2556435.567258686292917 ], [ 2776710.418741563335061, 2556358.723922576755285 ], [ 2776710.418741563335061, 2556281.88218760304153 ], [ 2776787.260834962129593, 2556281.88218760304153 ], [ 2776864.102928360458463, 2556205.038851493038237 ], [ 2776940.945021759252995, 2556205.038851493038237 ], [ 2777017.787115157581866, 2556205.038851493038237 ], [ 2777094.630809666588902, 2556205.038851493038237 ], [ 2777094.630809666588902, 2556128.195515383500606 ], [ 2777171.472903065383434, 2556128.195515383500606 ], [ 2777248.314996463712305, 2556128.195515383500606 ], [ 2777248.314996463712305, 2556051.352179273497313 ], [ 2777325.157089862506837, 2556051.352179273497313 ], [ 2777401.999183260835707, 2556051.352179273497313 ], [ 2777401.999183260835707, 2555974.510444299783558 ], [ 2777478.842877769842744, 2555974.510444299783558 ], [ 2777555.684971168637276, 2555897.667108190245926 ], [ 2777632.527064567431808, 2555897.667108190245926 ], [ 2777709.369157965760678, 2555897.667108190245926 ], [ 2777786.211251364089549, 2555897.667108190245926 ], [ 2777786.211251364089549, 2555820.823772080242634 ], [ 2777863.054945873562247, 2555820.823772080242634 ], [ 2777863.054945873562247, 2555743.982037106528878 ], [ 2777939.897039271891117, 2555743.982037106528878 ], [ 2777939.897039271891117, 2555667.138700996991247 ], [ 2778016.739132670685649, 2555667.138700996991247 ], [ 2778093.581226069014519, 2555667.138700996991247 ], [ 2778093.581226069014519, 2555743.982037106528878 ], [ 2778170.423319467809051, 2555743.982037106528878 ], [ 2778247.265412866137922, 2555743.982037106528878 ], [ 2778324.109107375144958, 2555743.982037106528878 ], [ 2778400.95120077393949, 2555743.982037106528878 ], [ 2778477.793294172268361, 2555743.982037106528878 ], [ 2778554.635387571062893, 2555667.138700996991247 ], [ 2778631.477480969391763, 2555667.138700996991247 ], [ 2778708.3211754783988, 2555667.138700996991247 ], [ 2778785.163268877193332, 2555667.138700996991247 ], [ 2778862.005362275522202, 2555667.138700996991247 ], [ 2778862.005362275522202, 2555590.295364886987954 ], [ 2778938.847455674316734, 2555590.295364886987954 ], [ 2778938.847455674316734, 2555513.452028776984662 ], [ 2779015.689549072645605, 2555513.452028776984662 ], [ 2779092.531642471440136, 2555513.452028776984662 ], [ 2779092.531642471440136, 2555436.610293803736567 ], [ 2779169.375336980447173, 2555436.610293803736567 ], [ 2779246.217430379241705, 2555436.610293803736567 ], [ 2779246.217430379241705, 2555359.766957693733275 ], [ 2779323.059523777570575, 2555359.766957693733275 ], [ 2779323.059523777570575, 2555282.923621583729982 ], [ 2779323.059523777570575, 2555206.080285474192351 ], [ 2779399.901617176365107, 2555206.080285474192351 ], [ 2779476.743710574693978, 2555206.080285474192351 ], [ 2779553.587405083701015, 2555206.080285474192351 ], [ 2779630.429498482495546, 2555206.080285474192351 ], [ 2779707.271591880824417, 2555206.080285474192351 ], [ 2779707.271591880824417, 2555129.238550500478595 ], [ 2779784.113685279618949, 2555129.238550500478595 ], [ 2779784.113685279618949, 2555052.395214390475303 ], [ 2779860.955778677947819, 2555052.395214390475303 ], [ 2779860.955778677947819, 2554975.551878280937672 ], [ 2779937.799473186954856, 2554975.551878280937672 ], [ 2779937.799473186954856, 2554898.708542170934379 ], [ 2779860.955778677947819, 2554898.708542170934379 ], [ 2779860.955778677947819, 2554821.866807197220623 ], [ 2779937.799473186954856, 2554821.866807197220623 ], [ 2780014.641566585749388, 2554821.866807197220623 ], [ 2780014.641566585749388, 2554745.023471087682992 ], [ 2779937.799473186954856, 2554745.023471087682992 ], [ 2779937.799473186954856, 2554668.1801349776797 ], [ 2779937.799473186954856, 2554591.338400003965944 ], [ 2779860.955778677947819, 2554591.338400003965944 ], [ 2779860.955778677947819, 2554514.495063894428313 ], [ 2779860.955778677947819, 2554437.65172778442502 ], [ 2779860.955778677947819, 2554360.808391674421728 ], [ 2779860.955778677947819, 2554283.966656701173633 ], [ 2779784.113685279618949, 2554283.966656701173633 ], [ 2779784.113685279618949, 2554207.123320591170341 ], [ 2779784.113685279618949, 2554130.279984481167048 ], [ 2779784.113685279618949, 2554053.436648371163756 ], [ 2779784.113685279618949, 2553976.594913397915661 ], [ 2779860.955778677947819, 2553976.594913397915661 ], [ 2779860.955778677947819, 2553899.751577287912369 ], [ 2779860.955778677947819, 2553822.908241177909076 ], [ 2779860.955778677947819, 2553746.066506204660982 ], [ 2779860.955778677947819, 2553669.223170094657689 ], [ 2779860.955778677947819, 2553592.379833984654397 ], [ 2779937.799473186954856, 2553592.379833984654397 ], [ 2779937.799473186954856, 2553515.536497875116765 ], [ 2779937.799473186954856, 2553438.69476290140301 ], [ 2780014.641566585749388, 2553438.69476290140301 ], [ 2780014.641566585749388, 2553361.851426791399717 ], [ 2780014.641566585749388, 2553285.008090681862086 ], [ 2779937.799473186954856, 2553208.164754571858793 ], [ 2779937.799473186954856, 2553131.323019598145038 ], [ 2779937.799473186954856, 2553054.479683488607407 ], [ 2779860.955778677947819, 2553054.479683488607407 ], [ 2779784.113685279618949, 2552977.636347378604114 ], [ 2779707.271591880824417, 2552977.636347378604114 ], [ 2779630.429498482495546, 2552977.636347378604114 ], [ 2779630.429498482495546, 2552900.793011268600821 ], [ 2779630.429498482495546, 2552977.636347378604114 ], [ 2779553.587405083701015, 2552977.636347378604114 ], [ 2779476.743710574693978, 2552977.636347378604114 ], [ 2779476.743710574693978, 2552900.793011268600821 ], [ 2779399.901617176365107, 2552900.793011268600821 ], [ 2779476.743710574693978, 2552900.793011268600821 ], [ 2779476.743710574693978, 2552823.951276295352727 ], [ 2779553.587405083701015, 2552823.951276295352727 ], [ 2779553.587405083701015, 2552747.107940185349435 ], [ 2779630.429498482495546, 2552747.107940185349435 ], [ 2779707.271591880824417, 2552747.107940185349435 ], [ 2779784.113685279618949, 2552747.107940185349435 ], [ 2779784.113685279618949, 2552670.264604075346142 ], [ 2779860.955778677947819, 2552670.264604075346142 ], [ 2780014.641566585749388, 2552593.422869102098048 ], [ 2780091.483659984078258, 2552593.422869102098048 ], [ 2780091.483659984078258, 2552516.579532992094755 ], [ 2780014.641566585749388, 2552516.579532992094755 ], [ 2780014.641566585749388, 2552439.736196882091463 ], [ 2780014.641566585749388, 2552362.892860772553831 ], [ 2779937.799473186954856, 2552362.892860772553831 ], [ 2779937.799473186954856, 2552286.051125798840076 ], [ 2779937.799473186954856, 2552209.207789688836783 ], [ 2779860.955778677947819, 2552209.207789688836783 ], [ 2779860.955778677947819, 2552132.364453579299152 ], [ 2779860.955778677947819, 2552055.521117469295859 ], [ 2779784.113685279618949, 2552055.521117469295859 ], [ 2779784.113685279618949, 2551978.679382495582104 ], [ 2779707.271591880824417, 2551978.679382495582104 ], [ 2779630.429498482495546, 2551978.679382495582104 ], [ 2779630.429498482495546, 2551901.836046386044472 ], [ 2779553.587405083701015, 2551901.836046386044472 ], [ 2779476.743710574693978, 2551901.836046386044472 ], [ 2779476.743710574693978, 2551824.99271027604118 ], [ 2779476.743710574693978, 2551748.149374166037887 ], [ 2779476.743710574693978, 2551671.307639192789793 ], [ 2779399.901617176365107, 2551671.307639192789793 ], [ 2779399.901617176365107, 2551594.4643030827865 ], [ 2779399.901617176365107, 2551517.620966972783208 ], [ 2779323.059523777570575, 2551517.620966972783208 ], [ 2779323.059523777570575, 2551440.779231999535114 ], [ 2779246.217430379241705, 2551440.779231999535114 ], [ 2779246.217430379241705, 2551363.935895889531821 ], [ 2779323.059523777570575, 2551363.935895889531821 ], [ 2779399.901617176365107, 2551287.092559779528528 ], [ 2779476.743710574693978, 2551287.092559779528528 ], [ 2779553.587405083701015, 2551287.092559779528528 ], [ 2779553.587405083701015, 2551210.249223669525236 ], [ 2779630.429498482495546, 2551210.249223669525236 ], [ 2779707.271591880824417, 2551133.407488696277142 ], [ 2779784.113685279618949, 2551133.407488696277142 ], [ 2779784.113685279618949, 2551056.564152586273849 ], [ 2779860.955778677947819, 2550979.720816476270556 ], [ 2779937.799473186954856, 2550979.720816476270556 ], [ 2779937.799473186954856, 2550902.877480366732925 ], [ 2779860.955778677947819, 2550902.877480366732925 ], [ 2779860.955778677947819, 2550826.03574539301917 ], [ 2779860.955778677947819, 2550749.192409283015877 ], [ 2779937.799473186954856, 2550749.192409283015877 ], [ 2779937.799473186954856, 2550672.349073173478246 ], [ 2780014.641566585749388, 2550672.349073173478246 ], [ 2780091.483659984078258, 2550672.349073173478246 ], [ 2780091.483659984078258, 2550595.50733819976449 ], [ 2780168.32575338287279, 2550595.50733819976449 ], [ 2780168.32575338287279, 2550518.664002089761198 ], [ 2780091.483659984078258, 2550518.664002089761198 ], [ 2780091.483659984078258, 2550441.820665980223566 ], [ 2780091.483659984078258, 2550364.977329870220274 ], [ 2780091.483659984078258, 2550288.135594896506518 ], [ 2780091.483659984078258, 2550211.292258786968887 ], [ 2780091.483659984078258, 2550134.448922676965594 ], [ 2780091.483659984078258, 2550057.605586566962302 ], [ 2780091.483659984078258, 2549980.763851593714207 ], [ 2780091.483659984078258, 2549903.920515483710915 ], [ 2780091.483659984078258, 2549827.077179373707622 ], [ 2780091.483659984078258, 2549750.233843264169991 ], [ 2780168.32575338287279, 2549750.233843264169991 ], [ 2780168.32575338287279, 2549673.392108290456235 ], [ 2780168.32575338287279, 2549596.548772180452943 ], [ 2780245.167846781201661, 2549596.548772180452943 ], [ 2780245.167846781201661, 2549519.705436070915312 ], [ 2780245.167846781201661, 2549442.863701097201556 ], [ 2780245.167846781201661, 2549366.020364987198263 ], [ 2780245.167846781201661, 2549289.177028877660632 ], [ 2780322.009940179996192, 2549289.177028877660632 ], [ 2780322.009940179996192, 2549212.33369276765734 ], [ 2780322.009940179996192, 2549135.491957793943584 ], [ 2780398.853634689003229, 2549135.491957793943584 ], [ 2780398.853634689003229, 2549058.648621684405953 ], [ 2780398.853634689003229, 2548981.80528557440266 ], [ 2780475.695728087797761, 2548981.80528557440266 ], [ 2780475.695728087797761, 2548904.961949464399368 ], [ 2780475.695728087797761, 2548828.120214491151273 ], [ 2780552.537821486126631, 2548828.120214491151273 ], [ 2780552.537821486126631, 2548751.276878381147981 ], [ 2780629.379914884921163, 2548751.276878381147981 ], [ 2780629.379914884921163, 2548674.433542271144688 ], [ 2780629.379914884921163, 2548597.590206161141396 ], [ 2780706.222008283250034, 2548597.590206161141396 ], [ 2780706.222008283250034, 2548520.748471187893301 ], [ 2780783.065702792257071, 2548520.748471187893301 ], [ 2780783.065702792257071, 2548443.905135077890009 ], [ 2780859.907796191051602, 2548443.905135077890009 ], [ 2780859.907796191051602, 2548367.061798967886716 ], [ 2780859.907796191051602, 2548290.220063994638622 ], [ 2780936.749889589380473, 2548290.220063994638622 ], [ 2780936.749889589380473, 2548213.376727884635329 ], [ 2781013.591982988175005, 2548213.376727884635329 ], [ 2781013.591982988175005, 2548136.533391774632037 ], [ 2781090.434076386503875, 2548059.690055665094405 ], [ 2781090.434076386503875, 2547982.84832069138065 ], [ 2781013.591982988175005, 2547982.84832069138065 ], [ 2781013.591982988175005, 2547906.004984581377357 ], [ 2781013.591982988175005, 2547829.161648471839726 ], [ 2780936.749889589380473, 2547829.161648471839726 ], [ 2780936.749889589380473, 2547752.318312361836433 ], [ 2780936.749889589380473, 2547675.476577388122678 ], [ 2780859.907796191051602, 2547675.476577388122678 ], [ 2780859.907796191051602, 2547598.633241278585047 ], [ 2780859.907796191051602, 2547521.789905168581754 ], [ 2780783.065702792257071, 2547521.789905168581754 ], [ 2780783.065702792257071, 2547444.948170194867998 ], [ 2780783.065702792257071, 2547368.104834085330367 ], [ 2780783.065702792257071, 2547291.261497975327075 ], [ 2780783.065702792257071, 2547214.418161865323782 ], [ 2780783.065702792257071, 2547137.576426892075688 ], [ 2780706.222008283250034, 2547137.576426892075688 ], [ 2780629.379914884921163, 2547060.733090782072395 ], [ 2780552.537821486126631, 2547060.733090782072395 ], [ 2780475.695728087797761, 2547060.733090782072395 ], [ 2780475.695728087797761, 2546983.889754672069103 ], [ 2780475.695728087797761, 2546907.046418562531471 ], [ 2780475.695728087797761, 2546830.204683588817716 ], [ 2780475.695728087797761, 2546753.361347478814423 ], [ 2780475.695728087797761, 2546676.518011369276792 ], [ 2780552.537821486126631, 2546676.518011369276792 ], [ 2780552.537821486126631, 2546599.674675259273499 ], [ 2780475.695728087797761, 2546522.832940285559744 ], [ 2780475.695728087797761, 2546445.989604176022112 ], [ 2780398.853634689003229, 2546445.989604176022112 ], [ 2780322.009940179996192, 2546445.989604176022112 ], [ 2780322.009940179996192, 2546369.14626806601882 ], [ 2780245.167846781201661, 2546369.14626806601882 ], [ 2780245.167846781201661, 2546292.304533092305064 ], [ 2780168.32575338287279, 2546292.304533092305064 ], [ 2780168.32575338287279, 2546369.14626806601882 ], [ 2780168.32575338287279, 2546292.304533092305064 ], [ 2780091.483659984078258, 2546292.304533092305064 ], [ 2780014.641566585749388, 2546292.304533092305064 ], [ 2780014.641566585749388, 2546215.461196982767433 ], [ 2780014.641566585749388, 2546138.61786087276414 ], [ 2780014.641566585749388, 2546061.774524762760848 ], [ 2780014.641566585749388, 2545984.932789789512753 ], [ 2780014.641566585749388, 2545908.089453679509461 ], [ 2780014.641566585749388, 2545831.246117569506168 ], [ 2780091.483659984078258, 2545754.402781459502876 ], [ 2780014.641566585749388, 2545754.402781459502876 ], [ 2780014.641566585749388, 2545677.561046486254781 ], [ 2779937.799473186954856, 2545677.561046486254781 ], [ 2779860.955778677947819, 2545677.561046486254781 ], [ 2779860.955778677947819, 2545600.717710376251489 ], [ 2779784.113685279618949, 2545600.717710376251489 ], [ 2779784.113685279618949, 2545523.874374266248196 ], [ 2779707.271591880824417, 2545523.874374266248196 ], [ 2779707.271591880824417, 2545447.031038156710565 ], [ 2779630.429498482495546, 2545447.031038156710565 ], [ 2779630.429498482495546, 2545370.189303182996809 ], [ 2779553.587405083701015, 2545370.189303182996809 ], [ 2779553.587405083701015, 2545293.345967072993517 ], [ 2779553.587405083701015, 2545216.502630963455886 ], [ 2779630.429498482495546, 2545216.502630963455886 ], [ 2779630.429498482495546, 2545139.66089598974213 ], [ 2779630.429498482495546, 2545062.817559879738837 ], [ 2779707.271591880824417, 2545062.817559879738837 ], [ 2779707.271591880824417, 2544985.974223770201206 ], [ 2779784.113685279618949, 2544985.974223770201206 ], [ 2779784.113685279618949, 2544909.130887660197914 ], [ 2779784.113685279618949, 2544832.289152686484158 ], [ 2779860.955778677947819, 2544832.289152686484158 ], [ 2779860.955778677947819, 2544755.445816576946527 ], [ 2779860.955778677947819, 2544678.602480466943234 ], [ 2779937.799473186954856, 2544678.602480466943234 ], [ 2779937.799473186954856, 2544601.759144356939942 ], [ 2780014.641566585749388, 2544601.759144356939942 ], [ 2780014.641566585749388, 2544524.917409383691847 ], [ 2780091.483659984078258, 2544524.917409383691847 ], [ 2780091.483659984078258, 2544448.074073273688555 ], [ 2780091.483659984078258, 2544371.230737163685262 ], [ 2780168.32575338287279, 2544371.230737163685262 ], [ 2780168.32575338287279, 2544294.389002190437168 ], [ 2780168.32575338287279, 2544217.545666080433875 ], [ 2780168.32575338287279, 2544140.702329970430583 ], [ 2780245.167846781201661, 2544140.702329970430583 ], [ 2780245.167846781201661, 2544063.858993860892951 ], [ 2780245.167846781201661, 2543987.017258887179196 ], [ 2780322.009940179996192, 2543987.017258887179196 ], [ 2780322.009940179996192, 2543910.173922777175903 ], [ 2780398.853634689003229, 2543910.173922777175903 ], [ 2780398.853634689003229, 2543833.330586667638272 ], [ 2780398.853634689003229, 2543756.487250557634979 ], [ 2780322.009940179996192, 2543756.487250557634979 ], [ 2780322.009940179996192, 2543679.645515583921224 ], [ 2780322.009940179996192, 2543602.802179474383593 ], [ 2780322.009940179996192, 2543525.9588433643803 ], [ 2780322.009940179996192, 2543449.115507254377007 ], [ 2780398.853634689003229, 2543449.115507254377007 ], [ 2780398.853634689003229, 2543372.273772281128913 ], [ 2780475.695728087797761, 2543372.273772281128913 ], [ 2780552.537821486126631, 2543372.273772281128913 ], [ 2780629.379914884921163, 2543372.273772281128913 ], [ 2780629.379914884921163, 2543449.115507254377007 ], [ 2780706.222008283250034, 2543525.9588433643803 ], [ 2780706.222008283250034, 2543602.802179474383593 ], [ 2780783.065702792257071, 2543602.802179474383593 ], [ 2780859.907796191051602, 2543602.802179474383593 ], [ 2780936.749889589380473, 2543602.802179474383593 ], [ 2781013.591982988175005, 2543602.802179474383593 ], [ 2781090.434076386503875, 2543602.802179474383593 ], [ 2781167.277770895510912, 2543602.802179474383593 ], [ 2781244.119864294305444, 2543602.802179474383593 ], [ 2781320.961957692634314, 2543679.645515583921224 ], [ 2781397.804051091428846, 2543679.645515583921224 ], [ 2781474.646144489757717, 2543679.645515583921224 ], [ 2781474.646144489757717, 2543756.487250557634979 ], [ 2781551.488237888552248, 2543756.487250557634979 ], [ 2781628.331932397559285, 2543756.487250557634979 ], [ 2781628.331932397559285, 2543833.330586667638272 ], [ 2781705.174025796353817, 2543833.330586667638272 ], [ 2781705.174025796353817, 2543910.173922777175903 ], [ 2781782.016119194682688, 2543910.173922777175903 ], [ 2781782.016119194682688, 2543987.017258887179196 ], [ 2781858.858212593477219, 2543987.017258887179196 ], [ 2781858.858212593477219, 2544063.858993860892951 ], [ 2781858.858212593477219, 2544140.702329970430583 ], [ 2781858.858212593477219, 2544217.545666080433875 ], [ 2781858.858212593477219, 2544294.389002190437168 ], [ 2781858.858212593477219, 2544371.230737163685262 ], [ 2781935.70030599180609, 2544371.230737163685262 ], [ 2782012.544000500813127, 2544371.230737163685262 ], [ 2782012.544000500813127, 2544294.389002190437168 ], [ 2782012.544000500813127, 2544217.545666080433875 ], [ 2782012.544000500813127, 2544140.702329970430583 ], [ 2782012.544000500813127, 2544063.858993860892951 ], [ 2782089.386093899607658, 2544063.858993860892951 ], [ 2782089.386093899607658, 2543987.017258887179196 ], [ 2782166.228187297936529, 2543987.017258887179196 ], [ 2782166.228187297936529, 2543910.173922777175903 ], [ 2782243.070280696731061, 2543910.173922777175903 ], [ 2782243.070280696731061, 2543833.330586667638272 ], [ 2782319.912374095059931, 2543833.330586667638272 ], [ 2782319.912374095059931, 2543756.487250557634979 ], [ 2782396.756068604066968, 2543756.487250557634979 ], [ 2782396.756068604066968, 2543679.645515583921224 ], [ 2782473.5981620028615, 2543679.645515583921224 ], [ 2782473.5981620028615, 2543602.802179474383593 ], [ 2782550.44025540119037, 2543602.802179474383593 ], [ 2782550.44025540119037, 2543525.9588433643803 ], [ 2782627.282348799984902, 2543525.9588433643803 ], [ 2782704.124442198313773, 2543525.9588433643803 ], [ 2782704.124442198313773, 2543449.115507254377007 ], [ 2782627.282348799984902, 2543449.115507254377007 ], [ 2782627.282348799984902, 2543372.273772281128913 ], [ 2782627.282348799984902, 2543295.430436171125621 ], [ 2782627.282348799984902, 2543218.587100061122328 ], [ 2782550.44025540119037, 2543218.587100061122328 ], [ 2782550.44025540119037, 2543141.745365087874234 ], [ 2782550.44025540119037, 2543064.902028977870941 ], [ 2782550.44025540119037, 2542988.058692867867649 ], [ 2782473.5981620028615, 2542988.058692867867649 ], [ 2782473.5981620028615, 2542911.215356757864356 ], [ 2782396.756068604066968, 2542911.215356757864356 ], [ 2782396.756068604066968, 2542834.373621784616262 ], [ 2782473.5981620028615, 2542834.373621784616262 ], [ 2782550.44025540119037, 2542834.373621784616262 ], [ 2782627.282348799984902, 2542834.373621784616262 ], [ 2782627.282348799984902, 2542757.530285674612969 ], [ 2782704.124442198313773, 2542757.530285674612969 ], [ 2782780.966535597108305, 2542757.530285674612969 ], [ 2782857.810230106115341, 2542757.530285674612969 ], [ 2782934.652323504909873, 2542757.530285674612969 ], [ 2783011.494416903238744, 2542757.530285674612969 ], [ 2783011.494416903238744, 2542680.686949564609677 ], [ 2783011.494416903238744, 2542603.843613455072045 ], [ 2783011.494416903238744, 2542527.00187848135829 ], [ 2782934.652323504909873, 2542527.00187848135829 ], [ 2782934.652323504909873, 2542450.158542371354997 ], [ 2782934.652323504909873, 2542373.315206261817366 ], [ 2782857.810230106115341, 2542296.471870151814073 ], [ 2782857.810230106115341, 2542219.630135178100318 ], [ 2782780.966535597108305, 2542219.630135178100318 ], [ 2782780.966535597108305, 2542142.786799068562686 ], [ 2782780.966535597108305, 2542065.943462958559394 ], [ 2782704.124442198313773, 2542065.943462958559394 ], [ 2782704.124442198313773, 2541989.101727984845638 ], [ 2782780.966535597108305, 2541989.101727984845638 ], [ 2782780.966535597108305, 2541912.258391875308007 ], [ 2782857.810230106115341, 2541912.258391875308007 ], [ 2782934.652323504909873, 2541912.258391875308007 ], [ 2782934.652323504909873, 2541989.101727984845638 ], [ 2783011.494416903238744, 2541989.101727984845638 ], [ 2783088.336510302033275, 2541989.101727984845638 ], [ 2783088.336510302033275, 2542065.943462958559394 ], [ 2783165.178603700362146, 2542065.943462958559394 ], [ 2783242.022298209369183, 2542065.943462958559394 ], [ 2783242.022298209369183, 2542142.786799068562686 ], [ 2783242.022298209369183, 2542219.630135178100318 ], [ 2783318.864391608163714, 2542219.630135178100318 ], [ 2783318.864391608163714, 2542296.471870151814073 ], [ 2783242.022298209369183, 2542296.471870151814073 ], [ 2783242.022298209369183, 2542373.315206261817366 ], [ 2783242.022298209369183, 2542450.158542371354997 ], [ 2783242.022298209369183, 2542527.00187848135829 ], [ 2783318.864391608163714, 2542527.00187848135829 ], [ 2783395.706485006492585, 2542527.00187848135829 ], [ 2783472.548578405287117, 2542527.00187848135829 ], [ 2783549.390671803615987, 2542527.00187848135829 ], [ 2783549.390671803615987, 2542603.843613455072045 ], [ 2783626.234366312623024, 2542603.843613455072045 ], [ 2783626.234366312623024, 2542527.00187848135829 ], [ 2783703.076459711417556, 2542450.158542371354997 ], [ 2783626.234366312623024, 2542450.158542371354997 ], [ 2783703.076459711417556, 2542450.158542371354997 ], [ 2783703.076459711417556, 2542373.315206261817366 ], [ 2783626.234366312623024, 2542373.315206261817366 ], [ 2783703.076459711417556, 2542373.315206261817366 ], [ 2783703.076459711417556, 2542296.471870151814073 ], [ 2783626.234366312623024, 2542296.471870151814073 ], [ 2783626.234366312623024, 2542219.630135178100318 ], [ 2783703.076459711417556, 2542219.630135178100318 ], [ 2783703.076459711417556, 2542142.786799068562686 ], [ 2783703.076459711417556, 2542065.943462958559394 ], [ 2783779.918553109746426, 2542065.943462958559394 ], [ 2783856.760646508540958, 2542065.943462958559394 ], [ 2783856.760646508540958, 2541989.101727984845638 ], [ 2783933.602739906869829, 2541989.101727984845638 ], [ 2783933.602739906869829, 2542065.943462958559394 ], [ 2784010.444833305664361, 2542065.943462958559394 ], [ 2784010.444833305664361, 2542142.786799068562686 ], [ 2784087.288527814671397, 2542142.786799068562686 ], [ 2784164.130621213465929, 2542142.786799068562686 ], [ 2784240.9727146117948, 2542142.786799068562686 ], [ 2784240.9727146117948, 2542065.943462958559394 ], [ 2784240.9727146117948, 2541989.101727984845638 ], [ 2784317.814808010589331, 2541989.101727984845638 ], [ 2784317.814808010589331, 2541912.258391875308007 ], [ 2784394.656901408918202, 2541835.415055765304714 ], [ 2784471.500595917925239, 2541835.415055765304714 ], [ 2784548.34268931671977, 2541835.415055765304714 ], [ 2784625.184782715048641, 2541835.415055765304714 ], [ 2784625.184782715048641, 2541912.258391875308007 ], [ 2784702.026876113843173, 2541912.258391875308007 ], [ 2784702.026876113843173, 2541989.101727984845638 ], [ 2784625.184782715048641, 2541989.101727984845638 ], [ 2784702.026876113843173, 2541989.101727984845638 ], [ 2784778.868969512172043, 2541989.101727984845638 ], [ 2784855.71266402117908, 2541989.101727984845638 ], [ 2784932.554757419973612, 2541989.101727984845638 ], [ 2785009.396850818302482, 2541989.101727984845638 ], [ 2785086.238944217097014, 2541989.101727984845638 ], [ 2785163.081037615425885, 2541989.101727984845638 ], [ 2785163.081037615425885, 2542065.943462958559394 ], [ 2785239.923131014220417, 2542065.943462958559394 ], [ 2785316.766825523227453, 2542142.786799068562686 ], [ 2785393.608918922021985, 2542142.786799068562686 ], [ 2785393.608918922021985, 2542219.630135178100318 ], [ 2785470.451012320350856, 2542219.630135178100318 ], [ 2785470.451012320350856, 2542142.786799068562686 ], [ 2785547.293105719145387, 2542065.943462958559394 ], [ 2785547.293105719145387, 2541989.101727984845638 ], [ 2785470.451012320350856, 2541989.101727984845638 ], [ 2785470.451012320350856, 2541912.258391875308007 ], [ 2785393.608918922021985, 2541912.258391875308007 ], [ 2785393.608918922021985, 2541835.415055765304714 ], [ 2785393.608918922021985, 2541758.571719655301422 ], [ 2785393.608918922021985, 2541681.729984682053328 ], [ 2785316.766825523227453, 2541681.729984682053328 ], [ 2785316.766825523227453, 2541604.886648572050035 ], [ 2785316.766825523227453, 2541528.043312462046742 ], [ 2785393.608918922021985, 2541451.199976352509111 ], [ 2785393.608918922021985, 2541374.358241378795356 ], [ 2785393.608918922021985, 2541297.514905268792063 ], [ 2785393.608918922021985, 2541220.671569159254432 ], [ 2785470.451012320350856, 2541220.671569159254432 ], [ 2785547.293105719145387, 2541220.671569159254432 ], [ 2785624.135199117474258, 2541220.671569159254432 ], [ 2785700.978893626481295, 2541220.671569159254432 ], [ 2785700.978893626481295, 2541143.829834185540676 ], [ 2785777.820987025275826, 2541143.829834185540676 ], [ 2785854.663080423604697, 2541143.829834185540676 ], [ 2785931.505173822399229, 2541143.829834185540676 ], [ 2786008.347267220728099, 2541143.829834185540676 ], [ 2786008.347267220728099, 2541220.671569159254432 ], [ 2786008.347267220728099, 2541143.829834185540676 ], [ 2786085.189360619522631, 2541143.829834185540676 ], [ 2786085.189360619522631, 2541066.986498075537384 ], [ 2786162.033055128529668, 2541066.986498075537384 ], [ 2786162.033055128529668, 2540990.143161965999752 ], [ 2786238.875148526858538, 2540990.143161965999752 ], [ 2786315.71724192565307, 2540913.29982585599646 ], [ 2786392.559335323981941, 2540913.29982585599646 ], [ 2786392.559335323981941, 2540836.458090882282704 ], [ 2786469.401428722776473, 2540836.458090882282704 ], [ 2786469.401428722776473, 2540913.29982585599646 ], [ 2786546.245123231783509, 2540913.29982585599646 ], [ 2786546.245123231783509, 2540990.143161965999752 ], [ 2786546.245123231783509, 2541066.986498075537384 ], [ 2786623.087216630578041, 2541066.986498075537384 ], [ 2786699.929310028906912, 2541066.986498075537384 ], [ 2786699.929310028906912, 2540990.143161965999752 ], [ 2786776.771403427701443, 2540990.143161965999752 ], [ 2786853.613496826030314, 2540990.143161965999752 ], [ 2786776.771403427701443, 2540990.143161965999752 ], [ 2786776.771403427701443, 2540913.29982585599646 ], [ 2786699.929310028906912, 2540836.458090882282704 ], [ 2786623.087216630578041, 2540836.458090882282704 ], [ 2786546.245123231783509, 2540836.458090882282704 ], [ 2786546.245123231783509, 2540759.614754772745073 ], [ 2786623.087216630578041, 2540759.614754772745073 ], [ 2786623.087216630578041, 2540682.77141866274178 ], [ 2786623.087216630578041, 2540605.928082552738488 ], [ 2786623.087216630578041, 2540529.086347579490393 ], [ 2786623.087216630578041, 2540452.243011469487101 ], [ 2786623.087216630578041, 2540375.399675359483808 ], [ 2786699.929310028906912, 2540375.399675359483808 ], [ 2786776.771403427701443, 2540375.399675359483808 ], [ 2786776.771403427701443, 2540298.556339249480516 ], [ 2786853.613496826030314, 2540221.714604276232421 ], [ 2786930.457191335037351, 2540298.556339249480516 ], [ 2787007.299284733831882, 2540298.556339249480516 ], [ 2787007.299284733831882, 2540375.399675359483808 ], [ 2787084.141378132160753, 2540375.399675359483808 ], [ 2787160.983471530955285, 2540375.399675359483808 ], [ 2787160.983471530955285, 2540298.556339249480516 ], [ 2787237.825564929284155, 2540298.556339249480516 ], [ 2787237.825564929284155, 2540221.714604276232421 ], [ 2787314.667658328078687, 2540221.714604276232421 ] ] } },
{ "type": "Feature", "properties": { }, "geometry": { "type": "LineString", "coordinates": [ [ 2787314.667658328078687, 2540221.714604276232421 ], [ 2787237.825564929284155, 2540144.871268166229129 ], [ 2787237.825564929284155, 2540068.027932056225836 ], [ 2787237.825564929284155, 2539991.186197082977742 ], [ 2787314.667658328078687, 2539991.186197082977742 ], [ 2787391.511352837085724, 2539991.186197082977742 ], [ 2787468.353446235414594, 2539991.186197082977742 ], [ 2787468.353446235414594, 2539914.342860972974449 ], [ 2787468.353446235414594, 2539991.186197082977742 ], [ 2787468.353446235414594, 2539914.342860972974449 ], [ 2787545.195539634209126, 2539914.342860972974449 ], [ 2787545.195539634209126, 2539837.499524862971157 ], [ 2787622.037633032537997, 2539837.499524862971157 ], [ 2787622.037633032537997, 2539760.656188753433526 ], [ 2787698.879726431332529, 2539760.656188753433526 ], [ 2787775.723420940339565, 2539760.656188753433526 ], [ 2787775.723420940339565, 2539683.81445377971977 ], [ 2787775.723420940339565, 2539606.971117669716477 ], [ 2787698.879726431332529, 2539606.971117669716477 ], [ 2787698.879726431332529, 2539530.127781560178846 ], [ 2787622.037633032537997, 2539530.127781560178846 ], [ 2787545.195539634209126, 2539530.127781560178846 ], [ 2787468.353446235414594, 2539530.127781560178846 ], [ 2787468.353446235414594, 2539453.284445450175554 ], [ 2787391.511352837085724, 2539453.284445450175554 ], [ 2787314.667658328078687, 2539453.284445450175554 ], [ 2787314.667658328078687, 2539376.442710476461798 ], [ 2787314.667658328078687, 2539299.599374366924167 ], [ 2787391.511352837085724, 2539299.599374366924167 ], [ 2787468.353446235414594, 2539222.756038256920874 ], [ 2787545.195539634209126, 2539222.756038256920874 ], [ 2787545.195539634209126, 2539145.912702146917582 ], [ 2787622.037633032537997, 2539145.912702146917582 ], [ 2787622.037633032537997, 2539069.070967173669487 ], [ 2787622.037633032537997, 2538992.227631063666195 ], [ 2787545.195539634209126, 2538992.227631063666195 ], [ 2787545.195539634209126, 2538915.384294953662902 ], [ 2787468.353446235414594, 2538992.227631063666195 ], [ 2787391.511352837085724, 2538992.227631063666195 ], [ 2787391.511352837085724, 2538915.384294953662902 ], [ 2787314.667658328078687, 2538915.384294953662902 ], [ 2787237.825564929284155, 2538915.384294953662902 ], [ 2787237.825564929284155, 2538838.542559980414808 ], [ 2787160.983471530955285, 2538838.542559980414808 ], [ 2787160.983471530955285, 2538761.699223870411515 ], [ 2787160.983471530955285, 2538684.855887760408223 ], [ 2787160.983471530955285, 2538608.012551650870591 ], [ 2787160.983471530955285, 2538531.170816677156836 ], [ 2787084.141378132160753, 2538531.170816677156836 ], [ 2787084.141378132160753, 2538454.327480567153543 ], [ 2787084.141378132160753, 2538377.484144457615912 ], [ 2787007.299284733831882, 2538377.484144457615912 ], [ 2787007.299284733831882, 2538300.640808347612619 ], [ 2786930.457191335037351, 2538300.640808347612619 ], [ 2786930.457191335037351, 2538377.484144457615912 ], [ 2786930.457191335037351, 2538454.327480567153543 ], [ 2786930.457191335037351, 2538531.170816677156836 ], [ 2786930.457191335037351, 2538608.012551650870591 ], [ 2786853.613496826030314, 2538608.012551650870591 ], [ 2786776.771403427701443, 2538608.012551650870591 ], [ 2786699.929310028906912, 2538608.012551650870591 ], [ 2786699.929310028906912, 2538531.170816677156836 ], [ 2786623.087216630578041, 2538531.170816677156836 ], [ 2786546.245123231783509, 2538454.327480567153543 ], [ 2786469.401428722776473, 2538454.327480567153543 ], [ 2786469.401428722776473, 2538377.484144457615912 ], [ 2786469.401428722776473, 2538300.640808347612619 ], [ 2786469.401428722776473, 2538223.799073373898864 ], [ 2786392.559335323981941, 2538223.799073373898864 ], [ 2786469.401428722776473, 2538223.799073373898864 ], [ 2786469.401428722776473, 2538146.955737264361233 ], [ 2786546.245123231783509, 2538146.955737264361233 ], [ 2786623.087216630578041, 2538146.955737264361233 ], [ 2786699.929310028906912, 2538146.955737264361233 ], [ 2786776.771403427701443, 2538146.955737264361233 ], [ 2786776.771403427701443, 2538070.11240115435794 ], [ 2786853.613496826030314, 2538070.11240115435794 ], [ 2786930.457191335037351, 2538070.11240115435794 ], [ 2787007.299284733831882, 2538070.11240115435794 ], [ 2787007.299284733831882, 2538146.955737264361233 ], [ 2787007.299284733831882, 2538070.11240115435794 ], [ 2787007.299284733831882, 2538146.955737264361233 ], [ 2787084.141378132160753, 2538146.955737264361233 ], [ 2787160.983471530955285, 2538146.955737264361233 ], [ 2787237.825564929284155, 2538146.955737264361233 ], [ 2787314.667658328078687, 2538146.955737264361233 ], [ 2787314.667658328078687, 2538223.799073373898864 ], [ 2787391.511352837085724, 2538223.799073373898864 ], [ 2787391.511352837085724, 2538300.640808347612619 ], [ 2787391.511352837085724, 2538377.484144457615912 ], [ 2787468.353446235414594, 2538377.484144457615912 ], [ 2787468.353446235414594, 2538300.640808347612619 ], [ 2787468.353446235414594, 2538223.799073373898864 ], [ 2787468.353446235414594, 2538146.955737264361233 ], [ 2787391.511352837085724, 2538146.955737264361233 ], [ 2787391.511352837085724, 2538070.11240115435794 ], [ 2787391.511352837085724, 2537993.270666180644184 ], [ 2787391.511352837085724, 2537916.427330071106553 ], [ 2787314.667658328078687, 2537916.427330071106553 ], [ 2787391.511352837085724, 2537839.583993961103261 ], [ 2787391.511352837085724, 2537762.740657851099968 ], [ 2787468.353446235414594, 2537762.740657851099968 ], [ 2787545.195539634209126, 2537762.740657851099968 ], [ 2787622.037633032537997, 2537762.740657851099968 ], [ 2787622.037633032537997, 2537685.898922877851874 ], [ 2787622.037633032537997, 2537609.055586767848581 ], [ 2787545.195539634209126, 2537609.055586767848581 ], [ 2787545.195539634209126, 2537532.212250657845289 ], [ 2787468.353446235414594, 2537532.212250657845289 ], [ 2787468.353446235414594, 2537455.368914547841996 ], [ 2787391.511352837085724, 2537378.527179574593902 ], [ 2787391.511352837085724, 2537301.683843464590609 ], [ 2787468.353446235414594, 2537301.683843464590609 ], [ 2787545.195539634209126, 2537301.683843464590609 ], [ 2787622.037633032537997, 2537301.683843464590609 ], [ 2787698.879726431332529, 2537378.527179574593902 ], [ 2787775.723420940339565, 2537378.527179574593902 ], [ 2787775.723420940339565, 2537455.368914547841996 ], [ 2787852.565514339134097, 2537455.368914547841996 ], [ 2787852.565514339134097, 2537378.527179574593902 ], [ 2787852.565514339134097, 2537301.683843464590609 ], [ 2787929.407607737462968, 2537301.683843464590609 ], [ 2787929.407607737462968, 2537224.840507354587317 ], [ 2787929.407607737462968, 2537147.997171245049685 ], [ 2787929.407607737462968, 2537071.15543627133593 ], [ 2787929.407607737462968, 2536994.312100161332637 ], [ 2787852.565514339134097, 2536917.468764051795006 ], [ 2787852.565514339134097, 2536840.62702907808125 ], [ 2787929.407607737462968, 2536840.62702907808125 ], [ 2787929.407607737462968, 2536763.783692968077958 ], [ 2788006.249701135791838, 2536763.783692968077958 ], [ 2788006.249701135791838, 2536686.940356858540326 ], [ 2788006.249701135791838, 2536610.097020748537034 ], [ 2787929.407607737462968, 2536610.097020748537034 ], [ 2787852.565514339134097, 2536533.255285774823278 ], [ 2787852.565514339134097, 2536456.411949665285647 ], [ 2787775.723420940339565, 2536456.411949665285647 ], [ 2787775.723420940339565, 2536379.568613555282354 ], [ 2787698.879726431332529, 2536379.568613555282354 ], [ 2787622.037633032537997, 2536379.568613555282354 ], [ 2787545.195539634209126, 2536379.568613555282354 ], [ 2787545.195539634209126, 2536302.725277445279062 ], [ 2787545.195539634209126, 2536225.883542472030967 ], [ 2787545.195539634209126, 2536149.040206362027675 ], [ 2787545.195539634209126, 2536072.196870252024382 ], [ 2787545.195539634209126, 2535995.353534142486751 ], [ 2787468.353446235414594, 2535995.353534142486751 ], [ 2787468.353446235414594, 2535918.511799168772995 ], [ 2787468.353446235414594, 2535841.668463058769703 ], [ 2787468.353446235414594, 2535764.825126949232072 ], [ 2787468.353446235414594, 2535687.983391975518316 ], [ 2787391.511352837085724, 2535687.983391975518316 ], [ 2787391.511352837085724, 2535764.825126949232072 ], [ 2787391.511352837085724, 2535841.668463058769703 ], [ 2787314.667658328078687, 2535841.668463058769703 ], [ 2787314.667658328078687, 2535918.511799168772995 ], [ 2787237.825564929284155, 2535918.511799168772995 ], [ 2787160.983471530955285, 2535918.511799168772995 ], [ 2787160.983471530955285, 2535841.668463058769703 ], [ 2787160.983471530955285, 2535764.825126949232072 ], [ 2787160.983471530955285, 2535687.983391975518316 ], [ 2787237.825564929284155, 2535687.983391975518316 ], [ 2787237.825564929284155, 2535611.140055865515023 ], [ 2787237.825564929284155, 2535534.296719755977392 ], [ 2787237.825564929284155, 2535457.4533836459741 ], [ 2787237.825564929284155, 2535380.611648672260344 ], [ 2787314.667658328078687, 2535380.611648672260344 ], [ 2787314.667658328078687, 2535303.768312562722713 ], [ 2787391.511352837085724, 2535303.768312562722713 ], [ 2787468.353446235414594, 2535303.768312562722713 ], [ 2787468.353446235414594, 2535226.92497645271942 ], [ 2787468.353446235414594, 2535150.081640342716128 ], [ 2787545.195539634209126, 2535150.081640342716128 ], [ 2787545.195539634209126, 2535073.239905369468033 ], [ 2787468.353446235414594, 2535073.239905369468033 ], [ 2787391.511352837085724, 2535073.239905369468033 ], [ 2787391.511352837085724, 2535150.081640342716128 ], [ 2787314.667658328078687, 2535150.081640342716128 ], [ 2787237.825564929284155, 2535150.081640342716128 ], [ 2787160.983471530955285, 2535150.081640342716128 ], [ 2787160.983471530955285, 2535073.239905369468033 ], [ 2787160.983471530955285, 2534996.396569259464741 ], [ 2787160.983471530955285, 2534919.553233149461448 ], [ 2787160.983471530955285, 2534842.711498176213354 ], [ 2787084.141378132160753, 2534842.711498176213354 ], [ 2787084.141378132160753, 2534765.868162066210061 ], [ 2787084.141378132160753, 2534689.024825956206769 ], [ 2787007.299284733831882, 2534689.024825956206769 ], [ 2787007.299284733831882, 2534612.181489846203476 ], [ 2786930.457191335037351, 2534612.181489846203476 ], [ 2786930.457191335037351, 2534535.339754872955382 ], [ 2786930.457191335037351, 2534458.496418762952089 ], [ 2786930.457191335037351, 2534381.653082652948797 ], [ 2786930.457191335037351, 2534304.809746543411165 ], [ 2787007.299284733831882, 2534304.809746543411165 ], [ 2787084.141378132160753, 2534304.809746543411165 ], [ 2787084.141378132160753, 2534227.96801156969741 ], [ 2787084.141378132160753, 2534151.124675459694117 ], [ 2787084.141378132160753, 2534074.281339350156486 ], [ 2787007.299284733831882, 2534074.281339350156486 ], [ 2787007.299284733831882, 2533997.438003240153193 ], [ 2787007.299284733831882, 2533920.596268266439438 ], [ 2786930.457191335037351, 2533920.596268266439438 ], [ 2786853.613496826030314, 2533920.596268266439438 ], [ 2786776.771403427701443, 2533920.596268266439438 ], [ 2786776.771403427701443, 2533843.752932156901807 ], [ 2786699.929310028906912, 2533843.752932156901807 ], [ 2786699.929310028906912, 2533766.909596046898514 ], [ 2786699.929310028906912, 2533690.067861073184758 ], [ 2786623.087216630578041, 2533690.067861073184758 ], [ 2786623.087216630578041, 2533613.224524963647127 ], [ 2786546.245123231783509, 2533613.224524963647127 ], [ 2786469.401428722776473, 2533613.224524963647127 ], [ 2786392.559335323981941, 2533613.224524963647127 ], [ 2786392.559335323981941, 2533690.067861073184758 ], [ 2786392.559335323981941, 2533613.224524963647127 ], [ 2786392.559335323981941, 2533690.067861073184758 ], [ 2786392.559335323981941, 2533613.224524963647127 ], [ 2786315.71724192565307, 2533613.224524963647127 ], [ 2786315.71724192565307, 2533536.381188853643835 ], [ 2786238.875148526858538, 2533536.381188853643835 ], [ 2786315.71724192565307, 2533536.381188853643835 ], [ 2786315.71724192565307, 2533459.537852743640542 ], [ 2786315.71724192565307, 2533382.696117770392448 ], [ 2786315.71724192565307, 2533305.852781660389155 ], [ 2786392.559335323981941, 2533305.852781660389155 ], [ 2786315.71724192565307, 2533305.852781660389155 ], [ 2786315.71724192565307, 2533229.009445550385863 ], [ 2786238.875148526858538, 2533229.009445550385863 ], [ 2786238.875148526858538, 2533152.166109440848231 ], [ 2786162.033055128529668, 2533152.166109440848231 ], [ 2786085.189360619522631, 2533075.324374467134476 ], [ 2786085.189360619522631, 2532998.481038357131183 ], [ 2786008.347267220728099, 2532998.481038357131183 ], [ 2786008.347267220728099, 2532921.637702247593552 ], [ 2786085.189360619522631, 2532921.637702247593552 ], [ 2786162.033055128529668, 2532921.637702247593552 ], [ 2786162.033055128529668, 2532844.794366137590259 ], [ 2786238.875148526858538, 2532844.794366137590259 ], [ 2786238.875148526858538, 2532767.952631163876504 ], [ 2786238.875148526858538, 2532691.109295054338872 ], [ 2786238.875148526858538, 2532614.26595894433558 ], [ 2786162.033055128529668, 2532614.26595894433558 ], [ 2786085.189360619522631, 2532614.26595894433558 ], [ 2786085.189360619522631, 2532537.424223970621824 ], [ 2786008.347267220728099, 2532537.424223970621824 ], [ 2785931.505173822399229, 2532460.580887861084193 ], [ 2785854.663080423604697, 2532460.580887861084193 ], [ 2785777.820987025275826, 2532460.580887861084193 ], [ 2785777.820987025275826, 2532383.7375517510809 ], [ 2785700.978893626481295, 2532383.7375517510809 ], [ 2785700.978893626481295, 2532306.894215641077608 ], [ 2785700.978893626481295, 2532230.052480667829514 ], [ 2785700.978893626481295, 2532153.209144557826221 ], [ 2785624.135199117474258, 2532076.365808447822928 ], [ 2785624.135199117474258, 2531999.522472337819636 ], [ 2785624.135199117474258, 2531922.680737364571542 ], [ 2785700.978893626481295, 2531922.680737364571542 ], [ 2785700.978893626481295, 2531845.837401254568249 ], [ 2785777.820987025275826, 2531845.837401254568249 ], [ 2785854.663080423604697, 2531845.837401254568249 ], [ 2785854.663080423604697, 2531768.994065144564956 ], [ 2785931.505173822399229, 2531768.994065144564956 ], [ 2785931.505173822399229, 2531692.152330171316862 ], [ 2785931.505173822399229, 2531615.30899406131357 ], [ 2785854.663080423604697, 2531615.30899406131357 ], [ 2785854.663080423604697, 2531538.465657951310277 ], [ 2785854.663080423604697, 2531461.622321841772646 ], [ 2785777.820987025275826, 2531461.622321841772646 ], [ 2785777.820987025275826, 2531538.465657951310277 ], [ 2785700.978893626481295, 2531538.465657951310277 ], [ 2785624.135199117474258, 2531538.465657951310277 ], [ 2785547.293105719145387, 2531538.465657951310277 ], [ 2785470.451012320350856, 2531538.465657951310277 ], [ 2785470.451012320350856, 2531461.622321841772646 ], [ 2785393.608918922021985, 2531461.622321841772646 ], [ 2785316.766825523227453, 2531461.622321841772646 ], [ 2785316.766825523227453, 2531384.78058686805889 ], [ 2785239.923131014220417, 2531384.78058686805889 ], [ 2785163.081037615425885, 2531384.78058686805889 ], [ 2785163.081037615425885, 2531307.937250758055598 ], [ 2785086.238944217097014, 2531307.937250758055598 ], [ 2785086.238944217097014, 2531231.093914648517966 ], [ 2785009.396850818302482, 2531231.093914648517966 ], [ 2785009.396850818302482, 2531154.250578538514674 ], [ 2785009.396850818302482, 2531077.408843564800918 ], [ 2785009.396850818302482, 2531000.565507455263287 ], [ 2785009.396850818302482, 2530923.722171345259994 ], [ 2785009.396850818302482, 2530846.878835235256702 ], [ 2784932.554757419973612, 2530846.878835235256702 ], [ 2784932.554757419973612, 2530770.037100262008607 ], [ 2784855.71266402117908, 2530770.037100262008607 ], [ 2784855.71266402117908, 2530693.193764152005315 ], [ 2784778.868969512172043, 2530693.193764152005315 ], [ 2784778.868969512172043, 2530616.350428042002022 ], [ 2784778.868969512172043, 2530539.508693068753928 ], [ 2784702.026876113843173, 2530539.508693068753928 ], [ 2784702.026876113843173, 2530462.665356958750635 ], [ 2784625.184782715048641, 2530462.665356958750635 ], [ 2784625.184782715048641, 2530385.822020848747343 ], [ 2784548.34268931671977, 2530385.822020848747343 ], [ 2784548.34268931671977, 2530462.665356958750635 ], [ 2784471.500595917925239, 2530462.665356958750635 ], [ 2784471.500595917925239, 2530385.822020848747343 ], [ 2784471.500595917925239, 2530308.978684739209712 ], [ 2784548.34268931671977, 2530308.978684739209712 ], [ 2784548.34268931671977, 2530232.136949765495956 ], [ 2784548.34268931671977, 2530155.293613655492663 ], [ 2784625.184782715048641, 2530155.293613655492663 ], [ 2784702.026876113843173, 2530078.450277545955032 ], [ 2784778.868969512172043, 2530078.450277545955032 ], [ 2784778.868969512172043, 2530001.60694143595174 ], [ 2784702.026876113843173, 2530001.60694143595174 ], [ 2784702.026876113843173, 2530078.450277545955032 ], [ 2784625.184782715048641, 2530078.450277545955032 ], [ 2784625.184782715048641, 2530001.60694143595174 ], [ 2784625.184782715048641, 2529924.765206462237984 ], [ 2784625.184782715048641, 2529847.921870352700353 ], [ 2784702.026876113843173, 2529847.921870352700353 ], [ 2784778.868969512172043, 2529847.921870352700353 ], [ 2784855.71266402117908, 2529847.921870352700353 ], [ 2784932.554757419973612, 2529847.921870352700353 ], [ 2784932.554757419973612, 2529771.07853424269706 ], [ 2784855.71266402117908, 2529771.07853424269706 ], [ 2784778.868969512172043, 2529694.235198132693768 ], [ 2784702.026876113843173, 2529694.235198132693768 ], [ 2784702.026876113843173, 2529617.393463159445673 ], [ 2784625.184782715048641, 2529617.393463159445673 ], [ 2784548.34268931671977, 2529617.393463159445673 ], [ 2784548.34268931671977, 2529540.550127049442381 ], [ 2784548.34268931671977, 2529463.706790939439088 ], [ 2784548.34268931671977, 2529386.865055966190994 ], [ 2784471.500595917925239, 2529386.865055966190994 ], [ 2784394.656901408918202, 2529386.865055966190994 ], [ 2784394.656901408918202, 2529310.021719856187701 ], [ 2784317.814808010589331, 2529310.021719856187701 ], [ 2784317.814808010589331, 2529386.865055966190994 ], [ 2784317.814808010589331, 2529463.706790939439088 ], [ 2784317.814808010589331, 2529386.865055966190994 ], [ 2784240.9727146117948, 2529386.865055966190994 ], [ 2784240.9727146117948, 2529310.021719856187701 ], [ 2784240.9727146117948, 2529233.178383746184409 ], [ 2784164.130621213465929, 2529233.178383746184409 ], [ 2784164.130621213465929, 2529156.335047636181116 ], [ 2784164.130621213465929, 2529079.493312662933022 ], [ 2784164.130621213465929, 2529002.649976552929729 ], [ 2784164.130621213465929, 2528925.806640442926437 ], [ 2784164.130621213465929, 2528848.963304333388805 ], [ 2784087.288527814671397, 2528848.963304333388805 ], [ 2784087.288527814671397, 2528772.12156935967505 ], [ 2784010.444833305664361, 2528772.12156935967505 ], [ 2784010.444833305664361, 2528695.278233249671757 ], [ 2783933.602739906869829, 2528695.278233249671757 ], [ 2783933.602739906869829, 2528618.434897140134126 ], [ 2783856.760646508540958, 2528618.434897140134126 ], [ 2783779.918553109746426, 2528618.434897140134126 ], [ 2783779.918553109746426, 2528541.59316216642037 ], [ 2783703.076459711417556, 2528541.59316216642037 ], [ 2783703.076459711417556, 2528464.749826056417078 ], [ 2783626.234366312623024, 2528464.749826056417078 ], [ 2783549.390671803615987, 2528464.749826056417078 ], [ 2783549.390671803615987, 2528387.906489946879447 ], [ 2783472.548578405287117, 2528387.906489946879447 ], [ 2783472.548578405287117, 2528311.063153836876154 ], [ 2783472.548578405287117, 2528234.221418863162398 ], [ 2783395.706485006492585, 2528234.221418863162398 ], [ 2783395.706485006492585, 2528157.378082753624767 ], [ 2783395.706485006492585, 2528080.534746643621475 ], [ 2783395.706485006492585, 2528003.691410533618182 ], [ 2783395.706485006492585, 2527926.849675560370088 ], [ 2783318.864391608163714, 2527926.849675560370088 ], [ 2783318.864391608163714, 2527850.006339450366795 ], [ 2783318.864391608163714, 2527773.163003340363503 ], [ 2783318.864391608163714, 2527696.319667230825871 ], [ 2783318.864391608163714, 2527619.477932257112116 ], [ 2783318.864391608163714, 2527542.634596147108823 ], [ 2783318.864391608163714, 2527465.791260037571192 ], [ 2783318.864391608163714, 2527388.949525063857436 ], [ 2783242.022298209369183, 2527388.949525063857436 ], [ 2783242.022298209369183, 2527312.106188953854144 ], [ 2783242.022298209369183, 2527235.262852844316512 ], [ 2783165.178603700362146, 2527235.262852844316512 ], [ 2783165.178603700362146, 2527158.41951673431322 ], [ 2783088.336510302033275, 2527158.41951673431322 ], [ 2783088.336510302033275, 2527081.577781760599464 ], [ 2783011.494416903238744, 2527081.577781760599464 ], [ 2783011.494416903238744, 2527004.734445651061833 ], [ 2782934.652323504909873, 2527004.734445651061833 ], [ 2782934.652323504909873, 2527081.577781760599464 ], [ 2782857.810230106115341, 2527081.577781760599464 ], [ 2782857.810230106115341, 2527158.41951673431322 ], [ 2782857.810230106115341, 2527235.262852844316512 ], [ 2782780.966535597108305, 2527235.262852844316512 ], [ 2782780.966535597108305, 2527312.106188953854144 ], [ 2782780.966535597108305, 2527388.949525063857436 ], [ 2782704.124442198313773, 2527388.949525063857436 ], [ 2782627.282348799984902, 2527388.949525063857436 ], [ 2782550.44025540119037, 2527388.949525063857436 ], [ 2782473.5981620028615, 2527312.106188953854144 ], [ 2782396.756068604066968, 2527312.106188953854144 ], [ 2782396.756068604066968, 2527235.262852844316512 ], [ 2782396.756068604066968, 2527158.41951673431322 ], [ 2782396.756068604066968, 2527081.577781760599464 ], [ 2782396.756068604066968, 2527004.734445651061833 ], [ 2782396.756068604066968, 2526927.89110954105854 ], [ 2782396.756068604066968, 2526851.047773431055248 ], [ 2782319.912374095059931, 2526851.047773431055248 ], [ 2782243.070280696731061, 2526851.047773431055248 ], [ 2782243.070280696731061, 2526774.206038457807153 ], [ 2782166.228187297936529, 2526774.206038457807153 ], [ 2782089.386093899607658, 2526774.206038457807153 ], [ 2782089.386093899607658, 2526697.362702347803861 ], [ 2782012.544000500813127, 2526697.362702347803861 ], [ 2782012.544000500813127, 2526620.519366237800568 ], [ 2781935.70030599180609, 2526620.519366237800568 ], [ 2781935.70030599180609, 2526543.676030127797276 ], [ 2781858.858212593477219, 2526543.676030127797276 ], [ 2781858.858212593477219, 2526466.834295154549181 ], [ 2781782.016119194682688, 2526466.834295154549181 ], [ 2781782.016119194682688, 2526389.990959044545889 ], [ 2781705.174025796353817, 2526389.990959044545889 ], [ 2781628.331932397559285, 2526389.990959044545889 ], [ 2781551.488237888552248, 2526466.834295154549181 ], [ 2781474.646144489757717, 2526466.834295154549181 ], [ 2781397.804051091428846, 2526466.834295154549181 ], [ 2781320.961957692634314, 2526466.834295154549181 ], [ 2781244.119864294305444, 2526466.834295154549181 ], [ 2781244.119864294305444, 2526389.990959044545889 ], [ 2781244.119864294305444, 2526313.147622934542596 ], [ 2781167.277770895510912, 2526313.147622934542596 ], [ 2781167.277770895510912, 2526236.305887961294502 ], [ 2781167.277770895510912, 2526159.462551851291209 ], [ 2781090.434076386503875, 2526159.462551851291209 ], [ 2781013.591982988175005, 2526159.462551851291209 ], [ 2780936.749889589380473, 2526082.619215741287917 ], [ 2780936.749889589380473, 2526005.775879631750286 ], [ 2780859.907796191051602, 2526005.775879631750286 ], [ 2780859.907796191051602, 2525928.93414465803653 ], [ 2780783.065702792257071, 2525928.93414465803653 ], [ 2780783.065702792257071, 2525852.090808548033237 ], [ 2780706.222008283250034, 2525852.090808548033237 ], [ 2780706.222008283250034, 2525775.247472438495606 ], [ 2780706.222008283250034, 2525698.404136328492314 ], [ 2780706.222008283250034, 2525621.562401354778558 ], [ 2780706.222008283250034, 2525544.719065245240927 ], [ 2780629.379914884921163, 2525467.875729135237634 ], [ 2780552.537821486126631, 2525467.875729135237634 ], [ 2780552.537821486126631, 2525391.033994161523879 ], [ 2780475.695728087797761, 2525391.033994161523879 ], [ 2780475.695728087797761, 2525314.190658051986247 ], [ 2780398.853634689003229, 2525314.190658051986247 ], [ 2780398.853634689003229, 2525237.347321941982955 ], [ 2780322.009940179996192, 2525237.347321941982955 ], [ 2780322.009940179996192, 2525160.503985831979662 ], [ 2780322.009940179996192, 2525083.662250858731568 ], [ 2780245.167846781201661, 2525083.662250858731568 ], [ 2780168.32575338287279, 2525083.662250858731568 ], [ 2780091.483659984078258, 2525083.662250858731568 ], [ 2780091.483659984078258, 2525006.818914748728275 ], [ 2780014.641566585749388, 2525006.818914748728275 ], [ 2780014.641566585749388, 2525083.662250858731568 ], [ 2779937.799473186954856, 2525083.662250858731568 ], [ 2779937.799473186954856, 2525160.503985831979662 ], [ 2779860.955778677947819, 2525160.503985831979662 ], [ 2779860.955778677947819, 2525083.662250858731568 ], [ 2779784.113685279618949, 2525083.662250858731568 ], [ 2779784.113685279618949, 2525006.818914748728275 ], [ 2779707.271591880824417, 2525006.818914748728275 ], [ 2779707.271591880824417, 2524929.975578638724983 ], [ 2779630.429498482495546, 2524929.975578638724983 ], [ 2779630.429498482495546, 2524853.132242529187351 ], [ 2779553.587405083701015, 2524853.132242529187351 ], [ 2779553.587405083701015, 2524776.290507555473596 ], [ 2779553.587405083701015, 2524699.447171445470303 ], [ 2779630.429498482495546, 2524699.447171445470303 ], [ 2779707.271591880824417, 2524622.603835335932672 ], [ 2779784.113685279618949, 2524622.603835335932672 ], [ 2779784.113685279618949, 2524545.760499225929379 ], [ 2779860.955778677947819, 2524545.760499225929379 ], [ 2779937.799473186954856, 2524545.760499225929379 ], [ 2780014.641566585749388, 2524545.760499225929379 ], [ 2780014.641566585749388, 2524468.918764252215624 ], [ 2780091.483659984078258, 2524468.918764252215624 ], [ 2780091.483659984078258, 2524392.075428142677993 ], [ 2780091.483659984078258, 2524315.2320920326747 ], [ 2780014.641566585749388, 2524315.2320920326747 ], [ 2780014.641566585749388, 2524238.390357058960944 ], [ 2780014.641566585749388, 2524161.547020949423313 ], [ 2779937.799473186954856, 2524161.547020949423313 ], [ 2779937.799473186954856, 2524084.703684839420021 ], [ 2779937.799473186954856, 2524007.860348729416728 ], [ 2779937.799473186954856, 2523931.018613756168634 ], [ 2779860.955778677947819, 2523931.018613756168634 ], [ 2779860.955778677947819, 2523854.175277646165341 ], [ 2767335.646521396934986, 2536302.725277445279062 ], [ 2764723.005739182699472, 2538915.384294953662902 ], [ 2748125.047919562086463, 2533229.009445550385863 ], [ 2742515.554287030361593, 2531307.937250758055598 ], [ 2742438.710592521354556, 2531307.937250758055598 ], [ 2742361.868499122560024, 2531307.937250758055598 ], [ 2742285.026405723765492, 2531231.093914648517966 ], [ 2742208.184312325436622, 2531231.093914648517966 ], [ 2742131.34221892664209, 2531231.093914648517966 ], [ 2742054.498524417635053, 2531231.093914648517966 ], [ 2729682.873453933745623, 2527004.734445651061833 ], [ 2726993.390578321181238, 2526082.619215741287917 ], [ 2726993.390578321181238, 2526005.775879631750286 ], [ 2726993.390578321181238, 2525928.93414465803653 ], [ 2726993.390578321181238, 2525852.090808548033237 ], [ 2727070.232671719510108, 2525852.090808548033237 ], [ 2727070.232671719510108, 2525775.247472438495606 ], [ 2726993.390578321181238, 2525698.404136328492314 ], [ 2726993.390578321181238, 2525621.562401354778558 ], [ 2726993.390578321181238, 2525544.719065245240927 ], [ 2726993.390578321181238, 2525467.875729135237634 ], [ 2726916.548484922386706, 2525467.875729135237634 ], [ 2726916.548484922386706, 2525391.033994161523879 ], [ 2726916.548484922386706, 2525314.190658051986247 ], [ 2726839.704790413379669, 2525314.190658051986247 ], [ 2726762.862697014585137, 2525237.347321941982955 ], [ 2726762.862697014585137, 2525160.503985831979662 ], [ 2726686.020603616256267, 2525160.503985831979662 ], [ 2726686.020603616256267, 2525083.662250858731568 ], [ 2726686.020603616256267, 2525006.818914748728275 ], [ 2726686.020603616256267, 2524929.975578638724983 ], [ 2726609.178510217461735, 2524929.975578638724983 ], [ 2726609.178510217461735, 2524853.132242529187351 ], [ 2726532.336416819132864, 2524853.132242529187351 ], [ 2726532.336416819132864, 2524776.290507555473596 ], [ 2726455.494323420338333, 2524776.290507555473596 ], [ 2726455.494323420338333, 2524699.447171445470303 ], [ 2726455.494323420338333, 2524622.603835335932672 ], [ 2726455.494323420338333, 2524545.760499225929379 ], [ 2726378.650628911331296, 2524545.760499225929379 ], [ 2726378.650628911331296, 2524468.918764252215624 ], [ 2726378.650628911331296, 2524392.075428142677993 ], [ 2726301.808535513002425, 2524392.075428142677993 ], [ 2726224.966442114207894, 2524392.075428142677993 ], [ 2726224.966442114207894, 2524315.2320920326747 ], [ 2726148.124348715879023, 2524315.2320920326747 ], [ 2726148.124348715879023, 2524238.390357058960944 ], [ 2726071.282255317084491, 2524238.390357058960944 ], [ 2725994.438560808077455, 2524238.390357058960944 ], [ 2725917.596467409748584, 2524238.390357058960944 ], [ 2725840.754374010954052, 2524238.390357058960944 ], [ 2725763.912280612625182, 2524161.547020949423313 ], [ 2725687.07018721383065, 2524161.547020949423313 ], [ 2725687.07018721383065, 2524084.703684839420021 ], [ 2725610.226492704823613, 2524084.703684839420021 ], [ 2725533.384399306029081, 2524084.703684839420021 ], [ 2725533.384399306029081, 2524007.860348729416728 ], [ 2725533.384399306029081, 2523931.018613756168634 ], [ 2725533.384399306029081, 2523854.175277646165341 ], [ 2725610.226492704823613, 2523854.175277646165341 ], [ 2725610.226492704823613, 2523777.331941536162049 ], [ 2725610.226492704823613, 2523700.488605426158756 ], [ 2725687.07018721383065, 2523700.488605426158756 ], [ 2725763.912280612625182, 2523700.488605426158756 ], [ 2725763.912280612625182, 2523623.646870452910662 ], [ 2725840.754374010954052, 2523623.646870452910662 ], [ 2725917.596467409748584, 2523546.803534342907369 ], [ 2725917.596467409748584, 2523469.960198232904077 ], [ 2725917.596467409748584, 2523393.116862123366445 ], [ 2725917.596467409748584, 2523316.27512714965269 ], [ 2725840.754374010954052, 2523316.27512714965269 ], [ 2725840.754374010954052, 2523239.431791039649397 ], [ 2725840.754374010954052, 2523162.588454930111766 ], [ 2725763.912280612625182, 2523162.588454930111766 ], [ 2725763.912280612625182, 2523085.74671995639801 ], [ 2725763.912280612625182, 2523008.903383846394718 ], [ 2725763.912280612625182, 2522932.060047736857086 ], [ 2725763.912280612625182, 2522855.216711626853794 ], [ 2725840.754374010954052, 2522855.216711626853794 ], [ 2725840.754374010954052, 2522778.374976653140038 ], [ 2725763.912280612625182, 2522701.531640543602407 ], [ 2725763.912280612625182, 2522624.688304433599114 ], [ 2725687.07018721383065, 2522547.844968323595822 ], [ 2725610.226492704823613, 2522547.844968323595822 ], [ 2725610.226492704823613, 2522471.003233350347728 ], [ 2725533.384399306029081, 2522471.003233350347728 ], [ 2725533.384399306029081, 2522394.159897240344435 ], [ 2725456.542305907700211, 2522394.159897240344435 ], [ 2725379.700212508905679, 2522394.159897240344435 ], [ 2725379.700212508905679, 2522317.316561130341142 ], [ 2725302.858119110576808, 2522317.316561130341142 ], [ 2725226.016025711782277, 2522317.316561130341142 ], [ 2725072.330237804446369, 2522240.474826157093048 ], [ 2725072.330237804446369, 2522163.631490047089756 ], [ 2724995.488144405651838, 2522163.631490047089756 ], [ 2724918.646051007322967, 2522163.631490047089756 ], [ 2724841.803957608528435, 2522163.631490047089756 ], [ 2724764.960263099521399, 2522240.474826157093048 ], [ 2724688.118169701192528, 2522240.474826157093048 ], [ 2724611.276076302397996, 2522240.474826157093048 ], [ 2724534.433982904069126, 2522240.474826157093048 ], [ 2724457.591889505274594, 2522240.474826157093048 ], [ 2724380.748194996267557, 2522317.316561130341142 ], [ 2724303.906101597473025, 2522240.474826157093048 ], [ 2724227.064008199144155, 2522240.474826157093048 ], [ 2724150.221914800349623, 2522240.474826157093048 ], [ 2724073.379821402020752, 2522163.631490047089756 ], [ 2723996.537728003226221, 2522086.788153937086463 ], [ 2723919.694033494219184, 2522086.788153937086463 ], [ 2723842.851940095890313, 2522086.788153937086463 ], [ 2723766.009846697095782, 2522086.788153937086463 ], [ 2723689.167753298766911, 2522009.944817827548832 ], [ 2723612.325659899972379, 2522009.944817827548832 ], [ 2723535.481965390965343, 2522009.944817827548832 ], [ 2723458.639871992636472, 2521933.103082853835076 ], [ 2723381.79777859384194, 2521933.103082853835076 ], [ 2723304.95568519551307, 2521933.103082853835076 ], [ 2723228.113591796718538, 2521856.259746743831784 ], [ 2723151.269897287711501, 2521856.259746743831784 ], [ 2723151.269897287711501, 2521779.416410634294152 ], [ 2723074.427803888916969, 2521779.416410634294152 ], [ 2722997.585710490588099, 2521779.416410634294152 ], [ 2722920.743617091793567, 2521702.57307452429086 ], [ 2722920.743617091793567, 2521625.731339550577104 ], [ 2722843.901523693464696, 2521625.731339550577104 ], [ 2722843.901523693464696, 2521548.888003441039473 ], [ 2722843.901523693464696, 2521472.04466733103618 ], [ 2722843.901523693464696, 2521395.201331221032888 ], [ 2722767.059430294670165, 2521318.359596247784793 ], [ 2722690.215735785663128, 2521318.359596247784793 ], [ 2722613.373642387334257, 2521318.359596247784793 ], [ 2722613.373642387334257, 2521395.201331221032888 ], [ 2722536.531548988539726, 2521395.201331221032888 ], [ 2722459.689455590210855, 2521395.201331221032888 ], [ 2722382.847362191416323, 2521395.201331221032888 ], [ 2722229.161574284080416, 2521395.201331221032888 ], [ 2722152.319480885285884, 2521395.201331221032888 ], [ 2722075.477387486957014, 2521395.201331221032888 ], [ 2721998.635294088162482, 2521472.04466733103618 ], [ 2721921.79320068936795, 2521472.04466733103618 ], [ 2721768.107412782032043, 2521472.04466733103618 ], [ 2721691.265319383237511, 2521472.04466733103618 ], [ 2721614.42322598490864, 2521472.04466733103618 ], [ 2721614.42322598490864, 2521395.201331221032888 ], [ 2721537.581132586114109, 2521395.201331221032888 ], [ 2721460.737438077107072, 2521395.201331221032888 ], [ 2721383.895344678778201, 2521318.359596247784793 ], [ 2721307.05325127998367, 2521318.359596247784793 ], [ 2721230.211157881654799, 2521241.516260137781501 ], [ 2721153.369064482860267, 2521241.516260137781501 ], [ 2721076.52536997385323, 2521241.516260137781501 ], [ 2720999.68327657552436, 2521241.516260137781501 ], [ 2720922.841183176729828, 2521241.516260137781501 ], [ 2720845.999089778400958, 2521241.516260137781501 ], [ 2720769.156996379606426, 2521241.516260137781501 ], [ 2720692.314902981277555, 2521241.516260137781501 ], [ 2720692.314902981277555, 2521164.672924027778208 ], [ 2720615.471208471804857, 2521164.672924027778208 ], [ 2720615.471208471804857, 2521241.516260137781501 ], [ 2720538.629115073475987, 2521241.516260137781501 ], [ 2720538.629115073475987, 2521164.672924027778208 ], [ 2720461.787021674681455, 2521164.672924027778208 ], [ 2720461.787021674681455, 2521087.831189054530114 ], [ 2720461.787021674681455, 2521010.987852944526821 ], [ 2720461.787021674681455, 2520934.144516834523529 ], [ 2720538.629115073475987, 2520934.144516834523529 ], [ 2720538.629115073475987, 2520857.301180724520236 ], [ 2720538.629115073475987, 2520780.459445751272142 ], [ 2720538.629115073475987, 2520703.616109641268849 ], [ 2720538.629115073475987, 2520626.772773531265557 ], [ 2720538.629115073475987, 2520549.929437421727926 ], [ 2720461.787021674681455, 2520473.08770244801417 ], [ 2720461.787021674681455, 2520396.244366338010877 ], [ 2720384.944928276352584, 2520319.401030228473246 ], [ 2720384.944928276352584, 2520242.55929525475949 ], [ 2720308.102834877558053, 2520165.715959144756198 ], [ 2720308.102834877558053, 2520088.872623035218567 ], [ 2720231.259140368551016, 2520012.029286925215274 ], [ 2720154.417046970222145, 2520012.029286925215274 ], [ 2720077.574953571427613, 2520012.029286925215274 ], [ 2720000.732860173098743, 2520012.029286925215274 ], [ 2719923.890766774304211, 2520012.029286925215274 ], [ 2719847.047072265297174, 2520012.029286925215274 ], [ 2719770.204978866968304, 2520012.029286925215274 ], [ 2719770.204978866968304, 2519935.187551951501518 ], [ 2719770.204978866968304, 2519858.344215841963887 ], [ 2719847.047072265297174, 2519858.344215841963887 ], [ 2719923.890766774304211, 2519781.500879731960595 ], [ 2719923.890766774304211, 2519704.657543621957302 ], [ 2719923.890766774304211, 2519627.815808648709208 ], [ 2719923.890766774304211, 2519550.972472538705915 ], [ 2719923.890766774304211, 2519474.129136428702623 ], [ 2719923.890766774304211, 2519397.285800319164991 ], [ 2719847.047072265297174, 2519397.285800319164991 ], [ 2719847.047072265297174, 2519320.444065345451236 ], [ 2719847.047072265297174, 2519243.600729235447943 ], [ 2719847.047072265297174, 2519166.757393125910312 ], [ 2719847.047072265297174, 2519089.915658152196556 ], [ 2719923.890766774304211, 2519089.915658152196556 ], [ 2719923.890766774304211, 2519013.072322042193264 ], [ 2720000.732860173098743, 2519013.072322042193264 ], [ 2720000.732860173098743, 2518936.228985932655632 ], [ 2720000.732860173098743, 2518859.38564982265234 ], [ 2720077.574953571427613, 2518859.38564982265234 ], [ 2720077.574953571427613, 2518782.543914848938584 ], [ 2720077.574953571427613, 2518705.700578739400953 ], [ 2720077.574953571427613, 2518628.85724262939766 ], [ 2720154.417046970222145, 2518628.85724262939766 ], [ 2720154.417046970222145, 2518552.013906519394368 ], [ 2720231.259140368551016, 2518475.172171546146274 ], [ 2720308.102834877558053, 2518475.172171546146274 ], [ 2720308.102834877558053, 2518398.328835436142981 ], [ 2720384.944928276352584, 2518398.328835436142981 ], [ 2720384.944928276352584, 2518321.485499326139688 ], [ 2720461.787021674681455, 2518321.485499326139688 ], [ 2720461.787021674681455, 2518244.642163216136396 ], [ 2720461.787021674681455, 2518167.800428242888302 ], [ 2720538.629115073475987, 2518167.800428242888302 ], [ 2720538.629115073475987, 2518090.957092132885009 ], [ 2720538.629115073475987, 2518014.113756022881716 ], [ 2720615.471208471804857, 2518014.113756022881716 ], [ 2720692.314902981277555, 2518014.113756022881716 ], [ 2720615.471208471804857, 2517937.272021049633622 ], [ 2720538.629115073475987, 2517937.272021049633622 ], [ 2720461.787021674681455, 2518014.113756022881716 ], [ 2720231.259140368551016, 2518090.957092132885009 ], [ 2719923.890766774304211, 2518167.800428242888302 ], [ 2719693.362885468173772, 2518244.642163216136396 ], [ 2719539.67869867105037, 2518321.485499326139688 ], [ 2719385.992910763248801, 2518398.328835436142981 ], [ 2719155.466630567796528, 2518475.172171546146274 ], [ 2719001.78084265999496, 2518552.013906519394368 ], [ 2718848.096655862871557, 2518628.85724262939766 ], [ 2718694.412469065748155, 2518782.543914848938584 ], [ 2718540.726681158412248, 2518936.228985932655632 ], [ 2718463.884587759617716, 2519089.915658152196556 ], [ 2718387.042494361288846, 2519166.757393125910312 ], [ 2718310.200400962494314, 2519243.600729235447943 ], [ 2718079.672519656363875, 2519243.600729235447943 ], [ 2717925.988332859240472, 2519243.600729235447943 ], [ 2717849.14623946044594, 2519243.600729235447943 ], [ 2717618.618358154315501, 2519320.444065345451236 ], [ 2717388.090476848185062, 2519397.285800319164991 ], [ 2717234.40629005106166, 2519397.285800319164991 ], [ 2717157.56419665273279, 2519550.972472538705915 ], [ 2717003.880009855609387, 2519627.815808648709208 ], [ 2716927.03631534660235, 2519781.500879731960595 ], [ 2716927.03631534660235, 2519858.344215841963887 ], [ 2716927.03631534660235, 2519935.187551951501518 ], [ 2716850.194221947807819, 2520012.029286925215274 ], [ 2716773.352128549013287, 2520165.715959144756198 ], [ 2716773.352128549013287, 2520242.55929525475949 ], [ 2716696.510035150684416, 2520319.401030228473246 ], [ 2716696.510035150684416, 2520396.244366338010877 ], [ 2716773.352128549013287, 2520473.08770244801417 ], [ 2716696.510035150684416, 2520473.08770244801417 ], [ 2716696.510035150684416, 2520549.929437421727926 ], [ 2716619.667941751889884, 2520549.929437421727926 ], [ 2716619.667941751889884, 2520473.08770244801417 ], [ 2716542.824247242882848, 2520473.08770244801417 ], [ 2716465.982153844553977, 2520473.08770244801417 ], [ 2716465.982153844553977, 2520549.929437421727926 ], [ 2716465.982153844553977, 2520626.772773531265557 ], [ 2716389.140060445759445, 2520626.772773531265557 ], [ 2716389.140060445759445, 2520703.616109641268849 ], [ 2716312.297967047430575, 2520703.616109641268849 ], [ 2716312.297967047430575, 2520780.459445751272142 ], [ 2716312.297967047430575, 2520857.301180724520236 ], [ 2716312.297967047430575, 2520934.144516834523529 ], [ 2716312.297967047430575, 2521010.987852944526821 ], [ 2716235.455873648636043, 2521010.987852944526821 ], [ 2716235.455873648636043, 2521087.831189054530114 ], [ 2716158.612179139629006, 2521087.831189054530114 ], [ 2716158.612179139629006, 2521164.672924027778208 ], [ 2716081.770085741300136, 2521164.672924027778208 ], [ 2716081.770085741300136, 2521087.831189054530114 ], [ 2716004.927992342505604, 2521087.831189054530114 ], [ 2716004.927992342505604, 2521164.672924027778208 ], [ 2715928.085898944176733, 2521164.672924027778208 ], [ 2715928.085898944176733, 2521241.516260137781501 ], [ 2715928.085898944176733, 2521318.359596247784793 ], [ 2716004.927992342505604, 2521318.359596247784793 ], [ 2715928.085898944176733, 2521318.359596247784793 ], [ 2715851.243805545382202, 2521318.359596247784793 ], [ 2715774.401712147053331, 2521318.359596247784793 ], [ 2715697.558017638046294, 2521318.359596247784793 ], [ 2715620.715924239251763, 2521318.359596247784793 ], [ 2715543.873830840922892, 2521318.359596247784793 ], [ 2715467.03173744212836, 2521318.359596247784793 ], [ 2715390.189644043333828, 2521318.359596247784793 ], [ 2715313.345949534326792, 2521318.359596247784793 ], [ 2715313.345949534326792, 2521395.201331221032888 ], [ 2715390.189644043333828, 2521395.201331221032888 ], [ 2715390.189644043333828, 2521472.04466733103618 ], [ 2715313.345949534326792, 2521472.04466733103618 ], [ 2715313.345949534326792, 2521548.888003441039473 ], [ 2715236.503856135997921, 2521548.888003441039473 ], [ 2715159.661762737203389, 2521548.888003441039473 ], [ 2715159.661762737203389, 2521625.731339550577104 ], [ 2715082.819669338874519, 2521625.731339550577104 ], [ 2715005.977575940079987, 2521702.57307452429086 ], [ 2714929.135482541751117, 2521702.57307452429086 ], [ 2714929.135482541751117, 2521779.416410634294152 ], [ 2714852.29178803274408, 2521779.416410634294152 ], [ 2714852.29178803274408, 2521856.259746743831784 ], [ 2714775.449694633949548, 2521856.259746743831784 ], [ 2714775.449694633949548, 2521933.103082853835076 ], [ 2714775.449694633949548, 2522009.944817827548832 ], [ 2714775.449694633949548, 2522086.788153937086463 ], [ 2714775.449694633949548, 2522163.631490047089756 ], [ 2714775.449694633949548, 2522240.474826157093048 ], [ 2714775.449694633949548, 2522317.316561130341142 ], [ 2714852.29178803274408, 2522317.316561130341142 ], [ 2714852.29178803274408, 2522394.159897240344435 ], [ 2714852.29178803274408, 2522471.003233350347728 ], [ 2714852.29178803274408, 2522547.844968323595822 ], [ 2714929.135482541751117, 2522624.688304433599114 ], [ 2714929.135482541751117, 2522701.531640543602407 ], [ 2714929.135482541751117, 2522778.374976653140038 ], [ 2715005.977575940079987, 2522778.374976653140038 ], [ 2714929.135482541751117, 2522778.374976653140038 ], [ 2714929.135482541751117, 2522855.216711626853794 ], [ 2714929.135482541751117, 2522932.060047736857086 ], [ 2715005.977575940079987, 2522932.060047736857086 ], [ 2715005.977575940079987, 2523008.903383846394718 ], [ 2715005.977575940079987, 2523085.74671995639801 ], [ 2715005.977575940079987, 2523162.588454930111766 ], [ 2715005.977575940079987, 2523239.431791039649397 ], [ 2714929.135482541751117, 2523239.431791039649397 ], [ 2714929.135482541751117, 2523316.27512714965269 ], [ 2714852.29178803274408, 2523316.27512714965269 ], [ 2714852.29178803274408, 2523393.116862123366445 ], [ 2714775.449694633949548, 2523393.116862123366445 ], [ 2714698.607601235620677, 2523393.116862123366445 ], [ 2714621.765507836826146, 2523469.960198232904077 ], [ 2714544.923414438497275, 2523469.960198232904077 ], [ 2714544.923414438497275, 2523546.803534342907369 ], [ 2714468.079719929490238, 2523546.803534342907369 ], [ 2714468.079719929490238, 2523623.646870452910662 ], [ 2714391.237626530695707, 2523623.646870452910662 ], [ 2714314.395533132366836, 2523623.646870452910662 ], [ 2714314.395533132366836, 2523700.488605426158756 ], [ 2714237.553439733572304, 2523777.331941536162049 ], [ 2714160.711346334777772, 2523777.331941536162049 ], [ 2714160.711346334777772, 2523854.175277646165341 ], [ 2714083.867651825770736, 2523854.175277646165341 ], [ 2714007.025558427441865, 2523854.175277646165341 ], [ 2714007.025558427441865, 2523931.018613756168634 ], [ 2713930.183465028647333, 2523931.018613756168634 ], [ 2713930.183465028647333, 2524007.860348729416728 ], [ 2713853.341371630318463, 2524007.860348729416728 ], [ 2713853.341371630318463, 2524084.703684839420021 ], [ 2713853.341371630318463, 2524161.547020949423313 ], [ 2713776.499278231523931, 2524161.547020949423313 ], [ 2713776.499278231523931, 2524238.390357058960944 ], [ 2713699.65718483319506, 2524238.390357058960944 ], [ 2713622.813490324188024, 2524238.390357058960944 ], [ 2713545.971396925393492, 2524238.390357058960944 ], [ 2713469.129303527064621, 2524238.390357058960944 ], [ 2713392.28721012827009, 2524238.390357058960944 ], [ 2713315.445116729941219, 2524238.390357058960944 ], [ 2713238.601422220934182, 2524238.390357058960944 ], [ 2713161.759328822139651, 2524238.390357058960944 ], [ 2713084.91723542381078, 2524238.390357058960944 ], [ 2713084.91723542381078, 2524315.2320920326747 ], [ 2713008.075142025016248, 2524392.075428142677993 ], [ 2713008.075142025016248, 2524468.918764252215624 ], [ 2712931.233048626221716, 2524545.760499225929379 ], [ 2712854.38935411721468, 2524545.760499225929379 ], [ 2712854.38935411721468, 2524622.603835335932672 ], [ 2712777.547260718885809, 2524622.603835335932672 ], [ 2712777.547260718885809, 2524699.447171445470303 ], [ 2712700.705167320091277, 2524776.290507555473596 ], [ 2712700.705167320091277, 2524853.132242529187351 ], [ 2712623.863073921762407, 2524853.132242529187351 ], [ 2712547.020980522967875, 2525006.818914748728275 ], [ 2712547.020980522967875, 2525083.662250858731568 ], [ 2712547.020980522967875, 2525160.503985831979662 ], [ 2712470.178887124639004, 2525237.347321941982955 ], [ 2712470.178887124639004, 2525314.190658051986247 ], [ 2712470.178887124639004, 2525391.033994161523879 ], [ 2712470.178887124639004, 2525467.875729135237634 ], [ 2712470.178887124639004, 2525544.719065245240927 ], [ 2712470.178887124639004, 2525621.562401354778558 ], [ 2712393.335192615631968, 2525698.404136328492314 ], [ 2712393.335192615631968, 2525775.247472438495606 ], [ 2712316.493099216837436, 2525852.090808548033237 ], [ 2712239.651005818508565, 2525852.090808548033237 ], [ 2712239.651005818508565, 2525928.93414465803653 ], [ 2712162.808912419714034, 2526005.775879631750286 ], [ 2712085.966819021385163, 2526082.619215741287917 ], [ 2711932.281031113583595, 2526159.462551851291209 ], [ 2711778.596844316460192, 2526236.305887961294502 ], [ 2711701.75475091766566, 2526313.147622934542596 ], [ 2711701.75475091766566, 2526389.990959044545889 ], [ 2711624.911056408658624, 2526543.676030127797276 ], [ 2711624.911056408658624, 2526620.519366237800568 ], [ 2711624.911056408658624, 2526774.206038457807153 ], [ 2711548.068963010329753, 2526851.047773431055248 ], [ 2711471.226869611535221, 2526851.047773431055248 ], [ 2711394.384776213206351, 2526927.89110954105854 ], [ 2711240.700589416082948, 2526851.047773431055248 ], [ 2711087.01480150828138, 2526851.047773431055248 ], [ 2710933.330614711157978, 2526851.047773431055248 ], [ 2710779.64482680382207, 2526851.047773431055248 ], [ 2710625.960640006698668, 2526851.047773431055248 ], [ 2710472.276453209109604, 2526774.206038457807153 ], [ 2710318.590665301773697, 2526697.362702347803861 ], [ 2710164.906478504650295, 2526620.519366237800568 ], [ 2710011.222291707526892, 2526543.676030127797276 ], [ 2709857.536503799725324, 2526543.676030127797276 ], [ 2709703.852317002601922, 2526466.834295154549181 ], [ 2709550.166529095266014, 2526389.990959044545889 ], [ 2709396.482342298142612, 2526389.990959044545889 ], [ 2709242.798155500553548, 2526389.990959044545889 ], [ 2709012.270274194423109, 2526389.990959044545889 ], [ 2708858.586087397299707, 2526466.834295154549181 ], [ 2708704.9002994899638, 2526466.834295154549181 ], [ 2708628.058206091169268, 2526466.834295154549181 ], [ 2708474.374019294045866, 2526543.676030127797276 ], [ 2708320.688231386709958, 2526543.676030127797276 ], [ 2708167.004044589586556, 2526543.676030127797276 ], [ 2708013.319857792463154, 2526466.834295154549181 ], [ 2707859.634069884661585, 2526466.834295154549181 ], [ 2707705.949883087538183, 2526466.834295154549181 ], [ 2707629.107789688743651, 2526543.676030127797276 ], [ 2707552.26569629041478, 2526543.676030127797276 ], [ 2707475.422001781407744, 2526620.519366237800568 ], [ 2707321.737814984284341, 2526697.362702347803861 ], [ 2707168.053628187160939, 2526774.206038457807153 ], [ 2707014.36784027935937, 2526851.047773431055248 ], [ 2706783.841560083907098, 2527004.734445651061833 ], [ 2706706.999466685112566, 2527004.734445651061833 ], [ 2706706.999466685112566, 2527081.577781760599464 ], [ 2706630.155772176105529, 2527081.577781760599464 ], [ 2706630.155772176105529, 2527158.41951673431322 ], [ 2706399.629491980187595, 2527235.262852844316512 ], [ 2706399.629491980187595, 2527312.106188953854144 ], [ 2706476.471585378982127, 2527388.949525063857436 ], [ 2706476.471585378982127, 2527465.791260037571192 ], [ 2706553.313678777310997, 2527465.791260037571192 ], [ 2706553.313678777310997, 2527542.634596147108823 ], [ 2706630.155772176105529, 2527542.634596147108823 ], [ 2706630.155772176105529, 2527619.477932257112116 ], [ 2706630.155772176105529, 2527696.319667230825871 ], [ 2706630.155772176105529, 2527773.163003340363503 ], [ 2706630.155772176105529, 2527850.006339450366795 ], [ 2706706.999466685112566, 2527850.006339450366795 ], [ 2706706.999466685112566, 2527926.849675560370088 ], [ 2706706.999466685112566, 2528003.691410533618182 ], [ 2706706.999466685112566, 2528080.534746643621475 ], [ 2706706.999466685112566, 2528157.378082753624767 ], [ 2706783.841560083907098, 2528157.378082753624767 ], [ 2706706.999466685112566, 2528234.221418863162398 ], [ 2706706.999466685112566, 2528311.063153836876154 ], [ 2706706.999466685112566, 2528387.906489946879447 ], [ 2706630.155772176105529, 2528387.906489946879447 ], [ 2706630.155772176105529, 2528464.749826056417078 ], [ 2706630.155772176105529, 2528541.59316216642037 ], [ 2706553.313678777310997, 2528541.59316216642037 ], [ 2706553.313678777310997, 2528618.434897140134126 ], [ 2706553.313678777310997, 2528695.278233249671757 ], [ 2706553.313678777310997, 2528772.12156935967505 ], [ 2706553.313678777310997, 2528848.963304333388805 ], [ 2706553.313678777310997, 2528925.806640442926437 ], [ 2706476.471585378982127, 2529002.649976552929729 ], [ 2706476.471585378982127, 2529079.493312662933022 ], [ 2706476.471585378982127, 2529156.335047636181116 ], [ 2706399.629491980187595, 2529156.335047636181116 ], [ 2706399.629491980187595, 2529233.178383746184409 ], [ 2706399.629491980187595, 2529310.021719856187701 ], [ 2706399.629491980187595, 2529386.865055966190994 ], [ 2706399.629491980187595, 2529463.706790939439088 ], [ 2706476.471585378982127, 2529463.706790939439088 ], [ 2706553.313678777310997, 2529540.550127049442381 ], [ 2706553.313678777310997, 2529617.393463159445673 ], [ 2706630.155772176105529, 2529694.235198132693768 ], [ 2706706.999466685112566, 2529694.235198132693768 ], [ 2706783.841560083907098, 2529694.235198132693768 ], [ 2706783.841560083907098, 2529771.07853424269706 ], [ 2706783.841560083907098, 2529847.921870352700353 ], [ 2706860.683653482235968, 2529847.921870352700353 ], [ 2706860.683653482235968, 2529924.765206462237984 ], [ 2706860.683653482235968, 2530001.60694143595174 ], [ 2706860.683653482235968, 2530078.450277545955032 ], [ 2706860.683653482235968, 2530155.293613655492663 ], [ 2706860.683653482235968, 2530232.136949765495956 ], [ 2706783.841560083907098, 2530232.136949765495956 ], [ 2706783.841560083907098, 2530308.978684739209712 ], [ 2706783.841560083907098, 2530385.822020848747343 ], [ 2706706.999466685112566, 2530385.822020848747343 ], [ 2706783.841560083907098, 2530385.822020848747343 ], [ 2706783.841560083907098, 2530462.665356958750635 ], [ 2706783.841560083907098, 2530539.508693068753928 ], [ 2706783.841560083907098, 2530616.350428042002022 ], [ 2706783.841560083907098, 2530693.193764152005315 ], [ 2706706.999466685112566, 2530693.193764152005315 ], [ 2706706.999466685112566, 2530770.037100262008607 ], [ 2706706.999466685112566, 2530846.878835235256702 ], [ 2706630.155772176105529, 2530923.722171345259994 ], [ 2706630.155772176105529, 2531000.565507455263287 ], [ 2706630.155772176105529, 2531077.408843564800918 ], [ 2706630.155772176105529, 2531154.250578538514674 ], [ 2706630.155772176105529, 2531231.093914648517966 ], [ 2706553.313678777310997, 2531307.937250758055598 ], [ 2706476.471585378982127, 2531307.937250758055598 ], [ 2706476.471585378982127, 2531384.78058686805889 ], [ 2706399.629491980187595, 2531461.622321841772646 ], [ 2706399.629491980187595, 2531538.465657951310277 ], [ 2706399.629491980187595, 2531615.30899406131357 ], [ 2706322.787398581858724, 2531692.152330171316862 ], [ 2706322.787398581858724, 2531768.994065144564956 ], [ 2706322.787398581858724, 2531845.837401254568249 ], [ 2706245.943704072851688, 2531922.680737364571542 ], [ 2706169.101610674057156, 2531922.680737364571542 ], [ 2706092.259517275728285, 2531922.680737364571542 ], [ 2706015.417423876933753, 2531922.680737364571542 ], [ 2705938.575330478604883, 2531999.522472337819636 ], [ 2705861.731635969597846, 2531999.522472337819636 ], [ 2705861.731635969597846, 2532076.365808447822928 ], [ 2705784.889542570803314, 2532076.365808447822928 ], [ 2705784.889542570803314, 2532153.209144557826221 ], [ 2705861.731635969597846, 2532153.209144557826221 ], [ 2705784.889542570803314, 2532153.209144557826221 ], [ 2705784.889542570803314, 2532230.052480667829514 ], [ 2705708.047449172474444, 2532230.052480667829514 ], [ 2705631.205355773679912, 2532306.894215641077608 ], [ 2705554.363262375351042, 2532306.894215641077608 ], [ 2705477.52116897655651, 2532306.894215641077608 ], [ 2705400.677474467549473, 2532306.894215641077608 ] ] } },
{ "type": "Feature", "properties": { }, "geometry": { "type": "LineString", "coordinates": [ [ 2705400.677474467549473, 2532306.894215641077608 ], [ 2705323.835381068754941, 2532306.894215641077608 ], [ 2705323.835381068754941, 2532383.7375517510809 ], [ 2705246.993287670426071, 2532383.7375517510809 ], [ 2705170.151194271631539, 2532383.7375517510809 ], [ 2705170.151194271631539, 2532460.580887861084193 ], [ 2705093.309100873302668, 2532460.580887861084193 ], [ 2705093.309100873302668, 2532537.424223970621824 ], [ 2705016.465406364295632, 2532537.424223970621824 ], [ 2705016.465406364295632, 2532614.26595894433558 ], [ 2704939.6233129655011, 2532614.26595894433558 ], [ 2704939.6233129655011, 2532691.109295054338872 ], [ 2704862.781219567172229, 2532691.109295054338872 ], [ 2704785.939126168377697, 2532691.109295054338872 ], [ 2704785.939126168377697, 2532767.952631163876504 ], [ 2704709.097032770048827, 2532767.952631163876504 ], [ 2704709.097032770048827, 2532844.794366137590259 ], [ 2704632.25333826104179, 2532844.794366137590259 ], [ 2704632.25333826104179, 2532767.952631163876504 ], [ 2704709.097032770048827, 2532767.952631163876504 ], [ 2704632.25333826104179, 2532767.952631163876504 ], [ 2704632.25333826104179, 2532691.109295054338872 ], [ 2704555.411244862247258, 2532691.109295054338872 ], [ 2704478.569151463918388, 2532614.26595894433558 ], [ 2704401.727058065123856, 2532614.26595894433558 ], [ 2704324.884964666794986, 2532614.26595894433558 ], [ 2704248.042871268000454, 2532614.26595894433558 ], [ 2704171.199176758993417, 2532614.26595894433558 ], [ 2704094.357083360198885, 2532614.26595894433558 ], [ 2704017.514989961870015, 2532614.26595894433558 ], [ 2703940.672896563075483, 2532614.26595894433558 ], [ 2703863.830803164746612, 2532614.26595894433558 ], [ 2703786.987108655739576, 2532614.26595894433558 ], [ 2703710.145015256945044, 2532691.109295054338872 ], [ 2703633.302921858616173, 2532691.109295054338872 ], [ 2703633.302921858616173, 2532767.952631163876504 ], [ 2703556.460828459821641, 2532767.952631163876504 ], [ 2703479.618735061492771, 2532767.952631163876504 ], [ 2703479.618735061492771, 2532844.794366137590259 ], [ 2703402.775040552485734, 2532844.794366137590259 ], [ 2703402.775040552485734, 2532921.637702247593552 ], [ 2703325.932947153691202, 2532998.481038357131183 ], [ 2703325.932947153691202, 2533075.324374467134476 ], [ 2703249.090853755362332, 2533075.324374467134476 ], [ 2703172.2487603565678, 2533075.324374467134476 ], [ 2703095.40666695823893, 2533075.324374467134476 ], [ 2703095.40666695823893, 2533152.166109440848231 ], [ 2703018.564573559444398, 2533152.166109440848231 ], [ 2702941.720879050437361, 2533152.166109440848231 ], [ 2702941.720879050437361, 2533229.009445550385863 ], [ 2702941.720879050437361, 2533305.852781660389155 ], [ 2702864.87878565210849, 2533382.696117770392448 ], [ 2702788.036692253313959, 2533382.696117770392448 ], [ 2702788.036692253313959, 2533459.537852743640542 ], [ 2702711.194598854519427, 2533459.537852743640542 ], [ 2702711.194598854519427, 2533536.381188853643835 ], [ 2702634.352505456190556, 2533536.381188853643835 ], [ 2702634.352505456190556, 2533459.537852743640542 ], [ 2702557.50881094718352, 2533459.537852743640542 ], [ 2702557.50881094718352, 2533536.381188853643835 ], [ 2702480.666717548388988, 2533536.381188853643835 ], [ 2702480.666717548388988, 2533459.537852743640542 ], [ 2702403.824624150060117, 2533459.537852743640542 ], [ 2702403.824624150060117, 2533536.381188853643835 ], [ 2702326.982530751265585, 2533536.381188853643835 ], [ 2702250.140437352936715, 2533536.381188853643835 ], [ 2702250.140437352936715, 2533459.537852743640542 ], [ 2702173.296742843929678, 2533459.537852743640542 ], [ 2702096.454649445135146, 2533459.537852743640542 ], [ 2702019.612556046806276, 2533459.537852743640542 ], [ 2702019.612556046806276, 2533536.381188853643835 ], [ 2702019.612556046806276, 2533613.224524963647127 ], [ 2701942.770462648011744, 2533613.224524963647127 ], [ 2701942.770462648011744, 2533690.067861073184758 ], [ 2701942.770462648011744, 2533766.909596046898514 ], [ 2701865.928369249682873, 2533766.909596046898514 ], [ 2701789.086275850888342, 2533690.067861073184758 ], [ 2701712.242581341881305, 2533766.909596046898514 ], [ 2701712.242581341881305, 2533843.752932156901807 ], [ 2701712.242581341881305, 2533920.596268266439438 ], [ 2701635.400487943552434, 2533920.596268266439438 ], [ 2701635.400487943552434, 2533997.438003240153193 ], [ 2701558.558394544757903, 2534074.281339350156486 ], [ 2701558.558394544757903, 2534151.124675459694117 ], [ 2701481.716301145963371, 2534151.124675459694117 ], [ 2701481.716301145963371, 2534074.281339350156486 ], [ 2701404.8742077476345, 2534074.281339350156486 ], [ 2701328.030513238627464, 2533997.438003240153193 ], [ 2701251.188419839832932, 2533920.596268266439438 ], [ 2701174.346326441504061, 2533843.752932156901807 ], [ 2701097.504233042709529, 2533843.752932156901807 ], [ 2701020.662139644380659, 2533766.909596046898514 ], [ 2701020.662139644380659, 2533690.067861073184758 ], [ 2700943.820046245586127, 2533690.067861073184758 ], [ 2700866.97635173657909, 2533690.067861073184758 ], [ 2700790.13425833825022, 2533690.067861073184758 ], [ 2700713.292164939455688, 2533766.909596046898514 ], [ 2700636.450071541126817, 2533843.752932156901807 ], [ 2700559.607978142332286, 2533920.596268266439438 ], [ 2700482.764283633325249, 2533920.596268266439438 ], [ 2700405.922190234996378, 2533920.596268266439438 ], [ 2700405.922190234996378, 2533843.752932156901807 ], [ 2700252.238003437407315, 2533843.752932156901807 ], [ 2700175.395910039078444, 2533843.752932156901807 ], [ 2700098.552215530071408, 2533843.752932156901807 ], [ 2700098.552215530071408, 2533766.909596046898514 ], [ 2700021.710122131276876, 2533766.909596046898514 ], [ 2699944.868028732948005, 2533766.909596046898514 ], [ 2699868.025935334153473, 2533766.909596046898514 ], [ 2699791.183841935824603, 2533843.752932156901807 ], [ 2699714.341748537030071, 2533843.752932156901807 ], [ 2699637.498054028023034, 2533843.752932156901807 ], [ 2699560.655960629694164, 2533843.752932156901807 ], [ 2699483.813867230899632, 2533920.596268266439438 ], [ 2699406.971773832570761, 2533997.438003240153193 ], [ 2699406.971773832570761, 2534074.281339350156486 ], [ 2699330.12968043377623, 2534151.124675459694117 ], [ 2699253.285985924769193, 2534227.96801156969741 ], [ 2699253.285985924769193, 2534304.809746543411165 ], [ 2699330.12968043377623, 2534304.809746543411165 ], [ 2699253.285985924769193, 2534304.809746543411165 ], [ 2699176.443892526440322, 2534304.809746543411165 ], [ 2699099.601799127645791, 2534227.96801156969741 ], [ 2699022.759705728851259, 2534227.96801156969741 ], [ 2698945.917612330522388, 2534227.96801156969741 ], [ 2698869.073917821515352, 2534227.96801156969741 ], [ 2698715.389731024391949, 2534227.96801156969741 ], [ 2698638.547637625597417, 2534227.96801156969741 ], [ 2698561.705544227268547, 2534151.124675459694117 ], [ 2698484.863450828474015, 2534151.124675459694117 ], [ 2698408.019756319466978, 2534151.124675459694117 ], [ 2698331.177662921138108, 2534074.281339350156486 ], [ 2698331.177662921138108, 2534151.124675459694117 ], [ 2698254.335569522343576, 2534151.124675459694117 ], [ 2698254.335569522343576, 2534227.96801156969741 ], [ 2698177.493476124014705, 2534227.96801156969741 ], [ 2698100.651382725220174, 2534227.96801156969741 ], [ 2698023.807688216213137, 2534227.96801156969741 ], [ 2697946.965594817884266, 2534227.96801156969741 ], [ 2697946.965594817884266, 2534304.809746543411165 ], [ 2697870.123501419089735, 2534304.809746543411165 ], [ 2697870.123501419089735, 2534381.653082652948797 ], [ 2697793.281408020295203, 2534458.496418762952089 ], [ 2697716.439314621966332, 2534535.339754872955382 ], [ 2697639.595620112959296, 2534689.024825956206769 ], [ 2697485.911433315835893, 2534765.868162066210061 ], [ 2697485.911433315835893, 2534842.711498176213354 ], [ 2697409.069339917041361, 2534842.711498176213354 ], [ 2697332.227246518712491, 2534842.711498176213354 ], [ 2697255.385153119917959, 2534842.711498176213354 ], [ 2697255.385153119917959, 2534919.553233149461448 ], [ 2697255.385153119917959, 2534996.396569259464741 ], [ 2697255.385153119917959, 2535073.239905369468033 ], [ 2697178.541458610910922, 2535150.081640342716128 ], [ 2697178.541458610910922, 2535226.92497645271942 ], [ 2697178.541458610910922, 2535303.768312562722713 ], [ 2697178.541458610910922, 2535380.611648672260344 ], [ 2697255.385153119917959, 2535457.4533836459741 ], [ 2697178.541458610910922, 2535457.4533836459741 ], [ 2697101.699365212582052, 2535380.611648672260344 ], [ 2697024.85727181378752, 2535457.4533836459741 ], [ 2696948.015178415458649, 2535457.4533836459741 ], [ 2696948.015178415458649, 2535534.296719755977392 ], [ 2696948.015178415458649, 2535611.140055865515023 ], [ 2696948.015178415458649, 2535687.983391975518316 ], [ 2696871.173085016664118, 2535687.983391975518316 ], [ 2696871.173085016664118, 2535764.825126949232072 ], [ 2696871.173085016664118, 2535918.511799168772995 ], [ 2696871.173085016664118, 2535995.353534142486751 ], [ 2696871.173085016664118, 2536072.196870252024382 ], [ 2696871.173085016664118, 2536149.040206362027675 ], [ 2696794.329390507657081, 2536225.883542472030967 ], [ 2696717.48729710932821, 2536225.883542472030967 ], [ 2696717.48729710932821, 2536302.725277445279062 ], [ 2696640.645203710533679, 2536379.568613555282354 ], [ 2696640.645203710533679, 2536456.411949665285647 ], [ 2696640.645203710533679, 2536533.255285774823278 ], [ 2696563.803110311739147, 2536610.097020748537034 ], [ 2696486.961016913410276, 2536610.097020748537034 ], [ 2696410.117322404403239, 2536686.940356858540326 ], [ 2696333.275229005608708, 2536686.940356858540326 ], [ 2696333.275229005608708, 2536763.783692968077958 ], [ 2696179.591042208485305, 2536840.62702907808125 ], [ 2696102.748948810156435, 2536917.468764051795006 ], [ 2696102.748948810156435, 2536994.312100161332637 ], [ 2696025.906855411361903, 2536994.312100161332637 ], [ 2695949.063160902354866, 2537071.15543627133593 ], [ 2695872.221067504025996, 2537071.15543627133593 ], [ 2695795.378974105231464, 2537071.15543627133593 ], [ 2695795.378974105231464, 2537147.997171245049685 ], [ 2695718.536880706902593, 2537147.997171245049685 ], [ 2695641.694787308108062, 2537224.840507354587317 ], [ 2695641.694787308108062, 2537301.683843464590609 ], [ 2695564.851092799101025, 2537301.683843464590609 ], [ 2695564.851092799101025, 2537378.527179574593902 ], [ 2695564.851092799101025, 2537455.368914547841996 ], [ 2695488.008999400772154, 2537455.368914547841996 ], [ 2695488.008999400772154, 2537532.212250657845289 ], [ 2695488.008999400772154, 2537609.055586767848581 ], [ 2695488.008999400772154, 2537685.898922877851874 ], [ 2695411.166906001977623, 2537685.898922877851874 ], [ 2695334.324812603648752, 2537685.898922877851874 ], [ 2695257.48271920485422, 2537685.898922877851874 ], [ 2695180.639024695847183, 2537685.898922877851874 ], [ 2695180.639024695847183, 2537609.055586767848581 ], [ 2695103.796931297052652, 2537609.055586767848581 ], [ 2695026.954837898723781, 2537609.055586767848581 ], [ 2694950.112744499929249, 2537609.055586767848581 ], [ 2694873.270651101600379, 2537609.055586767848581 ], [ 2694873.270651101600379, 2537685.898922877851874 ], [ 2694796.428557702805847, 2537685.898922877851874 ], [ 2694719.58486319379881, 2537685.898922877851874 ], [ 2694719.58486319379881, 2537762.740657851099968 ], [ 2694642.74276979546994, 2537762.740657851099968 ], [ 2694642.74276979546994, 2537839.583993961103261 ], [ 2694565.900676396675408, 2537839.583993961103261 ], [ 2694489.058582998346537, 2537839.583993961103261 ], [ 2694412.216489599552006, 2537839.583993961103261 ], [ 2694335.372795090544969, 2537916.427330071106553 ], [ 2694335.372795090544969, 2537993.270666180644184 ], [ 2694335.372795090544969, 2538070.11240115435794 ], [ 2694412.216489599552006, 2538146.955737264361233 ], [ 2694412.216489599552006, 2538223.799073373898864 ], [ 2694412.216489599552006, 2538300.640808347612619 ], [ 2694412.216489599552006, 2538377.484144457615912 ], [ 2694335.372795090544969, 2538377.484144457615912 ], [ 2694335.372795090544969, 2538454.327480567153543 ], [ 2694335.372795090544969, 2538531.170816677156836 ], [ 2694258.530701692216098, 2538531.170816677156836 ], [ 2694181.688608293421566, 2538531.170816677156836 ], [ 2694181.688608293421566, 2538608.012551650870591 ], [ 2694104.846514895092696, 2538608.012551650870591 ], [ 2694028.004421496298164, 2538608.012551650870591 ], [ 2693951.162328097503632, 2538608.012551650870591 ], [ 2693951.162328097503632, 2538684.855887760408223 ], [ 2693951.162328097503632, 2538761.699223870411515 ], [ 2693874.318633588496596, 2538761.699223870411515 ], [ 2693874.318633588496596, 2538838.542559980414808 ], [ 2693874.318633588496596, 2538915.384294953662902 ], [ 2693874.318633588496596, 2538992.227631063666195 ], [ 2693951.162328097503632, 2538992.227631063666195 ], [ 2693951.162328097503632, 2539069.070967173669487 ], [ 2694028.004421496298164, 2539069.070967173669487 ], [ 2694028.004421496298164, 2539145.912702146917582 ], [ 2694028.004421496298164, 2539222.756038256920874 ], [ 2693951.162328097503632, 2539222.756038256920874 ], [ 2694028.004421496298164, 2539222.756038256920874 ], [ 2694028.004421496298164, 2539299.599374366924167 ], [ 2693951.162328097503632, 2539299.599374366924167 ], [ 2693951.162328097503632, 2539376.442710476461798 ], [ 2694028.004421496298164, 2539376.442710476461798 ], [ 2694104.846514895092696, 2539376.442710476461798 ], [ 2694181.688608293421566, 2539453.284445450175554 ], [ 2694258.530701692216098, 2539453.284445450175554 ], [ 2694258.530701692216098, 2539530.127781560178846 ], [ 2694335.372795090544969, 2539530.127781560178846 ], [ 2694335.372795090544969, 2539606.971117669716477 ], [ 2694412.216489599552006, 2539606.971117669716477 ], [ 2694489.058582998346537, 2539683.81445377971977 ], [ 2694565.900676396675408, 2539683.81445377971977 ], [ 2694565.900676396675408, 2539606.971117669716477 ], [ 2694642.74276979546994, 2539606.971117669716477 ], [ 2694642.74276979546994, 2539683.81445377971977 ], [ 2694719.58486319379881, 2539606.971117669716477 ], [ 2694796.428557702805847, 2539606.971117669716477 ], [ 2694796.428557702805847, 2539683.81445377971977 ], [ 2694873.270651101600379, 2539683.81445377971977 ], [ 2694873.270651101600379, 2539760.656188753433526 ], [ 2694873.270651101600379, 2539837.499524862971157 ], [ 2694873.270651101600379, 2539914.342860972974449 ], [ 2694796.428557702805847, 2539914.342860972974449 ], [ 2694796.428557702805847, 2539991.186197082977742 ], [ 2694719.58486319379881, 2539991.186197082977742 ], [ 2694719.58486319379881, 2540068.027932056225836 ], [ 2694642.74276979546994, 2540068.027932056225836 ], [ 2694642.74276979546994, 2540144.871268166229129 ], [ 2694719.58486319379881, 2540144.871268166229129 ], [ 2694719.58486319379881, 2540221.714604276232421 ], [ 2694719.58486319379881, 2540298.556339249480516 ], [ 2694719.58486319379881, 2540375.399675359483808 ], [ 2694719.58486319379881, 2540452.243011469487101 ], [ 2694796.428557702805847, 2540452.243011469487101 ], [ 2694796.428557702805847, 2540529.086347579490393 ], [ 2694796.428557702805847, 2540605.928082552738488 ], [ 2694719.58486319379881, 2540605.928082552738488 ], [ 2694719.58486319379881, 2540682.77141866274178 ], [ 2694719.58486319379881, 2540759.614754772745073 ], [ 2694642.74276979546994, 2540759.614754772745073 ], [ 2694642.74276979546994, 2540836.458090882282704 ], [ 2694642.74276979546994, 2540913.29982585599646 ], [ 2694565.900676396675408, 2540990.143161965999752 ], [ 2694565.900676396675408, 2541066.986498075537384 ], [ 2694565.900676396675408, 2541143.829834185540676 ], [ 2694565.900676396675408, 2541220.671569159254432 ], [ 2694565.900676396675408, 2541297.514905268792063 ], [ 2694565.900676396675408, 2541374.358241378795356 ], [ 2694565.900676396675408, 2541451.199976352509111 ], [ 2694565.900676396675408, 2541528.043312462046742 ], [ 2694489.058582998346537, 2541528.043312462046742 ], [ 2694489.058582998346537, 2541604.886648572050035 ], [ 2694412.216489599552006, 2541681.729984682053328 ], [ 2694412.216489599552006, 2541758.571719655301422 ], [ 2694335.372795090544969, 2541758.571719655301422 ], [ 2694335.372795090544969, 2541835.415055765304714 ], [ 2694258.530701692216098, 2541835.415055765304714 ], [ 2694258.530701692216098, 2541912.258391875308007 ], [ 2694258.530701692216098, 2541989.101727984845638 ], [ 2694258.530701692216098, 2542065.943462958559394 ], [ 2694258.530701692216098, 2542142.786799068562686 ], [ 2694258.530701692216098, 2542219.630135178100318 ], [ 2694258.530701692216098, 2542296.471870151814073 ], [ 2694258.530701692216098, 2542373.315206261817366 ], [ 2694181.688608293421566, 2542373.315206261817366 ], [ 2694181.688608293421566, 2542450.158542371354997 ], [ 2694181.688608293421566, 2542527.00187848135829 ], [ 2694181.688608293421566, 2542603.843613455072045 ], [ 2694181.688608293421566, 2542680.686949564609677 ], [ 2694181.688608293421566, 2542757.530285674612969 ], [ 2694181.688608293421566, 2542834.373621784616262 ], [ 2694181.688608293421566, 2542911.215356757864356 ], [ 2694181.688608293421566, 2542988.058692867867649 ], [ 2694181.688608293421566, 2543064.902028977870941 ], [ 2694104.846514895092696, 2543141.745365087874234 ], [ 2694104.846514895092696, 2543218.587100061122328 ], [ 2694104.846514895092696, 2543295.430436171125621 ], [ 2694104.846514895092696, 2543372.273772281128913 ], [ 2694028.004421496298164, 2543372.273772281128913 ], [ 2694028.004421496298164, 2543449.115507254377007 ], [ 2694028.004421496298164, 2543525.9588433643803 ], [ 2694028.004421496298164, 2543602.802179474383593 ], [ 2693951.162328097503632, 2543602.802179474383593 ], [ 2693951.162328097503632, 2543679.645515583921224 ], [ 2693951.162328097503632, 2543756.487250557634979 ], [ 2693874.318633588496596, 2543756.487250557634979 ], [ 2693797.476540190167725, 2543756.487250557634979 ], [ 2693720.634446791373193, 2543756.487250557634979 ], [ 2693643.792353393044323, 2543756.487250557634979 ], [ 2693566.950259994249791, 2543756.487250557634979 ], [ 2693566.950259994249791, 2543833.330586667638272 ], [ 2693490.106565485242754, 2543833.330586667638272 ], [ 2693490.106565485242754, 2543910.173922777175903 ], [ 2693413.264472086913884, 2543910.173922777175903 ], [ 2693336.422378688119352, 2543910.173922777175903 ], [ 2693336.422378688119352, 2543987.017258887179196 ], [ 2693336.422378688119352, 2544063.858993860892951 ], [ 2693413.264472086913884, 2544063.858993860892951 ], [ 2693413.264472086913884, 2544140.702329970430583 ], [ 2693413.264472086913884, 2544217.545666080433875 ], [ 2693413.264472086913884, 2544294.389002190437168 ], [ 2693490.106565485242754, 2544294.389002190437168 ], [ 2693490.106565485242754, 2544217.545666080433875 ], [ 2693566.950259994249791, 2544217.545666080433875 ], [ 2693566.950259994249791, 2544140.702329970430583 ], [ 2693643.792353393044323, 2544217.545666080433875 ], [ 2693566.950259994249791, 2544294.389002190437168 ], [ 2693566.950259994249791, 2544371.230737163685262 ], [ 2693566.950259994249791, 2544448.074073273688555 ], [ 2693643.792353393044323, 2544448.074073273688555 ], [ 2693643.792353393044323, 2544524.917409383691847 ], [ 2693643.792353393044323, 2544601.759144356939942 ], [ 2693720.634446791373193, 2544601.759144356939942 ], [ 2693720.634446791373193, 2544678.602480466943234 ], [ 2693720.634446791373193, 2544755.445816576946527 ], [ 2693797.476540190167725, 2544755.445816576946527 ], [ 2693797.476540190167725, 2544832.289152686484158 ], [ 2693720.634446791373193, 2544832.289152686484158 ], [ 2693720.634446791373193, 2544909.130887660197914 ], [ 2693643.792353393044323, 2544909.130887660197914 ], [ 2693643.792353393044323, 2544985.974223770201206 ], [ 2693643.792353393044323, 2545062.817559879738837 ], [ 2693643.792353393044323, 2545139.66089598974213 ], [ 2693643.792353393044323, 2545216.502630963455886 ], [ 2693643.792353393044323, 2545293.345967072993517 ], [ 2693566.950259994249791, 2545293.345967072993517 ], [ 2693566.950259994249791, 2545216.502630963455886 ], [ 2693490.106565485242754, 2545216.502630963455886 ], [ 2693490.106565485242754, 2545293.345967072993517 ], [ 2693413.264472086913884, 2545293.345967072993517 ], [ 2693413.264472086913884, 2545370.189303182996809 ], [ 2693413.264472086913884, 2545447.031038156710565 ], [ 2693413.264472086913884, 2545523.874374266248196 ], [ 2693413.264472086913884, 2545600.717710376251489 ], [ 2693336.422378688119352, 2545600.717710376251489 ], [ 2693259.580285289790481, 2545677.561046486254781 ], [ 2693259.580285289790481, 2545754.402781459502876 ], [ 2693182.73819189099595, 2545754.402781459502876 ], [ 2693182.73819189099595, 2545831.246117569506168 ], [ 2693105.894497381988913, 2545831.246117569506168 ], [ 2693029.052403983660042, 2545831.246117569506168 ], [ 2693029.052403983660042, 2545908.089453679509461 ], [ 2693029.052403983660042, 2545984.932789789512753 ], [ 2693029.052403983660042, 2546061.774524762760848 ], [ 2692952.21031058486551, 2546061.774524762760848 ], [ 2692952.21031058486551, 2546138.61786087276414 ], [ 2692875.36821718653664, 2546138.61786087276414 ], [ 2692798.526123787742108, 2546138.61786087276414 ], [ 2692721.684030389413238, 2546138.61786087276414 ], [ 2692644.84033587994054, 2546138.61786087276414 ], [ 2692567.998242481611669, 2546138.61786087276414 ], [ 2692491.156149082817137, 2546138.61786087276414 ], [ 2692414.314055684488267, 2546138.61786087276414 ], [ 2692337.471962285693735, 2546138.61786087276414 ], [ 2692260.628267776686698, 2546138.61786087276414 ], [ 2692260.628267776686698, 2546215.461196982767433 ], [ 2692260.628267776686698, 2546292.304533092305064 ], [ 2692260.628267776686698, 2546369.14626806601882 ], [ 2692260.628267776686698, 2546445.989604176022112 ], [ 2692260.628267776686698, 2546522.832940285559744 ], [ 2692260.628267776686698, 2546599.674675259273499 ], [ 2692260.628267776686698, 2546676.518011369276792 ], [ 2692183.786174378357828, 2546676.518011369276792 ], [ 2692183.786174378357828, 2546753.361347478814423 ], [ 2692106.944080979563296, 2546753.361347478814423 ], [ 2692106.944080979563296, 2546830.204683588817716 ], [ 2692030.101987581234425, 2546830.204683588817716 ], [ 2692030.101987581234425, 2546907.046418562531471 ], [ 2691953.259894182439893, 2546907.046418562531471 ], [ 2691953.259894182439893, 2546983.889754672069103 ], [ 2691876.416199673432857, 2547060.733090782072395 ], [ 2691799.574106275103986, 2547137.576426892075688 ], [ 2691722.732012876309454, 2547137.576426892075688 ], [ 2691645.889919477980584, 2547214.418161865323782 ], [ 2691569.047826079186052, 2547214.418161865323782 ], [ 2691492.205732680857182, 2547291.261497975327075 ], [ 2691415.362038171384484, 2547291.261497975327075 ], [ 2691338.519944773055613, 2547291.261497975327075 ], [ 2691261.677851374261081, 2547291.261497975327075 ], [ 2691261.677851374261081, 2547368.104834085330367 ], [ 2691184.835757975932211, 2547368.104834085330367 ], [ 2691107.993664577137679, 2547368.104834085330367 ], [ 2691107.993664577137679, 2547444.948170194867998 ], [ 2691031.149970068130642, 2547444.948170194867998 ], [ 2691031.149970068130642, 2547521.789905168581754 ], [ 2690954.307876669801772, 2547521.789905168581754 ], [ 2690877.46578327100724, 2547521.789905168581754 ], [ 2690800.623689872678369, 2547521.789905168581754 ], [ 2690800.623689872678369, 2547598.633241278585047 ], [ 2690723.781596473883837, 2547598.633241278585047 ], [ 2690723.781596473883837, 2547521.789905168581754 ], [ 2690646.937901964876801, 2547521.789905168581754 ], [ 2690570.09580856654793, 2547521.789905168581754 ], [ 2690493.253715167753398, 2547521.789905168581754 ], [ 2690416.411621769424528, 2547521.789905168581754 ], [ 2690416.411621769424528, 2547598.633241278585047 ], [ 2690339.569528370629996, 2547598.633241278585047 ], [ 2690262.727434972301126, 2547675.476577388122678 ], [ 2690262.727434972301126, 2547829.161648471839726 ], [ 2690339.569528370629996, 2547906.004984581377357 ], [ 2690339.569528370629996, 2547982.84832069138065 ], [ 2690339.569528370629996, 2548059.690055665094405 ], [ 2690339.569528370629996, 2548136.533391774632037 ], [ 2690339.569528370629996, 2548213.376727884635329 ], [ 2690339.569528370629996, 2548290.220063994638622 ], [ 2690416.411621769424528, 2548367.061798967886716 ], [ 2690416.411621769424528, 2548443.905135077890009 ], [ 2690416.411621769424528, 2548520.748471187893301 ], [ 2690416.411621769424528, 2548597.590206161141396 ], [ 2690339.569528370629996, 2548597.590206161141396 ], [ 2690339.569528370629996, 2548674.433542271144688 ], [ 2690339.569528370629996, 2548828.120214491151273 ], [ 2690339.569528370629996, 2548904.961949464399368 ], [ 2690416.411621769424528, 2548904.961949464399368 ], [ 2690416.411621769424528, 2548981.80528557440266 ], [ 2690416.411621769424528, 2549058.648621684405953 ], [ 2690416.411621769424528, 2549135.491957793943584 ], [ 2690416.411621769424528, 2549212.33369276765734 ], [ 2690416.411621769424528, 2549289.177028877660632 ], [ 2690493.253715167753398, 2549289.177028877660632 ], [ 2690493.253715167753398, 2549366.020364987198263 ], [ 2690493.253715167753398, 2549442.863701097201556 ], [ 2690493.253715167753398, 2549519.705436070915312 ], [ 2690570.09580856654793, 2549519.705436070915312 ], [ 2690570.09580856654793, 2549596.548772180452943 ], [ 2690570.09580856654793, 2549673.392108290456235 ], [ 2690570.09580856654793, 2549750.233843264169991 ], [ 2690493.253715167753398, 2549750.233843264169991 ], [ 2690493.253715167753398, 2549827.077179373707622 ], [ 2690416.411621769424528, 2549827.077179373707622 ], [ 2690416.411621769424528, 2549903.920515483710915 ], [ 2690339.569528370629996, 2549903.920515483710915 ], [ 2690339.569528370629996, 2549980.763851593714207 ], [ 2690262.727434972301126, 2550057.605586566962302 ], [ 2690185.883740463294089, 2550057.605586566962302 ], [ 2690185.883740463294089, 2550134.448922676965594 ], [ 2690185.883740463294089, 2550211.292258786968887 ], [ 2690109.041647064499557, 2550211.292258786968887 ], [ 2690109.041647064499557, 2550288.135594896506518 ], [ 2690109.041647064499557, 2550364.977329870220274 ], [ 2690109.041647064499557, 2550441.820665980223566 ], [ 2690032.199553665705025, 2550441.820665980223566 ], [ 2690032.199553665705025, 2550518.664002089761198 ], [ 2689955.357460267376155, 2550672.349073173478246 ], [ 2689955.357460267376155, 2550749.192409283015877 ], [ 2689878.515366868581623, 2550749.192409283015877 ], [ 2689801.671672359574586, 2550749.192409283015877 ], [ 2689801.671672359574586, 2550826.03574539301917 ], [ 2689801.671672359574586, 2550902.877480366732925 ], [ 2689878.515366868581623, 2550979.720816476270556 ], [ 2689955.357460267376155, 2550979.720816476270556 ], [ 2690032.199553665705025, 2550979.720816476270556 ], [ 2690109.041647064499557, 2550979.720816476270556 ], [ 2690109.041647064499557, 2551056.564152586273849 ], [ 2690185.883740463294089, 2551056.564152586273849 ], [ 2690109.041647064499557, 2551133.407488696277142 ], [ 2690109.041647064499557, 2551056.564152586273849 ], [ 2690032.199553665705025, 2551056.564152586273849 ], [ 2689955.357460267376155, 2551133.407488696277142 ], [ 2689955.357460267376155, 2551210.249223669525236 ], [ 2689878.515366868581623, 2551210.249223669525236 ], [ 2689878.515366868581623, 2551133.407488696277142 ], [ 2689801.671672359574586, 2551133.407488696277142 ], [ 2689724.829578961245716, 2551133.407488696277142 ], [ 2689647.987485562451184, 2551133.407488696277142 ], [ 2689647.987485562451184, 2551210.249223669525236 ], [ 2689647.987485562451184, 2551287.092559779528528 ], [ 2689571.145392164122313, 2551363.935895889531821 ], [ 2689571.145392164122313, 2551440.779231999535114 ], [ 2689571.145392164122313, 2551517.620966972783208 ], [ 2689571.145392164122313, 2551594.4643030827865 ], [ 2689494.303298765327781, 2551671.307639192789793 ], [ 2689494.303298765327781, 2551748.149374166037887 ], [ 2689494.303298765327781, 2551824.99271027604118 ], [ 2689494.303298765327781, 2551901.836046386044472 ], [ 2689417.459604256320745, 2551901.836046386044472 ], [ 2689417.459604256320745, 2551978.679382495582104 ], [ 2689340.617510857991874, 2551978.679382495582104 ], [ 2689340.617510857991874, 2552055.521117469295859 ], [ 2689340.617510857991874, 2552132.364453579299152 ], [ 2689340.617510857991874, 2552209.207789688836783 ], [ 2689340.617510857991874, 2552286.051125798840076 ], [ 2689340.617510857991874, 2552362.892860772553831 ], [ 2689340.617510857991874, 2552439.736196882091463 ], [ 2689340.617510857991874, 2552516.579532992094755 ], [ 2689263.775417459197342, 2552516.579532992094755 ], [ 2689263.775417459197342, 2552593.422869102098048 ], [ 2689263.775417459197342, 2552670.264604075346142 ], [ 2689263.775417459197342, 2552747.107940185349435 ], [ 2689186.933324060868472, 2552823.951276295352727 ], [ 2689186.933324060868472, 2552900.793011268600821 ], [ 2689186.933324060868472, 2552977.636347378604114 ], [ 2689186.933324060868472, 2553054.479683488607407 ], [ 2689263.775417459197342, 2553054.479683488607407 ], [ 2689340.617510857991874, 2553054.479683488607407 ], [ 2689340.617510857991874, 2553131.323019598145038 ], [ 2689417.459604256320745, 2553131.323019598145038 ], [ 2689417.459604256320745, 2553208.164754571858793 ], [ 2689494.303298765327781, 2553285.008090681862086 ], [ 2689571.145392164122313, 2553285.008090681862086 ], [ 2689647.987485562451184, 2553361.851426791399717 ], [ 2689724.829578961245716, 2553361.851426791399717 ], [ 2689647.987485562451184, 2553361.851426791399717 ], [ 2689571.145392164122313, 2553361.851426791399717 ], [ 2689494.303298765327781, 2553361.851426791399717 ], [ 2689494.303298765327781, 2553438.69476290140301 ], [ 2689417.459604256320745, 2553438.69476290140301 ], [ 2689340.617510857991874, 2553438.69476290140301 ], [ 2689340.617510857991874, 2553515.536497875116765 ], [ 2689340.617510857991874, 2553592.379833984654397 ], [ 2689263.775417459197342, 2553592.379833984654397 ], [ 2689263.775417459197342, 2553669.223170094657689 ], [ 2689263.775417459197342, 2553822.908241177909076 ], [ 2689263.775417459197342, 2553899.751577287912369 ], [ 2689186.933324060868472, 2553899.751577287912369 ], [ 2689110.09123066207394, 2553899.751577287912369 ], [ 2689033.24913726374507, 2553899.751577287912369 ], [ 2689033.24913726374507, 2553976.594913397915661 ], [ 2688956.405442754738033, 2554053.436648371163756 ], [ 2688956.405442754738033, 2554130.279984481167048 ], [ 2689033.24913726374507, 2554130.279984481167048 ], [ 2689033.24913726374507, 2554207.123320591170341 ], [ 2689033.24913726374507, 2554283.966656701173633 ], [ 2688956.405442754738033, 2554360.808391674421728 ], [ 2688879.563349355943501, 2554360.808391674421728 ], [ 2688879.563349355943501, 2554437.65172778442502 ], [ 2688956.405442754738033, 2554514.495063894428313 ], [ 2688956.405442754738033, 2554591.338400003965944 ], [ 2688879.563349355943501, 2554668.1801349776797 ], [ 2688802.721255957148969, 2554668.1801349776797 ], [ 2688802.721255957148969, 2554745.023471087682992 ], [ 2688725.879162558820099, 2554745.023471087682992 ], [ 2688725.879162558820099, 2554821.866807197220623 ], [ 2688802.721255957148969, 2554821.866807197220623 ], [ 2688802.721255957148969, 2554898.708542170934379 ], [ 2688802.721255957148969, 2554975.551878280937672 ], [ 2688879.563349355943501, 2554975.551878280937672 ], [ 2688879.563349355943501, 2555052.395214390475303 ], [ 2688956.405442754738033, 2555052.395214390475303 ], [ 2689033.24913726374507, 2555129.238550500478595 ], [ 2689110.09123066207394, 2555206.080285474192351 ], [ 2689186.933324060868472, 2555206.080285474192351 ], [ 2689263.775417459197342, 2555282.923621583729982 ], [ 2689340.617510857991874, 2555282.923621583729982 ], [ 2689340.617510857991874, 2555359.766957693733275 ], [ 2689263.775417459197342, 2555359.766957693733275 ], [ 2689186.933324060868472, 2555359.766957693733275 ], [ 2689110.09123066207394, 2555436.610293803736567 ], [ 2689033.24913726374507, 2555436.610293803736567 ], [ 2688956.405442754738033, 2555436.610293803736567 ], [ 2688956.405442754738033, 2555513.452028776984662 ], [ 2688956.405442754738033, 2555590.295364886987954 ], [ 2688879.563349355943501, 2555590.295364886987954 ], [ 2688879.563349355943501, 2555667.138700996991247 ], [ 2688956.405442754738033, 2555743.982037106528878 ], [ 2688879.563349355943501, 2555743.982037106528878 ], [ 2688879.563349355943501, 2555820.823772080242634 ], [ 2688879.563349355943501, 2555897.667108190245926 ], [ 2688956.405442754738033, 2555897.667108190245926 ], [ 2688956.405442754738033, 2555974.510444299783558 ], [ 2689033.24913726374507, 2555974.510444299783558 ], [ 2689033.24913726374507, 2556051.352179273497313 ], [ 2689033.24913726374507, 2556128.195515383500606 ], [ 2689033.24913726374507, 2556205.038851493038237 ], [ 2689033.24913726374507, 2556281.88218760304153 ], [ 2689033.24913726374507, 2556358.723922576755285 ], [ 2689033.24913726374507, 2556435.567258686292917 ], [ 2689110.09123066207394, 2556435.567258686292917 ], [ 2689186.933324060868472, 2556512.410594796296209 ], [ 2689186.933324060868472, 2556589.253930906299502 ], [ 2689263.775417459197342, 2556589.253930906299502 ], [ 2689340.617510857991874, 2556589.253930906299502 ], [ 2689417.459604256320745, 2556666.095665879547596 ], [ 2689417.459604256320745, 2556589.253930906299502 ], [ 2689494.303298765327781, 2556589.253930906299502 ], [ 2689494.303298765327781, 2556512.410594796296209 ], [ 2689571.145392164122313, 2556512.410594796296209 ], [ 2689571.145392164122313, 2556589.253930906299502 ], [ 2689647.987485562451184, 2556666.095665879547596 ], [ 2689724.829578961245716, 2556742.939001989550889 ], [ 2689801.671672359574586, 2556742.939001989550889 ], [ 2689801.671672359574586, 2556819.782338099554181 ], [ 2689801.671672359574586, 2556896.625674209557474 ], [ 2689801.671672359574586, 2556973.467409182805568 ], [ 2689801.671672359574586, 2557050.310745292808861 ], [ 2689801.671672359574586, 2557127.154081402812153 ], [ 2689801.671672359574586, 2557203.995816376060247 ], [ 2689878.515366868581623, 2557203.995816376060247 ], [ 2689955.357460267376155, 2557127.154081402812153 ], [ 2690032.199553665705025, 2557050.310745292808861 ], [ 2690109.041647064499557, 2556973.467409182805568 ], [ 2690185.883740463294089, 2556973.467409182805568 ], [ 2690262.727434972301126, 2556973.467409182805568 ], [ 2690262.727434972301126, 2556896.625674209557474 ], [ 2690339.569528370629996, 2556896.625674209557474 ], [ 2690416.411621769424528, 2556896.625674209557474 ], [ 2690493.253715167753398, 2556896.625674209557474 ], [ 2690493.253715167753398, 2556973.467409182805568 ], [ 2690416.411621769424528, 2556973.467409182805568 ], [ 2690339.569528370629996, 2557050.310745292808861 ], [ 2690262.727434972301126, 2557050.310745292808861 ], [ 2690262.727434972301126, 2557127.154081402812153 ], [ 2690185.883740463294089, 2557127.154081402812153 ], [ 2690185.883740463294089, 2557203.995816376060247 ], [ 2690109.041647064499557, 2557280.83915248606354 ], [ 2690109.041647064499557, 2557357.682488596066833 ], [ 2690109.041647064499557, 2557434.525824705604464 ], [ 2690109.041647064499557, 2557511.367559679318219 ], [ 2690109.041647064499557, 2557588.210895789321512 ], [ 2690109.041647064499557, 2557665.054231898859143 ], [ 2690109.041647064499557, 2557741.897568008862436 ], [ 2690109.041647064499557, 2557818.739302982576191 ], [ 2690032.199553665705025, 2557895.582639092113823 ], [ 2690109.041647064499557, 2557972.425975202117115 ], [ 2690109.041647064499557, 2558049.267710175830871 ], [ 2690185.883740463294089, 2558049.267710175830871 ], [ 2690185.883740463294089, 2558126.111046285368502 ], [ 2690262.727434972301126, 2558202.954382395371795 ], [ 2690262.727434972301126, 2558279.797718505375087 ], [ 2690339.569528370629996, 2558279.797718505375087 ], [ 2690339.569528370629996, 2558356.639453478623182 ], [ 2690339.569528370629996, 2558433.482789588626474 ], [ 2690339.569528370629996, 2558510.326125698629767 ], [ 2690339.569528370629996, 2558587.169461808167398 ], [ 2690339.569528370629996, 2558664.011196781881154 ], [ 2690339.569528370629996, 2558740.854532891884446 ], [ 2690339.569528370629996, 2558817.697869001422077 ], [ 2690339.569528370629996, 2558894.54120511142537 ], [ 2690262.727434972301126, 2558894.54120511142537 ], [ 2690262.727434972301126, 2558971.382940085139126 ], [ 2690339.569528370629996, 2558971.382940085139126 ], [ 2690339.569528370629996, 2559048.226276194676757 ], [ 2690339.569528370629996, 2559125.069612304680049 ], [ 2690416.411621769424528, 2559125.069612304680049 ], [ 2690493.253715167753398, 2559125.069612304680049 ], [ 2690570.09580856654793, 2559125.069612304680049 ], [ 2690646.937901964876801, 2559048.226276194676757 ], [ 2690723.781596473883837, 2558894.54120511142537 ], [ 2690800.623689872678369, 2558817.697869001422077 ], [ 2690877.46578327100724, 2558740.854532891884446 ], [ 2690954.307876669801772, 2558740.854532891884446 ], [ 2691031.149970068130642, 2558740.854532891884446 ], [ 2691107.993664577137679, 2558740.854532891884446 ], [ 2691184.835757975932211, 2558740.854532891884446 ], [ 2691261.677851374261081, 2558740.854532891884446 ], [ 2691338.519944773055613, 2558740.854532891884446 ], [ 2691492.205732680857182, 2558740.854532891884446 ], [ 2691569.047826079186052, 2558664.011196781881154 ], [ 2691645.889919477980584, 2558664.011196781881154 ], [ 2691722.732012876309454, 2558664.011196781881154 ], [ 2691876.416199673432857, 2558740.854532891884446 ], [ 2691953.259894182439893, 2558740.854532891884446 ], [ 2692030.101987581234425, 2558740.854532891884446 ], [ 2692106.944080979563296, 2558740.854532891884446 ], [ 2692183.786174378357828, 2558740.854532891884446 ], [ 2692260.628267776686698, 2558817.697869001422077 ], [ 2692337.471962285693735, 2558817.697869001422077 ], [ 2692337.471962285693735, 2558894.54120511142537 ], [ 2692337.471962285693735, 2558971.382940085139126 ], [ 2692337.471962285693735, 2559048.226276194676757 ], [ 2692260.628267776686698, 2559048.226276194676757 ], [ 2692260.628267776686698, 2559125.069612304680049 ], [ 2692183.786174378357828, 2559125.069612304680049 ], [ 2692183.786174378357828, 2559201.911347278393805 ], [ 2692106.944080979563296, 2559201.911347278393805 ], [ 2692030.101987581234425, 2559278.754683387931436 ], [ 2691953.259894182439893, 2559278.754683387931436 ], [ 2691953.259894182439893, 2559355.598019497934729 ], [ 2692030.101987581234425, 2559355.598019497934729 ], [ 2692106.944080979563296, 2559355.598019497934729 ], [ 2692106.944080979563296, 2559432.441355607938021 ], [ 2692183.786174378357828, 2559432.441355607938021 ], [ 2692260.628267776686698, 2559432.441355607938021 ], [ 2692260.628267776686698, 2559509.283090581186116 ], [ 2692260.628267776686698, 2559586.126426691189408 ], [ 2692260.628267776686698, 2559662.969762801192701 ], [ 2692260.628267776686698, 2559739.813098911195993 ], [ 2692260.628267776686698, 2559816.654833884444088 ], [ 2692260.628267776686698, 2559893.49816999444738 ], [ 2692337.471962285693735, 2559893.49816999444738 ], [ 2692414.314055684488267, 2559893.49816999444738 ], [ 2692491.156149082817137, 2559893.49816999444738 ], [ 2692567.998242481611669, 2559970.341506104450673 ], [ 2692644.84033587994054, 2559970.341506104450673 ], [ 2692721.684030389413238, 2559970.341506104450673 ], [ 2692798.526123787742108, 2560047.184842213988304 ], [ 2692875.36821718653664, 2560124.02657718770206 ], [ 2692875.36821718653664, 2560200.869913297705352 ], [ 2692875.36821718653664, 2560277.713249407242984 ], [ 2692952.21031058486551, 2560277.713249407242984 ], [ 2692952.21031058486551, 2560354.554984380956739 ], [ 2692875.36821718653664, 2560354.554984380956739 ], [ 2692875.36821718653664, 2560431.398320490960032 ], [ 2692798.526123787742108, 2560431.398320490960032 ], [ 2692798.526123787742108, 2560508.241656600497663 ], [ 2692798.526123787742108, 2560585.084992710500956 ], [ 2692721.684030389413238, 2560661.926727684214711 ], [ 2692721.684030389413238, 2560738.770063793752342 ], [ 2692721.684030389413238, 2560815.613399903755635 ], [ 2692798.526123787742108, 2560815.613399903755635 ], [ 2692875.36821718653664, 2560892.456736013758928 ], [ 2692875.36821718653664, 2560969.298470987007022 ], [ 2692875.36821718653664, 2561046.141807097010314 ], [ 2692875.36821718653664, 2561122.985143207013607 ], [ 2692875.36821718653664, 2561199.826878180261701 ], [ 2692875.36821718653664, 2561276.670214290264994 ], [ 2692875.36821718653664, 2561353.513550400268286 ], [ 2692952.21031058486551, 2561353.513550400268286 ], [ 2693029.052403983660042, 2561353.513550400268286 ], [ 2693029.052403983660042, 2561430.356886509805918 ], [ 2693105.894497381988913, 2561507.198621483519673 ], [ 2693105.894497381988913, 2561584.041957593522966 ], [ 2693182.73819189099595, 2561584.041957593522966 ], [ 2693182.73819189099595, 2561660.885293703060597 ], [ 2693259.580285289790481, 2561660.885293703060597 ], [ 2693336.422378688119352, 2561660.885293703060597 ], [ 2693336.422378688119352, 2561737.72862981306389 ], [ 2693413.264472086913884, 2561891.413700896315277 ], [ 2693490.106565485242754, 2561968.257037006318569 ], [ 2693490.106565485242754, 2562045.100373116321862 ], [ 2693490.106565485242754, 2562121.942108089569956 ], [ 2693490.106565485242754, 2562198.785444199573249 ], [ 2693413.264472086913884, 2562275.628780309576541 ], [ 2693413.264472086913884, 2562352.470515282824636 ], [ 2693413.264472086913884, 2562429.313851392827928 ], [ 2693413.264472086913884, 2562506.157187502831221 ], [ 2693336.422378688119352, 2562583.000523612834513 ], [ 2693259.580285289790481, 2562659.842258586082608 ], [ 2693336.422378688119352, 2562736.6855946960859 ], [ 2693336.422378688119352, 2562813.528930806089193 ], [ 2693490.106565485242754, 2562813.528930806089193 ], [ 2693490.106565485242754, 2562890.372266915626824 ], [ 2693566.950259994249791, 2562890.372266915626824 ], [ 2693566.950259994249791, 2562967.21400188934058 ], [ 2693643.792353393044323, 2563044.057337999343872 ], [ 2693643.792353393044323, 2563120.900674108881503 ], [ 2693566.950259994249791, 2563197.744010218884796 ], [ 2693566.950259994249791, 2563274.585745192598552 ], [ 2693566.950259994249791, 2563351.429081302136183 ], [ 2693490.106565485242754, 2563428.272417412139475 ], [ 2693413.264472086913884, 2563505.114152385853231 ], [ 2693413.264472086913884, 2563581.957488495390862 ], [ 2693490.106565485242754, 2563581.957488495390862 ], [ 2693490.106565485242754, 2563658.800824605394155 ], [ 2693566.950259994249791, 2563658.800824605394155 ], [ 2693643.792353393044323, 2563658.800824605394155 ], [ 2693720.634446791373193, 2563658.800824605394155 ], [ 2693720.634446791373193, 2563735.644160715397447 ], [ 2693797.476540190167725, 2563735.644160715397447 ], [ 2693874.318633588496596, 2563812.485895688645542 ], [ 2693951.162328097503632, 2563966.172567908652127 ], [ 2693951.162328097503632, 2564043.015904018189758 ], [ 2693874.318633588496596, 2564119.857638991903514 ], [ 2693874.318633588496596, 2564196.700975101906806 ], [ 2693874.318633588496596, 2564273.544311211444438 ], [ 2693874.318633588496596, 2564350.386046185158193 ], [ 2693797.476540190167725, 2564427.229382295161486 ], [ 2693797.476540190167725, 2564504.072718404699117 ], [ 2693720.634446791373193, 2564580.91605451470241 ], [ 2693643.792353393044323, 2564657.757789488416165 ], [ 2693643.792353393044323, 2564734.601125597953796 ], [ 2693643.792353393044323, 2564811.444461707957089 ], [ 2693720.634446791373193, 2564811.444461707957089 ], [ 2693797.476540190167725, 2564811.444461707957089 ], [ 2693874.318633588496596, 2564888.287797817960382 ], [ 2693874.318633588496596, 2564965.129532791208476 ], [ 2693874.318633588496596, 2565041.972868901211768 ], [ 2693951.162328097503632, 2565041.972868901211768 ], [ 2693951.162328097503632, 2565118.816205011215061 ], [ 2693874.318633588496596, 2565195.659541121218354 ], [ 2693874.318633588496596, 2565272.501276094466448 ], [ 2693874.318633588496596, 2565349.34461220446974 ], [ 2694028.004421496298164, 2565349.34461220446974 ], [ 2694104.846514895092696, 2565349.34461220446974 ], [ 2694181.688608293421566, 2565272.501276094466448 ], [ 2694181.688608293421566, 2565349.34461220446974 ], [ 2694258.530701692216098, 2565349.34461220446974 ], [ 2694258.530701692216098, 2565426.187948314473033 ], [ 2694258.530701692216098, 2565503.029683287721127 ], [ 2694258.530701692216098, 2565579.87301939772442 ], [ 2694258.530701692216098, 2565656.716355507727712 ], [ 2694258.530701692216098, 2565733.559691617265344 ], [ 2694258.530701692216098, 2565810.401426590979099 ], [ 2694258.530701692216098, 2565887.244762700982392 ], [ 2694258.530701692216098, 2566040.931434920523316 ], [ 2694181.688608293421566, 2566040.931434920523316 ], [ 2694181.688608293421566, 2566194.616506003774703 ], [ 2694104.846514895092696, 2566271.459842113777995 ], [ 2694104.846514895092696, 2566348.303178223781288 ], [ 2694028.004421496298164, 2566425.144913197029382 ], [ 2694028.004421496298164, 2566501.988249307032675 ], [ 2694028.004421496298164, 2566578.831585417035967 ], [ 2693951.162328097503632, 2566655.673320390284061 ], [ 2693951.162328097503632, 2566732.516656500287354 ], [ 2693874.318633588496596, 2566809.359992610290647 ], [ 2693951.162328097503632, 2566809.359992610290647 ], [ 2693951.162328097503632, 2566886.203328719828278 ], [ 2693951.162328097503632, 2566963.045063693542033 ], [ 2693951.162328097503632, 2567039.888399803545326 ], [ 2694028.004421496298164, 2567116.731735913082957 ], [ 2694104.846514895092696, 2567193.57507202308625 ], [ 2694181.688608293421566, 2567193.57507202308625 ], [ 2694181.688608293421566, 2567270.416806996800005 ], [ 2694181.688608293421566, 2567347.260143106337637 ], [ 2694258.530701692216098, 2567347.260143106337637 ], [ 2694335.372795090544969, 2567424.103479216340929 ], [ 2694412.216489599552006, 2567424.103479216340929 ], [ 2694412.216489599552006, 2567500.945214190054685 ], [ 2694412.216489599552006, 2567577.788550299592316 ], [ 2694335.372795090544969, 2567577.788550299592316 ], [ 2694335.372795090544969, 2567654.631886409595609 ], [ 2694335.372795090544969, 2567731.475222519598901 ], [ 2694335.372795090544969, 2567808.316957492846996 ], [ 2694335.372795090544969, 2567885.160293602850288 ], [ 2694412.216489599552006, 2567885.160293602850288 ], [ 2694412.216489599552006, 2567962.003629712853581 ], [ 2694412.216489599552006, 2568038.846965822856873 ], [ 2694412.216489599552006, 2568115.688700796104968 ], [ 2694489.058582998346537, 2568115.688700796104968 ], [ 2694489.058582998346537, 2568192.53203690610826 ], [ 2694412.216489599552006, 2568269.375373016111553 ], [ 2694412.216489599552006, 2568346.218709125649184 ], [ 2694335.372795090544969, 2568346.218709125649184 ], [ 2694335.372795090544969, 2568423.06044409936294 ], [ 2694335.372795090544969, 2568499.903780209366232 ], [ 2694412.216489599552006, 2568499.903780209366232 ], [ 2694412.216489599552006, 2568576.747116318903863 ], [ 2694412.216489599552006, 2568653.588851292617619 ], [ 2694489.058582998346537, 2568653.588851292617619 ], [ 2694489.058582998346537, 2568730.432187402620912 ], [ 2694489.058582998346537, 2568807.275523512158543 ], [ 2694412.216489599552006, 2568807.275523512158543 ], [ 2694412.216489599552006, 2568884.118859622161835 ], [ 2694489.058582998346537, 2568884.118859622161835 ], [ 2694565.900676396675408, 2568884.118859622161835 ], [ 2694642.74276979546994, 2568884.118859622161835 ], [ 2694719.58486319379881, 2568884.118859622161835 ], [ 2694796.428557702805847, 2568884.118859622161835 ], [ 2694796.428557702805847, 2568807.275523512158543 ], [ 2694873.270651101600379, 2568807.275523512158543 ], [ 2694950.112744499929249, 2568807.275523512158543 ], [ 2694950.112744499929249, 2568730.432187402620912 ], [ 2695026.954837898723781, 2568730.432187402620912 ], [ 2695103.796931297052652, 2568730.432187402620912 ], [ 2695103.796931297052652, 2568653.588851292617619 ], [ 2695180.639024695847183, 2568653.588851292617619 ], [ 2695257.48271920485422, 2568653.588851292617619 ], [ 2695334.324812603648752, 2568576.747116318903863 ], [ 2695411.166906001977623, 2568576.747116318903863 ], [ 2695411.166906001977623, 2568653.588851292617619 ], [ 2695411.166906001977623, 2568730.432187402620912 ], [ 2695411.166906001977623, 2568807.275523512158543 ], [ 2695334.324812603648752, 2568884.118859622161835 ], [ 2695334.324812603648752, 2568960.960594595875591 ], [ 2695334.324812603648752, 2569037.803930705413222 ], [ 2695411.166906001977623, 2569037.803930705413222 ], [ 2695488.008999400772154, 2569037.803930705413222 ], [ 2695564.851092799101025, 2569037.803930705413222 ], [ 2695564.851092799101025, 2569114.647266815416515 ], [ 2695564.851092799101025, 2569191.490602925419807 ], [ 2695564.851092799101025, 2569268.332337898667902 ], [ 2695641.694787308108062, 2569268.332337898667902 ], [ 2695718.536880706902593, 2569268.332337898667902 ], [ 2695718.536880706902593, 2569345.175674008671194 ], [ 2695795.378974105231464, 2569345.175674008671194 ], [ 2695872.221067504025996, 2569345.175674008671194 ], [ 2695949.063160902354866, 2569345.175674008671194 ], [ 2695949.063160902354866, 2569422.019010118674487 ], [ 2696025.906855411361903, 2569422.019010118674487 ], [ 2696025.906855411361903, 2569498.862346228212118 ], [ 2696025.906855411361903, 2569575.704081201925874 ], [ 2696025.906855411361903, 2569652.547417311929166 ], [ 2696102.748948810156435, 2569729.390753421466798 ], [ 2696102.748948810156435, 2569806.232488395180553 ], [ 2696179.591042208485305, 2569806.232488395180553 ], [ 2696179.591042208485305, 2569883.075824505183846 ], [ 2696256.433135607279837, 2569883.075824505183846 ], [ 2696256.433135607279837, 2569959.919160614721477 ], [ 2696333.275229005608708, 2570036.76249672472477 ], [ 2696410.117322404403239, 2570113.604231698438525 ], [ 2696410.117322404403239, 2570190.447567807976156 ], [ 2696486.961016913410276, 2570190.447567807976156 ], [ 2696563.803110311739147, 2570267.290903917979449 ], [ 2696640.645203710533679, 2570344.134240027982742 ], [ 2696640.645203710533679, 2570420.975975001230836 ], [ 2696717.48729710932821, 2570420.975975001230836 ], [ 2696717.48729710932821, 2570497.819311111234128 ], [ 2696794.329390507657081, 2570497.819311111234128 ], [ 2696871.173085016664118, 2570574.662647221237421 ], [ 2696948.015178415458649, 2570651.504382194485515 ], [ 2697024.85727181378752, 2570651.504382194485515 ], [ 2697024.85727181378752, 2570728.347718304488808 ], [ 2697101.699365212582052, 2570728.347718304488808 ], [ 2697101.699365212582052, 2570805.1910544144921 ], [ 2697178.541458610910922, 2570805.1910544144921 ], [ 2697178.541458610910922, 2570882.034390524495393 ], [ 2697178.541458610910922, 2570958.876125497743487 ], [ 2697255.385153119917959, 2570958.876125497743487 ], [ 2697255.385153119917959, 2571035.71946160774678 ], [ 2697255.385153119917959, 2571112.562797717750072 ], [ 2697178.541458610910922, 2571112.562797717750072 ], [ 2697178.541458610910922, 2571189.406133827287704 ], [ 2697178.541458610910922, 2571266.247868801001459 ], [ 2697178.541458610910922, 2571343.091204911004752 ], [ 2697178.541458610910922, 2571419.934541020542383 ], [ 2697178.541458610910922, 2571496.777877130545676 ], [ 2697178.541458610910922, 2571573.619612104259431 ], [ 2697101.699365212582052, 2571650.462948213797063 ], [ 2697024.85727181378752, 2571727.306284323800355 ], [ 2697024.85727181378752, 2571804.148019297514111 ], [ 2697024.85727181378752, 2571880.991355407051742 ], [ 2697024.85727181378752, 2571957.834691517055035 ], [ 2697024.85727181378752, 2572034.678027627058327 ], [ 2697024.85727181378752, 2572111.519762600306422 ], [ 2696948.015178415458649, 2572111.519762600306422 ], [ 2696948.015178415458649, 2572188.363098710309714 ], [ 2696871.173085016664118, 2572188.363098710309714 ], [ 2696794.329390507657081, 2572265.206434820313007 ], [ 2696717.48729710932821, 2572265.206434820313007 ], [ 2696717.48729710932821, 2572342.049770929850638 ], [ 2696640.645203710533679, 2572342.049770929850638 ], [ 2696640.645203710533679, 2572418.891505903564394 ], [ 2696563.803110311739147, 2572418.891505903564394 ], [ 2696563.803110311739147, 2572495.734842013567686 ], [ 2696563.803110311739147, 2572572.578178123105317 ], [ 2696486.961016913410276, 2572572.578178123105317 ], [ 2696486.961016913410276, 2572649.42151423310861 ], [ 2696410.117322404403239, 2572649.42151423310861 ], [ 2696410.117322404403239, 2572726.263249206822366 ], [ 2696333.275229005608708, 2572726.263249206822366 ], [ 2696256.433135607279837, 2572726.263249206822366 ], [ 2696256.433135607279837, 2572803.106585316359997 ], [ 2696256.433135607279837, 2572879.949921426363289 ], [ 2696179.591042208485305, 2572879.949921426363289 ], [ 2696256.433135607279837, 2572956.791656400077045 ], [ 2696179.591042208485305, 2572956.791656400077045 ], [ 2696179.591042208485305, 2573033.634992509614676 ], [ 2696179.591042208485305, 2573110.478328619617969 ], [ 2696179.591042208485305, 2573187.321664729621261 ], [ 2696102.748948810156435, 2573187.321664729621261 ], [ 2696102.748948810156435, 2573264.163399702869356 ], [ 2696102.748948810156435, 2573341.006735812872648 ], [ 2696025.906855411361903, 2573417.850071922875941 ], [ 2696025.906855411361903, 2573494.693408032879233 ], [ 2695949.063160902354866, 2573571.535143006127328 ], [ 2695949.063160902354866, 2573648.37847911613062 ], [ 2695949.063160902354866, 2573725.221815226133913 ], [ 2695949.063160902354866, 2573802.063550199382007 ], [ 2696025.906855411361903, 2573878.9068863093853 ], [ 2696025.906855411361903, 2573955.750222419388592 ], [ 2695949.063160902354866, 2573955.750222419388592 ], [ 2695949.063160902354866, 2574032.593558528926224 ], [ 2695872.221067504025996, 2574032.593558528926224 ], [ 2695795.378974105231464, 2574032.593558528926224 ], [ 2695795.378974105231464, 2574109.435293502639979 ], [ 2695718.536880706902593, 2574109.435293502639979 ], [ 2695641.694787308108062, 2574186.278629612643272 ], [ 2695641.694787308108062, 2574263.121965722180903 ], [ 2695564.851092799101025, 2574339.965301832184196 ], [ 2695564.851092799101025, 2574416.807036805897951 ], [ 2695564.851092799101025, 2574493.650372915435582 ], [ 2695564.851092799101025, 2574570.493709025438875 ], [ 2695641.694787308108062, 2574570.493709025438875 ], [ 2695641.694787308108062, 2574647.337045135442168 ], [ 2695641.694787308108062, 2574724.178780108690262 ], [ 2695641.694787308108062, 2574801.022116218693554 ], [ 2695564.851092799101025, 2574801.022116218693554 ], [ 2695564.851092799101025, 2574877.865452328696847 ], [ 2695564.851092799101025, 2574954.707187301944941 ], [ 2695488.008999400772154, 2574954.707187301944941 ], [ 2695488.008999400772154, 2575031.550523411948234 ], [ 2695411.166906001977623, 2575031.550523411948234 ], [ 2695411.166906001977623, 2575108.393859521951526 ], [ 2695411.166906001977623, 2575185.237195631489158 ], [ 2695334.324812603648752, 2575185.237195631489158 ], [ 2695334.324812603648752, 2575262.078930605202913 ] ] } },
{ "type": "Feature", "properties": { }, "geometry": { "type": "LineString", "coordinates": [ [ 2695334.324812603648752, 2575262.078930605202913 ], [ 2695334.324812603648752, 2575338.922266715206206 ], [ 2695334.324812603648752, 2575415.765602824743837 ], [ 2695334.324812603648752, 2575492.60893893474713 ], [ 2695334.324812603648752, 2575569.450673908460885 ], [ 2695334.324812603648752, 2575646.294010017998517 ], [ 2695257.48271920485422, 2575646.294010017998517 ], [ 2695180.639024695847183, 2575646.294010017998517 ], [ 2694796.428557702805847, 2575723.137346128001809 ], [ 2694796.428557702805847, 2575876.822417211253196 ], [ 2694796.428557702805847, 2576030.509089431259781 ], [ 2694873.270651101600379, 2576414.722567707765847 ], [ 2694950.112744499929249, 2576491.56590381776914 ], [ 2694873.270651101600379, 2576491.56590381776914 ], [ 2694873.270651101600379, 2576568.409239927772433 ], [ 2694796.428557702805847, 2576568.409239927772433 ], [ 2694719.58486319379881, 2576645.252576037310064 ], [ 2694642.74276979546994, 2576645.252576037310064 ], [ 2694565.900676396675408, 2576645.252576037310064 ], [ 2694565.900676396675408, 2576722.094311011023819 ], [ 2694489.058582998346537, 2576722.094311011023819 ], [ 2694335.372795090544969, 2576798.937647121027112 ], [ 2694258.530701692216098, 2576875.780983230564743 ], [ 2694181.688608293421566, 2576875.780983230564743 ], [ 2694181.688608293421566, 2576952.622718204278499 ], [ 2694104.846514895092696, 2577029.466054314281791 ], [ 2694104.846514895092696, 2577106.309390423819423 ], [ 2694028.004421496298164, 2577183.152726533822715 ], [ 2693951.162328097503632, 2577259.994461507536471 ], [ 2693951.162328097503632, 2577336.837797617074102 ], [ 2693874.318633588496596, 2577336.837797617074102 ], [ 2693797.476540190167725, 2577413.681133727077395 ], [ 2693720.634446791373193, 2577413.681133727077395 ], [ 2693720.634446791373193, 2577490.524469837080687 ], [ 2693643.792353393044323, 2577567.366204810328782 ], [ 2693643.792353393044323, 2577644.209540920332074 ], [ 2693643.792353393044323, 2577721.052877030335367 ], [ 2693643.792353393044323, 2577797.896213139872998 ], [ 2693566.950259994249791, 2577874.737948113586754 ], [ 2693566.950259994249791, 2577951.581284223590046 ], [ 2693490.106565485242754, 2578028.424620333127677 ], [ 2693413.264472086913884, 2578105.266355306841433 ], [ 2693336.422378688119352, 2578182.109691416844726 ], [ 2693259.580285289790481, 2578258.953027526382357 ], [ 2693182.73819189099595, 2578258.953027526382357 ], [ 2693182.73819189099595, 2578335.796363636385649 ], [ 2693105.894497381988913, 2578412.638098610099405 ], [ 2693105.894497381988913, 2578489.481434719637036 ], [ 2693105.894497381988913, 2578566.324770829640329 ], [ 2693105.894497381988913, 2578643.168106939643621 ], [ 2693029.052403983660042, 2578643.168106939643621 ], [ 2693029.052403983660042, 2578720.009841912891716 ], [ 2692952.21031058486551, 2578796.853178022895008 ], [ 2692952.21031058486551, 2578873.696514132898301 ], [ 2692875.36821718653664, 2578950.539850242901593 ], [ 2692875.36821718653664, 2579027.381585216149688 ], [ 2692952.21031058486551, 2579104.22492132615298 ], [ 2692798.526123787742108, 2579334.75332851940766 ], [ 2692721.684030389413238, 2579411.596664629410952 ], [ 2692644.84033587994054, 2579488.440000738948584 ], [ 2692644.84033587994054, 2579795.811744042206556 ], [ 2692644.84033587994054, 2579872.653479015920311 ], [ 2692644.84033587994054, 2580103.181886209174991 ], [ 2692414.314055684488267, 2580180.025222318712622 ], [ 2691876.416199673432857, 2580256.868558428715914 ], [ 2691107.993664577137679, 2580410.553629511967301 ], [ 2690800.623689872678369, 2580564.240301731973886 ], [ 2690723.781596473883837, 2580564.240301731973886 ], [ 2690646.937901964876801, 2580641.083637841511518 ], [ 2690723.781596473883837, 2580948.45538114476949 ], [ 2690570.09580856654793, 2581178.983788338024169 ], [ 2690339.569528370629996, 2581332.668859421275556 ], [ 2690185.883740463294089, 2581486.355531641282141 ], [ 2690032.199553665705025, 2581793.727274944540113 ], [ 2690109.041647064499557, 2581870.569009917788208 ], [ 2690032.199553665705025, 2581870.569009917788208 ], [ 2689494.303298765327781, 2582024.255682137794793 ], [ 2689417.459604256320745, 2582101.099018247332424 ], [ 2689417.459604256320745, 2582177.94075322104618 ], [ 2689417.459604256320745, 2582254.784089331049472 ], [ 2689571.145392164122313, 2582869.527575937099755 ], [ 2688572.19337465101853, 2583100.055983130354434 ], [ 2688495.35128125268966, 2583100.055983130354434 ], [ 2688572.19337465101853, 2583100.055983130354434 ], [ 2688572.19337465101853, 2583176.899319240357727 ], [ 2688725.879162558820099, 2583945.327876929659396 ], [ 2688956.405442754738033, 2584560.07136353617534 ], [ 2688879.563349355943501, 2584560.07136353617534 ], [ 2688879.563349355943501, 2584636.914699646178633 ], [ 2688802.721255957148969, 2584636.914699646178633 ], [ 2688725.879162558820099, 2584636.914699646178633 ], [ 2688649.037069160025567, 2584636.914699646178633 ], [ 2688649.037069160025567, 2584713.756434619426727 ], [ 2688572.19337465101853, 2584713.756434619426727 ], [ 2688572.19337465101853, 2584790.59977072943002 ], [ 2688572.19337465101853, 2584867.443106839433312 ], [ 2688495.35128125268966, 2584944.286442948970944 ], [ 2688495.35128125268966, 2585021.128177922684699 ], [ 2688418.509187853895128, 2585021.128177922684699 ], [ 2688418.509187853895128, 2585097.971514032687992 ], [ 2688418.509187853895128, 2585174.814850142225623 ], [ 2688418.509187853895128, 2585251.656585115939379 ], [ 2688418.509187853895128, 2585328.499921225942671 ], [ 2688341.667094455566257, 2585328.499921225942671 ], [ 2688264.825001056771725, 2585328.499921225942671 ], [ 2688264.825001056771725, 2585405.343257335480303 ], [ 2688187.981306547764689, 2585405.343257335480303 ], [ 2688187.981306547764689, 2585482.186593445483595 ], [ 2688187.981306547764689, 2585559.028328419197351 ], [ 2688111.139213149435818, 2585559.028328419197351 ], [ 2688034.297119750641286, 2585559.028328419197351 ], [ 2687957.455026352312416, 2585559.028328419197351 ], [ 2687957.455026352312416, 2585482.186593445483595 ], [ 2687880.612932953517884, 2585482.186593445483595 ], [ 2687880.612932953517884, 2585559.028328419197351 ], [ 2687880.612932953517884, 2585635.871664528734982 ], [ 2687803.770839555189013, 2585712.715000638738275 ], [ 2687726.927145046181977, 2585635.871664528734982 ], [ 2687573.242958248592913, 2585635.871664528734982 ], [ 2687419.558771451469511, 2585559.028328419197351 ], [ 2687342.715076942462474, 2585559.028328419197351 ], [ 2687265.872983544133604, 2585635.871664528734982 ], [ 2687189.030890145339072, 2585789.558336748741567 ], [ 2687112.188796747010201, 2585943.243407831992954 ], [ 2687035.346703348215669, 2586173.771815025247633 ], [ 2686958.504609949886799, 2586327.458487244788557 ], [ 2686958.504609949886799, 2586404.300222218502313 ], [ 2686958.504609949886799, 2586481.143558328505605 ], [ 2687035.346703348215669, 2586634.830230548046529 ], [ 2687189.030890145339072, 2586788.515301631297916 ], [ 2687265.872983544133604, 2586942.201973851304501 ], [ 2687342.715076942462474, 2587019.043708824552596 ], [ 2687342.715076942462474, 2587095.887044934555888 ], [ 2687342.715076942462474, 2587172.730381044559181 ], [ 2687265.872983544133604, 2587249.573717154562473 ], [ 2687112.188796747010201, 2587326.415452127810568 ], [ 2686958.504609949886799, 2587326.415452127810568 ], [ 2686727.97672864375636, 2587326.415452127810568 ], [ 2686651.134635244961828, 2587403.25878823781386 ], [ 2686651.134635244961828, 2587480.102124347817153 ], [ 2686574.292541846632957, 2587556.943859321065247 ], [ 2686497.448847337625921, 2587710.630531541071832 ], [ 2686497.448847337625921, 2587787.473867650609463 ], [ 2686420.606753938831389, 2587787.473867650609463 ], [ 2686420.606753938831389, 2587710.630531541071832 ], [ 2686420.606753938831389, 2587633.78719543106854 ], [ 2686343.764660540036857, 2587556.943859321065247 ], [ 2686343.764660540036857, 2587480.102124347817153 ], [ 2686343.764660540036857, 2587403.25878823781386 ], [ 2686343.764660540036857, 2587326.415452127810568 ], [ 2686266.922567141707987, 2587326.415452127810568 ], [ 2686190.080473742913455, 2587403.25878823781386 ], [ 2686190.080473742913455, 2587480.102124347817153 ], [ 2686190.080473742913455, 2587556.943859321065247 ], [ 2686190.080473742913455, 2587633.78719543106854 ], [ 2686190.080473742913455, 2587787.473867650609463 ], [ 2686190.080473742913455, 2587941.158938734326512 ], [ 2686190.080473742913455, 2588018.002274843864143 ], [ 2686190.080473742913455, 2588094.845610953867435 ], [ 2686190.080473742913455, 2588171.687345927581191 ], [ 2686266.922567141707987, 2588248.530682037118822 ], [ 2686266.922567141707987, 2588325.374018147122115 ], [ 2686266.922567141707987, 2588402.215753120835871 ], [ 2686190.080473742913455, 2588402.215753120835871 ], [ 2686190.080473742913455, 2588479.059089230373502 ], [ 2686266.922567141707987, 2588479.059089230373502 ], [ 2686266.922567141707987, 2588555.902425340376794 ], [ 2686343.764660540036857, 2588555.902425340376794 ], [ 2686420.606753938831389, 2588555.902425340376794 ], [ 2686420.606753938831389, 2588632.745761450380087 ], [ 2686343.764660540036857, 2588632.745761450380087 ], [ 2686343.764660540036857, 2588709.587496423628181 ], [ 2686266.922567141707987, 2588709.587496423628181 ], [ 2686190.080473742913455, 2588786.430832533631474 ], [ 2686190.080473742913455, 2588863.274168643634766 ], [ 2686113.236779233906418, 2588863.274168643634766 ], [ 2686113.236779233906418, 2588940.117504753172398 ], [ 2686036.394685835577548, 2588940.117504753172398 ], [ 2685959.552592436783016, 2588940.117504753172398 ], [ 2685882.710499038454145, 2589016.959239726886153 ], [ 2685959.552592436783016, 2589093.802575836889446 ], [ 2686036.394685835577548, 2589170.645911946427077 ], [ 2686113.236779233906418, 2589170.645911946427077 ], [ 2686190.080473742913455, 2589170.645911946427077 ], [ 2686266.922567141707987, 2589093.802575836889446 ], [ 2686343.764660540036857, 2589016.959239726886153 ], [ 2686343.764660540036857, 2588940.117504753172398 ], [ 2686420.606753938831389, 2588940.117504753172398 ], [ 2686574.292541846632957, 2589016.959239726886153 ], [ 2686574.292541846632957, 2589093.802575836889446 ], [ 2686574.292541846632957, 2589170.645911946427077 ], [ 2686574.292541846632957, 2589247.48924805643037 ], [ 2686497.448847337625921, 2589247.48924805643037 ], [ 2686497.448847337625921, 2589324.330983030144125 ], [ 2686420.606753938831389, 2589324.330983030144125 ], [ 2686420.606753938831389, 2589401.174319139681756 ], [ 2686420.606753938831389, 2589478.017655249685049 ], [ 2686420.606753938831389, 2589554.859390223398805 ], [ 2686497.448847337625921, 2589554.859390223398805 ], [ 2686574.292541846632957, 2589631.702726332936436 ], [ 2686574.292541846632957, 2589708.546062442939728 ], [ 2686497.448847337625921, 2589708.546062442939728 ], [ 2686420.606753938831389, 2589708.546062442939728 ], [ 2686343.764660540036857, 2589708.546062442939728 ], [ 2686343.764660540036857, 2589785.389398552943021 ], [ 2686420.606753938831389, 2589862.231133526191115 ], [ 2686343.764660540036857, 2589862.231133526191115 ], [ 2686266.922567141707987, 2589862.231133526191115 ], [ 2686190.080473742913455, 2589862.231133526191115 ], [ 2686113.236779233906418, 2589939.074469636194408 ], [ 2686036.394685835577548, 2589939.074469636194408 ], [ 2685882.710499038454145, 2589939.074469636194408 ], [ 2685805.868405639659613, 2590015.917805746197701 ], [ 2685882.710499038454145, 2590015.917805746197701 ], [ 2685959.552592436783016, 2590092.761141856200993 ], [ 2686036.394685835577548, 2590092.761141856200993 ], [ 2686113.236779233906418, 2590169.602876829449087 ], [ 2686190.080473742913455, 2590169.602876829449087 ], [ 2686190.080473742913455, 2590246.44621293945238 ], [ 2686190.080473742913455, 2590323.289549049455673 ], [ 2686113.236779233906418, 2590323.289549049455673 ], [ 2686113.236779233906418, 2590400.132885158993304 ], [ 2685959.552592436783016, 2590323.289549049455673 ], [ 2685882.710499038454145, 2590323.289549049455673 ], [ 2685882.710499038454145, 2590400.132885158993304 ], [ 2685882.710499038454145, 2590476.974620132707059 ], [ 2685882.710499038454145, 2590553.817956242710352 ], [ 2686036.394685835577548, 2590707.503027325961739 ], [ 2686113.236779233906418, 2590707.503027325961739 ], [ 2686113.236779233906418, 2590784.346363435965031 ], [ 2686036.394685835577548, 2590784.346363435965031 ], [ 2685959.552592436783016, 2590784.346363435965031 ], [ 2685959.552592436783016, 2590707.503027325961739 ], [ 2685882.710499038454145, 2590630.661292352247983 ], [ 2685805.868405639659613, 2590630.661292352247983 ], [ 2685729.026312241330743, 2590630.661292352247983 ], [ 2685652.182617732323706, 2590630.661292352247983 ], [ 2685575.340524333529174, 2590553.817956242710352 ], [ 2685498.498430935200304, 2590476.974620132707059 ], [ 2685421.656337536405772, 2590476.974620132707059 ], [ 2685421.656337536405772, 2590400.132885158993304 ], [ 2685421.656337536405772, 2590323.289549049455673 ], [ 2685421.656337536405772, 2590246.44621293945238 ], [ 2685344.814244138076901, 2590246.44621293945238 ], [ 2685267.970549629069865, 2590246.44621293945238 ], [ 2685191.128456230275333, 2590246.44621293945238 ], [ 2685114.286362831480801, 2590246.44621293945238 ], [ 2685114.286362831480801, 2590323.289549049455673 ], [ 2685191.128456230275333, 2590400.132885158993304 ], [ 2685191.128456230275333, 2590476.974620132707059 ], [ 2685114.286362831480801, 2590476.974620132707059 ], [ 2685037.444269433151931, 2590400.132885158993304 ], [ 2685037.444269433151931, 2590323.289549049455673 ], [ 2684960.602176034357399, 2590323.289549049455673 ], [ 2684960.602176034357399, 2590400.132885158993304 ], [ 2684883.758481525350362, 2590400.132885158993304 ], [ 2684883.758481525350362, 2590476.974620132707059 ], [ 2684883.758481525350362, 2590553.817956242710352 ], [ 2684806.916388127021492, 2590630.661292352247983 ], [ 2684730.07429472822696, 2590630.661292352247983 ], [ 2684730.07429472822696, 2590707.503027325961739 ], [ 2684653.232201329898089, 2590707.503027325961739 ], [ 2684653.232201329898089, 2590630.661292352247983 ], [ 2684653.232201329898089, 2590553.817956242710352 ], [ 2684576.390107931103557, 2590553.817956242710352 ], [ 2684499.548014532774687, 2590553.817956242710352 ], [ 2684422.70432002376765, 2590630.661292352247983 ], [ 2684345.862226624973118, 2590707.503027325961739 ], [ 2684345.862226624973118, 2590784.346363435965031 ], [ 2684422.70432002376765, 2590784.346363435965031 ], [ 2684422.70432002376765, 2590861.189699545502663 ], [ 2684576.390107931103557, 2590938.033035655505955 ], [ 2684576.390107931103557, 2591014.874770629219711 ], [ 2684499.548014532774687, 2591014.874770629219711 ], [ 2684422.70432002376765, 2591014.874770629219711 ], [ 2684269.020133226644248, 2590938.033035655505955 ], [ 2684192.178039827849716, 2591014.874770629219711 ], [ 2684115.335946429520845, 2591091.718106738757342 ], [ 2684192.178039827849716, 2591091.718106738757342 ], [ 2684192.178039827849716, 2591168.561442848760635 ], [ 2684269.020133226644248, 2591168.561442848760635 ], [ 2684345.862226624973118, 2591168.561442848760635 ], [ 2684422.70432002376765, 2591168.561442848760635 ], [ 2684422.70432002376765, 2591245.404778958763927 ], [ 2684422.70432002376765, 2591322.246513932012022 ], [ 2684345.862226624973118, 2591322.246513932012022 ], [ 2684345.862226624973118, 2591399.089850042015314 ], [ 2684269.020133226644248, 2591399.089850042015314 ], [ 2684192.178039827849716, 2591399.089850042015314 ], [ 2684115.335946429520845, 2591399.089850042015314 ], [ 2684038.492251920513809, 2591475.933186152018607 ], [ 2684115.335946429520845, 2591552.774921125266701 ], [ 2684115.335946429520845, 2591629.618257235269994 ], [ 2684192.178039827849716, 2591629.618257235269994 ], [ 2684269.020133226644248, 2591629.618257235269994 ], [ 2684269.020133226644248, 2591706.461593345273286 ], [ 2684269.020133226644248, 2591783.304929454810917 ], [ 2684192.178039827849716, 2591783.304929454810917 ], [ 2684115.335946429520845, 2591783.304929454810917 ], [ 2684115.335946429520845, 2591860.146664428524673 ], [ 2684115.335946429520845, 2591936.990000538527966 ], [ 2684192.178039827849716, 2591936.990000538527966 ], [ 2684192.178039827849716, 2592013.833336648065597 ], [ 2684192.178039827849716, 2592090.676672758068889 ], [ 2684269.020133226644248, 2592167.518407731782645 ], [ 2684345.862226624973118, 2592167.518407731782645 ], [ 2684345.862226624973118, 2592090.676672758068889 ], [ 2684422.70432002376765, 2592090.676672758068889 ], [ 2684499.548014532774687, 2592090.676672758068889 ], [ 2684499.548014532774687, 2592167.518407731782645 ], [ 2684499.548014532774687, 2592244.361743841320276 ], [ 2684499.548014532774687, 2592321.205079951323569 ], [ 2684422.70432002376765, 2592321.205079951323569 ], [ 2684269.020133226644248, 2592321.205079951323569 ], [ 2684192.178039827849716, 2592321.205079951323569 ], [ 2684115.335946429520845, 2592244.361743841320276 ], [ 2684038.492251920513809, 2592244.361743841320276 ], [ 2683961.650158521719277, 2592244.361743841320276 ], [ 2683884.808065122924745, 2592244.361743841320276 ], [ 2683884.808065122924745, 2592167.518407731782645 ], [ 2683884.808065122924745, 2592090.676672758068889 ], [ 2683807.965971724595875, 2592090.676672758068889 ], [ 2683731.123878325801343, 2592090.676672758068889 ], [ 2683731.123878325801343, 2592167.518407731782645 ], [ 2683654.280183816794306, 2592244.361743841320276 ], [ 2683654.280183816794306, 2592321.205079951323569 ], [ 2683654.280183816794306, 2592398.048416061326861 ], [ 2683731.123878325801343, 2592398.048416061326861 ], [ 2683731.123878325801343, 2592474.890151034574956 ], [ 2683807.965971724595875, 2592474.890151034574956 ], [ 2683884.808065122924745, 2592474.890151034574956 ], [ 2683961.650158521719277, 2592474.890151034574956 ], [ 2683961.650158521719277, 2592551.733487144578248 ], [ 2683884.808065122924745, 2592551.733487144578248 ], [ 2683807.965971724595875, 2592551.733487144578248 ], [ 2683731.123878325801343, 2592551.733487144578248 ], [ 2683731.123878325801343, 2592628.576823254581541 ], [ 2683807.965971724595875, 2592705.418558227829635 ], [ 2683807.965971724595875, 2592782.261894337832928 ], [ 2683884.808065122924745, 2592859.10523044783622 ], [ 2683884.808065122924745, 2592935.948566557839513 ], [ 2683807.965971724595875, 2593012.790301531087607 ], [ 2683807.965971724595875, 2593089.6336376410909 ], [ 2683731.123878325801343, 2593166.476973751094192 ], [ 2683654.280183816794306, 2593166.476973751094192 ], [ 2683654.280183816794306, 2593243.320309860631824 ], [ 2683654.280183816794306, 2593320.162044834345579 ], [ 2683731.123878325801343, 2593397.005380944348872 ], [ 2683731.123878325801343, 2593473.848717053886503 ], [ 2683654.280183816794306, 2593473.848717053886503 ], [ 2683577.438090418465436, 2593473.848717053886503 ], [ 2683500.595997019670904, 2593473.848717053886503 ], [ 2683500.595997019670904, 2593550.692053163889796 ], [ 2683500.595997019670904, 2593627.533788137603551 ], [ 2683423.753903621342033, 2593704.377124247141182 ], [ 2683346.911810222547501, 2593781.220460357144475 ], [ 2683270.069716824218631, 2593858.062195330858231 ], [ 2683270.069716824218631, 2593934.905531440395862 ], [ 2683270.069716824218631, 2594011.748867550399154 ], [ 2683193.226022315211594, 2594011.748867550399154 ], [ 2683116.383928916417062, 2594011.748867550399154 ], [ 2683116.383928916417062, 2594088.592203660402447 ], [ 2683193.226022315211594, 2594165.433938633650541 ], [ 2683193.226022315211594, 2594242.277274743653834 ], [ 2683193.226022315211594, 2594319.120610853657126 ], [ 2683193.226022315211594, 2594395.963946963194758 ], [ 2683193.226022315211594, 2594472.805681936908513 ], [ 2683270.069716824218631, 2594472.805681936908513 ], [ 2683270.069716824218631, 2594549.649018046911806 ], [ 2683346.911810222547501, 2594549.649018046911806 ], [ 2683346.911810222547501, 2594626.492354156449437 ], [ 2683346.911810222547501, 2594703.334089130163193 ], [ 2683270.069716824218631, 2594780.177425240166485 ], [ 2683270.069716824218631, 2594857.020761349704117 ], [ 2683193.226022315211594, 2594857.020761349704117 ], [ 2683193.226022315211594, 2594780.177425240166485 ], [ 2683116.383928916417062, 2594780.177425240166485 ], [ 2683039.541835518088192, 2594857.020761349704117 ], [ 2683039.541835518088192, 2594933.864097459707409 ], [ 2683039.541835518088192, 2595010.705832433421165 ], [ 2683116.383928916417062, 2595087.549168542958796 ], [ 2683116.383928916417062, 2595164.392504652962089 ], [ 2683039.541835518088192, 2595164.392504652962089 ], [ 2683039.541835518088192, 2595241.235840762965381 ], [ 2683039.541835518088192, 2595318.077575736213475 ], [ 2683116.383928916417062, 2595394.920911846216768 ], [ 2683116.383928916417062, 2595471.764247956220061 ], [ 2683039.541835518088192, 2595471.764247956220061 ], [ 2683039.541835518088192, 2595394.920911846216768 ], [ 2682962.69974211929366, 2595394.920911846216768 ], [ 2682885.857648720964789, 2595394.920911846216768 ], [ 2682885.857648720964789, 2595471.764247956220061 ], [ 2682885.857648720964789, 2595548.607584066223353 ], [ 2682962.69974211929366, 2595625.449319039471447 ], [ 2683039.541835518088192, 2595625.449319039471447 ], [ 2683039.541835518088192, 2595702.29265514947474 ], [ 2683116.383928916417062, 2595702.29265514947474 ], [ 2683116.383928916417062, 2595779.135991259478033 ], [ 2683039.541835518088192, 2595779.135991259478033 ], [ 2682962.69974211929366, 2595779.135991259478033 ], [ 2682885.857648720964789, 2595779.135991259478033 ], [ 2682885.857648720964789, 2595855.977726232726127 ], [ 2682962.69974211929366, 2595855.977726232726127 ], [ 2683039.541835518088192, 2595855.977726232726127 ], [ 2683116.383928916417062, 2595855.977726232726127 ], [ 2683116.383928916417062, 2595932.821062342729419 ], [ 2683193.226022315211594, 2595932.821062342729419 ], [ 2683116.383928916417062, 2596009.664398452732712 ], [ 2683039.541835518088192, 2596086.507734562270343 ], [ 2683039.541835518088192, 2596163.349469535984099 ], [ 2683116.383928916417062, 2596163.349469535984099 ], [ 2683193.226022315211594, 2596086.507734562270343 ], [ 2683193.226022315211594, 2596009.664398452732712 ], [ 2683270.069716824218631, 2596009.664398452732712 ], [ 2683346.911810222547501, 2596009.664398452732712 ], [ 2683346.911810222547501, 2596086.507734562270343 ], [ 2683423.753903621342033, 2596240.192805645987391 ], [ 2683423.753903621342033, 2596317.036141755525023 ], [ 2683346.911810222547501, 2596317.036141755525023 ], [ 2683346.911810222547501, 2596393.879477865528315 ], [ 2683423.753903621342033, 2596393.879477865528315 ], [ 2683423.753903621342033, 2596470.721212839242071 ], [ 2683500.595997019670904, 2596470.721212839242071 ], [ 2683500.595997019670904, 2596547.564548948779702 ], [ 2683577.438090418465436, 2596547.564548948779702 ], [ 2683654.280183816794306, 2596547.564548948779702 ], [ 2683654.280183816794306, 2596624.407885058782995 ], [ 2683731.123878325801343, 2596624.407885058782995 ], [ 2683807.965971724595875, 2596624.407885058782995 ], [ 2683807.965971724595875, 2596701.251221168786287 ], [ 2683884.808065122924745, 2596778.092956142034382 ], [ 2683961.650158521719277, 2596778.092956142034382 ], [ 2683961.650158521719277, 2596854.936292252037674 ], [ 2683961.650158521719277, 2596931.779628362040967 ], [ 2684038.492251920513809, 2596931.779628362040967 ], [ 2684038.492251920513809, 2597008.621363335289061 ], [ 2684038.492251920513809, 2597085.464699445292354 ], [ 2684038.492251920513809, 2597162.308035555295646 ], [ 2684038.492251920513809, 2597239.151371664833277 ], [ 2683961.650158521719277, 2597239.151371664833277 ], [ 2683961.650158521719277, 2597315.993106638547033 ], [ 2684038.492251920513809, 2597315.993106638547033 ], [ 2684115.335946429520845, 2597315.993106638547033 ], [ 2684192.178039827849716, 2597315.993106638547033 ], [ 2684269.020133226644248, 2597315.993106638547033 ], [ 2684269.020133226644248, 2597392.836442748550326 ], [ 2684345.862226624973118, 2597392.836442748550326 ], [ 2684345.862226624973118, 2597315.993106638547033 ], [ 2684422.70432002376765, 2597315.993106638547033 ], [ 2684499.548014532774687, 2597315.993106638547033 ], [ 2684499.548014532774687, 2597239.151371664833277 ], [ 2684499.548014532774687, 2597162.308035555295646 ], [ 2684576.390107931103557, 2597162.308035555295646 ], [ 2684576.390107931103557, 2597085.464699445292354 ], [ 2684653.232201329898089, 2597085.464699445292354 ], [ 2684730.07429472822696, 2597085.464699445292354 ], [ 2684806.916388127021492, 2597085.464699445292354 ], [ 2684883.758481525350362, 2597085.464699445292354 ], [ 2684883.758481525350362, 2597162.308035555295646 ], [ 2684960.602176034357399, 2597162.308035555295646 ], [ 2684960.602176034357399, 2597239.151371664833277 ], [ 2684960.602176034357399, 2597315.993106638547033 ], [ 2685037.444269433151931, 2597392.836442748550326 ], [ 2685037.444269433151931, 2597469.679778858087957 ], [ 2685037.444269433151931, 2597546.523114968091249 ], [ 2685037.444269433151931, 2597623.364849941805005 ], [ 2685037.444269433151931, 2597700.208186051342636 ], [ 2685037.444269433151931, 2597777.051522161345929 ], [ 2684960.602176034357399, 2597777.051522161345929 ], [ 2684960.602176034357399, 2597853.893257135059685 ], [ 2684883.758481525350362, 2597853.893257135059685 ], [ 2684806.916388127021492, 2597853.893257135059685 ], [ 2684730.07429472822696, 2597853.893257135059685 ], [ 2684730.07429472822696, 2597930.736593244597316 ], [ 2684730.07429472822696, 2598007.579929354600608 ], [ 2684806.916388127021492, 2598084.423265464603901 ], [ 2684806.916388127021492, 2598161.265000437851995 ], [ 2684806.916388127021492, 2598238.108336547855288 ], [ 2684730.07429472822696, 2598238.108336547855288 ], [ 2684730.07429472822696, 2598314.95167265785858 ], [ 2684653.232201329898089, 2598314.95167265785858 ], [ 2684653.232201329898089, 2598391.795008767861873 ], [ 2684730.07429472822696, 2598391.795008767861873 ], [ 2684730.07429472822696, 2598468.636743741109967 ], [ 2684806.916388127021492, 2598468.636743741109967 ], [ 2684883.758481525350362, 2598468.636743741109967 ], [ 2684883.758481525350362, 2598545.48007985111326 ], [ 2684960.602176034357399, 2598545.48007985111326 ], [ 2684960.602176034357399, 2598622.323415961116552 ], [ 2684960.602176034357399, 2598699.166752070654184 ], [ 2684960.602176034357399, 2598776.008487044367939 ], [ 2684883.758481525350362, 2598776.008487044367939 ], [ 2684883.758481525350362, 2598852.851823154371232 ], [ 2684883.758481525350362, 2598929.695159263908863 ], [ 2684960.602176034357399, 2598929.695159263908863 ], [ 2685037.444269433151931, 2598929.695159263908863 ], [ 2685114.286362831480801, 2598929.695159263908863 ], [ 2685114.286362831480801, 2598852.851823154371232 ], [ 2685191.128456230275333, 2598852.851823154371232 ], [ 2685267.970549629069865, 2598852.851823154371232 ], [ 2685344.814244138076901, 2598852.851823154371232 ], [ 2685344.814244138076901, 2598929.695159263908863 ], [ 2685421.656337536405772, 2598929.695159263908863 ], [ 2685421.656337536405772, 2599006.536894237622619 ], [ 2685498.498430935200304, 2599006.536894237622619 ], [ 2685498.498430935200304, 2599083.380230347625911 ], [ 2685498.498430935200304, 2599160.223566457163543 ], [ 2685498.498430935200304, 2599237.066902567166835 ], [ 2685421.656337536405772, 2599313.908637540880591 ], [ 2685421.656337536405772, 2599390.751973650418222 ], [ 2685421.656337536405772, 2599467.595309760421515 ], [ 2685498.498430935200304, 2599467.595309760421515 ], [ 2685575.340524333529174, 2599544.438645870424807 ], [ 2685652.182617732323706, 2599544.438645870424807 ], [ 2685652.182617732323706, 2599621.280380843672901 ], [ 2685729.026312241330743, 2599621.280380843672901 ], [ 2685729.026312241330743, 2599698.123716953676194 ], [ 2685805.868405639659613, 2599698.123716953676194 ], [ 2685805.868405639659613, 2599774.967053063679487 ], [ 2685805.868405639659613, 2599851.810389173217118 ], [ 2685805.868405639659613, 2599928.652124146930873 ], [ 2685805.868405639659613, 2600005.495460256934166 ], [ 2685805.868405639659613, 2600082.338796366471797 ], [ 2685729.026312241330743, 2600159.180531340185553 ], [ 2685729.026312241330743, 2600236.023867450188845 ], [ 2685652.182617732323706, 2600236.023867450188845 ], [ 2685652.182617732323706, 2600312.867203559726477 ], [ 2685652.182617732323706, 2600389.710539669729769 ], [ 2685575.340524333529174, 2600389.710539669729769 ], [ 2685575.340524333529174, 2600466.552274643443525 ], [ 2685575.340524333529174, 2600543.395610752981156 ], [ 2685498.498430935200304, 2600543.395610752981156 ], [ 2685498.498430935200304, 2600620.238946862984449 ], [ 2685498.498430935200304, 2600697.082282972987741 ], [ 2685498.498430935200304, 2600773.924017946235836 ], [ 2685575.340524333529174, 2600773.924017946235836 ], [ 2685575.340524333529174, 2600850.767354056239128 ], [ 2685575.340524333529174, 2600927.610690166242421 ], [ 2685575.340524333529174, 2601004.452425139490515 ], [ 2685575.340524333529174, 2601081.295761249493808 ], [ 2685652.182617732323706, 2601081.295761249493808 ], [ 2685652.182617732323706, 2601158.1390973594971 ], [ 2685652.182617732323706, 2601234.982433469500393 ], [ 2685652.182617732323706, 2601311.824168442748487 ], [ 2685729.026312241330743, 2601388.66750455275178 ], [ 2685729.026312241330743, 2601465.510840662755072 ], [ 2685729.026312241330743, 2601542.354176772292703 ], [ 2685729.026312241330743, 2601619.195911746006459 ], [ 2685805.868405639659613, 2601619.195911746006459 ], [ 2685882.710499038454145, 2601619.195911746006459 ], [ 2685882.710499038454145, 2601542.354176772292703 ], [ 2685882.710499038454145, 2601465.510840662755072 ], [ 2685882.710499038454145, 2601388.66750455275178 ], [ 2685882.710499038454145, 2601311.824168442748487 ], [ 2685959.552592436783016, 2601234.982433469500393 ], [ 2686036.394685835577548, 2601234.982433469500393 ], [ 2686113.236779233906418, 2601234.982433469500393 ], [ 2686190.080473742913455, 2601234.982433469500393 ], [ 2686190.080473742913455, 2601311.824168442748487 ], [ 2686266.922567141707987, 2601311.824168442748487 ], [ 2686266.922567141707987, 2601388.66750455275178 ], [ 2686266.922567141707987, 2601465.510840662755072 ], [ 2686266.922567141707987, 2601542.354176772292703 ], [ 2686266.922567141707987, 2601619.195911746006459 ], [ 2686190.080473742913455, 2601696.039247856009752 ], [ 2686190.080473742913455, 2601772.882583965547383 ], [ 2686190.080473742913455, 2601849.725920075550675 ], [ 2686190.080473742913455, 2601926.567655049264431 ], [ 2686266.922567141707987, 2601926.567655049264431 ], [ 2686266.922567141707987, 2602003.410991158802062 ], [ 2686266.922567141707987, 2602080.254327268805355 ], [ 2686343.764660540036857, 2602080.254327268805355 ], [ 2686343.764660540036857, 2602157.09606224251911 ], [ 2686343.764660540036857, 2602080.254327268805355 ], [ 2686420.606753938831389, 2602080.254327268805355 ], [ 2686420.606753938831389, 2602003.410991158802062 ], [ 2686497.448847337625921, 2601926.567655049264431 ], [ 2686497.448847337625921, 2601849.725920075550675 ], [ 2686574.292541846632957, 2601849.725920075550675 ], [ 2686574.292541846632957, 2601772.882583965547383 ], [ 2686651.134635244961828, 2601772.882583965547383 ], [ 2686651.134635244961828, 2601696.039247856009752 ], [ 2686727.97672864375636, 2601696.039247856009752 ], [ 2686804.81882204208523, 2601696.039247856009752 ], [ 2686881.660915440879762, 2601696.039247856009752 ], [ 2686881.660915440879762, 2601772.882583965547383 ], [ 2686958.504609949886799, 2601772.882583965547383 ], [ 2686958.504609949886799, 2601849.725920075550675 ], [ 2687035.346703348215669, 2601926.567655049264431 ], [ 2687035.346703348215669, 2602003.410991158802062 ], [ 2687035.346703348215669, 2602080.254327268805355 ], [ 2687035.346703348215669, 2602157.09606224251911 ], [ 2687112.188796747010201, 2602157.09606224251911 ], [ 2687189.030890145339072, 2602157.09606224251911 ], [ 2687265.872983544133604, 2602157.09606224251911 ], [ 2687265.872983544133604, 2602233.939398352056742 ], [ 2687342.715076942462474, 2602233.939398352056742 ], [ 2687342.715076942462474, 2602310.782734462060034 ], [ 2687342.715076942462474, 2602387.626070572063327 ], [ 2687419.558771451469511, 2602387.626070572063327 ], [ 2687419.558771451469511, 2602464.467805545311421 ], [ 2687419.558771451469511, 2602541.311141655314714 ], [ 2687496.400864850264043, 2602541.311141655314714 ], [ 2687573.242958248592913, 2602541.311141655314714 ], [ 2687650.085051647387445, 2602541.311141655314714 ], [ 2687650.085051647387445, 2602618.154477765318006 ], [ 2687726.927145046181977, 2602618.154477765318006 ], [ 2687803.770839555189013, 2602541.311141655314714 ], [ 2687880.612932953517884, 2602541.311141655314714 ], [ 2687880.612932953517884, 2602618.154477765318006 ], [ 2687957.455026352312416, 2602618.154477765318006 ], [ 2687957.455026352312416, 2602694.997813874855638 ], [ 2687957.455026352312416, 2602771.839548848569393 ], [ 2687880.612932953517884, 2602771.839548848569393 ], [ 2687880.612932953517884, 2602848.682884958572686 ], [ 2687803.770839555189013, 2602848.682884958572686 ], [ 2687726.927145046181977, 2602848.682884958572686 ], [ 2687650.085051647387445, 2602848.682884958572686 ], [ 2687650.085051647387445, 2602771.839548848569393 ], [ 2687573.242958248592913, 2602771.839548848569393 ], [ 2687496.400864850264043, 2602771.839548848569393 ], [ 2687496.400864850264043, 2602848.682884958572686 ], [ 2687496.400864850264043, 2602925.526221068110317 ], [ 2687573.242958248592913, 2602925.526221068110317 ], [ 2687650.085051647387445, 2602925.526221068110317 ], [ 2687726.927145046181977, 2602925.526221068110317 ], [ 2687803.770839555189013, 2602925.526221068110317 ], [ 2687803.770839555189013, 2603002.36955717811361 ], [ 2687880.612932953517884, 2603002.36955717811361 ], [ 2687957.455026352312416, 2603002.36955717811361 ], [ 2687957.455026352312416, 2602925.526221068110317 ], [ 2688034.297119750641286, 2602925.526221068110317 ], [ 2688111.139213149435818, 2602925.526221068110317 ], [ 2688187.981306547764689, 2602925.526221068110317 ], [ 2688187.981306547764689, 2603002.36955717811361 ], [ 2688264.825001056771725, 2603002.36955717811361 ], [ 2688264.825001056771725, 2603079.211292151827365 ], [ 2688264.825001056771725, 2603156.054628261364996 ], [ 2688187.981306547764689, 2603156.054628261364996 ], [ 2688187.981306547764689, 2603232.897964371368289 ], [ 2688187.981306547764689, 2603309.739699345082045 ], [ 2688264.825001056771725, 2603309.739699345082045 ], [ 2688264.825001056771725, 2603386.583035454619676 ], [ 2688341.667094455566257, 2603386.583035454619676 ], [ 2688418.509187853895128, 2603386.583035454619676 ], [ 2688495.35128125268966, 2603386.583035454619676 ], [ 2688495.35128125268966, 2603309.739699345082045 ], [ 2688495.35128125268966, 2603232.897964371368289 ], [ 2688495.35128125268966, 2603156.054628261364996 ], [ 2688495.35128125268966, 2603079.211292151827365 ], [ 2688572.19337465101853, 2603079.211292151827365 ], [ 2688572.19337465101853, 2603002.36955717811361 ], [ 2688649.037069160025567, 2603002.36955717811361 ], [ 2688649.037069160025567, 2602925.526221068110317 ], [ 2688725.879162558820099, 2602925.526221068110317 ], [ 2688725.879162558820099, 2603002.36955717811361 ], [ 2688802.721255957148969, 2603002.36955717811361 ], [ 2688802.721255957148969, 2603079.211292151827365 ], [ 2688879.563349355943501, 2603079.211292151827365 ], [ 2688879.563349355943501, 2603156.054628261364996 ], [ 2688879.563349355943501, 2603232.897964371368289 ], [ 2688879.563349355943501, 2603309.739699345082045 ], [ 2688802.721255957148969, 2603309.739699345082045 ], [ 2688802.721255957148969, 2603386.583035454619676 ], [ 2688725.879162558820099, 2603463.426371564622968 ], [ 2688649.037069160025567, 2603540.269707674626261 ], [ 2688572.19337465101853, 2603540.269707674626261 ], [ 2688572.19337465101853, 2603617.111442647874355 ], [ 2688572.19337465101853, 2603693.954778757877648 ], [ 2688572.19337465101853, 2603770.79811486788094 ], [ 2688572.19337465101853, 2603847.641450977884233 ], [ 2688495.35128125268966, 2603847.641450977884233 ], [ 2688495.35128125268966, 2603924.483185951132327 ], [ 2688495.35128125268966, 2604001.32652206113562 ], [ 2688572.19337465101853, 2604001.32652206113562 ], [ 2688572.19337465101853, 2604078.169858171138912 ], [ 2688649.037069160025567, 2604078.169858171138912 ], [ 2688649.037069160025567, 2604001.32652206113562 ], [ 2688725.879162558820099, 2603924.483185951132327 ], [ 2688725.879162558820099, 2603847.641450977884233 ], [ 2688649.037069160025567, 2603847.641450977884233 ], [ 2688649.037069160025567, 2603770.79811486788094 ], [ 2688725.879162558820099, 2603770.79811486788094 ], [ 2688725.879162558820099, 2603693.954778757877648 ], [ 2688725.879162558820099, 2603617.111442647874355 ], [ 2688802.721255957148969, 2603617.111442647874355 ], [ 2688879.563349355943501, 2603617.111442647874355 ], [ 2688956.405442754738033, 2603617.111442647874355 ], [ 2688956.405442754738033, 2603693.954778757877648 ], [ 2689033.24913726374507, 2603693.954778757877648 ], [ 2689033.24913726374507, 2603770.79811486788094 ], [ 2689110.09123066207394, 2603770.79811486788094 ], [ 2689110.09123066207394, 2603847.641450977884233 ], [ 2689186.933324060868472, 2603847.641450977884233 ], [ 2689186.933324060868472, 2603924.483185951132327 ], [ 2689186.933324060868472, 2604001.32652206113562 ], [ 2689186.933324060868472, 2604078.169858171138912 ], [ 2689186.933324060868472, 2604155.011593144387007 ], [ 2689186.933324060868472, 2604231.854929254390299 ], [ 2689186.933324060868472, 2604308.698265364393592 ], [ 2689110.09123066207394, 2604308.698265364393592 ], [ 2689110.09123066207394, 2604385.541601473931223 ], [ 2689033.24913726374507, 2604385.541601473931223 ], [ 2688956.405442754738033, 2604385.541601473931223 ], [ 2688956.405442754738033, 2604462.383336447644979 ], [ 2689033.24913726374507, 2604462.383336447644979 ], [ 2689110.09123066207394, 2604462.383336447644979 ], [ 2689186.933324060868472, 2604462.383336447644979 ], [ 2689186.933324060868472, 2604539.226672557648271 ], [ 2689263.775417459197342, 2604539.226672557648271 ], [ 2689263.775417459197342, 2604616.070008667185903 ], [ 2689340.617510857991874, 2604616.070008667185903 ], [ 2689340.617510857991874, 2604692.913344777189195 ], [ 2689340.617510857991874, 2604769.755079750902951 ], [ 2689340.617510857991874, 2604846.598415860440582 ], [ 2689340.617510857991874, 2604923.441751970443875 ], [ 2689417.459604256320745, 2604923.441751970443875 ], [ 2689494.303298765327781, 2605000.285088080447167 ], [ 2689571.145392164122313, 2605000.285088080447167 ], [ 2689571.145392164122313, 2605077.126823053695261 ], [ 2689571.145392164122313, 2605153.970159163698554 ], [ 2689571.145392164122313, 2605230.813495273701847 ], [ 2689571.145392164122313, 2605307.655230246949941 ], [ 2689494.303298765327781, 2605307.655230246949941 ], [ 2689417.459604256320745, 2605307.655230246949941 ], [ 2689340.617510857991874, 2605307.655230246949941 ], [ 2689340.617510857991874, 2605384.498566356953233 ], [ 2689263.775417459197342, 2605384.498566356953233 ], [ 2689186.933324060868472, 2605384.498566356953233 ], [ 2689110.09123066207394, 2605461.341902466956526 ], [ 2689033.24913726374507, 2605461.341902466956526 ], [ 2689033.24913726374507, 2605538.185238576494157 ], [ 2688956.405442754738033, 2605538.185238576494157 ], [ 2688879.563349355943501, 2605538.185238576494157 ], [ 2688879.563349355943501, 2605615.026973550207913 ], [ 2688802.721255957148969, 2605615.026973550207913 ], [ 2688725.879162558820099, 2605615.026973550207913 ], [ 2688725.879162558820099, 2605691.870309660211205 ], [ 2688649.037069160025567, 2605691.870309660211205 ], [ 2688649.037069160025567, 2605768.713645769748837 ], [ 2688649.037069160025567, 2605845.556981879752129 ], [ 2688649.037069160025567, 2605922.398716853465885 ], [ 2688725.879162558820099, 2605922.398716853465885 ], [ 2688802.721255957148969, 2605922.398716853465885 ], [ 2688802.721255957148969, 2605845.556981879752129 ], [ 2688879.563349355943501, 2605768.713645769748837 ], [ 2688956.405442754738033, 2605691.870309660211205 ], [ 2689033.24913726374507, 2605691.870309660211205 ], [ 2689110.09123066207394, 2605691.870309660211205 ], [ 2689110.09123066207394, 2605768.713645769748837 ], [ 2689186.933324060868472, 2605768.713645769748837 ], [ 2689186.933324060868472, 2605845.556981879752129 ], [ 2689186.933324060868472, 2605922.398716853465885 ], [ 2689186.933324060868472, 2605999.242052963003516 ], [ 2689263.775417459197342, 2605999.242052963003516 ], [ 2689263.775417459197342, 2606076.085389073006809 ], [ 2689263.775417459197342, 2606152.928725183010101 ], [ 2689263.775417459197342, 2606229.770460156258196 ], [ 2689186.933324060868472, 2606229.770460156258196 ], [ 2689186.933324060868472, 2606306.613796266261488 ], [ 2689110.09123066207394, 2606306.613796266261488 ], [ 2689110.09123066207394, 2606383.457132376264781 ], [ 2689033.24913726374507, 2606383.457132376264781 ], [ 2689033.24913726374507, 2606460.298867349512875 ], [ 2689110.09123066207394, 2606537.142203459516168 ], [ 2689110.09123066207394, 2606613.98553956951946 ], [ 2689186.933324060868472, 2606690.828875679522753 ], [ 2689186.933324060868472, 2606767.670610652770847 ], [ 2689186.933324060868472, 2606844.51394676277414 ], [ 2689110.09123066207394, 2606844.51394676277414 ], [ 2689110.09123066207394, 2606921.357282872777432 ], [ 2689110.09123066207394, 2606998.200618982315063 ], [ 2689110.09123066207394, 2607075.042353956028819 ], [ 2689186.933324060868472, 2607151.885690066032112 ], [ 2689263.775417459197342, 2607151.885690066032112 ], [ 2689263.775417459197342, 2607075.042353956028819 ], [ 2689340.617510857991874, 2607075.042353956028819 ], [ 2689340.617510857991874, 2606998.200618982315063 ], [ 2689340.617510857991874, 2606921.357282872777432 ], [ 2689340.617510857991874, 2606844.51394676277414 ], [ 2689263.775417459197342, 2606844.51394676277414 ], [ 2689263.775417459197342, 2606767.670610652770847 ], [ 2689340.617510857991874, 2606767.670610652770847 ], [ 2689340.617510857991874, 2606690.828875679522753 ], [ 2689417.459604256320745, 2606690.828875679522753 ], [ 2689417.459604256320745, 2606613.98553956951946 ], [ 2689494.303298765327781, 2606613.98553956951946 ], [ 2689494.303298765327781, 2606690.828875679522753 ], [ 2689571.145392164122313, 2606690.828875679522753 ], [ 2689647.987485562451184, 2606690.828875679522753 ], [ 2689647.987485562451184, 2606767.670610652770847 ], [ 2689724.829578961245716, 2606767.670610652770847 ], [ 2689724.829578961245716, 2606844.51394676277414 ], [ 2689801.671672359574586, 2606844.51394676277414 ], [ 2689801.671672359574586, 2606921.357282872777432 ], [ 2689878.515366868581623, 2606998.200618982315063 ], [ 2689878.515366868581623, 2607075.042353956028819 ], [ 2689878.515366868581623, 2607151.885690066032112 ], [ 2689878.515366868581623, 2607228.729026175569743 ], [ 2689878.515366868581623, 2607305.570761149283499 ], [ 2689878.515366868581623, 2607382.414097259286791 ], [ 2689878.515366868581623, 2607459.257433368824422 ], [ 2689878.515366868581623, 2607536.100769478827715 ], [ 2689801.671672359574586, 2607536.100769478827715 ], [ 2689801.671672359574586, 2607612.942504452541471 ], [ 2689724.829578961245716, 2607612.942504452541471 ], [ 2689647.987485562451184, 2607612.942504452541471 ], [ 2689571.145392164122313, 2607612.942504452541471 ], [ 2689494.303298765327781, 2607612.942504452541471 ], [ 2689417.459604256320745, 2607612.942504452541471 ], [ 2689340.617510857991874, 2607612.942504452541471 ], [ 2689340.617510857991874, 2607536.100769478827715 ], [ 2689263.775417459197342, 2607536.100769478827715 ], [ 2689263.775417459197342, 2607612.942504452541471 ], [ 2689186.933324060868472, 2607612.942504452541471 ], [ 2689186.933324060868472, 2607689.785840562079102 ], [ 2689186.933324060868472, 2607766.629176672082394 ], [ 2689263.775417459197342, 2607766.629176672082394 ], [ 2689340.617510857991874, 2607766.629176672082394 ], [ 2689417.459604256320745, 2607689.785840562079102 ], [ 2689494.303298765327781, 2607689.785840562079102 ], [ 2689571.145392164122313, 2607689.785840562079102 ], [ 2689571.145392164122313, 2607612.942504452541471 ], [ 2689647.987485562451184, 2607612.942504452541471 ], [ 2689647.987485562451184, 2607689.785840562079102 ], [ 2689724.829578961245716, 2607689.785840562079102 ], [ 2689801.671672359574586, 2607689.785840562079102 ], [ 2689878.515366868581623, 2607689.785840562079102 ], [ 2689955.357460267376155, 2607689.785840562079102 ], [ 2689955.357460267376155, 2607612.942504452541471 ], [ 2689955.357460267376155, 2607536.100769478827715 ], [ 2689955.357460267376155, 2607459.257433368824422 ], [ 2690032.199553665705025, 2607459.257433368824422 ], [ 2690109.041647064499557, 2607382.414097259286791 ], [ 2690109.041647064499557, 2607459.257433368824422 ], [ 2690185.883740463294089, 2607459.257433368824422 ], [ 2690185.883740463294089, 2607536.100769478827715 ], [ 2690262.727434972301126, 2607536.100769478827715 ], [ 2690262.727434972301126, 2607612.942504452541471 ], [ 2690262.727434972301126, 2607689.785840562079102 ], [ 2690262.727434972301126, 2607766.629176672082394 ], [ 2690262.727434972301126, 2607843.472512782085687 ], [ 2690262.727434972301126, 2607920.314247755333781 ], [ 2690185.883740463294089, 2607920.314247755333781 ], [ 2690109.041647064499557, 2607920.314247755333781 ], [ 2690032.199553665705025, 2607920.314247755333781 ], [ 2689955.357460267376155, 2607920.314247755333781 ], [ 2689955.357460267376155, 2607997.157583865337074 ], [ 2689878.515366868581623, 2607997.157583865337074 ], [ 2689878.515366868581623, 2608074.000919975340366 ], [ 2689878.515366868581623, 2608150.844256084877998 ], [ 2689878.515366868581623, 2608227.685991058591753 ], [ 2689878.515366868581623, 2608304.529327168595046 ], [ 2689955.357460267376155, 2608304.529327168595046 ], [ 2690032.199553665705025, 2608304.529327168595046 ], [ 2690032.199553665705025, 2608227.685991058591753 ], [ 2690109.041647064499557, 2608227.685991058591753 ], [ 2690109.041647064499557, 2608150.844256084877998 ], [ 2690185.883740463294089, 2608150.844256084877998 ], [ 2690185.883740463294089, 2608074.000919975340366 ], [ 2690262.727434972301126, 2608074.000919975340366 ], [ 2690262.727434972301126, 2607997.157583865337074 ], [ 2690339.569528370629996, 2607997.157583865337074 ], [ 2690339.569528370629996, 2607920.314247755333781 ], [ 2690416.411621769424528, 2607920.314247755333781 ], [ 2690493.253715167753398, 2607920.314247755333781 ], [ 2690570.09580856654793, 2607843.472512782085687 ], [ 2690646.937901964876801, 2607843.472512782085687 ], [ 2690723.781596473883837, 2607920.314247755333781 ], [ 2690800.623689872678369, 2607920.314247755333781 ], [ 2690800.623689872678369, 2607997.157583865337074 ], [ 2690800.623689872678369, 2608074.000919975340366 ], [ 2690800.623689872678369, 2608150.844256084877998 ], [ 2690800.623689872678369, 2608227.685991058591753 ], [ 2690800.623689872678369, 2608304.529327168595046 ], [ 2690723.781596473883837, 2608304.529327168595046 ], [ 2690723.781596473883837, 2608381.372663278132677 ], [ 2690723.781596473883837, 2608458.214398251846433 ], [ 2690646.937901964876801, 2608458.214398251846433 ], [ 2690646.937901964876801, 2608535.057734361849725 ], [ 2690570.09580856654793, 2608535.057734361849725 ], [ 2690493.253715167753398, 2608535.057734361849725 ], [ 2690416.411621769424528, 2608535.057734361849725 ], [ 2690416.411621769424528, 2608611.901070471387357 ], [ 2690339.569528370629996, 2608611.901070471387357 ], [ 2690339.569528370629996, 2608688.744406581390649 ], [ 2690416.411621769424528, 2608688.744406581390649 ], [ 2690493.253715167753398, 2608688.744406581390649 ], [ 2690493.253715167753398, 2608765.586141555104405 ], [ 2690570.09580856654793, 2608765.586141555104405 ], [ 2690646.937901964876801, 2608842.429477664642036 ], [ 2690646.937901964876801, 2608919.272813774645329 ], [ 2690723.781596473883837, 2608919.272813774645329 ], [ 2690723.781596473883837, 2608996.116149884648621 ], [ 2690800.623689872678369, 2608996.116149884648621 ], [ 2690800.623689872678369, 2608919.272813774645329 ], [ 2690877.46578327100724, 2608919.272813774645329 ], [ 2690877.46578327100724, 2608842.429477664642036 ], [ 2690954.307876669801772, 2608842.429477664642036 ], [ 2690954.307876669801772, 2608765.586141555104405 ], [ 2691031.149970068130642, 2608765.586141555104405 ], [ 2691107.993664577137679, 2608765.586141555104405 ], [ 2691184.835757975932211, 2608765.586141555104405 ], [ 2691184.835757975932211, 2608842.429477664642036 ], [ 2691261.677851374261081, 2608919.272813774645329 ], [ 2691261.677851374261081, 2608996.116149884648621 ], [ 2691261.677851374261081, 2609072.957884857896715 ], [ 2691261.677851374261081, 2609149.801220967900008 ], [ 2691338.519944773055613, 2609149.801220967900008 ], [ 2691338.519944773055613, 2609226.644557077903301 ], [ 2691338.519944773055613, 2609303.487893187906593 ], [ 2691338.519944773055613, 2609380.329628161154687 ], [ 2691415.362038171384484, 2609380.329628161154687 ], [ 2691492.205732680857182, 2609380.329628161154687 ], [ 2691569.047826079186052, 2609380.329628161154687 ], [ 2691569.047826079186052, 2609303.487893187906593 ], [ 2691569.047826079186052, 2609226.644557077903301 ], [ 2691492.205732680857182, 2609226.644557077903301 ], [ 2691415.362038171384484, 2609226.644557077903301 ], [ 2691415.362038171384484, 2609149.801220967900008 ], [ 2691338.519944773055613, 2609149.801220967900008 ], [ 2691338.519944773055613, 2609072.957884857896715 ], [ 2691415.362038171384484, 2609072.957884857896715 ], [ 2691415.362038171384484, 2608996.116149884648621 ], [ 2691492.205732680857182, 2608996.116149884648621 ], [ 2691492.205732680857182, 2608919.272813774645329 ], [ 2691569.047826079186052, 2608919.272813774645329 ], [ 2691569.047826079186052, 2608842.429477664642036 ], [ 2691569.047826079186052, 2608765.586141555104405 ], [ 2691569.047826079186052, 2608688.744406581390649 ], [ 2691492.205732680857182, 2608688.744406581390649 ], [ 2691492.205732680857182, 2608611.901070471387357 ], [ 2691415.362038171384484, 2608611.901070471387357 ], [ 2691415.362038171384484, 2608535.057734361849725 ], [ 2691338.519944773055613, 2608535.057734361849725 ], [ 2691338.519944773055613, 2608458.214398251846433 ], [ 2691338.519944773055613, 2608381.372663278132677 ], [ 2691261.677851374261081, 2608381.372663278132677 ], [ 2691338.519944773055613, 2608381.372663278132677 ], [ 2691338.519944773055613, 2608304.529327168595046 ], [ 2691415.362038171384484, 2608304.529327168595046 ], [ 2691492.205732680857182, 2608304.529327168595046 ], [ 2691569.047826079186052, 2608304.529327168595046 ], [ 2691645.889919477980584, 2608304.529327168595046 ], [ 2691645.889919477980584, 2608227.685991058591753 ], [ 2691645.889919477980584, 2608150.844256084877998 ], [ 2691569.047826079186052, 2608150.844256084877998 ], [ 2691569.047826079186052, 2608074.000919975340366 ], [ 2691492.205732680857182, 2608074.000919975340366 ], [ 2691492.205732680857182, 2607997.157583865337074 ], [ 2691492.205732680857182, 2607920.314247755333781 ], [ 2691492.205732680857182, 2607843.472512782085687 ], [ 2691492.205732680857182, 2607766.629176672082394 ], [ 2691569.047826079186052, 2607766.629176672082394 ], [ 2691645.889919477980584, 2607766.629176672082394 ], [ 2691722.732012876309454, 2607689.785840562079102 ], [ 2691799.574106275103986, 2607689.785840562079102 ], [ 2691799.574106275103986, 2607612.942504452541471 ], [ 2691799.574106275103986, 2607536.100769478827715 ], [ 2691722.732012876309454, 2607459.257433368824422 ], [ 2691722.732012876309454, 2607382.414097259286791 ], [ 2691799.574106275103986, 2607382.414097259286791 ], [ 2691799.574106275103986, 2607305.570761149283499 ], [ 2691799.574106275103986, 2607228.729026175569743 ], [ 2691799.574106275103986, 2607151.885690066032112 ], [ 2691722.732012876309454, 2607075.042353956028819 ], [ 2691722.732012876309454, 2606998.200618982315063 ], [ 2691722.732012876309454, 2606921.357282872777432 ], [ 2691722.732012876309454, 2606844.51394676277414 ], [ 2691722.732012876309454, 2606767.670610652770847 ], [ 2691799.574106275103986, 2606767.670610652770847 ], [ 2691876.416199673432857, 2606767.670610652770847 ], [ 2691876.416199673432857, 2606690.828875679522753 ], [ 2691953.259894182439893, 2606690.828875679522753 ], [ 2691953.259894182439893, 2606613.98553956951946 ], [ 2692030.101987581234425, 2606613.98553956951946 ], [ 2692030.101987581234425, 2606537.142203459516168 ], [ 2692030.101987581234425, 2606460.298867349512875 ], [ 2692030.101987581234425, 2606383.457132376264781 ], [ 2691953.259894182439893, 2606383.457132376264781 ], [ 2691953.259894182439893, 2606306.613796266261488 ], [ 2691953.259894182439893, 2606229.770460156258196 ], [ 2692030.101987581234425, 2606229.770460156258196 ], [ 2692030.101987581234425, 2606152.928725183010101 ], [ 2692030.101987581234425, 2606076.085389073006809 ], [ 2692106.944080979563296, 2606076.085389073006809 ], [ 2692106.944080979563296, 2605999.242052963003516 ], [ 2692183.786174378357828, 2605999.242052963003516 ], [ 2692183.786174378357828, 2605922.398716853465885 ], [ 2692260.628267776686698, 2605922.398716853465885 ], [ 2692337.471962285693735, 2605922.398716853465885 ], [ 2692337.471962285693735, 2605845.556981879752129 ], [ 2692337.471962285693735, 2605768.713645769748837 ], [ 2692414.314055684488267, 2605768.713645769748837 ], [ 2692414.314055684488267, 2605691.870309660211205 ], [ 2692491.156149082817137, 2605615.026973550207913 ], [ 2692567.998242481611669, 2605615.026973550207913 ], [ 2692644.84033587994054, 2605615.026973550207913 ], [ 2692721.684030389413238, 2605615.026973550207913 ], [ 2692798.526123787742108, 2605615.026973550207913 ], [ 2692875.36821718653664, 2605615.026973550207913 ], [ 2692952.21031058486551, 2605615.026973550207913 ], [ 2692952.21031058486551, 2605538.185238576494157 ], [ 2693029.052403983660042, 2605538.185238576494157 ], [ 2693105.894497381988913, 2605538.185238576494157 ], [ 2693105.894497381988913, 2605461.341902466956526 ], [ 2693105.894497381988913, 2605384.498566356953233 ], [ 2693182.73819189099595, 2605384.498566356953233 ], [ 2693182.73819189099595, 2605307.655230246949941 ], [ 2693182.73819189099595, 2605230.813495273701847 ], [ 2693259.580285289790481, 2605230.813495273701847 ], [ 2693259.580285289790481, 2605153.970159163698554 ], [ 2693259.580285289790481, 2605077.126823053695261 ], [ 2693182.73819189099595, 2605077.126823053695261 ], [ 2693182.73819189099595, 2605000.285088080447167 ], [ 2693105.894497381988913, 2605000.285088080447167 ], [ 2693105.894497381988913, 2604923.441751970443875 ], [ 2693105.894497381988913, 2604846.598415860440582 ], [ 2693105.894497381988913, 2604769.755079750902951 ], [ 2693105.894497381988913, 2604692.913344777189195 ], [ 2693105.894497381988913, 2604616.070008667185903 ], [ 2693182.73819189099595, 2604616.070008667185903 ], [ 2693259.580285289790481, 2604616.070008667185903 ], [ 2693336.422378688119352, 2604616.070008667185903 ] ] } },
{ "type": "Feature", "properties": { }, "geometry": { "type": "LineString", "coordinates": [ [ 2693336.422378688119352, 2604616.070008667185903 ], [ 2693413.264472086913884, 2604692.913344777189195 ], [ 2693413.264472086913884, 2604769.755079750902951 ], [ 2693490.106565485242754, 2604769.755079750902951 ], [ 2693490.106565485242754, 2604846.598415860440582 ], [ 2693490.106565485242754, 2604923.441751970443875 ], [ 2693490.106565485242754, 2605000.285088080447167 ], [ 2693413.264472086913884, 2605000.285088080447167 ], [ 2693413.264472086913884, 2605077.126823053695261 ], [ 2693490.106565485242754, 2605077.126823053695261 ], [ 2693490.106565485242754, 2605153.970159163698554 ], [ 2693566.950259994249791, 2605153.970159163698554 ], [ 2693566.950259994249791, 2605230.813495273701847 ], [ 2693643.792353393044323, 2605230.813495273701847 ], [ 2693720.634446791373193, 2605230.813495273701847 ], [ 2693797.476540190167725, 2605230.813495273701847 ], [ 2693797.476540190167725, 2605153.970159163698554 ], [ 2693874.318633588496596, 2605153.970159163698554 ], [ 2693874.318633588496596, 2605077.126823053695261 ], [ 2693951.162328097503632, 2605077.126823053695261 ], [ 2693951.162328097503632, 2605000.285088080447167 ], [ 2694028.004421496298164, 2604923.441751970443875 ], [ 2694104.846514895092696, 2604923.441751970443875 ], [ 2694104.846514895092696, 2604846.598415860440582 ], [ 2694181.688608293421566, 2604846.598415860440582 ], [ 2694258.530701692216098, 2604846.598415860440582 ], [ 2694335.372795090544969, 2604846.598415860440582 ], [ 2694412.216489599552006, 2604846.598415860440582 ], [ 2694412.216489599552006, 2604923.441751970443875 ], [ 2694489.058582998346537, 2604923.441751970443875 ], [ 2694565.900676396675408, 2605000.285088080447167 ], [ 2694642.74276979546994, 2605077.126823053695261 ], [ 2694642.74276979546994, 2605153.970159163698554 ], [ 2694719.58486319379881, 2605153.970159163698554 ], [ 2694719.58486319379881, 2605230.813495273701847 ], [ 2694796.428557702805847, 2605230.813495273701847 ], [ 2694796.428557702805847, 2605307.655230246949941 ], [ 2694873.270651101600379, 2605307.655230246949941 ], [ 2694950.112744499929249, 2605307.655230246949941 ], [ 2695026.954837898723781, 2605307.655230246949941 ], [ 2695103.796931297052652, 2605307.655230246949941 ], [ 2695180.639024695847183, 2605307.655230246949941 ], [ 2695180.639024695847183, 2605230.813495273701847 ], [ 2695257.48271920485422, 2605230.813495273701847 ], [ 2695334.324812603648752, 2605230.813495273701847 ], [ 2695334.324812603648752, 2605153.970159163698554 ], [ 2695411.166906001977623, 2605077.126823053695261 ], [ 2695411.166906001977623, 2605000.285088080447167 ], [ 2695488.008999400772154, 2605000.285088080447167 ], [ 2695564.851092799101025, 2605000.285088080447167 ], [ 2695641.694787308108062, 2605000.285088080447167 ], [ 2695641.694787308108062, 2604923.441751970443875 ], [ 2695718.536880706902593, 2604923.441751970443875 ], [ 2695795.378974105231464, 2604923.441751970443875 ], [ 2695872.221067504025996, 2604923.441751970443875 ], [ 2695949.063160902354866, 2604923.441751970443875 ], [ 2695949.063160902354866, 2604846.598415860440582 ], [ 2696025.906855411361903, 2604846.598415860440582 ], [ 2696102.748948810156435, 2604846.598415860440582 ], [ 2696102.748948810156435, 2604769.755079750902951 ], [ 2696179.591042208485305, 2604769.755079750902951 ], [ 2696256.433135607279837, 2604769.755079750902951 ], [ 2696256.433135607279837, 2604692.913344777189195 ], [ 2696333.275229005608708, 2604692.913344777189195 ], [ 2696410.117322404403239, 2604692.913344777189195 ], [ 2696486.961016913410276, 2604692.913344777189195 ], [ 2696563.803110311739147, 2604616.070008667185903 ], [ 2696640.645203710533679, 2604616.070008667185903 ], [ 2696640.645203710533679, 2604539.226672557648271 ], [ 2696717.48729710932821, 2604539.226672557648271 ], [ 2696794.329390507657081, 2604539.226672557648271 ], [ 2696794.329390507657081, 2604462.383336447644979 ], [ 2696871.173085016664118, 2604462.383336447644979 ], [ 2696948.015178415458649, 2604462.383336447644979 ], [ 2696948.015178415458649, 2604539.226672557648271 ], [ 2697024.85727181378752, 2604539.226672557648271 ], [ 2697101.699365212582052, 2604539.226672557648271 ], [ 2697101.699365212582052, 2604462.383336447644979 ], [ 2697101.699365212582052, 2604385.541601473931223 ], [ 2697024.85727181378752, 2604385.541601473931223 ], [ 2697024.85727181378752, 2604308.698265364393592 ], [ 2697024.85727181378752, 2604231.854929254390299 ], [ 2697024.85727181378752, 2604155.011593144387007 ], [ 2697024.85727181378752, 2604078.169858171138912 ], [ 2697101.699365212582052, 2604078.169858171138912 ], [ 2697101.699365212582052, 2604001.32652206113562 ], [ 2697178.541458610910922, 2604001.32652206113562 ], [ 2697178.541458610910922, 2603924.483185951132327 ], [ 2697255.385153119917959, 2603924.483185951132327 ], [ 2697255.385153119917959, 2603847.641450977884233 ], [ 2697332.227246518712491, 2603847.641450977884233 ], [ 2697409.069339917041361, 2603847.641450977884233 ], [ 2697485.911433315835893, 2603770.79811486788094 ], [ 2697562.753526714164764, 2603770.79811486788094 ], [ 2697639.595620112959296, 2603770.79811486788094 ], [ 2697716.439314621966332, 2603770.79811486788094 ], [ 2697793.281408020295203, 2603847.641450977884233 ], [ 2697870.123501419089735, 2603847.641450977884233 ], [ 2697946.965594817884266, 2603847.641450977884233 ], [ 2697946.965594817884266, 2603770.79811486788094 ], [ 2698023.807688216213137, 2603770.79811486788094 ], [ 2698023.807688216213137, 2603693.954778757877648 ], [ 2698023.807688216213137, 2603617.111442647874355 ], [ 2698100.651382725220174, 2603617.111442647874355 ], [ 2698100.651382725220174, 2603540.269707674626261 ], [ 2698177.493476124014705, 2603540.269707674626261 ], [ 2698177.493476124014705, 2603463.426371564622968 ], [ 2698254.335569522343576, 2603463.426371564622968 ], [ 2698254.335569522343576, 2603386.583035454619676 ], [ 2698331.177662921138108, 2603386.583035454619676 ], [ 2698408.019756319466978, 2603386.583035454619676 ], [ 2698408.019756319466978, 2603309.739699345082045 ], [ 2698484.863450828474015, 2603232.897964371368289 ], [ 2698561.705544227268547, 2603232.897964371368289 ], [ 2698561.705544227268547, 2603156.054628261364996 ], [ 2698638.547637625597417, 2603156.054628261364996 ], [ 2698715.389731024391949, 2603156.054628261364996 ], [ 2698715.389731024391949, 2603079.211292151827365 ], [ 2698792.23182442272082, 2603079.211292151827365 ], [ 2698869.073917821515352, 2603079.211292151827365 ], [ 2698945.917612330522388, 2603079.211292151827365 ], [ 2698945.917612330522388, 2603156.054628261364996 ], [ 2699022.759705728851259, 2603156.054628261364996 ], [ 2699099.601799127645791, 2603156.054628261364996 ], [ 2699176.443892526440322, 2603156.054628261364996 ], [ 2699176.443892526440322, 2603232.897964371368289 ], [ 2699253.285985924769193, 2603232.897964371368289 ], [ 2699330.12968043377623, 2603232.897964371368289 ], [ 2699330.12968043377623, 2603309.739699345082045 ], [ 2699406.971773832570761, 2603309.739699345082045 ], [ 2699406.971773832570761, 2603386.583035454619676 ], [ 2699483.813867230899632, 2603386.583035454619676 ], [ 2699560.655960629694164, 2603463.426371564622968 ], [ 2699637.498054028023034, 2603463.426371564622968 ], [ 2699714.341748537030071, 2603463.426371564622968 ], [ 2699714.341748537030071, 2603386.583035454619676 ], [ 2699791.183841935824603, 2603386.583035454619676 ], [ 2699868.025935334153473, 2603309.739699345082045 ], [ 2699944.868028732948005, 2603309.739699345082045 ], [ 2700021.710122131276876, 2603309.739699345082045 ], [ 2700021.710122131276876, 2603232.897964371368289 ], [ 2700098.552215530071408, 2603232.897964371368289 ], [ 2700175.395910039078444, 2603232.897964371368289 ], [ 2700252.238003437407315, 2603232.897964371368289 ], [ 2700329.080096836201847, 2603232.897964371368289 ], [ 2700329.080096836201847, 2603156.054628261364996 ], [ 2700405.922190234996378, 2603156.054628261364996 ], [ 2700482.764283633325249, 2603156.054628261364996 ], [ 2700482.764283633325249, 2603232.897964371368289 ], [ 2700559.607978142332286, 2603232.897964371368289 ], [ 2700636.450071541126817, 2603232.897964371368289 ], [ 2700636.450071541126817, 2603309.739699345082045 ], [ 2700713.292164939455688, 2603309.739699345082045 ], [ 2700713.292164939455688, 2603386.583035454619676 ], [ 2700790.13425833825022, 2603386.583035454619676 ], [ 2700866.97635173657909, 2603463.426371564622968 ], [ 2700866.97635173657909, 2603540.269707674626261 ], [ 2700943.820046245586127, 2603540.269707674626261 ], [ 2700943.820046245586127, 2603617.111442647874355 ], [ 2701020.662139644380659, 2603617.111442647874355 ], [ 2701020.662139644380659, 2603693.954778757877648 ], [ 2701020.662139644380659, 2603770.79811486788094 ], [ 2701097.504233042709529, 2603770.79811486788094 ], [ 2701097.504233042709529, 2603847.641450977884233 ], [ 2701097.504233042709529, 2603924.483185951132327 ], [ 2701174.346326441504061, 2603924.483185951132327 ], [ 2701251.188419839832932, 2603924.483185951132327 ], [ 2701328.030513238627464, 2603924.483185951132327 ], [ 2701328.030513238627464, 2603847.641450977884233 ], [ 2701404.8742077476345, 2603847.641450977884233 ], [ 2701481.716301145963371, 2603847.641450977884233 ], [ 2701558.558394544757903, 2603847.641450977884233 ], [ 2701558.558394544757903, 2603770.79811486788094 ], [ 2701635.400487943552434, 2603770.79811486788094 ], [ 2701712.242581341881305, 2603770.79811486788094 ], [ 2701789.086275850888342, 2603770.79811486788094 ], [ 2701789.086275850888342, 2603847.641450977884233 ], [ 2701865.928369249682873, 2603847.641450977884233 ], [ 2701865.928369249682873, 2603924.483185951132327 ], [ 2701865.928369249682873, 2604001.32652206113562 ], [ 2701865.928369249682873, 2604078.169858171138912 ], [ 2701942.770462648011744, 2604078.169858171138912 ], [ 2701942.770462648011744, 2604155.011593144387007 ], [ 2702019.612556046806276, 2604155.011593144387007 ], [ 2702019.612556046806276, 2604231.854929254390299 ], [ 2702019.612556046806276, 2604308.698265364393592 ], [ 2702096.454649445135146, 2604308.698265364393592 ], [ 2702173.296742843929678, 2604308.698265364393592 ], [ 2702173.296742843929678, 2604231.854929254390299 ], [ 2702250.140437352936715, 2604231.854929254390299 ], [ 2702326.982530751265585, 2604231.854929254390299 ], [ 2702326.982530751265585, 2604155.011593144387007 ], [ 2702403.824624150060117, 2604155.011593144387007 ], [ 2702480.666717548388988, 2604078.169858171138912 ], [ 2702557.50881094718352, 2604078.169858171138912 ], [ 2702557.50881094718352, 2604001.32652206113562 ], [ 2702634.352505456190556, 2604001.32652206113562 ], [ 2702711.194598854519427, 2604001.32652206113562 ], [ 2702864.87878565210849, 2604001.32652206113562 ], [ 2702864.87878565210849, 2603924.483185951132327 ], [ 2702941.720879050437361, 2603924.483185951132327 ], [ 2703018.564573559444398, 2603924.483185951132327 ], [ 2703095.40666695823893, 2603924.483185951132327 ], [ 2703172.2487603565678, 2603924.483185951132327 ], [ 2703249.090853755362332, 2603924.483185951132327 ], [ 2703325.932947153691202, 2604001.32652206113562 ], [ 2703402.775040552485734, 2604001.32652206113562 ], [ 2703479.618735061492771, 2604001.32652206113562 ], [ 2703556.460828459821641, 2604001.32652206113562 ], [ 2703633.302921858616173, 2604078.169858171138912 ], [ 2703710.145015256945044, 2604078.169858171138912 ], [ 2703710.145015256945044, 2604155.011593144387007 ], [ 2703786.987108655739576, 2604155.011593144387007 ], [ 2703863.830803164746612, 2604155.011593144387007 ], [ 2703940.672896563075483, 2604155.011593144387007 ], [ 2704017.514989961870015, 2604155.011593144387007 ], [ 2704094.357083360198885, 2604155.011593144387007 ], [ 2704171.199176758993417, 2604155.011593144387007 ], [ 2704248.042871268000454, 2604155.011593144387007 ], [ 2704324.884964666794986, 2604155.011593144387007 ], [ 2704401.727058065123856, 2604155.011593144387007 ], [ 2704401.727058065123856, 2604078.169858171138912 ], [ 2704478.569151463918388, 2604078.169858171138912 ], [ 2704555.411244862247258, 2604078.169858171138912 ], [ 2704555.411244862247258, 2604001.32652206113562 ], [ 2704632.25333826104179, 2604001.32652206113562 ], [ 2704709.097032770048827, 2604001.32652206113562 ], [ 2704709.097032770048827, 2603924.483185951132327 ], [ 2704785.939126168377697, 2603924.483185951132327 ], [ 2704862.781219567172229, 2603924.483185951132327 ], [ 2704939.6233129655011, 2603924.483185951132327 ], [ 2705016.465406364295632, 2603924.483185951132327 ], [ 2705093.309100873302668, 2603924.483185951132327 ], [ 2705093.309100873302668, 2603847.641450977884233 ], [ 2705170.151194271631539, 2603847.641450977884233 ], [ 2705170.151194271631539, 2603770.79811486788094 ], [ 2705246.993287670426071, 2603770.79811486788094 ], [ 2705323.835381068754941, 2603770.79811486788094 ], [ 2705323.835381068754941, 2603693.954778757877648 ], [ 2705400.677474467549473, 2603693.954778757877648 ], [ 2705477.52116897655651, 2603693.954778757877648 ], [ 2705554.363262375351042, 2603693.954778757877648 ], [ 2705554.363262375351042, 2603770.79811486788094 ], [ 2705631.205355773679912, 2603770.79811486788094 ], [ 2705631.205355773679912, 2603847.641450977884233 ], [ 2705631.205355773679912, 2603924.483185951132327 ], [ 2705708.047449172474444, 2603924.483185951132327 ], [ 2705708.047449172474444, 2604001.32652206113562 ], [ 2705784.889542570803314, 2604001.32652206113562 ], [ 2705784.889542570803314, 2604078.169858171138912 ], [ 2705861.731635969597846, 2604078.169858171138912 ], [ 2705938.575330478604883, 2604078.169858171138912 ], [ 2705938.575330478604883, 2604001.32652206113562 ], [ 2706015.417423876933753, 2604001.32652206113562 ], [ 2705938.575330478604883, 2604001.32652206113562 ], [ 2705938.575330478604883, 2603924.483185951132327 ], [ 2705938.575330478604883, 2603847.641450977884233 ], [ 2705938.575330478604883, 2603770.79811486788094 ], [ 2706015.417423876933753, 2603770.79811486788094 ], [ 2706015.417423876933753, 2603693.954778757877648 ], [ 2706092.259517275728285, 2603693.954778757877648 ], [ 2706092.259517275728285, 2603617.111442647874355 ], [ 2706169.101610674057156, 2603617.111442647874355 ], [ 2706169.101610674057156, 2603693.954778757877648 ], [ 2706245.943704072851688, 2603693.954778757877648 ], [ 2706322.787398581858724, 2603693.954778757877648 ], [ 2706322.787398581858724, 2603770.79811486788094 ], [ 2706399.629491980187595, 2603770.79811486788094 ], [ 2706399.629491980187595, 2603693.954778757877648 ], [ 2706476.471585378982127, 2603693.954778757877648 ], [ 2706476.471585378982127, 2603617.111442647874355 ], [ 2706553.313678777310997, 2603617.111442647874355 ], [ 2706630.155772176105529, 2603617.111442647874355 ], [ 2706706.999466685112566, 2603617.111442647874355 ], [ 2706783.841560083907098, 2603617.111442647874355 ], [ 2706783.841560083907098, 2603540.269707674626261 ], [ 2706860.683653482235968, 2603540.269707674626261 ], [ 2706860.683653482235968, 2603463.426371564622968 ], [ 2706937.5257468810305, 2603463.426371564622968 ], [ 2706937.5257468810305, 2603386.583035454619676 ], [ 2707014.36784027935937, 2603386.583035454619676 ], [ 2707014.36784027935937, 2603463.426371564622968 ], [ 2707091.209933678153902, 2603463.426371564622968 ], [ 2707168.053628187160939, 2603463.426371564622968 ], [ 2707244.89572158548981, 2603463.426371564622968 ], [ 2707244.89572158548981, 2603386.583035454619676 ], [ 2707244.89572158548981, 2603309.739699345082045 ], [ 2707244.89572158548981, 2603232.897964371368289 ], [ 2707244.89572158548981, 2603156.054628261364996 ], [ 2707321.737814984284341, 2603156.054628261364996 ], [ 2707398.579908382613212, 2603156.054628261364996 ], [ 2707475.422001781407744, 2603156.054628261364996 ], [ 2707475.422001781407744, 2603232.897964371368289 ], [ 2707552.26569629041478, 2603232.897964371368289 ], [ 2707629.107789688743651, 2603232.897964371368289 ], [ 2707629.107789688743651, 2603156.054628261364996 ], [ 2707705.949883087538183, 2603156.054628261364996 ], [ 2707705.949883087538183, 2603079.211292151827365 ], [ 2707629.107789688743651, 2603079.211292151827365 ], [ 2707552.26569629041478, 2603079.211292151827365 ], [ 2707475.422001781407744, 2603079.211292151827365 ], [ 2707475.422001781407744, 2603002.36955717811361 ], [ 2707398.579908382613212, 2603002.36955717811361 ], [ 2707398.579908382613212, 2602925.526221068110317 ], [ 2707398.579908382613212, 2602848.682884958572686 ], [ 2707398.579908382613212, 2602771.839548848569393 ], [ 2707475.422001781407744, 2602771.839548848569393 ], [ 2707475.422001781407744, 2602694.997813874855638 ], [ 2707552.26569629041478, 2602694.997813874855638 ], [ 2707552.26569629041478, 2602618.154477765318006 ], [ 2707629.107789688743651, 2602618.154477765318006 ], [ 2707629.107789688743651, 2602541.311141655314714 ], [ 2707705.949883087538183, 2602541.311141655314714 ], [ 2707782.791976485867053, 2602541.311141655314714 ], [ 2707782.791976485867053, 2602464.467805545311421 ], [ 2707782.791976485867053, 2602387.626070572063327 ], [ 2707782.791976485867053, 2602310.782734462060034 ], [ 2707782.791976485867053, 2602233.939398352056742 ], [ 2707782.791976485867053, 2602157.09606224251911 ], [ 2707782.791976485867053, 2602080.254327268805355 ], [ 2707782.791976485867053, 2602003.410991158802062 ], [ 2707782.791976485867053, 2601926.567655049264431 ], [ 2707859.634069884661585, 2601926.567655049264431 ], [ 2707859.634069884661585, 2601849.725920075550675 ], [ 2707859.634069884661585, 2601772.882583965547383 ], [ 2707936.477764393668622, 2601772.882583965547383 ], [ 2707936.477764393668622, 2601696.039247856009752 ], [ 2708013.319857792463154, 2601696.039247856009752 ], [ 2708013.319857792463154, 2601619.195911746006459 ], [ 2708090.161951190792024, 2601619.195911746006459 ], [ 2708167.004044589586556, 2601619.195911746006459 ], [ 2708243.846137987915426, 2601619.195911746006459 ], [ 2708320.688231386709958, 2601619.195911746006459 ], [ 2708397.531925895716995, 2601696.039247856009752 ], [ 2708474.374019294045866, 2601696.039247856009752 ], [ 2708474.374019294045866, 2601772.882583965547383 ], [ 2708474.374019294045866, 2601849.725920075550675 ], [ 2708551.216112692840397, 2601849.725920075550675 ], [ 2708551.216112692840397, 2601926.567655049264431 ], [ 2708551.216112692840397, 2602003.410991158802062 ], [ 2708551.216112692840397, 2602080.254327268805355 ], [ 2708474.374019294045866, 2602080.254327268805355 ], [ 2708474.374019294045866, 2602157.09606224251911 ], [ 2708474.374019294045866, 2602233.939398352056742 ], [ 2708397.531925895716995, 2602233.939398352056742 ], [ 2708320.688231386709958, 2602310.782734462060034 ], [ 2708243.846137987915426, 2602310.782734462060034 ], [ 2708243.846137987915426, 2602387.626070572063327 ], [ 2708167.004044589586556, 2602387.626070572063327 ], [ 2708167.004044589586556, 2602464.467805545311421 ], [ 2708243.846137987915426, 2602464.467805545311421 ], [ 2708243.846137987915426, 2602541.311141655314714 ], [ 2708320.688231386709958, 2602541.311141655314714 ], [ 2708397.531925895716995, 2602541.311141655314714 ], [ 2708474.374019294045866, 2602541.311141655314714 ], [ 2708474.374019294045866, 2602464.467805545311421 ], [ 2708551.216112692840397, 2602464.467805545311421 ], [ 2708628.058206091169268, 2602464.467805545311421 ], [ 2708628.058206091169268, 2602387.626070572063327 ], [ 2708704.9002994899638, 2602387.626070572063327 ], [ 2708781.743993998970836, 2602310.782734462060034 ], [ 2708858.586087397299707, 2602310.782734462060034 ], [ 2708858.586087397299707, 2602233.939398352056742 ], [ 2708781.743993998970836, 2602233.939398352056742 ], [ 2708781.743993998970836, 2602157.09606224251911 ], [ 2708781.743993998970836, 2602080.254327268805355 ], [ 2708781.743993998970836, 2602003.410991158802062 ], [ 2708781.743993998970836, 2601926.567655049264431 ], [ 2708781.743993998970836, 2601849.725920075550675 ], [ 2708781.743993998970836, 2601772.882583965547383 ], [ 2708781.743993998970836, 2601696.039247856009752 ], [ 2708781.743993998970836, 2601619.195911746006459 ], [ 2708858.586087397299707, 2601619.195911746006459 ], [ 2708935.428180796094239, 2601619.195911746006459 ], [ 2709012.270274194423109, 2601619.195911746006459 ], [ 2709012.270274194423109, 2601696.039247856009752 ], [ 2709012.270274194423109, 2601772.882583965547383 ], [ 2709012.270274194423109, 2601849.725920075550675 ], [ 2709089.112367593217641, 2601849.725920075550675 ], [ 2709089.112367593217641, 2601926.567655049264431 ], [ 2709165.954460991546512, 2601926.567655049264431 ], [ 2709242.798155500553548, 2601926.567655049264431 ], [ 2709319.64024889934808, 2601926.567655049264431 ], [ 2709319.64024889934808, 2602003.410991158802062 ], [ 2709319.64024889934808, 2602080.254327268805355 ], [ 2709396.482342298142612, 2602080.254327268805355 ], [ 2709396.482342298142612, 2602157.09606224251911 ], [ 2709473.324435696471483, 2602157.09606224251911 ], [ 2709550.166529095266014, 2602157.09606224251911 ], [ 2709627.010223604273051, 2602157.09606224251911 ], [ 2709703.852317002601922, 2602157.09606224251911 ], [ 2709780.694410401396453, 2602157.09606224251911 ], [ 2709780.694410401396453, 2602233.939398352056742 ], [ 2709857.536503799725324, 2602310.782734462060034 ], [ 2709857.536503799725324, 2602387.626070572063327 ], [ 2709934.378597198519856, 2602387.626070572063327 ], [ 2709934.378597198519856, 2602464.467805545311421 ], [ 2709934.378597198519856, 2602541.311141655314714 ], [ 2709934.378597198519856, 2602618.154477765318006 ], [ 2709934.378597198519856, 2602694.997813874855638 ], [ 2709934.378597198519856, 2602771.839548848569393 ], [ 2710011.222291707526892, 2602771.839548848569393 ], [ 2710011.222291707526892, 2602848.682884958572686 ], [ 2710011.222291707526892, 2602925.526221068110317 ], [ 2710011.222291707526892, 2603002.36955717811361 ], [ 2710088.064385105855763, 2603002.36955717811361 ], [ 2710088.064385105855763, 2603079.211292151827365 ], [ 2710088.064385105855763, 2603156.054628261364996 ], [ 2710164.906478504650295, 2603156.054628261364996 ], [ 2710164.906478504650295, 2603232.897964371368289 ], [ 2710241.748571902979165, 2603232.897964371368289 ], [ 2710241.748571902979165, 2603309.739699345082045 ], [ 2710318.590665301773697, 2603309.739699345082045 ], [ 2710395.432758700102568, 2603232.897964371368289 ], [ 2710395.432758700102568, 2603309.739699345082045 ], [ 2710472.276453209109604, 2603309.739699345082045 ], [ 2710549.118546607904136, 2603309.739699345082045 ], [ 2710625.960640006698668, 2603309.739699345082045 ], [ 2710702.802733405027539, 2603386.583035454619676 ], [ 2710779.64482680382207, 2603386.583035454619676 ], [ 2710856.488521312829107, 2603386.583035454619676 ], [ 2710856.488521312829107, 2603463.426371564622968 ], [ 2710933.330614711157978, 2603463.426371564622968 ], [ 2711010.172708109952509, 2603540.269707674626261 ], [ 2711087.01480150828138, 2603540.269707674626261 ], [ 2711087.01480150828138, 2603617.111442647874355 ], [ 2711163.856894907075912, 2603617.111442647874355 ], [ 2711163.856894907075912, 2603693.954778757877648 ], [ 2711240.700589416082948, 2603693.954778757877648 ], [ 2711240.700589416082948, 2603770.79811486788094 ], [ 2711240.700589416082948, 2603847.641450977884233 ], [ 2711317.542682814411819, 2603847.641450977884233 ], [ 2711317.542682814411819, 2603924.483185951132327 ], [ 2711317.542682814411819, 2604001.32652206113562 ], [ 2711394.384776213206351, 2604001.32652206113562 ], [ 2711394.384776213206351, 2604078.169858171138912 ], [ 2711394.384776213206351, 2604155.011593144387007 ], [ 2711471.226869611535221, 2604155.011593144387007 ], [ 2711471.226869611535221, 2604231.854929254390299 ], [ 2711471.226869611535221, 2604308.698265364393592 ], [ 2711548.068963010329753, 2604308.698265364393592 ], [ 2711548.068963010329753, 2604385.541601473931223 ], [ 2711624.911056408658624, 2604462.383336447644979 ], [ 2711701.75475091766566, 2604539.226672557648271 ], [ 2711778.596844316460192, 2604539.226672557648271 ], [ 2711778.596844316460192, 2604616.070008667185903 ], [ 2711855.438937715254724, 2604616.070008667185903 ], [ 2711932.281031113583595, 2604692.913344777189195 ], [ 2712009.123124512378126, 2604769.755079750902951 ], [ 2712009.123124512378126, 2604846.598415860440582 ], [ 2712085.966819021385163, 2604846.598415860440582 ], [ 2712085.966819021385163, 2604923.441751970443875 ], [ 2712009.123124512378126, 2604923.441751970443875 ], [ 2712009.123124512378126, 2605000.285088080447167 ], [ 2712009.123124512378126, 2605077.126823053695261 ], [ 2711932.281031113583595, 2605077.126823053695261 ], [ 2711932.281031113583595, 2605153.970159163698554 ], [ 2711855.438937715254724, 2605230.813495273701847 ], [ 2711778.596844316460192, 2605230.813495273701847 ], [ 2711778.596844316460192, 2605307.655230246949941 ], [ 2711701.75475091766566, 2605307.655230246949941 ], [ 2711701.75475091766566, 2605384.498566356953233 ], [ 2711624.911056408658624, 2605384.498566356953233 ], [ 2711548.068963010329753, 2605384.498566356953233 ], [ 2711548.068963010329753, 2605461.341902466956526 ], [ 2711548.068963010329753, 2605538.185238576494157 ], [ 2711471.226869611535221, 2605538.185238576494157 ], [ 2711471.226869611535221, 2605615.026973550207913 ], [ 2711471.226869611535221, 2605691.870309660211205 ], [ 2711394.384776213206351, 2605691.870309660211205 ], [ 2711394.384776213206351, 2605768.713645769748837 ], [ 2711394.384776213206351, 2605845.556981879752129 ], [ 2711394.384776213206351, 2605922.398716853465885 ], [ 2711394.384776213206351, 2605999.242052963003516 ], [ 2711471.226869611535221, 2605999.242052963003516 ], [ 2711471.226869611535221, 2606076.085389073006809 ], [ 2711471.226869611535221, 2606152.928725183010101 ], [ 2711471.226869611535221, 2606229.770460156258196 ], [ 2711471.226869611535221, 2606306.613796266261488 ], [ 2711471.226869611535221, 2606383.457132376264781 ], [ 2711471.226869611535221, 2606460.298867349512875 ], [ 2711471.226869611535221, 2606537.142203459516168 ], [ 2711471.226869611535221, 2606613.98553956951946 ], [ 2711471.226869611535221, 2606690.828875679522753 ], [ 2711548.068963010329753, 2606690.828875679522753 ], [ 2711548.068963010329753, 2606767.670610652770847 ], [ 2711624.911056408658624, 2606767.670610652770847 ], [ 2711624.911056408658624, 2606844.51394676277414 ], [ 2711701.75475091766566, 2606844.51394676277414 ], [ 2711701.75475091766566, 2606921.357282872777432 ], [ 2711778.596844316460192, 2606921.357282872777432 ], [ 2711778.596844316460192, 2606998.200618982315063 ], [ 2711855.438937715254724, 2606998.200618982315063 ], [ 2711855.438937715254724, 2607075.042353956028819 ], [ 2711932.281031113583595, 2607075.042353956028819 ], [ 2712009.123124512378126, 2607075.042353956028819 ], [ 2712085.966819021385163, 2607075.042353956028819 ], [ 2712085.966819021385163, 2607151.885690066032112 ], [ 2712162.808912419714034, 2607151.885690066032112 ], [ 2712162.808912419714034, 2607228.729026175569743 ], [ 2712239.651005818508565, 2607228.729026175569743 ], [ 2712239.651005818508565, 2607382.414097259286791 ], [ 2712316.493099216837436, 2607382.414097259286791 ], [ 2712316.493099216837436, 2607459.257433368824422 ], [ 2712316.493099216837436, 2607536.100769478827715 ], [ 2712316.493099216837436, 2607612.942504452541471 ], [ 2712393.335192615631968, 2607612.942504452541471 ], [ 2712393.335192615631968, 2607689.785840562079102 ], [ 2712393.335192615631968, 2607766.629176672082394 ], [ 2712393.335192615631968, 2607843.472512782085687 ], [ 2712393.335192615631968, 2607920.314247755333781 ], [ 2712316.493099216837436, 2607920.314247755333781 ], [ 2712316.493099216837436, 2607997.157583865337074 ], [ 2712239.651005818508565, 2607997.157583865337074 ], [ 2712239.651005818508565, 2608074.000919975340366 ], [ 2712162.808912419714034, 2608074.000919975340366 ], [ 2712085.966819021385163, 2608074.000919975340366 ], [ 2712009.123124512378126, 2608074.000919975340366 ], [ 2711932.281031113583595, 2608150.844256084877998 ], [ 2711932.281031113583595, 2608227.685991058591753 ], [ 2712009.123124512378126, 2608227.685991058591753 ], [ 2712009.123124512378126, 2608304.529327168595046 ], [ 2712085.966819021385163, 2608381.372663278132677 ], [ 2712162.808912419714034, 2608458.214398251846433 ], [ 2712239.651005818508565, 2608458.214398251846433 ], [ 2712239.651005818508565, 2608535.057734361849725 ], [ 2712316.493099216837436, 2608535.057734361849725 ], [ 2712316.493099216837436, 2608611.901070471387357 ], [ 2712393.335192615631968, 2608688.744406581390649 ], [ 2712393.335192615631968, 2608765.586141555104405 ], [ 2712470.178887124639004, 2608765.586141555104405 ], [ 2712470.178887124639004, 2608842.429477664642036 ], [ 2712547.020980522967875, 2608842.429477664642036 ], [ 2712547.020980522967875, 2608919.272813774645329 ], [ 2712547.020980522967875, 2608996.116149884648621 ], [ 2712547.020980522967875, 2609072.957884857896715 ], [ 2712547.020980522967875, 2609149.801220967900008 ], [ 2712547.020980522967875, 2609226.644557077903301 ], [ 2712470.178887124639004, 2609226.644557077903301 ], [ 2712470.178887124639004, 2609303.487893187906593 ], [ 2712393.335192615631968, 2609303.487893187906593 ], [ 2712393.335192615631968, 2609380.329628161154687 ], [ 2712393.335192615631968, 2609457.17296427115798 ], [ 2712393.335192615631968, 2609534.016300381161273 ], [ 2712470.178887124639004, 2609534.016300381161273 ], [ 2712470.178887124639004, 2609457.17296427115798 ], [ 2712547.020980522967875, 2609457.17296427115798 ], [ 2712623.863073921762407, 2609457.17296427115798 ], [ 2712700.705167320091277, 2609457.17296427115798 ], [ 2712700.705167320091277, 2609534.016300381161273 ], [ 2712777.547260718885809, 2609534.016300381161273 ], [ 2712854.38935411721468, 2609534.016300381161273 ], [ 2712931.233048626221716, 2609610.858035354409367 ], [ 2713008.075142025016248, 2609610.858035354409367 ], [ 2713084.91723542381078, 2609687.701371464412659 ], [ 2713161.759328822139651, 2609764.544707574415952 ], [ 2713238.601422220934182, 2609764.544707574415952 ], [ 2713238.601422220934182, 2609841.388043683953583 ], [ 2713315.445116729941219, 2609841.388043683953583 ], [ 2713392.28721012827009, 2609841.388043683953583 ], [ 2713392.28721012827009, 2609918.229778657667339 ], [ 2713392.28721012827009, 2609995.073114767670631 ], [ 2713392.28721012827009, 2610071.916450877208263 ], [ 2713392.28721012827009, 2610148.759786987211555 ], [ 2713469.129303527064621, 2610148.759786987211555 ], [ 2713469.129303527064621, 2610225.601521960925311 ], [ 2713469.129303527064621, 2610302.444858070462942 ], [ 2713545.971396925393492, 2610302.444858070462942 ], [ 2713545.971396925393492, 2610379.288194180466235 ], [ 2713622.813490324188024, 2610379.288194180466235 ], [ 2713699.65718483319506, 2610379.288194180466235 ], [ 2713699.65718483319506, 2610456.12992915417999 ], [ 2713776.499278231523931, 2610456.12992915417999 ], [ 2713776.499278231523931, 2610532.973265263717622 ], [ 2713853.341371630318463, 2610532.973265263717622 ], [ 2713930.183465028647333, 2610532.973265263717622 ], [ 2713930.183465028647333, 2610609.816601373720914 ], [ 2714007.025558427441865, 2610609.816601373720914 ], [ 2714007.025558427441865, 2610686.659937483724207 ], [ 2714083.867651825770736, 2610686.659937483724207 ], [ 2714083.867651825770736, 2610763.501672456972301 ], [ 2714160.711346334777772, 2610763.501672456972301 ], [ 2714160.711346334777772, 2610840.345008566975594 ], [ 2714160.711346334777772, 2610917.188344676978886 ], [ 2714160.711346334777772, 2610994.031680786516517 ], [ 2714160.711346334777772, 2611070.873415760230273 ], [ 2714160.711346334777772, 2611147.716751870233566 ], [ 2714083.867651825770736, 2611224.560087979771197 ], [ 2714083.867651825770736, 2611301.403424089774489 ], [ 2714083.867651825770736, 2611378.245159063488245 ], [ 2714007.025558427441865, 2611378.245159063488245 ], [ 2714007.025558427441865, 2611455.088495173025876 ], [ 2714007.025558427441865, 2611531.931831283029169 ], [ 2714007.025558427441865, 2611608.773566256742924 ], [ 2714007.025558427441865, 2611685.616902366280556 ], [ 2714007.025558427441865, 2611762.460238476283848 ], [ 2714083.867651825770736, 2611762.460238476283848 ], [ 2714160.711346334777772, 2611685.616902366280556 ], [ 2714160.711346334777772, 2611608.773566256742924 ], [ 2714237.553439733572304, 2611608.773566256742924 ], [ 2714237.553439733572304, 2611531.931831283029169 ], [ 2714314.395533132366836, 2611531.931831283029169 ], [ 2714314.395533132366836, 2611455.088495173025876 ], [ 2714391.237626530695707, 2611455.088495173025876 ], [ 2714468.079719929490238, 2611455.088495173025876 ], [ 2714468.079719929490238, 2611378.245159063488245 ], [ 2714544.923414438497275, 2611378.245159063488245 ], [ 2714621.765507836826146, 2611378.245159063488245 ], [ 2714698.607601235620677, 2611378.245159063488245 ], [ 2714698.607601235620677, 2611301.403424089774489 ], [ 2714775.449694633949548, 2611301.403424089774489 ], [ 2714775.449694633949548, 2611378.245159063488245 ], [ 2714852.29178803274408, 2611378.245159063488245 ], [ 2714929.135482541751117, 2611378.245159063488245 ], [ 2715005.977575940079987, 2611378.245159063488245 ], [ 2715082.819669338874519, 2611378.245159063488245 ], [ 2715082.819669338874519, 2611301.403424089774489 ], [ 2715159.661762737203389, 2611301.403424089774489 ], [ 2715236.503856135997921, 2611301.403424089774489 ], [ 2715236.503856135997921, 2611224.560087979771197 ], [ 2715313.345949534326792, 2611224.560087979771197 ], [ 2715390.189644043333828, 2611224.560087979771197 ], [ 2715467.03173744212836, 2611224.560087979771197 ], [ 2715543.873830840922892, 2611224.560087979771197 ], [ 2715543.873830840922892, 2611301.403424089774489 ], [ 2715543.873830840922892, 2611378.245159063488245 ], [ 2715620.715924239251763, 2611378.245159063488245 ], [ 2715543.873830840922892, 2611378.245159063488245 ], [ 2715543.873830840922892, 2611455.088495173025876 ], [ 2715543.873830840922892, 2611531.931831283029169 ], [ 2715467.03173744212836, 2611531.931831283029169 ], [ 2715467.03173744212836, 2611608.773566256742924 ], [ 2715390.189644043333828, 2611685.616902366280556 ], [ 2715467.03173744212836, 2611762.460238476283848 ], [ 2715467.03173744212836, 2611839.303574586287141 ], [ 2715467.03173744212836, 2611916.145309559535235 ], [ 2715467.03173744212836, 2611992.988645669538528 ], [ 2715467.03173744212836, 2612069.83198177954182 ], [ 2715467.03173744212836, 2612146.675317889545113 ], [ 2715467.03173744212836, 2612223.517052862793207 ], [ 2715467.03173744212836, 2612300.3603889727965 ], [ 2715467.03173744212836, 2612377.203725082799792 ], [ 2715543.873830840922892, 2612377.203725082799792 ], [ 2715620.715924239251763, 2612377.203725082799792 ], [ 2715697.558017638046294, 2612377.203725082799792 ], [ 2715774.401712147053331, 2612377.203725082799792 ], [ 2715851.243805545382202, 2612377.203725082799792 ], [ 2715851.243805545382202, 2612454.047061192337424 ], [ 2715928.085898944176733, 2612454.047061192337424 ], [ 2715928.085898944176733, 2612530.888796166051179 ], [ 2716004.927992342505604, 2612530.888796166051179 ], [ 2716004.927992342505604, 2612607.732132276054472 ], [ 2715928.085898944176733, 2612607.732132276054472 ], [ 2715928.085898944176733, 2612684.575468385592103 ], [ 2715851.243805545382202, 2612684.575468385592103 ], [ 2715851.243805545382202, 2612761.417203359305859 ], [ 2715774.401712147053331, 2612761.417203359305859 ], [ 2715697.558017638046294, 2612761.417203359305859 ], [ 2715620.715924239251763, 2612761.417203359305859 ], [ 2715543.873830840922892, 2612684.575468385592103 ], [ 2715467.03173744212836, 2612684.575468385592103 ], [ 2715390.189644043333828, 2612684.575468385592103 ], [ 2715313.345949534326792, 2612684.575468385592103 ], [ 2715313.345949534326792, 2612761.417203359305859 ], [ 2715313.345949534326792, 2612838.260539469309151 ], [ 2715390.189644043333828, 2612838.260539469309151 ], [ 2715390.189644043333828, 2612915.103875578846782 ], [ 2715390.189644043333828, 2612991.947211688850075 ], [ 2715467.03173744212836, 2612991.947211688850075 ], [ 2715467.03173744212836, 2613068.788946662563831 ], [ 2715543.873830840922892, 2613068.788946662563831 ], [ 2715620.715924239251763, 2613068.788946662563831 ], [ 2715697.558017638046294, 2613068.788946662563831 ], [ 2715774.401712147053331, 2613145.632282772101462 ], [ 2715851.243805545382202, 2613145.632282772101462 ], [ 2715851.243805545382202, 2613222.475618882104754 ], [ 2715851.243805545382202, 2613299.318954992108047 ], [ 2715851.243805545382202, 2613376.160689965356141 ], [ 2715851.243805545382202, 2613453.004026075359434 ], [ 2715774.401712147053331, 2613453.004026075359434 ], [ 2715774.401712147053331, 2613529.847362185362726 ], [ 2715774.401712147053331, 2613606.689097158610821 ], [ 2715697.558017638046294, 2613606.689097158610821 ], [ 2715697.558017638046294, 2613683.532433268614113 ], [ 2715697.558017638046294, 2613760.375769378617406 ], [ 2715697.558017638046294, 2613837.219105488155037 ], [ 2715697.558017638046294, 2613914.060840461868793 ], [ 2715697.558017638046294, 2613990.904176571872085 ], [ 2715774.401712147053331, 2613990.904176571872085 ], [ 2715774.401712147053331, 2614067.747512681409717 ], [ 2715774.401712147053331, 2613990.904176571872085 ], [ 2715851.243805545382202, 2613990.904176571872085 ], [ 2715851.243805545382202, 2613914.060840461868793 ], [ 2715928.085898944176733, 2613837.219105488155037 ], [ 2716004.927992342505604, 2613837.219105488155037 ], [ 2716081.770085741300136, 2613914.060840461868793 ], [ 2716081.770085741300136, 2613990.904176571872085 ], [ 2716158.612179139629006, 2613990.904176571872085 ], [ 2716158.612179139629006, 2614067.747512681409717 ], [ 2716235.455873648636043, 2614067.747512681409717 ], [ 2716312.297967047430575, 2614144.590848791413009 ], [ 2716312.297967047430575, 2614067.747512681409717 ], [ 2716312.297967047430575, 2614144.590848791413009 ], [ 2716389.140060445759445, 2614144.590848791413009 ], [ 2716465.982153844553977, 2614144.590848791413009 ], [ 2716542.824247242882848, 2614144.590848791413009 ], [ 2716542.824247242882848, 2614221.432583765126765 ], [ 2716619.667941751889884, 2614221.432583765126765 ], [ 2716619.667941751889884, 2614298.275919874664396 ], [ 2716696.510035150684416, 2614298.275919874664396 ], [ 2716696.510035150684416, 2614375.119255984667689 ], [ 2716773.352128549013287, 2614375.119255984667689 ], [ 2716773.352128549013287, 2614451.962592094670981 ], [ 2716850.194221947807819, 2614451.962592094670981 ], [ 2716927.03631534660235, 2614451.962592094670981 ], [ 2717003.880009855609387, 2614451.962592094670981 ], [ 2717080.722103253938258, 2614451.962592094670981 ], [ 2717080.722103253938258, 2614375.119255984667689 ], [ 2717080.722103253938258, 2614298.275919874664396 ], [ 2717157.56419665273279, 2614298.275919874664396 ], [ 2717157.56419665273279, 2614221.432583765126765 ], [ 2717080.722103253938258, 2614221.432583765126765 ], [ 2717080.722103253938258, 2614144.590848791413009 ], [ 2717157.56419665273279, 2614144.590848791413009 ], [ 2717157.56419665273279, 2614067.747512681409717 ], [ 2717157.56419665273279, 2613990.904176571872085 ], [ 2717234.40629005106166, 2613990.904176571872085 ], [ 2717311.248383449856192, 2613990.904176571872085 ], [ 2717311.248383449856192, 2613914.060840461868793 ], [ 2717388.090476848185062, 2613914.060840461868793 ], [ 2717464.934171357192099, 2613914.060840461868793 ], [ 2717541.776264755986631, 2613914.060840461868793 ], [ 2717618.618358154315501, 2613914.060840461868793 ], [ 2717618.618358154315501, 2613990.904176571872085 ], [ 2717695.460451553110033, 2613990.904176571872085 ], [ 2717772.302544951438904, 2614067.747512681409717 ], [ 2717849.14623946044594, 2614067.747512681409717 ], [ 2717925.988332859240472, 2614067.747512681409717 ], [ 2717925.988332859240472, 2613990.904176571872085 ], [ 2718002.830426257569343, 2613990.904176571872085 ], [ 2718002.830426257569343, 2613914.060840461868793 ], [ 2718079.672519656363875, 2613914.060840461868793 ], [ 2718156.514613055158406, 2613914.060840461868793 ], [ 2718156.514613055158406, 2613837.219105488155037 ], [ 2718233.358307564165443, 2613837.219105488155037 ], [ 2718310.200400962494314, 2613837.219105488155037 ], [ 2718387.042494361288846, 2613837.219105488155037 ], [ 2718463.884587759617716, 2613837.219105488155037 ], [ 2718540.726681158412248, 2613837.219105488155037 ], [ 2718617.568774556741118, 2613760.375769378617406 ], [ 2718694.412469065748155, 2613760.375769378617406 ], [ 2718694.412469065748155, 2613683.532433268614113 ], [ 2718771.254562464542687, 2613683.532433268614113 ], [ 2718771.254562464542687, 2613606.689097158610821 ], [ 2718848.096655862871557, 2613606.689097158610821 ], [ 2718924.938749261666089, 2613606.689097158610821 ], [ 2719001.78084265999496, 2613606.689097158610821 ], [ 2719078.624537169001997, 2613529.847362185362726 ], [ 2719155.466630567796528, 2613529.847362185362726 ], [ 2719155.466630567796528, 2613453.004026075359434 ], [ 2719232.308723966125399, 2613453.004026075359434 ], [ 2719232.308723966125399, 2613376.160689965356141 ], [ 2719309.150817364919931, 2613376.160689965356141 ], [ 2719385.992910763248801, 2613376.160689965356141 ], [ 2719462.836605272721499, 2613376.160689965356141 ], [ 2719539.67869867105037, 2613376.160689965356141 ], [ 2719616.520792069844902, 2613376.160689965356141 ], [ 2719616.520792069844902, 2613299.318954992108047 ], [ 2719693.362885468173772, 2613299.318954992108047 ], [ 2719693.362885468173772, 2613222.475618882104754 ], [ 2719770.204978866968304, 2613222.475618882104754 ], [ 2719770.204978866968304, 2613145.632282772101462 ], [ 2719923.890766774304211, 2613068.788946662563831 ], [ 2720000.732860173098743, 2613068.788946662563831 ], [ 2720000.732860173098743, 2612991.947211688850075 ], [ 2720077.574953571427613, 2612991.947211688850075 ], [ 2720154.417046970222145, 2612991.947211688850075 ], [ 2720154.417046970222145, 2613068.788946662563831 ], [ 2720231.259140368551016, 2613068.788946662563831 ], [ 2720308.102834877558053, 2613068.788946662563831 ], [ 2720308.102834877558053, 2613145.632282772101462 ], [ 2720308.102834877558053, 2613222.475618882104754 ], [ 2720308.102834877558053, 2613299.318954992108047 ], [ 2720384.944928276352584, 2613299.318954992108047 ], [ 2720461.787021674681455, 2613299.318954992108047 ], [ 2720538.629115073475987, 2613299.318954992108047 ], [ 2720538.629115073475987, 2613222.475618882104754 ], [ 2720538.629115073475987, 2613145.632282772101462 ], [ 2720538.629115073475987, 2613068.788946662563831 ], [ 2720538.629115073475987, 2612991.947211688850075 ], [ 2720461.787021674681455, 2612991.947211688850075 ], [ 2720461.787021674681455, 2612915.103875578846782 ], [ 2720461.787021674681455, 2612838.260539469309151 ], [ 2720538.629115073475987, 2612761.417203359305859 ], [ 2720538.629115073475987, 2612684.575468385592103 ], [ 2720615.471208471804857, 2612684.575468385592103 ], [ 2720615.471208471804857, 2612607.732132276054472 ], [ 2720692.314902981277555, 2612607.732132276054472 ], [ 2720769.156996379606426, 2612607.732132276054472 ], [ 2720769.156996379606426, 2612530.888796166051179 ], [ 2720845.999089778400958, 2612530.888796166051179 ], [ 2720922.841183176729828, 2612530.888796166051179 ], [ 2720922.841183176729828, 2612454.047061192337424 ], [ 2720999.68327657552436, 2612454.047061192337424 ], [ 2721076.52536997385323, 2612454.047061192337424 ], [ 2721153.369064482860267, 2612454.047061192337424 ], [ 2721230.211157881654799, 2612454.047061192337424 ], [ 2721307.05325127998367, 2612454.047061192337424 ], [ 2721307.05325127998367, 2612530.888796166051179 ], [ 2721383.895344678778201, 2612530.888796166051179 ], [ 2721460.737438077107072, 2612530.888796166051179 ], [ 2721460.737438077107072, 2612607.732132276054472 ], [ 2721537.581132586114109, 2612607.732132276054472 ], [ 2721537.581132586114109, 2612684.575468385592103 ], [ 2721537.581132586114109, 2612761.417203359305859 ], [ 2721614.42322598490864, 2612761.417203359305859 ], [ 2721614.42322598490864, 2612838.260539469309151 ], [ 2721614.42322598490864, 2612915.103875578846782 ], [ 2721537.581132586114109, 2612915.103875578846782 ], [ 2721614.42322598490864, 2612915.103875578846782 ], [ 2721537.581132586114109, 2612991.947211688850075 ], [ 2721537.581132586114109, 2613068.788946662563831 ], [ 2721537.581132586114109, 2613145.632282772101462 ], [ 2721460.737438077107072, 2613222.475618882104754 ], [ 2721460.737438077107072, 2613299.318954992108047 ], [ 2721460.737438077107072, 2613376.160689965356141 ], [ 2721460.737438077107072, 2613453.004026075359434 ], [ 2721537.581132586114109, 2613453.004026075359434 ], [ 2721537.581132586114109, 2613529.847362185362726 ], [ 2721614.42322598490864, 2613606.689097158610821 ], [ 2721691.265319383237511, 2613606.689097158610821 ], [ 2721691.265319383237511, 2613683.532433268614113 ], [ 2721768.107412782032043, 2613760.375769378617406 ], [ 2721768.107412782032043, 2613837.219105488155037 ], [ 2721844.949506180360913, 2613837.219105488155037 ], [ 2721844.949506180360913, 2613914.060840461868793 ], [ 2721844.949506180360913, 2613990.904176571872085 ], [ 2721921.79320068936795, 2613990.904176571872085 ], [ 2721998.635294088162482, 2613990.904176571872085 ], [ 2721998.635294088162482, 2614067.747512681409717 ], [ 2722075.477387486957014, 2614067.747512681409717 ], [ 2722075.477387486957014, 2614144.590848791413009 ], [ 2722152.319480885285884, 2614144.590848791413009 ], [ 2722152.319480885285884, 2614221.432583765126765 ], [ 2722229.161574284080416, 2614221.432583765126765 ], [ 2722306.003667682409286, 2614221.432583765126765 ], [ 2722306.003667682409286, 2614298.275919874664396 ], [ 2722382.847362191416323, 2614298.275919874664396 ], [ 2722459.689455590210855, 2614298.275919874664396 ], [ 2722536.531548988539726, 2614298.275919874664396 ], [ 2722613.373642387334257, 2614298.275919874664396 ], [ 2722690.215735785663128, 2614298.275919874664396 ], [ 2722767.059430294670165, 2614298.275919874664396 ], [ 2722843.901523693464696, 2614298.275919874664396 ], [ 2722920.743617091793567, 2614298.275919874664396 ], [ 2722997.585710490588099, 2614298.275919874664396 ], [ 2723074.427803888916969, 2614298.275919874664396 ], [ 2723151.269897287711501, 2614298.275919874664396 ], [ 2723228.113591796718538, 2614298.275919874664396 ], [ 2723304.95568519551307, 2614375.119255984667689 ], [ 2723381.79777859384194, 2614451.962592094670981 ], [ 2723458.639871992636472, 2614451.962592094670981 ], [ 2723458.639871992636472, 2614528.804327067919075 ], [ 2723535.481965390965343, 2614528.804327067919075 ], [ 2723612.325659899972379, 2614528.804327067919075 ], [ 2723612.325659899972379, 2614451.962592094670981 ], [ 2723689.167753298766911, 2614451.962592094670981 ], [ 2723689.167753298766911, 2614375.119255984667689 ], [ 2723689.167753298766911, 2614298.275919874664396 ], [ 2723689.167753298766911, 2614221.432583765126765 ], [ 2723689.167753298766911, 2614144.590848791413009 ], [ 2723766.009846697095782, 2614144.590848791413009 ], [ 2723766.009846697095782, 2614067.747512681409717 ], [ 2723766.009846697095782, 2613990.904176571872085 ], [ 2723842.851940095890313, 2613990.904176571872085 ], [ 2723842.851940095890313, 2613914.060840461868793 ], [ 2723842.851940095890313, 2613837.219105488155037 ], [ 2723842.851940095890313, 2613760.375769378617406 ], [ 2723919.694033494219184, 2613760.375769378617406 ], [ 2723996.537728003226221, 2613760.375769378617406 ], [ 2724073.379821402020752, 2613760.375769378617406 ], [ 2724150.221914800349623, 2613760.375769378617406 ], [ 2724150.221914800349623, 2613683.532433268614113 ], [ 2724227.064008199144155, 2613683.532433268614113 ], [ 2724303.906101597473025, 2613683.532433268614113 ], [ 2724380.748194996267557, 2613683.532433268614113 ], [ 2724457.591889505274594, 2613683.532433268614113 ], [ 2724534.433982904069126, 2613683.532433268614113 ], [ 2724534.433982904069126, 2613760.375769378617406 ], [ 2724611.276076302397996, 2613837.219105488155037 ], [ 2724611.276076302397996, 2613914.060840461868793 ], [ 2724688.118169701192528, 2613914.060840461868793 ], [ 2724688.118169701192528, 2613990.904176571872085 ], [ 2724688.118169701192528, 2614067.747512681409717 ], [ 2724764.960263099521399, 2614067.747512681409717 ], [ 2724764.960263099521399, 2614144.590848791413009 ], [ 2724764.960263099521399, 2614221.432583765126765 ], [ 2724841.803957608528435, 2614221.432583765126765 ], [ 2724841.803957608528435, 2614298.275919874664396 ], [ 2724918.646051007322967, 2614298.275919874664396 ], [ 2724995.488144405651838, 2614298.275919874664396 ], [ 2724995.488144405651838, 2614221.432583765126765 ], [ 2725072.330237804446369, 2614221.432583765126765 ], [ 2725149.17233120277524, 2614144.590848791413009 ], [ 2725226.016025711782277, 2614144.590848791413009 ], [ 2725226.016025711782277, 2614067.747512681409717 ], [ 2725302.858119110576808, 2614067.747512681409717 ], [ 2725302.858119110576808, 2613990.904176571872085 ], [ 2725379.700212508905679, 2613990.904176571872085 ], [ 2725379.700212508905679, 2613914.060840461868793 ], [ 2725456.542305907700211, 2613914.060840461868793 ], [ 2725456.542305907700211, 2613837.219105488155037 ], [ 2725456.542305907700211, 2613760.375769378617406 ], [ 2725456.542305907700211, 2613683.532433268614113 ], [ 2725533.384399306029081, 2613683.532433268614113 ], [ 2725533.384399306029081, 2613606.689097158610821 ], [ 2725533.384399306029081, 2613529.847362185362726 ], [ 2725610.226492704823613, 2613529.847362185362726 ], [ 2725610.226492704823613, 2613453.004026075359434 ], [ 2725687.07018721383065, 2613453.004026075359434 ], [ 2725687.07018721383065, 2613376.160689965356141 ], [ 2725763.912280612625182, 2613376.160689965356141 ], [ 2725840.754374010954052, 2613376.160689965356141 ], [ 2725840.754374010954052, 2613299.318954992108047 ], [ 2725917.596467409748584, 2613299.318954992108047 ], [ 2725917.596467409748584, 2613222.475618882104754 ], [ 2725994.438560808077455, 2613222.475618882104754 ], [ 2725994.438560808077455, 2613145.632282772101462 ], [ 2726071.282255317084491, 2613068.788946662563831 ], [ 2726071.282255317084491, 2612991.947211688850075 ], [ 2726148.124348715879023, 2612991.947211688850075 ], [ 2726148.124348715879023, 2612915.103875578846782 ], [ 2726148.124348715879023, 2612838.260539469309151 ], [ 2726148.124348715879023, 2612761.417203359305859 ], [ 2726071.282255317084491, 2612761.417203359305859 ], [ 2726071.282255317084491, 2612684.575468385592103 ], [ 2726148.124348715879023, 2612684.575468385592103 ], [ 2726148.124348715879023, 2612607.732132276054472 ], [ 2726148.124348715879023, 2612530.888796166051179 ], [ 2726224.966442114207894, 2612530.888796166051179 ], [ 2726224.966442114207894, 2612454.047061192337424 ], [ 2726301.808535513002425, 2612454.047061192337424 ], [ 2726378.650628911331296, 2612377.203725082799792 ], [ 2726378.650628911331296, 2612300.3603889727965 ], [ 2726455.494323420338333, 2612300.3603889727965 ], [ 2726455.494323420338333, 2612223.517052862793207 ], [ 2726455.494323420338333, 2612146.675317889545113 ], [ 2726532.336416819132864, 2612146.675317889545113 ], [ 2726609.178510217461735, 2612146.675317889545113 ], [ 2726686.020603616256267, 2612146.675317889545113 ], [ 2726686.020603616256267, 2612223.517052862793207 ], [ 2726762.862697014585137, 2612223.517052862793207 ], [ 2726762.862697014585137, 2612300.3603889727965 ], [ 2726762.862697014585137, 2612377.203725082799792 ], [ 2726839.704790413379669, 2612377.203725082799792 ], [ 2726839.704790413379669, 2612454.047061192337424 ], [ 2726916.548484922386706, 2612454.047061192337424 ], [ 2726993.390578321181238, 2612454.047061192337424 ], [ 2727070.232671719510108, 2612454.047061192337424 ], [ 2727070.232671719510108, 2612377.203725082799792 ], [ 2727147.07476511830464, 2612377.203725082799792 ], [ 2727223.916858516633511, 2612377.203725082799792 ], [ 2727300.760553025640547, 2612300.3603889727965 ], [ 2727377.602646424435079, 2612300.3603889727965 ], [ 2727454.44473982276395, 2612300.3603889727965 ], [ 2727454.44473982276395, 2612223.517052862793207 ], [ 2727531.286833221558481, 2612223.517052862793207 ], [ 2727608.128926619887352, 2612223.517052862793207 ], [ 2727608.128926619887352, 2612146.675317889545113 ], [ 2727684.972621128894389, 2612146.675317889545113 ], [ 2727684.972621128894389, 2612069.83198177954182 ], [ 2727684.972621128894389, 2611992.988645669538528 ], [ 2727761.81471452768892, 2611992.988645669538528 ], [ 2727761.81471452768892, 2611916.145309559535235 ], [ 2727761.81471452768892, 2611839.303574586287141 ], [ 2727761.81471452768892, 2611762.460238476283848 ], [ 2727684.972621128894389, 2611762.460238476283848 ], [ 2727608.128926619887352, 2611762.460238476283848 ], [ 2727608.128926619887352, 2611685.616902366280556 ], [ 2727531.286833221558481, 2611685.616902366280556 ], [ 2727454.44473982276395, 2611685.616902366280556 ], [ 2727454.44473982276395, 2611608.773566256742924 ], [ 2727377.602646424435079, 2611608.773566256742924 ], [ 2727377.602646424435079, 2611531.931831283029169 ], [ 2727300.760553025640547, 2611531.931831283029169 ], [ 2727300.760553025640547, 2611455.088495173025876 ], [ 2727223.916858516633511, 2611378.245159063488245 ], [ 2727300.760553025640547, 2611301.403424089774489 ], [ 2727300.760553025640547, 2611224.560087979771197 ], [ 2727300.760553025640547, 2611147.716751870233566 ], [ 2727377.602646424435079, 2611147.716751870233566 ], [ 2727377.602646424435079, 2611070.873415760230273 ], [ 2727377.602646424435079, 2610994.031680786516517 ], [ 2727300.760553025640547, 2610994.031680786516517 ], [ 2727223.916858516633511, 2610994.031680786516517 ], [ 2727147.07476511830464, 2610994.031680786516517 ], [ 2727070.232671719510108, 2610994.031680786516517 ], [ 2726993.390578321181238, 2610994.031680786516517 ], [ 2726993.390578321181238, 2610917.188344676978886 ], [ 2726916.548484922386706, 2610917.188344676978886 ], [ 2726916.548484922386706, 2610840.345008566975594 ], [ 2726839.704790413379669, 2610840.345008566975594 ], [ 2726839.704790413379669, 2610763.501672456972301 ], [ 2726839.704790413379669, 2610686.659937483724207 ], [ 2726762.862697014585137, 2610686.659937483724207 ], [ 2726762.862697014585137, 2610609.816601373720914 ], [ 2726762.862697014585137, 2610532.973265263717622 ], [ 2726839.704790413379669, 2610532.973265263717622 ], [ 2726839.704790413379669, 2610456.12992915417999 ], [ 2726916.548484922386706, 2610456.12992915417999 ], [ 2726916.548484922386706, 2610379.288194180466235 ], [ 2726993.390578321181238, 2610379.288194180466235 ], [ 2727070.232671719510108, 2610302.444858070462942 ], [ 2727147.07476511830464, 2610302.444858070462942 ], [ 2727147.07476511830464, 2610225.601521960925311 ], [ 2727223.916858516633511, 2610225.601521960925311 ], [ 2727223.916858516633511, 2610148.759786987211555 ], [ 2727223.916858516633511, 2610071.916450877208263 ], [ 2727223.916858516633511, 2609995.073114767670631 ], [ 2727147.07476511830464, 2609995.073114767670631 ], [ 2727147.07476511830464, 2609918.229778657667339 ], [ 2727147.07476511830464, 2609841.388043683953583 ], [ 2727147.07476511830464, 2609764.544707574415952 ], [ 2727223.916858516633511, 2609764.544707574415952 ] ] } },
{ "type": "Feature", "properties": { }, "geometry": { "type": "LineString", "coordinates": [ [ 2727223.916858516633511, 2609764.544707574415952 ], [ 2727223.916858516633511, 2609687.701371464412659 ], [ 2727223.916858516633511, 2609610.858035354409367 ], [ 2727223.916858516633511, 2609534.016300381161273 ], [ 2727223.916858516633511, 2609457.17296427115798 ], [ 2727300.760553025640547, 2609457.17296427115798 ], [ 2727300.760553025640547, 2609380.329628161154687 ], [ 2727377.602646424435079, 2609380.329628161154687 ], [ 2727377.602646424435079, 2609303.487893187906593 ], [ 2727454.44473982276395, 2609303.487893187906593 ], [ 2727531.286833221558481, 2609303.487893187906593 ], [ 2727531.286833221558481, 2609380.329628161154687 ], [ 2727608.128926619887352, 2609380.329628161154687 ], [ 2727684.972621128894389, 2609380.329628161154687 ], [ 2727761.81471452768892, 2609380.329628161154687 ], [ 2727838.656807926017791, 2609380.329628161154687 ], [ 2727915.498901324812323, 2609380.329628161154687 ], [ 2727915.498901324812323, 2609303.487893187906593 ], [ 2727992.340994723141193, 2609303.487893187906593 ], [ 2727992.340994723141193, 2609226.644557077903301 ], [ 2728069.183088121935725, 2609149.801220967900008 ], [ 2728146.026782630942762, 2609072.957884857896715 ], [ 2728146.026782630942762, 2608996.116149884648621 ], [ 2728222.868876029271632, 2608996.116149884648621 ], [ 2728222.868876029271632, 2608919.272813774645329 ], [ 2728299.710969428066164, 2608919.272813774645329 ], [ 2728376.553062826860696, 2608919.272813774645329 ], [ 2728376.553062826860696, 2608842.429477664642036 ], [ 2728453.395156225189567, 2608842.429477664642036 ], [ 2728453.395156225189567, 2608765.586141555104405 ], [ 2728530.238850734196603, 2608765.586141555104405 ], [ 2728530.238850734196603, 2608688.744406581390649 ], [ 2728607.080944132991135, 2608688.744406581390649 ], [ 2728683.923037531320006, 2608611.901070471387357 ], [ 2728760.765130930114537, 2608611.901070471387357 ], [ 2728760.765130930114537, 2608535.057734361849725 ], [ 2728837.607224328443408, 2608535.057734361849725 ], [ 2728837.607224328443408, 2608458.214398251846433 ], [ 2728914.450918837450445, 2608458.214398251846433 ], [ 2728991.293012236244977, 2608458.214398251846433 ], [ 2728991.293012236244977, 2608381.372663278132677 ], [ 2729068.135105634573847, 2608381.372663278132677 ], [ 2729144.977199033368379, 2608304.529327168595046 ], [ 2729221.819292431697249, 2608304.529327168595046 ], [ 2729221.819292431697249, 2608227.685991058591753 ], [ 2729298.661385830491781, 2608227.685991058591753 ], [ 2729375.505080339498818, 2608227.685991058591753 ], [ 2729452.34717373829335, 2608227.685991058591753 ], [ 2729529.18926713662222, 2608227.685991058591753 ], [ 2729529.18926713662222, 2608150.844256084877998 ], [ 2729606.031360534951091, 2608074.000919975340366 ], [ 2729606.031360534951091, 2607997.157583865337074 ], [ 2729606.031360534951091, 2607920.314247755333781 ], [ 2729606.031360534951091, 2607843.472512782085687 ], [ 2729606.031360534951091, 2607766.629176672082394 ], [ 2729682.873453933745623, 2607766.629176672082394 ], [ 2729682.873453933745623, 2607689.785840562079102 ], [ 2729682.873453933745623, 2607612.942504452541471 ], [ 2729682.873453933745623, 2607536.100769478827715 ], [ 2729759.717148442752659, 2607536.100769478827715 ], [ 2729759.717148442752659, 2607459.257433368824422 ], [ 2729836.559241841547191, 2607459.257433368824422 ], [ 2729913.401335239876062, 2607459.257433368824422 ], [ 2729913.401335239876062, 2607382.414097259286791 ], [ 2729990.243428638670594, 2607382.414097259286791 ], [ 2730067.085522036999464, 2607382.414097259286791 ], [ 2730143.927615435793996, 2607459.257433368824422 ], [ 2730220.771309944801033, 2607459.257433368824422 ], [ 2730297.613403343129903, 2607459.257433368824422 ], [ 2730374.455496741924435, 2607536.100769478827715 ], [ 2730451.297590140253305, 2607536.100769478827715 ], [ 2730528.139683539047837, 2607612.942504452541471 ], [ 2730604.983378048054874, 2607689.785840562079102 ], [ 2730604.983378048054874, 2607766.629176672082394 ], [ 2730681.825471446383744, 2607766.629176672082394 ], [ 2730758.667564845178276, 2607843.472512782085687 ], [ 2730835.509658243507147, 2607843.472512782085687 ], [ 2730835.509658243507147, 2607920.314247755333781 ], [ 2730912.351751642301679, 2607920.314247755333781 ], [ 2730912.351751642301679, 2607997.157583865337074 ], [ 2730989.195446151308715, 2607997.157583865337074 ], [ 2730989.195446151308715, 2608074.000919975340366 ], [ 2731066.037539550103247, 2608074.000919975340366 ], [ 2731066.037539550103247, 2608150.844256084877998 ], [ 2731142.879632948432118, 2608150.844256084877998 ], [ 2731142.879632948432118, 2608227.685991058591753 ], [ 2731219.72172634722665, 2608227.685991058591753 ], [ 2731219.72172634722665, 2608304.529327168595046 ], [ 2731296.56381974555552, 2608304.529327168595046 ], [ 2731296.56381974555552, 2608381.372663278132677 ], [ 2731373.405913144350052, 2608381.372663278132677 ], [ 2731373.405913144350052, 2608458.214398251846433 ], [ 2731450.249607653357089, 2608535.057734361849725 ], [ 2731450.249607653357089, 2608611.901070471387357 ], [ 2731527.091701051685959, 2608611.901070471387357 ], [ 2731527.091701051685959, 2608688.744406581390649 ], [ 2731603.933794450480491, 2608688.744406581390649 ], [ 2731603.933794450480491, 2608765.586141555104405 ], [ 2731680.775887848809361, 2608765.586141555104405 ], [ 2731680.775887848809361, 2608842.429477664642036 ], [ 2731757.617981247603893, 2608842.429477664642036 ], [ 2731834.46167575661093, 2608842.429477664642036 ], [ 2731911.303769154939801, 2608842.429477664642036 ], [ 2731988.145862553734332, 2608842.429477664642036 ], [ 2731988.145862553734332, 2608919.272813774645329 ], [ 2732064.987955952063203, 2608919.272813774645329 ], [ 2732141.830049350857735, 2608919.272813774645329 ], [ 2732218.673743859864771, 2608919.272813774645329 ], [ 2732295.515837258659303, 2608919.272813774645329 ], [ 2732295.515837258659303, 2608996.116149884648621 ], [ 2732372.357930656988174, 2608996.116149884648621 ], [ 2732449.200024055782706, 2608996.116149884648621 ], [ 2732526.042117454111576, 2608996.116149884648621 ], [ 2732526.042117454111576, 2609072.957884857896715 ], [ 2732602.884210852906108, 2609072.957884857896715 ], [ 2732679.727905361913145, 2609072.957884857896715 ], [ 2732679.727905361913145, 2609149.801220967900008 ], [ 2732756.569998760242015, 2609149.801220967900008 ], [ 2732756.569998760242015, 2609226.644557077903301 ], [ 2732833.412092159036547, 2609226.644557077903301 ], [ 2732833.412092159036547, 2609303.487893187906593 ], [ 2732910.254185557365417, 2609303.487893187906593 ], [ 2732987.096278956159949, 2609303.487893187906593 ], [ 2732987.096278956159949, 2609380.329628161154687 ], [ 2732987.096278956159949, 2609457.17296427115798 ], [ 2732987.096278956159949, 2609534.016300381161273 ], [ 2732987.096278956159949, 2609610.858035354409367 ], [ 2732987.096278956159949, 2609687.701371464412659 ], [ 2732987.096278956159949, 2609764.544707574415952 ], [ 2732987.096278956159949, 2609841.388043683953583 ], [ 2732910.254185557365417, 2609918.229778657667339 ], [ 2732910.254185557365417, 2609995.073114767670631 ], [ 2732910.254185557365417, 2610071.916450877208263 ], [ 2732910.254185557365417, 2610148.759786987211555 ], [ 2732833.412092159036547, 2610148.759786987211555 ], [ 2732833.412092159036547, 2610225.601521960925311 ], [ 2732756.569998760242015, 2610225.601521960925311 ], [ 2732756.569998760242015, 2610302.444858070462942 ], [ 2732679.727905361913145, 2610302.444858070462942 ], [ 2732602.884210852906108, 2610302.444858070462942 ], [ 2732526.042117454111576, 2610302.444858070462942 ], [ 2732449.200024055782706, 2610302.444858070462942 ], [ 2732372.357930656988174, 2610302.444858070462942 ], [ 2732295.515837258659303, 2610302.444858070462942 ], [ 2732218.673743859864771, 2610302.444858070462942 ], [ 2732141.830049350857735, 2610302.444858070462942 ], [ 2732064.987955952063203, 2610302.444858070462942 ], [ 2731988.145862553734332, 2610302.444858070462942 ], [ 2731911.303769154939801, 2610302.444858070462942 ], [ 2731834.46167575661093, 2610302.444858070462942 ], [ 2731757.617981247603893, 2610302.444858070462942 ], [ 2731680.775887848809361, 2610302.444858070462942 ], [ 2731603.933794450480491, 2610302.444858070462942 ], [ 2731527.091701051685959, 2610302.444858070462942 ], [ 2731450.249607653357089, 2610302.444858070462942 ], [ 2731373.405913144350052, 2610302.444858070462942 ], [ 2731373.405913144350052, 2610225.601521960925311 ], [ 2731296.56381974555552, 2610225.601521960925311 ], [ 2731296.56381974555552, 2610302.444858070462942 ], [ 2731219.72172634722665, 2610379.288194180466235 ], [ 2731219.72172634722665, 2610456.12992915417999 ], [ 2731142.879632948432118, 2610532.973265263717622 ], [ 2731142.879632948432118, 2610609.816601373720914 ], [ 2731066.037539550103247, 2610686.659937483724207 ], [ 2731066.037539550103247, 2610763.501672456972301 ], [ 2730989.195446151308715, 2610763.501672456972301 ], [ 2730989.195446151308715, 2610840.345008566975594 ], [ 2730912.351751642301679, 2610840.345008566975594 ], [ 2730912.351751642301679, 2610917.188344676978886 ], [ 2730835.509658243507147, 2610917.188344676978886 ], [ 2730758.667564845178276, 2610917.188344676978886 ], [ 2730681.825471446383744, 2610917.188344676978886 ], [ 2730604.983378048054874, 2610917.188344676978886 ], [ 2730604.983378048054874, 2610840.345008566975594 ], [ 2730528.139683539047837, 2610763.501672456972301 ], [ 2730528.139683539047837, 2610686.659937483724207 ], [ 2730451.297590140253305, 2610686.659937483724207 ], [ 2730374.455496741924435, 2610609.816601373720914 ], [ 2730297.613403343129903, 2610609.816601373720914 ], [ 2730297.613403343129903, 2610532.973265263717622 ], [ 2730220.771309944801033, 2610532.973265263717622 ], [ 2730143.927615435793996, 2610532.973265263717622 ], [ 2730143.927615435793996, 2610456.12992915417999 ], [ 2730067.085522036999464, 2610456.12992915417999 ], [ 2729990.243428638670594, 2610456.12992915417999 ], [ 2729990.243428638670594, 2610379.288194180466235 ], [ 2729913.401335239876062, 2610379.288194180466235 ], [ 2729836.559241841547191, 2610379.288194180466235 ], [ 2729836.559241841547191, 2610302.444858070462942 ], [ 2729759.717148442752659, 2610302.444858070462942 ], [ 2729759.717148442752659, 2610379.288194180466235 ], [ 2729759.717148442752659, 2610456.12992915417999 ], [ 2729759.717148442752659, 2610532.973265263717622 ], [ 2729759.717148442752659, 2610609.816601373720914 ], [ 2729759.717148442752659, 2610686.659937483724207 ], [ 2729836.559241841547191, 2610686.659937483724207 ], [ 2729836.559241841547191, 2610763.501672456972301 ], [ 2729836.559241841547191, 2610840.345008566975594 ], [ 2729913.401335239876062, 2610840.345008566975594 ], [ 2729990.243428638670594, 2610840.345008566975594 ], [ 2729990.243428638670594, 2610917.188344676978886 ], [ 2730067.085522036999464, 2610917.188344676978886 ], [ 2730067.085522036999464, 2610994.031680786516517 ], [ 2730143.927615435793996, 2610994.031680786516517 ], [ 2730143.927615435793996, 2611070.873415760230273 ], [ 2730143.927615435793996, 2611147.716751870233566 ], [ 2730067.085522036999464, 2611224.560087979771197 ], [ 2729990.243428638670594, 2611224.560087979771197 ], [ 2729990.243428638670594, 2611301.403424089774489 ], [ 2729913.401335239876062, 2611301.403424089774489 ], [ 2729913.401335239876062, 2611378.245159063488245 ], [ 2729913.401335239876062, 2611455.088495173025876 ], [ 2729836.559241841547191, 2611455.088495173025876 ], [ 2729836.559241841547191, 2611531.931831283029169 ], [ 2729836.559241841547191, 2611608.773566256742924 ], [ 2729836.559241841547191, 2611685.616902366280556 ], [ 2729913.401335239876062, 2611685.616902366280556 ], [ 2729913.401335239876062, 2611762.460238476283848 ], [ 2729990.243428638670594, 2611762.460238476283848 ], [ 2730067.085522036999464, 2611762.460238476283848 ], [ 2730067.085522036999464, 2611685.616902366280556 ], [ 2730143.927615435793996, 2611685.616902366280556 ], [ 2730143.927615435793996, 2611608.773566256742924 ], [ 2730143.927615435793996, 2611531.931831283029169 ], [ 2730220.771309944801033, 2611531.931831283029169 ], [ 2730297.613403343129903, 2611531.931831283029169 ], [ 2730297.613403343129903, 2611455.088495173025876 ], [ 2730374.455496741924435, 2611455.088495173025876 ], [ 2730451.297590140253305, 2611455.088495173025876 ], [ 2730528.139683539047837, 2611455.088495173025876 ], [ 2730604.983378048054874, 2611455.088495173025876 ], [ 2730604.983378048054874, 2611378.245159063488245 ], [ 2730681.825471446383744, 2611378.245159063488245 ], [ 2730758.667564845178276, 2611301.403424089774489 ], [ 2730835.509658243507147, 2611301.403424089774489 ], [ 2730912.351751642301679, 2611301.403424089774489 ], [ 2730989.195446151308715, 2611301.403424089774489 ], [ 2730989.195446151308715, 2611378.245159063488245 ], [ 2731066.037539550103247, 2611378.245159063488245 ], [ 2731066.037539550103247, 2611455.088495173025876 ], [ 2731142.879632948432118, 2611455.088495173025876 ], [ 2731142.879632948432118, 2611531.931831283029169 ], [ 2731219.72172634722665, 2611531.931831283029169 ], [ 2731219.72172634722665, 2611608.773566256742924 ], [ 2731296.56381974555552, 2611608.773566256742924 ], [ 2731296.56381974555552, 2611685.616902366280556 ], [ 2731373.405913144350052, 2611685.616902366280556 ], [ 2731450.249607653357089, 2611685.616902366280556 ], [ 2731450.249607653357089, 2611762.460238476283848 ], [ 2731527.091701051685959, 2611762.460238476283848 ], [ 2731527.091701051685959, 2611685.616902366280556 ], [ 2731527.091701051685959, 2611608.773566256742924 ], [ 2731450.249607653357089, 2611608.773566256742924 ], [ 2731373.405913144350052, 2611608.773566256742924 ], [ 2731373.405913144350052, 2611531.931831283029169 ], [ 2731296.56381974555552, 2611531.931831283029169 ], [ 2731296.56381974555552, 2611455.088495173025876 ], [ 2731219.72172634722665, 2611378.245159063488245 ], [ 2731219.72172634722665, 2611301.403424089774489 ], [ 2731219.72172634722665, 2611224.560087979771197 ], [ 2731296.56381974555552, 2611224.560087979771197 ], [ 2731296.56381974555552, 2611147.716751870233566 ], [ 2731373.405913144350052, 2611147.716751870233566 ], [ 2731450.249607653357089, 2611147.716751870233566 ], [ 2731527.091701051685959, 2611147.716751870233566 ], [ 2731527.091701051685959, 2611224.560087979771197 ], [ 2731603.933794450480491, 2611224.560087979771197 ], [ 2731680.775887848809361, 2611224.560087979771197 ], [ 2731757.617981247603893, 2611224.560087979771197 ], [ 2731757.617981247603893, 2611301.403424089774489 ], [ 2731834.46167575661093, 2611301.403424089774489 ], [ 2731911.303769154939801, 2611224.560087979771197 ], [ 2731988.145862553734332, 2611224.560087979771197 ], [ 2731988.145862553734332, 2611147.716751870233566 ], [ 2732064.987955952063203, 2611147.716751870233566 ], [ 2732064.987955952063203, 2611070.873415760230273 ], [ 2732064.987955952063203, 2610994.031680786516517 ], [ 2731988.145862553734332, 2610994.031680786516517 ], [ 2731988.145862553734332, 2610917.188344676978886 ], [ 2731988.145862553734332, 2610840.345008566975594 ], [ 2731988.145862553734332, 2610763.501672456972301 ], [ 2732064.987955952063203, 2610686.659937483724207 ], [ 2732064.987955952063203, 2610609.816601373720914 ], [ 2732141.830049350857735, 2610609.816601373720914 ], [ 2732218.673743859864771, 2610609.816601373720914 ], [ 2732218.673743859864771, 2610532.973265263717622 ], [ 2732295.515837258659303, 2610532.973265263717622 ], [ 2732295.515837258659303, 2610609.816601373720914 ], [ 2732372.357930656988174, 2610609.816601373720914 ], [ 2732449.200024055782706, 2610609.816601373720914 ], [ 2732526.042117454111576, 2610609.816601373720914 ], [ 2732526.042117454111576, 2610686.659937483724207 ], [ 2732602.884210852906108, 2610686.659937483724207 ], [ 2732602.884210852906108, 2610763.501672456972301 ], [ 2732602.884210852906108, 2610840.345008566975594 ], [ 2732602.884210852906108, 2610917.188344676978886 ], [ 2732602.884210852906108, 2610994.031680786516517 ], [ 2732602.884210852906108, 2611070.873415760230273 ], [ 2732602.884210852906108, 2611147.716751870233566 ], [ 2732602.884210852906108, 2611224.560087979771197 ], [ 2732679.727905361913145, 2611224.560087979771197 ], [ 2732756.569998760242015, 2611224.560087979771197 ], [ 2732833.412092159036547, 2611224.560087979771197 ], [ 2732910.254185557365417, 2611224.560087979771197 ], [ 2732987.096278956159949, 2611224.560087979771197 ], [ 2733063.939973465166986, 2611224.560087979771197 ], [ 2733140.782066863495857, 2611224.560087979771197 ], [ 2733217.624160262290388, 2611224.560087979771197 ], [ 2733217.624160262290388, 2611147.716751870233566 ], [ 2733294.466253660619259, 2611147.716751870233566 ], [ 2733371.308347059413791, 2611147.716751870233566 ], [ 2733448.152041568420827, 2611147.716751870233566 ], [ 2733524.994134967215359, 2611147.716751870233566 ], [ 2733601.83622836554423, 2611147.716751870233566 ], [ 2733678.678321764338762, 2611147.716751870233566 ], [ 2733755.520415162667632, 2611147.716751870233566 ], [ 2733832.362508561462164, 2611147.716751870233566 ], [ 2733909.206203070469201, 2611147.716751870233566 ], [ 2733909.206203070469201, 2611070.873415760230273 ], [ 2733986.048296468798071, 2611070.873415760230273 ], [ 2734062.890389867592603, 2611070.873415760230273 ], [ 2734062.890389867592603, 2610994.031680786516517 ], [ 2734139.732483265921474, 2610994.031680786516517 ], [ 2734139.732483265921474, 2610917.188344676978886 ], [ 2734139.732483265921474, 2610840.345008566975594 ], [ 2734216.574576664716005, 2610840.345008566975594 ], [ 2734216.574576664716005, 2610763.501672456972301 ], [ 2734293.418271173723042, 2610763.501672456972301 ], [ 2734216.574576664716005, 2610763.501672456972301 ], [ 2734216.574576664716005, 2610686.659937483724207 ], [ 2734216.574576664716005, 2610609.816601373720914 ], [ 2734216.574576664716005, 2610532.973265263717622 ], [ 2734216.574576664716005, 2610456.12992915417999 ], [ 2734139.732483265921474, 2610456.12992915417999 ], [ 2734139.732483265921474, 2610379.288194180466235 ], [ 2734216.574576664716005, 2610379.288194180466235 ], [ 2734216.574576664716005, 2610302.444858070462942 ], [ 2734293.418271173723042, 2610302.444858070462942 ], [ 2734293.418271173723042, 2610225.601521960925311 ], [ 2734370.260364572051913, 2610225.601521960925311 ], [ 2734370.260364572051913, 2610148.759786987211555 ], [ 2734447.102457970846444, 2610148.759786987211555 ], [ 2734447.102457970846444, 2610071.916450877208263 ], [ 2734523.944551369175315, 2610071.916450877208263 ], [ 2734600.786644767969847, 2610071.916450877208263 ], [ 2734677.630339276976883, 2610071.916450877208263 ], [ 2734677.630339276976883, 2610148.759786987211555 ], [ 2734754.472432675771415, 2610148.759786987211555 ], [ 2734831.314526074100286, 2610148.759786987211555 ], [ 2734831.314526074100286, 2610225.601521960925311 ], [ 2734908.156619472894818, 2610225.601521960925311 ], [ 2734984.998712871223688, 2610225.601521960925311 ], [ 2734984.998712871223688, 2610302.444858070462942 ], [ 2735061.84080627001822, 2610302.444858070462942 ], [ 2735061.84080627001822, 2610379.288194180466235 ], [ 2735138.684500779025257, 2610379.288194180466235 ], [ 2735215.526594177354127, 2610456.12992915417999 ], [ 2735292.368687576148659, 2610456.12992915417999 ], [ 2735292.368687576148659, 2610532.973265263717622 ], [ 2735369.21078097447753, 2610532.973265263717622 ], [ 2735369.21078097447753, 2610609.816601373720914 ], [ 2735446.052874373272061, 2610609.816601373720914 ], [ 2735446.052874373272061, 2610686.659937483724207 ], [ 2735522.896568882279098, 2610686.659937483724207 ], [ 2735599.738662280607969, 2610686.659937483724207 ], [ 2735599.738662280607969, 2610763.501672456972301 ], [ 2735676.5807556794025, 2610763.501672456972301 ], [ 2735753.422849077731371, 2610840.345008566975594 ], [ 2735830.264942476525903, 2610840.345008566975594 ], [ 2735830.264942476525903, 2610917.188344676978886 ], [ 2735907.108636985532939, 2610917.188344676978886 ], [ 2735983.950730384327471, 2610917.188344676978886 ], [ 2735983.950730384327471, 2610994.031680786516517 ], [ 2736060.792823782656342, 2610994.031680786516517 ], [ 2736060.792823782656342, 2611070.873415760230273 ], [ 2736137.634917181450874, 2611070.873415760230273 ], [ 2736137.634917181450874, 2611147.716751870233566 ], [ 2736214.477010579779744, 2611147.716751870233566 ], [ 2736214.477010579779744, 2611224.560087979771197 ], [ 2736291.319103978574276, 2611224.560087979771197 ], [ 2736368.162798487581313, 2611224.560087979771197 ], [ 2736368.162798487581313, 2611301.403424089774489 ], [ 2736445.004891885910183, 2611301.403424089774489 ], [ 2736521.846985284704715, 2611301.403424089774489 ], [ 2736521.846985284704715, 2611378.245159063488245 ], [ 2736598.689078683033586, 2611378.245159063488245 ], [ 2736675.531172081828117, 2611378.245159063488245 ], [ 2736675.531172081828117, 2611455.088495173025876 ], [ 2736752.374866590835154, 2611455.088495173025876 ], [ 2736752.374866590835154, 2611531.931831283029169 ], [ 2736829.216959989164025, 2611531.931831283029169 ], [ 2736829.216959989164025, 2611608.773566256742924 ], [ 2736906.059053387958556, 2611608.773566256742924 ], [ 2736982.901146786287427, 2611608.773566256742924 ], [ 2736982.901146786287427, 2611531.931831283029169 ], [ 2737059.743240185081959, 2611531.931831283029169 ], [ 2737059.743240185081959, 2611608.773566256742924 ], [ 2737136.585333583876491, 2611608.773566256742924 ], [ 2737213.429028092883527, 2611608.773566256742924 ], [ 2737290.271121491212398, 2611608.773566256742924 ], [ 2737290.271121491212398, 2611685.616902366280556 ], [ 2737367.11321489000693, 2611685.616902366280556 ], [ 2737443.9553082883358, 2611685.616902366280556 ], [ 2737520.797401687130332, 2611685.616902366280556 ], [ 2737520.797401687130332, 2611762.460238476283848 ], [ 2737597.641096196137369, 2611762.460238476283848 ], [ 2737674.483189594466239, 2611762.460238476283848 ], [ 2737751.325282993260771, 2611762.460238476283848 ], [ 2737751.325282993260771, 2611839.303574586287141 ], [ 2737828.167376391589642, 2611839.303574586287141 ], [ 2737905.009469790384173, 2611839.303574586287141 ], [ 2737905.009469790384173, 2611916.145309559535235 ], [ 2737981.85316429939121, 2611916.145309559535235 ], [ 2737981.85316429939121, 2611992.988645669538528 ], [ 2738058.695257697720081, 2611992.988645669538528 ], [ 2738058.695257697720081, 2612069.83198177954182 ], [ 2738058.695257697720081, 2612146.675317889545113 ], [ 2738058.695257697720081, 2612223.517052862793207 ], [ 2738058.695257697720081, 2612300.3603889727965 ], [ 2738058.695257697720081, 2612377.203725082799792 ], [ 2738135.537351096514612, 2612377.203725082799792 ], [ 2738135.537351096514612, 2612454.047061192337424 ], [ 2738135.537351096514612, 2612530.888796166051179 ], [ 2738212.379444494843483, 2612530.888796166051179 ], [ 2738212.379444494843483, 2612607.732132276054472 ], [ 2738212.379444494843483, 2612684.575468385592103 ], [ 2738289.221537893638015, 2612684.575468385592103 ], [ 2738289.221537893638015, 2612761.417203359305859 ], [ 2738289.221537893638015, 2612838.260539469309151 ], [ 2738366.063631291966885, 2612915.103875578846782 ], [ 2738366.063631291966885, 2612991.947211688850075 ], [ 2738366.063631291966885, 2613068.788946662563831 ], [ 2738366.063631291966885, 2613145.632282772101462 ], [ 2738366.063631291966885, 2613222.475618882104754 ], [ 2738366.063631291966885, 2613299.318954992108047 ], [ 2738442.907325801439583, 2613299.318954992108047 ], [ 2738442.907325801439583, 2613376.160689965356141 ], [ 2738519.749419199768454, 2613376.160689965356141 ], [ 2738519.749419199768454, 2613453.004026075359434 ], [ 2738596.591512598562986, 2613453.004026075359434 ], [ 2738673.433605996891856, 2613529.847362185362726 ], [ 2738750.275699395686388, 2613529.847362185362726 ], [ 2738750.275699395686388, 2613606.689097158610821 ], [ 2738827.119393904693425, 2613606.689097158610821 ], [ 2738827.119393904693425, 2613683.532433268614113 ], [ 2738903.961487303022295, 2613683.532433268614113 ], [ 2738980.803580701816827, 2613683.532433268614113 ], [ 2739057.645674100145698, 2613683.532433268614113 ], [ 2739134.487767498940229, 2613683.532433268614113 ], [ 2739134.487767498940229, 2613760.375769378617406 ], [ 2739211.331462007947266, 2613760.375769378617406 ], [ 2739288.173555406276137, 2613760.375769378617406 ], [ 2739365.015648805070668, 2613760.375769378617406 ], [ 2739365.015648805070668, 2613837.219105488155037 ], [ 2739441.857742203399539, 2613837.219105488155037 ], [ 2739518.699835602194071, 2613837.219105488155037 ], [ 2739595.541929000988603, 2613837.219105488155037 ], [ 2739672.385623509995639, 2613837.219105488155037 ], [ 2739749.22771690832451, 2613837.219105488155037 ], [ 2739826.069810307119042, 2613837.219105488155037 ], [ 2739902.911903705447912, 2613837.219105488155037 ], [ 2739979.753997104242444, 2613837.219105488155037 ], [ 2740056.597691613249481, 2613837.219105488155037 ], [ 2740133.439785011578351, 2613837.219105488155037 ], [ 2740210.281878410372883, 2613837.219105488155037 ], [ 2740287.123971808701754, 2613837.219105488155037 ], [ 2740363.966065207496285, 2613837.219105488155037 ], [ 2740440.809759716503322, 2613837.219105488155037 ], [ 2740517.651853114832193, 2613837.219105488155037 ], [ 2740594.493946513626724, 2613914.060840461868793 ], [ 2740671.336039911955595, 2613914.060840461868793 ], [ 2740748.178133310750127, 2613914.060840461868793 ], [ 2740825.020226709078997, 2613914.060840461868793 ], [ 2740901.863921218086034, 2613914.060840461868793 ], [ 2740978.706014616880566, 2613914.060840461868793 ], [ 2741055.548108015675098, 2613914.060840461868793 ], [ 2741132.390201414003968, 2613914.060840461868793 ], [ 2741132.390201414003968, 2613837.219105488155037 ], [ 2741209.2322948127985, 2613837.219105488155037 ], [ 2741209.2322948127985, 2613760.375769378617406 ], [ 2741286.075989321805537, 2613760.375769378617406 ], [ 2741286.075989321805537, 2613683.532433268614113 ], [ 2741362.918082720134407, 2613683.532433268614113 ], [ 2741439.760176118928939, 2613683.532433268614113 ], [ 2741516.60226951725781, 2613683.532433268614113 ], [ 2741593.444362916052341, 2613683.532433268614113 ], [ 2741670.288057425059378, 2613683.532433268614113 ], [ 2741747.130150823388249, 2613683.532433268614113 ], [ 2741823.972244222182781, 2613683.532433268614113 ], [ 2741823.972244222182781, 2613760.375769378617406 ], [ 2741900.814337620511651, 2613760.375769378617406 ], [ 2741900.814337620511651, 2613837.219105488155037 ], [ 2741977.656431019306183, 2613837.219105488155037 ], [ 2741977.656431019306183, 2613914.060840461868793 ], [ 2742054.498524417635053, 2613914.060840461868793 ], [ 2742054.498524417635053, 2613990.904176571872085 ], [ 2742131.34221892664209, 2613990.904176571872085 ], [ 2742131.34221892664209, 2614067.747512681409717 ], [ 2742131.34221892664209, 2614144.590848791413009 ], [ 2742208.184312325436622, 2614144.590848791413009 ], [ 2742208.184312325436622, 2614221.432583765126765 ], [ 2742285.026405723765492, 2614221.432583765126765 ], [ 2742361.868499122560024, 2614221.432583765126765 ], [ 2742361.868499122560024, 2614298.275919874664396 ], [ 2742438.710592521354556, 2614298.275919874664396 ], [ 2742438.710592521354556, 2614375.119255984667689 ], [ 2742515.554287030361593, 2614375.119255984667689 ], [ 2742592.396380428690463, 2614375.119255984667689 ], [ 2742592.396380428690463, 2614451.962592094670981 ], [ 2742669.238473827484995, 2614451.962592094670981 ] ] } },
{ "type": "Feature", "properties": { }, "geometry": { "type": "LineString", "coordinates": [ [ 2655760.493005733937025, 2606306.613796266261488 ], [ 2655760.493005733937025, 2606229.770460156258196 ], [ 2655760.493005733937025, 2606152.928725183010101 ], [ 2655837.335099132731557, 2606152.928725183010101 ], [ 2655837.335099132731557, 2606076.085389073006809 ], [ 2655914.177192531060427, 2606076.085389073006809 ], [ 2655991.019285929854959, 2606076.085389073006809 ], [ 2656067.861379328649491, 2606076.085389073006809 ], [ 2656067.861379328649491, 2606152.928725183010101 ], [ 2656144.705073837656528, 2606152.928725183010101 ], [ 2656144.705073837656528, 2606076.085389073006809 ], [ 2656144.705073837656528, 2605999.242052963003516 ], [ 2656144.705073837656528, 2605922.398716853465885 ], [ 2656144.705073837656528, 2605845.556981879752129 ], [ 2656144.705073837656528, 2605768.713645769748837 ], [ 2656144.705073837656528, 2605691.870309660211205 ], [ 2656221.547167235985398, 2605691.870309660211205 ], [ 2656221.547167235985398, 2605615.026973550207913 ], [ 2656298.38926063477993, 2605615.026973550207913 ], [ 2656375.231354033108801, 2605538.185238576494157 ], [ 2656375.231354033108801, 2605461.341902466956526 ], [ 2656298.38926063477993, 2605461.341902466956526 ], [ 2656298.38926063477993, 2605384.498566356953233 ], [ 2656221.547167235985398, 2605384.498566356953233 ], [ 2656144.705073837656528, 2605384.498566356953233 ], [ 2656144.705073837656528, 2605307.655230246949941 ], [ 2656067.861379328649491, 2605307.655230246949941 ], [ 2655991.019285929854959, 2605230.813495273701847 ], [ 2655991.019285929854959, 2605153.970159163698554 ], [ 2655991.019285929854959, 2605077.126823053695261 ], [ 2655991.019285929854959, 2605000.285088080447167 ], [ 2655991.019285929854959, 2604923.441751970443875 ], [ 2655991.019285929854959, 2604846.598415860440582 ], [ 2655914.177192531060427, 2604846.598415860440582 ], [ 2655914.177192531060427, 2604769.755079750902951 ], [ 2655914.177192531060427, 2604692.913344777189195 ], [ 2655914.177192531060427, 2604616.070008667185903 ], [ 2655914.177192531060427, 2604539.226672557648271 ], [ 2655991.019285929854959, 2604539.226672557648271 ], [ 2655991.019285929854959, 2604462.383336447644979 ], [ 2656067.861379328649491, 2604462.383336447644979 ], [ 2656144.705073837656528, 2604462.383336447644979 ], [ 2656221.547167235985398, 2604462.383336447644979 ], [ 2656221.547167235985398, 2604385.541601473931223 ], [ 2656221.547167235985398, 2604308.698265364393592 ], [ 2656298.38926063477993, 2604308.698265364393592 ], [ 2656298.38926063477993, 2604231.854929254390299 ], [ 2656375.231354033108801, 2604231.854929254390299 ], [ 2656375.231354033108801, 2604155.011593144387007 ], [ 2656452.073447431903332, 2604155.011593144387007 ], [ 2656452.073447431903332, 2604231.854929254390299 ], [ 2656528.917141940910369, 2604231.854929254390299 ], [ 2656528.917141940910369, 2604308.698265364393592 ], [ 2656605.75923533923924, 2604308.698265364393592 ], [ 2656605.75923533923924, 2604385.541601473931223 ], [ 2656682.601328738033772, 2604385.541601473931223 ], [ 2656682.601328738033772, 2604462.383336447644979 ], [ 2656682.601328738033772, 2604539.226672557648271 ], [ 2656759.443422136362642, 2604539.226672557648271 ], [ 2656836.285515535157174, 2604539.226672557648271 ], [ 2656836.285515535157174, 2604462.383336447644979 ], [ 2656913.127608933486044, 2604462.383336447644979 ], [ 2656913.127608933486044, 2604385.541601473931223 ], [ 2656913.127608933486044, 2604308.698265364393592 ], [ 2656989.971303442493081, 2604308.698265364393592 ], [ 2657066.813396841287613, 2604231.854929254390299 ], [ 2657143.655490239616483, 2604231.854929254390299 ], [ 2657220.497583638411015, 2604231.854929254390299 ], [ 2657297.339677037205547, 2604231.854929254390299 ], [ 2657297.339677037205547, 2604308.698265364393592 ], [ 2657374.183371546212584, 2604308.698265364393592 ], [ 2657374.183371546212584, 2604385.541601473931223 ], [ 2657451.025464944541454, 2604385.541601473931223 ], [ 2657451.025464944541454, 2604462.383336447644979 ], [ 2657451.025464944541454, 2604539.226672557648271 ], [ 2657527.867558343335986, 2604616.070008667185903 ], [ 2657527.867558343335986, 2604692.913344777189195 ], [ 2657527.867558343335986, 2604769.755079750902951 ], [ 2657604.709651741664857, 2604769.755079750902951 ], [ 2657604.709651741664857, 2604846.598415860440582 ], [ 2657681.551745140459388, 2604846.598415860440582 ], [ 2657758.395439649466425, 2604923.441751970443875 ], [ 2657835.237533047795296, 2604923.441751970443875 ], [ 2657912.079626446589828, 2604923.441751970443875 ], [ 2657912.079626446589828, 2604846.598415860440582 ], [ 2657988.921719844918698, 2604846.598415860440582 ], [ 2657988.921719844918698, 2604769.755079750902951 ], [ 2657988.921719844918698, 2604692.913344777189195 ], [ 2657912.079626446589828, 2604692.913344777189195 ], [ 2657912.079626446589828, 2604616.070008667185903 ], [ 2657912.079626446589828, 2604539.226672557648271 ], [ 2657835.237533047795296, 2604539.226672557648271 ], [ 2657835.237533047795296, 2604462.383336447644979 ], [ 2657835.237533047795296, 2604385.541601473931223 ], [ 2657758.395439649466425, 2604385.541601473931223 ], [ 2657758.395439649466425, 2604308.698265364393592 ], [ 2657758.395439649466425, 2604231.854929254390299 ], [ 2657758.395439649466425, 2604155.011593144387007 ], [ 2657758.395439649466425, 2604078.169858171138912 ], [ 2657681.551745140459388, 2604078.169858171138912 ], [ 2657681.551745140459388, 2604001.32652206113562 ], [ 2657681.551745140459388, 2603924.483185951132327 ], [ 2657681.551745140459388, 2603847.641450977884233 ], [ 2657604.709651741664857, 2603847.641450977884233 ], [ 2657527.867558343335986, 2603770.79811486788094 ], [ 2657527.867558343335986, 2603693.954778757877648 ], [ 2657451.025464944541454, 2603693.954778757877648 ], [ 2657451.025464944541454, 2603617.111442647874355 ], [ 2657451.025464944541454, 2603540.269707674626261 ], [ 2657451.025464944541454, 2603463.426371564622968 ], [ 2657451.025464944541454, 2603386.583035454619676 ], [ 2657374.183371546212584, 2603386.583035454619676 ], [ 2657374.183371546212584, 2603309.739699345082045 ], [ 2657374.183371546212584, 2603232.897964371368289 ], [ 2657374.183371546212584, 2603156.054628261364996 ], [ 2657374.183371546212584, 2603079.211292151827365 ], [ 2657374.183371546212584, 2603002.36955717811361 ], [ 2657374.183371546212584, 2602925.526221068110317 ], [ 2657451.025464944541454, 2602925.526221068110317 ], [ 2657451.025464944541454, 2602848.682884958572686 ], [ 2657527.867558343335986, 2602848.682884958572686 ], [ 2657527.867558343335986, 2602771.839548848569393 ], [ 2657604.709651741664857, 2602771.839548848569393 ], [ 2657604.709651741664857, 2602694.997813874855638 ], [ 2657681.551745140459388, 2602694.997813874855638 ], [ 2657758.395439649466425, 2602694.997813874855638 ], [ 2657835.237533047795296, 2602694.997813874855638 ], [ 2657835.237533047795296, 2602771.839548848569393 ], [ 2657912.079626446589828, 2602771.839548848569393 ], [ 2657988.921719844918698, 2602771.839548848569393 ], [ 2657988.921719844918698, 2602848.682884958572686 ], [ 2658065.76381324371323, 2602848.682884958572686 ], [ 2658065.76381324371323, 2602925.526221068110317 ], [ 2658142.6059066420421, 2602925.526221068110317 ], [ 2658142.6059066420421, 2603002.36955717811361 ], [ 2658142.6059066420421, 2603079.211292151827365 ], [ 2658065.76381324371323, 2603079.211292151827365 ], [ 2658065.76381324371323, 2603156.054628261364996 ], [ 2657988.921719844918698, 2603156.054628261364996 ], [ 2657988.921719844918698, 2603232.897964371368289 ], [ 2657912.079626446589828, 2603232.897964371368289 ], [ 2657912.079626446589828, 2603309.739699345082045 ], [ 2657912.079626446589828, 2603386.583035454619676 ], [ 2657988.921719844918698, 2603386.583035454619676 ], [ 2657988.921719844918698, 2603309.739699345082045 ], [ 2658065.76381324371323, 2603309.739699345082045 ], [ 2658065.76381324371323, 2603232.897964371368289 ], [ 2658142.6059066420421, 2603232.897964371368289 ], [ 2658219.449601151049137, 2603232.897964371368289 ], [ 2658219.449601151049137, 2603156.054628261364996 ], [ 2658296.291694549843669, 2603156.054628261364996 ], [ 2658296.291694549843669, 2603232.897964371368289 ], [ 2658373.133787948172539, 2603232.897964371368289 ], [ 2658373.133787948172539, 2603309.739699345082045 ], [ 2658449.975881346967071, 2603309.739699345082045 ], [ 2658449.975881346967071, 2603386.583035454619676 ], [ 2658373.133787948172539, 2603386.583035454619676 ], [ 2658373.133787948172539, 2603463.426371564622968 ], [ 2658373.133787948172539, 2603540.269707674626261 ], [ 2658296.291694549843669, 2603540.269707674626261 ], [ 2658219.449601151049137, 2603540.269707674626261 ], [ 2658219.449601151049137, 2603617.111442647874355 ], [ 2658219.449601151049137, 2603693.954778757877648 ], [ 2658219.449601151049137, 2603770.79811486788094 ], [ 2658296.291694549843669, 2603770.79811486788094 ], [ 2658373.133787948172539, 2603770.79811486788094 ], [ 2658373.133787948172539, 2603693.954778757877648 ], [ 2658449.975881346967071, 2603693.954778757877648 ], [ 2658526.817974745761603, 2603693.954778757877648 ], [ 2658603.66166925476864, 2603693.954778757877648 ], [ 2658680.50376265309751, 2603693.954778757877648 ], [ 2658680.50376265309751, 2603770.79811486788094 ], [ 2658757.345856051892042, 2603770.79811486788094 ], [ 2658834.187949450220913, 2603770.79811486788094 ], [ 2658834.187949450220913, 2603693.954778757877648 ], [ 2658834.187949450220913, 2603617.111442647874355 ], [ 2658834.187949450220913, 2603540.269707674626261 ], [ 2658757.345856051892042, 2603540.269707674626261 ], [ 2658757.345856051892042, 2603463.426371564622968 ], [ 2658680.50376265309751, 2603463.426371564622968 ], [ 2658680.50376265309751, 2603386.583035454619676 ], [ 2658603.66166925476864, 2603386.583035454619676 ], [ 2658603.66166925476864, 2603309.739699345082045 ], [ 2658526.817974745761603, 2603309.739699345082045 ], [ 2658526.817974745761603, 2603232.897964371368289 ], [ 2658526.817974745761603, 2603156.054628261364996 ], [ 2658526.817974745761603, 2603079.211292151827365 ], [ 2658603.66166925476864, 2603079.211292151827365 ], [ 2658603.66166925476864, 2603002.36955717811361 ], [ 2658680.50376265309751, 2603002.36955717811361 ], [ 2658680.50376265309751, 2602925.526221068110317 ], [ 2658757.345856051892042, 2602925.526221068110317 ], [ 2658834.187949450220913, 2602925.526221068110317 ], [ 2658834.187949450220913, 2602848.682884958572686 ], [ 2658911.030042849015445, 2602848.682884958572686 ], [ 2658987.873737358022481, 2602925.526221068110317 ], [ 2659064.715830756351352, 2603002.36955717811361 ], [ 2659064.715830756351352, 2603079.211292151827365 ], [ 2659064.715830756351352, 2603156.054628261364996 ], [ 2659064.715830756351352, 2603232.897964371368289 ], [ 2659064.715830756351352, 2603309.739699345082045 ], [ 2659141.557924155145884, 2603309.739699345082045 ], [ 2659218.400017553474754, 2603309.739699345082045 ], [ 2659218.400017553474754, 2603232.897964371368289 ], [ 2659218.400017553474754, 2603156.054628261364996 ], [ 2659218.400017553474754, 2603079.211292151827365 ], [ 2659218.400017553474754, 2603002.36955717811361 ], [ 2659295.242110952269286, 2603002.36955717811361 ], [ 2659295.242110952269286, 2602925.526221068110317 ], [ 2659372.084204350598156, 2602925.526221068110317 ], [ 2659448.927898859605193, 2602925.526221068110317 ], [ 2659448.927898859605193, 2603002.36955717811361 ], [ 2659525.769992258399725, 2603002.36955717811361 ], [ 2659525.769992258399725, 2603079.211292151827365 ], [ 2659602.612085656728595, 2603079.211292151827365 ], [ 2659602.612085656728595, 2603002.36955717811361 ], [ 2659679.454179055523127, 2603002.36955717811361 ], [ 2659756.296272454317659, 2603002.36955717811361 ], [ 2659756.296272454317659, 2602925.526221068110317 ], [ 2659833.139966963324696, 2602925.526221068110317 ], [ 2659909.982060361653566, 2602925.526221068110317 ], [ 2659986.824153760448098, 2602925.526221068110317 ], [ 2659986.824153760448098, 2602848.682884958572686 ], [ 2660063.666247158776969, 2602848.682884958572686 ], [ 2660063.666247158776969, 2602771.839548848569393 ], [ 2660140.508340557571501, 2602771.839548848569393 ], [ 2660140.508340557571501, 2602694.997813874855638 ], [ 2660217.350433955900371, 2602618.154477765318006 ], [ 2660217.350433955900371, 2602541.311141655314714 ], [ 2660294.194128464907408, 2602541.311141655314714 ], [ 2660294.194128464907408, 2602464.467805545311421 ], [ 2660294.194128464907408, 2602387.626070572063327 ], [ 2660371.03622186370194, 2602387.626070572063327 ], [ 2660371.03622186370194, 2602310.782734462060034 ], [ 2660447.87831526203081, 2602310.782734462060034 ], [ 2660524.720408660825342, 2602310.782734462060034 ], [ 2660601.562502059154212, 2602310.782734462060034 ], [ 2660601.562502059154212, 2602387.626070572063327 ], [ 2660678.406196568161249, 2602387.626070572063327 ], [ 2660678.406196568161249, 2602464.467805545311421 ], [ 2660601.562502059154212, 2602464.467805545311421 ], [ 2660601.562502059154212, 2602541.311141655314714 ], [ 2660601.562502059154212, 2602618.154477765318006 ], [ 2660524.720408660825342, 2602618.154477765318006 ], [ 2660447.87831526203081, 2602618.154477765318006 ], [ 2660447.87831526203081, 2602694.997813874855638 ], [ 2660447.87831526203081, 2602771.839548848569393 ], [ 2660524.720408660825342, 2602771.839548848569393 ], [ 2660524.720408660825342, 2602848.682884958572686 ], [ 2660524.720408660825342, 2602925.526221068110317 ], [ 2660601.562502059154212, 2602925.526221068110317 ], [ 2660678.406196568161249, 2602925.526221068110317 ], [ 2660755.248289966955781, 2602925.526221068110317 ], [ 2660755.248289966955781, 2602848.682884958572686 ], [ 2660755.248289966955781, 2602925.526221068110317 ], [ 2660832.090383365284652, 2602925.526221068110317 ], [ 2660908.932476764079183, 2602925.526221068110317 ], [ 2660985.774570162408054, 2602925.526221068110317 ], [ 2661062.618264671880752, 2602925.526221068110317 ], [ 2661062.618264671880752, 2602848.682884958572686 ], [ 2661139.460358070209622, 2602848.682884958572686 ], [ 2661139.460358070209622, 2602771.839548848569393 ], [ 2661139.460358070209622, 2602694.997813874855638 ], [ 2661062.618264671880752, 2602618.154477765318006 ], [ 2660985.774570162408054, 2602618.154477765318006 ], [ 2660985.774570162408054, 2602541.311141655314714 ], [ 2660908.932476764079183, 2602541.311141655314714 ], [ 2660908.932476764079183, 2602464.467805545311421 ], [ 2660908.932476764079183, 2602387.626070572063327 ], [ 2660908.932476764079183, 2602310.782734462060034 ], [ 2660985.774570162408054, 2602310.782734462060034 ], [ 2660985.774570162408054, 2602233.939398352056742 ], [ 2661062.618264671880752, 2602233.939398352056742 ], [ 2661139.460358070209622, 2602233.939398352056742 ], [ 2661139.460358070209622, 2602310.782734462060034 ], [ 2661216.302451469004154, 2602310.782734462060034 ], [ 2661216.302451469004154, 2602387.626070572063327 ], [ 2661293.144544867333025, 2602387.626070572063327 ], [ 2661369.986638266127557, 2602387.626070572063327 ], [ 2661446.828731664456427, 2602387.626070572063327 ], [ 2661446.828731664456427, 2602310.782734462060034 ], [ 2661523.672426173463464, 2602310.782734462060034 ], [ 2661523.672426173463464, 2602233.939398352056742 ], [ 2661600.514519572257996, 2602233.939398352056742 ], [ 2661600.514519572257996, 2602157.09606224251911 ], [ 2661677.356612970586866, 2602157.09606224251911 ], [ 2661754.198706369381398, 2602157.09606224251911 ], [ 2661831.040799767710268, 2602157.09606224251911 ], [ 2661831.040799767710268, 2602233.939398352056742 ], [ 2661907.884494276717305, 2602233.939398352056742 ], [ 2661984.726587675511837, 2602233.939398352056742 ], [ 2661984.726587675511837, 2602310.782734462060034 ], [ 2662061.568681073840708, 2602310.782734462060034 ], [ 2662061.568681073840708, 2602387.626070572063327 ], [ 2662061.568681073840708, 2602464.467805545311421 ], [ 2662061.568681073840708, 2602541.311141655314714 ], [ 2661984.726587675511837, 2602541.311141655314714 ], [ 2661907.884494276717305, 2602541.311141655314714 ], [ 2661831.040799767710268, 2602541.311141655314714 ], [ 2661754.198706369381398, 2602541.311141655314714 ], [ 2661677.356612970586866, 2602541.311141655314714 ], [ 2661677.356612970586866, 2602618.154477765318006 ], [ 2661600.514519572257996, 2602618.154477765318006 ], [ 2661600.514519572257996, 2602694.997813874855638 ], [ 2661600.514519572257996, 2602771.839548848569393 ], [ 2661600.514519572257996, 2602848.682884958572686 ], [ 2661677.356612970586866, 2602848.682884958572686 ], [ 2661677.356612970586866, 2602925.526221068110317 ], [ 2661754.198706369381398, 2602925.526221068110317 ], [ 2661754.198706369381398, 2603002.36955717811361 ], [ 2661831.040799767710268, 2603002.36955717811361 ], [ 2661831.040799767710268, 2603079.211292151827365 ], [ 2661907.884494276717305, 2603079.211292151827365 ], [ 2661907.884494276717305, 2603002.36955717811361 ], [ 2661984.726587675511837, 2603002.36955717811361 ], [ 2661984.726587675511837, 2602925.526221068110317 ], [ 2662061.568681073840708, 2602925.526221068110317 ], [ 2662138.410774472635239, 2602925.526221068110317 ], [ 2662215.25286787096411, 2602925.526221068110317 ], [ 2662292.096562380436808, 2602925.526221068110317 ], [ 2662292.096562380436808, 2603002.36955717811361 ], [ 2662368.938655778765678, 2603002.36955717811361 ], [ 2662368.938655778765678, 2603079.211292151827365 ], [ 2662368.938655778765678, 2603156.054628261364996 ], [ 2662368.938655778765678, 2603232.897964371368289 ], [ 2662445.78074917756021, 2603232.897964371368289 ], [ 2662445.78074917756021, 2603309.739699345082045 ], [ 2662522.622842575889081, 2603309.739699345082045 ], [ 2662522.622842575889081, 2603232.897964371368289 ], [ 2662522.622842575889081, 2603156.054628261364996 ], [ 2662522.622842575889081, 2603079.211292151827365 ], [ 2662522.622842575889081, 2603002.36955717811361 ], [ 2662522.622842575889081, 2602925.526221068110317 ], [ 2662522.622842575889081, 2602848.682884958572686 ], [ 2662599.464935974683613, 2602848.682884958572686 ], [ 2662599.464935974683613, 2602771.839548848569393 ], [ 2662676.307029373012483, 2602771.839548848569393 ], [ 2662676.307029373012483, 2602694.997813874855638 ], [ 2662753.15072388201952, 2602618.154477765318006 ], [ 2662829.992817280814052, 2602618.154477765318006 ], [ 2662829.992817280814052, 2602541.311141655314714 ], [ 2662906.834910679142922, 2602541.311141655314714 ], [ 2662983.677004077937454, 2602541.311141655314714 ], [ 2662983.677004077937454, 2602464.467805545311421 ], [ 2663060.519097476266325, 2602464.467805545311421 ], [ 2663137.362791985273361, 2602464.467805545311421 ], [ 2663214.204885384067893, 2602464.467805545311421 ], [ 2663214.204885384067893, 2602387.626070572063327 ], [ 2663291.046978782396764, 2602387.626070572063327 ], [ 2663367.889072181191295, 2602387.626070572063327 ], [ 2663367.889072181191295, 2602310.782734462060034 ], [ 2663444.731165579520166, 2602310.782734462060034 ], [ 2663444.731165579520166, 2602233.939398352056742 ], [ 2663367.889072181191295, 2602233.939398352056742 ], [ 2663367.889072181191295, 2602157.09606224251911 ], [ 2663291.046978782396764, 2602080.254327268805355 ], [ 2663291.046978782396764, 2602003.410991158802062 ], [ 2663291.046978782396764, 2601926.567655049264431 ], [ 2663291.046978782396764, 2601849.725920075550675 ], [ 2663367.889072181191295, 2601849.725920075550675 ], [ 2663367.889072181191295, 2601772.882583965547383 ], [ 2663444.731165579520166, 2601772.882583965547383 ], [ 2663444.731165579520166, 2601849.725920075550675 ], [ 2663521.574860088527203, 2601849.725920075550675 ], [ 2663598.416953487321734, 2601926.567655049264431 ], [ 2663675.259046886116266, 2601926.567655049264431 ], [ 2663752.101140284445137, 2601926.567655049264431 ], [ 2663752.101140284445137, 2601849.725920075550675 ], [ 2663828.943233683239669, 2601849.725920075550675 ], [ 2663828.943233683239669, 2601772.882583965547383 ], [ 2663752.101140284445137, 2601772.882583965547383 ], [ 2663752.101140284445137, 2601696.039247856009752 ], [ 2663675.259046886116266, 2601696.039247856009752 ], [ 2663598.416953487321734, 2601696.039247856009752 ], [ 2663521.574860088527203, 2601696.039247856009752 ], [ 2663521.574860088527203, 2601619.195911746006459 ], [ 2663444.731165579520166, 2601619.195911746006459 ], [ 2663444.731165579520166, 2601542.354176772292703 ], [ 2663444.731165579520166, 2601465.510840662755072 ], [ 2663444.731165579520166, 2601388.66750455275178 ], [ 2663444.731165579520166, 2601311.824168442748487 ], [ 2663444.731165579520166, 2601234.982433469500393 ], [ 2663521.574860088527203, 2601234.982433469500393 ], [ 2663521.574860088527203, 2601158.1390973594971 ], [ 2663598.416953487321734, 2601158.1390973594971 ], [ 2663675.259046886116266, 2601158.1390973594971 ], [ 2663752.101140284445137, 2601158.1390973594971 ], [ 2663752.101140284445137, 2601234.982433469500393 ], [ 2663828.943233683239669, 2601234.982433469500393 ], [ 2663828.943233683239669, 2601311.824168442748487 ], [ 2663905.785327081568539, 2601311.824168442748487 ], [ 2663982.629021590575576, 2601388.66750455275178 ], [ 2664059.471114989370108, 2601465.510840662755072 ], [ 2664136.313208387698978, 2601542.354176772292703 ], [ 2664136.313208387698978, 2601619.195911746006459 ], [ 2664213.15530178649351, 2601619.195911746006459 ], [ 2664289.997395184822381, 2601619.195911746006459 ], [ 2664366.841089693829417, 2601619.195911746006459 ], [ 2664443.683183092623949, 2601542.354176772292703 ], [ 2664443.683183092623949, 2601465.510840662755072 ], [ 2664443.683183092623949, 2601388.66750455275178 ], [ 2664443.683183092623949, 2601311.824168442748487 ], [ 2664366.841089693829417, 2601234.982433469500393 ], [ 2664289.997395184822381, 2601234.982433469500393 ], [ 2664213.15530178649351, 2601234.982433469500393 ], [ 2664213.15530178649351, 2601158.1390973594971 ], [ 2664213.15530178649351, 2601081.295761249493808 ], [ 2664213.15530178649351, 2601004.452425139490515 ], [ 2664289.997395184822381, 2601004.452425139490515 ], [ 2664289.997395184822381, 2600927.610690166242421 ], [ 2664366.841089693829417, 2600927.610690166242421 ], [ 2664366.841089693829417, 2600850.767354056239128 ], [ 2664443.683183092623949, 2600850.767354056239128 ], [ 2664443.683183092623949, 2600927.610690166242421 ], [ 2664520.52527649095282, 2600927.610690166242421 ], [ 2664520.52527649095282, 2600850.767354056239128 ], [ 2664597.367369889747351, 2600850.767354056239128 ], [ 2664597.367369889747351, 2600773.924017946235836 ], [ 2664597.367369889747351, 2600697.082282972987741 ], [ 2664520.52527649095282, 2600697.082282972987741 ], [ 2664520.52527649095282, 2600620.238946862984449 ], [ 2664443.683183092623949, 2600620.238946862984449 ], [ 2664443.683183092623949, 2600543.395610752981156 ], [ 2664366.841089693829417, 2600543.395610752981156 ], [ 2664366.841089693829417, 2600466.552274643443525 ], [ 2664366.841089693829417, 2600389.710539669729769 ], [ 2664289.997395184822381, 2600389.710539669729769 ], [ 2664289.997395184822381, 2600312.867203559726477 ], [ 2664213.15530178649351, 2600312.867203559726477 ], [ 2664136.313208387698978, 2600312.867203559726477 ], [ 2664136.313208387698978, 2600236.023867450188845 ], [ 2664059.471114989370108, 2600236.023867450188845 ], [ 2664059.471114989370108, 2600159.180531340185553 ], [ 2664059.471114989370108, 2600082.338796366471797 ], [ 2664059.471114989370108, 2600005.495460256934166 ], [ 2664059.471114989370108, 2599928.652124146930873 ], [ 2664059.471114989370108, 2599851.810389173217118 ], [ 2664059.471114989370108, 2599774.967053063679487 ], [ 2664136.313208387698978, 2599774.967053063679487 ], [ 2664136.313208387698978, 2599698.123716953676194 ], [ 2664136.313208387698978, 2599621.280380843672901 ], [ 2664213.15530178649351, 2599621.280380843672901 ], [ 2664289.997395184822381, 2599621.280380843672901 ], [ 2664289.997395184822381, 2599544.438645870424807 ], [ 2664366.841089693829417, 2599544.438645870424807 ], [ 2664443.683183092623949, 2599544.438645870424807 ], [ 2664520.52527649095282, 2599544.438645870424807 ], [ 2664520.52527649095282, 2599621.280380843672901 ], [ 2664597.367369889747351, 2599621.280380843672901 ], [ 2664597.367369889747351, 2599698.123716953676194 ], [ 2664674.209463288076222, 2599698.123716953676194 ], [ 2664674.209463288076222, 2599774.967053063679487 ], [ 2664751.053157797083259, 2599774.967053063679487 ], [ 2664751.053157797083259, 2599851.810389173217118 ], [ 2664827.89525119587779, 2599851.810389173217118 ], [ 2664904.737344594672322, 2599851.810389173217118 ], [ 2664904.737344594672322, 2599774.967053063679487 ], [ 2664981.579437993001193, 2599774.967053063679487 ], [ 2665058.421531391795725, 2599774.967053063679487 ], [ 2665135.263624790124595, 2599774.967053063679487 ], [ 2665135.263624790124595, 2599851.810389173217118 ], [ 2665212.107319299131632, 2599851.810389173217118 ], [ 2665212.107319299131632, 2599928.652124146930873 ], [ 2665288.949412697926164, 2600005.495460256934166 ], [ 2665288.949412697926164, 2600082.338796366471797 ], [ 2665365.791506096255034, 2600082.338796366471797 ], [ 2665365.791506096255034, 2600159.180531340185553 ], [ 2665365.791506096255034, 2600236.023867450188845 ], [ 2665442.633599495049566, 2600236.023867450188845 ], [ 2665519.475692893378437, 2600236.023867450188845 ], [ 2665519.475692893378437, 2600159.180531340185553 ], [ 2665596.319387402385473, 2600159.180531340185553 ], [ 2665596.319387402385473, 2600082.338796366471797 ], [ 2665673.161480801180005, 2600082.338796366471797 ], [ 2665673.161480801180005, 2600005.495460256934166 ], [ 2665750.003574199508876, 2600005.495460256934166 ], [ 2665826.845667598303407, 2600005.495460256934166 ], [ 2665903.687760996632278, 2600005.495460256934166 ], [ 2665980.531455505639315, 2600005.495460256934166 ], [ 2666057.373548904433846, 2600005.495460256934166 ], [ 2666057.373548904433846, 2599928.652124146930873 ], [ 2666134.215642303228378, 2599928.652124146930873 ], [ 2666134.215642303228378, 2599851.810389173217118 ], [ 2666211.057735701557249, 2599774.967053063679487 ], [ 2666287.899829100351781, 2599774.967053063679487 ], [ 2666287.899829100351781, 2599698.123716953676194 ], [ 2666364.741922498680651, 2599698.123716953676194 ], [ 2666364.741922498680651, 2599774.967053063679487 ], [ 2666441.585617007687688, 2599774.967053063679487 ], [ 2666441.585617007687688, 2599698.123716953676194 ], [ 2666518.42771040648222, 2599774.967053063679487 ], [ 2666595.26980380481109, 2599774.967053063679487 ], [ 2666595.26980380481109, 2599851.810389173217118 ], [ 2666595.26980380481109, 2599928.652124146930873 ], [ 2666672.111897203605622, 2599928.652124146930873 ], [ 2666672.111897203605622, 2600005.495460256934166 ], [ 2666748.953990601934493, 2600005.495460256934166 ], [ 2666825.797685110941529, 2600005.495460256934166 ], [ 2666902.639778509736061, 2600005.495460256934166 ], [ 2666902.639778509736061, 2599928.652124146930873 ], [ 2666979.481871908064932, 2599928.652124146930873 ], [ 2667056.323965306859463, 2599851.810389173217118 ], [ 2667133.166058705188334, 2599851.810389173217118 ], [ 2667210.008152103982866, 2599851.810389173217118 ], [ 2667210.008152103982866, 2599928.652124146930873 ], [ 2667286.851846612989902, 2599928.652124146930873 ], [ 2667363.693940011784434, 2599928.652124146930873 ], [ 2667363.693940011784434, 2600005.495460256934166 ], [ 2667440.536033410113305, 2600005.495460256934166 ], [ 2667517.378126808907837, 2600005.495460256934166 ], [ 2667517.378126808907837, 2600082.338796366471797 ], [ 2667594.220220207236707, 2600082.338796366471797 ], [ 2667594.220220207236707, 2600159.180531340185553 ], [ 2667594.220220207236707, 2600236.023867450188845 ], [ 2667594.220220207236707, 2600312.867203559726477 ], [ 2667594.220220207236707, 2600389.710539669729769 ], [ 2667594.220220207236707, 2600466.552274643443525 ], [ 2667517.378126808907837, 2600466.552274643443525 ], [ 2667517.378126808907837, 2600543.395610752981156 ], [ 2667440.536033410113305, 2600543.395610752981156 ], [ 2667440.536033410113305, 2600620.238946862984449 ], [ 2667363.693940011784434, 2600620.238946862984449 ], [ 2667286.851846612989902, 2600620.238946862984449 ], [ 2667286.851846612989902, 2600697.082282972987741 ], [ 2667210.008152103982866, 2600697.082282972987741 ], [ 2667210.008152103982866, 2600773.924017946235836 ], [ 2667286.851846612989902, 2600773.924017946235836 ], [ 2667286.851846612989902, 2600850.767354056239128 ], [ 2667286.851846612989902, 2600927.610690166242421 ], [ 2667363.693940011784434, 2600927.610690166242421 ], [ 2667363.693940011784434, 2601004.452425139490515 ], [ 2667440.536033410113305, 2601004.452425139490515 ], [ 2667440.536033410113305, 2601081.295761249493808 ], [ 2667517.378126808907837, 2601081.295761249493808 ], [ 2667594.220220207236707, 2601081.295761249493808 ], [ 2667594.220220207236707, 2601004.452425139490515 ], [ 2667594.220220207236707, 2600927.610690166242421 ], [ 2667517.378126808907837, 2600927.610690166242421 ], [ 2667517.378126808907837, 2600850.767354056239128 ], [ 2667517.378126808907837, 2600773.924017946235836 ], [ 2667517.378126808907837, 2600697.082282972987741 ], [ 2667594.220220207236707, 2600697.082282972987741 ], [ 2667671.063914716243744, 2600697.082282972987741 ], [ 2667671.063914716243744, 2600620.238946862984449 ], [ 2667747.906008115038276, 2600620.238946862984449 ], [ 2667824.748101513367146, 2600620.238946862984449 ], [ 2667901.590194912161678, 2600620.238946862984449 ], [ 2667978.432288310490549, 2600620.238946862984449 ], [ 2668055.275982819497585, 2600620.238946862984449 ], [ 2668055.275982819497585, 2600697.082282972987741 ], [ 2668055.275982819497585, 2600773.924017946235836 ], [ 2668055.275982819497585, 2600850.767354056239128 ], [ 2667978.432288310490549, 2600850.767354056239128 ], [ 2667978.432288310490549, 2600927.610690166242421 ], [ 2667978.432288310490549, 2601004.452425139490515 ], [ 2667901.590194912161678, 2601004.452425139490515 ], [ 2667901.590194912161678, 2601081.295761249493808 ], [ 2667901.590194912161678, 2601158.1390973594971 ], [ 2667901.590194912161678, 2601234.982433469500393 ], [ 2667978.432288310490549, 2601234.982433469500393 ], [ 2668055.275982819497585, 2601234.982433469500393 ], [ 2668132.118076218292117, 2601234.982433469500393 ], [ 2668132.118076218292117, 2601158.1390973594971 ], [ 2668208.960169616620988, 2601158.1390973594971 ], [ 2668285.802263015415519, 2601158.1390973594971 ], [ 2668362.64435641374439, 2601158.1390973594971 ], [ 2668439.486449812538922, 2601158.1390973594971 ], [ 2668516.330144321545959, 2601081.295761249493808 ], [ 2668593.172237719874829, 2601081.295761249493808 ], [ 2668670.014331118669361, 2601081.295761249493808 ], [ 2668670.014331118669361, 2601158.1390973594971 ], [ 2668670.014331118669361, 2601081.295761249493808 ], [ 2668746.856424517463893, 2601081.295761249493808 ], [ 2668746.856424517463893, 2601004.452425139490515 ], [ 2668746.856424517463893, 2600927.610690166242421 ], [ 2668746.856424517463893, 2600850.767354056239128 ], [ 2668823.698517915792763, 2600850.767354056239128 ], [ 2668823.698517915792763, 2600773.924017946235836 ], [ 2668823.698517915792763, 2600697.082282972987741 ], [ 2668823.698517915792763, 2600620.238946862984449 ], [ 2668900.5422124247998, 2600620.238946862984449 ], [ 2668900.5422124247998, 2600543.395610752981156 ], [ 2668977.384305823594332, 2600543.395610752981156 ], [ 2668977.384305823594332, 2600466.552274643443525 ], [ 2668977.384305823594332, 2600389.710539669729769 ], [ 2668977.384305823594332, 2600312.867203559726477 ], [ 2668977.384305823594332, 2600236.023867450188845 ], [ 2668977.384305823594332, 2600159.180531340185553 ], [ 2669054.226399221923202, 2600082.338796366471797 ], [ 2669054.226399221923202, 2600005.495460256934166 ], [ 2669054.226399221923202, 2599928.652124146930873 ], [ 2669131.068492620717734, 2599928.652124146930873 ], [ 2669207.910586019046605, 2599851.810389173217118 ], [ 2669207.910586019046605, 2599774.967053063679487 ], [ 2669284.754280528053641, 2599774.967053063679487 ], [ 2669284.754280528053641, 2599698.123716953676194 ], [ 2669284.754280528053641, 2599621.280380843672901 ], [ 2669361.596373926848173, 2599621.280380843672901 ], [ 2669438.438467325177044, 2599544.438645870424807 ], [ 2669515.280560723971575, 2599544.438645870424807 ], [ 2669592.122654122300446, 2599544.438645870424807 ], [ 2669592.122654122300446, 2599621.280380843672901 ], [ 2669668.964747521094978, 2599621.280380843672901 ], [ 2669745.808442030102015, 2599621.280380843672901 ], [ 2669822.650535428430885, 2599621.280380843672901 ], [ 2669822.650535428430885, 2599544.438645870424807 ], [ 2669899.492628827225417, 2599544.438645870424807 ], [ 2669976.334722226019949, 2599544.438645870424807 ], [ 2670053.176815624348819, 2599544.438645870424807 ], [ 2670053.176815624348819, 2599467.595309760421515 ], [ 2670130.020510133355856, 2599467.595309760421515 ], [ 2670206.862603532150388, 2599467.595309760421515 ], [ 2670283.704696930479258, 2599544.438645870424807 ], [ 2670360.54679032927379, 2599621.280380843672901 ], [ 2670437.388883727602661, 2599621.280380843672901 ], [ 2670514.232578236609697, 2599698.123716953676194 ], [ 2670591.074671635404229, 2599698.123716953676194 ], [ 2670667.9167650337331, 2599698.123716953676194 ], [ 2670667.9167650337331, 2599774.967053063679487 ], [ 2670744.758858432527632, 2599774.967053063679487 ], [ 2670744.758858432527632, 2599698.123716953676194 ], [ 2670821.600951830856502, 2599698.123716953676194 ], [ 2670898.443045229651034, 2599698.123716953676194 ], [ 2670975.286739738658071, 2599774.967053063679487 ], [ 2671052.128833136986941, 2599774.967053063679487 ], [ 2671052.128833136986941, 2599851.810389173217118 ], [ 2671128.970926535781473, 2599851.810389173217118 ], [ 2671128.970926535781473, 2599928.652124146930873 ], [ 2671128.970926535781473, 2600005.495460256934166 ], [ 2671205.813019934576005, 2600005.495460256934166 ], [ 2671282.655113332904875, 2600005.495460256934166 ], [ 2671359.498807841911912, 2600005.495460256934166 ], [ 2671436.340901240706444, 2600005.495460256934166 ], [ 2671513.182994639035314, 2600005.495460256934166 ], [ 2671513.182994639035314, 2599928.652124146930873 ], [ 2671590.025088037829846, 2599928.652124146930873 ], [ 2671666.867181436158717, 2599928.652124146930873 ], [ 2671666.867181436158717, 2599851.810389173217118 ], [ 2671743.710875945165753, 2599851.810389173217118 ], [ 2671743.710875945165753, 2599774.967053063679487 ], [ 2671743.710875945165753, 2599698.123716953676194 ], [ 2671666.867181436158717, 2599698.123716953676194 ], [ 2671590.025088037829846, 2599698.123716953676194 ], [ 2671513.182994639035314, 2599698.123716953676194 ], [ 2671436.340901240706444, 2599698.123716953676194 ], [ 2671359.498807841911912, 2599698.123716953676194 ], [ 2671359.498807841911912, 2599621.280380843672901 ], [ 2671359.498807841911912, 2599544.438645870424807 ], [ 2671359.498807841911912, 2599467.595309760421515 ], [ 2671436.340901240706444, 2599467.595309760421515 ], [ 2671436.340901240706444, 2599390.751973650418222 ], [ 2671513.182994639035314, 2599390.751973650418222 ], [ 2671513.182994639035314, 2599313.908637540880591 ], [ 2671590.025088037829846, 2599313.908637540880591 ], [ 2671590.025088037829846, 2599237.066902567166835 ], [ 2671590.025088037829846, 2599160.223566457163543 ], [ 2671666.867181436158717, 2599160.223566457163543 ], [ 2671666.867181436158717, 2599083.380230347625911 ], [ 2671666.867181436158717, 2599006.536894237622619 ], [ 2671590.025088037829846, 2599006.536894237622619 ], [ 2671590.025088037829846, 2598929.695159263908863 ], [ 2671590.025088037829846, 2598852.851823154371232 ], [ 2671590.025088037829846, 2598776.008487044367939 ], [ 2671513.182994639035314, 2598776.008487044367939 ], [ 2671513.182994639035314, 2598699.166752070654184 ], [ 2671513.182994639035314, 2598622.323415961116552 ], [ 2671436.340901240706444, 2598622.323415961116552 ], [ 2671436.340901240706444, 2598545.48007985111326 ], [ 2671436.340901240706444, 2598468.636743741109967 ], [ 2671359.498807841911912, 2598468.636743741109967 ], [ 2671359.498807841911912, 2598391.795008767861873 ], [ 2671359.498807841911912, 2598314.95167265785858 ], [ 2671436.340901240706444, 2598314.95167265785858 ], [ 2671436.340901240706444, 2598238.108336547855288 ], [ 2671513.182994639035314, 2598238.108336547855288 ], [ 2671590.025088037829846, 2598238.108336547855288 ], [ 2671590.025088037829846, 2598314.95167265785858 ], [ 2671666.867181436158717, 2598314.95167265785858 ], [ 2671743.710875945165753, 2598314.95167265785858 ], [ 2671743.710875945165753, 2598238.108336547855288 ], [ 2671820.552969343960285, 2598238.108336547855288 ], [ 2671820.552969343960285, 2598161.265000437851995 ], [ 2671897.395062742289156, 2598161.265000437851995 ], [ 2671897.395062742289156, 2598084.423265464603901 ], [ 2671897.395062742289156, 2598007.579929354600608 ], [ 2671897.395062742289156, 2597930.736593244597316 ], [ 2671897.395062742289156, 2597853.893257135059685 ], [ 2671974.237156141083688, 2597853.893257135059685 ], [ 2671974.237156141083688, 2597777.051522161345929 ], [ 2672051.079249539412558, 2597777.051522161345929 ], [ 2672051.079249539412558, 2597700.208186051342636 ], [ 2672127.92134293820709, 2597700.208186051342636 ], [ 2672127.92134293820709, 2597623.364849941805005 ], [ 2672204.765037447214127, 2597623.364849941805005 ], [ 2672204.765037447214127, 2597546.523114968091249 ], [ 2672127.92134293820709, 2597546.523114968091249 ], [ 2672127.92134293820709, 2597469.679778858087957 ], [ 2672051.079249539412558, 2597469.679778858087957 ], [ 2672051.079249539412558, 2597392.836442748550326 ], [ 2672051.079249539412558, 2597469.679778858087957 ], [ 2671974.237156141083688, 2597469.679778858087957 ], [ 2671897.395062742289156, 2597469.679778858087957 ], [ 2671820.552969343960285, 2597469.679778858087957 ], [ 2671820.552969343960285, 2597392.836442748550326 ], [ 2671743.710875945165753, 2597392.836442748550326 ], [ 2671666.867181436158717, 2597392.836442748550326 ], [ 2671666.867181436158717, 2597315.993106638547033 ], [ 2671666.867181436158717, 2597239.151371664833277 ], [ 2671590.025088037829846, 2597239.151371664833277 ], [ 2671590.025088037829846, 2597162.308035555295646 ], [ 2671590.025088037829846, 2597085.464699445292354 ], [ 2671590.025088037829846, 2597008.621363335289061 ], [ 2671666.867181436158717, 2597008.621363335289061 ], [ 2671666.867181436158717, 2596931.779628362040967 ], [ 2671743.710875945165753, 2596931.779628362040967 ], [ 2671743.710875945165753, 2596854.936292252037674 ], [ 2671820.552969343960285, 2596854.936292252037674 ], [ 2671897.395062742289156, 2596854.936292252037674 ], [ 2671974.237156141083688, 2596854.936292252037674 ], [ 2671974.237156141083688, 2596778.092956142034382 ], [ 2672051.079249539412558, 2596778.092956142034382 ], [ 2672127.92134293820709, 2596778.092956142034382 ], [ 2672204.765037447214127, 2596778.092956142034382 ], [ 2672204.765037447214127, 2596701.251221168786287 ], [ 2672281.607130845542997, 2596701.251221168786287 ], [ 2672358.449224244337529, 2596701.251221168786287 ], [ 2672435.291317643132061, 2596778.092956142034382 ], [ 2672512.133411041460931, 2596778.092956142034382 ], [ 2672512.133411041460931, 2596854.936292252037674 ], [ 2672588.977105550467968, 2596931.779628362040967 ], [ 2672588.977105550467968, 2597008.621363335289061 ], [ 2672588.977105550467968, 2597085.464699445292354 ], [ 2672588.977105550467968, 2597162.308035555295646 ], [ 2672588.977105550467968, 2597239.151371664833277 ], [ 2672665.8191989492625, 2597239.151371664833277 ], [ 2672742.66129234759137, 2597239.151371664833277 ], [ 2672819.503385746385902, 2597239.151371664833277 ], [ 2672819.503385746385902, 2597162.308035555295646 ], [ 2672896.345479144714773, 2597162.308035555295646 ], [ 2672973.189173653721809, 2597162.308035555295646 ], [ 2673050.031267052516341, 2597162.308035555295646 ], [ 2673126.873360450845212, 2597162.308035555295646 ], [ 2673203.715453849639744, 2597162.308035555295646 ], [ 2673203.715453849639744, 2597239.151371664833277 ], [ 2673280.557547247968614, 2597239.151371664833277 ], [ 2673280.557547247968614, 2597315.993106638547033 ], [ 2673357.399640646763146, 2597315.993106638547033 ], [ 2673357.399640646763146, 2597392.836442748550326 ], [ 2673357.399640646763146, 2597469.679778858087957 ], [ 2673357.399640646763146, 2597546.523114968091249 ], [ 2673280.557547247968614, 2597623.364849941805005 ], [ 2673280.557547247968614, 2597700.208186051342636 ], [ 2673280.557547247968614, 2597777.051522161345929 ], [ 2673203.715453849639744, 2597777.051522161345929 ], [ 2673203.715453849639744, 2597853.893257135059685 ], [ 2673126.873360450845212, 2597853.893257135059685 ], [ 2673050.031267052516341, 2597853.893257135059685 ], [ 2673050.031267052516341, 2597930.736593244597316 ], [ 2672973.189173653721809, 2597930.736593244597316 ], [ 2672973.189173653721809, 2598007.579929354600608 ], [ 2673050.031267052516341, 2598007.579929354600608 ], [ 2673050.031267052516341, 2598084.423265464603901 ], [ 2673050.031267052516341, 2598161.265000437851995 ], [ 2673126.873360450845212, 2598161.265000437851995 ], [ 2673126.873360450845212, 2598238.108336547855288 ], [ 2673203.715453849639744, 2598238.108336547855288 ], [ 2673203.715453849639744, 2598314.95167265785858 ], [ 2673280.557547247968614, 2598314.95167265785858 ], [ 2673280.557547247968614, 2598391.795008767861873 ], [ 2673357.399640646763146, 2598391.795008767861873 ], [ 2673434.243335155770183, 2598391.795008767861873 ], [ 2673434.243335155770183, 2598468.636743741109967 ], [ 2673511.085428554099053, 2598468.636743741109967 ], [ 2673587.927521952893585, 2598468.636743741109967 ], [ 2673664.769615351222456, 2598391.795008767861873 ], [ 2673741.611708750016987, 2598314.95167265785858 ], [ 2673741.611708750016987, 2598238.108336547855288 ], [ 2673741.611708750016987, 2598161.265000437851995 ], [ 2673741.611708750016987, 2598084.423265464603901 ], [ 2673664.769615351222456, 2598084.423265464603901 ], [ 2673664.769615351222456, 2598007.579929354600608 ], [ 2673664.769615351222456, 2597930.736593244597316 ], [ 2673587.927521952893585, 2597853.893257135059685 ], [ 2673587.927521952893585, 2597777.051522161345929 ], [ 2673587.927521952893585, 2597700.208186051342636 ], [ 2673587.927521952893585, 2597623.364849941805005 ], [ 2673587.927521952893585, 2597546.523114968091249 ], [ 2673587.927521952893585, 2597469.679778858087957 ], [ 2673664.769615351222456, 2597392.836442748550326 ], [ 2673741.611708750016987, 2597392.836442748550326 ], [ 2673741.611708750016987, 2597315.993106638547033 ], [ 2673818.455403259024024, 2597315.993106638547033 ], [ 2673818.455403259024024, 2597239.151371664833277 ], [ 2673895.297496657818556, 2597239.151371664833277 ], [ 2673895.297496657818556, 2597162.308035555295646 ], [ 2673972.139590056147426, 2597162.308035555295646 ], [ 2673972.139590056147426, 2597085.464699445292354 ], [ 2674048.981683454941958, 2597085.464699445292354 ], [ 2674048.981683454941958, 2597008.621363335289061 ], [ 2674125.823776853270829, 2597008.621363335289061 ], [ 2674125.823776853270829, 2596931.779628362040967 ], [ 2674125.823776853270829, 2596854.936292252037674 ], [ 2674125.823776853270829, 2596778.092956142034382 ], [ 2674202.665870252065361, 2596778.092956142034382 ], [ 2674279.509564761072397, 2596778.092956142034382 ], [ 2674279.509564761072397, 2596701.251221168786287 ], [ 2674356.351658159401268, 2596701.251221168786287 ], [ 2674433.1937515581958, 2596701.251221168786287 ], [ 2674510.03584495652467, 2596701.251221168786287 ], [ 2674510.03584495652467, 2596624.407885058782995 ], [ 2674586.877938355319202, 2596624.407885058782995 ], [ 2674586.877938355319202, 2596547.564548948779702 ], [ 2674663.721632864326239, 2596547.564548948779702 ], [ 2674663.721632864326239, 2596470.721212839242071 ], [ 2674740.563726262655109, 2596470.721212839242071 ], [ 2674740.563726262655109, 2596393.879477865528315 ], [ 2674817.405819661449641, 2596393.879477865528315 ], [ 2674817.405819661449641, 2596317.036141755525023 ], [ 2674894.247913059778512, 2596317.036141755525023 ], [ 2674971.090006458573043, 2596317.036141755525023 ], [ 2675047.93370096758008, 2596317.036141755525023 ], [ 2675124.775794366374612, 2596317.036141755525023 ], [ 2675124.775794366374612, 2596393.879477865528315 ], [ 2675201.617887764703482, 2596393.879477865528315 ], [ 2675201.617887764703482, 2596470.721212839242071 ], [ 2675278.459981163498014, 2596547.564548948779702 ], [ 2675355.302074561826885, 2596547.564548948779702 ], [ 2675355.302074561826885, 2596624.407885058782995 ], [ 2675432.144167960621417, 2596624.407885058782995 ], [ 2675508.987862469628453, 2596624.407885058782995 ], [ 2675508.987862469628453, 2596701.251221168786287 ], [ 2675585.829955867957324, 2596701.251221168786287 ], [ 2675662.672049266751856, 2596778.092956142034382 ], [ 2675739.514142665080726, 2596778.092956142034382 ], [ 2675739.514142665080726, 2596854.936292252037674 ], [ 2675816.356236063875258, 2596854.936292252037674 ], [ 2675816.356236063875258, 2596931.779628362040967 ], [ 2675816.356236063875258, 2597008.621363335289061 ], [ 2675816.356236063875258, 2597085.464699445292354 ], [ 2675739.514142665080726, 2597085.464699445292354 ], [ 2675739.514142665080726, 2597162.308035555295646 ], [ 2675662.672049266751856, 2597162.308035555295646 ], [ 2675662.672049266751856, 2597239.151371664833277 ], [ 2675585.829955867957324, 2597239.151371664833277 ], [ 2675508.987862469628453, 2597239.151371664833277 ], [ 2675508.987862469628453, 2597315.993106638547033 ], [ 2675508.987862469628453, 2597392.836442748550326 ], [ 2675432.144167960621417, 2597392.836442748550326 ], [ 2675432.144167960621417, 2597469.679778858087957 ], [ 2675432.144167960621417, 2597546.523114968091249 ], [ 2675432.144167960621417, 2597623.364849941805005 ], [ 2675432.144167960621417, 2597700.208186051342636 ], [ 2675432.144167960621417, 2597777.051522161345929 ], [ 2675432.144167960621417, 2597853.893257135059685 ], [ 2675508.987862469628453, 2597853.893257135059685 ], [ 2675508.987862469628453, 2597930.736593244597316 ], [ 2675585.829955867957324, 2597930.736593244597316 ], [ 2675585.829955867957324, 2598007.579929354600608 ], [ 2675662.672049266751856, 2598007.579929354600608 ], [ 2675739.514142665080726, 2598007.579929354600608 ], [ 2675739.514142665080726, 2598084.423265464603901 ], [ 2675739.514142665080726, 2598161.265000437851995 ], [ 2675739.514142665080726, 2598238.108336547855288 ], [ 2675739.514142665080726, 2598314.95167265785858 ], [ 2675739.514142665080726, 2598391.795008767861873 ], [ 2675739.514142665080726, 2598468.636743741109967 ], [ 2675662.672049266751856, 2598468.636743741109967 ], [ 2675662.672049266751856, 2598545.48007985111326 ], [ 2675662.672049266751856, 2598622.323415961116552 ], [ 2675662.672049266751856, 2598699.166752070654184 ], [ 2675662.672049266751856, 2598776.008487044367939 ], [ 2675662.672049266751856, 2598852.851823154371232 ], [ 2675739.514142665080726, 2598852.851823154371232 ], [ 2675816.356236063875258, 2598929.695159263908863 ], [ 2675893.199930572882295, 2598929.695159263908863 ], [ 2675970.042023971211165, 2598852.851823154371232 ], [ 2676046.884117370005697, 2598852.851823154371232 ], [ 2676123.726210768334568, 2598852.851823154371232 ], [ 2676200.568304167129099, 2598852.851823154371232 ], [ 2676277.411998676136136, 2598852.851823154371232 ], [ 2676354.254092074930668, 2598852.851823154371232 ], [ 2676354.254092074930668, 2598929.695159263908863 ], [ 2676431.096185473259538, 2598929.695159263908863 ], [ 2676431.096185473259538, 2599006.536894237622619 ], [ 2676354.254092074930668, 2599006.536894237622619 ], [ 2676354.254092074930668, 2599083.380230347625911 ], [ 2676277.411998676136136, 2599083.380230347625911 ], [ 2676200.568304167129099, 2599160.223566457163543 ], [ 2676123.726210768334568, 2599160.223566457163543 ], [ 2676123.726210768334568, 2599237.066902567166835 ], [ 2676046.884117370005697, 2599237.066902567166835 ], [ 2676046.884117370005697, 2599313.908637540880591 ], [ 2676046.884117370005697, 2599390.751973650418222 ], [ 2676123.726210768334568, 2599390.751973650418222 ], [ 2676200.568304167129099, 2599390.751973650418222 ], [ 2676200.568304167129099, 2599467.595309760421515 ], [ 2676277.411998676136136, 2599467.595309760421515 ], [ 2676277.411998676136136, 2599544.438645870424807 ], [ 2676354.254092074930668, 2599621.280380843672901 ], [ 2676431.096185473259538, 2599621.280380843672901 ], [ 2676431.096185473259538, 2599698.123716953676194 ], [ 2676431.096185473259538, 2599774.967053063679487 ], [ 2676431.096185473259538, 2599851.810389173217118 ], [ 2676431.096185473259538, 2599928.652124146930873 ], [ 2676431.096185473259538, 2600005.495460256934166 ], [ 2676354.254092074930668, 2600005.495460256934166 ], [ 2676354.254092074930668, 2600082.338796366471797 ], [ 2676277.411998676136136, 2600082.338796366471797 ], [ 2676277.411998676136136, 2600159.180531340185553 ], [ 2676200.568304167129099, 2600236.023867450188845 ], [ 2676200.568304167129099, 2600312.867203559726477 ], [ 2676200.568304167129099, 2600389.710539669729769 ], [ 2676200.568304167129099, 2600466.552274643443525 ], [ 2676277.411998676136136, 2600466.552274643443525 ], [ 2676354.254092074930668, 2600466.552274643443525 ], [ 2676354.254092074930668, 2600389.710539669729769 ], [ 2676431.096185473259538, 2600389.710539669729769 ], [ 2676431.096185473259538, 2600312.867203559726477 ], [ 2676507.93827887205407, 2600312.867203559726477 ], [ 2676507.93827887205407, 2600236.023867450188845 ], [ 2676507.93827887205407, 2600159.180531340185553 ], [ 2676507.93827887205407, 2600082.338796366471797 ], [ 2676584.780372270382941, 2600082.338796366471797 ], [ 2676584.780372270382941, 2600005.495460256934166 ], [ 2676661.622465669177473, 2600005.495460256934166 ], [ 2676738.466160178184509, 2600005.495460256934166 ], [ 2676815.30825357651338, 2600005.495460256934166 ], [ 2676815.30825357651338, 2600082.338796366471797 ], [ 2676815.30825357651338, 2600159.180531340185553 ], [ 2676892.150346975307912, 2600159.180531340185553 ], [ 2676892.150346975307912, 2600236.023867450188845 ], [ 2676892.150346975307912, 2600159.180531340185553 ], [ 2676968.992440373636782, 2600159.180531340185553 ], [ 2676968.992440373636782, 2600082.338796366471797 ], [ 2676968.992440373636782, 2600005.495460256934166 ], [ 2676968.992440373636782, 2599928.652124146930873 ], [ 2677045.834533772431314, 2599928.652124146930873 ], [ 2677045.834533772431314, 2599851.810389173217118 ], [ 2677122.678228281438351, 2599851.810389173217118 ], [ 2677199.520321679767221, 2599851.810389173217118 ], [ 2677276.362415078561753, 2599851.810389173217118 ], [ 2677353.204508476890624, 2599851.810389173217118 ], [ 2677430.046601875685155, 2599928.652124146930873 ], [ 2677506.890296384692192, 2600005.495460256934166 ], [ 2677583.732389783486724, 2600005.495460256934166 ], [ 2677660.574483181815594, 2600005.495460256934166 ], [ 2677660.574483181815594, 2599928.652124146930873 ], [ 2677737.416576580610126, 2599928.652124146930873 ], [ 2677737.416576580610126, 2599851.810389173217118 ], [ 2677814.258669978938997, 2599851.810389173217118 ], [ 2677814.258669978938997, 2599774.967053063679487 ], [ 2677891.100763377733529, 2599698.123716953676194 ], [ 2677891.100763377733529, 2599621.280380843672901 ], [ 2677967.944457886740565, 2599621.280380843672901 ], [ 2677967.944457886740565, 2599544.438645870424807 ], [ 2677967.944457886740565, 2599467.595309760421515 ], [ 2677967.944457886740565, 2599390.751973650418222 ], [ 2677967.944457886740565, 2599313.908637540880591 ], [ 2678044.786551285069436, 2599313.908637540880591 ], [ 2678044.786551285069436, 2599237.066902567166835 ], [ 2678044.786551285069436, 2599160.223566457163543 ], [ 2678044.786551285069436, 2599083.380230347625911 ], [ 2678044.786551285069436, 2599006.536894237622619 ], [ 2678121.628644683863968, 2599006.536894237622619 ], [ 2678121.628644683863968, 2598929.695159263908863 ], [ 2678121.628644683863968, 2598852.851823154371232 ], [ 2678198.470738082192838, 2598852.851823154371232 ], [ 2678198.470738082192838, 2598776.008487044367939 ], [ 2678198.470738082192838, 2598699.166752070654184 ], [ 2678275.31283148098737, 2598699.166752070654184 ], [ 2678275.31283148098737, 2598622.323415961116552 ], [ 2678352.156525989994407, 2598622.323415961116552 ], [ 2678428.998619388323277, 2598545.48007985111326 ], [ 2678428.998619388323277, 2598622.323415961116552 ], [ 2678505.840712787117809, 2598622.323415961116552 ], [ 2678582.68280618544668, 2598622.323415961116552 ], [ 2678659.524899584241211, 2598622.323415961116552 ], [ 2678659.524899584241211, 2598699.166752070654184 ], [ 2678736.368594093248248, 2598699.166752070654184 ], [ 2678736.368594093248248, 2598776.008487044367939 ], [ 2678736.368594093248248, 2598852.851823154371232 ], [ 2678813.21068749204278, 2598852.851823154371232 ], [ 2678813.21068749204278, 2598929.695159263908863 ], [ 2678813.21068749204278, 2599006.536894237622619 ], [ 2678890.05278089037165, 2599083.380230347625911 ], [ 2678890.05278089037165, 2599160.223566457163543 ], [ 2678966.894874289166182, 2599160.223566457163543 ], [ 2678966.894874289166182, 2599237.066902567166835 ], [ 2679043.736967687495053, 2599313.908637540880591 ], [ 2679043.736967687495053, 2599390.751973650418222 ], [ 2679120.579061086289585, 2599390.751973650418222 ], [ 2679120.579061086289585, 2599467.595309760421515 ], [ 2679197.422755595296621, 2599467.595309760421515 ], [ 2679197.422755595296621, 2599544.438645870424807 ], [ 2679274.264848993625492, 2599544.438645870424807 ], [ 2679351.106942392420024, 2599544.438645870424807 ], [ 2679427.949035790748894, 2599544.438645870424807 ], [ 2679504.791129189543426, 2599544.438645870424807 ], [ 2679581.634823698550463, 2599544.438645870424807 ], [ 2679581.634823698550463, 2599467.595309760421515 ], [ 2679658.476917096879333, 2599467.595309760421515 ], [ 2679735.319010495673865, 2599467.595309760421515 ], [ 2679812.161103894002736, 2599467.595309760421515 ], [ 2679812.161103894002736, 2599390.751973650418222 ], [ 2679889.003197292797267, 2599390.751973650418222 ], [ 2679965.846891801804304, 2599390.751973650418222 ], [ 2680042.688985200598836, 2599390.751973650418222 ], [ 2680119.531078598927706, 2599390.751973650418222 ], [ 2680196.373171997722238, 2599390.751973650418222 ], [ 2680196.373171997722238, 2599467.595309760421515 ], [ 2680273.215265396051109, 2599467.595309760421515 ], [ 2680273.215265396051109, 2599544.438645870424807 ], [ 2680273.215265396051109, 2599621.280380843672901 ], [ 2680350.057358794845641, 2599621.280380843672901 ], [ 2680350.057358794845641, 2599698.123716953676194 ], [ 2680426.901053303852677, 2599698.123716953676194 ], [ 2680426.901053303852677, 2599774.967053063679487 ], [ 2680503.743146702181548, 2599774.967053063679487 ], [ 2680580.58524010097608, 2599774.967053063679487 ], [ 2680657.42733349930495, 2599774.967053063679487 ], [ 2680734.269426898099482, 2599774.967053063679487 ], [ 2680811.113121407106519, 2599774.967053063679487 ], [ 2680811.113121407106519, 2599698.123716953676194 ], [ 2680887.955214805435389, 2599698.123716953676194 ] ] } },
{ "type": "Feature", "properties": { }, "geometry": { "type": "LineString", "coordinates": [ [ 2680887.955214805435389, 2599698.123716953676194 ], [ 2680887.955214805435389, 2599621.280380843672901 ], [ 2680887.955214805435389, 2599544.438645870424807 ], [ 2680811.113121407106519, 2599544.438645870424807 ], [ 2680811.113121407106519, 2599467.595309760421515 ], [ 2680734.269426898099482, 2599467.595309760421515 ], [ 2680734.269426898099482, 2599390.751973650418222 ], [ 2680657.42733349930495, 2599313.908637540880591 ], [ 2680657.42733349930495, 2599237.066902567166835 ], [ 2680657.42733349930495, 2599160.223566457163543 ], [ 2680734.269426898099482, 2599160.223566457163543 ], [ 2680811.113121407106519, 2599160.223566457163543 ], [ 2680811.113121407106519, 2599083.380230347625911 ], [ 2680887.955214805435389, 2599083.380230347625911 ], [ 2680887.955214805435389, 2599160.223566457163543 ], [ 2680964.797308204229921, 2599160.223566457163543 ], [ 2681041.639401602558792, 2599160.223566457163543 ], [ 2681041.639401602558792, 2599237.066902567166835 ], [ 2681118.481495001353323, 2599237.066902567166835 ], [ 2681118.481495001353323, 2599313.908637540880591 ], [ 2681195.323588399682194, 2599313.908637540880591 ], [ 2681272.167282908689231, 2599237.066902567166835 ], [ 2681349.009376307483763, 2599237.066902567166835 ], [ 2681425.851469706278294, 2599237.066902567166835 ], [ 2681502.693563104607165, 2599237.066902567166835 ], [ 2681502.693563104607165, 2599160.223566457163543 ], [ 2681579.535656503401697, 2599160.223566457163543 ], [ 2681579.535656503401697, 2599083.380230347625911 ], [ 2681579.535656503401697, 2599006.536894237622619 ], [ 2681579.535656503401697, 2598929.695159263908863 ], [ 2681502.693563104607165, 2598929.695159263908863 ], [ 2681502.693563104607165, 2598852.851823154371232 ], [ 2681425.851469706278294, 2598852.851823154371232 ], [ 2681425.851469706278294, 2598776.008487044367939 ], [ 2681349.009376307483763, 2598776.008487044367939 ], [ 2681349.009376307483763, 2598699.166752070654184 ], [ 2681349.009376307483763, 2598622.323415961116552 ], [ 2681272.167282908689231, 2598622.323415961116552 ], [ 2681272.167282908689231, 2598545.48007985111326 ], [ 2681272.167282908689231, 2598468.636743741109967 ], [ 2681272.167282908689231, 2598391.795008767861873 ], [ 2681272.167282908689231, 2598314.95167265785858 ], [ 2681272.167282908689231, 2598238.108336547855288 ], [ 2681349.009376307483763, 2598238.108336547855288 ], [ 2681349.009376307483763, 2598161.265000437851995 ], [ 2681425.851469706278294, 2598161.265000437851995 ], [ 2681425.851469706278294, 2598084.423265464603901 ], [ 2681425.851469706278294, 2598007.579929354600608 ], [ 2681502.693563104607165, 2598007.579929354600608 ], [ 2681502.693563104607165, 2597930.736593244597316 ], [ 2681425.851469706278294, 2597930.736593244597316 ], [ 2681425.851469706278294, 2597853.893257135059685 ], [ 2681425.851469706278294, 2597777.051522161345929 ], [ 2681349.009376307483763, 2597777.051522161345929 ], [ 2681349.009376307483763, 2597700.208186051342636 ], [ 2681272.167282908689231, 2597700.208186051342636 ], [ 2681272.167282908689231, 2597623.364849941805005 ], [ 2681272.167282908689231, 2597546.523114968091249 ], [ 2681272.167282908689231, 2597469.679778858087957 ], [ 2681272.167282908689231, 2597392.836442748550326 ], [ 2681349.009376307483763, 2597392.836442748550326 ], [ 2681349.009376307483763, 2597315.993106638547033 ], [ 2681425.851469706278294, 2597315.993106638547033 ], [ 2681425.851469706278294, 2597239.151371664833277 ], [ 2681502.693563104607165, 2597239.151371664833277 ], [ 2681579.535656503401697, 2597239.151371664833277 ], [ 2681656.379351012408733, 2597239.151371664833277 ], [ 2681656.379351012408733, 2597315.993106638547033 ], [ 2681733.221444410737604, 2597392.836442748550326 ], [ 2681733.221444410737604, 2597469.679778858087957 ], [ 2681733.221444410737604, 2597546.523114968091249 ], [ 2681733.221444410737604, 2597623.364849941805005 ], [ 2681733.221444410737604, 2597700.208186051342636 ], [ 2681733.221444410737604, 2597777.051522161345929 ], [ 2681733.221444410737604, 2597853.893257135059685 ], [ 2681733.221444410737604, 2597930.736593244597316 ], [ 2681810.063537809532136, 2597930.736593244597316 ], [ 2681810.063537809532136, 2598007.579929354600608 ], [ 2681886.905631207861006, 2598007.579929354600608 ], [ 2681963.747724606655538, 2598007.579929354600608 ], [ 2682040.591419115662575, 2598007.579929354600608 ], [ 2682117.433512513991445, 2597930.736593244597316 ], [ 2682194.275605912785977, 2597930.736593244597316 ], [ 2682194.275605912785977, 2597853.893257135059685 ], [ 2682271.117699311114848, 2597853.893257135059685 ], [ 2682271.117699311114848, 2597777.051522161345929 ], [ 2682347.959792709909379, 2597777.051522161345929 ], [ 2682424.80188610823825, 2597777.051522161345929 ], [ 2682424.80188610823825, 2597853.893257135059685 ], [ 2682501.645580617245287, 2597853.893257135059685 ], [ 2682578.487674016039819, 2597853.893257135059685 ], [ 2682578.487674016039819, 2597777.051522161345929 ], [ 2682578.487674016039819, 2597700.208186051342636 ], [ 2682501.645580617245287, 2597623.364849941805005 ], [ 2682501.645580617245287, 2597546.523114968091249 ], [ 2682501.645580617245287, 2597469.679778858087957 ], [ 2682424.80188610823825, 2597469.679778858087957 ], [ 2682424.80188610823825, 2597392.836442748550326 ], [ 2682424.80188610823825, 2597315.993106638547033 ], [ 2682501.645580617245287, 2597315.993106638547033 ], [ 2682501.645580617245287, 2597239.151371664833277 ], [ 2682578.487674016039819, 2597239.151371664833277 ], [ 2682578.487674016039819, 2597162.308035555295646 ], [ 2682655.32976741483435, 2597162.308035555295646 ], [ 2682655.32976741483435, 2597085.464699445292354 ], [ 2682732.171860813163221, 2597085.464699445292354 ], [ 2682809.013954211957753, 2597008.621363335289061 ], [ 2682809.013954211957753, 2596931.779628362040967 ], [ 2682885.857648720964789, 2596931.779628362040967 ], [ 2682885.857648720964789, 2596854.936292252037674 ], [ 2682962.69974211929366, 2596854.936292252037674 ], [ 2682962.69974211929366, 2596778.092956142034382 ], [ 2682885.857648720964789, 2596778.092956142034382 ], [ 2682885.857648720964789, 2596701.251221168786287 ], [ 2682885.857648720964789, 2596624.407885058782995 ], [ 2682885.857648720964789, 2596547.564548948779702 ], [ 2682885.857648720964789, 2596470.721212839242071 ], [ 2682885.857648720964789, 2596393.879477865528315 ], [ 2682885.857648720964789, 2596317.036141755525023 ], [ 2682962.69974211929366, 2596317.036141755525023 ], [ 2682962.69974211929366, 2596240.192805645987391 ], [ 2683039.541835518088192, 2596240.192805645987391 ], [ 2683116.383928916417062, 2596240.192805645987391 ], [ 2683193.226022315211594, 2596240.192805645987391 ], [ 2683270.069716824218631, 2596240.192805645987391 ], [ 2683270.069716824218631, 2596317.036141755525023 ], [ 2683346.911810222547501, 2596317.036141755525023 ], [ 2683423.753903621342033, 2596317.036141755525023 ], [ 2683423.753903621342033, 2596240.192805645987391 ], [ 2683346.911810222547501, 2596086.507734562270343 ], [ 2683346.911810222547501, 2596009.664398452732712 ], [ 2683270.069716824218631, 2596009.664398452732712 ], [ 2683193.226022315211594, 2596009.664398452732712 ], [ 2683193.226022315211594, 2596086.507734562270343 ], [ 2683116.383928916417062, 2596163.349469535984099 ], [ 2683039.541835518088192, 2596163.349469535984099 ], [ 2683039.541835518088192, 2596086.507734562270343 ], [ 2683116.383928916417062, 2596009.664398452732712 ], [ 2683193.226022315211594, 2595932.821062342729419 ], [ 2683116.383928916417062, 2595932.821062342729419 ], [ 2683116.383928916417062, 2595855.977726232726127 ], [ 2683039.541835518088192, 2595855.977726232726127 ], [ 2682962.69974211929366, 2595855.977726232726127 ], [ 2682885.857648720964789, 2595855.977726232726127 ], [ 2682885.857648720964789, 2595779.135991259478033 ], [ 2682962.69974211929366, 2595779.135991259478033 ], [ 2683039.541835518088192, 2595779.135991259478033 ], [ 2683116.383928916417062, 2595779.135991259478033 ], [ 2683116.383928916417062, 2595702.29265514947474 ], [ 2683039.541835518088192, 2595702.29265514947474 ], [ 2683039.541835518088192, 2595625.449319039471447 ], [ 2682962.69974211929366, 2595625.449319039471447 ], [ 2682885.857648720964789, 2595548.607584066223353 ], [ 2682885.857648720964789, 2595471.764247956220061 ], [ 2682885.857648720964789, 2595394.920911846216768 ], [ 2682962.69974211929366, 2595394.920911846216768 ], [ 2683039.541835518088192, 2595394.920911846216768 ], [ 2683039.541835518088192, 2595471.764247956220061 ], [ 2683116.383928916417062, 2595471.764247956220061 ], [ 2683116.383928916417062, 2595394.920911846216768 ], [ 2683039.541835518088192, 2595318.077575736213475 ], [ 2683039.541835518088192, 2595241.235840762965381 ], [ 2683039.541835518088192, 2595164.392504652962089 ], [ 2683116.383928916417062, 2595164.392504652962089 ], [ 2683116.383928916417062, 2595087.549168542958796 ], [ 2683039.541835518088192, 2595010.705832433421165 ], [ 2683039.541835518088192, 2594933.864097459707409 ], [ 2683039.541835518088192, 2594857.020761349704117 ], [ 2683116.383928916417062, 2594780.177425240166485 ], [ 2683193.226022315211594, 2594780.177425240166485 ], [ 2683193.226022315211594, 2594857.020761349704117 ], [ 2683270.069716824218631, 2594857.020761349704117 ], [ 2683270.069716824218631, 2594780.177425240166485 ], [ 2683346.911810222547501, 2594703.334089130163193 ], [ 2683346.911810222547501, 2594626.492354156449437 ], [ 2683346.911810222547501, 2594549.649018046911806 ], [ 2683270.069716824218631, 2594549.649018046911806 ], [ 2683270.069716824218631, 2594472.805681936908513 ], [ 2683193.226022315211594, 2594472.805681936908513 ], [ 2683193.226022315211594, 2594395.963946963194758 ], [ 2683193.226022315211594, 2594319.120610853657126 ], [ 2683193.226022315211594, 2594242.277274743653834 ], [ 2683193.226022315211594, 2594165.433938633650541 ], [ 2683116.383928916417062, 2594088.592203660402447 ], [ 2683116.383928916417062, 2594011.748867550399154 ], [ 2683193.226022315211594, 2594011.748867550399154 ], [ 2683270.069716824218631, 2594011.748867550399154 ], [ 2683270.069716824218631, 2593934.905531440395862 ], [ 2683270.069716824218631, 2593858.062195330858231 ], [ 2683346.911810222547501, 2593781.220460357144475 ], [ 2683423.753903621342033, 2593704.377124247141182 ], [ 2683500.595997019670904, 2593627.533788137603551 ], [ 2683500.595997019670904, 2593550.692053163889796 ], [ 2683500.595997019670904, 2593473.848717053886503 ], [ 2683577.438090418465436, 2593473.848717053886503 ], [ 2683654.280183816794306, 2593473.848717053886503 ], [ 2683731.123878325801343, 2593473.848717053886503 ], [ 2683731.123878325801343, 2593397.005380944348872 ], [ 2683654.280183816794306, 2593320.162044834345579 ], [ 2683654.280183816794306, 2593243.320309860631824 ], [ 2683654.280183816794306, 2593166.476973751094192 ], [ 2683731.123878325801343, 2593166.476973751094192 ], [ 2683807.965971724595875, 2593089.6336376410909 ], [ 2683807.965971724595875, 2593012.790301531087607 ], [ 2683884.808065122924745, 2592935.948566557839513 ], [ 2683884.808065122924745, 2592859.10523044783622 ], [ 2683807.965971724595875, 2592782.261894337832928 ], [ 2683807.965971724595875, 2592705.418558227829635 ], [ 2683731.123878325801343, 2592628.576823254581541 ], [ 2683731.123878325801343, 2592551.733487144578248 ], [ 2683807.965971724595875, 2592551.733487144578248 ], [ 2683884.808065122924745, 2592551.733487144578248 ], [ 2683961.650158521719277, 2592551.733487144578248 ], [ 2683961.650158521719277, 2592474.890151034574956 ], [ 2683884.808065122924745, 2592474.890151034574956 ], [ 2683807.965971724595875, 2592474.890151034574956 ], [ 2683731.123878325801343, 2592474.890151034574956 ], [ 2683731.123878325801343, 2592398.048416061326861 ], [ 2683654.280183816794306, 2592398.048416061326861 ], [ 2683654.280183816794306, 2592321.205079951323569 ], [ 2683654.280183816794306, 2592244.361743841320276 ], [ 2683731.123878325801343, 2592167.518407731782645 ], [ 2683731.123878325801343, 2592090.676672758068889 ], [ 2683807.965971724595875, 2592090.676672758068889 ], [ 2683884.808065122924745, 2592090.676672758068889 ], [ 2683884.808065122924745, 2592167.518407731782645 ], [ 2683884.808065122924745, 2592244.361743841320276 ], [ 2683961.650158521719277, 2592244.361743841320276 ], [ 2684038.492251920513809, 2592244.361743841320276 ], [ 2684115.335946429520845, 2592244.361743841320276 ], [ 2684192.178039827849716, 2592321.205079951323569 ], [ 2684269.020133226644248, 2592321.205079951323569 ], [ 2684422.70432002376765, 2592321.205079951323569 ], [ 2684499.548014532774687, 2592321.205079951323569 ], [ 2684499.548014532774687, 2592244.361743841320276 ], [ 2684499.548014532774687, 2592167.518407731782645 ], [ 2684499.548014532774687, 2592090.676672758068889 ], [ 2684422.70432002376765, 2592090.676672758068889 ], [ 2684345.862226624973118, 2592090.676672758068889 ], [ 2684345.862226624973118, 2592167.518407731782645 ], [ 2684269.020133226644248, 2592167.518407731782645 ], [ 2684192.178039827849716, 2592090.676672758068889 ], [ 2684192.178039827849716, 2592013.833336648065597 ], [ 2684192.178039827849716, 2591936.990000538527966 ], [ 2684115.335946429520845, 2591936.990000538527966 ], [ 2684115.335946429520845, 2591860.146664428524673 ], [ 2684115.335946429520845, 2591783.304929454810917 ], [ 2684192.178039827849716, 2591783.304929454810917 ], [ 2684269.020133226644248, 2591783.304929454810917 ], [ 2684269.020133226644248, 2591706.461593345273286 ], [ 2684269.020133226644248, 2591629.618257235269994 ], [ 2684192.178039827849716, 2591629.618257235269994 ], [ 2684115.335946429520845, 2591629.618257235269994 ], [ 2684115.335946429520845, 2591552.774921125266701 ], [ 2684038.492251920513809, 2591475.933186152018607 ], [ 2684115.335946429520845, 2591399.089850042015314 ], [ 2684192.178039827849716, 2591399.089850042015314 ], [ 2684269.020133226644248, 2591399.089850042015314 ], [ 2684345.862226624973118, 2591399.089850042015314 ], [ 2684345.862226624973118, 2591322.246513932012022 ], [ 2684422.70432002376765, 2591322.246513932012022 ], [ 2684422.70432002376765, 2591245.404778958763927 ], [ 2684422.70432002376765, 2591168.561442848760635 ], [ 2684345.862226624973118, 2591168.561442848760635 ], [ 2684269.020133226644248, 2591168.561442848760635 ], [ 2684192.178039827849716, 2591168.561442848760635 ], [ 2684192.178039827849716, 2591091.718106738757342 ], [ 2684115.335946429520845, 2591091.718106738757342 ], [ 2684192.178039827849716, 2591014.874770629219711 ], [ 2684269.020133226644248, 2590938.033035655505955 ], [ 2684422.70432002376765, 2591014.874770629219711 ], [ 2684499.548014532774687, 2591014.874770629219711 ], [ 2684576.390107931103557, 2591014.874770629219711 ], [ 2684576.390107931103557, 2590938.033035655505955 ], [ 2684422.70432002376765, 2590861.189699545502663 ], [ 2684422.70432002376765, 2590784.346363435965031 ], [ 2684345.862226624973118, 2590784.346363435965031 ], [ 2684345.862226624973118, 2590707.503027325961739 ], [ 2684422.70432002376765, 2590630.661292352247983 ], [ 2684499.548014532774687, 2590553.817956242710352 ], [ 2684576.390107931103557, 2590553.817956242710352 ], [ 2684653.232201329898089, 2590553.817956242710352 ], [ 2684653.232201329898089, 2590630.661292352247983 ], [ 2684653.232201329898089, 2590707.503027325961739 ], [ 2684730.07429472822696, 2590707.503027325961739 ], [ 2684730.07429472822696, 2590630.661292352247983 ], [ 2684806.916388127021492, 2590630.661292352247983 ], [ 2684883.758481525350362, 2590553.817956242710352 ], [ 2684883.758481525350362, 2590476.974620132707059 ], [ 2684883.758481525350362, 2590400.132885158993304 ], [ 2684960.602176034357399, 2590400.132885158993304 ], [ 2684960.602176034357399, 2590323.289549049455673 ], [ 2685037.444269433151931, 2590323.289549049455673 ], [ 2685037.444269433151931, 2590400.132885158993304 ], [ 2685114.286362831480801, 2590476.974620132707059 ], [ 2685191.128456230275333, 2590476.974620132707059 ], [ 2685191.128456230275333, 2590400.132885158993304 ], [ 2685114.286362831480801, 2590323.289549049455673 ], [ 2685114.286362831480801, 2590246.44621293945238 ], [ 2685191.128456230275333, 2590246.44621293945238 ], [ 2685267.970549629069865, 2590246.44621293945238 ], [ 2685344.814244138076901, 2590246.44621293945238 ], [ 2685421.656337536405772, 2590246.44621293945238 ], [ 2685421.656337536405772, 2590323.289549049455673 ], [ 2685421.656337536405772, 2590400.132885158993304 ], [ 2685421.656337536405772, 2590476.974620132707059 ], [ 2685498.498430935200304, 2590476.974620132707059 ], [ 2685575.340524333529174, 2590553.817956242710352 ], [ 2685652.182617732323706, 2590630.661292352247983 ], [ 2685729.026312241330743, 2590630.661292352247983 ], [ 2685805.868405639659613, 2590630.661292352247983 ], [ 2685882.710499038454145, 2590630.661292352247983 ], [ 2685959.552592436783016, 2590707.503027325961739 ], [ 2685959.552592436783016, 2590784.346363435965031 ], [ 2686036.394685835577548, 2590784.346363435965031 ], [ 2686113.236779233906418, 2590784.346363435965031 ], [ 2686113.236779233906418, 2590707.503027325961739 ], [ 2686036.394685835577548, 2590707.503027325961739 ], [ 2685882.710499038454145, 2590553.817956242710352 ], [ 2685882.710499038454145, 2590476.974620132707059 ], [ 2685882.710499038454145, 2590400.132885158993304 ], [ 2685882.710499038454145, 2590323.289549049455673 ], [ 2685959.552592436783016, 2590323.289549049455673 ], [ 2686113.236779233906418, 2590400.132885158993304 ], [ 2686113.236779233906418, 2590323.289549049455673 ], [ 2686190.080473742913455, 2590323.289549049455673 ], [ 2686190.080473742913455, 2590246.44621293945238 ], [ 2686190.080473742913455, 2590169.602876829449087 ], [ 2686113.236779233906418, 2590169.602876829449087 ], [ 2686036.394685835577548, 2590092.761141856200993 ], [ 2685959.552592436783016, 2590092.761141856200993 ], [ 2685882.710499038454145, 2590015.917805746197701 ], [ 2685805.868405639659613, 2590015.917805746197701 ], [ 2685882.710499038454145, 2589939.074469636194408 ], [ 2686036.394685835577548, 2589939.074469636194408 ], [ 2686113.236779233906418, 2589939.074469636194408 ], [ 2686190.080473742913455, 2589862.231133526191115 ], [ 2686266.922567141707987, 2589862.231133526191115 ], [ 2686343.764660540036857, 2589862.231133526191115 ], [ 2686420.606753938831389, 2589862.231133526191115 ], [ 2686343.764660540036857, 2589785.389398552943021 ], [ 2686343.764660540036857, 2589708.546062442939728 ], [ 2686420.606753938831389, 2589708.546062442939728 ], [ 2686497.448847337625921, 2589708.546062442939728 ], [ 2686574.292541846632957, 2589708.546062442939728 ], [ 2686574.292541846632957, 2589631.702726332936436 ], [ 2686497.448847337625921, 2589554.859390223398805 ], [ 2686420.606753938831389, 2589554.859390223398805 ], [ 2686420.606753938831389, 2589478.017655249685049 ], [ 2686420.606753938831389, 2589401.174319139681756 ], [ 2686420.606753938831389, 2589324.330983030144125 ], [ 2686497.448847337625921, 2589324.330983030144125 ], [ 2686497.448847337625921, 2589247.48924805643037 ], [ 2686574.292541846632957, 2589247.48924805643037 ], [ 2686574.292541846632957, 2589170.645911946427077 ], [ 2686574.292541846632957, 2589093.802575836889446 ], [ 2686574.292541846632957, 2589016.959239726886153 ], [ 2686420.606753938831389, 2588940.117504753172398 ], [ 2686343.764660540036857, 2588940.117504753172398 ], [ 2686343.764660540036857, 2589016.959239726886153 ], [ 2686266.922567141707987, 2589093.802575836889446 ], [ 2686190.080473742913455, 2589170.645911946427077 ], [ 2686113.236779233906418, 2589170.645911946427077 ], [ 2686036.394685835577548, 2589170.645911946427077 ], [ 2685959.552592436783016, 2589093.802575836889446 ], [ 2685882.710499038454145, 2589016.959239726886153 ], [ 2685959.552592436783016, 2588940.117504753172398 ], [ 2686036.394685835577548, 2588940.117504753172398 ], [ 2686113.236779233906418, 2588940.117504753172398 ], [ 2686113.236779233906418, 2588863.274168643634766 ], [ 2686190.080473742913455, 2588863.274168643634766 ], [ 2686190.080473742913455, 2588786.430832533631474 ], [ 2686266.922567141707987, 2588709.587496423628181 ], [ 2686343.764660540036857, 2588709.587496423628181 ], [ 2686343.764660540036857, 2588632.745761450380087 ], [ 2686420.606753938831389, 2588632.745761450380087 ], [ 2686420.606753938831389, 2588555.902425340376794 ], [ 2686343.764660540036857, 2588555.902425340376794 ], [ 2686266.922567141707987, 2588555.902425340376794 ], [ 2686266.922567141707987, 2588479.059089230373502 ], [ 2686190.080473742913455, 2588479.059089230373502 ], [ 2686190.080473742913455, 2588402.215753120835871 ], [ 2686266.922567141707987, 2588402.215753120835871 ], [ 2686266.922567141707987, 2588325.374018147122115 ], [ 2686266.922567141707987, 2588248.530682037118822 ], [ 2686190.080473742913455, 2588171.687345927581191 ], [ 2686190.080473742913455, 2588094.845610953867435 ], [ 2686190.080473742913455, 2588018.002274843864143 ], [ 2686190.080473742913455, 2587941.158938734326512 ], [ 2683193.226022315211594, 2588479.059089230373502 ], [ 2683116.383928916417062, 2588018.002274843864143 ], [ 2683116.383928916417062, 2587941.158938734326512 ], [ 2683039.541835518088192, 2587787.473867650609463 ], [ 2683039.541835518088192, 2587710.630531541071832 ], [ 2683039.541835518088192, 2587633.78719543106854 ], [ 2682885.857648720964789, 2586942.201973851304501 ], [ 2682809.013954211957753, 2586250.615151135250926 ], [ 2682732.171860813163221, 2586250.615151135250926 ], [ 2682117.433512513991445, 2586404.300222218502313 ], [ 2682040.591419115662575, 2585866.400071721989661 ], [ 2681963.747724606655538, 2585866.400071721989661 ], [ 2681886.905631207861006, 2585866.400071721989661 ], [ 2681886.905631207861006, 2585943.243407831992954 ], [ 2681810.063537809532136, 2585943.243407831992954 ], [ 2681810.063537809532136, 2586020.086743941996247 ], [ 2681733.221444410737604, 2585789.558336748741567 ], [ 2681425.851469706278294, 2585866.400071721989661 ], [ 2680811.113121407106519, 2585943.243407831992954 ], [ 2680503.743146702181548, 2586020.086743941996247 ], [ 2680426.901053303852677, 2586020.086743941996247 ], [ 2680119.531078598927706, 2586096.930080051533878 ], [ 2680042.688985200598836, 2585789.558336748741567 ], [ 2680042.688985200598836, 2585712.715000638738275 ], [ 2680042.688985200598836, 2585635.871664528734982 ], [ 2679658.476917096879333, 2585712.715000638738275 ], [ 2679581.634823698550463, 2585712.715000638738275 ], [ 2679658.476917096879333, 2585635.871664528734982 ], [ 2679735.319010495673865, 2585559.028328419197351 ], [ 2679735.319010495673865, 2585482.186593445483595 ], [ 2679735.319010495673865, 2585405.343257335480303 ], [ 2679735.319010495673865, 2585328.499921225942671 ], [ 2679735.319010495673865, 2585251.656585115939379 ], [ 2679812.161103894002736, 2585251.656585115939379 ], [ 2679812.161103894002736, 2585174.814850142225623 ], [ 2679889.003197292797267, 2585174.814850142225623 ], [ 2679812.161103894002736, 2585097.971514032687992 ], [ 2679735.319010495673865, 2585021.128177922684699 ], [ 2679735.319010495673865, 2584944.286442948970944 ], [ 2679812.161103894002736, 2584944.286442948970944 ], [ 2679812.161103894002736, 2584867.443106839433312 ], [ 2679735.319010495673865, 2584867.443106839433312 ], [ 2679658.476917096879333, 2584867.443106839433312 ], [ 2679658.476917096879333, 2584790.59977072943002 ], [ 2679735.319010495673865, 2584790.59977072943002 ], [ 2679658.476917096879333, 2584790.59977072943002 ], [ 2679658.476917096879333, 2584713.756434619426727 ], [ 2679658.476917096879333, 2584636.914699646178633 ], [ 2679581.634823698550463, 2584636.914699646178633 ], [ 2679504.791129189543426, 2584636.914699646178633 ], [ 2679427.949035790748894, 2584636.914699646178633 ], [ 2679427.949035790748894, 2584560.07136353617534 ], [ 2679427.949035790748894, 2584483.228027426172048 ], [ 2679504.791129189543426, 2584483.228027426172048 ], [ 2679581.634823698550463, 2584483.228027426172048 ], [ 2679581.634823698550463, 2584560.07136353617534 ], [ 2679658.476917096879333, 2584560.07136353617534 ], [ 2679658.476917096879333, 2584483.228027426172048 ], [ 2679581.634823698550463, 2584406.384691316168755 ], [ 2679504.791129189543426, 2584406.384691316168755 ], [ 2679427.949035790748894, 2584406.384691316168755 ], [ 2679427.949035790748894, 2584329.542956342920661 ], [ 2679504.791129189543426, 2584329.542956342920661 ], [ 2679581.634823698550463, 2584329.542956342920661 ], [ 2679581.634823698550463, 2584252.699620232917368 ], [ 2679504.791129189543426, 2584252.699620232917368 ], [ 2679504.791129189543426, 2584175.856284122914076 ], [ 2679581.634823698550463, 2584175.856284122914076 ], [ 2679658.476917096879333, 2584175.856284122914076 ], [ 2679735.319010495673865, 2584099.014549149665982 ], [ 2679658.476917096879333, 2584022.171213039662689 ], [ 2679581.634823698550463, 2583945.327876929659396 ], [ 2679504.791129189543426, 2583868.484540820121765 ], [ 2679581.634823698550463, 2583868.484540820121765 ], [ 2679581.634823698550463, 2583791.64280584640801 ], [ 2679581.634823698550463, 2583714.799469736404717 ], [ 2679581.634823698550463, 2583637.956133626867086 ], [ 2679658.476917096879333, 2583637.956133626867086 ], [ 2679735.319010495673865, 2583637.956133626867086 ], [ 2679735.319010495673865, 2583714.799469736404717 ], [ 2679812.161103894002736, 2583714.799469736404717 ], [ 2679812.161103894002736, 2583637.956133626867086 ], [ 2679889.003197292797267, 2583637.956133626867086 ], [ 2679812.161103894002736, 2583637.956133626867086 ], [ 2679735.319010495673865, 2583561.112797516863793 ], [ 2679658.476917096879333, 2583484.271062543150038 ], [ 2678966.894874289166182, 2583176.899319240357727 ], [ 2678890.05278089037165, 2583100.055983130354434 ], [ 2678659.524899584241211, 2583100.055983130354434 ], [ 2678582.68280618544668, 2583100.055983130354434 ], [ 2678505.840712787117809, 2583100.055983130354434 ], [ 2678428.998619388323277, 2583100.055983130354434 ], [ 2678352.156525989994407, 2583100.055983130354434 ], [ 2678352.156525989994407, 2583023.212647020351142 ], [ 2678275.31283148098737, 2583023.212647020351142 ], [ 2677967.944457886740565, 2582792.684239827096462 ], [ 2677737.416576580610126, 2582638.999168743845075 ], [ 2677660.574483181815594, 2582562.155832633841783 ], [ 2677583.732389783486724, 2582485.312496524304152 ], [ 2677506.890296384692192, 2582485.312496524304152 ], [ 2677506.890296384692192, 2582408.469160414300859 ], [ 2677430.046601875685155, 2582408.469160414300859 ], [ 2677353.204508476890624, 2582408.469160414300859 ], [ 2677276.362415078561753, 2582408.469160414300859 ], [ 2677199.520321679767221, 2582408.469160414300859 ], [ 2677122.678228281438351, 2582331.627425440587103 ], [ 2676968.992440373636782, 2582331.627425440587103 ], [ 2676815.30825357651338, 2582331.627425440587103 ], [ 2676738.466160178184509, 2582331.627425440587103 ], [ 2676661.622465669177473, 2582331.627425440587103 ], [ 2676584.780372270382941, 2582331.627425440587103 ], [ 2676584.780372270382941, 2582254.784089331049472 ], [ 2676507.93827887205407, 2582254.784089331049472 ], [ 2676431.096185473259538, 2582177.94075322104618 ], [ 2676277.411998676136136, 2582024.255682137794793 ], [ 2676200.568304167129099, 2582024.255682137794793 ], [ 2676123.726210768334568, 2582177.94075322104618 ], [ 2675893.199930572882295, 2582562.155832633841783 ], [ 2675739.514142665080726, 2583023.212647020351142 ], [ 2675585.829955867957324, 2583253.741054213605821 ], [ 2675508.987862469628453, 2583330.584390323609114 ], [ 2675508.987862469628453, 2583407.427726433612406 ], [ 2675432.144167960621417, 2583407.427726433612406 ], [ 2675355.302074561826885, 2583484.271062543150038 ], [ 2675278.459981163498014, 2583561.112797516863793 ], [ 2675201.617887764703482, 2583637.956133626867086 ], [ 2675124.775794366374612, 2583637.956133626867086 ], [ 2675047.93370096758008, 2583714.799469736404717 ], [ 2674817.405819661449641, 2583561.112797516863793 ], [ 2674740.563726262655109, 2583484.271062543150038 ], [ 2674663.721632864326239, 2583484.271062543150038 ], [ 2674663.721632864326239, 2583407.427726433612406 ], [ 2674586.877938355319202, 2583330.584390323609114 ], [ 2674433.1937515581958, 2583100.055983130354434 ], [ 2674279.509564761072397, 2582792.684239827096462 ], [ 2673741.611708750016987, 2583561.112797516863793 ], [ 2673511.085428554099053, 2583561.112797516863793 ], [ 2673357.399640646763146, 2583714.799469736404717 ], [ 2673280.557547247968614, 2583791.64280584640801 ], [ 2673280.557547247968614, 2583868.484540820121765 ], [ 2673203.715453849639744, 2583945.327876929659396 ], [ 2673126.873360450845212, 2584099.014549149665982 ], [ 2672896.345479144714773, 2584329.542956342920661 ], [ 2672512.133411041460931, 2584560.07136353617534 ], [ 2672512.133411041460931, 2584483.228027426172048 ], [ 2672435.291317643132061, 2584483.228027426172048 ], [ 2672358.449224244337529, 2584483.228027426172048 ], [ 2672281.607130845542997, 2584483.228027426172048 ], [ 2672281.607130845542997, 2584406.384691316168755 ], [ 2672204.765037447214127, 2584329.542956342920661 ], [ 2672127.92134293820709, 2584329.542956342920661 ], [ 2672127.92134293820709, 2584252.699620232917368 ], [ 2672051.079249539412558, 2584252.699620232917368 ], [ 2671974.237156141083688, 2584252.699620232917368 ], [ 2671974.237156141083688, 2584175.856284122914076 ], [ 2671897.395062742289156, 2584099.014549149665982 ], [ 2671820.552969343960285, 2584099.014549149665982 ], [ 2671820.552969343960285, 2584022.171213039662689 ], [ 2671743.710875945165753, 2584022.171213039662689 ], [ 2671666.867181436158717, 2584022.171213039662689 ], [ 2671666.867181436158717, 2583945.327876929659396 ], [ 2671666.867181436158717, 2583868.484540820121765 ], [ 2671666.867181436158717, 2583791.64280584640801 ], [ 2671590.025088037829846, 2583714.799469736404717 ], [ 2671590.025088037829846, 2583637.956133626867086 ], [ 2671590.025088037829846, 2583561.112797516863793 ], [ 2671513.182994639035314, 2583561.112797516863793 ], [ 2671513.182994639035314, 2583484.271062543150038 ], [ 2671513.182994639035314, 2583407.427726433612406 ], [ 2671436.340901240706444, 2583330.584390323609114 ], [ 2671359.498807841911912, 2583253.741054213605821 ], [ 2671282.655113332904875, 2583176.899319240357727 ], [ 2671205.813019934576005, 2583176.899319240357727 ], [ 2671128.970926535781473, 2583176.899319240357727 ], [ 2671052.128833136986941, 2583253.741054213605821 ], [ 2670975.286739738658071, 2583253.741054213605821 ], [ 2670898.443045229651034, 2583253.741054213605821 ], [ 2670821.600951830856502, 2583330.584390323609114 ], [ 2670744.758858432527632, 2583330.584390323609114 ], [ 2670667.9167650337331, 2583407.427726433612406 ], [ 2670591.074671635404229, 2583407.427726433612406 ], [ 2670437.388883727602661, 2583407.427726433612406 ], [ 2670360.54679032927379, 2583407.427726433612406 ], [ 2670283.704696930479258, 2583484.271062543150038 ], [ 2670206.862603532150388, 2583484.271062543150038 ], [ 2670130.020510133355856, 2583484.271062543150038 ], [ 2670053.176815624348819, 2583484.271062543150038 ], [ 2669976.334722226019949, 2583407.427726433612406 ], [ 2669976.334722226019949, 2583330.584390323609114 ], [ 2669899.492628827225417, 2583330.584390323609114 ], [ 2669899.492628827225417, 2583253.741054213605821 ], [ 2669822.650535428430885, 2583253.741054213605821 ], [ 2669822.650535428430885, 2583176.899319240357727 ], [ 2669745.808442030102015, 2583100.055983130354434 ], [ 2669668.964747521094978, 2583100.055983130354434 ], [ 2669592.122654122300446, 2583023.212647020351142 ], [ 2669592.122654122300446, 2582946.370912047103047 ], [ 2669592.122654122300446, 2582869.527575937099755 ], [ 2669515.280560723971575, 2582869.527575937099755 ], [ 2669515.280560723971575, 2582792.684239827096462 ], [ 2669438.438467325177044, 2582792.684239827096462 ], [ 2669438.438467325177044, 2582715.840903717558831 ], [ 2669361.596373926848173, 2582638.999168743845075 ], [ 2669361.596373926848173, 2582562.155832633841783 ], [ 2669284.754280528053641, 2582562.155832633841783 ], [ 2669207.910586019046605, 2582562.155832633841783 ], [ 2669131.068492620717734, 2582562.155832633841783 ], [ 2669054.226399221923202, 2582562.155832633841783 ], [ 2669054.226399221923202, 2582485.312496524304152 ], [ 2668977.384305823594332, 2582485.312496524304152 ], [ 2668900.5422124247998, 2582485.312496524304152 ], [ 2668823.698517915792763, 2582485.312496524304152 ], [ 2668746.856424517463893, 2582485.312496524304152 ], [ 2668670.014331118669361, 2582485.312496524304152 ], [ 2668593.172237719874829, 2582485.312496524304152 ], [ 2668516.330144321545959, 2582408.469160414300859 ], [ 2668439.486449812538922, 2582331.627425440587103 ], [ 2668362.64435641374439, 2582254.784089331049472 ], [ 2668285.802263015415519, 2582254.784089331049472 ], [ 2668285.802263015415519, 2582177.94075322104618 ], [ 2668208.960169616620988, 2582177.94075322104618 ], [ 2668208.960169616620988, 2582101.099018247332424 ], [ 2668132.118076218292117, 2582101.099018247332424 ], [ 2668132.118076218292117, 2582024.255682137794793 ], [ 2668055.275982819497585, 2582024.255682137794793 ], [ 2668055.275982819497585, 2581947.4123460277915 ], [ 2668055.275982819497585, 2581870.569009917788208 ], [ 2668055.275982819497585, 2581793.727274944540113 ], [ 2667978.432288310490549, 2581793.727274944540113 ], [ 2667901.590194912161678, 2581793.727274944540113 ], [ 2667824.748101513367146, 2581793.727274944540113 ], [ 2667747.906008115038276, 2581793.727274944540113 ], [ 2667671.063914716243744, 2581793.727274944540113 ], [ 2667594.220220207236707, 2581716.883938834536821 ], [ 2667517.378126808907837, 2581640.040602724533528 ], [ 2667363.693940011784434, 2581640.040602724533528 ], [ 2667363.693940011784434, 2581563.197266614530236 ], [ 2667286.851846612989902, 2581563.197266614530236 ], [ 2667286.851846612989902, 2581486.355531641282141 ], [ 2667286.851846612989902, 2581409.512195531278849 ], [ 2667286.851846612989902, 2581332.668859421275556 ], [ 2667286.851846612989902, 2581255.825523311737925 ], [ 2667286.851846612989902, 2581178.983788338024169 ], [ 2667286.851846612989902, 2581102.140452228020877 ], [ 2667210.008152103982866, 2581025.297116118483245 ], [ 2667210.008152103982866, 2580948.45538114476949 ], [ 2667133.166058705188334, 2580948.45538114476949 ], [ 2667133.166058705188334, 2580871.612045034766197 ], [ 2667056.323965306859463, 2580871.612045034766197 ], [ 2667056.323965306859463, 2580794.768708925228566 ], [ 2666979.481871908064932, 2580794.768708925228566 ], [ 2666902.639778509736061, 2580794.768708925228566 ], [ 2666902.639778509736061, 2580871.612045034766197 ], [ 2666979.481871908064932, 2580948.45538114476949 ], [ 2666979.481871908064932, 2581025.297116118483245 ], [ 2666902.639778509736061, 2581102.140452228020877 ], [ 2666825.797685110941529, 2581102.140452228020877 ], [ 2666825.797685110941529, 2581025.297116118483245 ], [ 2666825.797685110941529, 2580717.925372815225273 ], [ 2666748.953990601934493, 2580717.925372815225273 ], [ 2666211.057735701557249, 2580794.768708925228566 ], [ 2665903.687760996632278, 2580871.612045034766197 ], [ 2665442.633599495049566, 2580948.45538114476949 ], [ 2665212.107319299131632, 2580948.45538114476949 ], [ 2665135.263624790124595, 2580564.240301731973886 ], [ 2665058.421531391795725, 2580564.240301731973886 ], [ 2664443.683183092623949, 2580717.925372815225273 ], [ 2663828.943233683239669, 2580794.768708925228566 ], [ 2663828.943233683239669, 2580871.612045034766197 ], [ 2663752.101140284445137, 2580871.612045034766197 ], [ 2663752.101140284445137, 2580948.45538114476949 ], [ 2663675.259046886116266, 2580948.45538114476949 ], [ 2663675.259046886116266, 2581025.297116118483245 ], [ 2663598.416953487321734, 2581102.140452228020877 ], [ 2663521.574860088527203, 2581178.983788338024169 ], [ 2663598.416953487321734, 2581255.825523311737925 ], [ 2663598.416953487321734, 2581332.668859421275556 ], [ 2663675.259046886116266, 2581563.197266614530236 ], [ 2663675.259046886116266, 2581640.040602724533528 ], [ 2663675.259046886116266, 2581716.883938834536821 ], [ 2663675.259046886116266, 2581793.727274944540113 ], [ 2663675.259046886116266, 2581870.569009917788208 ], [ 2663675.259046886116266, 2581947.4123460277915 ], [ 2663675.259046886116266, 2582024.255682137794793 ], [ 2663598.416953487321734, 2582101.099018247332424 ], [ 2663675.259046886116266, 2582177.94075322104618 ], [ 2663675.259046886116266, 2582254.784089331049472 ], [ 2663598.416953487321734, 2582254.784089331049472 ], [ 2663598.416953487321734, 2582331.627425440587103 ], [ 2663521.574860088527203, 2582408.469160414300859 ], [ 2663521.574860088527203, 2582485.312496524304152 ], [ 2663444.731165579520166, 2582562.155832633841783 ], [ 2663367.889072181191295, 2582562.155832633841783 ], [ 2663367.889072181191295, 2582638.999168743845075 ], [ 2663291.046978782396764, 2582638.999168743845075 ], [ 2663291.046978782396764, 2582715.840903717558831 ], [ 2663214.204885384067893, 2582715.840903717558831 ], [ 2663214.204885384067893, 2582869.527575937099755 ], [ 2663137.362791985273361, 2582869.527575937099755 ], [ 2663137.362791985273361, 2582946.370912047103047 ], [ 2662983.677004077937454, 2583253.741054213605821 ], [ 2662753.15072388201952, 2583176.899319240357727 ], [ 2662215.25286787096411, 2583407.427726433612406 ], [ 2662138.410774472635239, 2583330.584390323609114 ], [ 2662292.096562380436808, 2583791.64280584640801 ], [ 2662522.622842575889081, 2584329.542956342920661 ], [ 2662676.307029373012483, 2584790.59977072943002 ], [ 2662753.15072388201952, 2584944.286442948970944 ], [ 2662753.15072388201952, 2585021.128177922684699 ], [ 2662753.15072388201952, 2585097.971514032687992 ], [ 2662676.307029373012483, 2585097.971514032687992 ], [ 2662599.464935974683613, 2585097.971514032687992 ], [ 2662522.622842575889081, 2585097.971514032687992 ], [ 2662445.78074917756021, 2585097.971514032687992 ], [ 2662368.938655778765678, 2585097.971514032687992 ], [ 2662292.096562380436808, 2585097.971514032687992 ], [ 2662215.25286787096411, 2585097.971514032687992 ], [ 2662138.410774472635239, 2585097.971514032687992 ], [ 2662138.410774472635239, 2585174.814850142225623 ], [ 2662061.568681073840708, 2585328.499921225942671 ], [ 2661984.726587675511837, 2585328.499921225942671 ], [ 2661907.884494276717305, 2585482.186593445483595 ], [ 2661677.356612970586866, 2585635.871664528734982 ], [ 2661600.514519572257996, 2585635.871664528734982 ], [ 2661600.514519572257996, 2585712.715000638738275 ], [ 2661523.672426173463464, 2585712.715000638738275 ], [ 2661523.672426173463464, 2585789.558336748741567 ], [ 2661446.828731664456427, 2585789.558336748741567 ], [ 2661446.828731664456427, 2585866.400071721989661 ], [ 2661446.828731664456427, 2585943.243407831992954 ], [ 2661369.986638266127557, 2586020.086743941996247 ], [ 2661369.986638266127557, 2586096.930080051533878 ], [ 2661369.986638266127557, 2586173.771815025247633 ], [ 2661293.144544867333025, 2586173.771815025247633 ], [ 2661216.302451469004154, 2586404.300222218502313 ], [ 2661139.460358070209622, 2586557.986894438043237 ], [ 2661062.618264671880752, 2586557.986894438043237 ], [ 2660985.774570162408054, 2586557.986894438043237 ], [ 2660908.932476764079183, 2586557.986894438043237 ], [ 2660908.932476764079183, 2586788.515301631297916 ], [ 2660832.090383365284652, 2587019.043708824552596 ], [ 2660755.248289966955781, 2587019.043708824552596 ], [ 2660678.406196568161249, 2587095.887044934555888 ], [ 2660601.562502059154212, 2587172.730381044559181 ], [ 2660524.720408660825342, 2587249.573717154562473 ], [ 2660447.87831526203081, 2587326.415452127810568 ], [ 2660524.720408660825342, 2587480.102124347817153 ], [ 2660524.720408660825342, 2587710.630531541071832 ], [ 2660524.720408660825342, 2587787.473867650609463 ], [ 2660524.720408660825342, 2587864.315602624323219 ], [ 2660447.87831526203081, 2588171.687345927581191 ], [ 2660447.87831526203081, 2588248.530682037118822 ], [ 2660601.562502059154212, 2588479.059089230373502 ], [ 2660524.720408660825342, 2588632.745761450380087 ], [ 2660524.720408660825342, 2588709.587496423628181 ], [ 2660524.720408660825342, 2588786.430832533631474 ], [ 2660371.03622186370194, 2589016.959239726886153 ], [ 2660371.03622186370194, 2589093.802575836889446 ], [ 2660294.194128464907408, 2589247.48924805643037 ], [ 2660294.194128464907408, 2589324.330983030144125 ], [ 2660294.194128464907408, 2589401.174319139681756 ], [ 2660294.194128464907408, 2589478.017655249685049 ], [ 2660217.350433955900371, 2589554.859390223398805 ], [ 2660217.350433955900371, 2589631.702726332936436 ], [ 2660140.508340557571501, 2589708.546062442939728 ], [ 2660217.350433955900371, 2589708.546062442939728 ], [ 2660217.350433955900371, 2589785.389398552943021 ], [ 2660217.350433955900371, 2589862.231133526191115 ], [ 2660140.508340557571501, 2589862.231133526191115 ], [ 2660140.508340557571501, 2589939.074469636194408 ], [ 2660140.508340557571501, 2590015.917805746197701 ], [ 2660217.350433955900371, 2590015.917805746197701 ], [ 2660217.350433955900371, 2590092.761141856200993 ], [ 2660294.194128464907408, 2590169.602876829449087 ], [ 2660371.03622186370194, 2590246.44621293945238 ], [ 2660447.87831526203081, 2590323.289549049455673 ], [ 2660447.87831526203081, 2590400.132885158993304 ], [ 2660524.720408660825342, 2590400.132885158993304 ], [ 2660524.720408660825342, 2590476.974620132707059 ], [ 2660601.562502059154212, 2590476.974620132707059 ], [ 2660678.406196568161249, 2590553.817956242710352 ], [ 2660755.248289966955781, 2590630.661292352247983 ], [ 2660832.090383365284652, 2590630.661292352247983 ], [ 2660908.932476764079183, 2590707.503027325961739 ], [ 2660908.932476764079183, 2590784.346363435965031 ], [ 2660985.774570162408054, 2590861.189699545502663 ], [ 2661062.618264671880752, 2590938.033035655505955 ], [ 2661062.618264671880752, 2591014.874770629219711 ], [ 2661062.618264671880752, 2591091.718106738757342 ], [ 2660985.774570162408054, 2591168.561442848760635 ], [ 2660832.090383365284652, 2591322.246513932012022 ], [ 2660908.932476764079183, 2591399.089850042015314 ], [ 2660832.090383365284652, 2591552.774921125266701 ], [ 2660678.406196568161249, 2591552.774921125266701 ], [ 2660524.720408660825342, 2591783.304929454810917 ], [ 2660371.03622186370194, 2591936.990000538527966 ], [ 2660294.194128464907408, 2592013.833336648065597 ], [ 2660294.194128464907408, 2592090.676672758068889 ], [ 2660217.350433955900371, 2592167.518407731782645 ], [ 2660063.666247158776969, 2592244.361743841320276 ], [ 2660294.194128464907408, 2593781.220460357144475 ], [ 2660140.508340557571501, 2593858.062195330858231 ], [ 2659679.454179055523127, 2593934.905531440395862 ], [ 2659679.454179055523127, 2594242.277274743653834 ], [ 2659602.612085656728595, 2594242.277274743653834 ], [ 2659756.296272454317659, 2595318.077575736213475 ], [ 2659679.454179055523127, 2595241.235840762965381 ], [ 2659525.769992258399725, 2595318.077575736213475 ], [ 2659448.927898859605193, 2595318.077575736213475 ], [ 2659448.927898859605193, 2595241.235840762965381 ], [ 2659372.084204350598156, 2595241.235840762965381 ], [ 2659295.242110952269286, 2595241.235840762965381 ], [ 2659218.400017553474754, 2595164.392504652962089 ], [ 2659141.557924155145884, 2595164.392504652962089 ], [ 2659064.715830756351352, 2595164.392504652962089 ], [ 2658757.345856051892042, 2595241.235840762965381 ], [ 2658603.66166925476864, 2595318.077575736213475 ], [ 2657912.079626446589828, 2595471.764247956220061 ], [ 2657681.551745140459388, 2595548.607584066223353 ], [ 2657604.709651741664857, 2595548.607584066223353 ], [ 2657527.867558343335986, 2595548.607584066223353 ], [ 2657143.655490239616483, 2595702.29265514947474 ], [ 2656836.285515535157174, 2595779.135991259478033 ], [ 2656605.75923533923924, 2595779.135991259478033 ], [ 2656452.073447431903332, 2595855.977726232726127 ], [ 2656144.705073837656528, 2595932.821062342729419 ], [ 2656067.861379328649491, 2595932.821062342729419 ], [ 2655991.019285929854959, 2595932.821062342729419 ], [ 2655914.177192531060427, 2595932.821062342729419 ], [ 2655760.493005733937025, 2595932.821062342729419 ], [ 2655683.649311224929988, 2595855.977726232726127 ], [ 2655376.280937630683184, 2595855.977726232726127 ], [ 2655222.595149723347276, 2595855.977726232726127 ], [ 2654992.068869527429342, 2595779.135991259478033 ], [ 2654761.540988221298903, 2595779.135991259478033 ], [ 2654300.48682671925053, 2595702.29265514947474 ], [ 2654146.802639922127128, 2595702.29265514947474 ], [ 2653608.904783911537379, 2595625.449319039471447 ], [ 2653608.904783911537379, 2595855.977726232726127 ], [ 2653608.904783911537379, 2595932.821062342729419 ], [ 2653532.062690512742847, 2596086.507734562270343 ], [ 2653455.220597114413977, 2596547.564548948779702 ], [ 2653455.220597114413977, 2596778.092956142034382 ], [ 2653455.220597114413977, 2597008.621363335289061 ], [ 2653455.220597114413977, 2597162.308035555295646 ], [ 2653378.378503715619445, 2597239.151371664833277 ], [ 2653378.378503715619445, 2597469.679778858087957 ], [ 2653301.536410316824913, 2597469.679778858087957 ], [ 2653301.536410316824913, 2597546.523114968091249 ], [ 2653378.378503715619445, 2597623.364849941805005 ], [ 2653301.536410316824913, 2597623.364849941805005 ], [ 2653301.536410316824913, 2597700.208186051342636 ], [ 2653224.694316918496042, 2597700.208186051342636 ], [ 2653301.536410316824913, 2597700.208186051342636 ], [ 2653301.536410316824913, 2597777.051522161345929 ], [ 2653378.378503715619445, 2597777.051522161345929 ], [ 2653455.220597114413977, 2597777.051522161345929 ], [ 2653455.220597114413977, 2597853.893257135059685 ], [ 2653378.378503715619445, 2597853.893257135059685 ], [ 2653378.378503715619445, 2597930.736593244597316 ], [ 2653301.536410316824913, 2597930.736593244597316 ], [ 2653301.536410316824913, 2598007.579929354600608 ], [ 2653378.378503715619445, 2598238.108336547855288 ], [ 2653455.220597114413977, 2598776.008487044367939 ], [ 2653532.062690512742847, 2599313.908637540880591 ], [ 2653532.062690512742847, 2599390.751973650418222 ], [ 2653608.904783911537379, 2599698.123716953676194 ], [ 2653224.694316918496042, 2599544.438645870424807 ], [ 2652686.796460907440633, 2599313.908637540880591 ], [ 2652609.954367509111762, 2599313.908637540880591 ], [ 2652225.742299405857921, 2599160.223566457163543 ], [ 2652148.900206007063389, 2599083.380230347625911 ], [ 2652072.058112608268857, 2599083.380230347625911 ], [ 2652072.058112608268857, 2599006.536894237622619 ], [ 2651995.216019209939986, 2599006.536894237622619 ], [ 2651918.37232470093295, 2599006.536894237622619 ], [ 2651918.37232470093295, 2598929.695159263908863 ], [ 2651841.530231302138418, 2598929.695159263908863 ], [ 2651841.530231302138418, 2599083.380230347625911 ], [ 2651918.37232470093295, 2599083.380230347625911 ], [ 2651918.37232470093295, 2599160.223566457163543 ], [ 2651995.216019209939986, 2599160.223566457163543 ], [ 2652072.058112608268857, 2599160.223566457163543 ], [ 2652072.058112608268857, 2599237.066902567166835 ], [ 2652148.900206007063389, 2599237.066902567166835 ], [ 2653224.694316918496042, 2599698.123716953676194 ], [ 2653378.378503715619445, 2599774.967053063679487 ], [ 2653608.904783911537379, 2599851.810389173217118 ], [ 2653608.904783911537379, 2600005.495460256934166 ], [ 2653839.432665217667818, 2601619.195911746006459 ], [ 2653993.11685201479122, 2602771.839548848569393 ], [ 2653993.11685201479122, 2602925.526221068110317 ], [ 2654223.644733320921659, 2604462.383336447644979 ], [ 2654454.171013516373932, 2604539.226672557648271 ], [ 2654531.014708025380969, 2604616.070008667185903 ], [ 2654607.856801424175501, 2604616.070008667185903 ], [ 2654607.856801424175501, 2604692.913344777189195 ], [ 2654684.698894822970033, 2604692.913344777189195 ], [ 2654761.540988221298903, 2604769.755079750902951 ], [ 2654915.226776129100472, 2604923.441751970443875 ], [ 2654915.226776129100472, 2605000.285088080447167 ], [ 2655068.910962926223874, 2605153.970159163698554 ], [ 2654992.068869527429342, 2605230.813495273701847 ], [ 2654992.068869527429342, 2605307.655230246949941 ], [ 2654915.226776129100472, 2605384.498566356953233 ], [ 2654915.226776129100472, 2605538.185238576494157 ], [ 2654992.068869527429342, 2605691.870309660211205 ], [ 2655222.595149723347276, 2605999.242052963003516 ], [ 2655453.123031029477715, 2605999.242052963003516 ], [ 2655683.649311224929988, 2606229.770460156258196 ], [ 2655760.493005733937025, 2606306.613796266261488 ] ] } },
{ "type": "Feature", "properties": { }, "geometry": { "type": "LineString", "coordinates": [ [ 2701328.030513238627464, 2515631.984746844507754 ], [ 2701404.8742077476345, 2515785.669817927759141 ], [ 2702250.140437352936715, 2515247.769667431246489 ], [ 2702250.140437352936715, 2515170.926331321243197 ], [ 2702250.140437352936715, 2515094.082995211705565 ], [ 2702326.982530751265585, 2515017.24126023799181 ], [ 2702403.824624150060117, 2514863.554588018450886 ], [ 2702480.666717548388988, 2514709.869516934733838 ], [ 2702557.50881094718352, 2514633.026180825196207 ], [ 2702634.352505456190556, 2514633.026180825196207 ], [ 2702711.194598854519427, 2514633.026180825196207 ], [ 2702788.036692253313959, 2514633.026180825196207 ], [ 2702788.036692253313959, 2514556.182844715192914 ], [ 2702788.036692253313959, 2514479.341109741479158 ], [ 2702711.194598854519427, 2514402.497773631941527 ], [ 2702711.194598854519427, 2514325.654437521938235 ], [ 2702788.036692253313959, 2514248.811101411934942 ], [ 2702788.036692253313959, 2514171.969366438686848 ], [ 2702788.036692253313959, 2514095.126030328683555 ], [ 2702788.036692253313959, 2514018.282694218680263 ], [ 2702864.87878565210849, 2513941.440959245432168 ], [ 2702941.720879050437361, 2513864.597623135428876 ], [ 2702941.720879050437361, 2513787.754287025425583 ], [ 2702941.720879050437361, 2513710.910950915887952 ], [ 2702864.87878565210849, 2513634.069215942174196 ], [ 2702941.720879050437361, 2513480.382543722633272 ], [ 2702941.720879050437361, 2513403.53920761262998 ], [ 2702941.720879050437361, 2513326.697472638916224 ], [ 2703018.564573559444398, 2513326.697472638916224 ], [ 2703095.40666695823893, 2513249.854136529378593 ], [ 2703172.2487603565678, 2513096.167464309372008 ], [ 2703325.932947153691202, 2513019.325729336123914 ], [ 2703402.775040552485734, 2513019.325729336123914 ], [ 2703479.618735061492771, 2512942.482393226120621 ], [ 2703556.460828459821641, 2512942.482393226120621 ], [ 2703710.145015256945044, 2512942.482393226120621 ], [ 2703863.830803164746612, 2512942.482393226120621 ], [ 2703940.672896563075483, 2512942.482393226120621 ], [ 2703940.672896563075483, 2512865.639057116117328 ], [ 2704017.514989961870015, 2512788.797322142869234 ], [ 2704017.514989961870015, 2512635.110649922862649 ], [ 2704094.357083360198885, 2512635.110649922862649 ], [ 2704171.199176758993417, 2512558.267313812859356 ], [ 2704171.199176758993417, 2512481.425578839611262 ], [ 2704171.199176758993417, 2512404.58224272960797 ], [ 2704171.199176758993417, 2512250.895570510067046 ], [ 2704094.357083360198885, 2512174.05383553635329 ], [ 2704094.357083360198885, 2512097.210499426349998 ], [ 2704094.357083360198885, 2512020.367163316812366 ], [ 2704171.199176758993417, 2511943.523827206809074 ], [ 2704248.042871268000454, 2511943.523827206809074 ], [ 2704324.884964666794986, 2511866.682092233095318 ], [ 2704324.884964666794986, 2511789.838756123557687 ], [ 2704171.199176758993417, 2511636.153685039840639 ], [ 2704248.042871268000454, 2511636.153685039840639 ], [ 2704248.042871268000454, 2511559.310348930303007 ], [ 2704324.884964666794986, 2511482.467012820299715 ], [ 2704324.884964666794986, 2511405.623676710296422 ], [ 2704248.042871268000454, 2511405.623676710296422 ], [ 2704171.199176758993417, 2511328.781941737048328 ], [ 2704171.199176758993417, 2511405.623676710296422 ], [ 2704094.357083360198885, 2511328.781941737048328 ], [ 2704017.514989961870015, 2511328.781941737048328 ], [ 2704017.514989961870015, 2511251.938605627045035 ], [ 2703940.672896563075483, 2511251.938605627045035 ], [ 2703863.830803164746612, 2511251.938605627045035 ], [ 2703786.987108655739576, 2511251.938605627045035 ], [ 2703710.145015256945044, 2511251.938605627045035 ], [ 2703633.302921858616173, 2511175.095269517041743 ], [ 2703633.302921858616173, 2511021.410198433790356 ], [ 2703556.460828459821641, 2511021.410198433790356 ], [ 2703479.618735061492771, 2511021.410198433790356 ], [ 2703249.090853755362332, 2511098.251933407504112 ], [ 2703172.2487603565678, 2511021.410198433790356 ], [ 2703095.40666695823893, 2511098.251933407504112 ], [ 2702480.666717548388988, 2511175.095269517041743 ], [ 2701942.770462648011744, 2510790.881791240535676 ], [ 2701789.086275850888342, 2510714.038455130532384 ], [ 2701712.242581341881305, 2510637.195119020994753 ], [ 2701635.400487943552434, 2510560.35178291099146 ], [ 2701097.504233042709529, 2510483.510047937277704 ], [ 2700329.080096836201847, 2510560.35178291099146 ], [ 2700252.238003437407315, 2510560.35178291099146 ], [ 2700098.552215530071408, 2510560.35178291099146 ], [ 2699944.868028732948005, 2510790.881791240535676 ], [ 2699330.12968043377623, 2511789.838756123557687 ], [ 2699637.498054028023034, 2511943.523827206809074 ], [ 2699714.341748537030071, 2511943.523827206809074 ], [ 2699791.183841935824603, 2511943.523827206809074 ], [ 2699714.341748537030071, 2512250.895570510067046 ], [ 2699637.498054028023034, 2512250.895570510067046 ], [ 2699637.498054028023034, 2512327.738906619604677 ], [ 2699714.341748537030071, 2512327.738906619604677 ], [ 2699791.183841935824603, 2512327.738906619604677 ], [ 2699791.183841935824603, 2512404.58224272960797 ], [ 2699868.025935334153473, 2512404.58224272960797 ], [ 2699944.868028732948005, 2512327.738906619604677 ], [ 2699944.868028732948005, 2512404.58224272960797 ], [ 2700021.710122131276876, 2512404.58224272960797 ], [ 2700252.238003437407315, 2512558.267313812859356 ], [ 2700329.080096836201847, 2512481.425578839611262 ], [ 2700405.922190234996378, 2512481.425578839611262 ], [ 2700175.395910039078444, 2512635.110649922862649 ], [ 2700252.238003437407315, 2512711.953986032865942 ], [ 2700098.552215530071408, 2512711.953986032865942 ], [ 2699868.025935334153473, 2512711.953986032865942 ], [ 2699868.025935334153473, 2512942.482393226120621 ], [ 2699868.025935334153473, 2513173.0108004193753 ], [ 2699791.183841935824603, 2513249.854136529378593 ], [ 2699868.025935334153473, 2513557.225879832170904 ], [ 2699944.868028732948005, 2513710.910950915887952 ], [ 2700021.710122131276876, 2513787.754287025425583 ], [ 2700098.552215530071408, 2513864.597623135428876 ], [ 2700175.395910039078444, 2513864.597623135428876 ], [ 2700175.395910039078444, 2514018.282694218680263 ], [ 2700252.238003437407315, 2514018.282694218680263 ], [ 2700329.080096836201847, 2514095.126030328683555 ], [ 2700329.080096836201847, 2514171.969366438686848 ], [ 2700405.922190234996378, 2514171.969366438686848 ], [ 2700405.922190234996378, 2514325.654437521938235 ], [ 2700482.764283633325249, 2514402.497773631941527 ], [ 2700405.922190234996378, 2514479.341109741479158 ], [ 2700329.080096836201847, 2514709.869516934733838 ], [ 2700252.238003437407315, 2514709.869516934733838 ], [ 2700252.238003437407315, 2514863.554588018450886 ], [ 2700175.395910039078444, 2515017.24126023799181 ], [ 2700329.080096836201847, 2514940.397924127988517 ], [ 2700405.922190234996378, 2515017.24126023799181 ], [ 2700482.764283633325249, 2515017.24126023799181 ], [ 2700559.607978142332286, 2515017.24126023799181 ], [ 2700559.607978142332286, 2515094.082995211705565 ], [ 2700713.292164939455688, 2515094.082995211705565 ], [ 2700790.13425833825022, 2515170.926331321243197 ], [ 2700866.97635173657909, 2515170.926331321243197 ], [ 2701174.346326441504061, 2515170.926331321243197 ], [ 2701251.188419839832932, 2515170.926331321243197 ], [ 2701328.030513238627464, 2515631.984746844507754 ] ] } },
{ "type": "Feature", "properties": { }, "geometry": { "type": "LineString", "coordinates": [ [ 2655760.493005733937025, 2606306.613796266261488 ], [ 2655683.649311224929988, 2606229.770460156258196 ], [ 2655453.123031029477715, 2605999.242052963003516 ], [ 2655222.595149723347276, 2605999.242052963003516 ], [ 2654992.068869527429342, 2605691.870309660211205 ], [ 2654915.226776129100472, 2605538.185238576494157 ], [ 2654915.226776129100472, 2605384.498566356953233 ], [ 2654992.068869527429342, 2605307.655230246949941 ], [ 2654992.068869527429342, 2605230.813495273701847 ], [ 2655068.910962926223874, 2605153.970159163698554 ], [ 2654915.226776129100472, 2605000.285088080447167 ], [ 2654915.226776129100472, 2604923.441751970443875 ], [ 2654761.540988221298903, 2604769.755079750902951 ], [ 2654684.698894822970033, 2604692.913344777189195 ], [ 2654607.856801424175501, 2604692.913344777189195 ], [ 2654607.856801424175501, 2604616.070008667185903 ], [ 2654531.014708025380969, 2604616.070008667185903 ], [ 2654454.171013516373932, 2604539.226672557648271 ], [ 2654223.644733320921659, 2604462.383336447644979 ], [ 2653993.11685201479122, 2602925.526221068110317 ], [ 2653993.11685201479122, 2602771.839548848569393 ], [ 2653839.432665217667818, 2601619.195911746006459 ], [ 2653608.904783911537379, 2600005.495460256934166 ], [ 2653608.904783911537379, 2599851.810389173217118 ], [ 2653378.378503715619445, 2599774.967053063679487 ], [ 2653224.694316918496042, 2599698.123716953676194 ], [ 2652148.900206007063389, 2599237.066902567166835 ], [ 2652072.058112608268857, 2599237.066902567166835 ], [ 2652072.058112608268857, 2599160.223566457163543 ], [ 2651995.216019209939986, 2599160.223566457163543 ], [ 2651918.37232470093295, 2599160.223566457163543 ], [ 2651918.37232470093295, 2599083.380230347625911 ], [ 2651841.530231302138418, 2599083.380230347625911 ], [ 2651841.530231302138418, 2598929.695159263908863 ], [ 2651918.37232470093295, 2598929.695159263908863 ], [ 2651918.37232470093295, 2599006.536894237622619 ], [ 2651995.216019209939986, 2599006.536894237622619 ], [ 2652072.058112608268857, 2599006.536894237622619 ], [ 2652072.058112608268857, 2599083.380230347625911 ], [ 2652148.900206007063389, 2599083.380230347625911 ], [ 2652225.742299405857921, 2599160.223566457163543 ], [ 2652609.954367509111762, 2599313.908637540880591 ], [ 2652686.796460907440633, 2599313.908637540880591 ], [ 2653224.694316918496042, 2599544.438645870424807 ], [ 2653608.904783911537379, 2599698.123716953676194 ], [ 2653532.062690512742847, 2599390.751973650418222 ], [ 2653071.008529010694474, 2599237.066902567166835 ], [ 2652840.482248815242201, 2599083.380230347625911 ], [ 2652533.11227411031723, 2599006.536894237622619 ], [ 2652456.27018071198836, 2598929.695159263908863 ], [ 2652379.426486202981323, 2598852.851823154371232 ], [ 2652225.742299405857921, 2598852.851823154371232 ], [ 2652072.058112608268857, 2598776.008487044367939 ], [ 2651995.216019209939986, 2598776.008487044367939 ], [ 2651918.37232470093295, 2598699.166752070654184 ], [ 2651841.530231302138418, 2598699.166752070654184 ], [ 2651764.688137903809547, 2598622.323415961116552 ], [ 2651687.846044505015016, 2598545.48007985111326 ], [ 2651611.003951106686145, 2598468.636743741109967 ], [ 2651534.160256597679108, 2598391.795008767861873 ], [ 2651534.160256597679108, 2598314.95167265785858 ], [ 2651457.318163198884577, 2598238.108336547855288 ], [ 2651457.318163198884577, 2598161.265000437851995 ], [ 2651457.318163198884577, 2598084.423265464603901 ], [ 2651380.476069800555706, 2598007.579929354600608 ], [ 2651380.476069800555706, 2597930.736593244597316 ], [ 2651380.476069800555706, 2597853.893257135059685 ], [ 2651303.633976401761174, 2597777.051522161345929 ], [ 2651303.633976401761174, 2597700.208186051342636 ], [ 2651226.791883003432304, 2597700.208186051342636 ], [ 2651226.791883003432304, 2597623.364849941805005 ], [ 2651149.948188494425267, 2597546.523114968091249 ], [ 2651073.106095095630735, 2597546.523114968091249 ], [ 2650996.264001697301865, 2597469.679778858087957 ], [ 2650919.421908298507333, 2597392.836442748550326 ], [ 2650612.051933593582362, 2597315.993106638547033 ], [ 2650535.209840195253491, 2597239.151371664833277 ], [ 2650458.36774679645896, 2597162.308035555295646 ], [ 2650381.525653398130089, 2597162.308035555295646 ], [ 2650304.681958889123052, 2597085.464699445292354 ], [ 2650227.839865490328521, 2597008.621363335289061 ], [ 2650150.99777209199965, 2597008.621363335289061 ], [ 2650150.99777209199965, 2596931.779628362040967 ], [ 2650074.155678693205118, 2596931.779628362040967 ], [ 2649997.313585294876248, 2596854.936292252037674 ], [ 2649920.469890785869211, 2596701.251221168786287 ], [ 2649843.627797387074679, 2596701.251221168786287 ], [ 2649766.785703988745809, 2596624.407885058782995 ], [ 2649459.415729283820838, 2596393.879477865528315 ], [ 2648921.519474383443594, 2596009.664398452732712 ], [ 2648844.677380984649062, 2596009.664398452732712 ], [ 2648767.835287586320192, 2595932.821062342729419 ], [ 2648690.991593077313155, 2595855.977726232726127 ], [ 2648614.149499678518623, 2595779.135991259478033 ], [ 2648614.149499678518623, 2595702.29265514947474 ], [ 2648537.307406280189753, 2595625.449319039471447 ], [ 2648537.307406280189753, 2595548.607584066223353 ], [ 2648460.465312881395221, 2595548.607584066223353 ], [ 2648460.465312881395221, 2595471.764247956220061 ], [ 2648460.465312881395221, 2595394.920911846216768 ], [ 2648383.62321948306635, 2595318.077575736213475 ], [ 2648306.781126084271818, 2594857.020761349704117 ], [ 2648306.781126084271818, 2594780.177425240166485 ], [ 2648229.937431575264782, 2594703.334089130163193 ], [ 2648229.937431575264782, 2594626.492354156449437 ], [ 2647922.569057981017977, 2593934.905531440395862 ], [ 2647845.72536347201094, 2593858.062195330858231 ], [ 2647845.72536347201094, 2593781.220460357144475 ], [ 2647845.72536347201094, 2593704.377124247141182 ], [ 2647768.883270073216408, 2593704.377124247141182 ], [ 2647768.883270073216408, 2593627.533788137603551 ], [ 2647692.041176674887538, 2593550.692053163889796 ], [ 2647615.199083276093006, 2593473.848717053886503 ], [ 2647538.356989877764136, 2593397.005380944348872 ], [ 2647461.513295368757099, 2593320.162044834345579 ], [ 2647384.671201969962567, 2593320.162044834345579 ], [ 2647307.829108571633697, 2593243.320309860631824 ], [ 2647230.987015172839165, 2593243.320309860631824 ], [ 2647230.987015172839165, 2593166.476973751094192 ], [ 2647154.144921774510294, 2593166.476973751094192 ], [ 2646846.774947069585323, 2592935.948566557839513 ], [ 2646693.090760272461921, 2592859.10523044783622 ], [ 2646539.404972364660352, 2592782.261894337832928 ], [ 2646155.192904261406511, 2592474.890151034574956 ], [ 2646078.350810863077641, 2592398.048416061326861 ], [ 2645924.666624065954238, 2592321.205079951323569 ], [ 2645847.824530667159706, 2592244.361743841320276 ], [ 2645770.98083615815267, 2592244.361743841320276 ], [ 2645694.138742759358138, 2592167.518407731782645 ], [ 2645617.296649361029267, 2592167.518407731782645 ], [ 2645463.612462563905865, 2592167.518407731782645 ], [ 2645386.768768054898828, 2592090.676672758068889 ], [ 2645309.926674656104296, 2592090.676672758068889 ], [ 2645156.242487858980894, 2592090.676672758068889 ], [ 2645079.400394460652024, 2592013.833336648065597 ], [ 2645002.558301061857492, 2592013.833336648065597 ], [ 2644618.34623295860365, 2591936.990000538527966 ], [ 2644541.502538449596614, 2591936.990000538527966 ], [ 2644387.818351652473211, 2591860.146664428524673 ], [ 2644310.976258253678679, 2591860.146664428524673 ], [ 2644234.134164855349809, 2591783.304929454810917 ], [ 2644157.290470346342772, 2591783.304929454810917 ], [ 2644003.60628354921937, 2591706.461593345273286 ], [ 2643773.080003353301436, 2591552.774921125266701 ], [ 2643542.552122047170997, 2591399.089850042015314 ], [ 2643465.710028648842126, 2591399.089850042015314 ], [ 2643388.867935250047594, 2591322.246513932012022 ], [ 2643312.024240741040558, 2591322.246513932012022 ], [ 2643235.182147342711687, 2591245.404778958763927 ], [ 2643158.340053943917155, 2591245.404778958763927 ], [ 2643004.655867146793753, 2591245.404778958763927 ], [ 2642927.812172637786716, 2591168.561442848760635 ], [ 2642850.970079238992184, 2591168.561442848760635 ], [ 2642697.285892441868782, 2591168.561442848760635 ], [ 2642620.443799043539912, 2591168.561442848760635 ], [ 2642543.60170564474538, 2591168.561442848760635 ], [ 2642466.758011135738343, 2591168.561442848760635 ], [ 2642389.915917737409472, 2591245.404778958763927 ], [ 2642236.23173094028607, 2591245.404778958763927 ], [ 2641237.279713427182287, 2591399.089850042015314 ], [ 2641006.753433231730014, 2591475.933186152018607 ], [ 2640853.067645323928446, 2591475.933186152018607 ], [ 2640699.383458526805043, 2591552.774921125266701 ], [ 2640622.541365128010511, 2591552.774921125266701 ], [ 2640545.699271729681641, 2591552.774921125266701 ], [ 2640468.855577220674604, 2591552.774921125266701 ], [ 2640392.013483821880072, 2591552.774921125266701 ], [ 2640315.171390423551202, 2591552.774921125266701 ], [ 2639623.58934761537239, 2591475.933186152018607 ], [ 2639546.747254217043519, 2591475.933186152018607 ], [ 2639239.377279512118548, 2591475.933186152018607 ], [ 2638855.165211408864707, 2591399.089850042015314 ], [ 2638778.323118010070175, 2591399.089850042015314 ], [ 2638701.481024611741304, 2591399.089850042015314 ], [ 2637548.844820301514119, 2591399.089850042015314 ], [ 2637395.160633504390717, 2591399.089850042015314 ], [ 2637318.318540106061846, 2591399.089850042015314 ], [ 2637241.476446707267314, 2591399.089850042015314 ], [ 2637164.632752198260278, 2591399.089850042015314 ], [ 2637010.948565401136875, 2591399.089850042015314 ], [ 2636934.106472002808005, 2591399.089850042015314 ], [ 2636857.264378604013473, 2591399.089850042015314 ], [ 2636549.894403899088502, 2591399.089850042015314 ], [ 2636473.052310500759631, 2591399.089850042015314 ], [ 2636396.208615991752595, 2591399.089850042015314 ], [ 2636319.366522592958063, 2591399.089850042015314 ], [ 2636319.366522592958063, 2591322.246513932012022 ], [ 2636242.524429194629192, 2591322.246513932012022 ], [ 2636088.84024239750579, 2591245.404778958763927 ], [ 2636011.998148998711258, 2591245.404778958763927 ], [ 2635858.312361091375351, 2591168.561442848760635 ], [ 2635474.100292987655848, 2591091.718106738757342 ], [ 2635089.888224884402007, 2590938.033035655505955 ], [ 2635089.888224884402007, 2591091.718106738757342 ], [ 2635089.888224884402007, 2591168.561442848760635 ], [ 2635013.046131486073136, 2591168.561442848760635 ], [ 2634859.361944688949734, 2591168.561442848760635 ], [ 2634475.149876585695893, 2591168.561442848760635 ], [ 2632938.301604172214866, 2591475.933186152018607 ], [ 2632784.617417375091463, 2591475.933186152018607 ] ] } },
{ "type": "Feature", "properties": { }, "geometry": { "type": "LineString", "coordinates": [ [ 2632784.617417375091463, 2611762.460238476283848 ], [ 2632861.459510773420334, 2611762.460238476283848 ], [ 2632938.301604172214866, 2611762.460238476283848 ], [ 2632938.301604172214866, 2611839.303574586287141 ], [ 2633015.143697570543736, 2611839.303574586287141 ], [ 2633015.143697570543736, 2611916.145309559535235 ], [ 2633091.985790969338268, 2611916.145309559535235 ], [ 2633168.829485478345305, 2611916.145309559535235 ], [ 2633168.829485478345305, 2611839.303574586287141 ], [ 2633245.671578877139837, 2611839.303574586287141 ], [ 2633245.671578877139837, 2611762.460238476283848 ], [ 2633245.671578877139837, 2611685.616902366280556 ], [ 2633322.513672275468707, 2611685.616902366280556 ], [ 2633322.513672275468707, 2611608.773566256742924 ], [ 2633399.355765674263239, 2611608.773566256742924 ], [ 2633476.197859072592109, 2611608.773566256742924 ], [ 2633553.041553581599146, 2611608.773566256742924 ], [ 2633629.883646980393678, 2611608.773566256742924 ], [ 2633706.725740378722548, 2611608.773566256742924 ], [ 2633783.56783377751708, 2611608.773566256742924 ], [ 2633860.409927175845951, 2611608.773566256742924 ], [ 2633937.253621684852988, 2611608.773566256742924 ], [ 2634014.095715083647519, 2611608.773566256742924 ], [ 2634014.095715083647519, 2611531.931831283029169 ], [ 2634090.93780848197639, 2611531.931831283029169 ], [ 2634167.779901880770922, 2611531.931831283029169 ], [ 2634167.779901880770922, 2611455.088495173025876 ], [ 2634167.779901880770922, 2611378.245159063488245 ], [ 2634167.779901880770922, 2611301.403424089774489 ], [ 2634167.779901880770922, 2611224.560087979771197 ], [ 2634167.779901880770922, 2611147.716751870233566 ], [ 2634167.779901880770922, 2611070.873415760230273 ], [ 2634167.779901880770922, 2610994.031680786516517 ], [ 2634244.621995279099792, 2610994.031680786516517 ], [ 2634321.464088677894324, 2610994.031680786516517 ], [ 2634321.464088677894324, 2610917.188344676978886 ], [ 2634398.307783186901361, 2610917.188344676978886 ], [ 2634475.149876585695893, 2610917.188344676978886 ], [ 2634551.991969984024763, 2610917.188344676978886 ], [ 2634628.834063382819295, 2610917.188344676978886 ], [ 2634705.676156781148165, 2610917.188344676978886 ], [ 2634782.519851290155202, 2610917.188344676978886 ], [ 2634859.361944688949734, 2610917.188344676978886 ], [ 2634936.204038087278605, 2610917.188344676978886 ], [ 2635013.046131486073136, 2610917.188344676978886 ], [ 2635089.888224884402007, 2610917.188344676978886 ], [ 2635166.730318283196539, 2610917.188344676978886 ], [ 2635243.574012792203575, 2610917.188344676978886 ], [ 2635243.574012792203575, 2610994.031680786516517 ], [ 2635320.416106190532446, 2610994.031680786516517 ], [ 2635397.258199589326978, 2610994.031680786516517 ], [ 2635397.258199589326978, 2611070.873415760230273 ], [ 2635474.100292987655848, 2611070.873415760230273 ], [ 2635474.100292987655848, 2611147.716751870233566 ], [ 2635550.94238638645038, 2611147.716751870233566 ], [ 2635550.94238638645038, 2611224.560087979771197 ], [ 2635550.94238638645038, 2611301.403424089774489 ], [ 2635627.786080895457417, 2611301.403424089774489 ], [ 2635627.786080895457417, 2611378.245159063488245 ], [ 2635627.786080895457417, 2611455.088495173025876 ], [ 2635627.786080895457417, 2611531.931831283029169 ], [ 2635627.786080895457417, 2611608.773566256742924 ], [ 2635550.94238638645038, 2611608.773566256742924 ], [ 2635550.94238638645038, 2611685.616902366280556 ], [ 2635474.100292987655848, 2611685.616902366280556 ], [ 2635474.100292987655848, 2611762.460238476283848 ], [ 2635397.258199589326978, 2611762.460238476283848 ], [ 2635320.416106190532446, 2611762.460238476283848 ], [ 2635243.574012792203575, 2611685.616902366280556 ], [ 2635243.574012792203575, 2611608.773566256742924 ], [ 2635166.730318283196539, 2611531.931831283029169 ], [ 2635089.888224884402007, 2611531.931831283029169 ], [ 2635089.888224884402007, 2611455.088495173025876 ], [ 2635013.046131486073136, 2611455.088495173025876 ], [ 2634936.204038087278605, 2611455.088495173025876 ], [ 2634859.361944688949734, 2611455.088495173025876 ], [ 2634782.519851290155202, 2611455.088495173025876 ], [ 2634705.676156781148165, 2611455.088495173025876 ], [ 2634628.834063382819295, 2611455.088495173025876 ], [ 2634551.991969984024763, 2611531.931831283029169 ], [ 2634551.991969984024763, 2611608.773566256742924 ], [ 2634551.991969984024763, 2611685.616902366280556 ], [ 2634628.834063382819295, 2611685.616902366280556 ], [ 2634705.676156781148165, 2611685.616902366280556 ], [ 2634705.676156781148165, 2611762.460238476283848 ], [ 2634782.519851290155202, 2611762.460238476283848 ], [ 2634859.361944688949734, 2611839.303574586287141 ], [ 2634859.361944688949734, 2611916.145309559535235 ], [ 2634936.204038087278605, 2611916.145309559535235 ], [ 2635013.046131486073136, 2611916.145309559535235 ], [ 2635089.888224884402007, 2611992.988645669538528 ], [ 2635166.730318283196539, 2611992.988645669538528 ], [ 2635166.730318283196539, 2612069.83198177954182 ], [ 2635243.574012792203575, 2612069.83198177954182 ], [ 2635243.574012792203575, 2612146.675317889545113 ], [ 2635320.416106190532446, 2612146.675317889545113 ], [ 2635320.416106190532446, 2612223.517052862793207 ], [ 2635320.416106190532446, 2612300.3603889727965 ], [ 2635320.416106190532446, 2612377.203725082799792 ], [ 2635243.574012792203575, 2612377.203725082799792 ], [ 2635243.574012792203575, 2612454.047061192337424 ], [ 2635166.730318283196539, 2612454.047061192337424 ], [ 2635166.730318283196539, 2612530.888796166051179 ], [ 2635089.888224884402007, 2612530.888796166051179 ], [ 2635089.888224884402007, 2612607.732132276054472 ], [ 2635013.046131486073136, 2612607.732132276054472 ], [ 2635013.046131486073136, 2612684.575468385592103 ], [ 2635013.046131486073136, 2612761.417203359305859 ], [ 2634936.204038087278605, 2612761.417203359305859 ], [ 2634936.204038087278605, 2612838.260539469309151 ], [ 2634936.204038087278605, 2612915.103875578846782 ], [ 2635013.046131486073136, 2612915.103875578846782 ], [ 2635013.046131486073136, 2612991.947211688850075 ], [ 2635013.046131486073136, 2613068.788946662563831 ], [ 2635089.888224884402007, 2613068.788946662563831 ], [ 2635089.888224884402007, 2613145.632282772101462 ], [ 2635089.888224884402007, 2613222.475618882104754 ], [ 2635089.888224884402007, 2613299.318954992108047 ], [ 2635089.888224884402007, 2613376.160689965356141 ], [ 2635013.046131486073136, 2613376.160689965356141 ], [ 2635013.046131486073136, 2613453.004026075359434 ], [ 2635089.888224884402007, 2613529.847362185362726 ], [ 2635089.888224884402007, 2613606.689097158610821 ], [ 2635166.730318283196539, 2613606.689097158610821 ], [ 2635166.730318283196539, 2613683.532433268614113 ], [ 2635243.574012792203575, 2613683.532433268614113 ], [ 2635243.574012792203575, 2613760.375769378617406 ], [ 2635320.416106190532446, 2613760.375769378617406 ], [ 2635320.416106190532446, 2613837.219105488155037 ], [ 2635397.258199589326978, 2613837.219105488155037 ], [ 2635397.258199589326978, 2613914.060840461868793 ], [ 2635397.258199589326978, 2613990.904176571872085 ], [ 2635397.258199589326978, 2614067.747512681409717 ], [ 2635397.258199589326978, 2614144.590848791413009 ], [ 2635397.258199589326978, 2614221.432583765126765 ], [ 2635397.258199589326978, 2614298.275919874664396 ], [ 2635397.258199589326978, 2614375.119255984667689 ], [ 2635397.258199589326978, 2614451.962592094670981 ], [ 2635397.258199589326978, 2614528.804327067919075 ], [ 2635397.258199589326978, 2614605.647663177922368 ], [ 2635474.100292987655848, 2614605.647663177922368 ], [ 2635550.94238638645038, 2614605.647663177922368 ], [ 2635550.94238638645038, 2614528.804327067919075 ], [ 2635627.786080895457417, 2614528.804327067919075 ], [ 2635627.786080895457417, 2614451.962592094670981 ], [ 2635704.628174294251949, 2614451.962592094670981 ], [ 2635781.470267692580819, 2614451.962592094670981 ], [ 2635781.470267692580819, 2614375.119255984667689 ], [ 2635781.470267692580819, 2614451.962592094670981 ], [ 2635781.470267692580819, 2614375.119255984667689 ], [ 2635858.312361091375351, 2614375.119255984667689 ], [ 2635858.312361091375351, 2614298.275919874664396 ], [ 2635935.154454489704221, 2614298.275919874664396 ], [ 2636011.998148998711258, 2614298.275919874664396 ], [ 2636011.998148998711258, 2614221.432583765126765 ], [ 2636088.84024239750579, 2614221.432583765126765 ], [ 2636088.84024239750579, 2614144.590848791413009 ], [ 2636165.682335795834661, 2614144.590848791413009 ], [ 2636165.682335795834661, 2614067.747512681409717 ], [ 2636242.524429194629192, 2614067.747512681409717 ], [ 2636242.524429194629192, 2613990.904176571872085 ], [ 2636319.366522592958063, 2613990.904176571872085 ], [ 2636319.366522592958063, 2613914.060840461868793 ], [ 2636396.208615991752595, 2613914.060840461868793 ], [ 2636473.052310500759631, 2613914.060840461868793 ], [ 2636549.894403899088502, 2613914.060840461868793 ], [ 2636626.736497297883034, 2613914.060840461868793 ], [ 2636626.736497297883034, 2613990.904176571872085 ], [ 2636703.578590696211904, 2613990.904176571872085 ], [ 2636703.578590696211904, 2614067.747512681409717 ], [ 2636780.420684095006436, 2614067.747512681409717 ], [ 2636780.420684095006436, 2614144.590848791413009 ], [ 2636780.420684095006436, 2614221.432583765126765 ], [ 2636857.264378604013473, 2614221.432583765126765 ], [ 2636857.264378604013473, 2614298.275919874664396 ], [ 2636934.106472002808005, 2614298.275919874664396 ], [ 2636934.106472002808005, 2614375.119255984667689 ], [ 2637010.948565401136875, 2614298.275919874664396 ], [ 2637087.790658799931407, 2614298.275919874664396 ], [ 2637087.790658799931407, 2614221.432583765126765 ], [ 2637164.632752198260278, 2614221.432583765126765 ], [ 2637164.632752198260278, 2614144.590848791413009 ], [ 2637241.476446707267314, 2614144.590848791413009 ], [ 2637241.476446707267314, 2614067.747512681409717 ], [ 2637241.476446707267314, 2613990.904176571872085 ], [ 2637241.476446707267314, 2613914.060840461868793 ], [ 2637241.476446707267314, 2613837.219105488155037 ], [ 2637164.632752198260278, 2613837.219105488155037 ], [ 2637164.632752198260278, 2613760.375769378617406 ], [ 2637087.790658799931407, 2613760.375769378617406 ], [ 2637087.790658799931407, 2613683.532433268614113 ], [ 2637087.790658799931407, 2613606.689097158610821 ], [ 2637010.948565401136875, 2613606.689097158610821 ], [ 2637010.948565401136875, 2613529.847362185362726 ], [ 2637010.948565401136875, 2613453.004026075359434 ], [ 2637010.948565401136875, 2613376.160689965356141 ], [ 2637010.948565401136875, 2613299.318954992108047 ], [ 2637087.790658799931407, 2613299.318954992108047 ], [ 2637164.632752198260278, 2613299.318954992108047 ], [ 2637164.632752198260278, 2613222.475618882104754 ], [ 2637241.476446707267314, 2613222.475618882104754 ], [ 2637318.318540106061846, 2613222.475618882104754 ], [ 2637318.318540106061846, 2613145.632282772101462 ], [ 2637395.160633504390717, 2613145.632282772101462 ], [ 2637395.160633504390717, 2613222.475618882104754 ], [ 2637472.002726903185248, 2613222.475618882104754 ], [ 2637472.002726903185248, 2613299.318954992108047 ], [ 2637548.844820301514119, 2613299.318954992108047 ], [ 2637625.686913700308651, 2613299.318954992108047 ], [ 2637625.686913700308651, 2613222.475618882104754 ], [ 2637625.686913700308651, 2613145.632282772101462 ], [ 2637702.530608209315687, 2613145.632282772101462 ], [ 2637702.530608209315687, 2613068.788946662563831 ], [ 2637702.530608209315687, 2612991.947211688850075 ], [ 2637779.372701607644558, 2612991.947211688850075 ], [ 2637779.372701607644558, 2612915.103875578846782 ], [ 2637779.372701607644558, 2612838.260539469309151 ], [ 2637856.21479500643909, 2612838.260539469309151 ], [ 2637856.21479500643909, 2612761.417203359305859 ], [ 2637933.05688840476796, 2612761.417203359305859 ], [ 2638009.898981803562492, 2612761.417203359305859 ], [ 2638009.898981803562492, 2612684.575468385592103 ], [ 2638086.742676312569529, 2612684.575468385592103 ], [ 2638163.584769710898399, 2612684.575468385592103 ], [ 2638163.584769710898399, 2612607.732132276054472 ], [ 2638240.426863109692931, 2612607.732132276054472 ], [ 2638240.426863109692931, 2612530.888796166051179 ], [ 2638240.426863109692931, 2612454.047061192337424 ], [ 2638240.426863109692931, 2612377.203725082799792 ], [ 2638163.584769710898399, 2612300.3603889727965 ], [ 2638163.584769710898399, 2612223.517052862793207 ], [ 2638163.584769710898399, 2612146.675317889545113 ], [ 2638163.584769710898399, 2612069.83198177954182 ], [ 2638163.584769710898399, 2611992.988645669538528 ], [ 2638163.584769710898399, 2611916.145309559535235 ], [ 2638163.584769710898399, 2611839.303574586287141 ], [ 2638163.584769710898399, 2611762.460238476283848 ], [ 2638163.584769710898399, 2611685.616902366280556 ], [ 2638163.584769710898399, 2611608.773566256742924 ], [ 2638240.426863109692931, 2611608.773566256742924 ], [ 2638317.268956508487463, 2611608.773566256742924 ], [ 2638394.111049906816334, 2611608.773566256742924 ], [ 2638394.111049906816334, 2611685.616902366280556 ], [ 2638470.95474441582337, 2611685.616902366280556 ], [ 2638470.95474441582337, 2611762.460238476283848 ], [ 2638547.796837814617902, 2611762.460238476283848 ], [ 2638547.796837814617902, 2611839.303574586287141 ], [ 2638624.638931212946773, 2611839.303574586287141 ], [ 2638624.638931212946773, 2611916.145309559535235 ], [ 2638701.481024611741304, 2611916.145309559535235 ], [ 2638701.481024611741304, 2611839.303574586287141 ], [ 2638701.481024611741304, 2611762.460238476283848 ], [ 2638701.481024611741304, 2611685.616902366280556 ], [ 2638778.323118010070175, 2611608.773566256742924 ], [ 2638855.165211408864707, 2611531.931831283029169 ], [ 2638932.008905917871743, 2611531.931831283029169 ], [ 2638932.008905917871743, 2611455.088495173025876 ], [ 2639008.850999316200614, 2611455.088495173025876 ], [ 2639085.693092714995146, 2611455.088495173025876 ], [ 2639085.693092714995146, 2611378.245159063488245 ], [ 2639085.693092714995146, 2611301.403424089774489 ], [ 2639162.535186113324016, 2611301.403424089774489 ], [ 2639162.535186113324016, 2611224.560087979771197 ], [ 2639239.377279512118548, 2611224.560087979771197 ], [ 2639239.377279512118548, 2611147.716751870233566 ], [ 2639316.220974021125585, 2611147.716751870233566 ], [ 2639316.220974021125585, 2611070.873415760230273 ], [ 2639393.063067419454455, 2611070.873415760230273 ], [ 2639393.063067419454455, 2610994.031680786516517 ], [ 2639469.905160818248987, 2610994.031680786516517 ], [ 2639469.905160818248987, 2610917.188344676978886 ], [ 2639546.747254217043519, 2610917.188344676978886 ], [ 2639546.747254217043519, 2610840.345008566975594 ], [ 2639546.747254217043519, 2610763.501672456972301 ], [ 2639623.58934761537239, 2610763.501672456972301 ], [ 2639700.433042124379426, 2610763.501672456972301 ], [ 2639700.433042124379426, 2610686.659937483724207 ], [ 2639777.275135523173958, 2610686.659937483724207 ], [ 2639777.275135523173958, 2610763.501672456972301 ], [ 2639854.117228921502829, 2610763.501672456972301 ], [ 2639854.117228921502829, 2610840.345008566975594 ], [ 2639930.95932232029736, 2610840.345008566975594 ], [ 2640007.801415718626231, 2610840.345008566975594 ], [ 2640084.643509117420763, 2610840.345008566975594 ], [ 2640084.643509117420763, 2610917.188344676978886 ], [ 2640161.487203626427799, 2610917.188344676978886 ], [ 2640238.32929702475667, 2610917.188344676978886 ], [ 2640238.32929702475667, 2610994.031680786516517 ], [ 2640315.171390423551202, 2610994.031680786516517 ], [ 2640315.171390423551202, 2611070.873415760230273 ], [ 2640315.171390423551202, 2611147.716751870233566 ], [ 2640315.171390423551202, 2611224.560087979771197 ], [ 2640238.32929702475667, 2611224.560087979771197 ], [ 2640161.487203626427799, 2611224.560087979771197 ], [ 2640084.643509117420763, 2611224.560087979771197 ], [ 2640007.801415718626231, 2611224.560087979771197 ], [ 2639930.95932232029736, 2611224.560087979771197 ], [ 2639854.117228921502829, 2611224.560087979771197 ], [ 2639854.117228921502829, 2611301.403424089774489 ], [ 2639777.275135523173958, 2611378.245159063488245 ], [ 2639777.275135523173958, 2611455.088495173025876 ], [ 2639854.117228921502829, 2611455.088495173025876 ], [ 2639930.95932232029736, 2611455.088495173025876 ], [ 2640007.801415718626231, 2611455.088495173025876 ], [ 2640084.643509117420763, 2611455.088495173025876 ], [ 2640161.487203626427799, 2611455.088495173025876 ], [ 2640161.487203626427799, 2611531.931831283029169 ], [ 2640238.32929702475667, 2611531.931831283029169 ], [ 2640238.32929702475667, 2611608.773566256742924 ], [ 2640238.32929702475667, 2611685.616902366280556 ], [ 2640238.32929702475667, 2611762.460238476283848 ], [ 2640238.32929702475667, 2611839.303574586287141 ], [ 2640161.487203626427799, 2611839.303574586287141 ], [ 2640084.643509117420763, 2611916.145309559535235 ], [ 2640007.801415718626231, 2611916.145309559535235 ], [ 2640007.801415718626231, 2611992.988645669538528 ], [ 2639930.95932232029736, 2611992.988645669538528 ], [ 2639930.95932232029736, 2612069.83198177954182 ], [ 2639930.95932232029736, 2612146.675317889545113 ], [ 2640007.801415718626231, 2612146.675317889545113 ], [ 2640007.801415718626231, 2612223.517052862793207 ], [ 2640084.643509117420763, 2612223.517052862793207 ], [ 2640161.487203626427799, 2612223.517052862793207 ], [ 2640238.32929702475667, 2612223.517052862793207 ], [ 2640315.171390423551202, 2612223.517052862793207 ], [ 2640392.013483821880072, 2612223.517052862793207 ], [ 2640468.855577220674604, 2612223.517052862793207 ], [ 2640468.855577220674604, 2612146.675317889545113 ], [ 2640545.699271729681641, 2612146.675317889545113 ], [ 2640545.699271729681641, 2612223.517052862793207 ], [ 2640622.541365128010511, 2612223.517052862793207 ], [ 2640622.541365128010511, 2612300.3603889727965 ], [ 2640622.541365128010511, 2612377.203725082799792 ], [ 2640622.541365128010511, 2612454.047061192337424 ], [ 2640699.383458526805043, 2612454.047061192337424 ], [ 2640699.383458526805043, 2612530.888796166051179 ], [ 2640699.383458526805043, 2612607.732132276054472 ], [ 2640699.383458526805043, 2612684.575468385592103 ], [ 2640622.541365128010511, 2612684.575468385592103 ], [ 2640622.541365128010511, 2612761.417203359305859 ], [ 2640622.541365128010511, 2612838.260539469309151 ], [ 2640622.541365128010511, 2612915.103875578846782 ], [ 2640545.699271729681641, 2612915.103875578846782 ], [ 2640545.699271729681641, 2612991.947211688850075 ], [ 2640622.541365128010511, 2612991.947211688850075 ], [ 2640622.541365128010511, 2613068.788946662563831 ], [ 2640699.383458526805043, 2613068.788946662563831 ], [ 2640776.225551925599575, 2613068.788946662563831 ], [ 2640776.225551925599575, 2613145.632282772101462 ], [ 2640853.067645323928446, 2613145.632282772101462 ], [ 2640853.067645323928446, 2613222.475618882104754 ], [ 2640853.067645323928446, 2613299.318954992108047 ], [ 2640929.911339832935482, 2613299.318954992108047 ], [ 2640929.911339832935482, 2613376.160689965356141 ], [ 2641006.753433231730014, 2613376.160689965356141 ], [ 2641006.753433231730014, 2613299.318954992108047 ], [ 2641006.753433231730014, 2613222.475618882104754 ], [ 2641083.595526630058885, 2613145.632282772101462 ], [ 2641160.437620028853416, 2613145.632282772101462 ], [ 2641237.279713427182287, 2613145.632282772101462 ], [ 2641237.279713427182287, 2613068.788946662563831 ], [ 2641237.279713427182287, 2612991.947211688850075 ], [ 2641160.437620028853416, 2612991.947211688850075 ], [ 2641160.437620028853416, 2612915.103875578846782 ], [ 2641083.595526630058885, 2612915.103875578846782 ], [ 2641006.753433231730014, 2612915.103875578846782 ], [ 2641006.753433231730014, 2612838.260539469309151 ], [ 2640929.911339832935482, 2612838.260539469309151 ], [ 2640929.911339832935482, 2612761.417203359305859 ], [ 2640929.911339832935482, 2612684.575468385592103 ], [ 2640929.911339832935482, 2612607.732132276054472 ], [ 2641006.753433231730014, 2612530.888796166051179 ], [ 2641083.595526630058885, 2612530.888796166051179 ], [ 2641160.437620028853416, 2612530.888796166051179 ], [ 2641160.437620028853416, 2612607.732132276054472 ], [ 2641237.279713427182287, 2612607.732132276054472 ], [ 2641314.123407936189324, 2612607.732132276054472 ], [ 2641390.965501334983855, 2612607.732132276054472 ], [ 2641390.965501334983855, 2612530.888796166051179 ], [ 2641390.965501334983855, 2612454.047061192337424 ], [ 2641390.965501334983855, 2612377.203725082799792 ], [ 2641390.965501334983855, 2612300.3603889727965 ], [ 2641467.807594733312726, 2612300.3603889727965 ], [ 2641467.807594733312726, 2612223.517052862793207 ], [ 2641544.649688132107258, 2612223.517052862793207 ], [ 2641544.649688132107258, 2612146.675317889545113 ], [ 2641621.491781530436128, 2612146.675317889545113 ], [ 2641698.33387492923066, 2612146.675317889545113 ], [ 2641775.177569438237697, 2612146.675317889545113 ], [ 2641852.019662836566567, 2612146.675317889545113 ], [ 2641928.861756235361099, 2612223.517052862793207 ], [ 2642005.703849634155631, 2612223.517052862793207 ], [ 2642082.545943032484502, 2612223.517052862793207 ], [ 2642159.389637541491538, 2612223.517052862793207 ], [ 2642236.23173094028607, 2612223.517052862793207 ], [ 2642236.23173094028607, 2612146.675317889545113 ], [ 2642313.073824338614941, 2612146.675317889545113 ], [ 2642313.073824338614941, 2612069.83198177954182 ], [ 2642389.915917737409472, 2612069.83198177954182 ], [ 2642389.915917737409472, 2611992.988645669538528 ], [ 2642389.915917737409472, 2611916.145309559535235 ], [ 2642389.915917737409472, 2611839.303574586287141 ], [ 2642466.758011135738343, 2611839.303574586287141 ], [ 2642466.758011135738343, 2611762.460238476283848 ], [ 2642543.60170564474538, 2611762.460238476283848 ], [ 2642543.60170564474538, 2611685.616902366280556 ], [ 2642620.443799043539912, 2611685.616902366280556 ], [ 2642697.285892441868782, 2611685.616902366280556 ], [ 2642697.285892441868782, 2611608.773566256742924 ], [ 2642774.127985840663314, 2611608.773566256742924 ], [ 2642850.970079238992184, 2611608.773566256742924 ], [ 2642927.812172637786716, 2611608.773566256742924 ], [ 2643004.655867146793753, 2611685.616902366280556 ], [ 2643081.497960545122623, 2611685.616902366280556 ], [ 2643081.497960545122623, 2611762.460238476283848 ], [ 2643081.497960545122623, 2611839.303574586287141 ], [ 2643081.497960545122623, 2611916.145309559535235 ], [ 2643081.497960545122623, 2611992.988645669538528 ], [ 2643004.655867146793753, 2612069.83198177954182 ], [ 2643004.655867146793753, 2612146.675317889545113 ], [ 2642927.812172637786716, 2612146.675317889545113 ], [ 2642927.812172637786716, 2612223.517052862793207 ], [ 2642850.970079238992184, 2612300.3603889727965 ], [ 2642774.127985840663314, 2612377.203725082799792 ], [ 2642774.127985840663314, 2612454.047061192337424 ], [ 2642774.127985840663314, 2612530.888796166051179 ], [ 2642850.970079238992184, 2612530.888796166051179 ], [ 2642850.970079238992184, 2612607.732132276054472 ], [ 2642927.812172637786716, 2612607.732132276054472 ], [ 2643004.655867146793753, 2612607.732132276054472 ], [ 2643081.497960545122623, 2612607.732132276054472 ], [ 2643158.340053943917155, 2612607.732132276054472 ], [ 2643235.182147342711687, 2612607.732132276054472 ], [ 2643312.024240741040558, 2612684.575468385592103 ], [ 2643388.867935250047594, 2612684.575468385592103 ], [ 2643465.710028648842126, 2612684.575468385592103 ], [ 2643542.552122047170997, 2612684.575468385592103 ], [ 2643619.394215445965528, 2612684.575468385592103 ], [ 2643696.236308844294399, 2612607.732132276054472 ], [ 2643773.080003353301436, 2612607.732132276054472 ], [ 2643849.922096752095968, 2612684.575468385592103 ], [ 2643926.764190150424838, 2612684.575468385592103 ], [ 2644003.60628354921937, 2612684.575468385592103 ], [ 2644003.60628354921937, 2612761.417203359305859 ], [ 2644080.44837694754824, 2612761.417203359305859 ], [ 2644080.44837694754824, 2612838.260539469309151 ], [ 2644080.44837694754824, 2612915.103875578846782 ], [ 2644157.290470346342772, 2612915.103875578846782 ], [ 2644157.290470346342772, 2612991.947211688850075 ], [ 2644234.134164855349809, 2612991.947211688850075 ], [ 2644234.134164855349809, 2613068.788946662563831 ], [ 2644310.976258253678679, 2613068.788946662563831 ], [ 2644310.976258253678679, 2612991.947211688850075 ], [ 2644310.976258253678679, 2612915.103875578846782 ], [ 2644310.976258253678679, 2612838.260539469309151 ], [ 2644310.976258253678679, 2612761.417203359305859 ], [ 2644310.976258253678679, 2612684.575468385592103 ], [ 2644310.976258253678679, 2612607.732132276054472 ], [ 2644310.976258253678679, 2612530.888796166051179 ], [ 2644387.818351652473211, 2612454.047061192337424 ], [ 2644464.660445050802082, 2612454.047061192337424 ], [ 2644541.502538449596614, 2612530.888796166051179 ], [ 2644541.502538449596614, 2612607.732132276054472 ], [ 2644541.502538449596614, 2612684.575468385592103 ], [ 2644541.502538449596614, 2612761.417203359305859 ], [ 2644618.34623295860365, 2612761.417203359305859 ], [ 2644695.188326357398182, 2612761.417203359305859 ], [ 2644772.030419755727053, 2612684.575468385592103 ], [ 2644848.872513154521585, 2612684.575468385592103 ], [ 2644848.872513154521585, 2612607.732132276054472 ], [ 2644925.714606552850455, 2612607.732132276054472 ], [ 2645002.558301061857492, 2612607.732132276054472 ], [ 2645079.400394460652024, 2612607.732132276054472 ], [ 2645079.400394460652024, 2612684.575468385592103 ], [ 2645079.400394460652024, 2612761.417203359305859 ], [ 2645156.242487858980894, 2612761.417203359305859 ], [ 2645156.242487858980894, 2612838.260539469309151 ], [ 2645233.084581257775426, 2612838.260539469309151 ], [ 2645309.926674656104296, 2612838.260539469309151 ], [ 2645386.768768054898828, 2612838.260539469309151 ], [ 2645386.768768054898828, 2612761.417203359305859 ], [ 2645463.612462563905865, 2612761.417203359305859 ], [ 2645540.454555962234735, 2612761.417203359305859 ], [ 2645540.454555962234735, 2612684.575468385592103 ], [ 2645617.296649361029267, 2612684.575468385592103 ], [ 2645694.138742759358138, 2612684.575468385592103 ], [ 2645770.98083615815267, 2612607.732132276054472 ], [ 2645847.824530667159706, 2612607.732132276054472 ], [ 2645924.666624065954238, 2612607.732132276054472 ], [ 2645924.666624065954238, 2612530.888796166051179 ], [ 2646001.508717464283109, 2612530.888796166051179 ], [ 2646001.508717464283109, 2612454.047061192337424 ], [ 2646001.508717464283109, 2612377.203725082799792 ], [ 2645924.666624065954238, 2612377.203725082799792 ], [ 2645847.824530667159706, 2612377.203725082799792 ], [ 2645847.824530667159706, 2612300.3603889727965 ], [ 2645847.824530667159706, 2612377.203725082799792 ], [ 2645770.98083615815267, 2612300.3603889727965 ], [ 2645694.138742759358138, 2612300.3603889727965 ], [ 2645617.296649361029267, 2612300.3603889727965 ], [ 2645617.296649361029267, 2612223.517052862793207 ], [ 2645540.454555962234735, 2612223.517052862793207 ], [ 2645463.612462563905865, 2612223.517052862793207 ], [ 2645463.612462563905865, 2612146.675317889545113 ], [ 2645386.768768054898828, 2612146.675317889545113 ], [ 2645309.926674656104296, 2612069.83198177954182 ], [ 2645309.926674656104296, 2611992.988645669538528 ], [ 2645233.084581257775426, 2611992.988645669538528 ], [ 2645309.926674656104296, 2611992.988645669538528 ], [ 2645309.926674656104296, 2611916.145309559535235 ], [ 2645386.768768054898828, 2611916.145309559535235 ], [ 2645386.768768054898828, 2611839.303574586287141 ], [ 2645463.612462563905865, 2611839.303574586287141 ], [ 2645540.454555962234735, 2611839.303574586287141 ], [ 2645540.454555962234735, 2611916.145309559535235 ], [ 2645617.296649361029267, 2611916.145309559535235 ], [ 2645694.138742759358138, 2611916.145309559535235 ], [ 2645694.138742759358138, 2611839.303574586287141 ], [ 2645770.98083615815267, 2611839.303574586287141 ], [ 2645770.98083615815267, 2611762.460238476283848 ], [ 2645770.98083615815267, 2611685.616902366280556 ], [ 2645694.138742759358138, 2611685.616902366280556 ], [ 2645694.138742759358138, 2611608.773566256742924 ], [ 2645617.296649361029267, 2611608.773566256742924 ], [ 2645540.454555962234735, 2611608.773566256742924 ], [ 2645540.454555962234735, 2611531.931831283029169 ], [ 2645463.612462563905865, 2611531.931831283029169 ], [ 2645386.768768054898828, 2611531.931831283029169 ], [ 2645386.768768054898828, 2611455.088495173025876 ], [ 2645309.926674656104296, 2611455.088495173025876 ], [ 2645233.084581257775426, 2611455.088495173025876 ], [ 2645156.242487858980894, 2611455.088495173025876 ], [ 2645156.242487858980894, 2611378.245159063488245 ], [ 2645079.400394460652024, 2611378.245159063488245 ], [ 2645079.400394460652024, 2611301.403424089774489 ], [ 2645002.558301061857492, 2611301.403424089774489 ], [ 2645002.558301061857492, 2611224.560087979771197 ], [ 2645002.558301061857492, 2611147.716751870233566 ], [ 2645002.558301061857492, 2611070.873415760230273 ], [ 2645002.558301061857492, 2610994.031680786516517 ], [ 2645079.400394460652024, 2610994.031680786516517 ], [ 2645079.400394460652024, 2610917.188344676978886 ], [ 2645156.242487858980894, 2610917.188344676978886 ], [ 2645233.084581257775426, 2610917.188344676978886 ], [ 2645309.926674656104296, 2610917.188344676978886 ], [ 2645386.768768054898828, 2610840.345008566975594 ], [ 2645463.612462563905865, 2610840.345008566975594 ], [ 2645463.612462563905865, 2610763.501672456972301 ], [ 2645463.612462563905865, 2610686.659937483724207 ], [ 2645463.612462563905865, 2610609.816601373720914 ], [ 2645463.612462563905865, 2610532.973265263717622 ], [ 2645463.612462563905865, 2610456.12992915417999 ], [ 2645463.612462563905865, 2610379.288194180466235 ], [ 2645463.612462563905865, 2610302.444858070462942 ], [ 2645463.612462563905865, 2610225.601521960925311 ], [ 2645540.454555962234735, 2610148.759786987211555 ], [ 2645540.454555962234735, 2610071.916450877208263 ], [ 2645617.296649361029267, 2610071.916450877208263 ], [ 2645694.138742759358138, 2610071.916450877208263 ], [ 2645694.138742759358138, 2610148.759786987211555 ], [ 2645694.138742759358138, 2610225.601521960925311 ], [ 2645770.98083615815267, 2610225.601521960925311 ], [ 2645770.98083615815267, 2610302.444858070462942 ], [ 2645770.98083615815267, 2610379.288194180466235 ], [ 2645847.824530667159706, 2610379.288194180466235 ], [ 2645847.824530667159706, 2610456.12992915417999 ], [ 2645924.666624065954238, 2610456.12992915417999 ], [ 2646001.508717464283109, 2610456.12992915417999 ], [ 2646078.350810863077641, 2610456.12992915417999 ], [ 2646155.192904261406511, 2610456.12992915417999 ], [ 2646155.192904261406511, 2610379.288194180466235 ], [ 2646232.036598770413548, 2610379.288194180466235 ], [ 2646232.036598770413548, 2610302.444858070462942 ], [ 2646308.87869216920808, 2610225.601521960925311 ], [ 2646308.87869216920808, 2610148.759786987211555 ], [ 2646232.036598770413548, 2610148.759786987211555 ], [ 2646232.036598770413548, 2610071.916450877208263 ], [ 2646155.192904261406511, 2610071.916450877208263 ], [ 2646155.192904261406511, 2609995.073114767670631 ], [ 2646078.350810863077641, 2609995.073114767670631 ], [ 2646078.350810863077641, 2609918.229778657667339 ], [ 2646078.350810863077641, 2609841.388043683953583 ], [ 2646155.192904261406511, 2609841.388043683953583 ], [ 2646155.192904261406511, 2609764.544707574415952 ], [ 2646232.036598770413548, 2609764.544707574415952 ], [ 2646308.87869216920808, 2609764.544707574415952 ], [ 2646385.72078556753695, 2609764.544707574415952 ], [ 2646385.72078556753695, 2609841.388043683953583 ], [ 2646385.72078556753695, 2609918.229778657667339 ], [ 2646462.562878966331482, 2609918.229778657667339 ], [ 2646462.562878966331482, 2609995.073114767670631 ], [ 2646462.562878966331482, 2610071.916450877208263 ], [ 2646462.562878966331482, 2610148.759786987211555 ], [ 2646539.404972364660352, 2610148.759786987211555 ], [ 2646616.247065763454884, 2610148.759786987211555 ], [ 2646693.090760272461921, 2610148.759786987211555 ], [ 2646693.090760272461921, 2610071.916450877208263 ], [ 2646693.090760272461921, 2609995.073114767670631 ], [ 2646693.090760272461921, 2609918.229778657667339 ], [ 2646693.090760272461921, 2609841.388043683953583 ], [ 2646693.090760272461921, 2609764.544707574415952 ], [ 2646769.932853670790792, 2609764.544707574415952 ], [ 2646769.932853670790792, 2609687.701371464412659 ], [ 2646846.774947069585323, 2609687.701371464412659 ], [ 2646923.617040467914194, 2609687.701371464412659 ], [ 2647000.459133866708726, 2609687.701371464412659 ], [ 2647077.302828375715762, 2609687.701371464412659 ], [ 2647077.302828375715762, 2609764.544707574415952 ], [ 2647154.144921774510294, 2609764.544707574415952 ], [ 2647230.987015172839165, 2609764.544707574415952 ], [ 2647307.829108571633697, 2609764.544707574415952 ], [ 2647307.829108571633697, 2609687.701371464412659 ], [ 2647307.829108571633697, 2609610.858035354409367 ], [ 2647230.987015172839165, 2609610.858035354409367 ], [ 2647154.144921774510294, 2609610.858035354409367 ], [ 2647154.144921774510294, 2609534.016300381161273 ], [ 2647077.302828375715762, 2609534.016300381161273 ], [ 2647077.302828375715762, 2609457.17296427115798 ], [ 2647000.459133866708726, 2609457.17296427115798 ], [ 2647000.459133866708726, 2609380.329628161154687 ], [ 2647000.459133866708726, 2609303.487893187906593 ], [ 2647077.302828375715762, 2609303.487893187906593 ], [ 2647077.302828375715762, 2609226.644557077903301 ], [ 2647154.144921774510294, 2609226.644557077903301 ], [ 2647230.987015172839165, 2609226.644557077903301 ], [ 2647307.829108571633697, 2609226.644557077903301 ], [ 2647384.671201969962567, 2609149.801220967900008 ], [ 2647461.513295368757099, 2609149.801220967900008 ], [ 2647461.513295368757099, 2609072.957884857896715 ], [ 2647538.356989877764136, 2609072.957884857896715 ], [ 2647615.199083276093006, 2609072.957884857896715 ], [ 2647615.199083276093006, 2608996.116149884648621 ], [ 2647692.041176674887538, 2608919.272813774645329 ], [ 2647692.041176674887538, 2608842.429477664642036 ], [ 2647768.883270073216408, 2608842.429477664642036 ], [ 2647768.883270073216408, 2608765.586141555104405 ], [ 2647768.883270073216408, 2608688.744406581390649 ], [ 2647845.72536347201094, 2608688.744406581390649 ], [ 2647845.72536347201094, 2608611.901070471387357 ], [ 2647922.569057981017977, 2608611.901070471387357 ], [ 2647999.411151379346848, 2608611.901070471387357 ], [ 2648076.253244778141379, 2608611.901070471387357 ], [ 2648076.253244778141379, 2608688.744406581390649 ], [ 2648076.253244778141379, 2608765.586141555104405 ], [ 2648076.253244778141379, 2608842.429477664642036 ], [ 2648076.253244778141379, 2608919.272813774645329 ], [ 2647999.411151379346848, 2608919.272813774645329 ], [ 2647999.411151379346848, 2608996.116149884648621 ], [ 2647999.411151379346848, 2609072.957884857896715 ], [ 2647999.411151379346848, 2609149.801220967900008 ], [ 2647999.411151379346848, 2609226.644557077903301 ], [ 2648076.253244778141379, 2609226.644557077903301 ], [ 2648153.09533817647025, 2609226.644557077903301 ], [ 2648153.09533817647025, 2609149.801220967900008 ], [ 2648153.09533817647025, 2609072.957884857896715 ], [ 2648153.09533817647025, 2608996.116149884648621 ], [ 2648153.09533817647025, 2608919.272813774645329 ], [ 2648229.937431575264782, 2608919.272813774645329 ], [ 2648229.937431575264782, 2608842.429477664642036 ], [ 2648306.781126084271818, 2608842.429477664642036 ], [ 2648383.62321948306635, 2608765.586141555104405 ], [ 2648460.465312881395221, 2608765.586141555104405 ], [ 2648537.307406280189753, 2608765.586141555104405 ], [ 2648537.307406280189753, 2608842.429477664642036 ], [ 2648614.149499678518623, 2608842.429477664642036 ], [ 2648690.991593077313155, 2608842.429477664642036 ], [ 2648690.991593077313155, 2608919.272813774645329 ], [ 2648767.835287586320192, 2608919.272813774645329 ], [ 2648767.835287586320192, 2608842.429477664642036 ], [ 2648844.677380984649062, 2608842.429477664642036 ], [ 2648844.677380984649062, 2608765.586141555104405 ], [ 2648844.677380984649062, 2608688.744406581390649 ], [ 2648767.835287586320192, 2608688.744406581390649 ], [ 2648767.835287586320192, 2608611.901070471387357 ], [ 2648690.991593077313155, 2608611.901070471387357 ], [ 2648690.991593077313155, 2608535.057734361849725 ], [ 2648690.991593077313155, 2608458.214398251846433 ], [ 2648690.991593077313155, 2608381.372663278132677 ], [ 2648690.991593077313155, 2608304.529327168595046 ], [ 2648690.991593077313155, 2608227.685991058591753 ], [ 2648690.991593077313155, 2608150.844256084877998 ], [ 2648767.835287586320192, 2608150.844256084877998 ], [ 2648767.835287586320192, 2608074.000919975340366 ], [ 2648844.677380984649062, 2608074.000919975340366 ], [ 2648921.519474383443594, 2608074.000919975340366 ], [ 2648921.519474383443594, 2607997.157583865337074 ], [ 2648998.361567781772465, 2607997.157583865337074 ], [ 2649075.203661180566996, 2607997.157583865337074 ], [ 2649075.203661180566996, 2608074.000919975340366 ], [ 2649152.047355689574033, 2608074.000919975340366 ], [ 2649228.889449087902904, 2608074.000919975340366 ], [ 2649305.731542486697435, 2608074.000919975340366 ], [ 2649382.573635885026306, 2608074.000919975340366 ], [ 2649382.573635885026306, 2608150.844256084877998 ], [ 2649459.415729283820838, 2608150.844256084877998 ], [ 2649459.415729283820838, 2608074.000919975340366 ], [ 2649536.259423792827874, 2608074.000919975340366 ], [ 2649536.259423792827874, 2607997.157583865337074 ], [ 2649536.259423792827874, 2607920.314247755333781 ], [ 2649536.259423792827874, 2607843.472512782085687 ], [ 2649536.259423792827874, 2607766.629176672082394 ], [ 2649459.415729283820838, 2607766.629176672082394 ], [ 2649459.415729283820838, 2607689.785840562079102 ], [ 2649382.573635885026306, 2607689.785840562079102 ], [ 2649305.731542486697435, 2607689.785840562079102 ], [ 2649228.889449087902904, 2607689.785840562079102 ], [ 2649152.047355689574033, 2607689.785840562079102 ], [ 2649152.047355689574033, 2607766.629176672082394 ], [ 2649075.203661180566996, 2607766.629176672082394 ], [ 2648998.361567781772465, 2607766.629176672082394 ], [ 2648921.519474383443594, 2607766.629176672082394 ], [ 2648921.519474383443594, 2607689.785840562079102 ], [ 2648844.677380984649062, 2607689.785840562079102 ], [ 2648767.835287586320192, 2607689.785840562079102 ], [ 2648767.835287586320192, 2607612.942504452541471 ], [ 2648767.835287586320192, 2607536.100769478827715 ], [ 2648767.835287586320192, 2607459.257433368824422 ], [ 2648767.835287586320192, 2607382.414097259286791 ], [ 2648844.677380984649062, 2607382.414097259286791 ], [ 2648844.677380984649062, 2607305.570761149283499 ], [ 2648921.519474383443594, 2607305.570761149283499 ], [ 2648998.361567781772465, 2607228.729026175569743 ], [ 2649075.203661180566996, 2607228.729026175569743 ], [ 2649152.047355689574033, 2607228.729026175569743 ], [ 2649228.889449087902904, 2607305.570761149283499 ], [ 2649305.731542486697435, 2607305.570761149283499 ], [ 2649382.573635885026306, 2607305.570761149283499 ], [ 2649459.415729283820838, 2607305.570761149283499 ], [ 2649459.415729283820838, 2607228.729026175569743 ], [ 2649459.415729283820838, 2607151.885690066032112 ], [ 2649382.573635885026306, 2607075.042353956028819 ], [ 2649305.731542486697435, 2607075.042353956028819 ], [ 2649305.731542486697435, 2606998.200618982315063 ], [ 2649228.889449087902904, 2606998.200618982315063 ], [ 2649228.889449087902904, 2606921.357282872777432 ], [ 2649152.047355689574033, 2606921.357282872777432 ], [ 2649152.047355689574033, 2606844.51394676277414 ], [ 2649228.889449087902904, 2606844.51394676277414 ], [ 2649152.047355689574033, 2606844.51394676277414 ], [ 2649228.889449087902904, 2606844.51394676277414 ], [ 2649228.889449087902904, 2606767.670610652770847 ], [ 2649305.731542486697435, 2606767.670610652770847 ], [ 2649305.731542486697435, 2606690.828875679522753 ], [ 2649382.573635885026306, 2606690.828875679522753 ], [ 2649459.415729283820838, 2606690.828875679522753 ], [ 2649536.259423792827874, 2606767.670610652770847 ], [ 2649613.101517191622406, 2606767.670610652770847 ], [ 2649689.943610589951277, 2606767.670610652770847 ], [ 2649766.785703988745809, 2606767.670610652770847 ], [ 2649843.627797387074679, 2606690.828875679522753 ], [ 2649843.627797387074679, 2606613.98553956951946 ], [ 2649843.627797387074679, 2606537.142203459516168 ], [ 2649920.469890785869211, 2606537.142203459516168 ], [ 2649920.469890785869211, 2606460.298867349512875 ], [ 2649997.313585294876248, 2606460.298867349512875 ], [ 2649997.313585294876248, 2606383.457132376264781 ], [ 2650074.155678693205118, 2606383.457132376264781 ], [ 2650150.99777209199965, 2606383.457132376264781 ], [ 2650227.839865490328521, 2606460.298867349512875 ], [ 2650304.681958889123052, 2606460.298867349512875 ], [ 2650381.525653398130089, 2606460.298867349512875 ], [ 2650458.36774679645896, 2606460.298867349512875 ], [ 2650458.36774679645896, 2606537.142203459516168 ], [ 2650458.36774679645896, 2606613.98553956951946 ], [ 2650535.209840195253491, 2606613.98553956951946 ], [ 2650535.209840195253491, 2606690.828875679522753 ], [ 2650458.36774679645896, 2606690.828875679522753 ], [ 2650458.36774679645896, 2606767.670610652770847 ], [ 2650381.525653398130089, 2606767.670610652770847 ], [ 2650381.525653398130089, 2606844.51394676277414 ], [ 2650304.681958889123052, 2606844.51394676277414 ], [ 2650304.681958889123052, 2606921.357282872777432 ], [ 2650227.839865490328521, 2606921.357282872777432 ], [ 2650227.839865490328521, 2606998.200618982315063 ], [ 2650227.839865490328521, 2607075.042353956028819 ], [ 2650227.839865490328521, 2607151.885690066032112 ], [ 2650227.839865490328521, 2607228.729026175569743 ], [ 2650150.99777209199965, 2607228.729026175569743 ], [ 2650150.99777209199965, 2607305.570761149283499 ], [ 2650150.99777209199965, 2607382.414097259286791 ], [ 2650150.99777209199965, 2607459.257433368824422 ], [ 2650227.839865490328521, 2607459.257433368824422 ], [ 2650227.839865490328521, 2607536.100769478827715 ], [ 2650227.839865490328521, 2607612.942504452541471 ], [ 2650304.681958889123052, 2607612.942504452541471 ], [ 2650381.525653398130089, 2607612.942504452541471 ], [ 2650458.36774679645896, 2607612.942504452541471 ], [ 2650458.36774679645896, 2607536.100769478827715 ], [ 2650458.36774679645896, 2607459.257433368824422 ], [ 2650381.525653398130089, 2607459.257433368824422 ], [ 2650381.525653398130089, 2607382.414097259286791 ], [ 2650381.525653398130089, 2607305.570761149283499 ], [ 2650381.525653398130089, 2607228.729026175569743 ], [ 2650381.525653398130089, 2607151.885690066032112 ], [ 2650458.36774679645896, 2607075.042353956028819 ], [ 2650458.36774679645896, 2606998.200618982315063 ], [ 2650458.36774679645896, 2606921.357282872777432 ], [ 2650535.209840195253491, 2606921.357282872777432 ], [ 2650535.209840195253491, 2606844.51394676277414 ], [ 2650612.051933593582362, 2606844.51394676277414 ], [ 2650612.051933593582362, 2606767.670610652770847 ], [ 2650688.894026992376894, 2606767.670610652770847 ], [ 2650765.73772150138393, 2606767.670610652770847 ], [ 2650842.579814899712801, 2606844.51394676277414 ], [ 2650842.579814899712801, 2606921.357282872777432 ], [ 2650842.579814899712801, 2606998.200618982315063 ], [ 2650842.579814899712801, 2607075.042353956028819 ], [ 2650842.579814899712801, 2607151.885690066032112 ], [ 2650919.421908298507333, 2607151.885690066032112 ], [ 2650919.421908298507333, 2607228.729026175569743 ], [ 2650996.264001697301865, 2607228.729026175569743 ], [ 2651073.106095095630735, 2607228.729026175569743 ], [ 2651073.106095095630735, 2607151.885690066032112 ], [ 2651149.948188494425267, 2607151.885690066032112 ], [ 2651226.791883003432304, 2607151.885690066032112 ], [ 2651303.633976401761174, 2607151.885690066032112 ], [ 2651303.633976401761174, 2607228.729026175569743 ], [ 2651380.476069800555706, 2607151.885690066032112 ], [ 2651457.318163198884577, 2607151.885690066032112 ], [ 2651457.318163198884577, 2607075.042353956028819 ], [ 2651534.160256597679108, 2607075.042353956028819 ], [ 2651534.160256597679108, 2606998.200618982315063 ], [ 2651611.003951106686145, 2606998.200618982315063 ], [ 2651611.003951106686145, 2606921.357282872777432 ], [ 2651611.003951106686145, 2606844.51394676277414 ], [ 2651611.003951106686145, 2606767.670610652770847 ], [ 2651534.160256597679108, 2606767.670610652770847 ], [ 2651534.160256597679108, 2606690.828875679522753 ], [ 2651457.318163198884577, 2606690.828875679522753 ], [ 2651380.476069800555706, 2606690.828875679522753 ], [ 2651303.633976401761174, 2606690.828875679522753 ], [ 2651226.791883003432304, 2606690.828875679522753 ], [ 2651149.948188494425267, 2606690.828875679522753 ], [ 2651149.948188494425267, 2606613.98553956951946 ], [ 2651073.106095095630735, 2606613.98553956951946 ], [ 2651073.106095095630735, 2606537.142203459516168 ], [ 2650996.264001697301865, 2606537.142203459516168 ], [ 2650996.264001697301865, 2606460.298867349512875 ], [ 2650996.264001697301865, 2606383.457132376264781 ], [ 2651073.106095095630735, 2606383.457132376264781 ], [ 2651073.106095095630735, 2606306.613796266261488 ], [ 2651149.948188494425267, 2606306.613796266261488 ], [ 2651226.791883003432304, 2606306.613796266261488 ], [ 2651303.633976401761174, 2606306.613796266261488 ], [ 2651380.476069800555706, 2606306.613796266261488 ], [ 2651380.476069800555706, 2606383.457132376264781 ], [ 2651457.318163198884577, 2606383.457132376264781 ], [ 2651534.160256597679108, 2606383.457132376264781 ], [ 2651611.003951106686145, 2606383.457132376264781 ], [ 2651611.003951106686145, 2606306.613796266261488 ], [ 2651687.846044505015016, 2606306.613796266261488 ], [ 2651687.846044505015016, 2606229.770460156258196 ], [ 2651611.003951106686145, 2606229.770460156258196 ], [ 2651611.003951106686145, 2606152.928725183010101 ], [ 2651534.160256597679108, 2606152.928725183010101 ], [ 2651534.160256597679108, 2606076.085389073006809 ], [ 2651457.318163198884577, 2606076.085389073006809 ], [ 2651457.318163198884577, 2605999.242052963003516 ], [ 2651457.318163198884577, 2605922.398716853465885 ], [ 2651380.476069800555706, 2605922.398716853465885 ], [ 2651380.476069800555706, 2605845.556981879752129 ], [ 2651380.476069800555706, 2605768.713645769748837 ], [ 2651457.318163198884577, 2605768.713645769748837 ], [ 2651457.318163198884577, 2605691.870309660211205 ], [ 2651457.318163198884577, 2605615.026973550207913 ], [ 2651534.160256597679108, 2605615.026973550207913 ], [ 2651534.160256597679108, 2605538.185238576494157 ], [ 2651534.160256597679108, 2605461.341902466956526 ], [ 2651611.003951106686145, 2605461.341902466956526 ], [ 2651611.003951106686145, 2605384.498566356953233 ], [ 2651611.003951106686145, 2605307.655230246949941 ], [ 2651687.846044505015016, 2605307.655230246949941 ], [ 2651687.846044505015016, 2605230.813495273701847 ], [ 2651764.688137903809547, 2605230.813495273701847 ], [ 2651841.530231302138418, 2605230.813495273701847 ], [ 2651841.530231302138418, 2605153.970159163698554 ], [ 2651918.37232470093295, 2605153.970159163698554 ], [ 2651918.37232470093295, 2605077.126823053695261 ], [ 2651995.216019209939986, 2605077.126823053695261 ], [ 2652072.058112608268857, 2605077.126823053695261 ], [ 2652148.900206007063389, 2605077.126823053695261 ], [ 2652225.742299405857921, 2605077.126823053695261 ], [ 2652302.584392804186791, 2605153.970159163698554 ], [ 2652302.584392804186791, 2605230.813495273701847 ], [ 2652302.584392804186791, 2605307.655230246949941 ], [ 2652302.584392804186791, 2605384.498566356953233 ], [ 2652379.426486202981323, 2605384.498566356953233 ], [ 2652456.27018071198836, 2605384.498566356953233 ], [ 2652456.27018071198836, 2605461.341902466956526 ], [ 2652533.11227411031723, 2605461.341902466956526 ], [ 2652533.11227411031723, 2605538.185238576494157 ], [ 2652609.954367509111762, 2605538.185238576494157 ], [ 2652609.954367509111762, 2605615.026973550207913 ], [ 2652686.796460907440633, 2605615.026973550207913 ], [ 2652686.796460907440633, 2605691.870309660211205 ], [ 2652763.638554306235164, 2605691.870309660211205 ], [ 2652763.638554306235164, 2605768.713645769748837 ], [ 2652763.638554306235164, 2605845.556981879752129 ], [ 2652763.638554306235164, 2605922.398716853465885 ], [ 2652686.796460907440633, 2605922.398716853465885 ], [ 2652686.796460907440633, 2605999.242052963003516 ], [ 2652609.954367509111762, 2605999.242052963003516 ], [ 2652533.11227411031723, 2605999.242052963003516 ], [ 2652456.27018071198836, 2605999.242052963003516 ], [ 2652379.426486202981323, 2605999.242052963003516 ], [ 2652302.584392804186791, 2605999.242052963003516 ], [ 2652302.584392804186791, 2606076.085389073006809 ], [ 2652225.742299405857921, 2606076.085389073006809 ], [ 2652225.742299405857921, 2606152.928725183010101 ], [ 2652225.742299405857921, 2606229.770460156258196 ], [ 2652302.584392804186791, 2606229.770460156258196 ], [ 2652379.426486202981323, 2606229.770460156258196 ], [ 2652456.27018071198836, 2606152.928725183010101 ], [ 2652533.11227411031723, 2606152.928725183010101 ], [ 2652533.11227411031723, 2606076.085389073006809 ], [ 2652609.954367509111762, 2606076.085389073006809 ], [ 2652686.796460907440633, 2606076.085389073006809 ], [ 2652763.638554306235164, 2606076.085389073006809 ], [ 2652763.638554306235164, 2606152.928725183010101 ], [ 2652840.482248815242201, 2606152.928725183010101 ], [ 2652917.324342213571072, 2606152.928725183010101 ], [ 2652917.324342213571072, 2606076.085389073006809 ], [ 2652994.166435612365603, 2605999.242052963003516 ], [ 2652994.166435612365603, 2605922.398716853465885 ], [ 2653071.008529010694474, 2605922.398716853465885 ], [ 2653071.008529010694474, 2605845.556981879752129 ], [ 2653147.850622409489006, 2605845.556981879752129 ], [ 2653224.694316918496042, 2605845.556981879752129 ], [ 2653301.536410316824913, 2605845.556981879752129 ], [ 2653378.378503715619445, 2605845.556981879752129 ], [ 2653455.220597114413977, 2605845.556981879752129 ], [ 2653532.062690512742847, 2605845.556981879752129 ], [ 2653532.062690512742847, 2605768.713645769748837 ], [ 2653608.904783911537379, 2605768.713645769748837 ], [ 2653608.904783911537379, 2605691.870309660211205 ], [ 2653685.748478420544416, 2605691.870309660211205 ], [ 2653685.748478420544416, 2605615.026973550207913 ], [ 2653762.590571818873286, 2605615.026973550207913 ], [ 2653762.590571818873286, 2605538.185238576494157 ], [ 2653839.432665217667818, 2605538.185238576494157 ], [ 2653839.432665217667818, 2605615.026973550207913 ], [ 2653839.432665217667818, 2605538.185238576494157 ], [ 2653839.432665217667818, 2605615.026973550207913 ], [ 2653916.274758615996689, 2605615.026973550207913 ], [ 2653993.11685201479122, 2605615.026973550207913 ], [ 2654069.960546523798257, 2605615.026973550207913 ], [ 2654069.960546523798257, 2605691.870309660211205 ], [ 2654146.802639922127128, 2605691.870309660211205 ], [ 2654146.802639922127128, 2605768.713645769748837 ], [ 2654146.802639922127128, 2605845.556981879752129 ], [ 2654069.960546523798257, 2605845.556981879752129 ], [ 2654069.960546523798257, 2605922.398716853465885 ], [ 2654069.960546523798257, 2605999.242052963003516 ], [ 2653993.11685201479122, 2605999.242052963003516 ], [ 2653916.274758615996689, 2605999.242052963003516 ], [ 2653839.432665217667818, 2605999.242052963003516 ], [ 2653762.590571818873286, 2605999.242052963003516 ], [ 2653762.590571818873286, 2606076.085389073006809 ], [ 2653685.748478420544416, 2606076.085389073006809 ], [ 2653685.748478420544416, 2606152.928725183010101 ], [ 2653685.748478420544416, 2606229.770460156258196 ], [ 2653762.590571818873286, 2606229.770460156258196 ], [ 2653839.432665217667818, 2606229.770460156258196 ], [ 2653839.432665217667818, 2606306.613796266261488 ], [ 2653916.274758615996689, 2606306.613796266261488 ], [ 2653993.11685201479122, 2606306.613796266261488 ], [ 2654069.960546523798257, 2606306.613796266261488 ], [ 2654146.802639922127128, 2606306.613796266261488 ], [ 2654223.644733320921659, 2606306.613796266261488 ], [ 2654300.48682671925053, 2606306.613796266261488 ], [ 2654377.328920118045062, 2606306.613796266261488 ], [ 2654377.328920118045062, 2606383.457132376264781 ], [ 2654454.171013516373932, 2606383.457132376264781 ], [ 2654454.171013516373932, 2606460.298867349512875 ], [ 2654454.171013516373932, 2606537.142203459516168 ], [ 2654531.014708025380969, 2606613.98553956951946 ], [ 2654607.856801424175501, 2606613.98553956951946 ], [ 2654684.698894822970033, 2606613.98553956951946 ], [ 2654761.540988221298903, 2606613.98553956951946 ], [ 2654761.540988221298903, 2606537.142203459516168 ], [ 2654838.383081620093435, 2606537.142203459516168 ], [ 2654838.383081620093435, 2606460.298867349512875 ], [ 2654915.226776129100472, 2606460.298867349512875 ], [ 2654915.226776129100472, 2606383.457132376264781 ], [ 2654992.068869527429342, 2606383.457132376264781 ], [ 2655068.910962926223874, 2606383.457132376264781 ], [ 2655145.753056324552745, 2606383.457132376264781 ], [ 2655222.595149723347276, 2606383.457132376264781 ], [ 2655299.438844232354313, 2606383.457132376264781 ], [ 2655299.438844232354313, 2606460.298867349512875 ], [ 2655376.280937630683184, 2606460.298867349512875 ], [ 2655453.123031029477715, 2606460.298867349512875 ], [ 2655529.965124427806586, 2606460.298867349512875 ], [ 2655529.965124427806586, 2606537.142203459516168 ], [ 2655606.807217826601118, 2606537.142203459516168 ], [ 2655683.649311224929988, 2606537.142203459516168 ], [ 2655683.649311224929988, 2606613.98553956951946 ], [ 2655760.493005733937025, 2606613.98553956951946 ], [ 2655760.493005733937025, 2606690.828875679522753 ], [ 2655760.493005733937025, 2606767.670610652770847 ], [ 2655837.335099132731557, 2606767.670610652770847 ], [ 2655837.335099132731557, 2606844.51394676277414 ], [ 2655914.177192531060427, 2606844.51394676277414 ], [ 2655914.177192531060427, 2606921.357282872777432 ], [ 2655991.019285929854959, 2606921.357282872777432 ], [ 2656067.861379328649491, 2606921.357282872777432 ], [ 2656144.705073837656528, 2606921.357282872777432 ], [ 2656144.705073837656528, 2606844.51394676277414 ], [ 2656144.705073837656528, 2606767.670610652770847 ], [ 2656144.705073837656528, 2606690.828875679522753 ], [ 2656144.705073837656528, 2606613.98553956951946 ], [ 2656144.705073837656528, 2606537.142203459516168 ], [ 2656067.861379328649491, 2606537.142203459516168 ], [ 2655991.019285929854959, 2606537.142203459516168 ], [ 2655914.177192531060427, 2606537.142203459516168 ], [ 2655837.335099132731557, 2606537.142203459516168 ], [ 2655837.335099132731557, 2606460.298867349512875 ], [ 2655760.493005733937025, 2606383.457132376264781 ], [ 2655760.493005733937025, 2606306.613796266261488 ] ] } }
]
}
