{
"type": "FeatureCollection",
"name": "fdp",
"crs": { "type": "name", "properties": { "name": "urn:ogc:def:crs:EPSG::3111" } },
"features": [
{ "type": "Feature", "properties": { }, "geometry": { "type": "LineString", "coordinates": [ [ 2213812.847726716194302, 2494853.503192987758666 ], [ 2213862.812312599271536, 2494853.503192987758666 ], [ 2213912.77689848234877, 2495453.077909205574542 ], [ 2214012.706070248503238, 2496452.369102902710438 ], [ 2214412.424839474260807, 2496402.404282946139574 ], [ 2214512.354011240415275, 2497301.765836730599403 ], [ 2214462.389425357338041, 2497351.730656686704606 ], [ 2214412.424839474260807, 2497351.730656686704606 ], [ 2214362.460253591183573, 2497401.69547664327547 ], [ 2214362.460253591183573, 2497351.730656686704606 ], [ 2214312.49462662730366, 2497351.730656686704606 ], [ 2214262.530040744226426, 2497401.69547664327547 ], [ 2214212.565454861149192, 2497401.69547664327547 ], [ 2214162.600868978071958, 2497401.69547664327547 ], [ 2214112.636283094994724, 2497401.69547664327547 ], [ 2214062.671697212383151, 2497401.69547664327547 ], [ 2214012.706070248503238, 2497401.69547664327547 ], [ 2213962.741484365426004, 2497401.69547664327547 ], [ 2213912.77689848234877, 2497401.69547664327547 ], [ 2213862.812312599271536, 2497401.69547664327547 ], [ 2213912.77689848234877, 2497451.65925551392138 ], [ 2213912.77689848234877, 2497651.517494253348559 ], [ 2213463.093543373513967, 2497701.482314209453762 ], [ 2213413.128957490436733, 2497701.482314209453762 ], [ 2213413.128957490436733, 2497851.375732992310077 ], [ 2213363.164371607359499, 2497851.375732992310077 ], [ 2213313.199785724282265, 2497851.375732992310077 ], [ 2213313.199785724282265, 2497901.340552948880941 ], [ 2213263.235199841205031, 2497901.340552948880941 ], [ 2213213.269572877325118, 2497901.340552948880941 ], [ 2213213.269572877325118, 2497951.305372904986143 ], [ 2213163.304986994247884, 2497951.305372904986143 ], [ 2213113.34040111117065, 2498001.269151775632054 ], [ 2213063.375815228093415, 2498051.233971731737256 ], [ 2213063.375815228093415, 2498101.19879168830812 ], [ 2213013.411229345016181, 2498101.19879168830812 ], [ 2213013.411229345016181, 2498151.163611644413322 ], [ 2213013.411229345016181, 2498201.127390515059233 ], [ 2213013.411229345016181, 2498251.092210471164435 ], [ 2212963.445602381136268, 2498251.092210471164435 ], [ 2212963.445602381136268, 2498301.057030427269638 ], [ 2212963.445602381136268, 2498351.021850383840501 ], [ 2213013.411229345016181, 2498351.021850383840501 ], [ 2213013.411229345016181, 2498400.985629254486412 ], [ 2213063.375815228093415, 2498400.985629254486412 ], [ 2213063.375815228093415, 2498450.950449210591614 ], [ 2213113.34040111117065, 2498450.950449210591614 ], [ 2213113.34040111117065, 2498500.915269166696817 ], [ 2213163.304986994247884, 2498500.915269166696817 ], [ 2213213.269572877325118, 2498550.88008912326768 ], [ 2213213.269572877325118, 2498600.843867993913591 ], [ 2213263.235199841205031, 2498600.843867993913591 ], [ 2213313.199785724282265, 2498600.843867993913591 ], [ 2213363.164371607359499, 2498650.808687950018793 ], [ 2213363.164371607359499, 2498700.773507906123996 ], [ 2213363.164371607359499, 2498650.808687950018793 ], [ 2213313.199785724282265, 2498650.808687950018793 ], [ 2213313.199785724282265, 2498600.843867993913591 ], [ 2213263.235199841205031, 2498600.843867993913591 ], [ 2213263.235199841205031, 2498650.808687950018793 ], [ 2213313.199785724282265, 2498650.808687950018793 ], [ 2213313.199785724282265, 2498700.773507906123996 ], [ 2213363.164371607359499, 2498700.773507906123996 ], [ 2213413.128957490436733, 2498750.737286776769906 ], [ 2213463.093543373513967, 2498750.737286776769906 ], [ 2213263.235199841205031, 2498800.702106732875109 ], [ 2213213.269572877325118, 2498750.737286776769906 ], [ 2213163.304986994247884, 2498750.737286776769906 ], [ 2213063.375815228093415, 2498800.702106732875109 ], [ 2213013.411229345016181, 2498800.702106732875109 ], [ 2212563.727874236181378, 2498800.702106732875109 ], [ 2211964.150761478114873, 2498850.666926689445972 ], [ 2211964.150761478114873, 2498900.631746645551175 ], [ 2211914.186175595037639, 2498900.631746645551175 ], [ 2211664.36220509884879, 2498900.631746645551175 ], [ 2211314.608021756168455, 2498950.595525516197085 ], [ 2211264.643435873091221, 2498950.595525516197085 ], [ 2211214.678849990013987, 2498950.595525516197085 ], [ 2211164.714264106936753, 2498950.595525516197085 ], [ 2211114.749678223859519, 2498950.595525516197085 ], [ 2211064.784051259979606, 2498950.595525516197085 ], [ 2211014.819465376902372, 2498950.595525516197085 ], [ 2210964.854879493825138, 2498950.595525516197085 ], [ 2210914.890293610747904, 2498950.595525516197085 ], [ 2210914.890293610747904, 2499000.560345472302288 ], [ 2210864.92570772767067, 2499000.560345472302288 ], [ 2210814.960080764256418, 2498950.595525516197085 ], [ 2210764.995494881179184, 2499000.560345472302288 ], [ 2210715.03090899810195, 2499000.560345472302288 ], [ 2210565.136110268067569, 2499000.560345472302288 ], [ 2210515.171524384990335, 2499000.560345472302288 ], [ 2210465.2069385019131, 2499000.560345472302288 ], [ 2210365.277766735758632, 2499050.525165428873152 ], [ 2210315.313180852681398, 2499050.525165428873152 ], [ 2210265.347553888801485, 2499050.525165428873152 ], [ 2210165.418382122647017, 2499050.525165428873152 ], [ 2210065.489210356492549, 2499050.525165428873152 ], [ 2209965.558997510001063, 2499050.525165428873152 ], [ 2209915.594411626923829, 2499050.525165428873152 ], [ 2209865.629825743846595, 2499050.525165428873152 ], [ 2209815.665239860769361, 2499050.525165428873152 ], [ 2209765.699612896889448, 2499050.525165428873152 ], [ 2209715.735027013812214, 2499100.489985384978354 ], [ 2209615.805855247657746, 2499100.489985384978354 ], [ 2209565.841269364580512, 2499100.489985384978354 ], [ 2209515.876683481503278, 2499150.453764255624264 ], [ 2209465.911056518089026, 2499150.453764255624264 ], [ 2209415.946470635011792, 2499150.453764255624264 ], [ 2209365.981884751934558, 2499150.453764255624264 ], [ 2209316.017298868857324, 2499100.489985384978354 ], [ 2209216.087086021900177, 2499150.453764255624264 ], [ 2209166.122500138822943, 2499150.453764255624264 ], [ 2209116.157914255745709, 2499150.453764255624264 ], [ 2209066.193328372668475, 2499150.453764255624264 ], [ 2208966.264156606514007, 2499150.453764255624264 ], [ 2208916.298529642634094, 2499150.453764255624264 ], [ 2208866.33394375955686, 2499150.453764255624264 ], [ 2208816.369357876479626, 2499150.453764255624264 ], [ 2208766.404771993402392, 2499150.453764255624264 ], [ 2208716.440186110325158, 2499150.453764255624264 ], [ 2208666.474559146910906, 2499150.453764255624264 ], [ 2208616.509973263833672, 2499150.453764255624264 ], [ 2208616.509973263833672, 2499200.418584211729467 ], [ 2208566.545387380756438, 2499200.418584211729467 ], [ 2208516.580801497679204, 2499200.418584211729467 ], [ 2208366.686002767644823, 2499200.418584211729467 ], [ 2208316.721416884567589, 2499200.418584211729467 ], [ 2208266.756831001490355, 2499200.418584211729467 ], [ 2208116.862032271921635, 2499200.418584211729467 ], [ 2208066.897446388844401, 2499200.418584211729467 ], [ 2207966.968274622689933, 2499250.383404167834669 ], [ 2207917.003688739612699, 2499250.383404167834669 ], [ 2207867.038061775732785, 2499250.383404167834669 ], [ 2207717.144304126501083, 2499250.383404167834669 ], [ 2207667.179718243423849, 2499250.383404167834669 ], [ 2207617.214091279543936, 2499250.383404167834669 ], [ 2207567.249505396466702, 2499250.383404167834669 ], [ 2207467.320333630312234, 2499250.383404167834669 ], [ 2207417.355747747235, 2499300.34718303848058 ], [ 2207317.425534900743514, 2499300.34718303848058 ], [ 2207267.46094901766628, 2499300.34718303848058 ], [ 2207167.531777251511812, 2499300.34718303848058 ], [ 2207117.567191368434578, 2499300.34718303848058 ], [ 2207067.601564404554665, 2499300.34718303848058 ], [ 2206967.672392638400197, 2499300.34718303848058 ], [ 2206867.743220872245729, 2499300.34718303848058 ], [ 2206767.813008025754243, 2499350.312002995051444 ], [ 2206717.848422142677009, 2499350.312002995051444 ], [ 2206667.883836259599775, 2499350.312002995051444 ], [ 2206617.919250376522541, 2499350.312002995051444 ], [ 2206567.954664493445307, 2499350.312002995051444 ], [ 2206517.989037529565394, 2499350.312002995051444 ], [ 2206418.059865763410926, 2499350.312002995051444 ], [ 2206268.165067033376545, 2499350.312002995051444 ], [ 2206218.200481150299311, 2499350.312002995051444 ], [ 2204719.257699254900217, 2499500.205421777907759 ], [ 2204669.292072291485965, 2499500.205421777907759 ], [ 2203969.785787767264992, 2499550.170241734478623 ], [ 2203919.821201884187758, 2499550.170241734478623 ], [ 2203570.067018541041762, 2499600.135061690583825 ], [ 2203470.137846774887294, 2499600.135061690583825 ], [ 2202970.489905782975256, 2499650.099881646689028 ], [ 2202870.560734016820788, 2499650.099881646689028 ], [ 2202770.630521170329303, 2499650.099881646689028 ], [ 2202520.806550674140453, 2499700.063660517334938 ], [ 2202420.877378907985985, 2499700.063660517334938 ], [ 2202420.877378907985985, 2499750.02848047344014 ], [ 2202470.841964791063219, 2500349.603196691721678 ], [ 2202520.806550674140453, 2500749.319674170576036 ], [ 2202520.806550674140453, 2500799.283453041221946 ], [ 2202520.806550674140453, 2500899.213092953432351 ], [ 2202570.772177638020366, 2501198.999930519610643 ], [ 2202570.772177638020366, 2501348.89334930293262 ], [ 2202570.772177638020366, 2501498.787809171713889 ], [ 2202570.772177638020366, 2501548.751588042359799 ], [ 2202620.7367635210976, 2501698.646047911141068 ], [ 2202620.7367635210976, 2501748.609826781786978 ], [ 2202620.7367635210976, 2501798.574646737892181 ], [ 2202620.7367635210976, 2501898.504286650568247 ], [ 2202620.7367635210976, 2501998.43288547731936 ], [ 2202620.7367635210976, 2502098.361484304070473 ], [ 2202670.701349404174834, 2502697.93620052235201 ], [ 2202670.701349404174834, 2502747.901020478457212 ], [ 2202870.560734016820788, 2504946.340605525765568 ], [ 2202870.560734016820788, 2504996.305425482336432 ], [ 2202920.525319899898022, 2505146.198844265192747 ], [ 2202920.525319899898022, 2505196.16366422129795 ], [ 2202920.525319899898022, 2505296.092263048514724 ], [ 2202920.525319899898022, 2505396.021902960725129 ], [ 2202920.525319899898022, 2505445.985681831371039 ], [ 2202970.489905782975256, 2505545.915321744047105 ], [ 2202970.489905782975256, 2505645.843920570798218 ], [ 2202970.489905782975256, 2505745.773560483474284 ], [ 2202970.489905782975256, 2505845.702159310225397 ], [ 2202970.489905782975256, 2505945.631799222901464 ], [ 2202970.489905782975256, 2506095.525218005757779 ], [ 2202970.489905782975256, 2506195.453816832974553 ], [ 2203020.45449166605249, 2506295.383456745184958 ], [ 2203020.45449166605249, 2506345.34827670129016 ], [ 2203020.45449166605249, 2506495.241695484612137 ], [ 2203020.45449166605249, 2506595.17029431136325 ], [ 2203020.45449166605249, 2506645.135114267468452 ], [ 2203020.45449166605249, 2506695.099934224039316 ], [ 2203020.45449166605249, 2506745.064754180144519 ], [ 2203020.45449166605249, 2506795.028533050790429 ], [ 2203070.419077549129725, 2506844.993353006895632 ], [ 2203070.419077549129725, 2506944.921951834112406 ], [ 2203070.419077549129725, 2506994.886771790217608 ], [ 2203070.419077549129725, 2507044.851591746322811 ], [ 2203070.419077549129725, 2507094.816411702893674 ], [ 2203070.419077549129725, 2507144.780190573539585 ], [ 2203070.419077549129725, 2507194.745010529644787 ], [ 2203070.419077549129725, 2507244.70983048574999 ], [ 2203070.419077549129725, 2507344.638429312501103 ], [ 2203120.384704513009638, 2507444.568069225177169 ], [ 2203120.384704513009638, 2507544.496668051928282 ], [ 2203120.384704513009638, 2507644.426307964604348 ], [ 2203120.384704513009638, 2507694.390086835250258 ], [ 2203170.349290396086872, 2507694.390086835250258 ], [ 2203220.313876279164106, 2507694.390086835250258 ], [ 2203270.27846216224134, 2507694.390086835250258 ], [ 2203320.243048045318574, 2507694.390086835250258 ], [ 2203420.17326089181006, 2507694.390086835250258 ], [ 2203470.137846774887294, 2507744.354906791355461 ], [ 2203570.067018541041762, 2507694.390086835250258 ], [ 2203620.032645504921675, 2507694.390086835250258 ], [ 2203669.997231387998909, 2507694.390086835250258 ], [ 2203719.961817271076143, 2507694.390086835250258 ], [ 2203769.926403154153377, 2507694.390086835250258 ], [ 2203819.890989037230611, 2507694.390086835250258 ], [ 2203869.855574920307845, 2507694.390086835250258 ], [ 2203919.821201884187758, 2507694.390086835250258 ], [ 2203969.785787767264992, 2507694.390086835250258 ], [ 2204019.750373650342226, 2507694.390086835250258 ], [ 2204069.71495953341946, 2507694.390086835250258 ], [ 2204119.679545416496694, 2507694.390086835250258 ], [ 2204119.679545416496694, 2507644.426307964604348 ], [ 2204169.645172379910946, 2507644.426307964604348 ], [ 2204219.60975826298818, 2507644.426307964604348 ], [ 2204369.503515912219882, 2507644.426307964604348 ], [ 2204419.469142876099795, 2507644.426307964604348 ], [ 2204469.433728759177029, 2507694.390086835250258 ], [ 2204469.433728759177029, 2507744.354906791355461 ], [ 2204469.433728759177029, 2507794.319726747460663 ], [ 2204469.433728759177029, 2507844.284546704031527 ], [ 2204469.433728759177029, 2507894.248325574677438 ], [ 2204469.433728759177029, 2507944.21314553078264 ], [ 2204469.433728759177029, 2507994.177965486887842 ], [ 2206418.059865763410926, 2507794.319726747460663 ], [ 2206517.989037529565394, 2507794.319726747460663 ], [ 2206717.848422142677009, 2510292.546149361412972 ], [ 2206717.848422142677009, 2510892.120865579228848 ], [ 2206767.813008025754243, 2510942.085685535799712 ], [ 2206817.777593908831477, 2510992.050505491904914 ], [ 2206867.743220872245729, 2511491.695581797510386 ], [ 2206018.341096537653357, 2511591.624180624261498 ], [ 2206018.341096537653357, 2511641.589000580366701 ], [ 2206118.271309384144843, 2512540.95055436482653 ], [ 2206118.271309384144843, 2512590.915374321397394 ], [ 2206168.235895267222077, 2512540.95055436482653 ], [ 2206118.271309384144843, 2513240.454910495318472 ], [ 2206068.306723501067609, 2513640.170346888713539 ], [ 2206018.341096537653357, 2513690.135166844818741 ], [ 2205868.447338888421655, 2515039.178018064238131 ], [ 2205868.447338888421655, 2515089.142838020343333 ], [ 2205968.376510654576123, 2516038.469211760908365 ], [ 2205718.552540158387274, 2516088.432990631554276 ], [ 2205768.518167122267187, 2517137.689004284795374 ], [ 2205818.482753005344421, 2517137.689004284795374 ], [ 2205968.376510654576123, 2517137.689004284795374 ], [ 2206018.341096537653357, 2517137.689004284795374 ], [ 2206118.271309384144843, 2517137.689004284795374 ], [ 2206567.954664493445307, 2517087.724184328690171 ], [ 2206967.672392638400197, 2517037.759364372119308 ], [ 2207167.531777251511812, 2517037.759364372119308 ], [ 2207217.496363134589046, 2517187.652783155441284 ], [ 2207367.391161864157766, 2518836.483513026498258 ], [ 2207367.391161864157766, 2518936.412111853249371 ], [ 2207517.284919513389468, 2521034.923098073806614 ], [ 2207667.179718243423849, 2522683.752786859404296 ], [ 2207717.144304126501083, 2522683.752786859404296 ], [ 2207767.108890009578317, 2522683.752786859404296 ], [ 2207817.073475892655551, 2522683.752786859404296 ], [ 2207817.073475892655551, 2522633.787966903299093 ], [ 2207867.038061775732785, 2522633.787966903299093 ], [ 2208066.897446388844401, 2524582.405534340534359 ], [ 2207966.968274622689933, 2524582.405534340534359 ], [ 2207867.038061775732785, 2524582.405534340534359 ], [ 2207867.038061775732785, 2524632.36931321118027 ], [ 2207867.038061775732785, 2524682.334133167285472 ], [ 2207867.038061775732785, 2524832.227551950607449 ], [ 2207917.003688739612699, 2525231.944029429461807 ], [ 2207966.968274622689933, 2525881.483565603848547 ], [ 2208016.932860505767167, 2525881.483565603848547 ], [ 2208016.932860505767167, 2526031.376984386704862 ], [ 2208016.932860505767167, 2526181.270403170026839 ], [ 2208016.932860505767167, 2526331.163821952883154 ], [ 2208016.932860505767167, 2526381.128641909454018 ], [ 2208066.897446388844401, 2526531.022060692310333 ], [ 2208066.897446388844401, 2526580.986880648415536 ], [ 2208016.932860505767167, 2526580.986880648415536 ], [ 2208066.897446388844401, 2527080.631956954486668 ], [ 2208116.862032271921635, 2527130.596776910591871 ], [ 2208066.897446388844401, 2527130.596776910591871 ], [ 2208066.897446388844401, 2527180.561596866697073 ], [ 2208116.862032271921635, 2527180.561596866697073 ], [ 2208116.862032271921635, 2527230.526416822802275 ], [ 2208116.862032271921635, 2527280.490195693448186 ], [ 2208216.792245118413121, 2528729.461645739618689 ], [ 2208366.686002767644823, 2530378.292375611141324 ], [ 2208416.650588650722057, 2530628.114393220748752 ], [ 2208416.650588650722057, 2530678.079213177319616 ], [ 2208466.61621561460197, 2530877.937451916746795 ], [ 2208466.61621561460197, 2530927.902271872851998 ], [ 2208466.61621561460197, 2530977.866050743497908 ], [ 2208466.61621561460197, 2531027.830870699603111 ], [ 2208516.580801497679204, 2531527.475947005208582 ], [ 2208566.545387380756438, 2532127.050663223490119 ], [ 2208616.509973263833672, 2532576.73196065844968 ], [ 2208616.509973263833672, 2532976.448438136838377 ], [ 2208666.474559146910906, 2533376.164915615692735 ], [ 2208666.474559146910906, 2533625.986933225765824 ], [ 2208716.440186110325158, 2533625.986933225765824 ], [ 2210615.101737231947482, 2533426.128694486338645 ], [ 2210914.890293610747904, 2533426.128694486338645 ], [ 2212263.939317856915295, 2533276.23527570348233 ], [ 2212313.903903739992529, 2533276.23527570348233 ], [ 2212963.445602381136268, 2533226.270455746911466 ], [ 2213013.411229345016181, 2533226.270455746911466 ], [ 2213063.375815228093415, 2533226.270455746911466 ], [ 2213113.34040111117065, 2533226.270455746911466 ], [ 2213313.199785724282265, 2533176.306676876265556 ], [ 2213513.059170336928219, 2533176.306676876265556 ], [ 2213563.023756220005453, 2533176.306676876265556 ], [ 2213612.988342103082687, 2533176.306676876265556 ], [ 2215111.93112399848178, 2533026.412217007949948 ], [ 2215411.720721458550543, 2532976.448438136838377 ], [ 2215411.720721458550543, 2533026.412217007949948 ], [ 2215511.649893224239349, 2534025.703410704620183 ], [ 2215561.614479107316583, 2534625.278126922436059 ], [ 2215611.579064990393817, 2535074.958383271936327 ], [ 2215761.473863720428199, 2536523.930874403566122 ], [ 2216211.157218829263002, 2536473.96605444746092 ], [ 2216211.157218829263002, 2536623.859473230782896 ], [ 2216311.08639059541747, 2537373.327608231920749 ], [ 2216311.08639059541747, 2537423.292428188025951 ], [ 2216311.08639059541747, 2537673.114445798099041 ], [ 2216361.050976478494704, 2538372.618801928590983 ], [ 2216460.981189325451851, 2539072.122116973623633 ], [ 2216460.981189325451851, 2539321.945175669156015 ], [ 2216510.945775208529085, 2539671.696833191905171 ], [ 2216510.945775208529085, 2539771.625432018656284 ], [ 2216960.628089236561209, 2544768.079318331554532 ], [ 2219209.043823700863868, 2544568.221079592127353 ], [ 2220108.409492838196456, 2544518.257300721481442 ], [ 2220158.37407872127369, 2544518.257300721481442 ], [ 2220308.26887745084241, 2544468.29248076537624 ], [ 2220358.233463333919644, 2544468.29248076537624 ], [ 2220907.845990208908916, 2544468.29248076537624 ], [ 2228852.246378037147224, 2543818.7529445909895 ], [ 2228852.246378037147224, 2543768.78916572034359 ], [ 2228902.210963920224458, 2543768.78916572034359 ], [ 2228952.175549803301692, 2543818.7529445909895 ], [ 2229152.034934415947646, 2543818.7529445909895 ], [ 2229201.99952029902488, 2543818.7529445909895 ], [ 2229201.99952029902488, 2543868.717764547094703 ], [ 2229251.964106182102114, 2543868.717764547094703 ], [ 2229301.929733145982027, 2543868.717764547094703 ], [ 2229351.894319029059261, 2543818.7529445909895 ], [ 2230800.872515041381121, 2543768.78916572034359 ], [ 2230850.837100924458355, 2543768.78916572034359 ], [ 2230900.802727887872607, 2543768.78916572034359 ], [ 2231100.661071420181543, 2543768.78916572034359 ], [ 2231150.625657303258777, 2543768.78916572034359 ], [ 2231400.449627799447626, 2543768.78916572034359 ], [ 2231550.344426529482007, 2543768.78916572034359 ], [ 2231900.097568791359663, 2543768.78916572034359 ], [ 2231900.097568791359663, 2543818.7529445909895 ], [ 2231900.097568791359663, 2543868.717764547094703 ], [ 2231900.097568791359663, 2543918.682584503199905 ], [ 2231950.062154674436897, 2543918.682584503199905 ], [ 2232000.02778163831681, 2543968.647404459770769 ], [ 2232049.992367521394044, 2544018.611183330416679 ], [ 2232049.992367521394044, 2544068.576003286521882 ], [ 2232049.992367521394044, 2544118.540823242627084 ], [ 2232000.02778163831681, 2544168.505643199197948 ], [ 2232000.02778163831681, 2544218.469422069843858 ], [ 2231950.062154674436897, 2544218.469422069843858 ], [ 2231950.062154674436897, 2544268.434242025949061 ], [ 2231950.062154674436897, 2544318.399061982054263 ], [ 2231950.062154674436897, 2544368.362840852700174 ], [ 2232000.02778163831681, 2544368.362840852700174 ], [ 2232000.02778163831681, 2544418.327660809271038 ], [ 2232049.992367521394044, 2544418.327660809271038 ], [ 2232049.992367521394044, 2544468.29248076537624 ], [ 2232099.956953404471278, 2544468.29248076537624 ], [ 2232149.921539287548512, 2544468.29248076537624 ], [ 2232199.886125170625746, 2544468.29248076537624 ], [ 2232249.851752134039998, 2544518.257300721481442 ], [ 2232299.816338017117232, 2544568.221079592127353 ], [ 2232349.780923900194466, 2544568.221079592127353 ], [ 2232349.780923900194466, 2544618.185899548232555 ], [ 2232399.7455097832717, 2544618.185899548232555 ], [ 2232399.7455097832717, 2544568.221079592127353 ], [ 2232449.710095666348934, 2544618.185899548232555 ], [ 2232449.710095666348934, 2544668.150719504803419 ], [ 2232499.674681549426168, 2544718.115539460908622 ], [ 2232499.674681549426168, 2544768.079318331554532 ], [ 2232499.674681549426168, 2544818.044138287659734 ], [ 2232449.710095666348934, 2544818.044138287659734 ], [ 2232449.710095666348934, 2544868.008958244230598 ], [ 2232449.710095666348934, 2544917.973778200335801 ], [ 2232449.710095666348934, 2544967.937557070981711 ], [ 2232499.674681549426168, 2544967.937557070981711 ], [ 2232499.674681549426168, 2545017.902377027086914 ], [ 2232549.640308513306081, 2545017.902377027086914 ], [ 2232549.640308513306081, 2545067.867196983192116 ], [ 2232599.604894396383315, 2545067.867196983192116 ], [ 2232599.604894396383315, 2545117.830975853838027 ], [ 2232549.640308513306081, 2545117.830975853838027 ], [ 2232499.674681549426168, 2545117.830975853838027 ], [ 2232449.710095666348934, 2545117.830975853838027 ], [ 2232449.710095666348934, 2545167.79579581040889 ], [ 2232449.710095666348934, 2545217.760615766514093 ], [ 2232449.710095666348934, 2545267.725435722619295 ], [ 2232449.710095666348934, 2545317.689214593265206 ], [ 2232449.710095666348934, 2545367.654034549836069 ], [ 2232399.7455097832717, 2545367.654034549836069 ], [ 2232399.7455097832717, 2545417.618854505941272 ], [ 2232399.7455097832717, 2545467.583674462046474 ], [ 2232349.780923900194466, 2545467.583674462046474 ], [ 2232349.780923900194466, 2545517.547453332692385 ], [ 2232349.780923900194466, 2545567.512273288797587 ], [ 2232399.7455097832717, 2545567.512273288797587 ], [ 2232449.710095666348934, 2545617.477093245368451 ], [ 2232499.674681549426168, 2545617.477093245368451 ], [ 2232549.640308513306081, 2545617.477093245368451 ], [ 2232599.604894396383315, 2545617.477093245368451 ], [ 2232599.604894396383315, 2545567.512273288797587 ], [ 2232649.569480279460549, 2545617.477093245368451 ], [ 2232699.534066162537783, 2545617.477093245368451 ], [ 2232699.534066162537783, 2545667.440872116014361 ], [ 2232649.569480279460549, 2545667.440872116014361 ], [ 2232599.604894396383315, 2545667.440872116014361 ], [ 2232599.604894396383315, 2545717.405692072119564 ], [ 2232549.640308513306081, 2545717.405692072119564 ], [ 2232549.640308513306081, 2545767.370512028224766 ], [ 2232499.674681549426168, 2545767.370512028224766 ], [ 2232499.674681549426168, 2545817.33533198479563 ], [ 2232449.710095666348934, 2545817.33533198479563 ], [ 2232449.710095666348934, 2545867.29911085544154 ], [ 2232399.7455097832717, 2545867.29911085544154 ], [ 2232399.7455097832717, 2545917.263930811546743 ], [ 2232399.7455097832717, 2545967.228750767651945 ], [ 2232449.710095666348934, 2545967.228750767651945 ], [ 2232449.710095666348934, 2546017.193570723757148 ], [ 2232499.674681549426168, 2546017.193570723757148 ], [ 2232499.674681549426168, 2546067.157349594403058 ], [ 2232499.674681549426168, 2546117.122169550973922 ], [ 2232549.640308513306081, 2546117.122169550973922 ], [ 2232549.640308513306081, 2546167.086989507079124 ], [ 2232549.640308513306081, 2546217.051809463184327 ], [ 2232599.604894396383315, 2546217.051809463184327 ], [ 2232599.604894396383315, 2546267.015588333830237 ], [ 2232599.604894396383315, 2546316.980408290401101 ], [ 2232599.604894396383315, 2546366.945228246506304 ], [ 2232599.604894396383315, 2546416.909007117152214 ], [ 2232599.604894396383315, 2546466.873827073257416 ], [ 2232649.569480279460549, 2546466.873827073257416 ], [ 2232649.569480279460549, 2546516.838647029362619 ], [ 2232649.569480279460549, 2546566.803466985933483 ], [ 2232649.569480279460549, 2546616.767245856579393 ], [ 2232699.534066162537783, 2546666.732065812684596 ], [ 2232649.569480279460549, 2546666.732065812684596 ], [ 2232699.534066162537783, 2546716.696885768789798 ], [ 2232649.569480279460549, 2546716.696885768789798 ], [ 2232649.569480279460549, 2546766.661705725360662 ], [ 2232649.569480279460549, 2546816.625484596006572 ], [ 2232649.569480279460549, 2546866.590304552111775 ], [ 2232599.604894396383315, 2546866.590304552111775 ], [ 2232599.604894396383315, 2546916.555124508216977 ], [ 2232549.640308513306081, 2546916.555124508216977 ], [ 2232499.674681549426168, 2546916.555124508216977 ], [ 2232549.640308513306081, 2546966.51994446432218 ], [ 2232599.604894396383315, 2547016.48372333496809 ], [ 2232649.569480279460549, 2547016.48372333496809 ], [ 2232699.534066162537783, 2547016.48372333496809 ], [ 2232699.534066162537783, 2546966.51994446432218 ], [ 2232749.498652045615017, 2546966.51994446432218 ], [ 2232799.464279009494931, 2546966.51994446432218 ], [ 2232799.464279009494931, 2547016.48372333496809 ], [ 2232849.428864892572165, 2547016.48372333496809 ], [ 2232849.428864892572165, 2547066.448543291538954 ], [ 2232849.428864892572165, 2547116.413363247644156 ], [ 2232849.428864892572165, 2547166.377142118290067 ], [ 2232799.464279009494931, 2547266.306782030966133 ], [ 2232799.464279009494931, 2547316.271601987071335 ], [ 2232749.498652045615017, 2547316.271601987071335 ], [ 2232749.498652045615017, 2547366.235380857717246 ], [ 2232749.498652045615017, 2547416.200200813822448 ], [ 2232799.464279009494931, 2547416.200200813822448 ], [ 2232849.428864892572165, 2547416.200200813822448 ], [ 2232849.428864892572165, 2547366.235380857717246 ], [ 2232949.358036658726633, 2547366.235380857717246 ], [ 2232999.322622541338205, 2547366.235380857717246 ], [ 2232999.322622541338205, 2547316.271601987071335 ], [ 2233049.288249505218118, 2547316.271601987071335 ], [ 2233099.252835388295352, 2547316.271601987071335 ], [ 2233149.217421271372586, 2547266.306782030966133 ], [ 2233199.182007154449821, 2547266.306782030966133 ], [ 2233199.182007154449821, 2547316.271601987071335 ], [ 2233249.146593037527055, 2547316.271601987071335 ], [ 2233249.146593037527055, 2547366.235380857717246 ], [ 2233199.182007154449821, 2547366.235380857717246 ], [ 2233199.182007154449821, 2547416.200200813822448 ], [ 2233199.182007154449821, 2547466.165020769927651 ], [ 2233199.182007154449821, 2547516.129840726498514 ], [ 2233199.182007154449821, 2547566.093619597144425 ], [ 2233199.182007154449821, 2547616.058439553249627 ], [ 2233249.146593037527055, 2547616.058439553249627 ], [ 2233299.111178920604289, 2547616.058439553249627 ], [ 2233349.076805884484202, 2547616.058439553249627 ], [ 2233349.076805884484202, 2547666.02325950935483 ], [ 2233498.970563533715904, 2547715.98703838000074 ], [ 2233548.935149416793138, 2547715.98703838000074 ], [ 2233598.90077638020739, 2547765.951858336571604 ], [ 2233648.865362263284624, 2547765.951858336571604 ], [ 2233648.865362263284624, 2547815.916678292676806 ], [ 2233698.829948146361858, 2547815.916678292676806 ], [ 2233698.829948146361858, 2547865.881498248782009 ], [ 2233648.865362263284624, 2547865.881498248782009 ], [ 2233598.90077638020739, 2547865.881498248782009 ], [ 2233598.90077638020739, 2547915.845277119427919 ], [ 2233548.935149416793138, 2547915.845277119427919 ], [ 2233548.935149416793138, 2547965.810097075533122 ], [ 2233498.970563533715904, 2547965.810097075533122 ], [ 2233498.970563533715904, 2548015.774917032103986 ], [ 2233498.970563533715904, 2548065.739736988209188 ], [ 2233498.970563533715904, 2548115.703515858855098 ], [ 2233449.00597765063867, 2548115.703515858855098 ], [ 2233449.00597765063867, 2548165.668335814960301 ], [ 2233399.041391767561436, 2548165.668335814960301 ], [ 2233399.041391767561436, 2548215.633155771531165 ], [ 2233399.041391767561436, 2548265.597975727636367 ], [ 2233449.00597765063867, 2548265.597975727636367 ], [ 2233449.00597765063867, 2548315.561754598282278 ], [ 2233449.00597765063867, 2548365.52657455438748 ], [ 2233449.00597765063867, 2548415.491394510492682 ], [ 2233498.970563533715904, 2548415.491394510492682 ], [ 2233498.970563533715904, 2548465.455173381604254 ], [ 2233548.935149416793138, 2548465.455173381604254 ], [ 2233598.90077638020739, 2548465.455173381604254 ], [ 2233598.90077638020739, 2548515.419993337709457 ], [ 2233648.865362263284624, 2548515.419993337709457 ], [ 2233698.829948146361858, 2548565.384813293814659 ], [ 2233698.829948146361858, 2548615.349633249919862 ], [ 2233748.794534029439092, 2548615.349633249919862 ], [ 2233698.829948146361858, 2548615.349633249919862 ], [ 2233748.794534029439092, 2548615.349633249919862 ], [ 2233698.829948146361858, 2548615.349633249919862 ], [ 2233748.794534029439092, 2548615.349633249919862 ], [ 2233748.794534029439092, 2548665.313412120565772 ], [ 2233698.829948146361858, 2548665.313412120565772 ], [ 2233748.794534029439092, 2548715.278232077136636 ], [ 2233748.794534029439092, 2548765.243052033241838 ], [ 2233748.794534029439092, 2548815.207871989347041 ], [ 2233798.759119912516326, 2548815.207871989347041 ], [ 2233798.759119912516326, 2548865.171650859992951 ], [ 2233848.724746876396239, 2548865.171650859992951 ], [ 2233898.689332759473473, 2548865.171650859992951 ], [ 2233898.689332759473473, 2548915.136470816563815 ], [ 2233948.653918642550707, 2548915.136470816563815 ], [ 2233948.653918642550707, 2548965.101290772669017 ], [ 2233948.653918642550707, 2549015.06611072877422 ], [ 2233898.689332759473473, 2549015.06611072877422 ], [ 2233898.689332759473473, 2549065.02988959942013 ], [ 2233898.689332759473473, 2549114.994709555525333 ], [ 2233898.689332759473473, 2549164.959529512096196 ], [ 2233898.689332759473473, 2549214.923308382742107 ], [ 2233948.653918642550707, 2549214.923308382742107 ], [ 2233948.653918642550707, 2549264.888128338847309 ], [ 2233948.653918642550707, 2549314.852948294952512 ], [ 2233998.618504525627941, 2549314.852948294952512 ], [ 2233998.618504525627941, 2549364.817768251523376 ], [ 2234048.583090408705175, 2549364.817768251523376 ], [ 2234098.547676291782409, 2549364.817768251523376 ], [ 2234098.547676291782409, 2549414.781547122169286 ], [ 2234098.547676291782409, 2549464.746367078274488 ], [ 2234048.583090408705175, 2549464.746367078274488 ], [ 2234048.583090408705175, 2549414.781547122169286 ], [ 2234048.583090408705175, 2549464.746367078274488 ], [ 2233998.618504525627941, 2549464.746367078274488 ], [ 2233998.618504525627941, 2549514.711187034379691 ], [ 2233998.618504525627941, 2549564.676006990484893 ], [ 2234048.583090408705175, 2549564.676006990484893 ], [ 2234048.583090408705175, 2549614.639785861130804 ], [ 2234048.583090408705175, 2549664.604605817701668 ], [ 2234048.583090408705175, 2549714.56942577380687 ], [ 2233998.618504525627941, 2549714.56942577380687 ], [ 2233998.618504525627941, 2549764.53320464445278 ], [ 2233948.653918642550707, 2549764.53320464445278 ], [ 2233898.689332759473473, 2549764.53320464445278 ], [ 2233898.689332759473473, 2549814.498024600557983 ], [ 2233848.724746876396239, 2549814.498024600557983 ], [ 2233848.724746876396239, 2549864.462844557128847 ], [ 2233798.759119912516326, 2549864.462844557128847 ], [ 2233798.759119912516326, 2549914.427664513234049 ], [ 2233848.724746876396239, 2549914.427664513234049 ], [ 2233898.689332759473473, 2549964.39144338387996 ], [ 2233898.689332759473473, 2549914.427664513234049 ], [ 2233898.689332759473473, 2549964.39144338387996 ], [ 2233948.653918642550707, 2549964.39144338387996 ], [ 2233998.618504525627941, 2549964.39144338387996 ], [ 2234048.583090408705175, 2549964.39144338387996 ], [ 2234048.583090408705175, 2550014.356263339985162 ], [ 2234048.583090408705175, 2550064.321083296090364 ], [ 2234048.583090408705175, 2550114.285903252661228 ], [ 2233998.618504525627941, 2550114.285903252661228 ], [ 2233948.653918642550707, 2550114.285903252661228 ], [ 2233948.653918642550707, 2550164.249682123307139 ], [ 2233898.689332759473473, 2550164.249682123307139 ], [ 2233898.689332759473473, 2550214.214502079412341 ], [ 2233848.724746876396239, 2550214.214502079412341 ], [ 2233848.724746876396239, 2550264.179322035517544 ], [ 2233798.759119912516326, 2550264.179322035517544 ], [ 2233798.759119912516326, 2550314.144141992088407 ], [ 2233798.759119912516326, 2550364.107920862734318 ], [ 2233748.794534029439092, 2550364.107920862734318 ], [ 2233698.829948146361858, 2550364.107920862734318 ], [ 2233648.865362263284624, 2550364.107920862734318 ], [ 2233598.90077638020739, 2550364.107920862734318 ], [ 2233548.935149416793138, 2550364.107920862734318 ], [ 2233548.935149416793138, 2550414.07274081883952 ], [ 2233498.970563533715904, 2550414.07274081883952 ], [ 2233449.00597765063867, 2550414.07274081883952 ], [ 2233449.00597765063867, 2550464.037560774944723 ], [ 2233449.00597765063867, 2550514.001339645590633 ], [ 2233399.041391767561436, 2550514.001339645590633 ], [ 2233399.041391767561436, 2550563.966159601695836 ], [ 2233349.076805884484202, 2550563.966159601695836 ], [ 2233349.076805884484202, 2550613.930979558266699 ], [ 2233299.111178920604289, 2550613.930979558266699 ], [ 2233299.111178920604289, 2550663.895799514371902 ], [ 2233249.146593037527055, 2550663.895799514371902 ], [ 2233249.146593037527055, 2550713.859578385017812 ], [ 2233299.111178920604289, 2550763.824398341123015 ], [ 2233299.111178920604289, 2550813.789218297693878 ], [ 2233299.111178920604289, 2550863.754038253799081 ], [ 2233349.076805884484202, 2550863.754038253799081 ], [ 2233349.076805884484202, 2550913.717817124444991 ], [ 2233299.111178920604289, 2550913.717817124444991 ], [ 2233249.146593037527055, 2550913.717817124444991 ], [ 2233249.146593037527055, 2550963.682637080550194 ], [ 2233199.182007154449821, 2550963.682637080550194 ], [ 2233149.217421271372586, 2550963.682637080550194 ], [ 2233149.217421271372586, 2551013.647457036655396 ], [ 2233099.252835388295352, 2551013.647457036655396 ], [ 2233049.288249505218118, 2551063.61227699322626 ], [ 2232999.322622541338205, 2551063.61227699322626 ], [ 2232949.358036658726633, 2551063.61227699322626 ], [ 2232949.358036658726633, 2551113.57605586387217 ], [ 2232899.393450775649399, 2551113.57605586387217 ], [ 2232899.393450775649399, 2551163.540875819977373 ], [ 2232949.358036658726633, 2551163.540875819977373 ], [ 2232949.358036658726633, 2551213.505695776082575 ], [ 2232999.322622541338205, 2551263.469474646728486 ], [ 2232999.322622541338205, 2551313.43429460329935 ], [ 2232999.322622541338205, 2551363.399114559404552 ], [ 2232999.322622541338205, 2551413.363934515509754 ], [ 2232999.322622541338205, 2551463.327713386155665 ], [ 2232999.322622541338205, 2551513.292533342260867 ], [ 2232999.322622541338205, 2551563.257353298831731 ], [ 2232999.322622541338205, 2551613.222173254936934 ], [ 2232949.358036658726633, 2551613.222173254936934 ], [ 2232949.358036658726633, 2551663.185952125582844 ], [ 2232899.393450775649399, 2551663.185952125582844 ], [ 2232849.428864892572165, 2551663.185952125582844 ], [ 2232849.428864892572165, 2551613.222173254936934 ], [ 2232849.428864892572165, 2551563.257353298831731 ], [ 2232799.464279009494931, 2551563.257353298831731 ], [ 2232799.464279009494931, 2551513.292533342260867 ], [ 2232799.464279009494931, 2551463.327713386155665 ], [ 2232799.464279009494931, 2551413.363934515509754 ], [ 2232749.498652045615017, 2551413.363934515509754 ], [ 2232749.498652045615017, 2551363.399114559404552 ], [ 2232699.534066162537783, 2551363.399114559404552 ], [ 2232699.534066162537783, 2551413.363934515509754 ], [ 2232699.534066162537783, 2551463.327713386155665 ], [ 2232749.498652045615017, 2551463.327713386155665 ], [ 2232749.498652045615017, 2551513.292533342260867 ], [ 2232749.498652045615017, 2551563.257353298831731 ], [ 2232749.498652045615017, 2551613.222173254936934 ], [ 2232749.498652045615017, 2551663.185952125582844 ], [ 2232749.498652045615017, 2551713.150772081688046 ], [ 2232799.464279009494931, 2551763.11559203825891 ], [ 2232799.464279009494931, 2551813.079370908904821 ], [ 2232799.464279009494931, 2551863.044190865010023 ], [ 2232849.428864892572165, 2551863.044190865010023 ], [ 2232849.428864892572165, 2551913.009010821115226 ], [ 2232899.393450775649399, 2551913.009010821115226 ], [ 2232899.393450775649399, 2551962.973830777220428 ], [ 2232949.358036658726633, 2551962.973830777220428 ], [ 2232999.322622541338205, 2551962.973830777220428 ], [ 2233049.288249505218118, 2551962.973830777220428 ], [ 2233049.288249505218118, 2552012.937609647866338 ], [ 2233099.252835388295352, 2552012.937609647866338 ], [ 2233149.217421271372586, 2552012.937609647866338 ], [ 2233349.076805884484202, 2552012.937609647866338 ], [ 2233798.759119912516326, 2552062.902429604437202 ], [ 2233848.724746876396239, 2552062.902429604437202 ], [ 2234298.407060904894024, 2552062.902429604437202 ], [ 2234398.33727375138551, 2552062.902429604437202 ], [ 2236147.104026142973453, 2552162.832069516647607 ], [ 2236296.998824872542173, 2552162.832069516647607 ], [ 2236996.505109397228807, 2552162.832069516647607 ], [ 2237296.293665776029229, 2552212.795848387293518 ], [ 2237346.259292739909142, 2552212.795848387293518 ], [ 2237396.223878622986376, 2552212.795848387293518 ], [ 2237646.047849118709564, 2551913.009010821115226 ], [ 2237696.012435001786798, 2551913.009010821115226 ], [ 2237745.977020884864032, 2551962.973830777220428 ], [ 2237795.941606767941266, 2552012.937609647866338 ], [ 2237845.9061926510185, 2552062.902429604437202 ], [ 2237995.800991381052881, 2552212.795848387293518 ], [ 2237995.800991381052881, 2552262.760668343864381 ], [ 2238045.765577264130116, 2552262.760668343864381 ], [ 2238095.73016314720735, 2552262.760668343864381 ], [ 2239144.990631014108658, 2552262.760668343864381 ], [ 2240194.251098881475627, 2552312.725488299969584 ], [ 2240244.215684764552861, 2552162.832069516647607 ], [ 2241843.088679506443441, 2552212.795848387293518 ], [ 2241893.054306470323354, 2552212.795848387293518 ], [ 2241893.054306470323354, 2552362.690308256074786 ], [ 2242692.490803841501474, 2552412.654087126720697 ], [ 2244890.94091134192422, 2552462.618907082825899 ], [ 2245140.764881837647408, 2552512.583727039396763 ], [ 2246339.91910735424608, 2552512.583727039396763 ], [ 2246339.91910735424608, 2552562.547505910042673 ], [ 2246190.025349705014378, 2553112.158443257212639 ], [ 2245990.165965091902763, 2553611.80351956281811 ], [ 2245990.165965091902763, 2553711.732118390034884 ], [ 2245940.201379208825529, 2554211.378235781099647 ], [ 2245940.201379208825529, 2555060.774969608988613 ], [ 2246040.130550974979997, 2555060.774969608988613 ], [ 2245990.165965091902763, 2557009.39253704668954 ], [ 2245940.201379208825529, 2559157.867302137892693 ], [ 2246589.743077849969268, 2559207.832122093997896 ], [ 2246639.707663733046502, 2559207.832122093997896 ], [ 2246689.673290696926415, 2559207.832122093997896 ], [ 2246739.637876580003649, 2559157.867302137892693 ], [ 2246789.602462463080883, 2559157.867302137892693 ], [ 2246839.567048346158117, 2559157.867302137892693 ], [ 2246889.531634229235351, 2559157.867302137892693 ], [ 2248338.51087132235989, 2558808.115644615143538 ], [ 2248838.158812314271927, 2558708.186004702933133 ], [ 2249487.700510955415666, 2558708.186004702933133 ], [ 2251286.432890310417861, 2558808.115644615143538 ], [ 2251436.326647959649563, 2558808.115644615143538 ], [ 2251586.221446689683944, 2558808.115644615143538 ], [ 2251686.150618455838412, 2558808.115644615143538 ], [ 2252185.798559447750449, 2558708.186004702933133 ], [ 2252935.270470935851336, 2558558.292585919611156 ], [ 2253035.199642702005804, 2558558.292585919611156 ], [ 2253634.777796540874988, 2558558.292585919611156 ], [ 2253934.56635291967541, 2558558.292585919611156 ], [ 2254584.108051560819149, 2558608.257405875716358 ], [ 2254883.896607940085232, 2558608.257405875716358 ], [ 2255033.791406670119613, 2558608.257405875716358 ], [ 2255133.72057843580842, 2558608.257405875716358 ], [ 2255183.685164318885654, 2558608.257405875716358 ], [ 2255233.649750201962888, 2558608.257405875716358 ], [ 2255533.439347662031651, 2558658.222225832287222 ], [ 2255683.333105311263353, 2558658.222225832287222 ], [ 2255733.297691194340587, 2558658.222225832287222 ], [ 2255883.192489923909307, 2558658.222225832287222 ], [ 2256532.734188565053046, 2558658.222225832287222 ], [ 2256632.664401412010193, 2558658.222225832287222 ], [ 2256832.522744944319129, 2558658.222225832287222 ], [ 2256932.452957791276276, 2558658.222225832287222 ], [ 2257032.382129557430744, 2558658.222225832287222 ], [ 2257082.346715440507978, 2558658.222225832287222 ], [ 2257182.276928286999464, 2558658.222225832287222 ], [ 2257731.889455162454396, 2558658.222225832287222 ], [ 2257981.713425658177584, 2558658.222225832287222 ], [ 2258081.642597424332052, 2558658.222225832287222 ], [ 2258281.501982037443668, 2558708.186004702933133 ], [ 2258581.29053841624409, 2558708.186004702933133 ], [ 2258681.219710182398558, 2558708.186004702933133 ], [ 2258731.185337146278471, 2558758.150824659038335 ], [ 2258781.149923029355705, 2558758.150824659038335 ], [ 2258831.114508912432939, 2558758.150824659038335 ], [ 2260180.16353315860033, 2558758.150824659038335 ], [ 2260230.128119041677564, 2558758.150824659038335 ], [ 2260280.092704924754798, 2558758.150824659038335 ], [ 2260330.058331888634712, 2558758.150824659038335 ], [ 2260380.022917771711946, 2558758.150824659038335 ], [ 2260429.98750365478918, 2558758.150824659038335 ], [ 2260479.952089537866414, 2558758.150824659038335 ], [ 2260579.88126130355522, 2558758.150824659038335 ], [ 2260679.811474150512367, 2558708.186004702933133 ], [ 2260729.776060033589602, 2558708.186004702933133 ], [ 2260779.740645916666836, 2558758.150824659038335 ], [ 2260879.670858763623983, 2558758.150824659038335 ], [ 2261029.564616412855685, 2558808.115644615143538 ], [ 2261079.529202295932919, 2558808.115644615143538 ], [ 2261229.424001025501639, 2558808.115644615143538 ], [ 2261529.212557404767722, 2558808.115644615143538 ], [ 2261629.14172917092219, 2558808.115644615143538 ], [ 2261679.107356134802103, 2558808.115644615143538 ], [ 2261729.071942017879337, 2558808.115644615143538 ], [ 2261779.036527900956571, 2558808.115644615143538 ], [ 2261829.001113784033805, 2558758.150824659038335 ], [ 2261878.965699666645378, 2558758.150824659038335 ], [ 2261928.931326630525291, 2558708.186004702933133 ], [ 2261978.895912513602525, 2558658.222225832287222 ], [ 2261978.895912513602525, 2558608.257405875716358 ], [ 2262028.860498396679759, 2558558.292585919611156 ], [ 2262228.719883009791374, 2558308.470568309538066 ], [ 2262478.543853505514562, 2557958.717869701329619 ], [ 2262478.543853505514562, 2557908.754090830683708 ], [ 2262528.508439388591796, 2557908.754090830683708 ], [ 2262578.47302527166903, 2557858.789270874578506 ], [ 2262628.437611154746264, 2557808.824450918473303 ], [ 2262678.402197037823498, 2557808.824450918473303 ], [ 2262728.367824001703411, 2557808.824450918473303 ], [ 2262928.226167534012347, 2557808.824450918473303 ], [ 2263277.980350876692683, 2557858.789270874578506 ], [ 2264327.239777663256973, 2557858.789270874578506 ], [ 2265076.711689151357859, 2557908.754090830683708 ], [ 2265126.676275034435093, 2557858.789270874578506 ], [ 2265176.641901997849345, 2557858.789270874578506 ], [ 2265226.606487880926579, 2557858.789270874578506 ], [ 2265276.571073764003813, 2557858.789270874578506 ], [ 2265326.535659647081047, 2557908.754090830683708 ], [ 2265376.500245530158281, 2557908.754090830683708 ], [ 2266076.007571135181934, 2557908.754090830683708 ], [ 2266625.620098010171205, 2557908.754090830683708 ], [ 2266975.373240272514522, 2557958.717869701329619 ], [ 2267175.232624885626137, 2557958.717869701329619 ], [ 2267325.127423615194857, 2557958.717869701329619 ], [ 2267375.092009498272091, 2557958.717869701329619 ], [ 2267375.092009498272091, 2557908.754090830683708 ], [ 2267425.056595381349325, 2557858.789270874578506 ], [ 2267375.092009498272091, 2557858.789270874578506 ], [ 2267375.092009498272091, 2557808.824450918473303 ], [ 2267325.127423615194857, 2557808.824450918473303 ], [ 2267325.127423615194857, 2557758.860672047827393 ], [ 2267275.162837732117623, 2557708.89585209172219 ], [ 2267225.197210768703371, 2557708.89585209172219 ], [ 2267175.232624885626137, 2557708.89585209172219 ], [ 2267175.232624885626137, 2557658.931032135151327 ], [ 2267125.268039002548903, 2557658.931032135151327 ], [ 2267125.268039002548903, 2557608.966212179046124 ], [ 2267075.303453119471669, 2557608.966212179046124 ], [ 2267075.303453119471669, 2557559.002433308400214 ], [ 2267125.268039002548903, 2557509.037613352295011 ], [ 2267175.232624885626137, 2557509.037613352295011 ], [ 2267175.232624885626137, 2557459.072793395724148 ], [ 2267175.232624885626137, 2557409.107973439618945 ], [ 2267125.268039002548903, 2557409.107973439618945 ], [ 2267125.268039002548903, 2557359.144194568973035 ], [ 2267075.303453119471669, 2557359.144194568973035 ], [ 2267075.303453119471669, 2557309.179374612867832 ], [ 2267075.303453119471669, 2557259.21455465676263 ], [ 2267025.338867236394435, 2557259.21455465676263 ], [ 2267025.338867236394435, 2557209.250775786116719 ], [ 2267025.338867236394435, 2557159.285955829545856 ], [ 2266975.373240272514522, 2557159.285955829545856 ], [ 2266975.373240272514522, 2557109.321135873440653 ], [ 2266925.408654389437288, 2557109.321135873440653 ], [ 2266875.444068506360054, 2557109.321135873440653 ], [ 2266825.47948262328282, 2557059.356315917335451 ], [ 2266825.47948262328282, 2557009.39253704668954 ], [ 2266775.514896740205586, 2557009.39253704668954 ], [ 2266775.514896740205586, 2556959.427717090118676 ], [ 2266725.549269776325673, 2557009.39253704668954 ], [ 2266725.549269776325673, 2556959.427717090118676 ], [ 2266675.584683893248439, 2556959.427717090118676 ], [ 2266675.584683893248439, 2556909.462897134013474 ], [ 2266675.584683893248439, 2556859.498077177908272 ], [ 2266725.549269776325673, 2556859.498077177908272 ], [ 2266725.549269776325673, 2556809.534298307262361 ], [ 2266775.514896740205586, 2556809.534298307262361 ], [ 2266775.514896740205586, 2556759.569478351157159 ], [ 2266825.47948262328282, 2556759.569478351157159 ], [ 2266775.514896740205586, 2556759.569478351157159 ], [ 2266825.47948262328282, 2556759.569478351157159 ], [ 2266825.47948262328282, 2556709.604658394586295 ], [ 2266875.444068506360054, 2556709.604658394586295 ], [ 2266875.444068506360054, 2556659.639838438481092 ], [ 2266875.444068506360054, 2556609.676059567835182 ], [ 2266925.408654389437288, 2556559.71123961172998 ], [ 2266875.444068506360054, 2556559.71123961172998 ], [ 2266875.444068506360054, 2556509.746419655159116 ], [ 2266925.408654389437288, 2556509.746419655159116 ], [ 2266875.444068506360054, 2556509.746419655159116 ], [ 2266925.408654389437288, 2556509.746419655159116 ], [ 2266925.408654389437288, 2556459.782640784513205 ], [ 2266925.408654389437288, 2556409.817820828408003 ], [ 2266925.408654389437288, 2556359.8530008723028 ], [ 2266975.373240272514522, 2556359.8530008723028 ], [ 2266975.373240272514522, 2556309.888180916197598 ], [ 2267025.338867236394435, 2556309.888180916197598 ], [ 2267025.338867236394435, 2556259.924402045551687 ], [ 2267025.338867236394435, 2556209.959582088980824 ], [ 2267075.303453119471669, 2556209.959582088980824 ], [ 2267075.303453119471669, 2556159.994762132875621 ], [ 2267125.268039002548903, 2556159.994762132875621 ], [ 2267125.268039002548903, 2556110.029942176770419 ], [ 2267175.232624885626137, 2556110.029942176770419 ], [ 2267175.232624885626137, 2556060.066163306124508 ], [ 2267175.232624885626137, 2556010.101343349553645 ], [ 2267175.232624885626137, 2555960.136523393448442 ], [ 2267125.268039002548903, 2555960.136523393448442 ], [ 2267075.303453119471669, 2555960.136523393448442 ], [ 2267075.303453119471669, 2555910.17170343734324 ], [ 2267025.338867236394435, 2555910.17170343734324 ], [ 2267025.338867236394435, 2555860.207924566697329 ], [ 2266975.373240272514522, 2555860.207924566697329 ], [ 2266975.373240272514522, 2555810.243104610592127 ], [ 2266925.408654389437288, 2555810.243104610592127 ], [ 2266925.408654389437288, 2555760.278284654021263 ], [ 2266925.408654389437288, 2555710.314505783375353 ], [ 2266925.408654389437288, 2555660.34968582727015 ], [ 2266925.408654389437288, 2555610.384865871164948 ], [ 2266925.408654389437288, 2555560.420045914594084 ], [ 2266875.444068506360054, 2555560.420045914594084 ], [ 2266875.444068506360054, 2555510.456267043948174 ], [ 2266875.444068506360054, 2555460.491447087842971 ], [ 2266825.47948262328282, 2555410.526627131737769 ], [ 2266825.47948262328282, 2555360.561807175632566 ], [ 2266825.47948262328282, 2555310.598028304986656 ], [ 2266825.47948262328282, 2555260.633208348415792 ], [ 2266875.444068506360054, 2555260.633208348415792 ], [ 2266875.444068506360054, 2555210.66838839231059 ], [ 2266925.408654389437288, 2555210.66838839231059 ], [ 2266975.373240272514522, 2555210.66838839231059 ], [ 2267025.338867236394435, 2555210.66838839231059 ], [ 2267025.338867236394435, 2555160.704609521664679 ], [ 2267025.338867236394435, 2555110.739789565559477 ], [ 2267075.303453119471669, 2555110.739789565559477 ], [ 2267075.303453119471669, 2555060.774969608988613 ], [ 2267025.338867236394435, 2555060.774969608988613 ], [ 2267025.338867236394435, 2555010.81014965288341 ], [ 2267025.338867236394435, 2554960.8463707822375 ], [ 2267025.338867236394435, 2554910.881550826132298 ], [ 2267025.338867236394435, 2554860.916730870027095 ], [ 2266975.373240272514522, 2554860.916730870027095 ], [ 2266975.373240272514522, 2554810.951910913456231 ], [ 2266975.373240272514522, 2554760.988132042810321 ], [ 2266975.373240272514522, 2554711.023312086705118 ], [ 2266975.373240272514522, 2554661.058492130599916 ], [ 2266975.373240272514522, 2554611.093672174029052 ], [ 2266925.408654389437288, 2554611.093672174029052 ], [ 2266925.408654389437288, 2554561.129893303383142 ], [ 2266925.408654389437288, 2554511.165073347277939 ], [ 2266925.408654389437288, 2554461.200253391172737 ], [ 2266975.373240272514522, 2554461.200253391172737 ], [ 2267025.338867236394435, 2554461.200253391172737 ], [ 2267075.303453119471669, 2554461.200253391172737 ], [ 2267075.303453119471669, 2554411.236474520526826 ], [ 2267125.268039002548903, 2554411.236474520526826 ], [ 2267125.268039002548903, 2554361.271654564421624 ], [ 2267175.232624885626137, 2554361.271654564421624 ], [ 2267225.197210768703371, 2554361.271654564421624 ], [ 2267275.162837732117623, 2554361.271654564421624 ], [ 2267275.162837732117623, 2554311.30683460785076 ], [ 2267275.162837732117623, 2554261.342014651745558 ], [ 2267225.197210768703371, 2554261.342014651745558 ], [ 2267175.232624885626137, 2554261.342014651745558 ], [ 2267175.232624885626137, 2554211.378235781099647 ], [ 2267125.268039002548903, 2554161.413415824994445 ], [ 2267075.303453119471669, 2554161.413415824994445 ], [ 2267075.303453119471669, 2554111.448595868423581 ], [ 2267075.303453119471669, 2554061.483775912318379 ], [ 2267075.303453119471669, 2553961.555177085567266 ], [ 2267125.268039002548903, 2553861.6255371728912 ], [ 2267125.268039002548903, 2553761.696938346140087 ], [ 2267075.303453119471669, 2553711.732118390034884 ], [ 2267025.338867236394435, 2553661.768339519388974 ], [ 2267025.338867236394435, 2553611.80351956281811 ], [ 2267075.303453119471669, 2553561.838699606712908 ], [ 2267075.303453119471669, 2553511.873879650607705 ], [ 2267075.303453119471669, 2553461.910100779961795 ], [ 2267075.303453119471669, 2553411.945280823390931 ], [ 2267125.268039002548903, 2553411.945280823390931 ], [ 2267125.268039002548903, 2553361.980460867285728 ], [ 2267125.268039002548903, 2553312.015640911180526 ], [ 2267125.268039002548903, 2553262.051862040534616 ], [ 2267175.232624885626137, 2553262.051862040534616 ], [ 2267175.232624885626137, 2553212.087042084429413 ], [ 2267175.232624885626137, 2553162.122222127858549 ], [ 2267225.197210768703371, 2553162.122222127858549 ], [ 2267225.197210768703371, 2553112.158443257212639 ], [ 2267225.197210768703371, 2553062.193623301107436 ], [ 2267275.162837732117623, 2553012.228803345002234 ], [ 2267275.162837732117623, 2552962.26398338843137 ], [ 2267275.162837732117623, 2552912.30020451778546 ], [ 2267325.127423615194857, 2552912.30020451778546 ], [ 2267375.092009498272091, 2552912.30020451778546 ], [ 2267375.092009498272091, 2552862.335384561680257 ], [ 2267425.056595381349325, 2552862.335384561680257 ], [ 2267475.021181264426559, 2552862.335384561680257 ], [ 2267475.021181264426559, 2552812.370564605575055 ], [ 2267425.056595381349325, 2552812.370564605575055 ], [ 2267425.056595381349325, 2552762.405744649469852 ], [ 2267375.092009498272091, 2552762.405744649469852 ], [ 2267375.092009498272091, 2552712.441965778823942 ], [ 2267375.092009498272091, 2552662.477145822253078 ], [ 2267375.092009498272091, 2552612.512325866147876 ], [ 2267325.127423615194857, 2552612.512325866147876 ], [ 2267325.127423615194857, 2552562.547505910042673 ], [ 2267275.162837732117623, 2552562.547505910042673 ], [ 2267225.197210768703371, 2552562.547505910042673 ], [ 2267175.232624885626137, 2552562.547505910042673 ], [ 2267175.232624885626137, 2552512.583727039396763 ], [ 2267125.268039002548903, 2552512.583727039396763 ], [ 2267125.268039002548903, 2552462.618907082825899 ], [ 2267075.303453119471669, 2552462.618907082825899 ], [ 2267025.338867236394435, 2552462.618907082825899 ], [ 2266975.373240272514522, 2552412.654087126720697 ], [ 2267025.338867236394435, 2552362.690308256074786 ], [ 2267075.303453119471669, 2552362.690308256074786 ], [ 2267075.303453119471669, 2552312.725488299969584 ] ] } },
{ "type": "Feature", "properties": { }, "geometry": { "type": "LineString", "coordinates": [ [ 2267075.303453119471669, 2552312.725488299969584 ], [ 2267125.268039002548903, 2552262.760668343864381 ], [ 2267125.268039002548903, 2552212.795848387293518 ], [ 2267075.303453119471669, 2552162.832069516647607 ], [ 2267025.338867236394435, 2552112.867249560542405 ], [ 2266975.373240272514522, 2552112.867249560542405 ], [ 2266925.408654389437288, 2552112.867249560542405 ], [ 2266875.444068506360054, 2552112.867249560542405 ], [ 2266825.47948262328282, 2552112.867249560542405 ], [ 2266825.47948262328282, 2552062.902429604437202 ], [ 2266775.514896740205586, 2552062.902429604437202 ], [ 2266775.514896740205586, 2552012.937609647866338 ], [ 2266775.514896740205586, 2551962.973830777220428 ], [ 2266775.514896740205586, 2551913.009010821115226 ], [ 2266725.549269776325673, 2551913.009010821115226 ], [ 2266775.514896740205586, 2551913.009010821115226 ], [ 2266775.514896740205586, 2551863.044190865010023 ], [ 2266775.514896740205586, 2551813.079370908904821 ], [ 2266775.514896740205586, 2551763.11559203825891 ], [ 2266725.549269776325673, 2551763.11559203825891 ], [ 2266725.549269776325673, 2551713.150772081688046 ], [ 2266675.584683893248439, 2551713.150772081688046 ], [ 2266675.584683893248439, 2551663.185952125582844 ], [ 2266675.584683893248439, 2551613.222173254936934 ], [ 2266625.620098010171205, 2551613.222173254936934 ], [ 2266625.620098010171205, 2551563.257353298831731 ], [ 2266675.584683893248439, 2551563.257353298831731 ], [ 2266725.549269776325673, 2551563.257353298831731 ], [ 2266725.549269776325673, 2551513.292533342260867 ], [ 2266725.549269776325673, 2551463.327713386155665 ], [ 2266775.514896740205586, 2551413.363934515509754 ], [ 2266775.514896740205586, 2551363.399114559404552 ], [ 2266825.47948262328282, 2551363.399114559404552 ], [ 2266825.47948262328282, 2551313.43429460329935 ], [ 2266825.47948262328282, 2551263.469474646728486 ], [ 2266825.47948262328282, 2551213.505695776082575 ], [ 2266825.47948262328282, 2551163.540875819977373 ], [ 2266825.47948262328282, 2551113.57605586387217 ], [ 2266825.47948262328282, 2551063.61227699322626 ], [ 2266775.514896740205586, 2551013.647457036655396 ], [ 2266725.549269776325673, 2550913.717817124444991 ], [ 2266725.549269776325673, 2550863.754038253799081 ], [ 2266675.584683893248439, 2550813.789218297693878 ], [ 2266675.584683893248439, 2550763.824398341123015 ], [ 2266675.584683893248439, 2550713.859578385017812 ], [ 2266675.584683893248439, 2550663.895799514371902 ], [ 2266725.549269776325673, 2550663.895799514371902 ], [ 2266725.549269776325673, 2550613.930979558266699 ], [ 2266725.549269776325673, 2550563.966159601695836 ], [ 2266725.549269776325673, 2550514.001339645590633 ], [ 2266725.549269776325673, 2550464.037560774944723 ], [ 2266775.514896740205586, 2550464.037560774944723 ], [ 2266775.514896740205586, 2550414.07274081883952 ], [ 2266725.549269776325673, 2550414.07274081883952 ], [ 2266675.584683893248439, 2550364.107920862734318 ], [ 2266625.620098010171205, 2550364.107920862734318 ], [ 2266625.620098010171205, 2550314.144141992088407 ], [ 2266625.620098010171205, 2550214.214502079412341 ], [ 2266625.620098010171205, 2550164.249682123307139 ], [ 2266575.655512127093971, 2550114.285903252661228 ], [ 2266525.690926244016737, 2550014.356263339985162 ], [ 2266475.726340360939503, 2549914.427664513234049 ], [ 2266475.726340360939503, 2549864.462844557128847 ], [ 2266475.726340360939503, 2549814.498024600557983 ], [ 2266475.726340360939503, 2549764.53320464445278 ], [ 2266525.690926244016737, 2549764.53320464445278 ], [ 2266575.655512127093971, 2549764.53320464445278 ], [ 2266575.655512127093971, 2549714.56942577380687 ], [ 2266575.655512127093971, 2549664.604605817701668 ], [ 2266575.655512127093971, 2549614.639785861130804 ], [ 2266575.655512127093971, 2549564.676006990484893 ], [ 2266575.655512127093971, 2549514.711187034379691 ], [ 2266575.655512127093971, 2549464.746367078274488 ], [ 2266575.655512127093971, 2549414.781547122169286 ], [ 2266625.620098010171205, 2549364.817768251523376 ], [ 2266675.584683893248439, 2549364.817768251523376 ], [ 2266675.584683893248439, 2549314.852948294952512 ], [ 2266675.584683893248439, 2549264.888128338847309 ], [ 2266725.549269776325673, 2549214.923308382742107 ], [ 2266775.514896740205586, 2549214.923308382742107 ], [ 2266825.47948262328282, 2549164.959529512096196 ], [ 2266875.444068506360054, 2549164.959529512096196 ], [ 2266875.444068506360054, 2549214.923308382742107 ], [ 2266925.408654389437288, 2549214.923308382742107 ], [ 2266975.373240272514522, 2549214.923308382742107 ], [ 2267025.338867236394435, 2549214.923308382742107 ], [ 2267025.338867236394435, 2549164.959529512096196 ], [ 2267025.338867236394435, 2549065.02988959942013 ], [ 2267025.338867236394435, 2549015.06611072877422 ], [ 2266975.373240272514522, 2548965.101290772669017 ], [ 2266925.408654389437288, 2548915.136470816563815 ], [ 2266925.408654389437288, 2548865.171650859992951 ], [ 2266925.408654389437288, 2548815.207871989347041 ], [ 2266975.373240272514522, 2548815.207871989347041 ], [ 2266975.373240272514522, 2548765.243052033241838 ], [ 2266975.373240272514522, 2548715.278232077136636 ], [ 2266975.373240272514522, 2548665.313412120565772 ], [ 2266975.373240272514522, 2548615.349633249919862 ], [ 2266975.373240272514522, 2548565.384813293814659 ], [ 2266975.373240272514522, 2548515.419993337709457 ], [ 2266925.408654389437288, 2548515.419993337709457 ], [ 2266925.408654389437288, 2548465.455173381604254 ], [ 2266875.444068506360054, 2548415.491394510492682 ], [ 2266875.444068506360054, 2548365.52657455438748 ], [ 2266875.444068506360054, 2548315.561754598282278 ], [ 2266925.408654389437288, 2548265.597975727636367 ], [ 2266925.408654389437288, 2548215.633155771531165 ], [ 2266925.408654389437288, 2548165.668335814960301 ], [ 2266925.408654389437288, 2548115.703515858855098 ], [ 2266925.408654389437288, 2548065.739736988209188 ], [ 2266925.408654389437288, 2548015.774917032103986 ], [ 2266925.408654389437288, 2547965.810097075533122 ], [ 2266875.444068506360054, 2547965.810097075533122 ], [ 2266875.444068506360054, 2547915.845277119427919 ], [ 2266825.47948262328282, 2547865.881498248782009 ], [ 2266825.47948262328282, 2547815.916678292676806 ], [ 2266775.514896740205586, 2547815.916678292676806 ], [ 2266725.549269776325673, 2547815.916678292676806 ], [ 2266725.549269776325673, 2547765.951858336571604 ], [ 2266725.549269776325673, 2547715.98703838000074 ], [ 2266675.584683893248439, 2547715.98703838000074 ], [ 2266675.584683893248439, 2547666.02325950935483 ], [ 2266675.584683893248439, 2547616.058439553249627 ], [ 2266675.584683893248439, 2547566.093619597144425 ], [ 2266675.584683893248439, 2547516.129840726498514 ], [ 2266675.584683893248439, 2547466.165020769927651 ], [ 2266675.584683893248439, 2547416.200200813822448 ], [ 2266675.584683893248439, 2547366.235380857717246 ], [ 2266625.620098010171205, 2547366.235380857717246 ], [ 2266575.655512127093971, 2547366.235380857717246 ], [ 2266575.655512127093971, 2547316.271601987071335 ], [ 2266525.690926244016737, 2547316.271601987071335 ], [ 2266525.690926244016737, 2547266.306782030966133 ], [ 2266575.655512127093971, 2547266.306782030966133 ], [ 2266575.655512127093971, 2547216.341962074395269 ], [ 2266525.690926244016737, 2547166.377142118290067 ], [ 2266475.726340360939503, 2547166.377142118290067 ], [ 2266475.726340360939503, 2547116.413363247644156 ], [ 2266425.760713397525251, 2547116.413363247644156 ], [ 2266425.760713397525251, 2547066.448543291538954 ], [ 2266425.760713397525251, 2547016.48372333496809 ], [ 2266425.760713397525251, 2546966.51994446432218 ], [ 2266425.760713397525251, 2546916.555124508216977 ], [ 2266475.726340360939503, 2546916.555124508216977 ], [ 2266475.726340360939503, 2546866.590304552111775 ], [ 2266475.726340360939503, 2546816.625484596006572 ], [ 2266475.726340360939503, 2546766.661705725360662 ], [ 2266475.726340360939503, 2546716.696885768789798 ], [ 2266475.726340360939503, 2546666.732065812684596 ], [ 2266475.726340360939503, 2546616.767245856579393 ], [ 2266475.726340360939503, 2546566.803466985933483 ], [ 2266425.760713397525251, 2546566.803466985933483 ], [ 2266425.760713397525251, 2546516.838647029362619 ], [ 2266375.796127514448017, 2546516.838647029362619 ], [ 2266375.796127514448017, 2546466.873827073257416 ], [ 2266325.831541631370783, 2546466.873827073257416 ], [ 2266325.831541631370783, 2546416.909007117152214 ], [ 2266325.831541631370783, 2546366.945228246506304 ], [ 2266275.866955748293549, 2546366.945228246506304 ], [ 2266275.866955748293549, 2546316.980408290401101 ], [ 2266275.866955748293549, 2546267.015588333830237 ], [ 2266225.902369865216315, 2546217.051809463184327 ], [ 2266225.902369865216315, 2546167.086989507079124 ], [ 2266225.902369865216315, 2546117.122169550973922 ], [ 2266175.936742901336402, 2546067.157349594403058 ], [ 2266175.936742901336402, 2546017.193570723757148 ], [ 2266175.936742901336402, 2545967.228750767651945 ], [ 2266175.936742901336402, 2545867.29911085544154 ], [ 2266175.936742901336402, 2545817.33533198479563 ], [ 2266175.936742901336402, 2545767.370512028224766 ], [ 2266175.936742901336402, 2545717.405692072119564 ], [ 2266125.972157018259168, 2545667.440872116014361 ], [ 2266125.972157018259168, 2545617.477093245368451 ], [ 2266125.972157018259168, 2545567.512273288797587 ], [ 2266125.972157018259168, 2545517.547453332692385 ], [ 2266125.972157018259168, 2545467.583674462046474 ], [ 2266076.007571135181934, 2545467.583674462046474 ], [ 2266076.007571135181934, 2545417.618854505941272 ], [ 2266076.007571135181934, 2545317.689214593265206 ], [ 2266026.0429852521047, 2545267.725435722619295 ], [ 2265976.078399369027466, 2545217.760615766514093 ], [ 2265976.078399369027466, 2545167.79579581040889 ], [ 2265976.078399369027466, 2545067.867196983192116 ], [ 2265976.078399369027466, 2545017.902377027086914 ], [ 2265976.078399369027466, 2544967.937557070981711 ], [ 2265976.078399369027466, 2544917.973778200335801 ], [ 2265976.078399369027466, 2544868.008958244230598 ], [ 2265926.112772405147552, 2544768.079318331554532 ], [ 2265876.14818652253598, 2544718.115539460908622 ], [ 2265876.14818652253598, 2544668.150719504803419 ], [ 2265926.112772405147552, 2544618.185899548232555 ], [ 2265926.112772405147552, 2544568.221079592127353 ], [ 2265876.14818652253598, 2544568.221079592127353 ], [ 2265876.14818652253598, 2544518.257300721481442 ], [ 2265826.183600639458746, 2544518.257300721481442 ], [ 2265826.183600639458746, 2544468.29248076537624 ], [ 2265826.183600639458746, 2544368.362840852700174 ], [ 2265826.183600639458746, 2544268.434242025949061 ], [ 2265826.183600639458746, 2544218.469422069843858 ], [ 2265776.219014756381512, 2544168.505643199197948 ], [ 2265726.254428873304278, 2544118.540823242627084 ], [ 2265726.254428873304278, 2544068.576003286521882 ], [ 2265726.254428873304278, 2544018.611183330416679 ], [ 2265826.183600639458746, 2543968.647404459770769 ], [ 2265876.14818652253598, 2543968.647404459770769 ], [ 2265926.112772405147552, 2543968.647404459770769 ], [ 2265976.078399369027466, 2543968.647404459770769 ], [ 2266026.0429852521047, 2543968.647404459770769 ], [ 2266026.0429852521047, 2543918.682584503199905 ], [ 2266026.0429852521047, 2543868.717764547094703 ], [ 2266026.0429852521047, 2543818.7529445909895 ], [ 2266076.007571135181934, 2543818.7529445909895 ], [ 2266076.007571135181934, 2543768.78916572034359 ], [ 2266125.972157018259168, 2543768.78916572034359 ], [ 2266175.936742901336402, 2543768.78916572034359 ], [ 2266225.902369865216315, 2543768.78916572034359 ], [ 2266225.902369865216315, 2543718.824345764238387 ], [ 2266225.902369865216315, 2543668.859525807667524 ], [ 2266275.866955748293549, 2543668.859525807667524 ], [ 2266275.866955748293549, 2543618.894705851562321 ], [ 2266275.866955748293549, 2543568.930926980916411 ], [ 2266325.831541631370783, 2543568.930926980916411 ], [ 2266325.831541631370783, 2543518.966107024811208 ], [ 2266325.831541631370783, 2543469.001287068706006 ], [ 2266325.831541631370783, 2543419.037508197594434 ], [ 2266325.831541631370783, 2543369.072688241489232 ], [ 2266325.831541631370783, 2543319.107868285384029 ], [ 2266275.866955748293549, 2543319.107868285384029 ], [ 2266275.866955748293549, 2543269.143048329278827 ], [ 2266275.866955748293549, 2543219.179269458632916 ], [ 2266275.866955748293549, 2543169.214449502062052 ], [ 2266275.866955748293549, 2543119.24962954595685 ], [ 2266275.866955748293549, 2543069.284809589851648 ], [ 2266275.866955748293549, 2543019.321030719205737 ], [ 2266275.866955748293549, 2542969.356210762634873 ], [ 2266275.866955748293549, 2542919.391390806529671 ], [ 2266225.902369865216315, 2542919.391390806529671 ], [ 2266225.902369865216315, 2542869.42761193588376 ], [ 2266175.936742901336402, 2542869.42761193588376 ], [ 2266175.936742901336402, 2542819.462791979778558 ], [ 2266175.936742901336402, 2542769.497972023673356 ], [ 2266225.902369865216315, 2542719.533152067102492 ], [ 2266225.902369865216315, 2542669.569373196456581 ], [ 2266175.936742901336402, 2542669.569373196456581 ], [ 2266175.936742901336402, 2542619.604553240351379 ], [ 2266125.972157018259168, 2542619.604553240351379 ], [ 2266125.972157018259168, 2542569.639733284246176 ], [ 2266175.936742901336402, 2542569.639733284246176 ], [ 2266175.936742901336402, 2542519.674913327675313 ], [ 2266225.902369865216315, 2542519.674913327675313 ], [ 2266225.902369865216315, 2542469.711134457029402 ], [ 2266275.866955748293549, 2542469.711134457029402 ], [ 2266325.831541631370783, 2542469.711134457029402 ], [ 2266325.831541631370783, 2542419.7463145009242 ], [ 2266375.796127514448017, 2542419.7463145009242 ], [ 2266375.796127514448017, 2542369.781494544818997 ], [ 2266425.760713397525251, 2542369.781494544818997 ], [ 2266425.760713397525251, 2542319.816674588713795 ], [ 2266425.760713397525251, 2542269.852895718067884 ], [ 2266375.796127514448017, 2542269.852895718067884 ], [ 2266375.796127514448017, 2542219.888075761497021 ], [ 2266325.831541631370783, 2542219.888075761497021 ], [ 2266325.831541631370783, 2542169.923255805391818 ], [ 2266275.866955748293549, 2542169.923255805391818 ], [ 2266275.866955748293549, 2542119.959476934745908 ], [ 2266275.866955748293549, 2542069.994656978640705 ], [ 2266275.866955748293549, 2542020.029837022069842 ], [ 2266225.902369865216315, 2542020.029837022069842 ], [ 2266225.902369865216315, 2541970.065017065964639 ], [ 2266225.902369865216315, 2541920.101238195318729 ], [ 2266225.902369865216315, 2541870.136418239213526 ], [ 2266175.936742901336402, 2541870.136418239213526 ], [ 2266175.936742901336402, 2541820.171598283108324 ], [ 2266175.936742901336402, 2541770.20677832653746 ], [ 2266175.936742901336402, 2541720.24299945589155 ], [ 2266175.936742901336402, 2541670.278179499786347 ], [ 2266225.902369865216315, 2541670.278179499786347 ], [ 2266225.902369865216315, 2541620.313359543681145 ], [ 2266225.902369865216315, 2541570.348539587110281 ], [ 2266225.902369865216315, 2541520.38476071646437 ], [ 2266225.902369865216315, 2541470.419940760359168 ], [ 2266175.936742901336402, 2541420.455120804253966 ], [ 2266175.936742901336402, 2541370.491341933608055 ], [ 2266225.902369865216315, 2541370.491341933608055 ], [ 2266225.902369865216315, 2541320.526521977502853 ], [ 2266175.936742901336402, 2541320.526521977502853 ], [ 2266175.936742901336402, 2541270.561702020931989 ], [ 2266175.936742901336402, 2541220.596882064826787 ], [ 2266125.972157018259168, 2541220.596882064826787 ], [ 2266125.972157018259168, 2541170.633103194180876 ], [ 2266125.972157018259168, 2541120.668283238075674 ], [ 2266076.007571135181934, 2541120.668283238075674 ], [ 2266076.007571135181934, 2541170.633103194180876 ], [ 2266026.0429852521047, 2541170.633103194180876 ], [ 2265976.078399369027466, 2541170.633103194180876 ], [ 2265976.078399369027466, 2541120.668283238075674 ], [ 2265926.112772405147552, 2541120.668283238075674 ], [ 2265876.14818652253598, 2541120.668283238075674 ], [ 2265876.14818652253598, 2541070.70346328150481 ], [ 2265826.183600639458746, 2541070.70346328150481 ], [ 2265826.183600639458746, 2541020.738643325399607 ], [ 2265776.219014756381512, 2541020.738643325399607 ], [ 2265776.219014756381512, 2540970.774864454753697 ], [ 2265726.254428873304278, 2540970.774864454753697 ], [ 2265726.254428873304278, 2540920.810044498648494 ], [ 2265726.254428873304278, 2540870.845224542543292 ], [ 2265676.289842990227044, 2540870.845224542543292 ], [ 2265626.324216026347131, 2540870.845224542543292 ], [ 2265626.324216026347131, 2540820.881445671897382 ], [ 2265576.359630143269897, 2540820.881445671897382 ], [ 2265526.395044260192662, 2540770.916625715326518 ], [ 2265526.395044260192662, 2540720.951805759221315 ], [ 2265476.430458377115428, 2540720.951805759221315 ], [ 2265476.430458377115428, 2540670.986985803116113 ], [ 2265476.430458377115428, 2540621.023206932470202 ], [ 2265526.395044260192662, 2540621.023206932470202 ], [ 2265526.395044260192662, 2540571.058386975899339 ], [ 2265526.395044260192662, 2540521.093567019794136 ], [ 2265576.359630143269897, 2540521.093567019794136 ], [ 2265576.359630143269897, 2540471.128747063688934 ], [ 2265576.359630143269897, 2540421.164968193043023 ], [ 2265526.395044260192662, 2540421.164968193043023 ], [ 2265526.395044260192662, 2540371.200148236937821 ], [ 2265526.395044260192662, 2540321.235328280366957 ], [ 2265526.395044260192662, 2540271.270508324261755 ], [ 2265476.430458377115428, 2540271.270508324261755 ], [ 2265476.430458377115428, 2540221.306729453615844 ], [ 2265426.465872494038194, 2540221.306729453615844 ], [ 2265426.465872494038194, 2540171.341909497510642 ], [ 2265376.500245530158281, 2540171.341909497510642 ], [ 2265276.571073764003813, 2540171.341909497510642 ], [ 2265226.606487880926579, 2540121.377089540939778 ], [ 2265226.606487880926579, 2540071.413310670293868 ], [ 2265226.606487880926579, 2540021.448490714188665 ], [ 2265276.571073764003813, 2540021.448490714188665 ], [ 2265276.571073764003813, 2539971.483670758083463 ], [ 2265226.606487880926579, 2539971.483670758083463 ], [ 2265226.606487880926579, 2539921.51885080197826 ], [ 2265176.641901997849345, 2539921.51885080197826 ], [ 2265126.676275034435093, 2539921.51885080197826 ], [ 2265076.711689151357859, 2539921.51885080197826 ], [ 2265076.711689151357859, 2539871.55507193133235 ], [ 2265026.747103268280625, 2539871.55507193133235 ], [ 2265026.747103268280625, 2539821.590251974761486 ], [ 2264976.782517385203391, 2539821.590251974761486 ], [ 2264976.782517385203391, 2539771.625432018656284 ], [ 2264976.782517385203391, 2539721.660612062551081 ], [ 2264976.782517385203391, 2539671.696833191905171 ], [ 2264976.782517385203391, 2539621.732013235334307 ], [ 2264976.782517385203391, 2539571.767193279229105 ], [ 2264976.782517385203391, 2539521.802373323123902 ], [ 2265026.747103268280625, 2539521.802373323123902 ], [ 2265026.747103268280625, 2539471.838594452477992 ], [ 2265076.711689151357859, 2539421.873774496372789 ], [ 2265076.711689151357859, 2539321.945175669156015 ], [ 2265076.711689151357859, 2539271.980355713050812 ], [ 2265076.711689151357859, 2539222.01553575694561 ], [ 2265026.747103268280625, 2539172.050715800374746 ], [ 2265026.747103268280625, 2539122.086936929728836 ], [ 2265076.711689151357859, 2539122.086936929728836 ], [ 2265076.711689151357859, 2539072.122116973623633 ], [ 2265076.711689151357859, 2539022.157297017518431 ], [ 2265126.676275034435093, 2539022.157297017518431 ], [ 2265126.676275034435093, 2538972.192477061413229 ], [ 2265126.676275034435093, 2538922.228698190767318 ], [ 2265076.711689151357859, 2538922.228698190767318 ], [ 2265076.711689151357859, 2538872.263878234196454 ], [ 2265076.711689151357859, 2538822.299058278091252 ], [ 2265076.711689151357859, 2538772.335279407445341 ], [ 2265076.711689151357859, 2538722.370459451340139 ], [ 2265026.747103268280625, 2538722.370459451340139 ], [ 2265026.747103268280625, 2538672.405639494769275 ], [ 2265076.711689151357859, 2538622.440819538664073 ], [ 2265076.711689151357859, 2538572.477040668018162 ], [ 2265076.711689151357859, 2538522.51222071191296 ], [ 2265076.711689151357859, 2538472.547400755807757 ], [ 2265076.711689151357859, 2538422.582580799236894 ], [ 2265076.711689151357859, 2538372.618801928590983 ], [ 2265076.711689151357859, 2538322.653981972485781 ], [ 2265076.711689151357859, 2538272.689162016380578 ], [ 2265076.711689151357859, 2538222.724342059809715 ], [ 2265026.747103268280625, 2538222.724342059809715 ], [ 2265026.747103268280625, 2538172.760563189163804 ], [ 2264976.782517385203391, 2538172.760563189163804 ], [ 2264926.817931502126157, 2538172.760563189163804 ], [ 2264926.817931502126157, 2538122.795743233058602 ], [ 2264876.853345619048923, 2538072.830923276953399 ], [ 2264876.853345619048923, 2538022.867144406307489 ], [ 2264876.853345619048923, 2537972.902324449736625 ], [ 2264926.817931502126157, 2537972.902324449736625 ], [ 2264926.817931502126157, 2537922.937504493631423 ], [ 2264976.782517385203391, 2537922.937504493631423 ], [ 2264976.782517385203391, 2537872.97268453752622 ], [ 2264926.817931502126157, 2537872.97268453752622 ], [ 2264926.817931502126157, 2537823.00890566688031 ], [ 2264926.817931502126157, 2537773.044085710775107 ], [ 2264876.853345619048923, 2537773.044085710775107 ], [ 2264876.853345619048923, 2537723.079265754204243 ], [ 2264876.853345619048923, 2537673.114445798099041 ], [ 2264876.853345619048923, 2537623.15066692745313 ], [ 2264876.853345619048923, 2537573.185846971347928 ], [ 2264876.853345619048923, 2537523.221027014777064 ], [ 2264876.853345619048923, 2537473.257248144131154 ], [ 2264926.817931502126157, 2537473.257248144131154 ], [ 2264926.817931502126157, 2537423.292428188025951 ], [ 2264976.782517385203391, 2537423.292428188025951 ], [ 2264976.782517385203391, 2537373.327608231920749 ], [ 2264976.782517385203391, 2537323.362788275815547 ], [ 2264976.782517385203391, 2537273.399009405169636 ], [ 2264976.782517385203391, 2537223.434189448598772 ], [ 2264976.782517385203391, 2537173.46936949249357 ], [ 2264976.782517385203391, 2537123.504549536388367 ], [ 2265026.747103268280625, 2537073.540770665742457 ], [ 2265026.747103268280625, 2537023.575950709171593 ], [ 2265026.747103268280625, 2536973.611130753066391 ], [ 2265026.747103268280625, 2536923.646310796961188 ], [ 2265026.747103268280625, 2536873.682531926315278 ], [ 2264976.782517385203391, 2536873.682531926315278 ], [ 2264976.782517385203391, 2536823.717711970210075 ], [ 2264976.782517385203391, 2536773.752892013639212 ], [ 2264976.782517385203391, 2536723.789113142993301 ], [ 2264926.817931502126157, 2536673.824293186888099 ], [ 2264926.817931502126157, 2536623.859473230782896 ], [ 2264926.817931502126157, 2536573.894653274212033 ], [ 2264876.853345619048923, 2536573.894653274212033 ], [ 2264876.853345619048923, 2536523.930874403566122 ], [ 2264876.853345619048923, 2536473.96605444746092 ], [ 2264876.853345619048923, 2536424.001234491355717 ], [ 2264876.853345619048923, 2536374.036414535250515 ], [ 2264926.817931502126157, 2536374.036414535250515 ], [ 2264926.817931502126157, 2536324.072635664604604 ], [ 2264926.817931502126157, 2536274.107815708033741 ], [ 2264926.817931502126157, 2536224.142995751928538 ], [ 2264926.817931502126157, 2536174.178175795823336 ], [ 2264876.853345619048923, 2536124.214396925177425 ], [ 2264876.853345619048923, 2536074.249576968606561 ], [ 2264876.853345619048923, 2536024.284757012501359 ], [ 2264876.853345619048923, 2535974.320978141855448 ], [ 2264926.817931502126157, 2535974.320978141855448 ], [ 2264926.817931502126157, 2535924.356158185750246 ], [ 2264926.817931502126157, 2535874.391338229645044 ], [ 2264976.782517385203391, 2535874.391338229645044 ], [ 2264976.782517385203391, 2535824.42651827307418 ], [ 2265026.747103268280625, 2535774.462739402428269 ], [ 2265026.747103268280625, 2535724.497919446323067 ], [ 2265076.711689151357859, 2535724.497919446323067 ], [ 2265076.711689151357859, 2535674.533099490217865 ], [ 2265076.711689151357859, 2535624.568279533647001 ], [ 2265126.676275034435093, 2535624.568279533647001 ], [ 2265126.676275034435093, 2535574.60450066300109 ], [ 2265176.641901997849345, 2535574.60450066300109 ], [ 2265226.606487880926579, 2535574.60450066300109 ], [ 2265226.606487880926579, 2535524.639680706895888 ], [ 2265276.571073764003813, 2535524.639680706895888 ], [ 2265326.535659647081047, 2535524.639680706895888 ], [ 2265326.535659647081047, 2535474.674860750790685 ], [ 2265376.500245530158281, 2535474.674860750790685 ], [ 2265426.465872494038194, 2535474.674860750790685 ], [ 2265476.430458377115428, 2535474.674860750790685 ], [ 2265526.395044260192662, 2535474.674860750790685 ], [ 2265576.359630143269897, 2535474.674860750790685 ], [ 2265626.324216026347131, 2535424.711081880144775 ], [ 2265676.289842990227044, 2535374.746261924039572 ], [ 2265726.254428873304278, 2535374.746261924039572 ], [ 2265726.254428873304278, 2535324.781441967468709 ], [ 2265726.254428873304278, 2535274.816622011363506 ], [ 2265776.219014756381512, 2535224.852843140717596 ], [ 2265776.219014756381512, 2535174.888023184612393 ], [ 2265826.183600639458746, 2535124.92320322804153 ], [ 2265826.183600639458746, 2535074.958383271936327 ], [ 2265876.14818652253598, 2535074.958383271936327 ], [ 2265876.14818652253598, 2535024.994604401290417 ], [ 2265926.112772405147552, 2534975.029784445185214 ], [ 2265976.078399369027466, 2534925.064964489080012 ], [ 2265976.078399369027466, 2534875.100144532509148 ], [ 2266026.0429852521047, 2534875.100144532509148 ], [ 2266026.0429852521047, 2534825.136365661863238 ], [ 2266076.007571135181934, 2534725.206725749652833 ], [ 2266076.007571135181934, 2534675.242946879006922 ], [ 2266076.007571135181934, 2534625.278126922436059 ], [ 2266076.007571135181934, 2534575.313306966330856 ], [ 2266076.007571135181934, 2534525.348487010225654 ], [ 2266125.972157018259168, 2534525.348487010225654 ], [ 2266125.972157018259168, 2534475.384708139579743 ], [ 2266125.972157018259168, 2534425.419888183474541 ], [ 2266076.007571135181934, 2534425.419888183474541 ], [ 2266076.007571135181934, 2534375.455068226903677 ], [ 2266076.007571135181934, 2534325.490248270798475 ], [ 2266076.007571135181934, 2534275.526469400152564 ], [ 2266076.007571135181934, 2534225.561649444047362 ], [ 2266125.972157018259168, 2534175.596829487476498 ], [ 2266125.972157018259168, 2534125.632009531371295 ], [ 2266125.972157018259168, 2534075.668230660725385 ], [ 2266175.936742901336402, 2534075.668230660725385 ], [ 2266175.936742901336402, 2534025.703410704620183 ], [ 2266225.902369865216315, 2534025.703410704620183 ], [ 2266225.902369865216315, 2533975.73859074851498 ], [ 2266275.866955748293549, 2533925.77481187786907 ], [ 2266325.831541631370783, 2533925.77481187786907 ], [ 2266325.831541631370783, 2533875.809991921298206 ], [ 2266325.831541631370783, 2533825.845171965193003 ], [ 2266325.831541631370783, 2533775.880352009087801 ], [ 2266325.831541631370783, 2533725.91657313844189 ], [ 2266325.831541631370783, 2533675.951753181871027 ], [ 2266325.831541631370783, 2533625.986933225765824 ], [ 2266325.831541631370783, 2533576.022113269660622 ], [ 2266325.831541631370783, 2533526.058334399014711 ], [ 2266275.866955748293549, 2533526.058334399014711 ], [ 2266275.866955748293549, 2533476.093514442909509 ], [ 2266275.866955748293549, 2533426.128694486338645 ], [ 2266225.902369865216315, 2533426.128694486338645 ], [ 2266225.902369865216315, 2533376.164915615692735 ], [ 2266175.936742901336402, 2533326.200095659587532 ], [ 2266125.972157018259168, 2533276.23527570348233 ], [ 2266125.972157018259168, 2533226.270455746911466 ], [ 2266076.007571135181934, 2533226.270455746911466 ], [ 2266076.007571135181934, 2533176.306676876265556 ], [ 2266026.0429852521047, 2533126.341856920160353 ], [ 2266076.007571135181934, 2533076.377036964055151 ], [ 2266076.007571135181934, 2533026.412217007949948 ], [ 2266125.972157018259168, 2533026.412217007949948 ], [ 2266175.936742901336402, 2532976.448438136838377 ], [ 2266225.902369865216315, 2532976.448438136838377 ], [ 2266225.902369865216315, 2532926.483618180733174 ], [ 2266275.866955748293549, 2532926.483618180733174 ], [ 2266275.866955748293549, 2532876.518798224627972 ], [ 2266325.831541631370783, 2532876.518798224627972 ], [ 2266325.831541631370783, 2532826.553978268522769 ], [ 2266375.796127514448017, 2532776.590199397876859 ], [ 2266425.760713397525251, 2532726.625379441305995 ], [ 2266475.726340360939503, 2532726.625379441305995 ], [ 2266475.726340360939503, 2532676.660559485200793 ], [ 2266475.726340360939503, 2532626.696780614554882 ], [ 2266525.690926244016737, 2532626.696780614554882 ], [ 2266525.690926244016737, 2532676.660559485200793 ], [ 2266575.655512127093971, 2532676.660559485200793 ], [ 2266625.620098010171205, 2532676.660559485200793 ], [ 2266675.584683893248439, 2532676.660559485200793 ], [ 2266675.584683893248439, 2532626.696780614554882 ], [ 2266725.549269776325673, 2532626.696780614554882 ], [ 2266725.549269776325673, 2532576.73196065844968 ], [ 2266775.514896740205586, 2532576.73196065844968 ], [ 2266775.514896740205586, 2532626.696780614554882 ], [ 2266825.47948262328282, 2532626.696780614554882 ], [ 2266875.444068506360054, 2532676.660559485200793 ], [ 2266925.408654389437288, 2532676.660559485200793 ], [ 2266925.408654389437288, 2532726.625379441305995 ], [ 2266975.373240272514522, 2532726.625379441305995 ], [ 2267025.338867236394435, 2532726.625379441305995 ], [ 2267075.303453119471669, 2532726.625379441305995 ], [ 2267075.303453119471669, 2532676.660559485200793 ], [ 2267125.268039002548903, 2532676.660559485200793 ], [ 2267125.268039002548903, 2532626.696780614554882 ], [ 2267175.232624885626137, 2532576.73196065844968 ], [ 2267225.197210768703371, 2532576.73196065844968 ], [ 2267225.197210768703371, 2532526.767140702344477 ], [ 2267275.162837732117623, 2532526.767140702344477 ], [ 2267325.127423615194857, 2532526.767140702344477 ], [ 2267325.127423615194857, 2532476.802320745773613 ], [ 2267325.127423615194857, 2532426.838541875127703 ], [ 2267275.162837732117623, 2532376.873721919022501 ], [ 2267275.162837732117623, 2532326.908901962917298 ], [ 2267325.127423615194857, 2532326.908901962917298 ], [ 2267375.092009498272091, 2532276.944082006346434 ], [ 2267425.056595381349325, 2532276.944082006346434 ], [ 2267425.056595381349325, 2532226.980303135700524 ], [ 2267425.056595381349325, 2532177.015483179595321 ], [ 2267425.056595381349325, 2532127.050663223490119 ], [ 2267375.092009498272091, 2532127.050663223490119 ], [ 2267325.127423615194857, 2532077.085843266919255 ], [ 2267325.127423615194857, 2532027.122064396273345 ], [ 2267275.162837732117623, 2532027.122064396273345 ], [ 2267275.162837732117623, 2531977.157244440168142 ], [ 2267325.127423615194857, 2531977.157244440168142 ], [ 2267325.127423615194857, 2531927.19242448406294 ], [ 2267375.092009498272091, 2531927.19242448406294 ], [ 2267375.092009498272091, 2531877.228645613417029 ], [ 2267425.056595381349325, 2531877.228645613417029 ], [ 2267475.021181264426559, 2531877.228645613417029 ], [ 2267475.021181264426559, 2531827.263825657311827 ], [ 2267524.985767147503793, 2531777.299005700740963 ], [ 2267574.951394111383706, 2531727.334185744635761 ], [ 2267574.951394111383706, 2531677.37040687398985 ], [ 2267624.91597999446094, 2531677.37040687398985 ], [ 2267624.91597999446094, 2531627.405586917884648 ], [ 2267674.880565877538174, 2531627.405586917884648 ], [ 2267674.880565877538174, 2531577.440766961313784 ], [ 2267724.845151760615408, 2531577.440766961313784 ], [ 2267724.845151760615408, 2531527.475947005208582 ], [ 2267724.845151760615408, 2531477.512168134562671 ], [ 2267774.809737643692642, 2531477.512168134562671 ], [ 2267774.809737643692642, 2531427.547348178457469 ], [ 2267774.809737643692642, 2531377.582528222352266 ], [ 2267774.809737643692642, 2531327.618749351706356 ], [ 2267824.775364607106894, 2531327.618749351706356 ], [ 2267824.775364607106894, 2531277.653929395135492 ], [ 2267874.739950490184128, 2531277.653929395135492 ], [ 2267924.704536373261362, 2531277.653929395135492 ], [ 2267924.704536373261362, 2531227.68910943903029 ], [ 2267874.739950490184128, 2531227.68910943903029 ], [ 2267874.739950490184128, 2531177.724289482925087 ], [ 2267824.775364607106894, 2531177.724289482925087 ], [ 2267774.809737643692642, 2531177.724289482925087 ], [ 2267774.809737643692642, 2531127.760510612279177 ], [ 2267774.809737643692642, 2531077.795690655708313 ], [ 2267774.809737643692642, 2531027.830870699603111 ], [ 2267774.809737643692642, 2530977.866050743497908 ], [ 2267774.809737643692642, 2530927.902271872851998 ], [ 2267724.845151760615408, 2530927.902271872851998 ], [ 2267674.880565877538174, 2530927.902271872851998 ], [ 2267624.91597999446094, 2530927.902271872851998 ], [ 2267624.91597999446094, 2530877.937451916746795 ], [ 2267624.91597999446094, 2530827.972631960175931 ], [ 2267624.91597999446094, 2530778.007812004070729 ], [ 2267624.91597999446094, 2530728.044033133424819 ], [ 2267624.91597999446094, 2530678.079213177319616 ], [ 2267674.880565877538174, 2530678.079213177319616 ], [ 2267724.845151760615408, 2530678.079213177319616 ], [ 2267724.845151760615408, 2530628.114393220748752 ], [ 2267724.845151760615408, 2530578.150614350102842 ], [ 2267774.809737643692642, 2530578.150614350102842 ], [ 2267824.775364607106894, 2530578.150614350102842 ], [ 2267824.775364607106894, 2530528.185794393997639 ], [ 2267874.739950490184128, 2530528.185794393997639 ], [ 2267874.739950490184128, 2530478.220974437892437 ], [ 2267824.775364607106894, 2530478.220974437892437 ], [ 2267824.775364607106894, 2530428.256154481787235 ], [ 2267824.775364607106894, 2530378.292375611141324 ], [ 2267824.775364607106894, 2530328.32755565457046 ], [ 2267774.809737643692642, 2530328.32755565457046 ], [ 2267774.809737643692642, 2530278.362735698465258 ], [ 2267774.809737643692642, 2530228.397915742360055 ], [ 2267724.845151760615408, 2530228.397915742360055 ], [ 2267724.845151760615408, 2530178.434136871714145 ], [ 2267774.809737643692642, 2530178.434136871714145 ], [ 2267824.775364607106894, 2530178.434136871714145 ], [ 2267824.775364607106894, 2530128.469316915143281 ], [ 2267874.739950490184128, 2530128.469316915143281 ], [ 2267924.704536373261362, 2530128.469316915143281 ], [ 2267924.704536373261362, 2530078.504496959038079 ], [ 2267974.669122256338596, 2530078.504496959038079 ], [ 2267974.669122256338596, 2530128.469316915143281 ], [ 2268024.63370813941583, 2530128.469316915143281 ], [ 2268074.599335103295743, 2530128.469316915143281 ], [ 2268074.599335103295743, 2530178.434136871714145 ], [ 2268074.599335103295743, 2530128.469316915143281 ], [ 2268124.563920986372977, 2530128.469316915143281 ], [ 2268174.528506869450212, 2530128.469316915143281 ], [ 2268174.528506869450212, 2530078.504496959038079 ], [ 2268174.528506869450212, 2530028.539677002932876 ], [ 2268224.493092752527446, 2529978.575898132286966 ], [ 2268224.493092752527446, 2530028.539677002932876 ], [ 2268274.45767863560468, 2530028.539677002932876 ], [ 2268274.45767863560468, 2530078.504496959038079 ], [ 2268324.422264518681914, 2530078.504496959038079 ], [ 2268374.387891482561827, 2530078.504496959038079 ], [ 2268424.352477365639061, 2530078.504496959038079 ], [ 2268474.317063248716295, 2530078.504496959038079 ], [ 2268474.317063248716295, 2530028.539677002932876 ], [ 2268524.281649131793529, 2529978.575898132286966 ], [ 2268474.317063248716295, 2529978.575898132286966 ], [ 2268474.317063248716295, 2529928.611078176181763 ], [ 2268424.352477365639061, 2529928.611078176181763 ], [ 2268424.352477365639061, 2529878.6462582196109 ], [ 2268424.352477365639061, 2529828.682479348964989 ], [ 2268424.352477365639061, 2529778.717659392859787 ], [ 2268474.317063248716295, 2529778.717659392859787 ], [ 2268474.317063248716295, 2529728.752839436754584 ], [ 2268524.281649131793529, 2529728.752839436754584 ], [ 2268524.281649131793529, 2529678.788019480183721 ], [ 2268574.246235014870763, 2529678.788019480183721 ], [ 2268624.211861978285015, 2529678.788019480183721 ], [ 2268624.211861978285015, 2529628.82424060953781 ], [ 2268674.176447861362249, 2529578.859420653432608 ], [ 2268674.176447861362249, 2529528.894600697327405 ], [ 2268674.176447861362249, 2529478.929780741222203 ], [ 2268674.176447861362249, 2529428.966001870576292 ], [ 2268724.141033744439483, 2529428.966001870576292 ], [ 2268774.105619627516717, 2529428.966001870576292 ], [ 2268824.070205510593951, 2529379.001181914005429 ], [ 2268874.034791393671185, 2529379.001181914005429 ], [ 2268924.000418357551098, 2529379.001181914005429 ], [ 2268924.000418357551098, 2529428.966001870576292 ], [ 2268973.965004240628332, 2529478.929780741222203 ], [ 2269023.929590123705566, 2529428.966001870576292 ], [ 2269073.8941760067828, 2529428.966001870576292 ], [ 2269123.858761889860034, 2529428.966001870576292 ], [ 2269123.858761889860034, 2529379.001181914005429 ], [ 2269173.824388853274286, 2529379.001181914005429 ], [ 2269173.824388853274286, 2529428.966001870576292 ], [ 2269223.78897473635152, 2529428.966001870576292 ], [ 2269273.753560619428754, 2529428.966001870576292 ], [ 2269323.718146502505988, 2529379.001181914005429 ], [ 2269323.718146502505988, 2529329.036361957900226 ], [ 2269373.682732385583222, 2529329.036361957900226 ], [ 2269373.682732385583222, 2529279.072583087254316 ], [ 2269423.648359349463135, 2529279.072583087254316 ], [ 2269473.612945232540369, 2529279.072583087254316 ], [ 2269473.612945232540369, 2529329.036361957900226 ], [ 2269523.577531115617603, 2529379.001181914005429 ], [ 2269573.542116998694837, 2529379.001181914005429 ], [ 2269573.542116998694837, 2529329.036361957900226 ], [ 2269573.542116998694837, 2529279.072583087254316 ], [ 2269573.542116998694837, 2529229.107763131149113 ], [ 2269623.506702881772071, 2529229.107763131149113 ], [ 2269673.471288764849305, 2529129.178123218473047 ], [ 2269673.471288764849305, 2529079.214344347827137 ], [ 2269723.436915728729218, 2529029.249524391721934 ], [ 2269723.436915728729218, 2528979.284704435616732 ], [ 2269673.471288764849305, 2528929.319884479045868 ], [ 2269723.436915728729218, 2528879.356105608399957 ], [ 2269723.436915728729218, 2528829.391285652294755 ], [ 2269723.436915728729218, 2528779.426465696189553 ], [ 2269823.366087494883686, 2528579.568226956762373 ], [ 2269873.33067337796092, 2528529.604448086116463 ], [ 2269923.295259261038154, 2528479.639628130011261 ], [ 2270173.119229756761342, 2528479.639628130011261 ], [ 2270173.119229756761342, 2528429.674808173440397 ], [ 2270223.084856720641255, 2528429.674808173440397 ], [ 2270273.049442603718489, 2528379.709988217335194 ], [ 2270323.014028486795723, 2528379.709988217335194 ], [ 2270323.014028486795723, 2528329.746209346689284 ], [ 2270323.014028486795723, 2528279.781389390584081 ], [ 2270323.014028486795723, 2528229.816569434013218 ], [ 2270372.978614369872957, 2528229.816569434013218 ], [ 2270372.978614369872957, 2528179.851749477908015 ], [ 2270422.943200252950191, 2528179.851749477908015 ], [ 2270472.907786136027426, 2528179.851749477908015 ], [ 2270522.873413099441677, 2528129.887970607262105 ], [ 2270572.837998982518911, 2528079.923150651156902 ], [ 2270622.802584865596145, 2528079.923150651156902 ], [ 2270622.802584865596145, 2528029.9583306950517 ], [ 2270672.767170748673379, 2528029.9583306950517 ], [ 2270672.767170748673379, 2527979.993510738480836 ], [ 2270672.767170748673379, 2527930.029731867834926 ], [ 2270672.767170748673379, 2527880.064911911729723 ], [ 2270672.767170748673379, 2527830.100091955624521 ], [ 2270722.731756631750613, 2527830.100091955624521 ], [ 2270722.731756631750613, 2527780.13631308497861 ], [ 2270772.697383595630527, 2527780.13631308497861 ], [ 2270772.697383595630527, 2527730.171493128407747 ], [ 2270822.661969478707761, 2527730.171493128407747 ], [ 2270872.626555361784995, 2527730.171493128407747 ], [ 2270922.591141244862229, 2527730.171493128407747 ], [ 2270972.555727127939463, 2527730.171493128407747 ], [ 2271022.521354091819376, 2527680.206673172302544 ], [ 2271072.48593997489661, 2527630.241853216197342 ], [ 2271072.48593997489661, 2527580.278074345551431 ], [ 2271122.450525857973844, 2527580.278074345551431 ], [ 2271122.450525857973844, 2527530.313254388980567 ], [ 2271172.415111741051078, 2527530.313254388980567 ], [ 2271222.379697624128312, 2527480.348434432875365 ], [ 2271222.379697624128312, 2527430.383614476770163 ], [ 2271272.344283507205546, 2527430.383614476770163 ], [ 2271272.344283507205546, 2527380.419835606124252 ], [ 2271322.309910470619798, 2527380.419835606124252 ], [ 2271322.309910470619798, 2527330.45501565001905 ], [ 2271372.274496353697032, 2527280.490195693448186 ], [ 2271422.239082236774266, 2527280.490195693448186 ], [ 2271422.239082236774266, 2527230.526416822802275 ], [ 2271472.2036681198515, 2527230.526416822802275 ], [ 2271522.168254002928734, 2527230.526416822802275 ], [ 2271522.168254002928734, 2527180.561596866697073 ], [ 2271522.168254002928734, 2527230.526416822802275 ], [ 2271572.133880966808647, 2527230.526416822802275 ], [ 2271622.098466849885881, 2527230.526416822802275 ], [ 2271672.063052732963115, 2527230.526416822802275 ], [ 2271722.027638616040349, 2527230.526416822802275 ], [ 2271771.992224499117583, 2527230.526416822802275 ], [ 2271771.992224499117583, 2527180.561596866697073 ], [ 2271821.957851462997496, 2527180.561596866697073 ], [ 2271821.957851462997496, 2527130.596776910591871 ], [ 2271871.922437345609069, 2527130.596776910591871 ], [ 2271871.922437345609069, 2527080.631956954486668 ], [ 2271921.887023228686303, 2527080.631956954486668 ], [ 2271971.851609111763537, 2527030.668178083375096 ], [ 2272021.816194994840771, 2527030.668178083375096 ], [ 2272021.816194994840771, 2526980.703358127269894 ], [ 2272071.780780877918005, 2526980.703358127269894 ], [ 2272121.746407841797918, 2526980.703358127269894 ], [ 2272171.710993724875152, 2526980.703358127269894 ], [ 2272221.675579607952386, 2526980.703358127269894 ], [ 2272271.64016549102962, 2526980.703358127269894 ], [ 2272321.604751374106854, 2526980.703358127269894 ], [ 2272321.604751374106854, 2526930.738538171164691 ], [ 2272371.570378337986767, 2526930.738538171164691 ], [ 2272421.534964221064001, 2526930.738538171164691 ], [ 2272471.499550104141235, 2526930.738538171164691 ], [ 2272471.499550104141235, 2526880.773718215059489 ], [ 2272521.464135987218469, 2526930.738538171164691 ], [ 2272571.428721870295703, 2526930.738538171164691 ], [ 2272571.428721870295703, 2526980.703358127269894 ], [ 2272621.394348833709955, 2526980.703358127269894 ], [ 2272671.358934716787189, 2526980.703358127269894 ], [ 2272671.358934716787189, 2526930.738538171164691 ], [ 2272721.323520599864423, 2526930.738538171164691 ], [ 2272721.323520599864423, 2526880.773718215059489 ], [ 2272671.358934716787189, 2526880.773718215059489 ], [ 2272671.358934716787189, 2526830.809939344413579 ], [ 2272621.394348833709955, 2526830.809939344413579 ], [ 2272671.358934716787189, 2526830.809939344413579 ], [ 2272671.358934716787189, 2526780.845119387842715 ], [ 2272671.358934716787189, 2526730.880299431737512 ], [ 2272721.323520599864423, 2526730.880299431737512 ], [ 2272771.288106482941657, 2526730.880299431737512 ], [ 2272771.288106482941657, 2526680.91547947563231 ], [ 2272821.252692366018891, 2526680.91547947563231 ], [ 2272871.217278249096125, 2526680.91547947563231 ], [ 2272871.217278249096125, 2526630.951700604986399 ], [ 2272921.182905212976038, 2526630.951700604986399 ], [ 2272971.147491096053272, 2526630.951700604986399 ], [ 2273021.112076979130507, 2526630.951700604986399 ], [ 2273021.112076979130507, 2526580.986880648415536 ], [ 2273021.112076979130507, 2526531.022060692310333 ], [ 2273071.076662862207741, 2526531.022060692310333 ], [ 2273121.041248745284975, 2526531.022060692310333 ], [ 2273171.006875708699226, 2526481.058281821664423 ], [ 2273220.97146159177646, 2526481.058281821664423 ], [ 2273220.97146159177646, 2526431.09346186555922 ], [ 2273270.936047474853694, 2526431.09346186555922 ], [ 2273320.900633357930928, 2526431.09346186555922 ], [ 2273370.865219241008162, 2526431.09346186555922 ], [ 2273420.829805124085397, 2526431.09346186555922 ], [ 2273420.829805124085397, 2526381.128641909454018 ], [ 2273420.829805124085397, 2526331.163821952883154 ], [ 2273420.829805124085397, 2526281.200043082237244 ], [ 2273470.79543208796531, 2526281.200043082237244 ], [ 2273470.79543208796531, 2526231.235223126132041 ], [ 2273520.760017971042544, 2526231.235223126132041 ], [ 2273520.760017971042544, 2526181.270403170026839 ], [ 2273520.760017971042544, 2526131.305583213455975 ], [ 2273470.79543208796531, 2526131.305583213455975 ], [ 2273470.79543208796531, 2526081.341804342810065 ], [ 2273520.760017971042544, 2526081.341804342810065 ], [ 2273520.760017971042544, 2526031.376984386704862 ], [ 2273520.760017971042544, 2525981.41216443059966 ], [ 2273520.760017971042544, 2525931.447344474494457 ], [ 2273520.760017971042544, 2525881.483565603848547 ], [ 2273520.760017971042544, 2525831.518745647277683 ], [ 2273570.724603854119778, 2525831.518745647277683 ], [ 2273620.689189737197012, 2525831.518745647277683 ], [ 2273620.689189737197012, 2525781.553925691172481 ], [ 2273620.689189737197012, 2525731.59014682052657 ], [ 2273620.689189737197012, 2525681.625326864421368 ], [ 2273670.653775620274246, 2525681.625326864421368 ], [ 2273670.653775620274246, 2525631.660506907850504 ], [ 2273720.619402584154159, 2525581.695686951745301 ], [ 2273770.583988467231393, 2525531.731908081099391 ], [ 2273770.583988467231393, 2525481.767088124994189 ], [ 2273770.583988467231393, 2525431.802268168888986 ], [ 2273820.548574350308627, 2525431.802268168888986 ], [ 2273820.548574350308627, 2525381.837448212318122 ], [ 2273820.548574350308627, 2525331.873669341672212 ], [ 2273820.548574350308627, 2525281.908849385567009 ], [ 2273870.513160233385861, 2525231.944029429461807 ], [ 2273920.477746116463095, 2525231.944029429461807 ], [ 2273920.477746116463095, 2525181.980250558815897 ], [ 2273970.443373079877347, 2525181.980250558815897 ], [ 2274020.407958962954581, 2525181.980250558815897 ], [ 2274020.407958962954581, 2525132.015430602245033 ], [ 2274020.407958962954581, 2525082.05061064613983 ], [ 2273970.443373079877347, 2525082.05061064613983 ], [ 2273970.443373079877347, 2525032.085790690034628 ], [ 2274020.407958962954581, 2525032.085790690034628 ], [ 2274070.372544846031815, 2524982.122011819388717 ], [ 2274070.372544846031815, 2524932.157191863283515 ], [ 2274070.372544846031815, 2524882.192371906712651 ], [ 2274070.372544846031815, 2524832.227551950607449 ], [ 2274120.337130729109049, 2524832.227551950607449 ], [ 2274120.337130729109049, 2524782.263773079961538 ], [ 2274170.301716612186283, 2524782.263773079961538 ], [ 2274170.301716612186283, 2524732.298953123856336 ], [ 2274170.301716612186283, 2524682.334133167285472 ], [ 2274220.266302495263517, 2524682.334133167285472 ], [ 2274270.23192945914343, 2524682.334133167285472 ], [ 2274270.23192945914343, 2524632.36931321118027 ], [ 2274320.196515342220664, 2524582.405534340534359 ], [ 2274320.196515342220664, 2524532.440714384429157 ], [ 2274320.196515342220664, 2524482.475894428323954 ], [ 2274370.161101225297898, 2524482.475894428323954 ], [ 2274370.161101225297898, 2524432.512115557678044 ], [ 2274420.125687108375132, 2524432.512115557678044 ], [ 2274420.125687108375132, 2524382.54729560110718 ], [ 2274470.090272991452366, 2524382.54729560110718 ], [ 2274520.055899955332279, 2524382.54729560110718 ], [ 2274520.055899955332279, 2524432.512115557678044 ], [ 2274570.020485837943852, 2524432.512115557678044 ], [ 2274570.020485837943852, 2524382.54729560110718 ], [ 2274619.985071721021086, 2524382.54729560110718 ], [ 2274619.985071721021086, 2524332.582475645001978 ], [ 2274619.985071721021086, 2524282.617655688896775 ], [ 2274570.020485837943852, 2524232.653876818250865 ], [ 2274570.020485837943852, 2524182.689056861680001 ], [ 2274570.020485837943852, 2524132.724236905574799 ], [ 2274520.055899955332279, 2524082.759416949469596 ], [ 2274570.020485837943852, 2524032.795638078823686 ], [ 2274570.020485837943852, 2523982.830818122718483 ], [ 2274570.020485837943852, 2523932.865998166147619 ], [ 2274619.985071721021086, 2523932.865998166147619 ], [ 2274619.985071721021086, 2523882.901178210042417 ], [ 2274619.985071721021086, 2523832.937399339396507 ], [ 2274619.985071721021086, 2523782.972579383291304 ], [ 2274570.020485837943852, 2523782.972579383291304 ], [ 2274570.020485837943852, 2523733.00775942672044 ], [ 2274520.055899955332279, 2523733.00775942672044 ], [ 2274520.055899955332279, 2523683.04398055607453 ], [ 2274470.090272991452366, 2523683.04398055607453 ], [ 2274470.090272991452366, 2523733.00775942672044 ], [ 2274420.125687108375132, 2523733.00775942672044 ], [ 2274370.161101225297898, 2523683.04398055607453 ], [ 2274320.196515342220664, 2523683.04398055607453 ], [ 2274270.23192945914343, 2523683.04398055607453 ], [ 2274270.23192945914343, 2523633.079160599969327 ], [ 2274220.266302495263517, 2523633.079160599969327 ], [ 2274220.266302495263517, 2523583.114340643864125 ], [ 2274220.266302495263517, 2523533.149520687758923 ], [ 2274170.301716612186283, 2523533.149520687758923 ], [ 2274170.301716612186283, 2523483.185741816647351 ], [ 2274120.337130729109049, 2523483.185741816647351 ], [ 2274070.372544846031815, 2523433.220921860542148 ], [ 2274120.337130729109049, 2523433.220921860542148 ], [ 2274120.337130729109049, 2523383.256101904436946 ], [ 2274170.301716612186283, 2523383.256101904436946 ], [ 2274170.301716612186283, 2523333.291281948331743 ], [ 2274220.266302495263517, 2523333.291281948331743 ], [ 2274220.266302495263517, 2523283.327503077685833 ], [ 2274270.23192945914343, 2523283.327503077685833 ], [ 2274270.23192945914343, 2523233.362683121114969 ], [ 2274270.23192945914343, 2523183.397863165009767 ], [ 2274320.196515342220664, 2523133.434084294363856 ], [ 2274320.196515342220664, 2523083.469264338258654 ], [ 2274370.161101225297898, 2523083.469264338258654 ], [ 2274370.161101225297898, 2523033.504444382153451 ], [ 2274370.161101225297898, 2522983.539624425582588 ], [ 2274370.161101225297898, 2522933.575845554936677 ], [ 2274370.161101225297898, 2522883.611025598831475 ], [ 2274420.125687108375132, 2522883.611025598831475 ], [ 2274420.125687108375132, 2522833.646205642726272 ], [ 2274370.161101225297898, 2522833.646205642726272 ], [ 2274370.161101225297898, 2522783.681385686155409 ], [ 2274370.161101225297898, 2522733.717606815509498 ], [ 2274420.125687108375132, 2522733.717606815509498 ], [ 2274470.090272991452366, 2522733.717606815509498 ], [ 2274470.090272991452366, 2522783.681385686155409 ], [ 2274470.090272991452366, 2522733.717606815509498 ], [ 2274520.055899955332279, 2522733.717606815509498 ], [ 2274470.090272991452366, 2522733.717606815509498 ], [ 2274470.090272991452366, 2522683.752786859404296 ], [ 2274470.090272991452366, 2522633.787966903299093 ], [ 2274470.090272991452366, 2522683.752786859404296 ], [ 2274520.055899955332279, 2522683.752786859404296 ], [ 2274570.020485837943852, 2522683.752786859404296 ], [ 2274570.020485837943852, 2522633.787966903299093 ], [ 2274570.020485837943852, 2522583.823146947193891 ], [ 2274619.985071721021086, 2522583.823146947193891 ], [ 2274619.985071721021086, 2522633.787966903299093 ], [ 2274669.94965760409832, 2522633.787966903299093 ], [ 2274669.94965760409832, 2522583.823146947193891 ], [ 2274669.94965760409832, 2522533.85936807654798 ], [ 2274719.914243487175554, 2522483.894548119977117 ], [ 2274719.914243487175554, 2522533.85936807654798 ], [ 2274719.914243487175554, 2522583.823146947193891 ], [ 2274769.879870451055467, 2522583.823146947193891 ], [ 2274819.844456334132701, 2522533.85936807654798 ], [ 2274769.879870451055467, 2522483.894548119977117 ], [ 2274769.879870451055467, 2522433.929728163871914 ], [ 2274819.844456334132701, 2522433.929728163871914 ], [ 2274869.809042217209935, 2522433.929728163871914 ], [ 2274869.809042217209935, 2522383.965949293226004 ], [ 2274819.844456334132701, 2522334.001129337120801 ], [ 2274819.844456334132701, 2522284.036309380549937 ], [ 2274869.809042217209935, 2522284.036309380549937 ], [ 2274919.773628100287169, 2522334.001129337120801 ], [ 2274869.809042217209935, 2522334.001129337120801 ], [ 2274869.809042217209935, 2522383.965949293226004 ], [ 2274919.773628100287169, 2522383.965949293226004 ], [ 2274969.738213983364403, 2522383.965949293226004 ], [ 2274969.738213983364403, 2522334.001129337120801 ], [ 2274919.773628100287169, 2522284.036309380549937 ], [ 2274969.738213983364403, 2522234.071489424444735 ], [ 2274969.738213983364403, 2522284.036309380549937 ], [ 2275019.702799866441637, 2522334.001129337120801 ], [ 2275069.66842683032155, 2522334.001129337120801 ], [ 2275119.633012713398784, 2522334.001129337120801 ], [ 2275119.633012713398784, 2522284.036309380549937 ], [ 2275069.66842683032155, 2522234.071489424444735 ], [ 2275019.702799866441637, 2522234.071489424444735 ], [ 2274969.738213983364403, 2522184.107710553798825 ], [ 2275019.702799866441637, 2522184.107710553798825 ], [ 2275069.66842683032155, 2522184.107710553798825 ], [ 2275119.633012713398784, 2522184.107710553798825 ], [ 2275119.633012713398784, 2522134.142890597693622 ], [ 2275169.597598596476018, 2522134.142890597693622 ], [ 2275169.597598596476018, 2522084.178070641122758 ], [ 2275119.633012713398784, 2522034.213250685017556 ], [ 2275069.66842683032155, 2522034.213250685017556 ], [ 2275069.66842683032155, 2521984.249471814371645 ], [ 2275069.66842683032155, 2521934.284651858266443 ], [ 2275169.597598596476018, 2521934.284651858266443 ], [ 2275169.597598596476018, 2521884.319831902161241 ], [ 2275119.633012713398784, 2521884.319831902161241 ], [ 2275119.633012713398784, 2521834.355011945590377 ], [ 2275119.633012713398784, 2521784.391233074944466 ], [ 2275169.597598596476018, 2521734.426413118839264 ], [ 2275169.597598596476018, 2521684.461593162734061 ], [ 2275169.597598596476018, 2521634.497814292088151 ], [ 2275119.633012713398784, 2521634.497814292088151 ], [ 2275069.66842683032155, 2521684.461593162734061 ], [ 2275019.702799866441637, 2521634.497814292088151 ], [ 2275069.66842683032155, 2521584.532994335517287 ], [ 2275119.633012713398784, 2521584.532994335517287 ], [ 2275119.633012713398784, 2521534.568174379412085 ], [ 2275069.66842683032155, 2521534.568174379412085 ], [ 2275019.702799866441637, 2521534.568174379412085 ], [ 2274969.738213983364403, 2521534.568174379412085 ], [ 2275019.702799866441637, 2521534.568174379412085 ], [ 2275019.702799866441637, 2521484.603354423306882 ], [ 2275069.66842683032155, 2521484.603354423306882 ], [ 2275069.66842683032155, 2521434.639575552660972 ], [ 2275119.633012713398784, 2521434.639575552660972 ], [ 2275119.633012713398784, 2521384.674755596555769 ], [ 2275069.66842683032155, 2521384.674755596555769 ], [ 2275069.66842683032155, 2521334.709935639984906 ], [ 2275069.66842683032155, 2521284.745115683879703 ] ] } },
{ "type": "Feature", "properties": { }, "geometry": { "type": "LineString", "coordinates": [ [ 2275069.66842683032155, 2521284.745115683879703 ], [ 2275119.633012713398784, 2521284.745115683879703 ], [ 2275119.633012713398784, 2521234.781336813233793 ], [ 2275119.633012713398784, 2521184.81651685712859 ], [ 2275119.633012713398784, 2521134.851696900557727 ], [ 2275119.633012713398784, 2521084.887918029911816 ], [ 2275169.597598596476018, 2521084.887918029911816 ], [ 2275169.597598596476018, 2521134.851696900557727 ], [ 2275219.562184479553252, 2521134.851696900557727 ], [ 2275269.526770362630486, 2521134.851696900557727 ], [ 2275269.526770362630486, 2521184.81651685712859 ], [ 2275269.526770362630486, 2521134.851696900557727 ], [ 2275319.492397326044738, 2521134.851696900557727 ], [ 2275319.492397326044738, 2521084.887918029911816 ], [ 2275319.492397326044738, 2521034.923098073806614 ], [ 2275269.526770362630486, 2521034.923098073806614 ], [ 2275219.562184479553252, 2521034.923098073806614 ], [ 2275219.562184479553252, 2520984.958278117701411 ], [ 2275269.526770362630486, 2520984.958278117701411 ], [ 2275219.562184479553252, 2520984.958278117701411 ], [ 2275219.562184479553252, 2520934.993458161596209 ], [ 2275269.526770362630486, 2520934.993458161596209 ], [ 2275269.526770362630486, 2520885.029679290950298 ], [ 2275269.526770362630486, 2520835.064859334379435 ], [ 2275269.526770362630486, 2520785.100039378274232 ], [ 2275269.526770362630486, 2520735.13521942216903 ], [ 2275219.562184479553252, 2520735.13521942216903 ], [ 2275269.526770362630486, 2520735.13521942216903 ], [ 2275269.526770362630486, 2520685.171440551523119 ], [ 2275319.492397326044738, 2520635.206620594952255 ], [ 2275319.492397326044738, 2520585.241800638847053 ], [ 2275319.492397326044738, 2520535.276980682741851 ], [ 2275319.492397326044738, 2520485.31320181209594 ], [ 2275269.526770362630486, 2520485.31320181209594 ], [ 2275269.526770362630486, 2520435.348381855990738 ], [ 2275319.492397326044738, 2520385.383561899419874 ], [ 2275319.492397326044738, 2520335.419783028773963 ], [ 2275319.492397326044738, 2520285.454963072668761 ], [ 2275319.492397326044738, 2520235.490143116563559 ], [ 2275319.492397326044738, 2520185.525323159992695 ], [ 2275319.492397326044738, 2520235.490143116563559 ], [ 2275369.456983209121972, 2520235.490143116563559 ], [ 2275369.456983209121972, 2520185.525323159992695 ], [ 2275369.456983209121972, 2520135.561544289346784 ], [ 2275369.456983209121972, 2520085.596724333241582 ], [ 2275369.456983209121972, 2520035.631904377136379 ], [ 2275419.421569092199206, 2520035.631904377136379 ], [ 2275419.421569092199206, 2519985.667084421031177 ], [ 2275469.38615497527644, 2519985.667084421031177 ], [ 2275469.38615497527644, 2519935.703305550385267 ], [ 2275469.38615497527644, 2519885.738485593814403 ], [ 2275519.350740858353674, 2519885.738485593814403 ], [ 2275519.350740858353674, 2519835.7736656377092 ], [ 2275569.316367822233588, 2519835.7736656377092 ], [ 2275619.280953705310822, 2519835.7736656377092 ], [ 2275619.280953705310822, 2519885.738485593814403 ], [ 2275669.245539588388056, 2519885.738485593814403 ], [ 2275669.245539588388056, 2519935.703305550385267 ], [ 2275669.245539588388056, 2519985.667084421031177 ], [ 2275719.21012547146529, 2519985.667084421031177 ], [ 2275719.21012547146529, 2520035.631904377136379 ], [ 2275719.21012547146529, 2520085.596724333241582 ], [ 2275669.245539588388056, 2520085.596724333241582 ], [ 2275669.245539588388056, 2520135.561544289346784 ], [ 2275719.21012547146529, 2520185.525323159992695 ], [ 2275769.174711354542524, 2520185.525323159992695 ], [ 2275769.174711354542524, 2520135.561544289346784 ], [ 2275819.139297237619758, 2520135.561544289346784 ], [ 2275819.139297237619758, 2520085.596724333241582 ], [ 2275869.104924201034009, 2520085.596724333241582 ], [ 2275819.139297237619758, 2520085.596724333241582 ], [ 2275819.139297237619758, 2520035.631904377136379 ], [ 2275869.104924201034009, 2520035.631904377136379 ], [ 2275869.104924201034009, 2519985.667084421031177 ], [ 2275919.069510084111243, 2519985.667084421031177 ], [ 2275969.034095967188478, 2519985.667084421031177 ], [ 2276018.998681850265712, 2519985.667084421031177 ], [ 2276018.998681850265712, 2519935.703305550385267 ], [ 2276068.963267733342946, 2519935.703305550385267 ], [ 2276068.963267733342946, 2519885.738485593814403 ], [ 2276068.963267733342946, 2519835.7736656377092 ], [ 2276018.998681850265712, 2519835.7736656377092 ], [ 2276018.998681850265712, 2519785.808845681603998 ], [ 2275969.034095967188478, 2519785.808845681603998 ], [ 2275969.034095967188478, 2519735.845066810958087 ], [ 2275919.069510084111243, 2519735.845066810958087 ], [ 2275919.069510084111243, 2519685.880246854387224 ], [ 2275919.069510084111243, 2519635.915426898282021 ], [ 2275969.034095967188478, 2519635.915426898282021 ], [ 2275969.034095967188478, 2519585.951648027636111 ], [ 2276018.998681850265712, 2519585.951648027636111 ], [ 2276018.998681850265712, 2519635.915426898282021 ], [ 2276068.963267733342946, 2519635.915426898282021 ], [ 2276118.928894697222859, 2519635.915426898282021 ], [ 2276168.893480580300093, 2519635.915426898282021 ], [ 2276168.893480580300093, 2519585.951648027636111 ], [ 2276218.858066463377327, 2519585.951648027636111 ], [ 2276218.858066463377327, 2519535.986828071530908 ], [ 2276268.822652346454561, 2519535.986828071530908 ], [ 2276318.787238229531795, 2519535.986828071530908 ], [ 2276318.787238229531795, 2519486.022008115425706 ], [ 2276368.752865193411708, 2519486.022008115425706 ], [ 2276418.717451076488942, 2519486.022008115425706 ], [ 2276468.682036959566176, 2519486.022008115425706 ], [ 2276468.682036959566176, 2519436.057188158854842 ], [ 2276518.64662284264341, 2519436.057188158854842 ], [ 2276518.64662284264341, 2519386.093409288208932 ], [ 2276568.611208725720644, 2519386.093409288208932 ], [ 2276618.575794608797878, 2519386.093409288208932 ], [ 2276618.575794608797878, 2519336.128589332103729 ], [ 2276668.54142157221213, 2519336.128589332103729 ], [ 2276718.506007455289364, 2519336.128589332103729 ], [ 2276718.506007455289364, 2519286.163769375998527 ], [ 2276718.506007455289364, 2519236.198949419427663 ], [ 2276768.470593338366598, 2519186.235170548781753 ], [ 2276718.506007455289364, 2519186.235170548781753 ], [ 2276718.506007455289364, 2519136.27035059267655 ], [ 2276718.506007455289364, 2519086.305530636571348 ], [ 2276768.470593338366598, 2519086.305530636571348 ], [ 2276768.470593338366598, 2519036.341751765925437 ], [ 2276768.470593338366598, 2518986.376931809820235 ], [ 2276818.435179221443832, 2518936.412111853249371 ], [ 2276868.399765104521066, 2518936.412111853249371 ], [ 2276918.365392068400979, 2518936.412111853249371 ], [ 2276968.329977951478213, 2518936.412111853249371 ], [ 2276968.329977951478213, 2518886.447291897144169 ], [ 2277018.294563834555447, 2518886.447291897144169 ], [ 2277018.294563834555447, 2518836.483513026498258 ], [ 2277068.259149717632681, 2518786.518693070393056 ], [ 2277068.259149717632681, 2518736.553873113822192 ], [ 2277018.294563834555447, 2518736.553873113822192 ], [ 2277068.259149717632681, 2518736.553873113822192 ], [ 2277068.259149717632681, 2518686.58905315771699 ], [ 2277068.259149717632681, 2518636.625274287071079 ], [ 2277068.259149717632681, 2518586.660454330965877 ], [ 2277068.259149717632681, 2518536.695634374860674 ], [ 2277068.259149717632681, 2518486.73081441828981 ], [ 2277068.259149717632681, 2518436.7670355476439 ], [ 2277068.259149717632681, 2518386.802215591538697 ], [ 2277118.223735600709915, 2518336.837395635433495 ], [ 2277168.189362564589828, 2518286.873616764787585 ], [ 2277218.153948447201401, 2518286.873616764787585 ], [ 2277268.118534330278635, 2518286.873616764787585 ], [ 2277318.083120213355869, 2518286.873616764787585 ], [ 2277368.047706096433103, 2518286.873616764787585 ], [ 2277418.012291979510337, 2518286.873616764787585 ], [ 2277467.97791894339025, 2518286.873616764787585 ], [ 2277517.942504826467484, 2518286.873616764787585 ], [ 2277567.907090709544718, 2518286.873616764787585 ], [ 2277617.871676592621952, 2518286.873616764787585 ], [ 2277617.871676592621952, 2518236.908796808216721 ], [ 2277617.871676592621952, 2518186.943976852111518 ], [ 2277667.836262475699186, 2518186.943976852111518 ], [ 2277717.801889439579099, 2518136.979156896006316 ], [ 2277717.801889439579099, 2518087.015378025360405 ], [ 2277767.766475322656333, 2518087.015378025360405 ], [ 2277767.766475322656333, 2518037.050558069255203 ], [ 2277817.731061205733567, 2518037.050558069255203 ], [ 2277817.731061205733567, 2517987.085738112684339 ], [ 2277867.695647088810802, 2517937.120918156579137 ], [ 2277867.695647088810802, 2517887.157139285933226 ], [ 2277867.695647088810802, 2517837.192319329828024 ], [ 2277817.731061205733567, 2517787.22749937325716 ], [ 2277817.731061205733567, 2517737.262679417151958 ], [ 2277817.731061205733567, 2517687.298900546506047 ], [ 2277767.766475322656333, 2517637.334080590400845 ], [ 2277767.766475322656333, 2517587.369260634295642 ], [ 2277717.801889439579099, 2517587.369260634295642 ], [ 2277717.801889439579099, 2517537.405481763184071 ], [ 2277667.836262475699186, 2517487.440661807078868 ], [ 2277717.801889439579099, 2517437.475841850973666 ], [ 2277717.801889439579099, 2517387.511021894868463 ], [ 2277717.801889439579099, 2517337.547243024222553 ], [ 2277717.801889439579099, 2517287.582423067651689 ], [ 2277717.801889439579099, 2517237.617603111546487 ], [ 2277667.836262475699186, 2517237.617603111546487 ], [ 2277717.801889439579099, 2517187.652783155441284 ], [ 2277767.766475322656333, 2517137.689004284795374 ], [ 2277767.766475322656333, 2517087.724184328690171 ], [ 2277767.766475322656333, 2517037.759364372119308 ], [ 2277767.766475322656333, 2516987.795585501473397 ], [ 2277767.766475322656333, 2516937.830765545368195 ], [ 2277767.766475322656333, 2516887.865945589262992 ], [ 2277767.766475322656333, 2516837.901125632692128 ], [ 2277767.766475322656333, 2516787.937346762046218 ], [ 2277767.766475322656333, 2516737.972526805941015 ], [ 2277817.731061205733567, 2516688.007706849835813 ], [ 2277817.731061205733567, 2516638.042886893264949 ], [ 2277867.695647088810802, 2516638.042886893264949 ], [ 2277917.660232971888036, 2516588.079108022619039 ], [ 2277967.62481885496527, 2516588.079108022619039 ], [ 2278017.590445818379521, 2516588.079108022619039 ], [ 2278067.555031701456755, 2516538.114288066513836 ], [ 2278117.519617584533989, 2516538.114288066513836 ], [ 2278117.519617584533989, 2516488.149468110408634 ], [ 2278117.519617584533989, 2516438.184648154303432 ], [ 2278167.484203467611223, 2516438.184648154303432 ], [ 2278167.484203467611223, 2516388.220869283657521 ], [ 2278217.448789350688457, 2516388.220869283657521 ], [ 2278217.448789350688457, 2516338.256049327086657 ], [ 2278267.414416314568371, 2516338.256049327086657 ], [ 2278267.414416314568371, 2516288.291229370981455 ], [ 2278317.379002197645605, 2516288.291229370981455 ], [ 2278317.379002197645605, 2516238.327450500335544 ], [ 2278317.379002197645605, 2516188.362630544230342 ], [ 2278317.379002197645605, 2516138.397810587659478 ], [ 2278317.379002197645605, 2516088.432990631554276 ], [ 2278367.343588080722839, 2516088.432990631554276 ], [ 2278417.308173963800073, 2516088.432990631554276 ], [ 2278467.272759846877307, 2516088.432990631554276 ], [ 2278467.272759846877307, 2516038.469211760908365 ], [ 2278517.23838681075722, 2515988.504391804803163 ], [ 2278567.202972693368793, 2515938.53957184869796 ], [ 2278617.167558576911688, 2515938.53957184869796 ], [ 2278617.167558576911688, 2515888.574751892127097 ], [ 2278617.167558576911688, 2515838.610973021481186 ], [ 2278617.167558576911688, 2515788.646153065375984 ], [ 2278617.167558576911688, 2515738.681333109270781 ], [ 2278567.202972693368793, 2515738.681333109270781 ], [ 2278567.202972693368793, 2515688.716513152699918 ], [ 2278567.202972693368793, 2515638.752734282054007 ], [ 2278617.167558576911688, 2515638.752734282054007 ], [ 2278667.132144459523261, 2515638.752734282054007 ], [ 2278667.132144459523261, 2515588.787914325948805 ], [ 2278667.132144459523261, 2515538.823094369843602 ], [ 2278717.096730342600495, 2515538.823094369843602 ], [ 2278717.096730342600495, 2515488.859315499197692 ], [ 2278767.061316225677729, 2515438.894495543092489 ], [ 2278767.061316225677729, 2515388.929675586521626 ], [ 2278817.026943189557642, 2515388.929675586521626 ], [ 2278817.026943189557642, 2515338.964855630416423 ], [ 2278817.026943189557642, 2515289.001076759770513 ], [ 2278866.991529072634876, 2515289.001076759770513 ], [ 2278866.991529072634876, 2515338.964855630416423 ], [ 2278916.95611495571211, 2515338.964855630416423 ], [ 2278916.95611495571211, 2515289.001076759770513 ], [ 2278966.920700838789344, 2515289.001076759770513 ], [ 2279016.885286721866578, 2515239.03625680366531 ], [ 2279016.885286721866578, 2515189.071436847094446 ], [ 2279066.850913685746491, 2515189.071436847094446 ], [ 2279016.885286721866578, 2515139.106616890989244 ], [ 2279016.885286721866578, 2515089.142838020343333 ], [ 2279016.885286721866578, 2515039.178018064238131 ], [ 2278966.920700838789344, 2515039.178018064238131 ], [ 2278966.920700838789344, 2514989.213198108132929 ], [ 2279016.885286721866578, 2514989.213198108132929 ], [ 2279066.850913685746491, 2514989.213198108132929 ], [ 2279066.850913685746491, 2515039.178018064238131 ], [ 2279116.815499568823725, 2514989.213198108132929 ], [ 2279166.780085451900959, 2514989.213198108132929 ], [ 2279166.780085451900959, 2514939.249419237487018 ], [ 2279216.744671334978193, 2514939.249419237487018 ], [ 2279266.709257218055427, 2514939.249419237487018 ], [ 2279266.709257218055427, 2514889.284599280916154 ], [ 2279316.674884181469679, 2514889.284599280916154 ], [ 2279366.639470064546913, 2514889.284599280916154 ], [ 2279416.604055947624147, 2514889.284599280916154 ], [ 2279466.568641830701381, 2514889.284599280916154 ], [ 2279516.533227713778615, 2514889.284599280916154 ], [ 2279566.497813596855849, 2514839.319779324810952 ], [ 2279566.497813596855849, 2514789.35495936870575 ], [ 2279616.463440560735762, 2514739.391180498059839 ], [ 2279666.428026443812996, 2514739.391180498059839 ], [ 2279716.39261232689023, 2514739.391180498059839 ], [ 2279716.39261232689023, 2514689.426360541488975 ], [ 2279766.357198209967464, 2514689.426360541488975 ], [ 2279766.357198209967464, 2514639.461540585383773 ], [ 2279816.321784093044698, 2514639.461540585383773 ], [ 2279766.357198209967464, 2514589.49672062927857 ], [ 2279816.321784093044698, 2514589.49672062927857 ], [ 2279816.321784093044698, 2514539.53294175863266 ], [ 2279816.321784093044698, 2514489.568121802527457 ], [ 2279866.287411056924611, 2514489.568121802527457 ], [ 2279916.251996940001845, 2514489.568121802527457 ], [ 2279916.251996940001845, 2514439.603301845956594 ], [ 2279966.216582822613418, 2514439.603301845956594 ], [ 2279916.251996940001845, 2514389.638481889851391 ], [ 2279916.251996940001845, 2514339.674703019205481 ], [ 2279916.251996940001845, 2514289.709883063100278 ], [ 2279916.251996940001845, 2514239.745063106529415 ], [ 2279916.251996940001845, 2514189.781284235883504 ], [ 2279966.216582822613418, 2514189.781284235883504 ], [ 2279966.216582822613418, 2514139.816464279778302 ], [ 2280016.181168705690652, 2514089.851644323673099 ], [ 2280066.145754588767886, 2514089.851644323673099 ], [ 2280116.111381552647799, 2514039.886824367567897 ], [ 2280116.111381552647799, 2513989.923045496921986 ], [ 2280166.075967435725033, 2513989.923045496921986 ], [ 2280166.075967435725033, 2513939.958225540351123 ], [ 2280216.040553318802267, 2513939.958225540351123 ], [ 2280166.075967435725033, 2513939.958225540351123 ], [ 2280166.075967435725033, 2513889.99340558424592 ], [ 2280216.040553318802267, 2513889.99340558424592 ], [ 2280216.040553318802267, 2513939.958225540351123 ], [ 2280266.005139201879501, 2513939.958225540351123 ], [ 2280266.005139201879501, 2513889.99340558424592 ], [ 2280216.040553318802267, 2513889.99340558424592 ], [ 2280216.040553318802267, 2513840.028585628140718 ], [ 2280216.040553318802267, 2513790.064806757494807 ], [ 2280266.005139201879501, 2513790.064806757494807 ], [ 2280216.040553318802267, 2513790.064806757494807 ], [ 2280216.040553318802267, 2513740.099986800923944 ], [ 2280216.040553318802267, 2513690.135166844818741 ], [ 2280216.040553318802267, 2513640.170346888713539 ], [ 2280216.040553318802267, 2513590.206568018067628 ], [ 2280166.075967435725033, 2513590.206568018067628 ], [ 2280166.075967435725033, 2513540.241748061962426 ], [ 2280216.040553318802267, 2513540.241748061962426 ], [ 2280216.040553318802267, 2513490.276928105391562 ], [ 2280216.040553318802267, 2513440.313149234745651 ], [ 2280266.005139201879501, 2513490.276928105391562 ], [ 2280266.005139201879501, 2513440.313149234745651 ], [ 2280266.005139201879501, 2513390.348329278640449 ], [ 2280315.969725084956735, 2513390.348329278640449 ], [ 2280365.934310968033969, 2513340.383509322535247 ], [ 2280415.899937931913882, 2513290.418689365964383 ], [ 2280415.899937931913882, 2513240.454910495318472 ], [ 2280465.864523814991117, 2513240.454910495318472 ], [ 2280515.829109698068351, 2513240.454910495318472 ], [ 2280565.793695581145585, 2513240.454910495318472 ], [ 2280615.758281464222819, 2513240.454910495318472 ], [ 2280665.72390842763707, 2513240.454910495318472 ], [ 2280715.688494310714304, 2513240.454910495318472 ], [ 2280765.653080193791538, 2513190.49009053921327 ], [ 2275469.38615497527644, 2513040.596671756356955 ], [ 2274270.23192945914343, 2512990.631851799786091 ], [ 2273870.513160233385861, 2512990.631851799786091 ], [ 2272621.394348833709955, 2512940.667031843680888 ], [ 2271572.133880966808647, 2512940.667031843680888 ], [ 2271522.168254002928734, 2512940.667031843680888 ], [ 2271472.2036681198515, 2512940.667031843680888 ], [ 2271422.239082236774266, 2512940.667031843680888 ], [ 2271372.274496353697032, 2512940.667031843680888 ], [ 2270972.555727127939463, 2512940.667031843680888 ], [ 2270972.555727127939463, 2512890.703252973034978 ], [ 2270872.626555361784995, 2512940.667031843680888 ], [ 2270822.661969478707761, 2512890.703252973034978 ], [ 2270772.697383595630527, 2512890.703252973034978 ], [ 2270722.731756631750613, 2512890.703252973034978 ], [ 2270522.873413099441677, 2512890.703252973034978 ], [ 2270472.907786136027426, 2512890.703252973034978 ], [ 2270323.014028486795723, 2512890.703252973034978 ], [ 2269973.260886224452406, 2512890.703252973034978 ], [ 2267724.845151760615408, 2512840.738433016929775 ], [ 2267325.127423615194857, 2512790.773613060358912 ], [ 2266125.972157018259168, 2512790.773613060358912 ], [ 2266076.007571135181934, 2512740.808793104253709 ], [ 2266026.0429852521047, 2512740.808793104253709 ], [ 2264726.958546889014542, 2511341.802163014188409 ], [ 2264726.958546889014542, 2511291.837343058083206 ], [ 2264627.029375122860074, 2511241.872523101978004 ], [ 2264577.063748159445822, 2511191.908744231332093 ], [ 2264527.099162275902927, 2511191.908744231332093 ], [ 2264427.16999051021412, 2511191.908744231332093 ], [ 2264227.310605897102505, 2511141.94392427476123 ], [ 2263327.944936759769917, 2510942.085685535799712 ], [ 2262878.261581650935113, 2510842.157086708582938 ], [ 2262528.508439388591796, 2510792.192266752477735 ], [ 2261479.247971521690488, 2510592.334028013050556 ], [ 2261229.424001025501639, 2510542.369208056945354 ], [ 2261129.494829259347171, 2510542.369208056945354 ], [ 2260979.600030529778451, 2510492.404388100840151 ], [ 2260829.70523179974407, 2510442.440609230194241 ], [ 2260779.740645916666836, 2510442.440609230194241 ], [ 2260729.776060033589602, 2510442.440609230194241 ], [ 2260679.811474150512367, 2510442.440609230194241 ], [ 2260629.846888267435133, 2510442.440609230194241 ], [ 2260030.268734428565949, 2510292.546149361412972 ], [ 2259080.938479408621788, 2510142.652730578090996 ], [ 2258981.00930764246732, 2510092.688951707445085 ], [ 2258881.079094795510173, 2510092.688951707445085 ], [ 2258031.678011541254818, 2510092.688951707445085 ], [ 2257032.382129557430744, 2510042.724131751339883 ], [ 2256932.452957791276276, 2510042.724131751339883 ], [ 2256782.558159061241895, 2510042.724131751339883 ], [ 2256432.805016798898578, 2509992.75931179523468 ], [ 2256382.840430916287005, 2509992.75931179523468 ], [ 2255783.263318157754838, 2509992.75931179523468 ], [ 2255483.473720698151737, 2509992.75931179523468 ], [ 2254734.00285029085353, 2509992.75931179523468 ], [ 2254234.354909298941493, 2509942.794491838663816 ], [ 2253834.636140072718263, 2509942.794491838663816 ], [ 2253734.706968307029456, 2509942.794491838663816 ], [ 2253684.742382423952222, 2509942.794491838663816 ], [ 2253634.777796540874988, 2509942.794491838663816 ], [ 2253534.847583693917841, 2509942.794491838663816 ], [ 2253384.953826044686139, 2509942.794491838663816 ], [ 2253185.094441431574523, 2509942.794491838663816 ], [ 2253135.129855548497289, 2509942.794491838663816 ], [ 2252935.270470935851336, 2509942.794491838663816 ], [ 2252785.375672205816954, 2509942.794491838663816 ], [ 2252135.833973564673215, 2509892.830712968017906 ], [ 2252035.904801798518747, 2509892.830712968017906 ], [ 2251686.150618455838412, 2509892.830712968017906 ], [ 2251586.221446689683944, 2509892.830712968017906 ], [ 2251436.326647959649563, 2509892.830712968017906 ], [ 2251336.397476193495095, 2509892.830712968017906 ], [ 2251036.608919814229012, 2509842.865893011912704 ], [ 2250636.890150588471442, 2509842.865893011912704 ], [ 2250586.925564705394208, 2509842.865893011912704 ], [ 2249637.595309685450047, 2509842.865893011912704 ], [ 2249587.629682721570134, 2509842.865893011912704 ], [ 2249537.6650968384929, 2509842.865893011912704 ], [ 2248488.404628971125931, 2509792.901073055807501 ], [ 2246939.496220112312585, 2509792.901073055807501 ], [ 2246689.673290696926415, 2509742.936253099236637 ], [ 2245540.48260998306796, 2509742.936253099236637 ], [ 2245440.553438216913491, 2509742.936253099236637 ], [ 2244890.94091134192422, 2509792.901073055807501 ], [ 2244840.976325458846986, 2509792.901073055807501 ], [ 2244641.116940845735371, 2509842.865893011912704 ], [ 2244341.328384466469288, 2509842.865893011912704 ], [ 2243991.574201123788953, 2509892.830712968017906 ], [ 2243941.609615240711719, 2509892.830712968017906 ], [ 2243891.645029357634485, 2509892.830712968017906 ], [ 2243841.680443474557251, 2509892.830712968017906 ], [ 2243691.785644744988531, 2509892.830712968017906 ], [ 2243441.961674248799682, 2509842.865893011912704 ], [ 2243342.032502482645214, 2509792.901073055807501 ], [ 2242442.666833345312625, 2509543.07801436027512 ], [ 2241893.054306470323354, 2509393.184595576953143 ], [ 2241843.088679506443441, 2509343.220816706307232 ], [ 2241793.124093623366207, 2509343.220816706307232 ], [ 2240544.005282224155962, 2509343.220816706307232 ], [ 2240494.039655260276049, 2509343.220816706307232 ], [ 2240444.075069377198815, 2509343.220816706307232 ], [ 2240394.110483494121581, 2509343.220816706307232 ], [ 2240344.145897611044347, 2509293.25599675020203 ], [ 2240294.181311727967113, 2509243.291176793631166 ], [ 2239694.60315788956359, 2508493.823041792493314 ], [ 2239594.673986123409122, 2508393.894442965742201 ], [ 2239494.744814357254654, 2508194.036204226315022 ], [ 2239444.779187393374741, 2508144.071384270209819 ], [ 2239394.814601510297507, 2508044.142785443458706 ], [ 2239294.885429744143039, 2507944.21314553078264 ], [ 2239244.920843861065805, 2507894.248325574677438 ], [ 2239244.920843861065805, 2507844.284546704031527 ], [ 2239144.990631014108658, 2507794.319726747460663 ], [ 2239144.990631014108658, 2507744.354906791355461 ], [ 2238245.624961877241731, 2506994.886771790217608 ], [ 2238195.660375994164497, 2506944.921951834112406 ], [ 2237396.223878622986376, 2506645.135114267468452 ], [ 2237346.259292739909142, 2506645.135114267468452 ], [ 2237246.329079892951995, 2506545.20651544071734 ], [ 2237246.329079892951995, 2506495.241695484612137 ], [ 2236396.927996638696641, 2505745.773560483474284 ], [ 2236346.963410755619407, 2505645.843920570798218 ], [ 2236296.998824872542173, 2505645.843920570798218 ], [ 2236296.998824872542173, 2505595.880141700152308 ], [ 2236247.034238989464939, 2505545.915321744047105 ], [ 2236197.068612026050687, 2505495.950501787941903 ], [ 2236147.104026142973453, 2505445.985681831371039 ], [ 2235897.280055646784604, 2504296.802110437303782 ], [ 2235847.31546976370737, 2504146.907650568522513 ], [ 2235847.31546976370737, 2503997.014231785200536 ], [ 2235797.350883880630136, 2503797.155993045773357 ], [ 2235747.386297997552902, 2503747.192214175127447 ], [ 2235447.59774161875248, 2502448.11418291227892 ], [ 2233848.724746876396239, 2502598.007601695600897 ], [ 2232949.358036658726633, 2502697.93620052235201 ], [ 2231800.168397025205195, 2502797.865840434562415 ], [ 2231450.415254763327539, 2502797.865840434562415 ], [ 2230051.400603553280234, 2502947.759259217884392 ], [ 2228802.28179215406999, 2503047.687858044635504 ], [ 2228652.386993424035609, 2503097.652678001206368 ], [ 2228202.703638315200806, 2503097.652678001206368 ], [ 2228152.739052432123572, 2503097.652678001206368 ], [ 2228102.774466549046338, 2503147.617497957311571 ], [ 2228002.84529478289187, 2503147.617497957311571 ], [ 2227902.915081935934722, 2503147.617497957311571 ], [ 2227802.985910169780254, 2503147.617497957311571 ], [ 2227553.161939674057066, 2503147.617497957311571 ], [ 2227503.197353790979832, 2503147.617497957311571 ], [ 2227503.197353790979832, 2502997.724079173989594 ], [ 2227453.232767907902598, 2502947.759259217884392 ], [ 2227453.232767907902598, 2502897.794439261779189 ], [ 2227403.267140944022685, 2502897.794439261779189 ], [ 2226753.725442302878946, 2502498.077961782924831 ], [ 2226553.866057689767331, 2502348.184542999602854 ], [ 2226104.183743661735207, 2502048.397705433424562 ], [ 2225704.464974435511976, 2501798.574646737892181 ], [ 2225454.641003939788789, 2501648.681227955035865 ], [ 2225404.676418056711555, 2501598.716407998465002 ], [ 2225154.852447560522705, 2501448.822989215608686 ], [ 2224655.204506568610668, 2501149.036151648964733 ], [ 2224455.345121955499053, 2501049.106511736754328 ], [ 2224005.662807927466929, 2500749.319674170576036 ], [ 2223755.83883743127808, 2500599.426255387254059 ], [ 2222007.071043959353119, 2499500.205421777907759 ], [ 2221557.388729930855334, 2499200.418584211729467 ], [ 2221507.423102967441082, 2499200.418584211729467 ], [ 2221257.599132471252233, 2499000.560345472302288 ], [ 2220757.952232560142875, 2498700.773507906123996 ], [ 2220158.37407872127369, 2498400.985629254486412 ], [ 2219758.656350575853139, 2498201.127390515059233 ], [ 2219608.761551845818758, 2498101.19879168830812 ], [ 2219558.796965962741524, 2498051.233971731737256 ], [ 2219308.972995467018336, 2497901.340552948880941 ], [ 2218509.536498095840216, 2497401.69547664327547 ], [ 2218459.571912212762982, 2497351.730656686704606 ], [ 2218409.607326329685748, 2497351.730656686704606 ], [ 2218359.642740446608514, 2497351.730656686704606 ], [ 2218259.712527599651366, 2497301.765836730599403 ], [ 2217909.95938533777371, 2497301.765836730599403 ], [ 2217710.100000724662095, 2497301.765836730599403 ], [ 2217610.170828958507627, 2497301.765836730599403 ], [ 2217560.206243075430393, 2497301.765836730599403 ], [ 2217510.240616112016141, 2497301.765836730599403 ], [ 2217460.276030228938907, 2497251.802057859953493 ], [ 2217410.311444345861673, 2497251.802057859953493 ], [ 2217110.52288796659559, 2497001.978999164421111 ], [ 2216810.734331587329507, 2496852.085580381099135 ], [ 2216211.157218829263002, 2496402.404282946139574 ], [ 2215311.790508611593395, 2495802.829566728323698 ], [ 2215012.001952232327312, 2495602.971327988896519 ], [ 2214662.248809970449656, 2495403.11308924946934 ], [ 2214612.284224087372422, 2495353.149310378823429 ], [ 2214412.424839474260807, 2495253.219670466147363 ], [ 2214262.530040744226426, 2495103.326251683291048 ], [ 2214012.706070248503238, 2494953.432832899969071 ], [ 2213862.812312599271536, 2494853.503192987758666 ], [ 2213812.847726716194302, 2494853.503192987758666 ] ] } },
{ "type": "Feature", "properties": { }, "geometry": { "type": "MultiLineString", "coordinates": [ [ [ 2296554.523643002845347, 2564404.144247146323323 ], [ 2295605.192346901632845, 2563954.462949711363763 ], [ 2295355.369417486246675, 2563804.569530928041786 ], [ 2294805.755849530454725, 2563504.782693361863494 ], [ 2294406.038121385499835, 2563254.959634666331112 ], [ 2293656.566209897398949, 2562905.207977143581957 ], [ 2293256.848481752444059, 2562655.384918448049575 ], [ 2292607.30574203049764, 2562355.598080881871283 ], [ 2292357.481771534308791, 2562205.704662099014968 ], [ 2291308.221303667407483, 2561656.094765836838633 ], [ 2290508.784806296229362, 2561256.378288358449936 ], [ 2290458.820220413152128, 2561256.378288358449936 ], [ 2290408.855634530074894, 2561206.413468401879072 ], [ 2290308.926462763920426, 2561156.44864844577387 ], [ 2290258.960835800040513, 2561106.484869575127959 ], [ 2290109.067078150808811, 2561056.520049619022757 ], [ 2289459.524338428862393, 2560756.732170966919512 ], [ 2289259.665994897019118, 2560606.838752184063196 ], [ 2289009.842024400830269, 2560506.910153356846422 ], [ 2288809.982639787718654, 2560406.980513444636017 ], [ 2288560.158669291995466, 2560257.08709466131404 ], [ 2288060.510728299617767, 2560007.264035965781659 ], [ 2287710.757586037740111, 2559807.406838311813772 ], [ 2287610.828414271585643, 2559757.442018355708569 ], [ 2287560.86278730770573, 2559707.477198399603367 ], [ 2287410.969029658474028, 2559657.512378443498164 ], [ 2286411.673147674649954, 2559057.938703310675919 ], [ 2285812.096034916583449, 2558658.222225832287222 ], [ 2285012.659537545405328, 2558208.540928397327662 ], [ 2284662.906395283062011, 2557958.717869701329619 ], [ 2284562.976182436570525, 2557908.754090830683708 ], [ 2284513.011596553493291, 2557858.789270874578506 ], [ 2284463.047010670416057, 2557808.824450918473303 ], [ 2284413.082424787338823, 2557808.824450918473303 ], [ 2284263.187626057304442, 2557808.824450918473303 ], [ 2284163.258454291149974, 2557808.824450918473303 ], [ 2284063.328241444192827, 2557808.824450918473303 ], [ 2283913.434483795426786, 2557808.824450918473303 ], [ 2283713.575099182315171, 2557808.824450918473303 ], [ 2283263.891744073480368, 2557808.824450918473303 ], [ 2283213.927158190403134, 2557808.824450918473303 ], [ 2283163.9625723073259, 2557808.824450918473303 ], [ 2283163.9625723073259, 2557758.860672047827393 ], [ 2283113.997986424248666, 2557758.860672047827393 ], [ 2283064.033400541171432, 2557808.824450918473303 ], [ 2283014.067773577291518, 2557808.824450918473303 ], [ 2282964.103187694214284, 2557808.824450918473303 ], [ 2282914.13860181113705, 2557808.824450918473303 ], [ 2282864.174015928059816, 2557808.824450918473303 ], [ 2282814.209430044982582, 2557758.860672047827393 ], [ 2282664.314631314948201, 2557758.860672047827393 ], [ 2282614.350045432336628, 2557758.860672047827393 ], [ 2282564.385459549259394, 2557808.824450918473303 ], [ 2282514.419832585379481, 2557808.824450918473303 ], [ 2282464.455246702302247, 2557858.789270874578506 ], [ 2282464.455246702302247, 2557908.754090830683708 ], [ 2282214.631276206113398, 2558358.434347180183977 ], [ 2281215.336435303092003, 2558308.470568309538066 ], [ 2280365.934310968033969, 2558308.470568309538066 ], [ 2280266.005139201879501, 2558308.470568309538066 ], [ 2279766.357198209967464, 2558258.505748353432864 ], [ 2279216.744671334978193, 2558258.505748353432864 ], [ 2279116.815499568823725, 2558258.505748353432864 ], [ 2278717.096730342600495, 2558258.505748353432864 ], [ 2277118.223735600709915, 2558208.540928397327662 ], [ 2276068.963267733342946, 2558158.576108440756798 ], [ 2275719.21012547146529, 2558158.576108440756798 ], [ 2275669.245539588388056, 2558158.576108440756798 ], [ 2275519.350740858353674, 2558158.576108440756798 ], [ 2275269.526770362630486, 2558158.576108440756798 ], [ 2274919.773628100287169, 2558108.612329570110887 ], [ 2274570.020485837943852, 2558108.612329570110887 ], [ 2274070.372544846031815, 2558108.612329570110887 ], [ 2273870.513160233385861, 2558108.612329570110887 ], [ 2273570.724603854119778, 2558058.647509614005685 ], [ 2273270.936047474853694, 2558058.647509614005685 ], [ 2273071.076662862207741, 2558058.647509614005685 ], [ 2272771.288106482941657, 2558058.647509614005685 ], [ 2272521.464135987218469, 2558058.647509614005685 ], [ 2272271.64016549102962, 2558058.647509614005685 ], [ 2272021.816194994840771, 2558058.647509614005685 ], [ 2270922.591141244862229, 2558008.682689657900482 ], [ 2270872.626555361784995, 2558008.682689657900482 ], [ 2270522.873413099441677, 2558008.682689657900482 ], [ 2269523.577531115617603, 2557958.717869701329619 ], [ 2268973.965004240628332, 2557958.717869701329619 ], [ 2268424.352477365639061, 2557958.717869701329619 ], [ 2268024.63370813941583, 2557958.717869701329619 ], [ 2267874.739950490184128, 2557908.754090830683708 ], [ 2267724.845151760615408, 2557908.754090830683708 ], [ 2267624.91597999446094, 2557908.754090830683708 ], [ 2267524.985767147503793, 2557958.717869701329619 ], [ 2267425.056595381349325, 2557958.717869701329619 ], [ 2267375.092009498272091, 2557958.717869701329619 ], [ 2267325.127423615194857, 2557958.717869701329619 ], [ 2267175.232624885626137, 2557958.717869701329619 ], [ 2266975.373240272514522, 2557958.717869701329619 ], [ 2266625.620098010171205, 2557908.754090830683708 ], [ 2266076.007571135181934, 2557908.754090830683708 ], [ 2265376.500245530158281, 2557908.754090830683708 ], [ 2265326.535659647081047, 2557908.754090830683708 ], [ 2265276.571073764003813, 2557858.789270874578506 ], [ 2265226.606487880926579, 2557858.789270874578506 ], [ 2265176.641901997849345, 2557858.789270874578506 ], [ 2265126.676275034435093, 2557858.789270874578506 ], [ 2265076.711689151357859, 2557908.754090830683708 ], [ 2264327.239777663256973, 2557858.789270874578506 ], [ 2263277.980350876692683, 2557858.789270874578506 ], [ 2262928.226167534012347, 2557808.824450918473303 ], [ 2262728.367824001703411, 2557808.824450918473303 ], [ 2262678.402197037823498, 2557808.824450918473303 ], [ 2262628.437611154746264, 2557808.824450918473303 ], [ 2262578.47302527166903, 2557858.789270874578506 ], [ 2262528.508439388591796, 2557908.754090830683708 ], [ 2262478.543853505514562, 2557908.754090830683708 ], [ 2262478.543853505514562, 2557958.717869701329619 ], [ 2262228.719883009791374, 2558308.470568309538066 ], [ 2262028.860498396679759, 2558558.292585919611156 ], [ 2261978.895912513602525, 2558608.257405875716358 ], [ 2261978.895912513602525, 2558658.222225832287222 ], [ 2261928.931326630525291, 2558708.186004702933133 ], [ 2261878.965699666645378, 2558758.150824659038335 ], [ 2261829.001113784033805, 2558758.150824659038335 ], [ 2261779.036527900956571, 2558808.115644615143538 ], [ 2261729.071942017879337, 2558808.115644615143538 ], [ 2261679.107356134802103, 2558808.115644615143538 ], [ 2261629.14172917092219, 2558808.115644615143538 ], [ 2261529.212557404767722, 2558808.115644615143538 ], [ 2261229.424001025501639, 2558808.115644615143538 ], [ 2261079.529202295932919, 2558808.115644615143538 ], [ 2261029.564616412855685, 2558808.115644615143538 ], [ 2260879.670858763623983, 2558758.150824659038335 ], [ 2260779.740645916666836, 2558758.150824659038335 ], [ 2260729.776060033589602, 2558708.186004702933133 ], [ 2260679.811474150512367, 2558708.186004702933133 ], [ 2260579.88126130355522, 2558758.150824659038335 ], [ 2260479.952089537866414, 2558758.150824659038335 ], [ 2260429.98750365478918, 2558758.150824659038335 ], [ 2260380.022917771711946, 2558758.150824659038335 ], [ 2260330.058331888634712, 2558758.150824659038335 ], [ 2260280.092704924754798, 2558758.150824659038335 ], [ 2260230.128119041677564, 2558758.150824659038335 ], [ 2260180.16353315860033, 2558758.150824659038335 ], [ 2258831.114508912432939, 2558758.150824659038335 ], [ 2258781.149923029355705, 2558758.150824659038335 ], [ 2258731.185337146278471, 2558758.150824659038335 ], [ 2258681.219710182398558, 2558708.186004702933133 ], [ 2258581.29053841624409, 2558708.186004702933133 ], [ 2258281.501982037443668, 2558708.186004702933133 ], [ 2258081.642597424332052, 2558658.222225832287222 ], [ 2257981.713425658177584, 2558658.222225832287222 ], [ 2257731.889455162454396, 2558658.222225832287222 ], [ 2257182.276928286999464, 2558658.222225832287222 ], [ 2257082.346715440507978, 2558658.222225832287222 ], [ 2257032.382129557430744, 2558658.222225832287222 ], [ 2256932.452957791276276, 2558658.222225832287222 ], [ 2256832.522744944319129, 2558658.222225832287222 ], [ 2256632.664401412010193, 2558658.222225832287222 ], [ 2256532.734188565053046, 2558658.222225832287222 ], [ 2255883.192489923909307, 2558658.222225832287222 ], [ 2255733.297691194340587, 2558658.222225832287222 ], [ 2255683.333105311263353, 2558658.222225832287222 ], [ 2255533.439347662031651, 2558658.222225832287222 ], [ 2255233.649750201962888, 2558608.257405875716358 ], [ 2255183.685164318885654, 2558608.257405875716358 ], [ 2255133.72057843580842, 2558608.257405875716358 ], [ 2255033.791406670119613, 2558608.257405875716358 ], [ 2254883.896607940085232, 2558608.257405875716358 ], [ 2254584.108051560819149, 2558608.257405875716358 ], [ 2253934.56635291967541, 2558558.292585919611156 ], [ 2253634.777796540874988, 2558558.292585919611156 ], [ 2253035.199642702005804, 2558558.292585919611156 ], [ 2252935.270470935851336, 2558558.292585919611156 ], [ 2252185.798559447750449, 2558708.186004702933133 ], [ 2251686.150618455838412, 2558808.115644615143538 ], [ 2251586.221446689683944, 2558808.115644615143538 ], [ 2251436.326647959649563, 2558808.115644615143538 ], [ 2251286.432890310417861, 2558808.115644615143538 ], [ 2249487.700510955415666, 2558708.186004702933133 ], [ 2248838.158812314271927, 2558708.186004702933133 ], [ 2248338.51087132235989, 2558808.115644615143538 ], [ 2246889.531634229235351, 2559157.867302137892693 ], [ 2246839.567048346158117, 2559157.867302137892693 ], [ 2246789.602462463080883, 2559157.867302137892693 ], [ 2246739.637876580003649, 2559157.867302137892693 ], [ 2246689.673290696926415, 2559207.832122093997896 ], [ 2246639.707663733046502, 2559207.832122093997896 ], [ 2246589.743077849969268, 2559207.832122093997896 ], [ 2245940.201379208825529, 2559157.867302137892693 ], [ 2245840.271166361868382, 2561406.271707141306251 ], [ 2245840.271166361868382, 2561456.236527097411454 ], [ 2245790.306580478791147, 2562555.456319621298462 ], [ 2245740.341994595713913, 2563854.534350884146988 ], [ 2245740.341994595713913, 2564454.109067102428526 ], [ 2245740.341994595713913, 2564504.072845973074436 ], [ 2245690.377408712636679, 2565053.68274223478511 ], [ 2245690.377408712636679, 2565303.505800930783153 ], [ 2245990.165965091902763, 2565503.36403966974467 ], [ 2245990.165965091902763, 2565553.328859626315534 ], [ 2245940.201379208825529, 2566552.619012237526476 ], [ 2245940.201379208825529, 2566602.583832193631679 ], [ 2245940.201379208825529, 2566802.442070933058858 ], [ 2245940.201379208825529, 2566852.40689088916406 ], [ 2245940.201379208825529, 2567052.265129628591239 ] ], [ [ 2296504.559057119768113, 2567052.265129628591239 ], [ 2296504.559057119768113, 2566902.370669759809971 ], [ 2296504.559057119768113, 2566852.40689088916406 ], [ 2296554.523643002845347, 2566852.40689088916406 ], [ 2296604.488228885922581, 2566852.40689088916406 ], [ 2296654.452814768999815, 2566852.40689088916406 ], [ 2296804.347613498568535, 2566802.442070933058858 ], [ 2297553.819524986669421, 2564953.754143408033997 ], [ 2297553.819524986669421, 2564903.789323451928794 ], [ 2297154.100755760911852, 2564703.931084712501615 ], [ 2297004.20699811168015, 2564604.002485885750502 ], [ 2296554.523643002845347, 2564404.144247146323323 ] ] ] } },
{ "type": "Feature", "properties": { }, "geometry": { "type": "LineString", "coordinates": [ [ 2307846.563777964096516, 2557109.321135873440653 ], [ 2307446.846049819141626, 2557159.285955829545856 ], [ 2306897.233522943686694, 2557209.250775786116719 ], [ 2305398.289699967950583, 2557359.144194568973035 ], [ 2305248.394901237916201, 2557359.144194568973035 ], [ 2304898.641758975572884, 2557409.107973439618945 ], [ 2304349.029232100583613, 2557708.89585209172219 ], [ 2304349.029232100583613, 2558508.328807048965245 ], [ 2304299.064646217506379, 2558558.292585919611156 ], [ 2304299.064646217506379, 2559007.973883354570717 ], [ 2304299.064646217506379, 2559107.90248218132183 ], [ 2304299.064646217506379, 2560157.158495834562927 ], [ 2303449.663562963716686, 2560157.158495834562927 ], [ 2302650.227065592538565, 2560107.193675878457725 ], [ 2302650.227065592538565, 2560906.62663083570078 ], [ 2302600.262479709461331, 2561756.023364664055407 ], [ 2302600.262479709461331, 2562555.456319621298462 ], [ 2302600.262479709461331, 2562805.278337231371552 ], [ 2302600.262479709461331, 2563254.959634666331112 ], [ 2302600.262479709461331, 2563304.924454622436315 ], [ 2302600.262479709461331, 2563404.853053449187428 ], [ 2302550.296852745581418, 2563354.889274578541517 ], [ 2302100.614538717083633, 2563354.889274578541517 ], [ 2300951.423858003225178, 2563354.889274578541517 ], [ 2299752.269632487092167, 2563304.924454622436315 ], [ 2299302.586277378257364, 2563304.924454622436315 ], [ 2299302.586277378257364, 2563654.676112145185471 ], [ 2298203.36122362781316, 2563604.711292188614607 ], [ 2296604.488228885922581, 2563554.746472232509404 ], [ 2296604.488228885922581, 2563604.711292188614607 ], [ 2296554.523643002845347, 2564404.144247146323323 ], [ 2297004.20699811168015, 2564604.002485885750502 ], [ 2297154.100755760911852, 2564703.931084712501615 ], [ 2297553.819524986669421, 2564903.789323451928794 ], [ 2297553.819524986669421, 2564953.754143408033997 ], [ 2296804.347613498568535, 2566802.442070933058858 ], [ 2296654.452814768999815, 2566852.40689088916406 ], [ 2296604.488228885922581, 2566852.40689088916406 ], [ 2296554.523643002845347, 2566852.40689088916406 ], [ 2296504.559057119768113, 2566852.40689088916406 ], [ 2296504.559057119768113, 2566902.370669759809971 ], [ 2296504.559057119768113, 2567052.265129628591239 ] ] } },
{ "type": "Feature", "properties": { }, "geometry": { "type": "LineString", "coordinates": [ [ 2245940.201379208825529, 2567052.265129628591239 ], [ 2245940.201379208825529, 2566852.40689088916406 ], [ 2245940.201379208825529, 2566802.442070933058858 ], [ 2245940.201379208825529, 2566602.583832193631679 ], [ 2245940.201379208825529, 2566552.619012237526476 ], [ 2245990.165965091902763, 2565553.328859626315534 ], [ 2245990.165965091902763, 2565503.36403966974467 ], [ 2245690.377408712636679, 2565303.505800930783153 ], [ 2245690.377408712636679, 2565053.68274223478511 ], [ 2245740.341994595713913, 2564504.072845973074436 ], [ 2245740.341994595713913, 2564454.109067102428526 ], [ 2245740.341994595713913, 2563854.534350884146988 ], [ 2245790.306580478791147, 2562555.456319621298462 ], [ 2245840.271166361868382, 2561456.236527097411454 ], [ 2245840.271166361868382, 2561406.271707141306251 ], [ 2245940.201379208825529, 2559157.867302137892693 ], [ 2245990.165965091902763, 2557009.39253704668954 ], [ 2246040.130550974979997, 2555060.774969608988613 ], [ 2245940.201379208825529, 2555060.774969608988613 ], [ 2245940.201379208825529, 2554211.378235781099647 ], [ 2245990.165965091902763, 2553711.732118390034884 ], [ 2245990.165965091902763, 2553611.80351956281811 ], [ 2246190.025349705014378, 2553112.158443257212639 ], [ 2246339.91910735424608, 2552562.547505910042673 ], [ 2246339.91910735424608, 2552512.583727039396763 ], [ 2245140.764881837647408, 2552512.583727039396763 ], [ 2244890.94091134192422, 2552462.618907082825899 ], [ 2242692.490803841501474, 2552412.654087126720697 ], [ 2241893.054306470323354, 2552362.690308256074786 ], [ 2241893.054306470323354, 2552212.795848387293518 ], [ 2241843.088679506443441, 2552212.795848387293518 ], [ 2240244.215684764552861, 2552162.832069516647607 ], [ 2240194.251098881475627, 2552312.725488299969584 ], [ 2239144.990631014108658, 2552262.760668343864381 ], [ 2238095.73016314720735, 2552262.760668343864381 ], [ 2238045.765577264130116, 2552262.760668343864381 ], [ 2237995.800991381052881, 2552262.760668343864381 ], [ 2237995.800991381052881, 2552212.795848387293518 ], [ 2237845.9061926510185, 2552062.902429604437202 ], [ 2237795.941606767941266, 2552012.937609647866338 ], [ 2237745.977020884864032, 2551962.973830777220428 ], [ 2237696.012435001786798, 2551913.009010821115226 ], [ 2237646.047849118709564, 2551913.009010821115226 ], [ 2237396.223878622986376, 2552212.795848387293518 ], [ 2237346.259292739909142, 2552212.795848387293518 ], [ 2237296.293665776029229, 2552212.795848387293518 ], [ 2236996.505109397228807, 2552162.832069516647607 ], [ 2236296.998824872542173, 2552162.832069516647607 ], [ 2236147.104026142973453, 2552162.832069516647607 ], [ 2234398.33727375138551, 2552062.902429604437202 ], [ 2234298.407060904894024, 2552062.902429604437202 ], [ 2233848.724746876396239, 2552062.902429604437202 ], [ 2233798.759119912516326, 2552062.902429604437202 ], [ 2233349.076805884484202, 2552012.937609647866338 ], [ 2233149.217421271372586, 2552012.937609647866338 ], [ 2233099.252835388295352, 2552012.937609647866338 ], [ 2233049.288249505218118, 2552012.937609647866338 ], [ 2233049.288249505218118, 2551962.973830777220428 ], [ 2232999.322622541338205, 2551962.973830777220428 ], [ 2232949.358036658726633, 2551962.973830777220428 ], [ 2232899.393450775649399, 2551962.973830777220428 ], [ 2232899.393450775649399, 2551913.009010821115226 ], [ 2232849.428864892572165, 2551913.009010821115226 ], [ 2232849.428864892572165, 2551863.044190865010023 ], [ 2232799.464279009494931, 2551863.044190865010023 ], [ 2232799.464279009494931, 2551813.079370908904821 ], [ 2232799.464279009494931, 2551763.11559203825891 ], [ 2232749.498652045615017, 2551713.150772081688046 ], [ 2232749.498652045615017, 2551663.185952125582844 ], [ 2232749.498652045615017, 2551613.222173254936934 ], [ 2232749.498652045615017, 2551563.257353298831731 ], [ 2232749.498652045615017, 2551513.292533342260867 ], [ 2232749.498652045615017, 2551463.327713386155665 ], [ 2232699.534066162537783, 2551463.327713386155665 ], [ 2232699.534066162537783, 2551413.363934515509754 ], [ 2232699.534066162537783, 2551363.399114559404552 ], [ 2232749.498652045615017, 2551363.399114559404552 ], [ 2232749.498652045615017, 2551413.363934515509754 ], [ 2232799.464279009494931, 2551413.363934515509754 ], [ 2232799.464279009494931, 2551463.327713386155665 ], [ 2232799.464279009494931, 2551513.292533342260867 ], [ 2232799.464279009494931, 2551563.257353298831731 ], [ 2232849.428864892572165, 2551563.257353298831731 ], [ 2232849.428864892572165, 2551613.222173254936934 ], [ 2232849.428864892572165, 2551663.185952125582844 ], [ 2232899.393450775649399, 2551663.185952125582844 ], [ 2232949.358036658726633, 2551663.185952125582844 ], [ 2232949.358036658726633, 2551613.222173254936934 ], [ 2232999.322622541338205, 2551613.222173254936934 ], [ 2232999.322622541338205, 2551563.257353298831731 ], [ 2232999.322622541338205, 2551513.292533342260867 ], [ 2232999.322622541338205, 2551463.327713386155665 ], [ 2232999.322622541338205, 2551413.363934515509754 ], [ 2232999.322622541338205, 2551363.399114559404552 ], [ 2232999.322622541338205, 2551313.43429460329935 ], [ 2232999.322622541338205, 2551263.469474646728486 ], [ 2232949.358036658726633, 2551213.505695776082575 ], [ 2232949.358036658726633, 2551163.540875819977373 ], [ 2232899.393450775649399, 2551163.540875819977373 ], [ 2232899.393450775649399, 2551113.57605586387217 ], [ 2232949.358036658726633, 2551113.57605586387217 ], [ 2232949.358036658726633, 2551063.61227699322626 ], [ 2232999.322622541338205, 2551063.61227699322626 ], [ 2233049.288249505218118, 2551063.61227699322626 ], [ 2233099.252835388295352, 2551013.647457036655396 ], [ 2233149.217421271372586, 2551013.647457036655396 ], [ 2233149.217421271372586, 2550963.682637080550194 ], [ 2233199.182007154449821, 2550963.682637080550194 ], [ 2233249.146593037527055, 2550963.682637080550194 ], [ 2233249.146593037527055, 2550913.717817124444991 ], [ 2233299.111178920604289, 2550913.717817124444991 ], [ 2233349.076805884484202, 2550913.717817124444991 ], [ 2233349.076805884484202, 2550863.754038253799081 ], [ 2233299.111178920604289, 2550863.754038253799081 ], [ 2233299.111178920604289, 2550813.789218297693878 ], [ 2233299.111178920604289, 2550763.824398341123015 ], [ 2233249.146593037527055, 2550713.859578385017812 ], [ 2233249.146593037527055, 2550663.895799514371902 ], [ 2233299.111178920604289, 2550663.895799514371902 ], [ 2233299.111178920604289, 2550613.930979558266699 ], [ 2233349.076805884484202, 2550613.930979558266699 ], [ 2233349.076805884484202, 2550563.966159601695836 ], [ 2233399.041391767561436, 2550563.966159601695836 ], [ 2233399.041391767561436, 2550514.001339645590633 ], [ 2233449.00597765063867, 2550514.001339645590633 ], [ 2233449.00597765063867, 2550464.037560774944723 ], [ 2233449.00597765063867, 2550414.07274081883952 ], [ 2233498.970563533715904, 2550414.07274081883952 ], [ 2233548.935149416793138, 2550414.07274081883952 ], [ 2233548.935149416793138, 2550364.107920862734318 ], [ 2233598.90077638020739, 2550364.107920862734318 ], [ 2233648.865362263284624, 2550364.107920862734318 ], [ 2233698.829948146361858, 2550364.107920862734318 ], [ 2233748.794534029439092, 2550364.107920862734318 ], [ 2233798.759119912516326, 2550364.107920862734318 ], [ 2233798.759119912516326, 2550314.144141992088407 ], [ 2233798.759119912516326, 2550264.179322035517544 ], [ 2233848.724746876396239, 2550264.179322035517544 ], [ 2233848.724746876396239, 2550214.214502079412341 ], [ 2233898.689332759473473, 2550214.214502079412341 ], [ 2233898.689332759473473, 2550164.249682123307139 ], [ 2233948.653918642550707, 2550164.249682123307139 ], [ 2233948.653918642550707, 2550114.285903252661228 ], [ 2233998.618504525627941, 2550114.285903252661228 ], [ 2234048.583090408705175, 2550114.285903252661228 ], [ 2234048.583090408705175, 2550064.321083296090364 ], [ 2234048.583090408705175, 2550014.356263339985162 ], [ 2234048.583090408705175, 2549964.39144338387996 ], [ 2233998.618504525627941, 2549964.39144338387996 ], [ 2233948.653918642550707, 2549964.39144338387996 ], [ 2233898.689332759473473, 2549964.39144338387996 ], [ 2233898.689332759473473, 2549914.427664513234049 ], [ 2233898.689332759473473, 2549964.39144338387996 ], [ 2233848.724746876396239, 2549914.427664513234049 ], [ 2233798.759119912516326, 2549914.427664513234049 ], [ 2233798.759119912516326, 2549864.462844557128847 ], [ 2233848.724746876396239, 2549864.462844557128847 ], [ 2233848.724746876396239, 2549814.498024600557983 ], [ 2233898.689332759473473, 2549814.498024600557983 ], [ 2233898.689332759473473, 2549764.53320464445278 ], [ 2233948.653918642550707, 2549764.53320464445278 ], [ 2233998.618504525627941, 2549764.53320464445278 ], [ 2233998.618504525627941, 2549714.56942577380687 ], [ 2234048.583090408705175, 2549714.56942577380687 ], [ 2234048.583090408705175, 2549664.604605817701668 ], [ 2234048.583090408705175, 2549614.639785861130804 ], [ 2234048.583090408705175, 2549564.676006990484893 ], [ 2233998.618504525627941, 2549564.676006990484893 ], [ 2233998.618504525627941, 2549514.711187034379691 ], [ 2233998.618504525627941, 2549464.746367078274488 ], [ 2234048.583090408705175, 2549464.746367078274488 ], [ 2234048.583090408705175, 2549414.781547122169286 ], [ 2234048.583090408705175, 2549464.746367078274488 ], [ 2234098.547676291782409, 2549464.746367078274488 ], [ 2234098.547676291782409, 2549414.781547122169286 ], [ 2234098.547676291782409, 2549364.817768251523376 ], [ 2234048.583090408705175, 2549364.817768251523376 ], [ 2233998.618504525627941, 2549364.817768251523376 ], [ 2233998.618504525627941, 2549314.852948294952512 ], [ 2233948.653918642550707, 2549314.852948294952512 ], [ 2233948.653918642550707, 2549264.888128338847309 ], [ 2233948.653918642550707, 2549214.923308382742107 ], [ 2233898.689332759473473, 2549214.923308382742107 ], [ 2233898.689332759473473, 2549164.959529512096196 ], [ 2233898.689332759473473, 2549114.994709555525333 ], [ 2233898.689332759473473, 2549065.02988959942013 ], [ 2233898.689332759473473, 2549015.06611072877422 ], [ 2233948.653918642550707, 2549015.06611072877422 ], [ 2233948.653918642550707, 2548965.101290772669017 ], [ 2233948.653918642550707, 2548915.136470816563815 ], [ 2233898.689332759473473, 2548915.136470816563815 ], [ 2233898.689332759473473, 2548865.171650859992951 ], [ 2233848.724746876396239, 2548865.171650859992951 ], [ 2233798.759119912516326, 2548865.171650859992951 ], [ 2233798.759119912516326, 2548815.207871989347041 ], [ 2233748.794534029439092, 2548815.207871989347041 ], [ 2233748.794534029439092, 2548765.243052033241838 ], [ 2233748.794534029439092, 2548715.278232077136636 ], [ 2233698.829948146361858, 2548665.313412120565772 ], [ 2233748.794534029439092, 2548665.313412120565772 ], [ 2233748.794534029439092, 2548615.349633249919862 ], [ 2233698.829948146361858, 2548615.349633249919862 ], [ 2233748.794534029439092, 2548615.349633249919862 ], [ 2233698.829948146361858, 2548615.349633249919862 ], [ 2233748.794534029439092, 2548615.349633249919862 ], [ 2233698.829948146361858, 2548615.349633249919862 ], [ 2233698.829948146361858, 2548565.384813293814659 ], [ 2233648.865362263284624, 2548515.419993337709457 ], [ 2233598.90077638020739, 2548515.419993337709457 ], [ 2233598.90077638020739, 2548465.455173381604254 ], [ 2233548.935149416793138, 2548465.455173381604254 ], [ 2233498.970563533715904, 2548465.455173381604254 ], [ 2233498.970563533715904, 2548415.491394510492682 ], [ 2233449.00597765063867, 2548415.491394510492682 ], [ 2233449.00597765063867, 2548365.52657455438748 ], [ 2233449.00597765063867, 2548315.561754598282278 ], [ 2233449.00597765063867, 2548265.597975727636367 ], [ 2233399.041391767561436, 2548265.597975727636367 ], [ 2233399.041391767561436, 2548215.633155771531165 ], [ 2233399.041391767561436, 2548165.668335814960301 ], [ 2233449.00597765063867, 2548165.668335814960301 ], [ 2233449.00597765063867, 2548115.703515858855098 ], [ 2233498.970563533715904, 2548115.703515858855098 ], [ 2233498.970563533715904, 2548065.739736988209188 ], [ 2233498.970563533715904, 2548015.774917032103986 ], [ 2233498.970563533715904, 2547965.810097075533122 ], [ 2233548.935149416793138, 2547965.810097075533122 ], [ 2233548.935149416793138, 2547915.845277119427919 ], [ 2233598.90077638020739, 2547915.845277119427919 ], [ 2233598.90077638020739, 2547865.881498248782009 ], [ 2233648.865362263284624, 2547865.881498248782009 ], [ 2233698.829948146361858, 2547865.881498248782009 ], [ 2233698.829948146361858, 2547815.916678292676806 ], [ 2233648.865362263284624, 2547815.916678292676806 ], [ 2233648.865362263284624, 2547765.951858336571604 ], [ 2233598.90077638020739, 2547765.951858336571604 ], [ 2233548.935149416793138, 2547715.98703838000074 ], [ 2233498.970563533715904, 2547715.98703838000074 ], [ 2233349.076805884484202, 2547666.02325950935483 ], [ 2233349.076805884484202, 2547616.058439553249627 ], [ 2233299.111178920604289, 2547616.058439553249627 ], [ 2233249.146593037527055, 2547616.058439553249627 ], [ 2233199.182007154449821, 2547616.058439553249627 ], [ 2233199.182007154449821, 2547566.093619597144425 ], [ 2233199.182007154449821, 2547516.129840726498514 ], [ 2233199.182007154449821, 2547466.165020769927651 ], [ 2233199.182007154449821, 2547416.200200813822448 ], [ 2233199.182007154449821, 2547366.235380857717246 ], [ 2233249.146593037527055, 2547366.235380857717246 ], [ 2233249.146593037527055, 2547316.271601987071335 ], [ 2233199.182007154449821, 2547316.271601987071335 ], [ 2233199.182007154449821, 2547266.306782030966133 ], [ 2233149.217421271372586, 2547266.306782030966133 ], [ 2233099.252835388295352, 2547316.271601987071335 ], [ 2233049.288249505218118, 2547316.271601987071335 ], [ 2232999.322622541338205, 2547316.271601987071335 ], [ 2232999.322622541338205, 2547366.235380857717246 ], [ 2232949.358036658726633, 2547366.235380857717246 ], [ 2232849.428864892572165, 2547366.235380857717246 ], [ 2232849.428864892572165, 2547416.200200813822448 ], [ 2232799.464279009494931, 2547416.200200813822448 ], [ 2232749.498652045615017, 2547416.200200813822448 ], [ 2232749.498652045615017, 2547366.235380857717246 ], [ 2232749.498652045615017, 2547316.271601987071335 ], [ 2232799.464279009494931, 2547316.271601987071335 ], [ 2232799.464279009494931, 2547266.306782030966133 ], [ 2232849.428864892572165, 2547166.377142118290067 ], [ 2232849.428864892572165, 2547116.413363247644156 ], [ 2232849.428864892572165, 2547066.448543291538954 ], [ 2232849.428864892572165, 2547016.48372333496809 ], [ 2232799.464279009494931, 2547016.48372333496809 ], [ 2232799.464279009494931, 2546966.51994446432218 ], [ 2232749.498652045615017, 2546966.51994446432218 ], [ 2232699.534066162537783, 2546966.51994446432218 ], [ 2232699.534066162537783, 2547016.48372333496809 ], [ 2232649.569480279460549, 2547016.48372333496809 ], [ 2232599.604894396383315, 2547016.48372333496809 ], [ 2232549.640308513306081, 2546966.51994446432218 ], [ 2232499.674681549426168, 2546916.555124508216977 ], [ 2232549.640308513306081, 2546916.555124508216977 ], [ 2232599.604894396383315, 2546916.555124508216977 ], [ 2232599.604894396383315, 2546866.590304552111775 ], [ 2232649.569480279460549, 2546866.590304552111775 ], [ 2232649.569480279460549, 2546816.625484596006572 ], [ 2232649.569480279460549, 2546766.661705725360662 ], [ 2232649.569480279460549, 2546716.696885768789798 ], [ 2232699.534066162537783, 2546716.696885768789798 ], [ 2232649.569480279460549, 2546666.732065812684596 ], [ 2232699.534066162537783, 2546666.732065812684596 ], [ 2232649.569480279460549, 2546616.767245856579393 ], [ 2232649.569480279460549, 2546566.803466985933483 ], [ 2232649.569480279460549, 2546516.838647029362619 ], [ 2232649.569480279460549, 2546466.873827073257416 ], [ 2232599.604894396383315, 2546466.873827073257416 ], [ 2232599.604894396383315, 2546416.909007117152214 ], [ 2232599.604894396383315, 2546366.945228246506304 ], [ 2232599.604894396383315, 2546316.980408290401101 ], [ 2232599.604894396383315, 2546267.015588333830237 ], [ 2232599.604894396383315, 2546217.051809463184327 ], [ 2232549.640308513306081, 2546217.051809463184327 ], [ 2232549.640308513306081, 2546167.086989507079124 ], [ 2232549.640308513306081, 2546117.122169550973922 ], [ 2232499.674681549426168, 2546117.122169550973922 ], [ 2232499.674681549426168, 2546067.157349594403058 ], [ 2232499.674681549426168, 2546017.193570723757148 ], [ 2232449.710095666348934, 2546017.193570723757148 ], [ 2232449.710095666348934, 2545967.228750767651945 ], [ 2232399.7455097832717, 2545967.228750767651945 ], [ 2232399.7455097832717, 2545917.263930811546743 ], [ 2232399.7455097832717, 2545867.29911085544154 ], [ 2232449.710095666348934, 2545867.29911085544154 ], [ 2232449.710095666348934, 2545817.33533198479563 ], [ 2232499.674681549426168, 2545817.33533198479563 ], [ 2232499.674681549426168, 2545767.370512028224766 ], [ 2232549.640308513306081, 2545767.370512028224766 ], [ 2232549.640308513306081, 2545717.405692072119564 ], [ 2232599.604894396383315, 2545717.405692072119564 ], [ 2232599.604894396383315, 2545667.440872116014361 ], [ 2232649.569480279460549, 2545667.440872116014361 ], [ 2232699.534066162537783, 2545667.440872116014361 ], [ 2232699.534066162537783, 2545617.477093245368451 ], [ 2232649.569480279460549, 2545617.477093245368451 ], [ 2232599.604894396383315, 2545567.512273288797587 ], [ 2232599.604894396383315, 2545617.477093245368451 ], [ 2232549.640308513306081, 2545617.477093245368451 ], [ 2232499.674681549426168, 2545617.477093245368451 ], [ 2232449.710095666348934, 2545617.477093245368451 ], [ 2232399.7455097832717, 2545567.512273288797587 ], [ 2232349.780923900194466, 2545567.512273288797587 ], [ 2232349.780923900194466, 2545517.547453332692385 ], [ 2232349.780923900194466, 2545467.583674462046474 ], [ 2232399.7455097832717, 2545467.583674462046474 ], [ 2232399.7455097832717, 2545417.618854505941272 ], [ 2232399.7455097832717, 2545367.654034549836069 ], [ 2232449.710095666348934, 2545367.654034549836069 ], [ 2232449.710095666348934, 2545317.689214593265206 ], [ 2232449.710095666348934, 2545267.725435722619295 ], [ 2232449.710095666348934, 2545217.760615766514093 ], [ 2232449.710095666348934, 2545167.79579581040889 ], [ 2232449.710095666348934, 2545117.830975853838027 ], [ 2232499.674681549426168, 2545117.830975853838027 ], [ 2232549.640308513306081, 2545117.830975853838027 ], [ 2232599.604894396383315, 2545117.830975853838027 ], [ 2232599.604894396383315, 2545067.867196983192116 ], [ 2232549.640308513306081, 2545067.867196983192116 ], [ 2232549.640308513306081, 2545017.902377027086914 ], [ 2232499.674681549426168, 2545017.902377027086914 ], [ 2232499.674681549426168, 2544967.937557070981711 ], [ 2232449.710095666348934, 2544967.937557070981711 ], [ 2232449.710095666348934, 2544917.973778200335801 ], [ 2232449.710095666348934, 2544868.008958244230598 ], [ 2232449.710095666348934, 2544818.044138287659734 ], [ 2232499.674681549426168, 2544818.044138287659734 ], [ 2232499.674681549426168, 2544768.079318331554532 ], [ 2232499.674681549426168, 2544718.115539460908622 ], [ 2232449.710095666348934, 2544668.150719504803419 ], [ 2232449.710095666348934, 2544618.185899548232555 ], [ 2232399.7455097832717, 2544568.221079592127353 ], [ 2232399.7455097832717, 2544618.185899548232555 ], [ 2232349.780923900194466, 2544618.185899548232555 ], [ 2232349.780923900194466, 2544568.221079592127353 ], [ 2232299.816338017117232, 2544568.221079592127353 ], [ 2232249.851752134039998, 2544518.257300721481442 ], [ 2232199.886125170625746, 2544468.29248076537624 ], [ 2232149.921539287548512, 2544468.29248076537624 ], [ 2232099.956953404471278, 2544468.29248076537624 ], [ 2232049.992367521394044, 2544468.29248076537624 ], [ 2232049.992367521394044, 2544418.327660809271038 ], [ 2232000.02778163831681, 2544418.327660809271038 ], [ 2232000.02778163831681, 2544368.362840852700174 ], [ 2231950.062154674436897, 2544368.362840852700174 ], [ 2231950.062154674436897, 2544318.399061982054263 ], [ 2231950.062154674436897, 2544268.434242025949061 ], [ 2231950.062154674436897, 2544218.469422069843858 ], [ 2232000.02778163831681, 2544218.469422069843858 ], [ 2232000.02778163831681, 2544168.505643199197948 ], [ 2232049.992367521394044, 2544118.540823242627084 ], [ 2232049.992367521394044, 2544068.576003286521882 ], [ 2232049.992367521394044, 2544018.611183330416679 ], [ 2232000.02778163831681, 2543968.647404459770769 ], [ 2231950.062154674436897, 2543918.682584503199905 ], [ 2231900.097568791359663, 2543918.682584503199905 ], [ 2231900.097568791359663, 2543868.717764547094703 ], [ 2231900.097568791359663, 2543818.7529445909895 ], [ 2231900.097568791359663, 2543768.78916572034359 ], [ 2231550.344426529482007, 2543768.78916572034359 ], [ 2231400.449627799447626, 2543768.78916572034359 ], [ 2231150.625657303258777, 2543768.78916572034359 ], [ 2231100.661071420181543, 2543768.78916572034359 ], [ 2230900.802727887872607, 2543768.78916572034359 ], [ 2230850.837100924458355, 2543768.78916572034359 ], [ 2230800.872515041381121, 2543768.78916572034359 ], [ 2229351.894319029059261, 2543818.7529445909895 ], [ 2229301.929733145982027, 2543868.717764547094703 ], [ 2229251.964106182102114, 2543868.717764547094703 ], [ 2229201.99952029902488, 2543868.717764547094703 ], [ 2229201.99952029902488, 2543818.7529445909895 ], [ 2229152.034934415947646, 2543818.7529445909895 ], [ 2228952.175549803301692, 2543818.7529445909895 ], [ 2228902.210963920224458, 2543768.78916572034359 ], [ 2228852.246378037147224, 2543768.78916572034359 ], [ 2228852.246378037147224, 2543818.7529445909895 ], [ 2220907.845990208908916, 2544468.29248076537624 ], [ 2220358.233463333919644, 2544468.29248076537624 ], [ 2220308.26887745084241, 2544468.29248076537624 ], [ 2220158.37407872127369, 2544518.257300721481442 ], [ 2220108.409492838196456, 2544518.257300721481442 ], [ 2219209.043823700863868, 2544568.221079592127353 ], [ 2216960.628089236561209, 2544768.079318331554532 ], [ 2212663.657046002335846, 2545067.867196983192116 ], [ 2209565.841269364580512, 2545317.689214593265206 ], [ 2207167.531777251511812, 2545517.547453332692385 ], [ 2207067.601564404554665, 2544018.611183330416679 ], [ 2206917.707806755322963, 2544068.576003286521882 ], [ 2202720.665935287252069, 2544468.29248076537624 ], [ 2202121.088822528719902, 2544568.221079592127353 ], [ 2200172.462685524486005, 2544967.937557070981711 ], [ 2200122.497058560606092, 2544917.973778200335801 ], [ 2200022.567886794917285, 2544917.973778200335801 ], [ 2198723.483448431827128, 2544868.008958244230598 ], [ 2195375.843701297882944, 2545167.79579581040889 ], [ 2194876.195760305970907, 2545217.760615766514093 ], [ 2194826.231174422893673, 2545217.760615766514093 ], [ 2191028.907031099777669, 2545567.512273288797587 ], [ 2189929.681977349799126, 2545667.440872116014361 ], [ 2188230.879810841288418, 2545817.33533198479563 ], [ 2187081.690171208232641, 2545917.263930811546743 ], [ 2186831.866200712043792, 2545967.228750767651945 ], [ 2184333.626495752017945, 2546167.086989507079124 ], [ 2184283.661909868940711, 2546167.086989507079124 ], [ 2184383.592122715897858, 2547066.448543291538954 ], [ 2184483.521294482052326, 2548215.633155771531165 ], [ 2184633.416093211621046, 2549614.639785861130804 ], [ 2184633.416093211621046, 2549714.56942577380687 ], [ 2184633.416093211621046, 2549764.53320464445278 ], [ 2184633.416093211621046, 2549814.498024600557983 ], [ 2184633.416093211621046, 2549964.39144338387996 ], [ 2184633.416093211621046, 2550164.249682123307139 ], [ 2184683.38067909469828, 2550214.214502079412341 ], [ 2184683.38067909469828, 2550264.179322035517544 ], [ 2184683.38067909469828, 2550314.144141992088407 ], [ 2184683.38067909469828, 2550364.107920862734318 ], [ 2184683.38067909469828, 2550464.037560774944723 ], [ 2184733.345264977775514, 2550613.930979558266699 ], [ 2184733.345264977775514, 2550713.859578385017812 ], [ 2184733.345264977775514, 2551063.61227699322626 ], [ 2184783.309850860852748, 2551413.363934515509754 ], [ 2184783.309850860852748, 2551713.150772081688046 ], [ 2184833.274436743929982, 2551813.079370908904821 ], [ 2184883.239022627007216, 2552262.760668343864381 ], [ 2184883.239022627007216, 2552362.690308256074786 ], [ 2184933.204649590887129, 2552662.477145822253078 ], [ 2184933.204649590887129, 2552912.30020451778546 ], [ 2184933.204649590887129, 2553062.193623301107436 ], [ 2184983.169235473964363, 2553162.122222127858549 ], [ 2184983.169235473964363, 2553312.015640911180526 ], [ 2184983.169235473964363, 2553411.945280823390931 ], [ 2184983.169235473964363, 2553461.910100779961795 ], [ 2184983.169235473964363, 2553511.873879650607705 ], [ 2184883.239022627007216, 2553511.873879650607705 ], [ 2184833.274436743929982, 2553511.873879650607705 ], [ 2184783.309850860852748, 2553511.873879650607705 ], [ 2184683.38067909469828, 2553511.873879650607705 ], [ 2184633.416093211621046, 2553561.838699606712908 ], [ 2184583.450466248206794, 2553611.80351956281811 ], [ 2184533.48588036512956, 2553661.768339519388974 ], [ 2184483.521294482052326, 2553661.768339519388974 ], [ 2184483.521294482052326, 2553711.732118390034884 ], [ 2184483.521294482052326, 2553761.696938346140087 ], [ 2184483.521294482052326, 2553861.6255371728912 ], [ 2184483.521294482052326, 2553911.590357129462063 ], [ 2184483.521294482052326, 2554011.519997041672468 ], [ 2184533.48588036512956, 2554211.378235781099647 ], [ 2184483.521294482052326, 2554261.342014651745558 ], [ 2184483.521294482052326, 2554361.271654564421624 ], [ 2184533.48588036512956, 2554461.200253391172737 ], [ 2184533.48588036512956, 2554511.165073347277939 ], [ 2184533.48588036512956, 2554860.916730870027095 ], [ 2184683.38067909469828, 2556159.994762132875621 ], [ 2184683.38067909469828, 2556459.782640784513205 ], [ 2184783.309850860852748, 2557658.931032135151327 ], [ 2184433.556708598975092, 2557708.89585209172219 ], [ 2184533.48588036512956, 2558658.222225832287222 ], [ 2184583.450466248206794, 2559307.760720920749009 ], [ 2184583.450466248206794, 2559357.725540877319872 ], [ 2184583.450466248206794, 2559607.548599572852254 ], [ 2184583.450466248206794, 2559657.512378443498164 ], [ 2184683.38067909469828, 2560406.980513444636017 ], [ 2184683.38067909469828, 2560456.94533340074122 ], [ 2184683.38067909469828, 2560506.910153356846422 ], [ 2184783.309850860852748, 2561706.058544707484543 ], [ 2184683.38067909469828, 2561706.058544707484543 ], [ 2184733.345264977775514, 2562105.775022186338902 ], [ 2184833.274436743929982, 2563155.031035839579999 ], [ 2185682.675519998185337, 2563105.066215883009136 ], [ 2185782.605732845142484, 2563854.534350884146988 ], [ 2185532.781762348953635, 2563854.534350884146988 ], [ 2185332.922377735842019, 2563904.499170840717852 ], [ 2184933.204649590887129, 2563954.462949711363763 ], [ 2183584.155625344719738, 2564054.392589623574167 ], [ 2183284.366027885116637, 2564104.356368494220078 ], [ 2182984.577471505850554, 2564104.356368494220078 ], [ 2182734.753501009661704, 2564154.321188450790942 ], [ 2180985.986748618539423, 2564304.214607233647257 ], [ 2180686.19819223927334, 2564304.214607233647257 ], [ 2180586.267979392781854, 2564304.214607233647257 ], [ 2179636.937724372372031, 2564404.144247146323323 ], [ 2179187.254369263537228, 2564454.109067102428526 ], [ 2178937.430398767348379, 2564454.109067102428526 ], [ 2178287.88870012620464, 2564554.037665929179639 ], [ 2178237.924114243127406, 2564554.037665929179639 ], [ 2178237.924114243127406, 2564504.072845973074436 ], [ 2178187.958487279247493, 2564454.109067102428526 ], [ 2178038.06472963001579, 2564304.214607233647257 ], [ 2177988.100143746938556, 2564254.250828363001347 ], [ 2177938.134516783524305, 2564254.250828363001347 ], [ 2177738.276173251215369, 2564304.214607233647257 ], [ 2177438.487616871949285, 2564604.002485885750502 ], [ 2177388.521989908069372, 2564604.002485885750502 ], [ 2176589.085492537356913, 2564703.931084712501615 ], [ 2175489.860438786912709, 2564803.860724625177681 ], [ 2175389.931267020758241, 2564803.860724625177681 ], [ 2175339.966681137681007, 2564853.824503495823592 ], [ 2175290.001054173801094, 2564853.824503495823592 ], [ 2175240.036468291189522, 2564853.824503495823592 ], [ 2175190.071882408112288, 2564953.754143408033997 ], [ 2175140.107296525035053, 2564953.754143408033997 ], [ 2175140.107296525035053, 2565003.718963364139199 ], [ 2175140.107296525035053, 2565053.68274223478511 ], [ 2175140.107296525035053, 2565153.612382147461176 ], [ 2175140.107296525035053, 2565253.540980974212289 ], [ 2175190.071882408112288, 2565303.505800930783153 ], [ 2175190.071882408112288, 2565403.435440842993557 ], [ 2175240.036468291189522, 2565503.36403966974467 ], [ 2175240.036468291189522, 2565603.292638496961445 ], [ 2175240.036468291189522, 2565703.222278409171849 ], [ 2175240.036468291189522, 2565803.150877236388624 ], [ 2175240.036468291189522, 2565903.080517148599029 ], [ 2175290.001054173801094, 2565953.045337104704231 ], [ 2175290.001054173801094, 2566003.009115975350142 ], [ 2175290.001054173801094, 2566052.973935931921005 ], [ 2175240.036468291189522, 2566102.938755888026208 ], [ 2175240.036468291189522, 2566202.867354714777321 ], [ 2175240.036468291189522, 2566252.832174671348184 ], [ 2175290.001054173801094, 2566352.760773498099297 ], [ 2175290.001054173801094, 2566502.655233366880566 ], [ 2175290.001054173801094, 2566602.583832193631679 ], [ 2175339.966681137681007, 2566652.548652149736881 ], [ 2175339.966681137681007, 2566702.513472106307745 ], [ 2175339.966681137681007, 2566802.442070933058858 ], [ 2175339.966681137681007, 2566852.40689088916406 ], [ 2175339.966681137681007, 2566952.335489715915173 ], [ 2175389.931267020758241, 2567052.265129628591239 ] ] } },
{ "type": "Feature", "properties": { }, "geometry": { "type": "MultiLineString", "coordinates": [ [ [ 2280765.653080193791538, 2513190.49009053921327 ], [ 2280765.653080193791538, 2513140.525270583108068 ], [ 2280815.617666076868773, 2513140.525270583108068 ], [ 2280815.617666076868773, 2513090.560450627002865 ], [ 2280815.617666076868773, 2513040.596671756356955 ], [ 2280815.617666076868773, 2512990.631851799786091 ], [ 2280865.582251959946007, 2512990.631851799786091 ], [ 2280865.582251959946007, 2513040.596671756356955 ], [ 2280915.54787892382592, 2513040.596671756356955 ], [ 2280915.54787892382592, 2513090.560450627002865 ], [ 2280965.512464806903154, 2513040.596671756356955 ], [ 2281015.477050689980388, 2512990.631851799786091 ], [ 2281065.441636573057622, 2512990.631851799786091 ], [ 2281065.441636573057622, 2513040.596671756356955 ], [ 2281065.441636573057622, 2513090.560450627002865 ], [ 2281115.406222456134856, 2513090.560450627002865 ], [ 2281165.37080833921209, 2513140.525270583108068 ], [ 2281215.336435303092003, 2513140.525270583108068 ], [ 2281215.336435303092003, 2513090.560450627002865 ], [ 2281215.336435303092003, 2513040.596671756356955 ], [ 2281165.37080833921209, 2513040.596671756356955 ], [ 2281215.336435303092003, 2513040.596671756356955 ], [ 2281215.336435303092003, 2512990.631851799786091 ], [ 2281265.301021186169237, 2512990.631851799786091 ], [ 2281315.26560706878081, 2512990.631851799786091 ], [ 2281365.230192951858044, 2512990.631851799786091 ], [ 2281415.194778834935278, 2512990.631851799786091 ], [ 2281415.194778834935278, 2512940.667031843680888 ], [ 2281415.194778834935278, 2512890.703252973034978 ], [ 2281415.194778834935278, 2512840.738433016929775 ], [ 2281365.230192951858044, 2512840.738433016929775 ], [ 2281365.230192951858044, 2512790.773613060358912 ], [ 2281415.194778834935278, 2512790.773613060358912 ], [ 2281465.160405798815191, 2512790.773613060358912 ], [ 2281465.160405798815191, 2512740.808793104253709 ], [ 2281415.194778834935278, 2512740.808793104253709 ], [ 2281415.194778834935278, 2512690.845014233607799 ], [ 2281365.230192951858044, 2512640.880194277502596 ], [ 2281415.194778834935278, 2512640.880194277502596 ], [ 2281415.194778834935278, 2512590.915374321397394 ], [ 2281465.160405798815191, 2512590.915374321397394 ], [ 2281515.124991681892425, 2512590.915374321397394 ], [ 2281565.089577564969659, 2512590.915374321397394 ], [ 2281615.054163448046893, 2512590.915374321397394 ], [ 2281615.054163448046893, 2512540.95055436482653 ], [ 2281615.054163448046893, 2512490.98677549418062 ], [ 2281565.089577564969659, 2512441.021955538075417 ], [ 2281565.089577564969659, 2512391.057135581970215 ], [ 2281615.054163448046893, 2512391.057135581970215 ], [ 2281615.054163448046893, 2512341.092315625399351 ], [ 2281665.018749331124127, 2512341.092315625399351 ], [ 2281665.018749331124127, 2512291.128536754753441 ], [ 2281665.018749331124127, 2512241.163716798648238 ], [ 2281714.98437629500404, 2512241.163716798648238 ], [ 2281764.948962178081274, 2512291.128536754753441 ], [ 2281764.948962178081274, 2512241.163716798648238 ], [ 2281814.913548061158508, 2512241.163716798648238 ], [ 2281814.913548061158508, 2512191.198896842543036 ], [ 2281814.913548061158508, 2512241.163716798648238 ], [ 2281864.878133944235742, 2512241.163716798648238 ], [ 2281864.878133944235742, 2512191.198896842543036 ], [ 2281864.878133944235742, 2512141.235117971897125 ], [ 2281864.878133944235742, 2512091.270298015326262 ], [ 2281914.842719827312976, 2512091.270298015326262 ], [ 2281914.842719827312976, 2512041.305478059221059 ], [ 2281964.80730571039021, 2512041.305478059221059 ], [ 2281964.80730571039021, 2512091.270298015326262 ], [ 2282014.772932673804462, 2512091.270298015326262 ], [ 2282064.737518556881696, 2512091.270298015326262 ], [ 2282064.737518556881696, 2512041.305478059221059 ], [ 2282114.70210443995893, 2512041.305478059221059 ], [ 2282164.666690323036164, 2512041.305478059221059 ], [ 2282164.666690323036164, 2511991.340658103115857 ], [ 2282114.70210443995893, 2511941.376879232469946 ], [ 2282114.70210443995893, 2511891.412059276364744 ], [ 2282164.666690323036164, 2511891.412059276364744 ], [ 2282214.631276206113398, 2511891.412059276364744 ], [ 2282214.631276206113398, 2511841.44723931979388 ], [ 2282214.631276206113398, 2511791.482419363688678 ], [ 2282264.596903169993311, 2511791.482419363688678 ], [ 2282264.596903169993311, 2511741.518640493042767 ], [ 2282214.631276206113398, 2511741.518640493042767 ], [ 2282214.631276206113398, 2511691.553820536937565 ], [ 2282214.631276206113398, 2511641.589000580366701 ], [ 2282264.596903169993311, 2511641.589000580366701 ], [ 2282314.561489053070545, 2511641.589000580366701 ], [ 2282364.526074936147779, 2511641.589000580366701 ], [ 2282364.526074936147779, 2511691.553820536937565 ], [ 2282364.526074936147779, 2511741.518640493042767 ], [ 2282414.490660819225013, 2511741.518640493042767 ], [ 2282414.490660819225013, 2511691.553820536937565 ], [ 2282464.455246702302247, 2511691.553820536937565 ], [ 2282464.455246702302247, 2511641.589000580366701 ], [ 2282464.455246702302247, 2511591.624180624261498 ], [ 2282514.419832585379481, 2511591.624180624261498 ], [ 2282564.385459549259394, 2511591.624180624261498 ], [ 2282614.350045432336628, 2511591.624180624261498 ], [ 2282664.314631314948201, 2511591.624180624261498 ], [ 2282664.314631314948201, 2511641.589000580366701 ], [ 2282664.314631314948201, 2511591.624180624261498 ], [ 2282664.314631314948201, 2511541.660401753615588 ], [ 2282664.314631314948201, 2511491.695581797510386 ], [ 2282714.279217198025435, 2511491.695581797510386 ], [ 2282764.243803081102669, 2511491.695581797510386 ], [ 2282764.243803081102669, 2511441.730761841405183 ], [ 2282814.209430044982582, 2511391.766982970759273 ], [ 2282864.174015928059816, 2511441.730761841405183 ], [ 2282914.13860181113705, 2511441.730761841405183 ], [ 2282914.13860181113705, 2511391.766982970759273 ], [ 2282914.13860181113705, 2511341.802163014188409 ], [ 2282964.103187694214284, 2511341.802163014188409 ], [ 2282964.103187694214284, 2511391.766982970759273 ], [ 2282964.103187694214284, 2511441.730761841405183 ], [ 2283014.067773577291518, 2511441.730761841405183 ], [ 2283014.067773577291518, 2511491.695581797510386 ], [ 2283064.033400541171432, 2511491.695581797510386 ], [ 2283064.033400541171432, 2511441.730761841405183 ], [ 2283064.033400541171432, 2511391.766982970759273 ], [ 2283064.033400541171432, 2511341.802163014188409 ], [ 2283113.997986424248666, 2511341.802163014188409 ], [ 2283163.9625723073259, 2511391.766982970759273 ], [ 2283163.9625723073259, 2511341.802163014188409 ], [ 2283213.927158190403134, 2511341.802163014188409 ], [ 2283163.9625723073259, 2511341.802163014188409 ], [ 2283163.9625723073259, 2511291.837343058083206 ], [ 2283113.997986424248666, 2511291.837343058083206 ], [ 2283113.997986424248666, 2511241.872523101978004 ], [ 2283113.997986424248666, 2511191.908744231332093 ], [ 2283163.9625723073259, 2511191.908744231332093 ], [ 2283163.9625723073259, 2511141.94392427476123 ], [ 2283163.9625723073259, 2511091.979104318656027 ], [ 2283113.997986424248666, 2511042.014284362550825 ], [ 2283163.9625723073259, 2511042.014284362550825 ], [ 2283213.927158190403134, 2511042.014284362550825 ], [ 2283213.927158190403134, 2511091.979104318656027 ], [ 2283213.927158190403134, 2511042.014284362550825 ], [ 2283263.891744073480368, 2511042.014284362550825 ], [ 2283263.891744073480368, 2510992.050505491904914 ], [ 2283213.927158190403134, 2510992.050505491904914 ], [ 2283213.927158190403134, 2510942.085685535799712 ], [ 2283263.891744073480368, 2510892.120865579228848 ], [ 2283263.891744073480368, 2510842.157086708582938 ], [ 2283313.856329956557602, 2510842.157086708582938 ], [ 2283313.856329956557602, 2510792.192266752477735 ], [ 2283263.891744073480368, 2510792.192266752477735 ], [ 2283263.891744073480368, 2510742.227446796372533 ], [ 2283263.891744073480368, 2510692.262626839801669 ], [ 2283313.856329956557602, 2510692.262626839801669 ], [ 2283363.821956919971853, 2510742.227446796372533 ], [ 2283363.821956919971853, 2510692.262626839801669 ], [ 2283363.821956919971853, 2510642.298847969155759 ], [ 2283413.786542803049088, 2510642.298847969155759 ], [ 2283413.786542803049088, 2510692.262626839801669 ], [ 2283463.751128686126322, 2510692.262626839801669 ], [ 2283513.715714569203556, 2510642.298847969155759 ], [ 2283463.751128686126322, 2510642.298847969155759 ], [ 2283413.786542803049088, 2510592.334028013050556 ], [ 2283363.821956919971853, 2510592.334028013050556 ], [ 2283263.891744073480368, 2510592.334028013050556 ], [ 2283113.997986424248666, 2510592.334028013050556 ], [ 2282964.103187694214284, 2510592.334028013050556 ], [ 2282464.455246702302247, 2510592.334028013050556 ], [ 2282514.419832585379481, 2508743.646100488025695 ], [ 2282564.385459549259394, 2507144.780190573539585 ], [ 2282564.385459549259394, 2507094.816411702893674 ], [ 2282614.350045432336628, 2506045.560398049652576 ], [ 2282614.350045432336628, 2505495.950501787941903 ], [ 2282614.350045432336628, 2504646.553767959587276 ], [ 2282664.314631314948201, 2503547.333975436165929 ], [ 2282114.70210443995893, 2503347.47573669673875 ], [ 2282014.772932673804462, 2503297.510916740167886 ], [ 2281065.441636573057622, 2502847.829619305208325 ], [ 2280915.54787892382592, 2502797.865840434562415 ], [ 2280865.582251959946007, 2502797.865840434562415 ], [ 2280515.829109698068351, 2502747.901020478457212 ], [ 2279466.568641830701381, 2502747.901020478457212 ], [ 2278417.308173963800073, 2502747.901020478457212 ], [ 2278467.272759846877307, 2502747.901020478457212 ], [ 2278417.308173963800073, 2503797.155993045773357 ], [ 2277867.695647088810802, 2503747.192214175127447 ], [ 2277917.660232971888036, 2503747.192214175127447 ], [ 2277917.660232971888036, 2503797.155993045773357 ], [ 2277867.695647088810802, 2503797.155993045773357 ], [ 2277717.801889439579099, 2503797.155993045773357 ], [ 2277418.012291979510337, 2503547.333975436165929 ], [ 2277318.083120213355869, 2503647.262574262917042 ], [ 2277168.189362564589828, 2503497.369155479595065 ], [ 2277118.223735600709915, 2504696.518587915692478 ], [ 2277118.223735600709915, 2504746.482366786338389 ], [ 2277168.189362564589828, 2504746.482366786338389 ], [ 2277118.223735600709915, 2505795.738380439579487 ], [ 2277118.223735600709915, 2506295.383456745184958 ], [ 2277867.695647088810802, 2506345.34827670129016 ], [ 2277967.62481885496527, 2506395.312055571936071 ], [ 2278067.555031701456755, 2506395.312055571936071 ], [ 2278067.555031701456755, 2506345.34827670129016 ], [ 2278067.555031701456755, 2506295.383456745184958 ], [ 2278217.448789350688457, 2506295.383456745184958 ], [ 2278217.448789350688457, 2506345.34827670129016 ], [ 2278217.448789350688457, 2506395.312055571936071 ], [ 2278267.414416314568371, 2506445.276875528506935 ], [ 2278267.414416314568371, 2506495.241695484612137 ], [ 2278217.448789350688457, 2506545.20651544071734 ], [ 2278217.448789350688457, 2506595.17029431136325 ], [ 2278217.448789350688457, 2506645.135114267468452 ], [ 2278167.484203467611223, 2506645.135114267468452 ], [ 2278117.519617584533989, 2506645.135114267468452 ], [ 2278117.519617584533989, 2506695.099934224039316 ], [ 2278117.519617584533989, 2506745.064754180144519 ], [ 2278067.555031701456755, 2506745.064754180144519 ], [ 2278017.590445818379521, 2506795.028533050790429 ], [ 2277967.62481885496527, 2506745.064754180144519 ], [ 2277917.660232971888036, 2506795.028533050790429 ], [ 2277867.695647088810802, 2506795.028533050790429 ], [ 2277817.731061205733567, 2506844.993353006895632 ], [ 2277817.731061205733567, 2506894.958172963466495 ], [ 2277817.731061205733567, 2506944.921951834112406 ], [ 2277767.766475322656333, 2506944.921951834112406 ], [ 2277767.766475322656333, 2506994.886771790217608 ], [ 2277767.766475322656333, 2507044.851591746322811 ], [ 2277767.766475322656333, 2507144.780190573539585 ], [ 2277767.766475322656333, 2507194.745010529644787 ], [ 2277817.731061205733567, 2507244.70983048574999 ], [ 2277817.731061205733567, 2507294.674650441855192 ], [ 2277867.695647088810802, 2507344.638429312501103 ], [ 2277917.660232971888036, 2507394.603249269071966 ], [ 2277917.660232971888036, 2507444.568069225177169 ], [ 2277767.766475322656333, 2507444.568069225177169 ], [ 2277418.012291979510337, 2507444.568069225177169 ], [ 2276668.54142157221213, 2507394.603249269071966 ], [ 2276618.575794608797878, 2508443.858221836388111 ], [ 2275519.350740858353674, 2508393.894442965742201 ], [ 2275469.38615497527644, 2508393.894442965742201 ], [ 2275369.456983209121972, 2508393.894442965742201 ], [ 2275469.38615497527644, 2508293.964803053066134 ], [ 2275469.38615497527644, 2508243.999983096960932 ], [ 2275519.350740858353674, 2507544.496668051928282 ], [ 2275569.316367822233588, 2506295.383456745184958 ], [ 2275369.456983209121972, 2506295.383456745184958 ], [ 2275019.702799866441637, 2506245.418636789079756 ], [ 2274969.738213983364403, 2506245.418636789079756 ], [ 2274420.125687108375132, 2506245.418636789079756 ], [ 2273370.865219241008162, 2506245.418636789079756 ], [ 2273320.900633357930928, 2507044.851591746322811 ], [ 2273320.900633357930928, 2508243.999983096960932 ], [ 2273320.900633357930928, 2508293.964803053066134 ], [ 2273320.900633357930928, 2508343.929623009636998 ], [ 2273270.936047474853694, 2508343.929623009636998 ], [ 2272721.323520599864423, 2508343.929623009636998 ], [ 2272721.323520599864423, 2508893.539519271347672 ], [ 2272671.358934716787189, 2510592.334028013050556 ], [ 2272671.358934716787189, 2510842.157086708582938 ], [ 2272621.394348833709955, 2510892.120865579228848 ], [ 2272021.816194994840771, 2511391.766982970759273 ], [ 2271971.851609111763537, 2511491.695581797510386 ], [ 2271672.063052732963115, 2511491.695581797510386 ], [ 2271572.133880966808647, 2511491.695581797510386 ], [ 2271022.521354091819376, 2511491.695581797510386 ], [ 2269623.506702881772071, 2511441.730761841405183 ], [ 2269673.471288764849305, 2510442.440609230194241 ], [ 2269573.542116998694837, 2510442.440609230194241 ], [ 2269523.577531115617603, 2510492.404388100840151 ], [ 2269373.682732385583222, 2510592.334028013050556 ], [ 2269323.718146502505988, 2510592.334028013050556 ], [ 2269223.78897473635152, 2510642.298847969155759 ], [ 2269123.858761889860034, 2510692.262626839801669 ], [ 2269073.8941760067828, 2510742.227446796372533 ], [ 2269023.929590123705566, 2510742.227446796372533 ], [ 2268973.965004240628332, 2510792.192266752477735 ], [ 2268874.034791393671185, 2510842.157086708582938 ], [ 2268824.070205510593951, 2510842.157086708582938 ], [ 2268774.105619627516717, 2510892.120865579228848 ], [ 2268724.141033744439483, 2510892.120865579228848 ], [ 2268624.211861978285015, 2510942.085685535799712 ], [ 2268524.281649131793529, 2510942.085685535799712 ], [ 2268474.317063248716295, 2510992.050505491904914 ], [ 2268424.352477365639061, 2510992.050505491904914 ], [ 2268374.387891482561827, 2511091.979104318656027 ], [ 2268274.45767863560468, 2511191.908744231332093 ], [ 2268224.493092752527446, 2511241.872523101978004 ], [ 2268074.599335103295743, 2511391.766982970759273 ], [ 2267824.775364607106894, 2511391.766982970759273 ], [ 2267574.951394111383706, 2511341.802163014188409 ], [ 2267524.985767147503793, 2511341.802163014188409 ], [ 2267425.056595381349325, 2511341.802163014188409 ], [ 2267375.092009498272091, 2511341.802163014188409 ], [ 2267325.127423615194857, 2511341.802163014188409 ], [ 2267225.197210768703371, 2511341.802163014188409 ], [ 2267075.303453119471669, 2511341.802163014188409 ], [ 2267025.338867236394435, 2511341.802163014188409 ], [ 2266925.408654389437288, 2511341.802163014188409 ], [ 2266825.47948262328282, 2511341.802163014188409 ], [ 2266175.936742901336402, 2511341.802163014188409 ], [ 2266225.902369865216315, 2510542.369208056945354 ], [ 2266225.902369865216315, 2510492.404388100840151 ], [ 2266575.655512127093971, 2510342.510969317518175 ], [ 2266675.584683893248439, 2510042.724131751339883 ], [ 2266076.007571135181934, 2509992.75931179523468 ], [ 2266026.0429852521047, 2509992.75931179523468 ], [ 2265926.112772405147552, 2510142.652730578090996 ], [ 2265876.14818652253598, 2510192.617550534196198 ], [ 2265826.183600639458746, 2510192.617550534196198 ], [ 2265776.219014756381512, 2510242.582370490767062 ], [ 2265326.535659647081047, 2510142.652730578090996 ], [ 2265026.747103268280625, 2509992.75931179523468 ], [ 2264976.782517385203391, 2509992.75931179523468 ], [ 2264976.782517385203391, 2509942.794491838663816 ], [ 2264926.817931502126157, 2509942.794491838663816 ], [ 2264577.063748159445822, 2509942.794491838663816 ], [ 2264577.063748159445822, 2509543.07801436027512 ], [ 2264577.063748159445822, 2509493.114235489629209 ], [ 2264327.239777663256973, 2509493.114235489629209 ], [ 2264077.416848247870803, 2509493.114235489629209 ], [ 2264127.381434130948037, 2508194.036204226315022 ], [ 2264577.063748159445822, 2508194.036204226315022 ], [ 2264577.063748159445822, 2508543.787861749064177 ], [ 2264577.063748159445822, 2509093.397758010774851 ], [ 2264926.817931502126157, 2509093.397758010774851 ], [ 2265176.641901997849345, 2508793.610920444596559 ], [ 2265226.606487880926579, 2508793.610920444596559 ], [ 2265476.430458377115428, 2508743.646100488025695 ], [ 2265526.395044260192662, 2508743.646100488025695 ], [ 2265676.289842990227044, 2508793.610920444596559 ], [ 2265726.254428873304278, 2508843.574699315242469 ], [ 2265826.183600639458746, 2508943.504339227452874 ], [ 2265876.14818652253598, 2508943.504339227452874 ], [ 2266026.0429852521047, 2508943.504339227452874 ], [ 2266026.0429852521047, 2508893.539519271347672 ], [ 2266026.0429852521047, 2508843.574699315242469 ], [ 2266026.0429852521047, 2508793.610920444596559 ], [ 2266026.0429852521047, 2508743.646100488025695 ], [ 2266026.0429852521047, 2507594.461488008499146 ], [ 2266026.0429852521047, 2507544.496668051928282 ], [ 2266026.0429852521047, 2507494.531848095823079 ], [ 2265426.465872494038194, 2507494.531848095823079 ], [ 2265276.571073764003813, 2507494.531848095823079 ], [ 2265226.606487880926579, 2507494.531848095823079 ], [ 2265126.676275034435093, 2507494.531848095823079 ], [ 2265026.747103268280625, 2507444.568069225177169 ], [ 2264976.782517385203391, 2507444.568069225177169 ], [ 2264876.853345619048923, 2507444.568069225177169 ], [ 2264676.993961005937308, 2507444.568069225177169 ], [ 2264627.029375122860074, 2507444.568069225177169 ], [ 2264676.993961005937308, 2505845.702159310225397 ], [ 2264676.993961005937308, 2504846.412006699014455 ], [ 2265326.535659647081047, 2504846.412006699014455 ], [ 2265726.254428873304278, 2504846.412006699014455 ], [ 2265826.183600639458746, 2504846.412006699014455 ], [ 2266026.0429852521047, 2504846.412006699014455 ], [ 2266225.902369865216315, 2504846.412006699014455 ], [ 2266225.902369865216315, 2502598.007601695600897 ], [ 2266375.796127514448017, 2502598.007601695600897 ], [ 2266575.655512127093971, 2502598.007601695600897 ], [ 2266575.655512127093971, 2502548.042781739030033 ], [ 2266625.620098010171205, 2502348.184542999602854 ], [ 2266625.620098010171205, 2502298.219723043497652 ], [ 2266575.655512127093971, 2502148.326304260641336 ], [ 2266525.690926244016737, 2502048.397705433424562 ], [ 2266475.726340360939503, 2501698.646047911141068 ], [ 2266475.726340360939503, 2501598.716407998465002 ], [ 2266425.760713397525251, 2501448.822989215608686 ], [ 2266425.760713397525251, 2501298.92957043228671 ], [ 2266425.760713397525251, 2501248.964750476181507 ], [ 2266425.760713397525251, 2501198.999930519610643 ], [ 2266375.796127514448017, 2501049.106511736754328 ], [ 2266425.760713397525251, 2500599.426255387254059 ], [ 2265726.254428873304278, 2500599.426255387254059 ], [ 2265326.535659647081047, 2500549.461435431148857 ], [ 2265076.711689151357859, 2500549.461435431148857 ], [ 2264876.853345619048923, 2500549.461435431148857 ], [ 2264826.88771865516901, 2500549.461435431148857 ], [ 2264826.88771865516901, 2500349.603196691721678 ], [ 2264826.88771865516901, 2499949.88671921286732 ], [ 2264826.88771865516901, 2499700.063660517334938 ], [ 2266026.0429852521047, 2499750.02848047344014 ], [ 2268074.599335103295743, 2499799.993300430011004 ], [ 2268074.599335103295743, 2499200.418584211729467 ], [ 2266975.373240272514522, 2499200.418584211729467 ], [ 2266975.373240272514522, 2499150.453764255624264 ], [ 2266825.47948262328282, 2498950.595525516197085 ], [ 2266725.549269776325673, 2498850.666926689445972 ], [ 2266625.620098010171205, 2498800.702106732875109 ], [ 2266575.655512127093971, 2498800.702106732875109 ], [ 2266525.690926244016737, 2498800.702106732875109 ], [ 2266475.726340360939503, 2498750.737286776769906 ], [ 2266425.760713397525251, 2498750.737286776769906 ], [ 2266375.796127514448017, 2498700.773507906123996 ], [ 2266425.760713397525251, 2498650.808687950018793 ], [ 2266425.760713397525251, 2498600.843867993913591 ], [ 2266375.796127514448017, 2498650.808687950018793 ], [ 2266325.831541631370783, 2498650.808687950018793 ], [ 2266175.936742901336402, 2498750.737286776769906 ], [ 2266125.972157018259168, 2498750.737286776769906 ], [ 2266125.972157018259168, 2498800.702106732875109 ], [ 2265976.078399369027466, 2498850.666926689445972 ], [ 2265876.14818652253598, 2498900.631746645551175 ], [ 2265776.219014756381512, 2498950.595525516197085 ], [ 2264826.88771865516901, 2498900.631746645551175 ], [ 2264277.275191780179739, 2498900.631746645551175 ], [ 2264277.275191780179739, 2497701.482314209453762 ], [ 2264876.853345619048923, 2497701.482314209453762 ], [ 2264926.817931502126157, 2497501.624075470026582 ], [ 2264926.817931502126157, 2497001.978999164421111 ], [ 2264876.853345619048923, 2497001.978999164421111 ], [ 2264926.817931502126157, 2496752.15594046888873 ], [ 2264227.310605897102505, 2496752.15594046888873 ], [ 2264277.275191780179739, 2496852.085580381099135 ], [ 2264227.310605897102505, 2497701.482314209453762 ], [ 2263377.909522642847151, 2497651.517494253348559 ], [ 2263277.980350876692683, 2497651.517494253348559 ], [ 2263277.980350876692683, 2497551.588895426131785 ], [ 2263277.980350876692683, 2497501.624075470026582 ], [ 2263277.980350876692683, 2497101.907597991172224 ], [ 2263277.980350876692683, 2496852.085580381099135 ], [ 2263277.980350876692683, 2496802.120760424993932 ], [ 2263277.980350876692683, 2496352.439462990034372 ], [ 2263877.557463634759188, 2496352.439462990034372 ], [ 2263927.522049517836422, 2495203.255891595501453 ], [ 2263277.980350876692683, 2495153.29107163939625 ], [ 2263228.014723912812769, 2495153.29107163939625 ], [ 2263028.156380380969495, 2495453.077909205574542 ], [ 2262928.226167534012347, 2494553.716355421580374 ], [ 2263677.698079022113234, 2494503.751535465009511 ], [ 2263827.592877751681954, 2494503.751535465009511 ], [ 2264277.275191780179739, 2494453.7877565943636 ], [ 2264776.923132772091776, 2494403.822936638258398 ], [ 2265076.711689151357859, 2494353.858116682153195 ], [ 2265126.676275034435093, 2494353.858116682153195 ], [ 2265176.641901997849345, 2494353.858116682153195 ], [ 2265226.606487880926579, 2494303.893296725582331 ], [ 2265276.571073764003813, 2494353.858116682153195 ], [ 2265276.571073764003813, 2494503.751535465009511 ], [ 2265276.571073764003813, 2494553.716355421580374 ], [ 2265226.606487880926579, 2495153.29107163939625 ], [ 2265276.571073764003813, 2495153.29107163939625 ], [ 2265876.14818652253598, 2495153.29107163939625 ], [ 2265826.183600639458746, 2495752.865787857677788 ], [ 2266925.408654389437288, 2495802.829566728323698 ], [ 2266925.408654389437288, 2495103.326251683291048 ], [ 2266975.373240272514522, 2495103.326251683291048 ], [ 2267475.021181264426559, 2495103.326251683291048 ], [ 2268074.599335103295743, 2495103.326251683291048 ], [ 2268074.599335103295743, 2495003.397652856539935 ], [ 2268124.563920986372977, 2495003.397652856539935 ], [ 2269123.858761889860034, 2495053.361431727185845 ], [ 2269173.824388853274286, 2494503.751535465009511 ], [ 2269673.471288764849305, 2494503.751535465009511 ], [ 2269723.436915728729218, 2493104.744905375409871 ], [ 2269723.436915728729218, 2493054.780085418839008 ], [ 2269473.612945232540369, 2493254.638324158266187 ], [ 2269273.753560619428754, 2493354.5669229850173 ], [ 2269223.78897473635152, 2493404.531742941588163 ], [ 2269173.824388853274286, 2493404.531742941588163 ], [ 2269123.858761889860034, 2493454.496562897693366 ], [ 2269023.929590123705566, 2493504.461382853798568 ], [ 2268924.000418357551098, 2493504.461382853798568 ], [ 2268524.281649131793529, 2493654.354801637120545 ], [ 2268524.281649131793529, 2493704.319621593225747 ], [ 2268474.317063248716295, 2493704.319621593225747 ], [ 2268424.352477365639061, 2493704.319621593225747 ], [ 2268374.387891482561827, 2493704.319621593225747 ], [ 2268374.387891482561827, 2493654.354801637120545 ], [ 2268374.387891482561827, 2492055.488891722168773 ], [ 2267974.669122256338596, 2492055.488891722168773 ], [ 2267974.669122256338596, 2491705.737234199885279 ], [ 2268374.387891482561827, 2491705.737234199885279 ], [ 2269373.682732385583222, 2491755.702054155990481 ], [ 2269423.648359349463135, 2490406.659202936571091 ], [ 2268524.281649131793529, 2490356.695424065925181 ], [ 2267574.951394111383706, 2490306.730604109819978 ], [ 2266975.373240272514522, 2490306.730604109819978 ], [ 2266625.620098010171205, 2490306.730604109819978 ], [ 2266575.655512127093971, 2490256.765784153249115 ], [ 2266525.690926244016737, 2490256.765784153249115 ], [ 2266325.831541631370783, 2490056.907545414287597 ], [ 2266125.972157018259168, 2489857.049306674860418 ], [ 2265776.219014756381512, 2489507.297649152111262 ], [ 2265776.219014756381512, 2489457.33282919600606 ], [ 2265726.254428873304278, 2489307.439410412684083 ], [ 2265676.289842990227044, 2489257.474590456578881 ], [ 2265626.324216026347131, 2489257.474590456578881 ], [ 2265576.359630143269897, 2489257.474590456578881 ], [ 2265526.395044260192662, 2489257.474590456578881 ], [ 2264926.817931502126157, 2488657.900915324222296 ], [ 2264776.923132772091776, 2488458.042676584795117 ], [ 2264427.16999051021412, 2488807.794334107078612 ], [ 2264077.416848247870803, 2489157.545991629827768 ], [ 2263977.486635400913656, 2489057.617392803076655 ], [ 2263927.522049517836422, 2489007.652572846505791 ], [ 2263527.804321372881532, 2489357.404230369254947 ], [ 2263327.944936759769917, 2489157.545991629827768 ], [ 2263128.085552147123963, 2488907.722932934295386 ], [ 2262928.226167534012347, 2488707.864694194868207 ], [ 2262878.261581650935113, 2488707.864694194868207 ], [ 2262328.649054775945842, 2488158.254797933157533 ], [ 2261978.895912513602525, 2487758.538320454303175 ], [ 2261928.931326630525291, 2487708.574541583657265 ], [ 2261729.071942017879337, 2487508.716302844230086 ] ], [ [ 2213513.059170336928219, 2487508.716302844230086 ], [ 2213513.059170336928219, 2487608.644901670981199 ], [ 2213513.059170336928219, 2487908.432780323084444 ], [ 2213563.023756220005453, 2488008.361379149835557 ], [ 2213563.023756220005453, 2488108.291019062511623 ], [ 2213563.023756220005453, 2488158.254797933157533 ], [ 2213612.988342103082687, 2488557.97127541154623 ], [ 2213612.988342103082687, 2488657.900915324222296 ], [ 2213563.023756220005453, 2488657.900915324222296 ], [ 2213612.988342103082687, 2488657.900915324222296 ], [ 2213612.988342103082687, 2488707.864694194868207 ], [ 2213612.988342103082687, 2488807.794334107078612 ], [ 2213612.988342103082687, 2489007.652572846505791 ], [ 2213712.917513869237155, 2490106.872365370392799 ], [ 2213513.059170336928219, 2490156.837185326498002 ], [ 2213513.059170336928219, 2490456.624022892676294 ], [ 2213563.023756220005453, 2490756.410860459320247 ], [ 2213563.023756220005453, 2491056.198739110957831 ], [ 2213612.988342103082687, 2491106.163559067063034 ], [ 2213612.988342103082687, 2491156.127337937708944 ], [ 2213612.988342103082687, 2491206.092157893814147 ], [ 2213612.988342103082687, 2491306.020756721030921 ], [ 2213612.988342103082687, 2491605.808635372668505 ], [ 2213612.988342103082687, 2491655.773455329239368 ], [ 2213662.952927986159921, 2491705.737234199885279 ], [ 2213612.988342103082687, 2491705.737234199885279 ], [ 2213662.952927986159921, 2492055.488891722168773 ], [ 2212763.587258848827332, 2492155.41853163484484 ], [ 2212763.587258848827332, 2492305.311950417701155 ], [ 2212763.587258848827332, 2492405.241590330377221 ], [ 2212763.587258848827332, 2492455.205369201023132 ], [ 2212813.551844731904566, 2492505.170189157128334 ], [ 2212813.551844731904566, 2492555.135009113233536 ], [ 2212813.551844731904566, 2492655.063607940450311 ], [ 2212813.551844731904566, 2492705.028427896555513 ], [ 2213662.952927986159921, 2492605.098787983879447 ], [ 2213662.952927986159921, 2492705.028427896555513 ], [ 2213662.952927986159921, 2492754.993247852660716 ], [ 2213662.952927986159921, 2492804.957026723306626 ], [ 2213762.882099752314389, 2494153.999877942726016 ], [ 2213812.847726716194302, 2494553.716355421580374 ], [ 2213812.847726716194302, 2494653.644954248331487 ], [ 2213812.847726716194302, 2494803.539414117112756 ], [ 2213812.847726716194302, 2494853.503192987758666 ], [ 2213862.812312599271536, 2494853.503192987758666 ], [ 2214012.706070248503238, 2494953.432832899969071 ], [ 2214262.530040744226426, 2495103.326251683291048 ], [ 2214412.424839474260807, 2495253.219670466147363 ], [ 2214612.284224087372422, 2495353.149310378823429 ], [ 2214662.248809970449656, 2495403.11308924946934 ], [ 2215012.001952232327312, 2495602.971327988896519 ], [ 2215311.790508611593395, 2495802.829566728323698 ], [ 2216211.157218829263002, 2496402.404282946139574 ], [ 2216810.734331587329507, 2496852.085580381099135 ], [ 2217110.52288796659559, 2497001.978999164421111 ], [ 2217410.311444345861673, 2497251.802057859953493 ], [ 2217460.276030228938907, 2497251.802057859953493 ], [ 2217510.240616112016141, 2497301.765836730599403 ], [ 2217560.206243075430393, 2497301.765836730599403 ], [ 2217610.170828958507627, 2497301.765836730599403 ], [ 2217710.100000724662095, 2497301.765836730599403 ], [ 2217909.95938533777371, 2497301.765836730599403 ], [ 2218259.712527599651366, 2497301.765836730599403 ], [ 2218359.642740446608514, 2497351.730656686704606 ], [ 2218409.607326329685748, 2497351.730656686704606 ], [ 2218459.571912212762982, 2497351.730656686704606 ], [ 2218509.536498095840216, 2497401.69547664327547 ], [ 2219308.972995467018336, 2497901.340552948880941 ], [ 2219558.796965962741524, 2498051.233971731737256 ], [ 2219608.761551845818758, 2498101.19879168830812 ], [ 2219758.656350575853139, 2498201.127390515059233 ], [ 2220158.37407872127369, 2498400.985629254486412 ], [ 2220757.952232560142875, 2498700.773507906123996 ], [ 2221257.599132471252233, 2499000.560345472302288 ], [ 2221507.423102967441082, 2499200.418584211729467 ], [ 2221557.388729930855334, 2499200.418584211729467 ], [ 2222007.071043959353119, 2499500.205421777907759 ], [ 2223755.83883743127808, 2500599.426255387254059 ], [ 2224005.662807927466929, 2500749.319674170576036 ], [ 2224455.345121955499053, 2501049.106511736754328 ], [ 2224655.204506568610668, 2501149.036151648964733 ], [ 2225154.852447560522705, 2501448.822989215608686 ], [ 2225404.676418056711555, 2501598.716407998465002 ], [ 2225454.641003939788789, 2501648.681227955035865 ], [ 2225704.464974435511976, 2501798.574646737892181 ], [ 2226104.183743661735207, 2502048.397705433424562 ], [ 2226553.866057689767331, 2502348.184542999602854 ], [ 2226753.725442302878946, 2502498.077961782924831 ], [ 2227403.267140944022685, 2502897.794439261779189 ], [ 2227453.232767907902598, 2502897.794439261779189 ], [ 2227453.232767907902598, 2502947.759259217884392 ], [ 2227503.197353790979832, 2502997.724079173989594 ], [ 2227503.197353790979832, 2503147.617497957311571 ], [ 2227553.161939674057066, 2503147.617497957311571 ], [ 2227802.985910169780254, 2503147.617497957311571 ], [ 2227902.915081935934722, 2503147.617497957311571 ], [ 2228002.84529478289187, 2503147.617497957311571 ], [ 2228102.774466549046338, 2503147.617497957311571 ], [ 2228152.739052432123572, 2503097.652678001206368 ], [ 2228202.703638315200806, 2503097.652678001206368 ], [ 2228652.386993424035609, 2503097.652678001206368 ], [ 2228802.28179215406999, 2503047.687858044635504 ], [ 2230051.400603553280234, 2502947.759259217884392 ], [ 2231450.415254763327539, 2502797.865840434562415 ], [ 2231800.168397025205195, 2502797.865840434562415 ], [ 2232949.358036658726633, 2502697.93620052235201 ], [ 2233848.724746876396239, 2502598.007601695600897 ], [ 2235447.59774161875248, 2502448.11418291227892 ], [ 2235747.386297997552902, 2503747.192214175127447 ], [ 2235797.350883880630136, 2503797.155993045773357 ], [ 2235847.31546976370737, 2503997.014231785200536 ], [ 2235847.31546976370737, 2504146.907650568522513 ], [ 2235897.280055646784604, 2504296.802110437303782 ], [ 2236147.104026142973453, 2505445.985681831371039 ], [ 2236197.068612026050687, 2505495.950501787941903 ], [ 2236247.034238989464939, 2505545.915321744047105 ], [ 2236296.998824872542173, 2505595.880141700152308 ], [ 2236296.998824872542173, 2505645.843920570798218 ], [ 2236346.963410755619407, 2505645.843920570798218 ], [ 2236396.927996638696641, 2505745.773560483474284 ], [ 2237246.329079892951995, 2506495.241695484612137 ], [ 2237246.329079892951995, 2506545.20651544071734 ], [ 2237346.259292739909142, 2506645.135114267468452 ], [ 2237396.223878622986376, 2506645.135114267468452 ], [ 2238195.660375994164497, 2506944.921951834112406 ], [ 2238245.624961877241731, 2506994.886771790217608 ], [ 2239144.990631014108658, 2507744.354906791355461 ], [ 2239144.990631014108658, 2507794.319726747460663 ], [ 2239244.920843861065805, 2507844.284546704031527 ], [ 2239244.920843861065805, 2507894.248325574677438 ], [ 2239294.885429744143039, 2507944.21314553078264 ], [ 2239394.814601510297507, 2508044.142785443458706 ], [ 2239444.779187393374741, 2508144.071384270209819 ], [ 2239494.744814357254654, 2508194.036204226315022 ], [ 2239594.673986123409122, 2508393.894442965742201 ], [ 2239694.60315788956359, 2508493.823041792493314 ], [ 2240294.181311727967113, 2509243.291176793631166 ], [ 2240344.145897611044347, 2509293.25599675020203 ], [ 2240394.110483494121581, 2509343.220816706307232 ], [ 2240444.075069377198815, 2509343.220816706307232 ], [ 2240494.039655260276049, 2509343.220816706307232 ], [ 2240544.005282224155962, 2509343.220816706307232 ], [ 2241793.124093623366207, 2509343.220816706307232 ], [ 2241843.088679506443441, 2509343.220816706307232 ], [ 2241893.054306470323354, 2509393.184595576953143 ], [ 2242442.666833345312625, 2509543.07801436027512 ], [ 2243342.032502482645214, 2509792.901073055807501 ], [ 2243441.961674248799682, 2509842.865893011912704 ], [ 2243691.785644744988531, 2509892.830712968017906 ], [ 2243841.680443474557251, 2509892.830712968017906 ], [ 2243891.645029357634485, 2509892.830712968017906 ], [ 2243941.609615240711719, 2509892.830712968017906 ], [ 2243991.574201123788953, 2509892.830712968017906 ], [ 2244341.328384466469288, 2509842.865893011912704 ], [ 2244641.116940845735371, 2509842.865893011912704 ], [ 2244840.976325458846986, 2509792.901073055807501 ], [ 2244890.94091134192422, 2509792.901073055807501 ], [ 2245440.553438216913491, 2509742.936253099236637 ], [ 2245540.48260998306796, 2509742.936253099236637 ], [ 2246689.673290696926415, 2509742.936253099236637 ], [ 2246939.496220112312585, 2509792.901073055807501 ], [ 2248488.404628971125931, 2509792.901073055807501 ], [ 2249537.6650968384929, 2509842.865893011912704 ], [ 2249587.629682721570134, 2509842.865893011912704 ], [ 2249637.595309685450047, 2509842.865893011912704 ], [ 2250586.925564705394208, 2509842.865893011912704 ], [ 2250636.890150588471442, 2509842.865893011912704 ], [ 2251036.608919814229012, 2509842.865893011912704 ], [ 2251336.397476193495095, 2509892.830712968017906 ], [ 2251436.326647959649563, 2509892.830712968017906 ], [ 2251586.221446689683944, 2509892.830712968017906 ], [ 2251686.150618455838412, 2509892.830712968017906 ], [ 2252035.904801798518747, 2509892.830712968017906 ], [ 2252135.833973564673215, 2509892.830712968017906 ], [ 2252785.375672205816954, 2509942.794491838663816 ], [ 2252935.270470935851336, 2509942.794491838663816 ], [ 2253135.129855548497289, 2509942.794491838663816 ], [ 2253185.094441431574523, 2509942.794491838663816 ], [ 2253384.953826044686139, 2509942.794491838663816 ], [ 2253534.847583693917841, 2509942.794491838663816 ], [ 2253634.777796540874988, 2509942.794491838663816 ], [ 2253684.742382423952222, 2509942.794491838663816 ], [ 2253734.706968307029456, 2509942.794491838663816 ], [ 2253834.636140072718263, 2509942.794491838663816 ], [ 2254234.354909298941493, 2509942.794491838663816 ], [ 2254734.00285029085353, 2509992.75931179523468 ], [ 2255483.473720698151737, 2509992.75931179523468 ], [ 2255783.263318157754838, 2509992.75931179523468 ], [ 2256382.840430916287005, 2509992.75931179523468 ], [ 2256432.805016798898578, 2509992.75931179523468 ], [ 2256782.558159061241895, 2510042.724131751339883 ], [ 2256932.452957791276276, 2510042.724131751339883 ], [ 2257032.382129557430744, 2510042.724131751339883 ], [ 2258031.678011541254818, 2510092.688951707445085 ], [ 2258881.079094795510173, 2510092.688951707445085 ], [ 2258981.00930764246732, 2510092.688951707445085 ], [ 2259080.938479408621788, 2510142.652730578090996 ], [ 2260030.268734428565949, 2510292.546149361412972 ], [ 2260629.846888267435133, 2510442.440609230194241 ], [ 2260679.811474150512367, 2510442.440609230194241 ], [ 2260729.776060033589602, 2510442.440609230194241 ], [ 2260779.740645916666836, 2510442.440609230194241 ], [ 2260829.70523179974407, 2510442.440609230194241 ], [ 2260979.600030529778451, 2510492.404388100840151 ], [ 2261129.494829259347171, 2510542.369208056945354 ], [ 2261229.424001025501639, 2510542.369208056945354 ], [ 2261479.247971521690488, 2510592.334028013050556 ], [ 2262528.508439388591796, 2510792.192266752477735 ], [ 2262878.261581650935113, 2510842.157086708582938 ], [ 2263327.944936759769917, 2510942.085685535799712 ], [ 2264227.310605897102505, 2511141.94392427476123 ], [ 2264427.16999051021412, 2511191.908744231332093 ], [ 2264527.099162275902927, 2511191.908744231332093 ], [ 2264577.063748159445822, 2511191.908744231332093 ], [ 2264627.029375122860074, 2511241.872523101978004 ], [ 2264726.958546889014542, 2511291.837343058083206 ], [ 2264726.958546889014542, 2511341.802163014188409 ], [ 2266026.0429852521047, 2512740.808793104253709 ], [ 2266076.007571135181934, 2512740.808793104253709 ], [ 2266125.972157018259168, 2512790.773613060358912 ], [ 2267325.127423615194857, 2512790.773613060358912 ], [ 2267724.845151760615408, 2512840.738433016929775 ], [ 2269973.260886224452406, 2512890.703252973034978 ], [ 2270323.014028486795723, 2512890.703252973034978 ], [ 2270472.907786136027426, 2512890.703252973034978 ], [ 2270522.873413099441677, 2512890.703252973034978 ], [ 2270722.731756631750613, 2512890.703252973034978 ], [ 2270772.697383595630527, 2512890.703252973034978 ], [ 2270822.661969478707761, 2512890.703252973034978 ], [ 2270872.626555361784995, 2512940.667031843680888 ], [ 2270972.555727127939463, 2512890.703252973034978 ], [ 2270972.555727127939463, 2512940.667031843680888 ], [ 2271372.274496353697032, 2512940.667031843680888 ], [ 2271422.239082236774266, 2512940.667031843680888 ], [ 2271472.2036681198515, 2512940.667031843680888 ], [ 2271522.168254002928734, 2512940.667031843680888 ], [ 2271572.133880966808647, 2512940.667031843680888 ], [ 2272621.394348833709955, 2512940.667031843680888 ], [ 2273870.513160233385861, 2512990.631851799786091 ], [ 2274270.23192945914343, 2512990.631851799786091 ], [ 2275469.38615497527644, 2513040.596671756356955 ], [ 2280765.653080193791538, 2513190.49009053921327 ] ] ] } },
{ "type": "Feature", "properties": { }, "geometry": { "type": "LineString", "coordinates": [ [ 2261729.071942017879337, 2487508.716302844230086 ], [ 2261928.931326630525291, 2487708.574541583657265 ], [ 2261978.895912513602525, 2487758.538320454303175 ], [ 2262328.649054775945842, 2488158.254797933157533 ], [ 2262878.261581650935113, 2488707.864694194868207 ], [ 2262928.226167534012347, 2488707.864694194868207 ], [ 2263128.085552147123963, 2488907.722932934295386 ], [ 2263327.944936759769917, 2489157.545991629827768 ], [ 2263527.804321372881532, 2489357.404230369254947 ], [ 2263927.522049517836422, 2489007.652572846505791 ], [ 2263977.486635400913656, 2489057.617392803076655 ], [ 2264077.416848247870803, 2489157.545991629827768 ], [ 2264427.16999051021412, 2488807.794334107078612 ], [ 2264776.923132772091776, 2488458.042676584795117 ], [ 2264926.817931502126157, 2488657.900915324222296 ], [ 2265526.395044260192662, 2489257.474590456578881 ], [ 2265576.359630143269897, 2489257.474590456578881 ], [ 2265626.324216026347131, 2489257.474590456578881 ], [ 2265676.289842990227044, 2489257.474590456578881 ], [ 2265726.254428873304278, 2489307.439410412684083 ], [ 2265776.219014756381512, 2489457.33282919600606 ], [ 2265776.219014756381512, 2489507.297649152111262 ], [ 2266125.972157018259168, 2489857.049306674860418 ], [ 2266325.831541631370783, 2490056.907545414287597 ], [ 2266525.690926244016737, 2490256.765784153249115 ], [ 2266575.655512127093971, 2490256.765784153249115 ], [ 2266625.620098010171205, 2490306.730604109819978 ], [ 2266975.373240272514522, 2490306.730604109819978 ], [ 2267574.951394111383706, 2490306.730604109819978 ], [ 2268524.281649131793529, 2490356.695424065925181 ], [ 2269423.648359349463135, 2490406.659202936571091 ], [ 2269373.682732385583222, 2491755.702054155990481 ], [ 2268374.387891482561827, 2491705.737234199885279 ], [ 2267974.669122256338596, 2491705.737234199885279 ], [ 2267974.669122256338596, 2492055.488891722168773 ], [ 2268374.387891482561827, 2492055.488891722168773 ], [ 2268374.387891482561827, 2493654.354801637120545 ], [ 2268374.387891482561827, 2493704.319621593225747 ], [ 2268424.352477365639061, 2493704.319621593225747 ], [ 2268474.317063248716295, 2493704.319621593225747 ], [ 2268524.281649131793529, 2493704.319621593225747 ], [ 2268524.281649131793529, 2493654.354801637120545 ], [ 2268924.000418357551098, 2493504.461382853798568 ], [ 2269023.929590123705566, 2493504.461382853798568 ], [ 2269123.858761889860034, 2493454.496562897693366 ], [ 2269173.824388853274286, 2493404.531742941588163 ], [ 2269223.78897473635152, 2493404.531742941588163 ], [ 2269273.753560619428754, 2493354.5669229850173 ], [ 2269473.612945232540369, 2493254.638324158266187 ], [ 2269723.436915728729218, 2493054.780085418839008 ], [ 2269723.436915728729218, 2493104.744905375409871 ], [ 2269673.471288764849305, 2494503.751535465009511 ], [ 2269173.824388853274286, 2494503.751535465009511 ], [ 2269123.858761889860034, 2495053.361431727185845 ], [ 2268124.563920986372977, 2495003.397652856539935 ], [ 2268074.599335103295743, 2495003.397652856539935 ], [ 2268074.599335103295743, 2495103.326251683291048 ], [ 2267475.021181264426559, 2495103.326251683291048 ], [ 2266975.373240272514522, 2495103.326251683291048 ], [ 2266925.408654389437288, 2495103.326251683291048 ], [ 2266925.408654389437288, 2495802.829566728323698 ], [ 2265826.183600639458746, 2495752.865787857677788 ], [ 2265876.14818652253598, 2495153.29107163939625 ], [ 2265276.571073764003813, 2495153.29107163939625 ], [ 2265226.606487880926579, 2495153.29107163939625 ], [ 2265276.571073764003813, 2494553.716355421580374 ], [ 2265276.571073764003813, 2494503.751535465009511 ], [ 2265276.571073764003813, 2494353.858116682153195 ], [ 2265226.606487880926579, 2494303.893296725582331 ], [ 2265176.641901997849345, 2494353.858116682153195 ], [ 2265126.676275034435093, 2494353.858116682153195 ], [ 2265076.711689151357859, 2494353.858116682153195 ], [ 2264776.923132772091776, 2494403.822936638258398 ], [ 2264277.275191780179739, 2494453.7877565943636 ], [ 2263827.592877751681954, 2494503.751535465009511 ], [ 2263677.698079022113234, 2494503.751535465009511 ], [ 2262928.226167534012347, 2494553.716355421580374 ], [ 2263028.156380380969495, 2495453.077909205574542 ], [ 2263228.014723912812769, 2495153.29107163939625 ], [ 2263277.980350876692683, 2495153.29107163939625 ], [ 2263927.522049517836422, 2495203.255891595501453 ], [ 2263877.557463634759188, 2496352.439462990034372 ], [ 2263277.980350876692683, 2496352.439462990034372 ], [ 2263277.980350876692683, 2496802.120760424993932 ], [ 2263277.980350876692683, 2496852.085580381099135 ], [ 2263277.980350876692683, 2497101.907597991172224 ], [ 2263277.980350876692683, 2497501.624075470026582 ], [ 2263277.980350876692683, 2497551.588895426131785 ], [ 2263277.980350876692683, 2497651.517494253348559 ], [ 2263377.909522642847151, 2497651.517494253348559 ], [ 2264227.310605897102505, 2497701.482314209453762 ], [ 2264277.275191780179739, 2496852.085580381099135 ], [ 2264227.310605897102505, 2496752.15594046888873 ], [ 2264926.817931502126157, 2496752.15594046888873 ], [ 2264876.853345619048923, 2497001.978999164421111 ], [ 2264926.817931502126157, 2497001.978999164421111 ], [ 2264926.817931502126157, 2497501.624075470026582 ], [ 2264876.853345619048923, 2497701.482314209453762 ], [ 2264277.275191780179739, 2497701.482314209453762 ], [ 2264277.275191780179739, 2498900.631746645551175 ], [ 2264826.88771865516901, 2498900.631746645551175 ], [ 2265776.219014756381512, 2498950.595525516197085 ], [ 2265876.14818652253598, 2498900.631746645551175 ], [ 2265976.078399369027466, 2498850.666926689445972 ], [ 2266125.972157018259168, 2498800.702106732875109 ], [ 2266125.972157018259168, 2498750.737286776769906 ], [ 2266175.936742901336402, 2498750.737286776769906 ], [ 2266325.831541631370783, 2498650.808687950018793 ], [ 2266375.796127514448017, 2498650.808687950018793 ], [ 2266425.760713397525251, 2498600.843867993913591 ], [ 2266425.760713397525251, 2498650.808687950018793 ], [ 2266375.796127514448017, 2498700.773507906123996 ], [ 2266425.760713397525251, 2498750.737286776769906 ], [ 2266475.726340360939503, 2498750.737286776769906 ], [ 2266525.690926244016737, 2498800.702106732875109 ], [ 2266575.655512127093971, 2498800.702106732875109 ], [ 2266625.620098010171205, 2498800.702106732875109 ], [ 2266725.549269776325673, 2498850.666926689445972 ], [ 2266825.47948262328282, 2498950.595525516197085 ], [ 2266975.373240272514522, 2499150.453764255624264 ], [ 2266975.373240272514522, 2499200.418584211729467 ], [ 2268074.599335103295743, 2499200.418584211729467 ], [ 2268074.599335103295743, 2499799.993300430011004 ], [ 2266026.0429852521047, 2499750.02848047344014 ], [ 2264826.88771865516901, 2499700.063660517334938 ], [ 2264826.88771865516901, 2499949.88671921286732 ], [ 2264826.88771865516901, 2500349.603196691721678 ], [ 2264826.88771865516901, 2500549.461435431148857 ], [ 2264876.853345619048923, 2500549.461435431148857 ], [ 2265076.711689151357859, 2500549.461435431148857 ], [ 2265326.535659647081047, 2500549.461435431148857 ], [ 2265726.254428873304278, 2500599.426255387254059 ], [ 2266425.760713397525251, 2500599.426255387254059 ], [ 2266375.796127514448017, 2501049.106511736754328 ], [ 2266425.760713397525251, 2501198.999930519610643 ], [ 2266425.760713397525251, 2501248.964750476181507 ], [ 2266425.760713397525251, 2501298.92957043228671 ], [ 2266425.760713397525251, 2501448.822989215608686 ], [ 2266475.726340360939503, 2501598.716407998465002 ], [ 2266475.726340360939503, 2501698.646047911141068 ], [ 2266525.690926244016737, 2502048.397705433424562 ], [ 2266575.655512127093971, 2502148.326304260641336 ], [ 2266625.620098010171205, 2502298.219723043497652 ], [ 2266625.620098010171205, 2502348.184542999602854 ], [ 2266575.655512127093971, 2502548.042781739030033 ], [ 2266575.655512127093971, 2502598.007601695600897 ], [ 2266375.796127514448017, 2502598.007601695600897 ], [ 2266225.902369865216315, 2502598.007601695600897 ], [ 2266225.902369865216315, 2504846.412006699014455 ], [ 2266026.0429852521047, 2504846.412006699014455 ], [ 2265826.183600639458746, 2504846.412006699014455 ], [ 2265726.254428873304278, 2504846.412006699014455 ], [ 2265326.535659647081047, 2504846.412006699014455 ], [ 2264676.993961005937308, 2504846.412006699014455 ], [ 2264676.993961005937308, 2505845.702159310225397 ], [ 2264627.029375122860074, 2507444.568069225177169 ], [ 2264676.993961005937308, 2507444.568069225177169 ], [ 2264876.853345619048923, 2507444.568069225177169 ], [ 2264976.782517385203391, 2507444.568069225177169 ], [ 2265026.747103268280625, 2507444.568069225177169 ], [ 2265126.676275034435093, 2507494.531848095823079 ], [ 2265226.606487880926579, 2507494.531848095823079 ], [ 2265276.571073764003813, 2507494.531848095823079 ], [ 2265426.465872494038194, 2507494.531848095823079 ], [ 2266026.0429852521047, 2507494.531848095823079 ], [ 2266026.0429852521047, 2507544.496668051928282 ], [ 2266026.0429852521047, 2507594.461488008499146 ], [ 2266026.0429852521047, 2508743.646100488025695 ], [ 2266026.0429852521047, 2508793.610920444596559 ], [ 2266026.0429852521047, 2508843.574699315242469 ], [ 2266026.0429852521047, 2508893.539519271347672 ], [ 2266026.0429852521047, 2508943.504339227452874 ], [ 2265876.14818652253598, 2508943.504339227452874 ], [ 2265826.183600639458746, 2508943.504339227452874 ], [ 2265726.254428873304278, 2508843.574699315242469 ], [ 2265676.289842990227044, 2508793.610920444596559 ], [ 2265526.395044260192662, 2508743.646100488025695 ], [ 2265476.430458377115428, 2508743.646100488025695 ], [ 2265226.606487880926579, 2508793.610920444596559 ], [ 2265176.641901997849345, 2508793.610920444596559 ], [ 2264926.817931502126157, 2509093.397758010774851 ], [ 2264577.063748159445822, 2509093.397758010774851 ], [ 2264577.063748159445822, 2508543.787861749064177 ], [ 2264577.063748159445822, 2508194.036204226315022 ], [ 2264127.381434130948037, 2508194.036204226315022 ], [ 2264077.416848247870803, 2509493.114235489629209 ], [ 2264327.239777663256973, 2509493.114235489629209 ], [ 2264577.063748159445822, 2509493.114235489629209 ], [ 2264577.063748159445822, 2509543.07801436027512 ], [ 2264577.063748159445822, 2509942.794491838663816 ], [ 2264926.817931502126157, 2509942.794491838663816 ], [ 2264976.782517385203391, 2509942.794491838663816 ], [ 2264976.782517385203391, 2509992.75931179523468 ], [ 2265026.747103268280625, 2509992.75931179523468 ], [ 2265326.535659647081047, 2510142.652730578090996 ], [ 2265776.219014756381512, 2510242.582370490767062 ], [ 2265826.183600639458746, 2510192.617550534196198 ], [ 2265876.14818652253598, 2510192.617550534196198 ], [ 2265926.112772405147552, 2510142.652730578090996 ], [ 2266026.0429852521047, 2509992.75931179523468 ], [ 2266076.007571135181934, 2509992.75931179523468 ], [ 2266675.584683893248439, 2510042.724131751339883 ], [ 2266575.655512127093971, 2510342.510969317518175 ], [ 2266225.902369865216315, 2510492.404388100840151 ], [ 2266225.902369865216315, 2510542.369208056945354 ], [ 2266175.936742901336402, 2511341.802163014188409 ], [ 2266825.47948262328282, 2511341.802163014188409 ], [ 2266925.408654389437288, 2511341.802163014188409 ], [ 2267025.338867236394435, 2511341.802163014188409 ], [ 2267075.303453119471669, 2511341.802163014188409 ], [ 2267225.197210768703371, 2511341.802163014188409 ], [ 2267325.127423615194857, 2511341.802163014188409 ], [ 2267375.092009498272091, 2511341.802163014188409 ], [ 2267425.056595381349325, 2511341.802163014188409 ], [ 2267524.985767147503793, 2511341.802163014188409 ], [ 2267574.951394111383706, 2511341.802163014188409 ], [ 2267824.775364607106894, 2511391.766982970759273 ], [ 2268074.599335103295743, 2511391.766982970759273 ], [ 2268224.493092752527446, 2511241.872523101978004 ], [ 2268274.45767863560468, 2511191.908744231332093 ], [ 2268374.387891482561827, 2511091.979104318656027 ], [ 2268424.352477365639061, 2510992.050505491904914 ], [ 2268474.317063248716295, 2510992.050505491904914 ], [ 2268524.281649131793529, 2510942.085685535799712 ], [ 2268624.211861978285015, 2510942.085685535799712 ], [ 2268724.141033744439483, 2510892.120865579228848 ], [ 2268774.105619627516717, 2510892.120865579228848 ], [ 2268824.070205510593951, 2510842.157086708582938 ], [ 2268874.034791393671185, 2510842.157086708582938 ], [ 2268973.965004240628332, 2510792.192266752477735 ], [ 2269023.929590123705566, 2510742.227446796372533 ], [ 2269073.8941760067828, 2510742.227446796372533 ], [ 2269123.858761889860034, 2510692.262626839801669 ], [ 2269223.78897473635152, 2510642.298847969155759 ], [ 2269323.718146502505988, 2510592.334028013050556 ], [ 2269373.682732385583222, 2510592.334028013050556 ], [ 2269523.577531115617603, 2510492.404388100840151 ], [ 2269573.542116998694837, 2510442.440609230194241 ], [ 2269673.471288764849305, 2510442.440609230194241 ], [ 2269623.506702881772071, 2511441.730761841405183 ], [ 2271022.521354091819376, 2511491.695581797510386 ], [ 2271572.133880966808647, 2511491.695581797510386 ], [ 2271672.063052732963115, 2511491.695581797510386 ], [ 2271971.851609111763537, 2511491.695581797510386 ], [ 2272021.816194994840771, 2511391.766982970759273 ], [ 2272621.394348833709955, 2510892.120865579228848 ], [ 2272671.358934716787189, 2510842.157086708582938 ], [ 2272671.358934716787189, 2510592.334028013050556 ], [ 2272721.323520599864423, 2508893.539519271347672 ], [ 2272721.323520599864423, 2508343.929623009636998 ], [ 2273270.936047474853694, 2508343.929623009636998 ], [ 2273320.900633357930928, 2508343.929623009636998 ], [ 2273320.900633357930928, 2508293.964803053066134 ], [ 2273320.900633357930928, 2508243.999983096960932 ], [ 2273320.900633357930928, 2507044.851591746322811 ], [ 2273370.865219241008162, 2506245.418636789079756 ], [ 2274420.125687108375132, 2506245.418636789079756 ], [ 2274969.738213983364403, 2506245.418636789079756 ], [ 2275019.702799866441637, 2506245.418636789079756 ], [ 2275369.456983209121972, 2506295.383456745184958 ], [ 2275569.316367822233588, 2506295.383456745184958 ], [ 2275519.350740858353674, 2507544.496668051928282 ], [ 2275469.38615497527644, 2508243.999983096960932 ], [ 2275469.38615497527644, 2508293.964803053066134 ], [ 2275369.456983209121972, 2508393.894442965742201 ], [ 2275469.38615497527644, 2508393.894442965742201 ], [ 2275519.350740858353674, 2508393.894442965742201 ], [ 2276618.575794608797878, 2508443.858221836388111 ], [ 2276668.54142157221213, 2507394.603249269071966 ], [ 2277418.012291979510337, 2507444.568069225177169 ], [ 2277767.766475322656333, 2507444.568069225177169 ], [ 2277917.660232971888036, 2507444.568069225177169 ], [ 2277917.660232971888036, 2507394.603249269071966 ], [ 2277867.695647088810802, 2507344.638429312501103 ], [ 2277817.731061205733567, 2507294.674650441855192 ], [ 2277817.731061205733567, 2507244.70983048574999 ], [ 2277767.766475322656333, 2507194.745010529644787 ], [ 2277767.766475322656333, 2507144.780190573539585 ], [ 2277767.766475322656333, 2507044.851591746322811 ], [ 2277767.766475322656333, 2506994.886771790217608 ], [ 2277767.766475322656333, 2506944.921951834112406 ], [ 2277817.731061205733567, 2506944.921951834112406 ], [ 2277817.731061205733567, 2506894.958172963466495 ], [ 2277817.731061205733567, 2506844.993353006895632 ], [ 2277867.695647088810802, 2506795.028533050790429 ], [ 2277917.660232971888036, 2506795.028533050790429 ], [ 2277967.62481885496527, 2506745.064754180144519 ], [ 2278017.590445818379521, 2506795.028533050790429 ], [ 2278067.555031701456755, 2506745.064754180144519 ], [ 2278117.519617584533989, 2506745.064754180144519 ], [ 2278117.519617584533989, 2506695.099934224039316 ], [ 2278117.519617584533989, 2506645.135114267468452 ], [ 2278167.484203467611223, 2506645.135114267468452 ], [ 2278217.448789350688457, 2506645.135114267468452 ], [ 2278217.448789350688457, 2506595.17029431136325 ], [ 2278217.448789350688457, 2506545.20651544071734 ], [ 2278267.414416314568371, 2506495.241695484612137 ], [ 2278267.414416314568371, 2506445.276875528506935 ], [ 2278217.448789350688457, 2506395.312055571936071 ], [ 2278217.448789350688457, 2506345.34827670129016 ], [ 2278217.448789350688457, 2506295.383456745184958 ], [ 2278067.555031701456755, 2506295.383456745184958 ], [ 2278067.555031701456755, 2506345.34827670129016 ], [ 2278067.555031701456755, 2506395.312055571936071 ], [ 2277967.62481885496527, 2506395.312055571936071 ], [ 2277867.695647088810802, 2506345.34827670129016 ], [ 2277118.223735600709915, 2506295.383456745184958 ], [ 2277118.223735600709915, 2505795.738380439579487 ], [ 2277168.189362564589828, 2504746.482366786338389 ], [ 2277118.223735600709915, 2504746.482366786338389 ], [ 2277118.223735600709915, 2504696.518587915692478 ], [ 2277168.189362564589828, 2503497.369155479595065 ], [ 2277318.083120213355869, 2503647.262574262917042 ], [ 2277418.012291979510337, 2503547.333975436165929 ], [ 2277717.801889439579099, 2503797.155993045773357 ], [ 2277867.695647088810802, 2503797.155993045773357 ], [ 2277917.660232971888036, 2503797.155993045773357 ], [ 2277917.660232971888036, 2503747.192214175127447 ], [ 2277867.695647088810802, 2503747.192214175127447 ], [ 2278417.308173963800073, 2503797.155993045773357 ], [ 2278467.272759846877307, 2502747.901020478457212 ], [ 2278417.308173963800073, 2502747.901020478457212 ], [ 2279466.568641830701381, 2502747.901020478457212 ], [ 2280515.829109698068351, 2502747.901020478457212 ], [ 2280865.582251959946007, 2502797.865840434562415 ], [ 2280915.54787892382592, 2502797.865840434562415 ], [ 2281065.441636573057622, 2502847.829619305208325 ], [ 2282014.772932673804462, 2503297.510916740167886 ], [ 2282114.70210443995893, 2503347.47573669673875 ], [ 2282664.314631314948201, 2503547.333975436165929 ], [ 2282614.350045432336628, 2504646.553767959587276 ], [ 2282614.350045432336628, 2505495.950501787941903 ], [ 2282614.350045432336628, 2506045.560398049652576 ], [ 2282564.385459549259394, 2507094.816411702893674 ], [ 2282564.385459549259394, 2507144.780190573539585 ], [ 2282514.419832585379481, 2508743.646100488025695 ], [ 2282464.455246702302247, 2510592.334028013050556 ], [ 2282964.103187694214284, 2510592.334028013050556 ], [ 2283113.997986424248666, 2510592.334028013050556 ], [ 2283263.891744073480368, 2510592.334028013050556 ], [ 2283363.821956919971853, 2510592.334028013050556 ], [ 2283413.786542803049088, 2510592.334028013050556 ], [ 2283463.751128686126322, 2510642.298847969155759 ], [ 2283513.715714569203556, 2510642.298847969155759 ], [ 2283463.751128686126322, 2510692.262626839801669 ], [ 2283413.786542803049088, 2510692.262626839801669 ], [ 2283413.786542803049088, 2510642.298847969155759 ], [ 2283363.821956919971853, 2510642.298847969155759 ], [ 2283363.821956919971853, 2510692.262626839801669 ], [ 2283363.821956919971853, 2510742.227446796372533 ], [ 2283313.856329956557602, 2510692.262626839801669 ], [ 2283263.891744073480368, 2510692.262626839801669 ], [ 2283263.891744073480368, 2510742.227446796372533 ], [ 2283263.891744073480368, 2510792.192266752477735 ], [ 2283313.856329956557602, 2510792.192266752477735 ], [ 2283313.856329956557602, 2510842.157086708582938 ], [ 2283263.891744073480368, 2510842.157086708582938 ], [ 2283263.891744073480368, 2510892.120865579228848 ], [ 2283213.927158190403134, 2510942.085685535799712 ], [ 2283213.927158190403134, 2510992.050505491904914 ], [ 2283263.891744073480368, 2510992.050505491904914 ], [ 2283263.891744073480368, 2511042.014284362550825 ], [ 2283213.927158190403134, 2511042.014284362550825 ], [ 2283213.927158190403134, 2511091.979104318656027 ], [ 2283213.927158190403134, 2511042.014284362550825 ], [ 2283163.9625723073259, 2511042.014284362550825 ], [ 2283113.997986424248666, 2511042.014284362550825 ], [ 2283163.9625723073259, 2511091.979104318656027 ], [ 2283163.9625723073259, 2511141.94392427476123 ], [ 2283163.9625723073259, 2511191.908744231332093 ], [ 2283113.997986424248666, 2511191.908744231332093 ], [ 2283113.997986424248666, 2511241.872523101978004 ], [ 2283113.997986424248666, 2511291.837343058083206 ], [ 2283163.9625723073259, 2511291.837343058083206 ], [ 2283163.9625723073259, 2511341.802163014188409 ], [ 2283213.927158190403134, 2511341.802163014188409 ], [ 2283163.9625723073259, 2511341.802163014188409 ], [ 2283163.9625723073259, 2511391.766982970759273 ], [ 2283113.997986424248666, 2511341.802163014188409 ], [ 2283064.033400541171432, 2511341.802163014188409 ], [ 2283064.033400541171432, 2511391.766982970759273 ], [ 2283064.033400541171432, 2511441.730761841405183 ], [ 2283064.033400541171432, 2511491.695581797510386 ], [ 2283014.067773577291518, 2511491.695581797510386 ], [ 2283014.067773577291518, 2511441.730761841405183 ], [ 2282964.103187694214284, 2511441.730761841405183 ], [ 2282964.103187694214284, 2511391.766982970759273 ], [ 2282964.103187694214284, 2511341.802163014188409 ], [ 2282914.13860181113705, 2511341.802163014188409 ], [ 2282914.13860181113705, 2511391.766982970759273 ], [ 2282914.13860181113705, 2511441.730761841405183 ], [ 2282864.174015928059816, 2511441.730761841405183 ], [ 2282814.209430044982582, 2511391.766982970759273 ], [ 2282764.243803081102669, 2511441.730761841405183 ], [ 2282764.243803081102669, 2511491.695581797510386 ], [ 2282714.279217198025435, 2511491.695581797510386 ], [ 2282664.314631314948201, 2511491.695581797510386 ], [ 2282664.314631314948201, 2511541.660401753615588 ], [ 2282664.314631314948201, 2511591.624180624261498 ], [ 2282664.314631314948201, 2511641.589000580366701 ], [ 2282664.314631314948201, 2511591.624180624261498 ], [ 2282614.350045432336628, 2511591.624180624261498 ], [ 2282564.385459549259394, 2511591.624180624261498 ], [ 2282514.419832585379481, 2511591.624180624261498 ], [ 2282464.455246702302247, 2511591.624180624261498 ], [ 2282464.455246702302247, 2511641.589000580366701 ], [ 2282464.455246702302247, 2511691.553820536937565 ], [ 2282414.490660819225013, 2511691.553820536937565 ], [ 2282414.490660819225013, 2511741.518640493042767 ], [ 2282364.526074936147779, 2511741.518640493042767 ], [ 2282364.526074936147779, 2511691.553820536937565 ], [ 2282364.526074936147779, 2511641.589000580366701 ], [ 2282314.561489053070545, 2511641.589000580366701 ], [ 2282264.596903169993311, 2511641.589000580366701 ], [ 2282214.631276206113398, 2511641.589000580366701 ], [ 2282214.631276206113398, 2511691.553820536937565 ], [ 2282214.631276206113398, 2511741.518640493042767 ], [ 2282264.596903169993311, 2511741.518640493042767 ], [ 2282264.596903169993311, 2511791.482419363688678 ], [ 2282214.631276206113398, 2511791.482419363688678 ], [ 2282214.631276206113398, 2511841.44723931979388 ], [ 2282214.631276206113398, 2511891.412059276364744 ], [ 2282164.666690323036164, 2511891.412059276364744 ], [ 2282114.70210443995893, 2511891.412059276364744 ], [ 2282114.70210443995893, 2511941.376879232469946 ], [ 2282164.666690323036164, 2511991.340658103115857 ], [ 2282164.666690323036164, 2512041.305478059221059 ], [ 2282114.70210443995893, 2512041.305478059221059 ], [ 2282064.737518556881696, 2512041.305478059221059 ], [ 2282064.737518556881696, 2512091.270298015326262 ], [ 2282014.772932673804462, 2512091.270298015326262 ], [ 2281964.80730571039021, 2512091.270298015326262 ], [ 2281964.80730571039021, 2512041.305478059221059 ], [ 2281914.842719827312976, 2512041.305478059221059 ], [ 2281914.842719827312976, 2512091.270298015326262 ], [ 2281864.878133944235742, 2512091.270298015326262 ], [ 2281864.878133944235742, 2512141.235117971897125 ], [ 2281864.878133944235742, 2512191.198896842543036 ], [ 2281864.878133944235742, 2512241.163716798648238 ], [ 2281814.913548061158508, 2512241.163716798648238 ], [ 2281814.913548061158508, 2512191.198896842543036 ], [ 2281814.913548061158508, 2512241.163716798648238 ], [ 2281764.948962178081274, 2512241.163716798648238 ], [ 2281764.948962178081274, 2512291.128536754753441 ], [ 2281714.98437629500404, 2512241.163716798648238 ], [ 2281665.018749331124127, 2512241.163716798648238 ], [ 2281665.018749331124127, 2512291.128536754753441 ], [ 2281665.018749331124127, 2512341.092315625399351 ], [ 2281615.054163448046893, 2512341.092315625399351 ], [ 2281615.054163448046893, 2512391.057135581970215 ], [ 2281565.089577564969659, 2512391.057135581970215 ], [ 2281565.089577564969659, 2512441.021955538075417 ], [ 2281615.054163448046893, 2512490.98677549418062 ], [ 2281615.054163448046893, 2512540.95055436482653 ], [ 2281615.054163448046893, 2512590.915374321397394 ], [ 2281565.089577564969659, 2512590.915374321397394 ], [ 2281515.124991681892425, 2512590.915374321397394 ], [ 2281465.160405798815191, 2512590.915374321397394 ], [ 2281415.194778834935278, 2512590.915374321397394 ], [ 2281415.194778834935278, 2512640.880194277502596 ], [ 2281365.230192951858044, 2512640.880194277502596 ], [ 2281415.194778834935278, 2512690.845014233607799 ], [ 2281415.194778834935278, 2512740.808793104253709 ], [ 2281465.160405798815191, 2512740.808793104253709 ], [ 2281465.160405798815191, 2512790.773613060358912 ], [ 2281415.194778834935278, 2512790.773613060358912 ], [ 2281365.230192951858044, 2512790.773613060358912 ], [ 2281365.230192951858044, 2512840.738433016929775 ], [ 2281415.194778834935278, 2512840.738433016929775 ], [ 2281415.194778834935278, 2512890.703252973034978 ], [ 2281415.194778834935278, 2512940.667031843680888 ], [ 2281415.194778834935278, 2512990.631851799786091 ], [ 2281365.230192951858044, 2512990.631851799786091 ], [ 2281315.26560706878081, 2512990.631851799786091 ], [ 2281265.301021186169237, 2512990.631851799786091 ], [ 2281215.336435303092003, 2512990.631851799786091 ], [ 2281215.336435303092003, 2513040.596671756356955 ], [ 2281165.37080833921209, 2513040.596671756356955 ], [ 2281215.336435303092003, 2513040.596671756356955 ], [ 2281215.336435303092003, 2513090.560450627002865 ], [ 2281215.336435303092003, 2513140.525270583108068 ], [ 2281165.37080833921209, 2513140.525270583108068 ], [ 2281115.406222456134856, 2513090.560450627002865 ], [ 2281065.441636573057622, 2513090.560450627002865 ], [ 2281065.441636573057622, 2513040.596671756356955 ], [ 2281065.441636573057622, 2512990.631851799786091 ], [ 2281015.477050689980388, 2512990.631851799786091 ], [ 2280965.512464806903154, 2513040.596671756356955 ], [ 2280915.54787892382592, 2513090.560450627002865 ], [ 2280915.54787892382592, 2513040.596671756356955 ], [ 2280865.582251959946007, 2513040.596671756356955 ], [ 2280865.582251959946007, 2512990.631851799786091 ], [ 2280815.617666076868773, 2512990.631851799786091 ], [ 2280815.617666076868773, 2513040.596671756356955 ], [ 2280815.617666076868773, 2513090.560450627002865 ], [ 2280815.617666076868773, 2513140.525270583108068 ], [ 2280765.653080193791538, 2513140.525270583108068 ], [ 2280765.653080193791538, 2513190.49009053921327 ], [ 2280715.688494310714304, 2513240.454910495318472 ], [ 2280665.72390842763707, 2513240.454910495318472 ], [ 2280615.758281464222819, 2513240.454910495318472 ], [ 2280565.793695581145585, 2513240.454910495318472 ], [ 2280515.829109698068351, 2513240.454910495318472 ], [ 2280465.864523814991117, 2513240.454910495318472 ], [ 2280415.899937931913882, 2513240.454910495318472 ], [ 2280415.899937931913882, 2513290.418689365964383 ], [ 2280365.934310968033969, 2513340.383509322535247 ], [ 2280315.969725084956735, 2513390.348329278640449 ], [ 2280266.005139201879501, 2513390.348329278640449 ], [ 2280266.005139201879501, 2513440.313149234745651 ], [ 2280266.005139201879501, 2513490.276928105391562 ], [ 2280216.040553318802267, 2513440.313149234745651 ], [ 2280216.040553318802267, 2513490.276928105391562 ], [ 2280216.040553318802267, 2513540.241748061962426 ], [ 2280166.075967435725033, 2513540.241748061962426 ], [ 2280166.075967435725033, 2513590.206568018067628 ], [ 2280216.040553318802267, 2513590.206568018067628 ], [ 2280216.040553318802267, 2513640.170346888713539 ], [ 2280216.040553318802267, 2513690.135166844818741 ], [ 2280216.040553318802267, 2513740.099986800923944 ], [ 2280216.040553318802267, 2513790.064806757494807 ], [ 2280266.005139201879501, 2513790.064806757494807 ], [ 2280216.040553318802267, 2513790.064806757494807 ], [ 2280216.040553318802267, 2513840.028585628140718 ], [ 2280216.040553318802267, 2513889.99340558424592 ], [ 2280266.005139201879501, 2513889.99340558424592 ], [ 2280266.005139201879501, 2513939.958225540351123 ], [ 2280216.040553318802267, 2513939.958225540351123 ], [ 2280216.040553318802267, 2513889.99340558424592 ], [ 2280166.075967435725033, 2513889.99340558424592 ], [ 2280166.075967435725033, 2513939.958225540351123 ], [ 2280216.040553318802267, 2513939.958225540351123 ], [ 2280166.075967435725033, 2513939.958225540351123 ], [ 2280166.075967435725033, 2513989.923045496921986 ], [ 2280116.111381552647799, 2513989.923045496921986 ], [ 2280116.111381552647799, 2514039.886824367567897 ], [ 2280066.145754588767886, 2514089.851644323673099 ], [ 2280016.181168705690652, 2514089.851644323673099 ], [ 2279966.216582822613418, 2514139.816464279778302 ], [ 2279966.216582822613418, 2514189.781284235883504 ], [ 2279916.251996940001845, 2514189.781284235883504 ], [ 2279916.251996940001845, 2514239.745063106529415 ], [ 2279916.251996940001845, 2514289.709883063100278 ], [ 2279916.251996940001845, 2514339.674703019205481 ], [ 2279916.251996940001845, 2514389.638481889851391 ], [ 2279966.216582822613418, 2514439.603301845956594 ], [ 2279916.251996940001845, 2514439.603301845956594 ], [ 2279916.251996940001845, 2514489.568121802527457 ], [ 2279866.287411056924611, 2514489.568121802527457 ], [ 2279816.321784093044698, 2514489.568121802527457 ], [ 2279816.321784093044698, 2514539.53294175863266 ], [ 2279816.321784093044698, 2514589.49672062927857 ], [ 2279766.357198209967464, 2514589.49672062927857 ], [ 2279816.321784093044698, 2514639.461540585383773 ], [ 2279766.357198209967464, 2514639.461540585383773 ], [ 2279766.357198209967464, 2514689.426360541488975 ], [ 2279716.39261232689023, 2514689.426360541488975 ], [ 2279716.39261232689023, 2514739.391180498059839 ], [ 2279666.428026443812996, 2514739.391180498059839 ], [ 2279616.463440560735762, 2514739.391180498059839 ], [ 2279566.497813596855849, 2514789.35495936870575 ], [ 2279566.497813596855849, 2514839.319779324810952 ], [ 2279516.533227713778615, 2514889.284599280916154 ], [ 2279466.568641830701381, 2514889.284599280916154 ], [ 2279416.604055947624147, 2514889.284599280916154 ], [ 2279366.639470064546913, 2514889.284599280916154 ], [ 2279316.674884181469679, 2514889.284599280916154 ], [ 2279266.709257218055427, 2514889.284599280916154 ], [ 2279266.709257218055427, 2514939.249419237487018 ], [ 2279216.744671334978193, 2514939.249419237487018 ], [ 2279166.780085451900959, 2514939.249419237487018 ], [ 2279166.780085451900959, 2514989.213198108132929 ], [ 2279116.815499568823725, 2514989.213198108132929 ], [ 2279066.850913685746491, 2515039.178018064238131 ], [ 2279066.850913685746491, 2514989.213198108132929 ], [ 2279016.885286721866578, 2514989.213198108132929 ], [ 2278966.920700838789344, 2514989.213198108132929 ], [ 2278966.920700838789344, 2515039.178018064238131 ], [ 2279016.885286721866578, 2515039.178018064238131 ], [ 2279016.885286721866578, 2515089.142838020343333 ], [ 2279016.885286721866578, 2515139.106616890989244 ], [ 2279066.850913685746491, 2515189.071436847094446 ], [ 2279016.885286721866578, 2515189.071436847094446 ], [ 2279016.885286721866578, 2515239.03625680366531 ], [ 2278966.920700838789344, 2515289.001076759770513 ], [ 2278916.95611495571211, 2515289.001076759770513 ], [ 2278916.95611495571211, 2515338.964855630416423 ], [ 2278866.991529072634876, 2515338.964855630416423 ], [ 2278866.991529072634876, 2515289.001076759770513 ], [ 2278817.026943189557642, 2515289.001076759770513 ], [ 2278817.026943189557642, 2515338.964855630416423 ], [ 2278817.026943189557642, 2515388.929675586521626 ], [ 2278767.061316225677729, 2515388.929675586521626 ], [ 2278767.061316225677729, 2515438.894495543092489 ], [ 2278717.096730342600495, 2515488.859315499197692 ], [ 2278717.096730342600495, 2515538.823094369843602 ], [ 2278667.132144459523261, 2515538.823094369843602 ], [ 2278667.132144459523261, 2515588.787914325948805 ], [ 2278667.132144459523261, 2515638.752734282054007 ], [ 2278617.167558576911688, 2515638.752734282054007 ], [ 2278567.202972693368793, 2515638.752734282054007 ], [ 2278567.202972693368793, 2515688.716513152699918 ], [ 2278567.202972693368793, 2515738.681333109270781 ], [ 2278617.167558576911688, 2515738.681333109270781 ], [ 2278617.167558576911688, 2515788.646153065375984 ], [ 2278617.167558576911688, 2515838.610973021481186 ], [ 2278617.167558576911688, 2515888.574751892127097 ], [ 2278617.167558576911688, 2515938.53957184869796 ], [ 2278567.202972693368793, 2515938.53957184869796 ], [ 2278517.23838681075722, 2515988.504391804803163 ], [ 2278467.272759846877307, 2516038.469211760908365 ], [ 2278467.272759846877307, 2516088.432990631554276 ], [ 2278417.308173963800073, 2516088.432990631554276 ], [ 2278367.343588080722839, 2516088.432990631554276 ], [ 2278317.379002197645605, 2516088.432990631554276 ], [ 2278317.379002197645605, 2516138.397810587659478 ], [ 2278317.379002197645605, 2516188.362630544230342 ], [ 2278317.379002197645605, 2516238.327450500335544 ], [ 2278317.379002197645605, 2516288.291229370981455 ], [ 2278267.414416314568371, 2516288.291229370981455 ], [ 2278267.414416314568371, 2516338.256049327086657 ], [ 2278217.448789350688457, 2516338.256049327086657 ], [ 2278217.448789350688457, 2516388.220869283657521 ], [ 2278167.484203467611223, 2516388.220869283657521 ], [ 2278167.484203467611223, 2516438.184648154303432 ], [ 2278117.519617584533989, 2516438.184648154303432 ], [ 2278117.519617584533989, 2516488.149468110408634 ], [ 2278117.519617584533989, 2516538.114288066513836 ], [ 2278067.555031701456755, 2516538.114288066513836 ], [ 2278017.590445818379521, 2516588.079108022619039 ], [ 2277967.62481885496527, 2516588.079108022619039 ], [ 2277917.660232971888036, 2516588.079108022619039 ], [ 2277867.695647088810802, 2516638.042886893264949 ], [ 2277817.731061205733567, 2516638.042886893264949 ], [ 2277817.731061205733567, 2516688.007706849835813 ], [ 2277767.766475322656333, 2516737.972526805941015 ], [ 2277767.766475322656333, 2516787.937346762046218 ], [ 2277767.766475322656333, 2516837.901125632692128 ], [ 2277767.766475322656333, 2516887.865945589262992 ], [ 2277767.766475322656333, 2516937.830765545368195 ], [ 2277767.766475322656333, 2516987.795585501473397 ], [ 2277767.766475322656333, 2517037.759364372119308 ], [ 2277767.766475322656333, 2517087.724184328690171 ], [ 2277767.766475322656333, 2517137.689004284795374 ], [ 2277717.801889439579099, 2517187.652783155441284 ], [ 2277667.836262475699186, 2517237.617603111546487 ], [ 2277717.801889439579099, 2517237.617603111546487 ], [ 2277717.801889439579099, 2517287.582423067651689 ], [ 2277717.801889439579099, 2517337.547243024222553 ], [ 2277717.801889439579099, 2517387.511021894868463 ], [ 2277717.801889439579099, 2517437.475841850973666 ], [ 2277667.836262475699186, 2517487.440661807078868 ], [ 2277717.801889439579099, 2517537.405481763184071 ], [ 2277717.801889439579099, 2517587.369260634295642 ], [ 2277767.766475322656333, 2517587.369260634295642 ], [ 2277767.766475322656333, 2517637.334080590400845 ], [ 2277817.731061205733567, 2517687.298900546506047 ], [ 2277817.731061205733567, 2517737.262679417151958 ], [ 2277817.731061205733567, 2517787.22749937325716 ], [ 2277867.695647088810802, 2517837.192319329828024 ], [ 2277867.695647088810802, 2517887.157139285933226 ], [ 2277867.695647088810802, 2517937.120918156579137 ], [ 2277817.731061205733567, 2517987.085738112684339 ], [ 2277817.731061205733567, 2518037.050558069255203 ], [ 2277767.766475322656333, 2518037.050558069255203 ], [ 2277767.766475322656333, 2518087.015378025360405 ], [ 2277717.801889439579099, 2518087.015378025360405 ], [ 2277717.801889439579099, 2518136.979156896006316 ], [ 2277667.836262475699186, 2518186.943976852111518 ], [ 2277617.871676592621952, 2518186.943976852111518 ], [ 2277617.871676592621952, 2518236.908796808216721 ], [ 2277617.871676592621952, 2518286.873616764787585 ], [ 2277567.907090709544718, 2518286.873616764787585 ], [ 2277517.942504826467484, 2518286.873616764787585 ], [ 2277467.97791894339025, 2518286.873616764787585 ], [ 2277418.012291979510337, 2518286.873616764787585 ], [ 2277368.047706096433103, 2518286.873616764787585 ], [ 2277318.083120213355869, 2518286.873616764787585 ], [ 2277268.118534330278635, 2518286.873616764787585 ], [ 2277218.153948447201401, 2518286.873616764787585 ], [ 2277168.189362564589828, 2518286.873616764787585 ], [ 2277118.223735600709915, 2518336.837395635433495 ], [ 2277068.259149717632681, 2518386.802215591538697 ], [ 2277068.259149717632681, 2518436.7670355476439 ], [ 2277068.259149717632681, 2518486.73081441828981 ], [ 2277068.259149717632681, 2518536.695634374860674 ], [ 2277068.259149717632681, 2518586.660454330965877 ], [ 2277068.259149717632681, 2518636.625274287071079 ], [ 2277068.259149717632681, 2518686.58905315771699 ], [ 2277068.259149717632681, 2518736.553873113822192 ], [ 2277018.294563834555447, 2518736.553873113822192 ], [ 2277068.259149717632681, 2518736.553873113822192 ], [ 2277068.259149717632681, 2518786.518693070393056 ], [ 2277018.294563834555447, 2518836.483513026498258 ], [ 2277018.294563834555447, 2518886.447291897144169 ], [ 2276968.329977951478213, 2518886.447291897144169 ], [ 2276968.329977951478213, 2518936.412111853249371 ], [ 2276918.365392068400979, 2518936.412111853249371 ], [ 2276868.399765104521066, 2518936.412111853249371 ], [ 2276818.435179221443832, 2518936.412111853249371 ], [ 2276768.470593338366598, 2518986.376931809820235 ], [ 2276768.470593338366598, 2519036.341751765925437 ], [ 2276768.470593338366598, 2519086.305530636571348 ], [ 2276718.506007455289364, 2519086.305530636571348 ], [ 2276718.506007455289364, 2519136.27035059267655 ], [ 2276718.506007455289364, 2519186.235170548781753 ], [ 2276768.470593338366598, 2519186.235170548781753 ], [ 2276718.506007455289364, 2519236.198949419427663 ], [ 2276718.506007455289364, 2519286.163769375998527 ], [ 2276718.506007455289364, 2519336.128589332103729 ], [ 2276668.54142157221213, 2519336.128589332103729 ], [ 2276618.575794608797878, 2519336.128589332103729 ], [ 2276618.575794608797878, 2519386.093409288208932 ], [ 2276568.611208725720644, 2519386.093409288208932 ], [ 2276518.64662284264341, 2519386.093409288208932 ], [ 2276518.64662284264341, 2519436.057188158854842 ], [ 2276468.682036959566176, 2519436.057188158854842 ], [ 2276468.682036959566176, 2519486.022008115425706 ], [ 2276418.717451076488942, 2519486.022008115425706 ], [ 2276368.752865193411708, 2519486.022008115425706 ], [ 2276318.787238229531795, 2519486.022008115425706 ], [ 2276318.787238229531795, 2519535.986828071530908 ], [ 2276268.822652346454561, 2519535.986828071530908 ], [ 2276218.858066463377327, 2519535.986828071530908 ], [ 2276218.858066463377327, 2519585.951648027636111 ], [ 2276168.893480580300093, 2519585.951648027636111 ], [ 2276168.893480580300093, 2519635.915426898282021 ], [ 2276118.928894697222859, 2519635.915426898282021 ], [ 2276068.963267733342946, 2519635.915426898282021 ], [ 2276018.998681850265712, 2519635.915426898282021 ], [ 2276018.998681850265712, 2519585.951648027636111 ], [ 2275969.034095967188478, 2519585.951648027636111 ], [ 2275969.034095967188478, 2519635.915426898282021 ], [ 2275919.069510084111243, 2519635.915426898282021 ], [ 2275919.069510084111243, 2519685.880246854387224 ], [ 2275919.069510084111243, 2519735.845066810958087 ], [ 2275969.034095967188478, 2519735.845066810958087 ], [ 2275969.034095967188478, 2519785.808845681603998 ], [ 2276018.998681850265712, 2519785.808845681603998 ], [ 2276018.998681850265712, 2519835.7736656377092 ], [ 2276068.963267733342946, 2519835.7736656377092 ], [ 2276068.963267733342946, 2519885.738485593814403 ], [ 2276068.963267733342946, 2519935.703305550385267 ], [ 2276018.998681850265712, 2519935.703305550385267 ], [ 2276018.998681850265712, 2519985.667084421031177 ], [ 2275969.034095967188478, 2519985.667084421031177 ], [ 2275919.069510084111243, 2519985.667084421031177 ], [ 2275869.104924201034009, 2519985.667084421031177 ], [ 2275869.104924201034009, 2520035.631904377136379 ], [ 2275819.139297237619758, 2520035.631904377136379 ], [ 2275819.139297237619758, 2520085.596724333241582 ], [ 2275869.104924201034009, 2520085.596724333241582 ], [ 2275819.139297237619758, 2520085.596724333241582 ], [ 2275819.139297237619758, 2520135.561544289346784 ], [ 2275769.174711354542524, 2520135.561544289346784 ], [ 2275769.174711354542524, 2520185.525323159992695 ], [ 2275719.21012547146529, 2520185.525323159992695 ], [ 2275669.245539588388056, 2520135.561544289346784 ], [ 2275669.245539588388056, 2520085.596724333241582 ], [ 2275719.21012547146529, 2520085.596724333241582 ], [ 2275719.21012547146529, 2520035.631904377136379 ], [ 2275719.21012547146529, 2519985.667084421031177 ], [ 2275669.245539588388056, 2519985.667084421031177 ], [ 2275669.245539588388056, 2519935.703305550385267 ], [ 2275669.245539588388056, 2519885.738485593814403 ], [ 2275619.280953705310822, 2519885.738485593814403 ], [ 2275619.280953705310822, 2519835.7736656377092 ], [ 2275569.316367822233588, 2519835.7736656377092 ], [ 2275519.350740858353674, 2519835.7736656377092 ], [ 2275519.350740858353674, 2519885.738485593814403 ], [ 2275469.38615497527644, 2519885.738485593814403 ], [ 2275469.38615497527644, 2519935.703305550385267 ], [ 2275469.38615497527644, 2519985.667084421031177 ], [ 2275419.421569092199206, 2519985.667084421031177 ], [ 2275419.421569092199206, 2520035.631904377136379 ], [ 2275369.456983209121972, 2520035.631904377136379 ], [ 2275369.456983209121972, 2520085.596724333241582 ], [ 2275369.456983209121972, 2520135.561544289346784 ], [ 2275369.456983209121972, 2520185.525323159992695 ], [ 2275369.456983209121972, 2520235.490143116563559 ], [ 2275319.492397326044738, 2520235.490143116563559 ], [ 2275319.492397326044738, 2520185.525323159992695 ], [ 2275319.492397326044738, 2520235.490143116563559 ], [ 2275319.492397326044738, 2520285.454963072668761 ], [ 2275319.492397326044738, 2520335.419783028773963 ], [ 2275319.492397326044738, 2520385.383561899419874 ], [ 2275269.526770362630486, 2520435.348381855990738 ], [ 2275269.526770362630486, 2520485.31320181209594 ], [ 2275319.492397326044738, 2520485.31320181209594 ], [ 2275319.492397326044738, 2520535.276980682741851 ], [ 2275319.492397326044738, 2520585.241800638847053 ], [ 2275319.492397326044738, 2520635.206620594952255 ], [ 2275269.526770362630486, 2520685.171440551523119 ], [ 2275269.526770362630486, 2520735.13521942216903 ], [ 2275219.562184479553252, 2520735.13521942216903 ], [ 2275269.526770362630486, 2520735.13521942216903 ], [ 2275269.526770362630486, 2520785.100039378274232 ], [ 2275269.526770362630486, 2520835.064859334379435 ], [ 2275269.526770362630486, 2520885.029679290950298 ], [ 2275269.526770362630486, 2520934.993458161596209 ], [ 2275219.562184479553252, 2520934.993458161596209 ], [ 2275219.562184479553252, 2520984.958278117701411 ], [ 2275269.526770362630486, 2520984.958278117701411 ], [ 2275219.562184479553252, 2520984.958278117701411 ], [ 2275219.562184479553252, 2521034.923098073806614 ], [ 2275269.526770362630486, 2521034.923098073806614 ], [ 2275319.492397326044738, 2521034.923098073806614 ], [ 2275319.492397326044738, 2521084.887918029911816 ], [ 2275319.492397326044738, 2521134.851696900557727 ], [ 2275269.526770362630486, 2521134.851696900557727 ], [ 2275269.526770362630486, 2521184.81651685712859 ], [ 2275269.526770362630486, 2521134.851696900557727 ], [ 2275219.562184479553252, 2521134.851696900557727 ], [ 2275169.597598596476018, 2521134.851696900557727 ], [ 2275169.597598596476018, 2521084.887918029911816 ], [ 2275119.633012713398784, 2521084.887918029911816 ], [ 2275119.633012713398784, 2521134.851696900557727 ], [ 2275119.633012713398784, 2521184.81651685712859 ], [ 2275119.633012713398784, 2521234.781336813233793 ], [ 2275119.633012713398784, 2521284.745115683879703 ], [ 2275069.66842683032155, 2521284.745115683879703 ], [ 2275069.66842683032155, 2521334.709935639984906 ], [ 2275069.66842683032155, 2521384.674755596555769 ], [ 2275119.633012713398784, 2521384.674755596555769 ], [ 2275119.633012713398784, 2521434.639575552660972 ], [ 2275069.66842683032155, 2521434.639575552660972 ], [ 2275069.66842683032155, 2521484.603354423306882 ], [ 2275019.702799866441637, 2521484.603354423306882 ], [ 2275019.702799866441637, 2521534.568174379412085 ], [ 2274969.738213983364403, 2521534.568174379412085 ], [ 2275019.702799866441637, 2521534.568174379412085 ], [ 2275069.66842683032155, 2521534.568174379412085 ], [ 2275119.633012713398784, 2521534.568174379412085 ], [ 2275119.633012713398784, 2521584.532994335517287 ], [ 2275069.66842683032155, 2521584.532994335517287 ], [ 2275019.702799866441637, 2521634.497814292088151 ], [ 2275069.66842683032155, 2521684.461593162734061 ], [ 2275119.633012713398784, 2521634.497814292088151 ], [ 2275169.597598596476018, 2521634.497814292088151 ], [ 2275169.597598596476018, 2521684.461593162734061 ], [ 2275169.597598596476018, 2521734.426413118839264 ], [ 2275119.633012713398784, 2521784.391233074944466 ], [ 2275119.633012713398784, 2521834.355011945590377 ], [ 2275119.633012713398784, 2521884.319831902161241 ], [ 2275169.597598596476018, 2521884.319831902161241 ], [ 2275169.597598596476018, 2521934.284651858266443 ], [ 2275069.66842683032155, 2521934.284651858266443 ], [ 2275069.66842683032155, 2521984.249471814371645 ], [ 2275069.66842683032155, 2522034.213250685017556 ], [ 2275119.633012713398784, 2522034.213250685017556 ], [ 2275169.597598596476018, 2522084.178070641122758 ], [ 2275169.597598596476018, 2522134.142890597693622 ], [ 2275119.633012713398784, 2522134.142890597693622 ], [ 2275119.633012713398784, 2522184.107710553798825 ], [ 2275069.66842683032155, 2522184.107710553798825 ], [ 2275019.702799866441637, 2522184.107710553798825 ], [ 2274969.738213983364403, 2522184.107710553798825 ], [ 2275019.702799866441637, 2522234.071489424444735 ], [ 2275069.66842683032155, 2522234.071489424444735 ], [ 2275119.633012713398784, 2522284.036309380549937 ], [ 2275119.633012713398784, 2522334.001129337120801 ], [ 2275069.66842683032155, 2522334.001129337120801 ], [ 2275019.702799866441637, 2522334.001129337120801 ], [ 2274969.738213983364403, 2522284.036309380549937 ], [ 2274969.738213983364403, 2522234.071489424444735 ], [ 2274919.773628100287169, 2522284.036309380549937 ], [ 2274969.738213983364403, 2522334.001129337120801 ], [ 2274969.738213983364403, 2522383.965949293226004 ], [ 2274919.773628100287169, 2522383.965949293226004 ], [ 2274869.809042217209935, 2522383.965949293226004 ], [ 2274869.809042217209935, 2522334.001129337120801 ], [ 2274919.773628100287169, 2522334.001129337120801 ], [ 2274869.809042217209935, 2522284.036309380549937 ], [ 2274819.844456334132701, 2522284.036309380549937 ], [ 2274819.844456334132701, 2522334.001129337120801 ], [ 2274869.809042217209935, 2522383.965949293226004 ], [ 2274869.809042217209935, 2522433.929728163871914 ], [ 2274819.844456334132701, 2522433.929728163871914 ], [ 2274769.879870451055467, 2522433.929728163871914 ], [ 2274769.879870451055467, 2522483.894548119977117 ], [ 2274819.844456334132701, 2522533.85936807654798 ], [ 2274769.879870451055467, 2522583.823146947193891 ], [ 2274719.914243487175554, 2522583.823146947193891 ], [ 2274719.914243487175554, 2522533.85936807654798 ], [ 2274719.914243487175554, 2522483.894548119977117 ], [ 2274669.94965760409832, 2522533.85936807654798 ], [ 2274669.94965760409832, 2522583.823146947193891 ], [ 2274669.94965760409832, 2522633.787966903299093 ], [ 2274619.985071721021086, 2522633.787966903299093 ], [ 2274619.985071721021086, 2522583.823146947193891 ], [ 2274570.020485837943852, 2522583.823146947193891 ], [ 2274570.020485837943852, 2522633.787966903299093 ], [ 2274570.020485837943852, 2522683.752786859404296 ], [ 2274520.055899955332279, 2522683.752786859404296 ], [ 2274470.090272991452366, 2522683.752786859404296 ], [ 2274470.090272991452366, 2522633.787966903299093 ], [ 2274470.090272991452366, 2522683.752786859404296 ], [ 2274470.090272991452366, 2522733.717606815509498 ], [ 2274520.055899955332279, 2522733.717606815509498 ], [ 2274470.090272991452366, 2522733.717606815509498 ], [ 2274470.090272991452366, 2522783.681385686155409 ], [ 2274470.090272991452366, 2522733.717606815509498 ], [ 2274420.125687108375132, 2522733.717606815509498 ], [ 2274370.161101225297898, 2522733.717606815509498 ], [ 2274370.161101225297898, 2522783.681385686155409 ], [ 2274370.161101225297898, 2522833.646205642726272 ], [ 2274420.125687108375132, 2522833.646205642726272 ], [ 2274420.125687108375132, 2522883.611025598831475 ], [ 2274370.161101225297898, 2522883.611025598831475 ], [ 2274370.161101225297898, 2522933.575845554936677 ], [ 2274370.161101225297898, 2522983.539624425582588 ], [ 2274370.161101225297898, 2523033.504444382153451 ], [ 2274370.161101225297898, 2523083.469264338258654 ], [ 2274320.196515342220664, 2523083.469264338258654 ], [ 2274320.196515342220664, 2523133.434084294363856 ], [ 2274270.23192945914343, 2523183.397863165009767 ], [ 2274270.23192945914343, 2523233.362683121114969 ], [ 2274270.23192945914343, 2523283.327503077685833 ], [ 2274220.266302495263517, 2523283.327503077685833 ], [ 2274220.266302495263517, 2523333.291281948331743 ], [ 2274170.301716612186283, 2523333.291281948331743 ], [ 2274170.301716612186283, 2523383.256101904436946 ], [ 2274120.337130729109049, 2523383.256101904436946 ], [ 2274120.337130729109049, 2523433.220921860542148 ], [ 2274070.372544846031815, 2523433.220921860542148 ], [ 2274120.337130729109049, 2523483.185741816647351 ], [ 2274270.23192945914343, 2523483.185741816647351 ], [ 2275919.069510084111243, 2523533.149520687758923 ], [ 2276718.506007455289364, 2523533.149520687758923 ], [ 2276868.399765104521066, 2523533.149520687758923 ], [ 2277218.153948447201401, 2523533.149520687758923 ], [ 2277368.047706096433103, 2523533.149520687758923 ], [ 2277517.942504826467484, 2523583.114340643864125 ], [ 2277567.907090709544718, 2523583.114340643864125 ], [ 2278117.519617584533989, 2523583.114340643864125 ], [ 2278167.484203467611223, 2523583.114340643864125 ], [ 2278367.343588080722839, 2523583.114340643864125 ], [ 2278517.23838681075722, 2523583.114340643864125 ], [ 2279666.428026443812996, 2523633.079160599969327 ], [ 2279716.39261232689023, 2523633.079160599969327 ], [ 2279816.321784093044698, 2523633.079160599969327 ], [ 2280016.181168705690652, 2523633.079160599969327 ], [ 2280116.111381552647799, 2523633.079160599969327 ], [ 2280166.075967435725033, 2523633.079160599969327 ], [ 2280365.934310968033969, 2523633.079160599969327 ], [ 2280415.899937931913882, 2523633.079160599969327 ], [ 2280465.864523814991117, 2523633.079160599969327 ], [ 2281515.124991681892425, 2523683.04398055607453 ], [ 2282064.737518556881696, 2523683.04398055607453 ], [ 2282214.631276206113398, 2523683.04398055607453 ], [ 2282264.596903169993311, 2523683.04398055607453 ], [ 2282364.526074936147779, 2523683.04398055607453 ], [ 2282464.455246702302247, 2523683.04398055607453 ], [ 2282614.350045432336628, 2523683.04398055607453 ], [ 2282764.243803081102669, 2523683.04398055607453 ], [ 2282964.103187694214284, 2523683.04398055607453 ], [ 2283064.033400541171432, 2523683.04398055607453 ], [ 2283113.997986424248666, 2523683.04398055607453 ], [ 2283213.927158190403134, 2523733.00775942672044 ], [ 2283263.891744073480368, 2523683.04398055607453 ], [ 2283313.856329956557602, 2523683.04398055607453 ], [ 2283713.575099182315171, 2523733.00775942672044 ], [ 2283763.539685065392405, 2523733.00775942672044 ], [ 2283913.434483795426786, 2523733.00775942672044 ], [ 2283963.399069678038359, 2523733.00775942672044 ], [ 2284063.328241444192827, 2523733.00775942672044 ], [ 2284313.152211940381676, 2523733.00775942672044 ], [ 2284513.011596553493291, 2523733.00775942672044 ], [ 2284862.764738815370947, 2523733.00775942672044 ], [ 2284912.729324698448181, 2523733.00775942672044 ], [ 2284962.694951662328094, 2523733.00775942672044 ], [ 2285012.659537545405328, 2523733.00775942672044 ], [ 2285162.55329519463703, 2523733.00775942672044 ], [ 2285262.483508041128516, 2523782.972579383291304 ], [ 2285312.448093924671412, 2523733.00775942672044 ], [ 2285712.165822069626302, 2523782.972579383291304 ], [ 2286111.884591295383871, 2523782.972579383291304 ], [ 2286411.673147674649954, 2523782.972579383291304 ], [ 2286611.532532287761569, 2523782.972579383291304 ], [ 2286811.391916900407523, 2523782.972579383291304 ], [ 2286861.356502783484757, 2523782.972579383291304 ], [ 2286911.321088666561991, 2523782.972579383291304 ], [ 2286961.285674549639225, 2523782.972579383291304 ], [ 2288560.158669291995466, 2523832.937399339396507 ], [ 2288560.158669291995466, 2523882.901178210042417 ], [ 2288610.1232551750727, 2523832.937399339396507 ], [ 2288660.087841058149934, 2523832.937399339396507 ], [ 2290109.067078150808811, 2523882.901178210042417 ], [ 2292607.30574203049764, 2523932.865998166147619 ], [ 2293356.777653518132865, 2523932.865998166147619 ], [ 2295055.579820026643574, 2523982.830818122718483 ], [ 2296854.312199381645769, 2524032.795638078823686 ], [ 2297254.030968607868999, 2524032.795638078823686 ], [ 2297453.889312140177935, 2524082.759416949469596 ], [ 2297453.889312140177935, 2524132.724236905574799 ], [ 2297453.889312140177935, 2524182.689056861680001 ], [ 2296804.347613498568535, 2525181.980250558815897 ], [ 2296704.418441732414067, 2525331.873669341672212 ], [ 2296654.452814768999815, 2525381.837448212318122 ], [ 2296604.488228885922581, 2525481.767088124994189 ], [ 2296454.594471236690879, 2525681.625326864421368 ], [ 2296354.664258389733732, 2525831.518745647277683 ], [ 2296304.699672506656498, 2525931.447344474494457 ], [ 2296154.804873777087778, 2526131.305583213455975 ], [ 2296104.840287893544883, 2526231.235223126132041 ], [ 2296054.87570201093331, 2526331.163821952883154 ], [ 2295954.946530244778842, 2526531.022060692310333 ], [ 2295755.087145631667227, 2526780.845119387842715 ], [ 2295705.122559748589993, 2526830.809939344413579 ], [ 2295705.122559748589993, 2526880.773718215059489 ], [ 2295705.122559748589993, 2526930.738538171164691 ], [ 2295705.122559748589993, 2526980.703358127269894 ], [ 2295705.122559748589993, 2527080.631956954486668 ], [ 2295755.087145631667227, 2527680.206673172302544 ], [ 2295755.087145631667227, 2527780.13631308497861 ], [ 2295855.016317397821695, 2528479.639628130011261 ], [ 2295855.016317397821695, 2528529.604448086116463 ], [ 2295855.016317397821695, 2528579.568226956762373 ], [ 2295904.981944361701608, 2528629.533046912867576 ], [ 2296354.664258389733732, 2529478.929780741222203 ], [ 2296504.559057119768113, 2529778.717659392859787 ], [ 2297254.030968607868999, 2531127.760510612279177 ], [ 2297353.960140374023467, 2531277.653929395135492 ], [ 2297703.713282635901123, 2531877.228645613417029 ] ] } },
{ "type": "Feature", "properties": { }, "geometry": { "type": "LineString", "coordinates": [ [ 2297703.713282635901123, 2531877.228645613417029 ], [ 2298253.325809510890394, 2532776.590199397876859 ], [ 2298553.114365890156478, 2533226.270455746911466 ], [ 2299052.762306882068515, 2534025.703410704620183 ], [ 2299102.727933845948428, 2534125.632009531371295 ], [ 2299252.62169149518013, 2534375.455068226903677 ], [ 2299802.234218370169401, 2535274.816622011363506 ], [ 2300052.05818886635825, 2535624.568279533647001 ], [ 2300052.05818886635825, 2535674.533099490217865 ], [ 2300102.022774749435484, 2535724.497919446323067 ], [ 2300451.776958092115819, 2535974.320978141855448 ], [ 2301501.03638487868011, 2536773.752892013639212 ], [ 2301950.719739987514913, 2537073.540770665742457 ], [ 2302750.156237358693033, 2537673.114445798099041 ], [ 2302800.120823241770267, 2537673.114445798099041 ], [ 2302800.120823241770267, 2537723.079265754204243 ], [ 2303199.839592467527837, 2538722.370459451340139 ], [ 2303349.733350116759539, 2539122.086936929728836 ], [ 2303449.663562963716686, 2539521.802373323123902 ], [ 2303749.452119342517108, 2540271.270508324261755 ], [ 2303799.416705225594342, 2540371.200148236937821 ], [ 2303799.416705225594342, 2540421.164968193043023 ], [ 2303749.452119342517108, 2540421.164968193043023 ], [ 2303699.487533459439874, 2540471.128747063688934 ], [ 2303599.557320612482727, 2540471.128747063688934 ], [ 2303649.52294757636264, 2540720.951805759221315 ], [ 2303849.381291108671576, 2541220.596882064826787 ], [ 2303899.34587699174881, 2541320.526521977502853 ], [ 2303899.34587699174881, 2541370.491341933608055 ], [ 2303949.311503955628723, 2541420.455120804253966 ], [ 2303999.276089838705957, 2541470.419940760359168 ], [ 2304049.240675721783191, 2541470.419940760359168 ], [ 2304199.135474451351911, 2541520.38476071646437 ], [ 2304199.135474451351911, 2541570.348539587110281 ], [ 2304349.029232100583613, 2541920.101238195318729 ], [ 2304349.029232100583613, 2541970.065017065964639 ], [ 2304498.924030830617994, 2542369.781494544818997 ], [ 2304598.853202596772462, 2542619.604553240351379 ], [ 2304648.817788479849696, 2542719.533152067102492 ], [ 2304648.817788479849696, 2542769.497972023673356 ], [ 2304648.817788479849696, 2542819.462791979778558 ], [ 2304648.817788479849696, 2542869.42761193588376 ], [ 2304648.817788479849696, 2542919.391390806529671 ], [ 2304648.817788479849696, 2544018.611183330416679 ], [ 2304598.853202596772462, 2544518.257300721481442 ], [ 2304598.853202596772462, 2545117.830975853838027 ], [ 2304598.853202596772462, 2545217.760615766514093 ], [ 2304548.888616713695228, 2545217.760615766514093 ], [ 2304099.205261604860425, 2545217.760615766514093 ], [ 2303699.487533459439874, 2545217.760615766514093 ], [ 2303649.52294757636264, 2545217.760615766514093 ], [ 2302300.472882249392569, 2545167.79579581040889 ], [ 2301850.790568221360445, 2545167.79579581040889 ], [ 2301750.860355374403298, 2545167.79579581040889 ], [ 2301700.895769491326064, 2545167.79579581040889 ], [ 2301600.966597725171596, 2545167.79579581040889 ], [ 2301551.002011842094362, 2545217.760615766514093 ], [ 2301451.071798995602876, 2545217.760615766514093 ], [ 2301451.071798995602876, 2545267.725435722619295 ], [ 2301351.142627229448408, 2545267.725435722619295 ], [ 2301201.247828499414027, 2545417.618854505941272 ], [ 2301101.318656733259559, 2545517.547453332692385 ], [ 2301051.354070850182325, 2545517.547453332692385 ], [ 2300201.95298759592697, 2546167.086989507079124 ], [ 2300102.022774749435484, 2546267.015588333830237 ], [ 2300052.05818886635825, 2546267.015588333830237 ], [ 2300002.093602983281016, 2546316.980408290401101 ], [ 2298952.833135115914047, 2546716.696885768789798 ], [ 2298653.044578737113625, 2546816.625484596006572 ], [ 2298453.18519412400201, 2546916.555124508216977 ], [ 2298003.501839015167207, 2547066.448543291538954 ], [ 2297803.64349548285827, 2547116.413363247644156 ], [ 2297603.784110869746655, 2547216.341962074395269 ], [ 2297403.924726257100701, 2547266.306782030966133 ], [ 2297204.065341643989086, 2547366.235380857717246 ], [ 2297054.171583994757384, 2547416.200200813822448 ], [ 2296954.241371147800237, 2547416.200200813822448 ], [ 2296954.241371147800237, 2547566.093619597144425 ], [ 2296904.276785264723003, 2548815.207871989347041 ], [ 2296904.276785264723003, 2549864.462844557128847 ], [ 2296904.276785264723003, 2550713.859578385017812 ], [ 2296904.276785264723003, 2550763.824398341123015 ], [ 2296904.276785264723003, 2550813.789218297693878 ], [ 2296904.276785264723003, 2551163.540875819977373 ], [ 2296904.276785264723003, 2551213.505695776082575 ], [ 2296854.312199381645769, 2551962.973830777220428 ], [ 2296854.312199381645769, 2552262.760668343864381 ], [ 2296854.312199381645769, 2553212.087042084429413 ], [ 2296854.312199381645769, 2553312.015640911180526 ], [ 2297753.677868518978357, 2553312.015640911180526 ], [ 2298503.149780007079244, 2553361.980460867285728 ], [ 2298553.114365890156478, 2553361.980460867285728 ], [ 2298902.868549232836813, 2553361.980460867285728 ], [ 2300601.670715741347522, 2553411.945280823390931 ], [ 2300751.565514470916241, 2553411.945280823390931 ], [ 2301551.002011842094362, 2553411.945280823390931 ], [ 2301600.966597725171596, 2553411.945280823390931 ], [ 2301600.966597725171596, 2553461.910100779961795 ], [ 2301600.966597725171596, 2553611.80351956281811 ], [ 2301950.719739987514913, 2553611.80351956281811 ], [ 2302000.684325870592147, 2553661.768339519388974 ], [ 2301950.719739987514913, 2554511.165073347277939 ], [ 2301950.719739987514913, 2555160.704609521664679 ], [ 2301900.755154104437679, 2556110.029942176770419 ], [ 2301900.755154104437679, 2556159.994762132875621 ], [ 2302750.156237358693033, 2556159.994762132875621 ], [ 2302700.191651475615799, 2557708.89585209172219 ], [ 2303449.663562963716686, 2557708.89585209172219 ], [ 2304349.029232100583613, 2557708.89585209172219 ], [ 2304898.641758975572884, 2557409.107973439618945 ], [ 2305248.394901237916201, 2557359.144194568973035 ], [ 2305398.289699967950583, 2557359.144194568973035 ], [ 2306897.233522943686694, 2557209.250775786116719 ], [ 2307446.846049819141626, 2557159.285955829545856 ], [ 2307846.563777964096516, 2557109.321135873440653 ] ] } },
{ "type": "Feature", "properties": { }, "geometry": { "type": "MultiLineString", "coordinates": [ [ [ 2213812.847726716194302, 2494853.503192987758666 ], [ 2213812.847726716194302, 2494803.539414117112756 ], [ 2213812.847726716194302, 2494653.644954248331487 ], [ 2213812.847726716194302, 2494553.716355421580374 ], [ 2213762.882099752314389, 2494153.999877942726016 ], [ 2213662.952927986159921, 2492804.957026723306626 ], [ 2213662.952927986159921, 2492754.993247852660716 ], [ 2213662.952927986159921, 2492705.028427896555513 ], [ 2213662.952927986159921, 2492605.098787983879447 ], [ 2212813.551844731904566, 2492705.028427896555513 ], [ 2212813.551844731904566, 2492655.063607940450311 ], [ 2212813.551844731904566, 2492555.135009113233536 ], [ 2212813.551844731904566, 2492505.170189157128334 ], [ 2212763.587258848827332, 2492455.205369201023132 ], [ 2212763.587258848827332, 2492405.241590330377221 ], [ 2212763.587258848827332, 2492305.311950417701155 ], [ 2212763.587258848827332, 2492155.41853163484484 ], [ 2213662.952927986159921, 2492055.488891722168773 ], [ 2213612.988342103082687, 2491705.737234199885279 ], [ 2213662.952927986159921, 2491705.737234199885279 ], [ 2213612.988342103082687, 2491655.773455329239368 ], [ 2213612.988342103082687, 2491605.808635372668505 ], [ 2213612.988342103082687, 2491306.020756721030921 ], [ 2213612.988342103082687, 2491206.092157893814147 ], [ 2213612.988342103082687, 2491156.127337937708944 ], [ 2213612.988342103082687, 2491106.163559067063034 ], [ 2213563.023756220005453, 2491056.198739110957831 ], [ 2213563.023756220005453, 2490756.410860459320247 ], [ 2213513.059170336928219, 2490456.624022892676294 ], [ 2213513.059170336928219, 2490156.837185326498002 ], [ 2213712.917513869237155, 2490106.872365370392799 ], [ 2213612.988342103082687, 2489007.652572846505791 ], [ 2213612.988342103082687, 2488807.794334107078612 ], [ 2213612.988342103082687, 2488707.864694194868207 ], [ 2213612.988342103082687, 2488657.900915324222296 ], [ 2213563.023756220005453, 2488657.900915324222296 ], [ 2213612.988342103082687, 2488657.900915324222296 ], [ 2213612.988342103082687, 2488557.97127541154623 ], [ 2213563.023756220005453, 2488158.254797933157533 ], [ 2213563.023756220005453, 2488108.291019062511623 ], [ 2213563.023756220005453, 2488008.361379149835557 ], [ 2213513.059170336928219, 2487908.432780323084444 ], [ 2213513.059170336928219, 2487608.644901670981199 ], [ 2213513.059170336928219, 2487508.716302844230086 ] ], [ [ 2173741.093686395790428, 2492555.135009113233536 ], [ 2174040.88224277459085, 2492804.957026723306626 ], [ 2174090.846828657668084, 2492854.921846679411829 ], [ 2174540.530183766502887, 2493154.709725331515074 ], [ 2174540.530183766502887, 2493204.673504202160984 ], [ 2174740.388527298811823, 2493354.5669229850173 ], [ 2175240.036468291189522, 2493754.283400463871658 ], [ 2175290.001054173801094, 2493754.283400463871658 ], [ 2175739.684409283101559, 2494104.035057986620814 ], [ 2175739.684409283101559, 2494153.999877942726016 ], [ 2176239.332350275013596, 2494503.751535465009511 ], [ 2176439.191734888125211, 2494903.468012943863869 ], [ 2176489.156320771202445, 2494953.432832899969071 ], [ 2176589.085492537356913, 2495153.29107163939625 ], [ 2176938.839675880037248, 2495553.007549118250608 ], [ 2176988.804261763114482, 2495602.971327988896519 ], [ 2177338.557404024992138, 2495952.722985511180013 ], [ 2177488.452202755026519, 2496102.617445379961282 ], [ 2177788.240759134292603, 2496402.404282946139574 ], [ 2178437.782457775436342, 2497201.83723790384829 ], [ 2178987.394984650425613, 2497801.411954121664166 ], [ 2179087.32519749738276, 2497851.375732992310077 ], [ 2179087.32519749738276, 2497901.340552948880941 ], [ 2179137.289783380459994, 2497951.305372904986143 ], [ 2179437.078339759260416, 2498251.092210471164435 ], [ 2180436.374221743550152, 2498950.595525516197085 ], [ 2180436.374221743550152, 2499000.560345472302288 ], [ 2180686.19819223927334, 2499150.453764255624264 ], [ 2181185.846133231185377, 2499700.063660517334938 ], [ 2181235.810719114262611, 2499750.02848047344014 ], [ 2181785.423245989717543, 2500299.638376735616475 ], [ 2182285.07118698162958, 2500749.319674170576036 ], [ 2182335.035772864706814, 2500749.319674170576036 ], [ 2182484.930571594741195, 2500899.213092953432351 ], [ 2182984.577471505850554, 2501348.89334930293262 ], [ 2183084.507684352807701, 2501398.858169259037822 ], [ 2183134.472270235884935, 2501398.858169259037822 ], [ 2183184.436856118962169, 2501398.858169259037822 ], [ 2183334.331654848530889, 2501448.822989215608686 ], [ 2183584.155625344719738, 2501598.716407998465002 ], [ 2183833.979595840908587, 2501698.646047911141068 ], [ 2183983.873353489674628, 2502148.326304260641336 ], [ 2184333.626495752017945, 2502348.184542999602854 ], [ 2185083.098407240118831, 2502697.93620052235201 ], [ 2185232.993205969687551, 2502847.829619305208325 ], [ 2185532.781762348953635, 2503097.652678001206368 ], [ 2185782.605732845142484, 2503297.510916740167886 ], [ 2186482.112017369363457, 2503647.262574262917042 ], [ 2186731.935987865086645, 2503747.192214175127447 ], [ 2186781.901614828966558, 2503797.155993045773357 ], [ 2187281.548514740541577, 2504046.9790517417714 ], [ 2188130.95063907513395, 2504996.305425482336432 ], [ 2188480.703781337477267, 2505346.057083004619926 ], [ 2188480.703781337477267, 2505445.985681831371039 ], [ 2190829.048687567468733, 2505995.596619179006666 ], [ 2191778.378942587878555, 2506195.453816832974553 ], [ 2193527.146736059803516, 2506295.383456745184958 ], [ 2194076.759262934792787, 2506345.34827670129016 ], [ 2194126.723848817870021, 2506345.34827670129016 ], [ 2194376.54781931405887, 2506345.34827670129016 ], [ 2194726.300961575936526, 2506195.453816832974553 ], [ 2194826.231174422893673, 2506195.453816832974553 ], [ 2195026.089517955202609, 2506395.312055571936071 ], [ 2195525.737458947114646, 2506894.958172963466495 ], [ 2196225.244784552138299, 2507144.780190573539585 ], [ 2196624.96251269755885, 2507294.674650441855192 ], [ 2196774.85731142712757, 2507344.638429312501103 ], [ 2197074.645867806393653, 2507444.568069225177169 ], [ 2197474.364637032151222, 2507344.638429312501103 ], [ 2197724.187566447537392, 2507294.674650441855192 ], [ 2197774.153193411417305, 2507294.674650441855192 ], [ 2199073.237631774507463, 2507594.461488008499146 ], [ 2200122.497058560606092, 2507844.284546704031527 ], [ 2200372.321029056794941, 2507944.21314553078264 ], [ 2200422.286656020674855, 2507944.21314553078264 ], [ 2201621.440881536807865, 2508343.929623009636998 ], [ 2201671.405467419885099, 2508343.929623009636998 ], [ 2202720.665935287252069, 2508893.539519271347672 ], [ 2202770.630521170329303, 2508893.539519271347672 ], [ 2202820.596148133743554, 2508943.504339227452874 ], [ 2203020.45449166605249, 2508993.468118098098785 ], [ 2203370.208675008732826, 2509193.326356837525964 ], [ 2203520.102432657964528, 2509243.291176793631166 ], [ 2203570.067018541041762, 2509243.291176793631166 ], [ 2203669.997231387998909, 2509393.184595576953143 ], [ 2203869.855574920307845, 2509593.042834316380322 ], [ 2204019.750373650342226, 2509692.972474228590727 ], [ 2204369.503515912219882, 2509792.901073055807501 ], [ 2204519.398314642254263, 2509792.901073055807501 ], [ 2204619.327486408408731, 2509842.865893011912704 ], [ 2205168.940013283398002, 2510092.688951707445085 ], [ 2205268.87022613035515, 2510092.688951707445085 ], [ 2205368.799397896509618, 2510192.617550534196198 ], [ 2205568.658782509155571, 2510192.617550534196198 ], [ 2205768.518167122267187, 2510292.546149361412972 ], [ 2205818.482753005344421, 2510392.475789273623377 ], [ 2205918.411924771498889, 2510442.440609230194241 ], [ 2206767.813008025754243, 2510942.085685535799712 ], [ 2206717.848422142677009, 2510892.120865579228848 ], [ 2206717.848422142677009, 2510292.546149361412972 ], [ 2206517.989037529565394, 2507794.319726747460663 ], [ 2206418.059865763410926, 2507794.319726747460663 ], [ 2204469.433728759177029, 2507994.177965486887842 ], [ 2204469.433728759177029, 2507944.21314553078264 ], [ 2204469.433728759177029, 2507894.248325574677438 ], [ 2204469.433728759177029, 2507844.284546704031527 ], [ 2204469.433728759177029, 2507794.319726747460663 ], [ 2204469.433728759177029, 2507744.354906791355461 ], [ 2204469.433728759177029, 2507694.390086835250258 ], [ 2204419.469142876099795, 2507644.426307964604348 ], [ 2204369.503515912219882, 2507644.426307964604348 ], [ 2204219.60975826298818, 2507644.426307964604348 ], [ 2204169.645172379910946, 2507644.426307964604348 ], [ 2204119.679545416496694, 2507644.426307964604348 ], [ 2204119.679545416496694, 2507694.390086835250258 ], [ 2204069.71495953341946, 2507694.390086835250258 ], [ 2204019.750373650342226, 2507694.390086835250258 ], [ 2203969.785787767264992, 2507694.390086835250258 ], [ 2203919.821201884187758, 2507694.390086835250258 ], [ 2203869.855574920307845, 2507694.390086835250258 ], [ 2203819.890989037230611, 2507694.390086835250258 ], [ 2203769.926403154153377, 2507694.390086835250258 ], [ 2203719.961817271076143, 2507694.390086835250258 ], [ 2203669.997231387998909, 2507694.390086835250258 ], [ 2203620.032645504921675, 2507694.390086835250258 ], [ 2203570.067018541041762, 2507694.390086835250258 ], [ 2203470.137846774887294, 2507744.354906791355461 ], [ 2203420.17326089181006, 2507694.390086835250258 ], [ 2203320.243048045318574, 2507694.390086835250258 ], [ 2203270.27846216224134, 2507694.390086835250258 ], [ 2203220.313876279164106, 2507694.390086835250258 ], [ 2203170.349290396086872, 2507694.390086835250258 ], [ 2203120.384704513009638, 2507694.390086835250258 ], [ 2203120.384704513009638, 2507644.426307964604348 ], [ 2203120.384704513009638, 2507544.496668051928282 ], [ 2203120.384704513009638, 2507444.568069225177169 ], [ 2203070.419077549129725, 2507344.638429312501103 ], [ 2203070.419077549129725, 2507244.70983048574999 ], [ 2203070.419077549129725, 2507194.745010529644787 ], [ 2203070.419077549129725, 2507144.780190573539585 ], [ 2203070.419077549129725, 2507094.816411702893674 ], [ 2203070.419077549129725, 2507044.851591746322811 ], [ 2203070.419077549129725, 2506994.886771790217608 ], [ 2203070.419077549129725, 2506944.921951834112406 ], [ 2203070.419077549129725, 2506844.993353006895632 ], [ 2203020.45449166605249, 2506795.028533050790429 ], [ 2203020.45449166605249, 2506745.064754180144519 ], [ 2203020.45449166605249, 2506695.099934224039316 ], [ 2203020.45449166605249, 2506645.135114267468452 ], [ 2203020.45449166605249, 2506595.17029431136325 ], [ 2203020.45449166605249, 2506495.241695484612137 ], [ 2203020.45449166605249, 2506345.34827670129016 ], [ 2203020.45449166605249, 2506295.383456745184958 ], [ 2202970.489905782975256, 2506195.453816832974553 ], [ 2202970.489905782975256, 2506095.525218005757779 ], [ 2202970.489905782975256, 2505945.631799222901464 ], [ 2202970.489905782975256, 2505845.702159310225397 ], [ 2202970.489905782975256, 2505745.773560483474284 ], [ 2202970.489905782975256, 2505645.843920570798218 ], [ 2202970.489905782975256, 2505545.915321744047105 ], [ 2202920.525319899898022, 2505445.985681831371039 ], [ 2202920.525319899898022, 2505396.021902960725129 ], [ 2202920.525319899898022, 2505296.092263048514724 ], [ 2202920.525319899898022, 2505196.16366422129795 ], [ 2202920.525319899898022, 2505146.198844265192747 ], [ 2202870.560734016820788, 2504996.305425482336432 ], [ 2202870.560734016820788, 2504946.340605525765568 ], [ 2202670.701349404174834, 2502747.901020478457212 ], [ 2202670.701349404174834, 2502697.93620052235201 ], [ 2202620.7367635210976, 2502098.361484304070473 ], [ 2202620.7367635210976, 2501998.43288547731936 ], [ 2202620.7367635210976, 2501898.504286650568247 ], [ 2202620.7367635210976, 2501798.574646737892181 ], [ 2202620.7367635210976, 2501748.609826781786978 ], [ 2202620.7367635210976, 2501698.646047911141068 ], [ 2202570.772177638020366, 2501548.751588042359799 ], [ 2202570.772177638020366, 2501498.787809171713889 ], [ 2202570.772177638020366, 2501348.89334930293262 ], [ 2202570.772177638020366, 2501198.999930519610643 ], [ 2202520.806550674140453, 2500899.213092953432351 ], [ 2202520.806550674140453, 2500799.283453041221946 ], [ 2202520.806550674140453, 2500749.319674170576036 ], [ 2202470.841964791063219, 2500349.603196691721678 ], [ 2202420.877378907985985, 2499750.02848047344014 ], [ 2202420.877378907985985, 2499700.063660517334938 ], [ 2202520.806550674140453, 2499700.063660517334938 ], [ 2202770.630521170329303, 2499650.099881646689028 ], [ 2202870.560734016820788, 2499650.099881646689028 ], [ 2202970.489905782975256, 2499650.099881646689028 ], [ 2203470.137846774887294, 2499600.135061690583825 ], [ 2203570.067018541041762, 2499600.135061690583825 ], [ 2203919.821201884187758, 2499550.170241734478623 ], [ 2203969.785787767264992, 2499550.170241734478623 ], [ 2204669.292072291485965, 2499500.205421777907759 ], [ 2204719.257699254900217, 2499500.205421777907759 ], [ 2206218.200481150299311, 2499350.312002995051444 ], [ 2206268.165067033376545, 2499350.312002995051444 ], [ 2206418.059865763410926, 2499350.312002995051444 ], [ 2206517.989037529565394, 2499350.312002995051444 ], [ 2206567.954664493445307, 2499350.312002995051444 ], [ 2206617.919250376522541, 2499350.312002995051444 ], [ 2206667.883836259599775, 2499350.312002995051444 ], [ 2206717.848422142677009, 2499350.312002995051444 ], [ 2206767.813008025754243, 2499350.312002995051444 ], [ 2206867.743220872245729, 2499300.34718303848058 ], [ 2206967.672392638400197, 2499300.34718303848058 ], [ 2207067.601564404554665, 2499300.34718303848058 ], [ 2207117.567191368434578, 2499300.34718303848058 ], [ 2207167.531777251511812, 2499300.34718303848058 ], [ 2207267.46094901766628, 2499300.34718303848058 ], [ 2207317.425534900743514, 2499300.34718303848058 ], [ 2207417.355747747235, 2499300.34718303848058 ], [ 2207467.320333630312234, 2499250.383404167834669 ], [ 2207567.249505396466702, 2499250.383404167834669 ], [ 2207617.214091279543936, 2499250.383404167834669 ], [ 2207667.179718243423849, 2499250.383404167834669 ], [ 2207717.144304126501083, 2499250.383404167834669 ], [ 2207867.038061775732785, 2499250.383404167834669 ], [ 2207917.003688739612699, 2499250.383404167834669 ], [ 2207966.968274622689933, 2499250.383404167834669 ], [ 2208066.897446388844401, 2499200.418584211729467 ], [ 2208116.862032271921635, 2499200.418584211729467 ], [ 2208266.756831001490355, 2499200.418584211729467 ], [ 2208316.721416884567589, 2499200.418584211729467 ], [ 2208366.686002767644823, 2499200.418584211729467 ], [ 2208516.580801497679204, 2499200.418584211729467 ], [ 2208566.545387380756438, 2499200.418584211729467 ], [ 2208616.509973263833672, 2499200.418584211729467 ], [ 2208616.509973263833672, 2499150.453764255624264 ], [ 2208666.474559146910906, 2499150.453764255624264 ], [ 2208716.440186110325158, 2499150.453764255624264 ], [ 2208766.404771993402392, 2499150.453764255624264 ], [ 2208816.369357876479626, 2499150.453764255624264 ], [ 2208866.33394375955686, 2499150.453764255624264 ], [ 2208916.298529642634094, 2499150.453764255624264 ], [ 2208966.264156606514007, 2499150.453764255624264 ], [ 2209066.193328372668475, 2499150.453764255624264 ], [ 2209116.157914255745709, 2499150.453764255624264 ], [ 2209166.122500138822943, 2499150.453764255624264 ], [ 2209216.087086021900177, 2499150.453764255624264 ], [ 2209316.017298868857324, 2499100.489985384978354 ], [ 2209365.981884751934558, 2499150.453764255624264 ], [ 2209415.946470635011792, 2499150.453764255624264 ], [ 2209465.911056518089026, 2499150.453764255624264 ], [ 2209515.876683481503278, 2499150.453764255624264 ], [ 2209565.841269364580512, 2499100.489985384978354 ], [ 2209615.805855247657746, 2499100.489985384978354 ], [ 2209715.735027013812214, 2499100.489985384978354 ], [ 2209765.699612896889448, 2499050.525165428873152 ], [ 2209815.665239860769361, 2499050.525165428873152 ], [ 2209865.629825743846595, 2499050.525165428873152 ], [ 2209915.594411626923829, 2499050.525165428873152 ], [ 2209965.558997510001063, 2499050.525165428873152 ], [ 2210065.489210356492549, 2499050.525165428873152 ], [ 2210165.418382122647017, 2499050.525165428873152 ], [ 2210265.347553888801485, 2499050.525165428873152 ], [ 2210315.313180852681398, 2499050.525165428873152 ], [ 2210365.277766735758632, 2499050.525165428873152 ], [ 2210465.2069385019131, 2499000.560345472302288 ], [ 2210515.171524384990335, 2499000.560345472302288 ], [ 2210565.136110268067569, 2499000.560345472302288 ], [ 2210715.03090899810195, 2499000.560345472302288 ], [ 2210764.995494881179184, 2499000.560345472302288 ], [ 2210814.960080764256418, 2498950.595525516197085 ], [ 2210864.92570772767067, 2499000.560345472302288 ], [ 2210914.890293610747904, 2499000.560345472302288 ], [ 2210914.890293610747904, 2498950.595525516197085 ], [ 2210964.854879493825138, 2498950.595525516197085 ], [ 2211014.819465376902372, 2498950.595525516197085 ], [ 2211064.784051259979606, 2498950.595525516197085 ], [ 2211114.749678223859519, 2498950.595525516197085 ], [ 2211164.714264106936753, 2498950.595525516197085 ], [ 2211214.678849990013987, 2498950.595525516197085 ], [ 2211264.643435873091221, 2498950.595525516197085 ], [ 2211314.608021756168455, 2498950.595525516197085 ], [ 2211664.36220509884879, 2498900.631746645551175 ], [ 2211914.186175595037639, 2498900.631746645551175 ], [ 2211964.150761478114873, 2498900.631746645551175 ], [ 2211964.150761478114873, 2498850.666926689445972 ], [ 2212563.727874236181378, 2498800.702106732875109 ], [ 2213013.411229345016181, 2498800.702106732875109 ], [ 2213063.375815228093415, 2498800.702106732875109 ], [ 2213163.304986994247884, 2498750.737286776769906 ], [ 2213213.269572877325118, 2498750.737286776769906 ], [ 2213263.235199841205031, 2498800.702106732875109 ], [ 2213463.093543373513967, 2498750.737286776769906 ], [ 2213413.128957490436733, 2498750.737286776769906 ], [ 2213363.164371607359499, 2498700.773507906123996 ], [ 2213313.199785724282265, 2498700.773507906123996 ], [ 2213313.199785724282265, 2498650.808687950018793 ], [ 2213263.235199841205031, 2498650.808687950018793 ], [ 2213263.235199841205031, 2498600.843867993913591 ], [ 2213313.199785724282265, 2498600.843867993913591 ], [ 2213313.199785724282265, 2498650.808687950018793 ], [ 2213363.164371607359499, 2498650.808687950018793 ], [ 2213363.164371607359499, 2498700.773507906123996 ], [ 2213363.164371607359499, 2498650.808687950018793 ], [ 2213313.199785724282265, 2498600.843867993913591 ], [ 2213263.235199841205031, 2498600.843867993913591 ], [ 2213213.269572877325118, 2498600.843867993913591 ], [ 2213213.269572877325118, 2498550.88008912326768 ], [ 2213163.304986994247884, 2498500.915269166696817 ], [ 2213113.34040111117065, 2498500.915269166696817 ], [ 2213113.34040111117065, 2498450.950449210591614 ], [ 2213063.375815228093415, 2498450.950449210591614 ], [ 2213063.375815228093415, 2498400.985629254486412 ], [ 2213013.411229345016181, 2498400.985629254486412 ], [ 2213013.411229345016181, 2498351.021850383840501 ], [ 2212963.445602381136268, 2498351.021850383840501 ], [ 2212963.445602381136268, 2498301.057030427269638 ], [ 2212963.445602381136268, 2498251.092210471164435 ], [ 2213013.411229345016181, 2498251.092210471164435 ], [ 2213013.411229345016181, 2498201.127390515059233 ], [ 2213013.411229345016181, 2498151.163611644413322 ], [ 2213013.411229345016181, 2498101.19879168830812 ], [ 2213063.375815228093415, 2498101.19879168830812 ], [ 2213063.375815228093415, 2498051.233971731737256 ], [ 2213113.34040111117065, 2498001.269151775632054 ], [ 2213163.304986994247884, 2497951.305372904986143 ], [ 2213213.269572877325118, 2497951.305372904986143 ], [ 2213213.269572877325118, 2497901.340552948880941 ], [ 2213263.235199841205031, 2497901.340552948880941 ], [ 2213313.199785724282265, 2497901.340552948880941 ], [ 2213313.199785724282265, 2497851.375732992310077 ], [ 2213363.164371607359499, 2497851.375732992310077 ], [ 2213413.128957490436733, 2497851.375732992310077 ], [ 2213413.128957490436733, 2497701.482314209453762 ], [ 2213463.093543373513967, 2497701.482314209453762 ], [ 2213912.77689848234877, 2497651.517494253348559 ], [ 2213912.77689848234877, 2497451.65925551392138 ], [ 2213862.812312599271536, 2497401.69547664327547 ], [ 2213912.77689848234877, 2497401.69547664327547 ], [ 2213962.741484365426004, 2497401.69547664327547 ], [ 2214012.706070248503238, 2497401.69547664327547 ], [ 2214062.671697212383151, 2497401.69547664327547 ], [ 2214112.636283094994724, 2497401.69547664327547 ], [ 2214162.600868978071958, 2497401.69547664327547 ], [ 2214212.565454861149192, 2497401.69547664327547 ], [ 2214262.530040744226426, 2497401.69547664327547 ], [ 2214312.49462662730366, 2497351.730656686704606 ], [ 2214362.460253591183573, 2497351.730656686704606 ], [ 2214362.460253591183573, 2497401.69547664327547 ], [ 2214412.424839474260807, 2497351.730656686704606 ], [ 2214462.389425357338041, 2497351.730656686704606 ], [ 2214512.354011240415275, 2497301.765836730599403 ], [ 2214412.424839474260807, 2496402.404282946139574 ], [ 2214012.706070248503238, 2496452.369102902710438 ], [ 2213912.77689848234877, 2495453.077909205574542 ], [ 2213862.812312599271536, 2494853.503192987758666 ], [ 2213812.847726716194302, 2494853.503192987758666 ] ] ] } },
{ "type": "Feature", "properties": { }, "geometry": { "type": "MultiLineString", "coordinates": [ [ [ 2216960.628089236561209, 2544768.079318331554532 ], [ 2216510.945775208529085, 2539771.625432018656284 ], [ 2216510.945775208529085, 2539671.696833191905171 ], [ 2216460.981189325451851, 2539321.945175669156015 ], [ 2216460.981189325451851, 2539072.122116973623633 ], [ 2216361.050976478494704, 2538372.618801928590983 ], [ 2216311.08639059541747, 2537673.114445798099041 ], [ 2216311.08639059541747, 2537423.292428188025951 ], [ 2216311.08639059541747, 2537373.327608231920749 ], [ 2216211.157218829263002, 2536623.859473230782896 ], [ 2216211.157218829263002, 2536473.96605444746092 ], [ 2215761.473863720428199, 2536523.930874403566122 ], [ 2215611.579064990393817, 2535074.958383271936327 ], [ 2215561.614479107316583, 2534625.278126922436059 ], [ 2215511.649893224239349, 2534025.703410704620183 ], [ 2215411.720721458550543, 2533026.412217007949948 ], [ 2215411.720721458550543, 2532976.448438136838377 ], [ 2215111.93112399848178, 2533026.412217007949948 ], [ 2213612.988342103082687, 2533176.306676876265556 ], [ 2213563.023756220005453, 2533176.306676876265556 ], [ 2213513.059170336928219, 2533176.306676876265556 ], [ 2213313.199785724282265, 2533176.306676876265556 ], [ 2213113.34040111117065, 2533226.270455746911466 ], [ 2213063.375815228093415, 2533226.270455746911466 ], [ 2213013.411229345016181, 2533226.270455746911466 ], [ 2212963.445602381136268, 2533226.270455746911466 ], [ 2212313.903903739992529, 2533276.23527570348233 ], [ 2212263.939317856915295, 2533276.23527570348233 ], [ 2210914.890293610747904, 2533426.128694486338645 ], [ 2210615.101737231947482, 2533426.128694486338645 ], [ 2208716.440186110325158, 2533625.986933225765824 ], [ 2208666.474559146910906, 2533625.986933225765824 ], [ 2208666.474559146910906, 2533376.164915615692735 ], [ 2208616.509973263833672, 2532976.448438136838377 ], [ 2208616.509973263833672, 2532576.73196065844968 ], [ 2208566.545387380756438, 2532127.050663223490119 ], [ 2208516.580801497679204, 2531527.475947005208582 ], [ 2208466.61621561460197, 2531027.830870699603111 ], [ 2208466.61621561460197, 2530977.866050743497908 ], [ 2208466.61621561460197, 2530927.902271872851998 ], [ 2208466.61621561460197, 2530877.937451916746795 ], [ 2208416.650588650722057, 2530678.079213177319616 ], [ 2208416.650588650722057, 2530628.114393220748752 ], [ 2208366.686002767644823, 2530378.292375611141324 ], [ 2208216.792245118413121, 2528729.461645739618689 ], [ 2208116.862032271921635, 2527280.490195693448186 ], [ 2208116.862032271921635, 2527230.526416822802275 ], [ 2208116.862032271921635, 2527180.561596866697073 ], [ 2208066.897446388844401, 2527180.561596866697073 ], [ 2208066.897446388844401, 2527130.596776910591871 ], [ 2208116.862032271921635, 2527130.596776910591871 ], [ 2208066.897446388844401, 2527080.631956954486668 ], [ 2208016.932860505767167, 2526580.986880648415536 ], [ 2208066.897446388844401, 2526580.986880648415536 ], [ 2208066.897446388844401, 2526531.022060692310333 ], [ 2208016.932860505767167, 2526381.128641909454018 ], [ 2208016.932860505767167, 2526331.163821952883154 ], [ 2208016.932860505767167, 2526181.270403170026839 ], [ 2208016.932860505767167, 2526031.376984386704862 ], [ 2208016.932860505767167, 2525881.483565603848547 ], [ 2207966.968274622689933, 2525881.483565603848547 ], [ 2207917.003688739612699, 2525231.944029429461807 ], [ 2207867.038061775732785, 2524832.227551950607449 ], [ 2207867.038061775732785, 2524682.334133167285472 ], [ 2207867.038061775732785, 2524632.36931321118027 ], [ 2207867.038061775732785, 2524582.405534340534359 ], [ 2207966.968274622689933, 2524582.405534340534359 ], [ 2208066.897446388844401, 2524582.405534340534359 ], [ 2207867.038061775732785, 2522633.787966903299093 ], [ 2207817.073475892655551, 2522633.787966903299093 ], [ 2207817.073475892655551, 2522683.752786859404296 ], [ 2207767.108890009578317, 2522683.752786859404296 ], [ 2207717.144304126501083, 2522683.752786859404296 ], [ 2207667.179718243423849, 2522683.752786859404296 ], [ 2207517.284919513389468, 2521034.923098073806614 ], [ 2207367.391161864157766, 2518936.412111853249371 ], [ 2207367.391161864157766, 2518836.483513026498258 ], [ 2207217.496363134589046, 2517187.652783155441284 ], [ 2207167.531777251511812, 2517037.759364372119308 ], [ 2206967.672392638400197, 2517037.759364372119308 ], [ 2206567.954664493445307, 2517087.724184328690171 ], [ 2206118.271309384144843, 2517137.689004284795374 ], [ 2206018.341096537653357, 2517137.689004284795374 ], [ 2205968.376510654576123, 2517137.689004284795374 ], [ 2205818.482753005344421, 2517137.689004284795374 ], [ 2205768.518167122267187, 2517137.689004284795374 ], [ 2205718.552540158387274, 2516088.432990631554276 ], [ 2205968.376510654576123, 2516038.469211760908365 ], [ 2205868.447338888421655, 2515089.142838020343333 ], [ 2205868.447338888421655, 2515039.178018064238131 ], [ 2206018.341096537653357, 2513690.135166844818741 ], [ 2206068.306723501067609, 2513640.170346888713539 ], [ 2206118.271309384144843, 2513240.454910495318472 ], [ 2206168.235895267222077, 2512540.95055436482653 ], [ 2206118.271309384144843, 2512590.915374321397394 ], [ 2206118.271309384144843, 2512540.95055436482653 ], [ 2206018.341096537653357, 2511641.589000580366701 ], [ 2206018.341096537653357, 2511591.624180624261498 ], [ 2206867.743220872245729, 2511491.695581797510386 ], [ 2206817.777593908831477, 2510992.050505491904914 ], [ 2206767.813008025754243, 2510942.085685535799712 ], [ 2205918.411924771498889, 2510442.440609230194241 ], [ 2205818.482753005344421, 2510392.475789273623377 ], [ 2205768.518167122267187, 2510292.546149361412972 ], [ 2205568.658782509155571, 2510192.617550534196198 ], [ 2205368.799397896509618, 2510192.617550534196198 ], [ 2205268.87022613035515, 2510092.688951707445085 ], [ 2205168.940013283398002, 2510092.688951707445085 ], [ 2204619.327486408408731, 2509842.865893011912704 ], [ 2204519.398314642254263, 2509792.901073055807501 ], [ 2204369.503515912219882, 2509792.901073055807501 ], [ 2204019.750373650342226, 2509692.972474228590727 ], [ 2203869.855574920307845, 2509593.042834316380322 ], [ 2203669.997231387998909, 2509393.184595576953143 ], [ 2203570.067018541041762, 2509243.291176793631166 ], [ 2203520.102432657964528, 2509243.291176793631166 ], [ 2203370.208675008732826, 2509193.326356837525964 ], [ 2203020.45449166605249, 2508993.468118098098785 ], [ 2202820.596148133743554, 2508943.504339227452874 ], [ 2202770.630521170329303, 2508893.539519271347672 ], [ 2202720.665935287252069, 2508893.539519271347672 ], [ 2201671.405467419885099, 2508343.929623009636998 ], [ 2201621.440881536807865, 2508343.929623009636998 ], [ 2200422.286656020674855, 2507944.21314553078264 ], [ 2200372.321029056794941, 2507944.21314553078264 ], [ 2200122.497058560606092, 2507844.284546704031527 ], [ 2199073.237631774507463, 2507594.461488008499146 ], [ 2197774.153193411417305, 2507294.674650441855192 ], [ 2197724.187566447537392, 2507294.674650441855192 ], [ 2197474.364637032151222, 2507344.638429312501103 ], [ 2197074.645867806393653, 2507444.568069225177169 ], [ 2196774.85731142712757, 2507344.638429312501103 ], [ 2196624.96251269755885, 2507294.674650441855192 ], [ 2196225.244784552138299, 2507144.780190573539585 ], [ 2195525.737458947114646, 2506894.958172963466495 ], [ 2195026.089517955202609, 2506395.312055571936071 ], [ 2194826.231174422893673, 2506195.453816832974553 ], [ 2194726.300961575936526, 2506195.453816832974553 ], [ 2194376.54781931405887, 2506345.34827670129016 ], [ 2194126.723848817870021, 2506345.34827670129016 ], [ 2194076.759262934792787, 2506345.34827670129016 ], [ 2193527.146736059803516, 2506295.383456745184958 ], [ 2191778.378942587878555, 2506195.453816832974553 ], [ 2190829.048687567468733, 2505995.596619179006666 ], [ 2188480.703781337477267, 2505445.985681831371039 ], [ 2188480.703781337477267, 2505346.057083004619926 ], [ 2188130.95063907513395, 2504996.305425482336432 ], [ 2187281.548514740541577, 2504046.9790517417714 ], [ 2186781.901614828966558, 2503797.155993045773357 ], [ 2186731.935987865086645, 2503747.192214175127447 ], [ 2186482.112017369363457, 2503647.262574262917042 ], [ 2185782.605732845142484, 2503297.510916740167886 ], [ 2185532.781762348953635, 2503097.652678001206368 ], [ 2185232.993205969687551, 2502847.829619305208325 ], [ 2185083.098407240118831, 2502697.93620052235201 ], [ 2184333.626495752017945, 2502348.184542999602854 ], [ 2183983.873353489674628, 2502148.326304260641336 ], [ 2183833.979595840908587, 2501698.646047911141068 ], [ 2183584.155625344719738, 2501598.716407998465002 ], [ 2183334.331654848530889, 2501448.822989215608686 ], [ 2183184.436856118962169, 2501398.858169259037822 ], [ 2183134.472270235884935, 2501398.858169259037822 ], [ 2183084.507684352807701, 2501398.858169259037822 ], [ 2182984.577471505850554, 2501348.89334930293262 ], [ 2182484.930571594741195, 2500899.213092953432351 ], [ 2182335.035772864706814, 2500749.319674170576036 ], [ 2182285.07118698162958, 2500749.319674170576036 ], [ 2181785.423245989717543, 2500299.638376735616475 ], [ 2181235.810719114262611, 2499750.02848047344014 ], [ 2181185.846133231185377, 2499700.063660517334938 ], [ 2180686.19819223927334, 2499150.453764255624264 ], [ 2180436.374221743550152, 2499000.560345472302288 ], [ 2180436.374221743550152, 2498950.595525516197085 ], [ 2179437.078339759260416, 2498251.092210471164435 ], [ 2179137.289783380459994, 2497951.305372904986143 ], [ 2179087.32519749738276, 2497901.340552948880941 ], [ 2179087.32519749738276, 2497851.375732992310077 ], [ 2178987.394984650425613, 2497801.411954121664166 ], [ 2178437.782457775436342, 2497201.83723790384829 ], [ 2177788.240759134292603, 2496402.404282946139574 ], [ 2177488.452202755026519, 2496102.617445379961282 ], [ 2177338.557404024992138, 2495952.722985511180013 ], [ 2176988.804261763114482, 2495602.971327988896519 ], [ 2176938.839675880037248, 2495553.007549118250608 ], [ 2176589.085492537356913, 2495153.29107163939625 ], [ 2176489.156320771202445, 2494953.432832899969071 ], [ 2176439.191734888125211, 2494903.468012943863869 ], [ 2176239.332350275013596, 2494503.751535465009511 ], [ 2175739.684409283101559, 2494153.999877942726016 ], [ 2175739.684409283101559, 2494104.035057986620814 ], [ 2175290.001054173801094, 2493754.283400463871658 ], [ 2175240.036468291189522, 2493754.283400463871658 ], [ 2174740.388527298811823, 2493354.5669229850173 ], [ 2174540.530183766502887, 2493204.673504202160984 ], [ 2174540.530183766502887, 2493154.709725331515074 ], [ 2174090.846828657668084, 2492854.921846679411829 ], [ 2174040.88224277459085, 2492804.957026723306626 ], [ 2173741.093686395790428, 2492555.135009113233536 ] ], [ [ 2175389.931267020758241, 2567052.265129628591239 ], [ 2175339.966681137681007, 2566952.335489715915173 ], [ 2175339.966681137681007, 2566852.40689088916406 ], [ 2175339.966681137681007, 2566802.442070933058858 ], [ 2175339.966681137681007, 2566702.513472106307745 ], [ 2175339.966681137681007, 2566652.548652149736881 ], [ 2175290.001054173801094, 2566602.583832193631679 ], [ 2175290.001054173801094, 2566502.655233366880566 ], [ 2175290.001054173801094, 2566352.760773498099297 ], [ 2175240.036468291189522, 2566252.832174671348184 ], [ 2175240.036468291189522, 2566202.867354714777321 ], [ 2175240.036468291189522, 2566102.938755888026208 ], [ 2175290.001054173801094, 2566052.973935931921005 ], [ 2175290.001054173801094, 2566003.009115975350142 ], [ 2175290.001054173801094, 2565953.045337104704231 ], [ 2175240.036468291189522, 2565903.080517148599029 ], [ 2175240.036468291189522, 2565803.150877236388624 ], [ 2175240.036468291189522, 2565703.222278409171849 ], [ 2175240.036468291189522, 2565603.292638496961445 ], [ 2175240.036468291189522, 2565503.36403966974467 ], [ 2175190.071882408112288, 2565403.435440842993557 ], [ 2175190.071882408112288, 2565303.505800930783153 ], [ 2175140.107296525035053, 2565253.540980974212289 ], [ 2175140.107296525035053, 2565153.612382147461176 ], [ 2175140.107296525035053, 2565053.68274223478511 ], [ 2175140.107296525035053, 2565003.718963364139199 ], [ 2175140.107296525035053, 2564953.754143408033997 ], [ 2175190.071882408112288, 2564953.754143408033997 ], [ 2175240.036468291189522, 2564853.824503495823592 ], [ 2175290.001054173801094, 2564853.824503495823592 ], [ 2175339.966681137681007, 2564853.824503495823592 ], [ 2175389.931267020758241, 2564803.860724625177681 ], [ 2175489.860438786912709, 2564803.860724625177681 ], [ 2176589.085492537356913, 2564703.931084712501615 ], [ 2177388.521989908069372, 2564604.002485885750502 ], [ 2177438.487616871949285, 2564604.002485885750502 ], [ 2177738.276173251215369, 2564304.214607233647257 ], [ 2177938.134516783524305, 2564254.250828363001347 ], [ 2177988.100143746938556, 2564254.250828363001347 ], [ 2178038.06472963001579, 2564304.214607233647257 ], [ 2178187.958487279247493, 2564454.109067102428526 ], [ 2178237.924114243127406, 2564504.072845973074436 ], [ 2178237.924114243127406, 2564554.037665929179639 ], [ 2178287.88870012620464, 2564554.037665929179639 ], [ 2178937.430398767348379, 2564454.109067102428526 ], [ 2179187.254369263537228, 2564454.109067102428526 ], [ 2179636.937724372372031, 2564404.144247146323323 ], [ 2180586.267979392781854, 2564304.214607233647257 ], [ 2180686.19819223927334, 2564304.214607233647257 ], [ 2180985.986748618539423, 2564304.214607233647257 ], [ 2182734.753501009661704, 2564154.321188450790942 ], [ 2182984.577471505850554, 2564104.356368494220078 ], [ 2183284.366027885116637, 2564104.356368494220078 ], [ 2183584.155625344719738, 2564054.392589623574167 ], [ 2184933.204649590887129, 2563954.462949711363763 ], [ 2185332.922377735842019, 2563904.499170840717852 ], [ 2185532.781762348953635, 2563854.534350884146988 ], [ 2185782.605732845142484, 2563854.534350884146988 ], [ 2185682.675519998185337, 2563105.066215883009136 ], [ 2184833.274436743929982, 2563155.031035839579999 ], [ 2184733.345264977775514, 2562105.775022186338902 ], [ 2184683.38067909469828, 2561706.058544707484543 ], [ 2184783.309850860852748, 2561706.058544707484543 ], [ 2184683.38067909469828, 2560506.910153356846422 ], [ 2184683.38067909469828, 2560456.94533340074122 ], [ 2184683.38067909469828, 2560406.980513444636017 ], [ 2184583.450466248206794, 2559657.512378443498164 ], [ 2184583.450466248206794, 2559607.548599572852254 ], [ 2184583.450466248206794, 2559357.725540877319872 ], [ 2184583.450466248206794, 2559307.760720920749009 ], [ 2184533.48588036512956, 2558658.222225832287222 ], [ 2184433.556708598975092, 2557708.89585209172219 ], [ 2184783.309850860852748, 2557658.931032135151327 ], [ 2184683.38067909469828, 2556459.782640784513205 ], [ 2184683.38067909469828, 2556159.994762132875621 ], [ 2184533.48588036512956, 2554860.916730870027095 ], [ 2184533.48588036512956, 2554511.165073347277939 ], [ 2184533.48588036512956, 2554461.200253391172737 ], [ 2184483.521294482052326, 2554361.271654564421624 ], [ 2184483.521294482052326, 2554261.342014651745558 ], [ 2184533.48588036512956, 2554211.378235781099647 ], [ 2184483.521294482052326, 2554011.519997041672468 ], [ 2184483.521294482052326, 2553911.590357129462063 ], [ 2184483.521294482052326, 2553861.6255371728912 ], [ 2184483.521294482052326, 2553761.696938346140087 ], [ 2184483.521294482052326, 2553711.732118390034884 ], [ 2184483.521294482052326, 2553661.768339519388974 ], [ 2184533.48588036512956, 2553661.768339519388974 ], [ 2184583.450466248206794, 2553611.80351956281811 ], [ 2184633.416093211621046, 2553561.838699606712908 ], [ 2184683.38067909469828, 2553511.873879650607705 ], [ 2184783.309850860852748, 2553511.873879650607705 ], [ 2184833.274436743929982, 2553511.873879650607705 ], [ 2184883.239022627007216, 2553511.873879650607705 ], [ 2184983.169235473964363, 2553511.873879650607705 ], [ 2184983.169235473964363, 2553461.910100779961795 ], [ 2184983.169235473964363, 2553411.945280823390931 ], [ 2184983.169235473964363, 2553312.015640911180526 ], [ 2184983.169235473964363, 2553162.122222127858549 ], [ 2184933.204649590887129, 2553062.193623301107436 ], [ 2184933.204649590887129, 2552912.30020451778546 ], [ 2184933.204649590887129, 2552662.477145822253078 ], [ 2184883.239022627007216, 2552362.690308256074786 ], [ 2184883.239022627007216, 2552262.760668343864381 ], [ 2184833.274436743929982, 2551813.079370908904821 ], [ 2184783.309850860852748, 2551713.150772081688046 ], [ 2184783.309850860852748, 2551413.363934515509754 ], [ 2184733.345264977775514, 2551063.61227699322626 ], [ 2184733.345264977775514, 2550713.859578385017812 ], [ 2184733.345264977775514, 2550613.930979558266699 ], [ 2184683.38067909469828, 2550464.037560774944723 ], [ 2184683.38067909469828, 2550364.107920862734318 ], [ 2184683.38067909469828, 2550314.144141992088407 ], [ 2184683.38067909469828, 2550264.179322035517544 ], [ 2184683.38067909469828, 2550214.214502079412341 ], [ 2184633.416093211621046, 2550164.249682123307139 ], [ 2184633.416093211621046, 2549964.39144338387996 ], [ 2184633.416093211621046, 2549814.498024600557983 ], [ 2184633.416093211621046, 2549764.53320464445278 ], [ 2184633.416093211621046, 2549714.56942577380687 ], [ 2184633.416093211621046, 2549614.639785861130804 ], [ 2184483.521294482052326, 2548215.633155771531165 ], [ 2184383.592122715897858, 2547066.448543291538954 ], [ 2184283.661909868940711, 2546167.086989507079124 ], [ 2184333.626495752017945, 2546167.086989507079124 ], [ 2186831.866200712043792, 2545967.228750767651945 ], [ 2187081.690171208232641, 2545917.263930811546743 ], [ 2188230.879810841288418, 2545817.33533198479563 ], [ 2189929.681977349799126, 2545667.440872116014361 ], [ 2191028.907031099777669, 2545567.512273288797587 ], [ 2194826.231174422893673, 2545217.760615766514093 ], [ 2194876.195760305970907, 2545217.760615766514093 ], [ 2195375.843701297882944, 2545167.79579581040889 ], [ 2198723.483448431827128, 2544868.008958244230598 ], [ 2200022.567886794917285, 2544917.973778200335801 ], [ 2200122.497058560606092, 2544917.973778200335801 ], [ 2200172.462685524486005, 2544967.937557070981711 ], [ 2202121.088822528719902, 2544568.221079592127353 ], [ 2202720.665935287252069, 2544468.29248076537624 ], [ 2206917.707806755322963, 2544068.576003286521882 ], [ 2207067.601564404554665, 2544018.611183330416679 ], [ 2207167.531777251511812, 2545517.547453332692385 ], [ 2209565.841269364580512, 2545317.689214593265206 ], [ 2212663.657046002335846, 2545067.867196983192116 ], [ 2216960.628089236561209, 2544768.079318331554532 ] ] ] } },
{ "type": "Feature", "properties": { }, "geometry": { "type": "LineString", "coordinates": [ [ 2267375.092009498272091, 2557958.717869701329619 ], [ 2267425.056595381349325, 2557958.717869701329619 ], [ 2267524.985767147503793, 2557958.717869701329619 ], [ 2267624.91597999446094, 2557908.754090830683708 ], [ 2267724.845151760615408, 2557908.754090830683708 ], [ 2267874.739950490184128, 2557908.754090830683708 ], [ 2268024.63370813941583, 2557958.717869701329619 ], [ 2268424.352477365639061, 2557958.717869701329619 ], [ 2268973.965004240628332, 2557958.717869701329619 ], [ 2269523.577531115617603, 2557958.717869701329619 ], [ 2270522.873413099441677, 2558008.682689657900482 ], [ 2270872.626555361784995, 2558008.682689657900482 ], [ 2270922.591141244862229, 2558008.682689657900482 ], [ 2272021.816194994840771, 2558058.647509614005685 ], [ 2272271.64016549102962, 2558058.647509614005685 ], [ 2272521.464135987218469, 2558058.647509614005685 ], [ 2272771.288106482941657, 2558058.647509614005685 ], [ 2273071.076662862207741, 2558058.647509614005685 ], [ 2273270.936047474853694, 2558058.647509614005685 ], [ 2273570.724603854119778, 2558058.647509614005685 ], [ 2273870.513160233385861, 2558108.612329570110887 ], [ 2274070.372544846031815, 2558108.612329570110887 ], [ 2274570.020485837943852, 2558108.612329570110887 ], [ 2274919.773628100287169, 2558108.612329570110887 ], [ 2275269.526770362630486, 2558158.576108440756798 ], [ 2275519.350740858353674, 2558158.576108440756798 ], [ 2275669.245539588388056, 2558158.576108440756798 ], [ 2275719.21012547146529, 2558158.576108440756798 ], [ 2276068.963267733342946, 2558158.576108440756798 ], [ 2277118.223735600709915, 2558208.540928397327662 ], [ 2278717.096730342600495, 2558258.505748353432864 ], [ 2279116.815499568823725, 2558258.505748353432864 ], [ 2279216.744671334978193, 2558258.505748353432864 ], [ 2279766.357198209967464, 2558258.505748353432864 ], [ 2280266.005139201879501, 2558308.470568309538066 ], [ 2280365.934310968033969, 2558308.470568309538066 ], [ 2281215.336435303092003, 2558308.470568309538066 ], [ 2282214.631276206113398, 2558358.434347180183977 ], [ 2282464.455246702302247, 2557908.754090830683708 ], [ 2282464.455246702302247, 2557858.789270874578506 ], [ 2282514.419832585379481, 2557808.824450918473303 ], [ 2282564.385459549259394, 2557808.824450918473303 ], [ 2282614.350045432336628, 2557758.860672047827393 ], [ 2282664.314631314948201, 2557758.860672047827393 ], [ 2282814.209430044982582, 2557758.860672047827393 ], [ 2282864.174015928059816, 2557808.824450918473303 ], [ 2282914.13860181113705, 2557808.824450918473303 ], [ 2282964.103187694214284, 2557808.824450918473303 ], [ 2283014.067773577291518, 2557808.824450918473303 ], [ 2283064.033400541171432, 2557808.824450918473303 ], [ 2283113.997986424248666, 2557758.860672047827393 ], [ 2283163.9625723073259, 2557758.860672047827393 ], [ 2283163.9625723073259, 2557808.824450918473303 ], [ 2283213.927158190403134, 2557808.824450918473303 ], [ 2283263.891744073480368, 2557808.824450918473303 ], [ 2283713.575099182315171, 2557808.824450918473303 ], [ 2283913.434483795426786, 2557808.824450918473303 ], [ 2284063.328241444192827, 2557808.824450918473303 ], [ 2284163.258454291149974, 2557808.824450918473303 ], [ 2284263.187626057304442, 2557808.824450918473303 ], [ 2284413.082424787338823, 2557808.824450918473303 ], [ 2284463.047010670416057, 2557808.824450918473303 ], [ 2284513.011596553493291, 2557858.789270874578506 ], [ 2284562.976182436570525, 2557908.754090830683708 ], [ 2284662.906395283062011, 2557958.717869701329619 ], [ 2285012.659537545405328, 2558208.540928397327662 ], [ 2285812.096034916583449, 2558658.222225832287222 ], [ 2286411.673147674649954, 2559057.938703310675919 ], [ 2287410.969029658474028, 2559657.512378443498164 ], [ 2287560.86278730770573, 2559707.477198399603367 ], [ 2287610.828414271585643, 2559757.442018355708569 ], [ 2287710.757586037740111, 2559807.406838311813772 ], [ 2288060.510728299617767, 2560007.264035965781659 ], [ 2288560.158669291995466, 2560257.08709466131404 ], [ 2288809.982639787718654, 2560406.980513444636017 ], [ 2289009.842024400830269, 2560506.910153356846422 ], [ 2289259.665994897019118, 2560606.838752184063196 ], [ 2289459.524338428862393, 2560756.732170966919512 ], [ 2290109.067078150808811, 2561056.520049619022757 ], [ 2290258.960835800040513, 2561106.484869575127959 ], [ 2290308.926462763920426, 2561156.44864844577387 ], [ 2290408.855634530074894, 2561206.413468401879072 ], [ 2290458.820220413152128, 2561256.378288358449936 ], [ 2290508.784806296229362, 2561256.378288358449936 ], [ 2291308.221303667407483, 2561656.094765836838633 ], [ 2292357.481771534308791, 2562205.704662099014968 ], [ 2292607.30574203049764, 2562355.598080881871283 ], [ 2293256.848481752444059, 2562655.384918448049575 ], [ 2293656.566209897398949, 2562905.207977143581957 ], [ 2294406.038121385499835, 2563254.959634666331112 ], [ 2294805.755849530454725, 2563504.782693361863494 ], [ 2295355.369417486246675, 2563804.569530928041786 ], [ 2295605.192346901632845, 2563954.462949711363763 ], [ 2296554.523643002845347, 2564404.144247146323323 ], [ 2296604.488228885922581, 2563604.711292188614607 ], [ 2296604.488228885922581, 2563554.746472232509404 ], [ 2298203.36122362781316, 2563604.711292188614607 ], [ 2299302.586277378257364, 2563654.676112145185471 ], [ 2299302.586277378257364, 2563304.924454622436315 ], [ 2299752.269632487092167, 2563304.924454622436315 ], [ 2300951.423858003225178, 2563354.889274578541517 ], [ 2302100.614538717083633, 2563354.889274578541517 ], [ 2302550.296852745581418, 2563354.889274578541517 ], [ 2302600.262479709461331, 2563404.853053449187428 ], [ 2302600.262479709461331, 2563304.924454622436315 ], [ 2302600.262479709461331, 2563254.959634666331112 ], [ 2302600.262479709461331, 2562805.278337231371552 ], [ 2302600.262479709461331, 2562555.456319621298462 ], [ 2302600.262479709461331, 2561756.023364664055407 ], [ 2302650.227065592538565, 2560906.62663083570078 ], [ 2302650.227065592538565, 2560107.193675878457725 ], [ 2303449.663562963716686, 2560157.158495834562927 ], [ 2304299.064646217506379, 2560157.158495834562927 ], [ 2304299.064646217506379, 2559107.90248218132183 ], [ 2304299.064646217506379, 2559007.973883354570717 ], [ 2304299.064646217506379, 2558558.292585919611156 ], [ 2304349.029232100583613, 2558508.328807048965245 ], [ 2304349.029232100583613, 2557708.89585209172219 ], [ 2303449.663562963716686, 2557708.89585209172219 ], [ 2302700.191651475615799, 2557708.89585209172219 ], [ 2302750.156237358693033, 2556159.994762132875621 ], [ 2301900.755154104437679, 2556159.994762132875621 ], [ 2301900.755154104437679, 2556110.029942176770419 ], [ 2301950.719739987514913, 2555160.704609521664679 ], [ 2301950.719739987514913, 2554511.165073347277939 ], [ 2302000.684325870592147, 2553661.768339519388974 ], [ 2301950.719739987514913, 2553611.80351956281811 ], [ 2301600.966597725171596, 2553611.80351956281811 ], [ 2301600.966597725171596, 2553461.910100779961795 ], [ 2301600.966597725171596, 2553411.945280823390931 ], [ 2301551.002011842094362, 2553411.945280823390931 ], [ 2300751.565514470916241, 2553411.945280823390931 ], [ 2300601.670715741347522, 2553411.945280823390931 ], [ 2298902.868549232836813, 2553361.980460867285728 ], [ 2298553.114365890156478, 2553361.980460867285728 ], [ 2298503.149780007079244, 2553361.980460867285728 ], [ 2297753.677868518978357, 2553312.015640911180526 ], [ 2296854.312199381645769, 2553312.015640911180526 ], [ 2296854.312199381645769, 2553212.087042084429413 ], [ 2296854.312199381645769, 2552262.760668343864381 ], [ 2296854.312199381645769, 2551962.973830777220428 ], [ 2296904.276785264723003, 2551213.505695776082575 ], [ 2296904.276785264723003, 2551163.540875819977373 ], [ 2296904.276785264723003, 2550813.789218297693878 ], [ 2296904.276785264723003, 2550763.824398341123015 ], [ 2296904.276785264723003, 2550713.859578385017812 ], [ 2296904.276785264723003, 2549864.462844557128847 ], [ 2296904.276785264723003, 2548815.207871989347041 ], [ 2296954.241371147800237, 2547566.093619597144425 ], [ 2296954.241371147800237, 2547416.200200813822448 ], [ 2297054.171583994757384, 2547416.200200813822448 ], [ 2297204.065341643989086, 2547366.235380857717246 ], [ 2297403.924726257100701, 2547266.306782030966133 ], [ 2297603.784110869746655, 2547216.341962074395269 ], [ 2297803.64349548285827, 2547116.413363247644156 ], [ 2298003.501839015167207, 2547066.448543291538954 ], [ 2298453.18519412400201, 2546916.555124508216977 ], [ 2298653.044578737113625, 2546816.625484596006572 ], [ 2298952.833135115914047, 2546716.696885768789798 ], [ 2300002.093602983281016, 2546316.980408290401101 ], [ 2300052.05818886635825, 2546267.015588333830237 ], [ 2300102.022774749435484, 2546267.015588333830237 ], [ 2300201.95298759592697, 2546167.086989507079124 ], [ 2301051.354070850182325, 2545517.547453332692385 ], [ 2301101.318656733259559, 2545517.547453332692385 ], [ 2301201.247828499414027, 2545417.618854505941272 ], [ 2301351.142627229448408, 2545267.725435722619295 ], [ 2301451.071798995602876, 2545267.725435722619295 ], [ 2301451.071798995602876, 2545217.760615766514093 ], [ 2301551.002011842094362, 2545217.760615766514093 ], [ 2301600.966597725171596, 2545167.79579581040889 ], [ 2301700.895769491326064, 2545167.79579581040889 ], [ 2301750.860355374403298, 2545167.79579581040889 ], [ 2301850.790568221360445, 2545167.79579581040889 ], [ 2302300.472882249392569, 2545167.79579581040889 ], [ 2303649.52294757636264, 2545217.760615766514093 ], [ 2303699.487533459439874, 2545217.760615766514093 ], [ 2304099.205261604860425, 2545217.760615766514093 ], [ 2304548.888616713695228, 2545217.760615766514093 ], [ 2304598.853202596772462, 2545217.760615766514093 ], [ 2304598.853202596772462, 2545117.830975853838027 ], [ 2304598.853202596772462, 2544518.257300721481442 ], [ 2304648.817788479849696, 2544018.611183330416679 ], [ 2304648.817788479849696, 2542919.391390806529671 ], [ 2304648.817788479849696, 2542869.42761193588376 ], [ 2304648.817788479849696, 2542819.462791979778558 ], [ 2304648.817788479849696, 2542769.497972023673356 ], [ 2304648.817788479849696, 2542719.533152067102492 ], [ 2304598.853202596772462, 2542619.604553240351379 ], [ 2304498.924030830617994, 2542369.781494544818997 ], [ 2304349.029232100583613, 2541970.065017065964639 ], [ 2304349.029232100583613, 2541920.101238195318729 ], [ 2304199.135474451351911, 2541570.348539587110281 ], [ 2304199.135474451351911, 2541520.38476071646437 ], [ 2304049.240675721783191, 2541470.419940760359168 ], [ 2303999.276089838705957, 2541470.419940760359168 ], [ 2303949.311503955628723, 2541420.455120804253966 ], [ 2303899.34587699174881, 2541370.491341933608055 ], [ 2303899.34587699174881, 2541320.526521977502853 ], [ 2303849.381291108671576, 2541220.596882064826787 ], [ 2303649.52294757636264, 2540720.951805759221315 ], [ 2303599.557320612482727, 2540471.128747063688934 ], [ 2303699.487533459439874, 2540471.128747063688934 ], [ 2303749.452119342517108, 2540421.164968193043023 ], [ 2303799.416705225594342, 2540421.164968193043023 ], [ 2303799.416705225594342, 2540371.200148236937821 ], [ 2303749.452119342517108, 2540271.270508324261755 ], [ 2303449.663562963716686, 2539521.802373323123902 ], [ 2303349.733350116759539, 2539122.086936929728836 ], [ 2303199.839592467527837, 2538722.370459451340139 ], [ 2302800.120823241770267, 2537723.079265754204243 ], [ 2302800.120823241770267, 2537673.114445798099041 ], [ 2302750.156237358693033, 2537673.114445798099041 ], [ 2301950.719739987514913, 2537073.540770665742457 ], [ 2301501.03638487868011, 2536773.752892013639212 ], [ 2300451.776958092115819, 2535974.320978141855448 ], [ 2300102.022774749435484, 2535724.497919446323067 ], [ 2300052.05818886635825, 2535674.533099490217865 ], [ 2300052.05818886635825, 2535624.568279533647001 ], [ 2299802.234218370169401, 2535274.816622011363506 ], [ 2299252.62169149518013, 2534375.455068226903677 ], [ 2299102.727933845948428, 2534125.632009531371295 ], [ 2299052.762306882068515, 2534025.703410704620183 ], [ 2298553.114365890156478, 2533226.270455746911466 ], [ 2298253.325809510890394, 2532776.590199397876859 ], [ 2297703.713282635901123, 2531877.228645613417029 ], [ 2297353.960140374023467, 2531277.653929395135492 ], [ 2297254.030968607868999, 2531127.760510612279177 ], [ 2296504.559057119768113, 2529778.717659392859787 ], [ 2296354.664258389733732, 2529478.929780741222203 ], [ 2295904.981944361701608, 2528629.533046912867576 ], [ 2295855.016317397821695, 2528579.568226956762373 ], [ 2295855.016317397821695, 2528529.604448086116463 ], [ 2295855.016317397821695, 2528479.639628130011261 ], [ 2295755.087145631667227, 2527780.13631308497861 ], [ 2295755.087145631667227, 2527680.206673172302544 ], [ 2295705.122559748589993, 2527080.631956954486668 ], [ 2295705.122559748589993, 2526980.703358127269894 ], [ 2295705.122559748589993, 2526930.738538171164691 ], [ 2295705.122559748589993, 2526880.773718215059489 ], [ 2295705.122559748589993, 2526830.809939344413579 ], [ 2295755.087145631667227, 2526780.845119387842715 ], [ 2295954.946530244778842, 2526531.022060692310333 ], [ 2296054.87570201093331, 2526331.163821952883154 ], [ 2296104.840287893544883, 2526231.235223126132041 ], [ 2296154.804873777087778, 2526131.305583213455975 ], [ 2296304.699672506656498, 2525931.447344474494457 ], [ 2296354.664258389733732, 2525831.518745647277683 ], [ 2296454.594471236690879, 2525681.625326864421368 ], [ 2296604.488228885922581, 2525481.767088124994189 ], [ 2296654.452814768999815, 2525381.837448212318122 ], [ 2296704.418441732414067, 2525331.873669341672212 ], [ 2296804.347613498568535, 2525181.980250558815897 ], [ 2297453.889312140177935, 2524182.689056861680001 ], [ 2297453.889312140177935, 2524132.724236905574799 ], [ 2297453.889312140177935, 2524082.759416949469596 ], [ 2297254.030968607868999, 2524032.795638078823686 ], [ 2296854.312199381645769, 2524032.795638078823686 ], [ 2295055.579820026643574, 2523982.830818122718483 ], [ 2293356.777653518132865, 2523932.865998166147619 ], [ 2292607.30574203049764, 2523932.865998166147619 ], [ 2290109.067078150808811, 2523882.901178210042417 ], [ 2288660.087841058149934, 2523832.937399339396507 ], [ 2288610.1232551750727, 2523832.937399339396507 ], [ 2288560.158669291995466, 2523882.901178210042417 ], [ 2288560.158669291995466, 2523832.937399339396507 ], [ 2286961.285674549639225, 2523782.972579383291304 ], [ 2286911.321088666561991, 2523782.972579383291304 ], [ 2286861.356502783484757, 2523782.972579383291304 ], [ 2286811.391916900407523, 2523782.972579383291304 ], [ 2286611.532532287761569, 2523782.972579383291304 ], [ 2286411.673147674649954, 2523782.972579383291304 ], [ 2286111.884591295383871, 2523782.972579383291304 ], [ 2285712.165822069626302, 2523782.972579383291304 ], [ 2285312.448093924671412, 2523733.00775942672044 ], [ 2285262.483508041128516, 2523782.972579383291304 ], [ 2285162.55329519463703, 2523733.00775942672044 ], [ 2285012.659537545405328, 2523733.00775942672044 ], [ 2284962.694951662328094, 2523733.00775942672044 ], [ 2284912.729324698448181, 2523733.00775942672044 ], [ 2284862.764738815370947, 2523733.00775942672044 ], [ 2284513.011596553493291, 2523733.00775942672044 ], [ 2284313.152211940381676, 2523733.00775942672044 ], [ 2284063.328241444192827, 2523733.00775942672044 ], [ 2283963.399069678038359, 2523733.00775942672044 ], [ 2283913.434483795426786, 2523733.00775942672044 ], [ 2283763.539685065392405, 2523733.00775942672044 ], [ 2283713.575099182315171, 2523733.00775942672044 ], [ 2283313.856329956557602, 2523683.04398055607453 ], [ 2283263.891744073480368, 2523683.04398055607453 ], [ 2283213.927158190403134, 2523733.00775942672044 ], [ 2283113.997986424248666, 2523683.04398055607453 ], [ 2283064.033400541171432, 2523683.04398055607453 ], [ 2282964.103187694214284, 2523683.04398055607453 ], [ 2282764.243803081102669, 2523683.04398055607453 ], [ 2282614.350045432336628, 2523683.04398055607453 ], [ 2282464.455246702302247, 2523683.04398055607453 ], [ 2282364.526074936147779, 2523683.04398055607453 ], [ 2282264.596903169993311, 2523683.04398055607453 ], [ 2282214.631276206113398, 2523683.04398055607453 ], [ 2282064.737518556881696, 2523683.04398055607453 ], [ 2281515.124991681892425, 2523683.04398055607453 ], [ 2280465.864523814991117, 2523633.079160599969327 ], [ 2280415.899937931913882, 2523633.079160599969327 ], [ 2280365.934310968033969, 2523633.079160599969327 ], [ 2280166.075967435725033, 2523633.079160599969327 ], [ 2280116.111381552647799, 2523633.079160599969327 ], [ 2280016.181168705690652, 2523633.079160599969327 ], [ 2279816.321784093044698, 2523633.079160599969327 ], [ 2279716.39261232689023, 2523633.079160599969327 ], [ 2279666.428026443812996, 2523633.079160599969327 ], [ 2278517.23838681075722, 2523583.114340643864125 ], [ 2278367.343588080722839, 2523583.114340643864125 ], [ 2278167.484203467611223, 2523583.114340643864125 ], [ 2278117.519617584533989, 2523583.114340643864125 ], [ 2277567.907090709544718, 2523583.114340643864125 ], [ 2277517.942504826467484, 2523583.114340643864125 ], [ 2277368.047706096433103, 2523533.149520687758923 ], [ 2277218.153948447201401, 2523533.149520687758923 ], [ 2276868.399765104521066, 2523533.149520687758923 ], [ 2276718.506007455289364, 2523533.149520687758923 ], [ 2275919.069510084111243, 2523533.149520687758923 ], [ 2274270.23192945914343, 2523483.185741816647351 ], [ 2274120.337130729109049, 2523483.185741816647351 ], [ 2274170.301716612186283, 2523483.185741816647351 ], [ 2274170.301716612186283, 2523533.149520687758923 ], [ 2274220.266302495263517, 2523533.149520687758923 ], [ 2274220.266302495263517, 2523583.114340643864125 ], [ 2274220.266302495263517, 2523633.079160599969327 ], [ 2274270.23192945914343, 2523633.079160599969327 ], [ 2274270.23192945914343, 2523683.04398055607453 ], [ 2274320.196515342220664, 2523683.04398055607453 ], [ 2274370.161101225297898, 2523683.04398055607453 ], [ 2274420.125687108375132, 2523733.00775942672044 ], [ 2274470.090272991452366, 2523733.00775942672044 ], [ 2274470.090272991452366, 2523683.04398055607453 ], [ 2274520.055899955332279, 2523683.04398055607453 ], [ 2274520.055899955332279, 2523733.00775942672044 ], [ 2274570.020485837943852, 2523733.00775942672044 ], [ 2274570.020485837943852, 2523782.972579383291304 ], [ 2274619.985071721021086, 2523782.972579383291304 ], [ 2274619.985071721021086, 2523832.937399339396507 ], [ 2274619.985071721021086, 2523882.901178210042417 ], [ 2274619.985071721021086, 2523932.865998166147619 ], [ 2274570.020485837943852, 2523932.865998166147619 ], [ 2274570.020485837943852, 2523982.830818122718483 ], [ 2274570.020485837943852, 2524032.795638078823686 ], [ 2274520.055899955332279, 2524082.759416949469596 ], [ 2274570.020485837943852, 2524132.724236905574799 ], [ 2274570.020485837943852, 2524182.689056861680001 ], [ 2274570.020485837943852, 2524232.653876818250865 ], [ 2274619.985071721021086, 2524282.617655688896775 ], [ 2274619.985071721021086, 2524332.582475645001978 ], [ 2274619.985071721021086, 2524382.54729560110718 ], [ 2274570.020485837943852, 2524382.54729560110718 ], [ 2274570.020485837943852, 2524432.512115557678044 ], [ 2274520.055899955332279, 2524432.512115557678044 ], [ 2274520.055899955332279, 2524382.54729560110718 ], [ 2274470.090272991452366, 2524382.54729560110718 ], [ 2274420.125687108375132, 2524382.54729560110718 ], [ 2274420.125687108375132, 2524432.512115557678044 ], [ 2274370.161101225297898, 2524432.512115557678044 ], [ 2274370.161101225297898, 2524482.475894428323954 ], [ 2274320.196515342220664, 2524482.475894428323954 ], [ 2274320.196515342220664, 2524532.440714384429157 ], [ 2274320.196515342220664, 2524582.405534340534359 ], [ 2274270.23192945914343, 2524632.36931321118027 ], [ 2274270.23192945914343, 2524682.334133167285472 ], [ 2274220.266302495263517, 2524682.334133167285472 ], [ 2274170.301716612186283, 2524682.334133167285472 ], [ 2274170.301716612186283, 2524732.298953123856336 ], [ 2274170.301716612186283, 2524782.263773079961538 ], [ 2274120.337130729109049, 2524782.263773079961538 ], [ 2274120.337130729109049, 2524832.227551950607449 ], [ 2274070.372544846031815, 2524832.227551950607449 ], [ 2274070.372544846031815, 2524882.192371906712651 ], [ 2274070.372544846031815, 2524932.157191863283515 ], [ 2274070.372544846031815, 2524982.122011819388717 ], [ 2274020.407958962954581, 2525032.085790690034628 ], [ 2273970.443373079877347, 2525032.085790690034628 ], [ 2273970.443373079877347, 2525082.05061064613983 ], [ 2274020.407958962954581, 2525082.05061064613983 ], [ 2274020.407958962954581, 2525132.015430602245033 ], [ 2274020.407958962954581, 2525181.980250558815897 ], [ 2273970.443373079877347, 2525181.980250558815897 ], [ 2273920.477746116463095, 2525181.980250558815897 ], [ 2273920.477746116463095, 2525231.944029429461807 ], [ 2273870.513160233385861, 2525231.944029429461807 ], [ 2273820.548574350308627, 2525281.908849385567009 ], [ 2273820.548574350308627, 2525331.873669341672212 ], [ 2273820.548574350308627, 2525381.837448212318122 ], [ 2273820.548574350308627, 2525431.802268168888986 ], [ 2273770.583988467231393, 2525431.802268168888986 ], [ 2273770.583988467231393, 2525481.767088124994189 ], [ 2273770.583988467231393, 2525531.731908081099391 ], [ 2273720.619402584154159, 2525581.695686951745301 ], [ 2273670.653775620274246, 2525631.660506907850504 ], [ 2273670.653775620274246, 2525681.625326864421368 ], [ 2273620.689189737197012, 2525681.625326864421368 ], [ 2273620.689189737197012, 2525731.59014682052657 ], [ 2273620.689189737197012, 2525781.553925691172481 ], [ 2273620.689189737197012, 2525831.518745647277683 ], [ 2273570.724603854119778, 2525831.518745647277683 ], [ 2273520.760017971042544, 2525831.518745647277683 ], [ 2273520.760017971042544, 2525881.483565603848547 ], [ 2273520.760017971042544, 2525931.447344474494457 ], [ 2273520.760017971042544, 2525981.41216443059966 ], [ 2273520.760017971042544, 2526031.376984386704862 ], [ 2273520.760017971042544, 2526081.341804342810065 ], [ 2273470.79543208796531, 2526081.341804342810065 ], [ 2273470.79543208796531, 2526131.305583213455975 ], [ 2273520.760017971042544, 2526131.305583213455975 ], [ 2273520.760017971042544, 2526181.270403170026839 ], [ 2273520.760017971042544, 2526231.235223126132041 ], [ 2273470.79543208796531, 2526231.235223126132041 ], [ 2273470.79543208796531, 2526281.200043082237244 ], [ 2273420.829805124085397, 2526281.200043082237244 ], [ 2273420.829805124085397, 2526331.163821952883154 ], [ 2273420.829805124085397, 2526381.128641909454018 ], [ 2273420.829805124085397, 2526431.09346186555922 ], [ 2273370.865219241008162, 2526431.09346186555922 ], [ 2273320.900633357930928, 2526431.09346186555922 ], [ 2273270.936047474853694, 2526431.09346186555922 ], [ 2273220.97146159177646, 2526431.09346186555922 ], [ 2273220.97146159177646, 2526481.058281821664423 ], [ 2273171.006875708699226, 2526481.058281821664423 ], [ 2273121.041248745284975, 2526531.022060692310333 ], [ 2273071.076662862207741, 2526531.022060692310333 ], [ 2273021.112076979130507, 2526531.022060692310333 ], [ 2273021.112076979130507, 2526580.986880648415536 ], [ 2273021.112076979130507, 2526630.951700604986399 ], [ 2272971.147491096053272, 2526630.951700604986399 ], [ 2272921.182905212976038, 2526630.951700604986399 ], [ 2272871.217278249096125, 2526630.951700604986399 ], [ 2272871.217278249096125, 2526680.91547947563231 ], [ 2272821.252692366018891, 2526680.91547947563231 ], [ 2272771.288106482941657, 2526680.91547947563231 ], [ 2272771.288106482941657, 2526730.880299431737512 ], [ 2272721.323520599864423, 2526730.880299431737512 ], [ 2272671.358934716787189, 2526730.880299431737512 ], [ 2272671.358934716787189, 2526780.845119387842715 ], [ 2272671.358934716787189, 2526830.809939344413579 ], [ 2272621.394348833709955, 2526830.809939344413579 ], [ 2272671.358934716787189, 2526830.809939344413579 ], [ 2272671.358934716787189, 2526880.773718215059489 ], [ 2272721.323520599864423, 2526880.773718215059489 ], [ 2272721.323520599864423, 2526930.738538171164691 ], [ 2272671.358934716787189, 2526930.738538171164691 ], [ 2272671.358934716787189, 2526980.703358127269894 ], [ 2272621.394348833709955, 2526980.703358127269894 ], [ 2272571.428721870295703, 2526980.703358127269894 ], [ 2272571.428721870295703, 2526930.738538171164691 ], [ 2272521.464135987218469, 2526930.738538171164691 ], [ 2272471.499550104141235, 2526880.773718215059489 ], [ 2272471.499550104141235, 2526930.738538171164691 ], [ 2272421.534964221064001, 2526930.738538171164691 ], [ 2272371.570378337986767, 2526930.738538171164691 ], [ 2272321.604751374106854, 2526930.738538171164691 ], [ 2272321.604751374106854, 2526980.703358127269894 ], [ 2272271.64016549102962, 2526980.703358127269894 ], [ 2272221.675579607952386, 2526980.703358127269894 ], [ 2272171.710993724875152, 2526980.703358127269894 ], [ 2272121.746407841797918, 2526980.703358127269894 ], [ 2272071.780780877918005, 2526980.703358127269894 ], [ 2272021.816194994840771, 2526980.703358127269894 ], [ 2272021.816194994840771, 2527030.668178083375096 ], [ 2271971.851609111763537, 2527030.668178083375096 ], [ 2271921.887023228686303, 2527080.631956954486668 ], [ 2271871.922437345609069, 2527080.631956954486668 ], [ 2271871.922437345609069, 2527130.596776910591871 ], [ 2271821.957851462997496, 2527130.596776910591871 ], [ 2271821.957851462997496, 2527180.561596866697073 ], [ 2271771.992224499117583, 2527180.561596866697073 ], [ 2271771.992224499117583, 2527230.526416822802275 ], [ 2271722.027638616040349, 2527230.526416822802275 ], [ 2271672.063052732963115, 2527230.526416822802275 ], [ 2271622.098466849885881, 2527230.526416822802275 ], [ 2271572.133880966808647, 2527230.526416822802275 ], [ 2271522.168254002928734, 2527230.526416822802275 ], [ 2271522.168254002928734, 2527180.561596866697073 ], [ 2271522.168254002928734, 2527230.526416822802275 ], [ 2271472.2036681198515, 2527230.526416822802275 ], [ 2271422.239082236774266, 2527230.526416822802275 ], [ 2271422.239082236774266, 2527280.490195693448186 ], [ 2271372.274496353697032, 2527280.490195693448186 ], [ 2271322.309910470619798, 2527330.45501565001905 ], [ 2271322.309910470619798, 2527380.419835606124252 ], [ 2271272.344283507205546, 2527380.419835606124252 ], [ 2271272.344283507205546, 2527430.383614476770163 ], [ 2271222.379697624128312, 2527430.383614476770163 ], [ 2271222.379697624128312, 2527480.348434432875365 ], [ 2271172.415111741051078, 2527530.313254388980567 ], [ 2271122.450525857973844, 2527530.313254388980567 ], [ 2271122.450525857973844, 2527580.278074345551431 ], [ 2271072.48593997489661, 2527580.278074345551431 ], [ 2271072.48593997489661, 2527630.241853216197342 ], [ 2271022.521354091819376, 2527680.206673172302544 ], [ 2270972.555727127939463, 2527730.171493128407747 ], [ 2270922.591141244862229, 2527730.171493128407747 ], [ 2270872.626555361784995, 2527730.171493128407747 ], [ 2270822.661969478707761, 2527730.171493128407747 ], [ 2270772.697383595630527, 2527730.171493128407747 ], [ 2270772.697383595630527, 2527780.13631308497861 ], [ 2270722.731756631750613, 2527780.13631308497861 ], [ 2270722.731756631750613, 2527830.100091955624521 ], [ 2270672.767170748673379, 2527830.100091955624521 ], [ 2270672.767170748673379, 2527880.064911911729723 ], [ 2270672.767170748673379, 2527930.029731867834926 ], [ 2270672.767170748673379, 2527979.993510738480836 ], [ 2270672.767170748673379, 2528029.9583306950517 ], [ 2270622.802584865596145, 2528029.9583306950517 ], [ 2270622.802584865596145, 2528079.923150651156902 ], [ 2270572.837998982518911, 2528079.923150651156902 ], [ 2270522.873413099441677, 2528129.887970607262105 ], [ 2270472.907786136027426, 2528179.851749477908015 ], [ 2270422.943200252950191, 2528179.851749477908015 ], [ 2270372.978614369872957, 2528179.851749477908015 ], [ 2270372.978614369872957, 2528229.816569434013218 ], [ 2270323.014028486795723, 2528229.816569434013218 ], [ 2270323.014028486795723, 2528279.781389390584081 ], [ 2270323.014028486795723, 2528329.746209346689284 ], [ 2270323.014028486795723, 2528379.709988217335194 ], [ 2270273.049442603718489, 2528379.709988217335194 ], [ 2270223.084856720641255, 2528429.674808173440397 ], [ 2270173.119229756761342, 2528429.674808173440397 ], [ 2270173.119229756761342, 2528479.639628130011261 ], [ 2269923.295259261038154, 2528479.639628130011261 ], [ 2269873.33067337796092, 2528529.604448086116463 ], [ 2269823.366087494883686, 2528579.568226956762373 ], [ 2269723.436915728729218, 2528779.426465696189553 ], [ 2269723.436915728729218, 2528829.391285652294755 ], [ 2269723.436915728729218, 2528879.356105608399957 ], [ 2269673.471288764849305, 2528929.319884479045868 ], [ 2269723.436915728729218, 2528979.284704435616732 ], [ 2269723.436915728729218, 2529029.249524391721934 ], [ 2269673.471288764849305, 2529079.214344347827137 ], [ 2269673.471288764849305, 2529129.178123218473047 ], [ 2269623.506702881772071, 2529229.107763131149113 ], [ 2269573.542116998694837, 2529229.107763131149113 ], [ 2269573.542116998694837, 2529279.072583087254316 ], [ 2269573.542116998694837, 2529329.036361957900226 ], [ 2269573.542116998694837, 2529379.001181914005429 ], [ 2269523.577531115617603, 2529379.001181914005429 ], [ 2269473.612945232540369, 2529329.036361957900226 ], [ 2269473.612945232540369, 2529279.072583087254316 ], [ 2269423.648359349463135, 2529279.072583087254316 ], [ 2269373.682732385583222, 2529279.072583087254316 ], [ 2269373.682732385583222, 2529329.036361957900226 ], [ 2269323.718146502505988, 2529329.036361957900226 ], [ 2269323.718146502505988, 2529379.001181914005429 ], [ 2269273.753560619428754, 2529428.966001870576292 ], [ 2269223.78897473635152, 2529428.966001870576292 ], [ 2269173.824388853274286, 2529428.966001870576292 ], [ 2269173.824388853274286, 2529379.001181914005429 ], [ 2269123.858761889860034, 2529379.001181914005429 ], [ 2269123.858761889860034, 2529428.966001870576292 ], [ 2269073.8941760067828, 2529428.966001870576292 ], [ 2269023.929590123705566, 2529428.966001870576292 ], [ 2268973.965004240628332, 2529478.929780741222203 ], [ 2268924.000418357551098, 2529428.966001870576292 ], [ 2268924.000418357551098, 2529379.001181914005429 ], [ 2268874.034791393671185, 2529379.001181914005429 ], [ 2268824.070205510593951, 2529379.001181914005429 ], [ 2268774.105619627516717, 2529428.966001870576292 ], [ 2268724.141033744439483, 2529428.966001870576292 ], [ 2268674.176447861362249, 2529428.966001870576292 ], [ 2268674.176447861362249, 2529478.929780741222203 ], [ 2268674.176447861362249, 2529528.894600697327405 ], [ 2268674.176447861362249, 2529578.859420653432608 ], [ 2268624.211861978285015, 2529628.82424060953781 ], [ 2268624.211861978285015, 2529678.788019480183721 ], [ 2268574.246235014870763, 2529678.788019480183721 ], [ 2268524.281649131793529, 2529678.788019480183721 ], [ 2268524.281649131793529, 2529728.752839436754584 ], [ 2268474.317063248716295, 2529728.752839436754584 ], [ 2268474.317063248716295, 2529778.717659392859787 ], [ 2268424.352477365639061, 2529778.717659392859787 ], [ 2268424.352477365639061, 2529828.682479348964989 ], [ 2268424.352477365639061, 2529878.6462582196109 ], [ 2268424.352477365639061, 2529928.611078176181763 ], [ 2268474.317063248716295, 2529928.611078176181763 ], [ 2268474.317063248716295, 2529978.575898132286966 ], [ 2268524.281649131793529, 2529978.575898132286966 ], [ 2268474.317063248716295, 2530028.539677002932876 ], [ 2268474.317063248716295, 2530078.504496959038079 ], [ 2268424.352477365639061, 2530078.504496959038079 ], [ 2268374.387891482561827, 2530078.504496959038079 ], [ 2268324.422264518681914, 2530078.504496959038079 ], [ 2268274.45767863560468, 2530078.504496959038079 ], [ 2268274.45767863560468, 2530028.539677002932876 ], [ 2268224.493092752527446, 2530028.539677002932876 ], [ 2268224.493092752527446, 2529978.575898132286966 ], [ 2268174.528506869450212, 2530028.539677002932876 ], [ 2268174.528506869450212, 2530078.504496959038079 ], [ 2268174.528506869450212, 2530128.469316915143281 ], [ 2268124.563920986372977, 2530128.469316915143281 ], [ 2268074.599335103295743, 2530128.469316915143281 ], [ 2268074.599335103295743, 2530178.434136871714145 ], [ 2268074.599335103295743, 2530128.469316915143281 ], [ 2268024.63370813941583, 2530128.469316915143281 ], [ 2267974.669122256338596, 2530128.469316915143281 ], [ 2267974.669122256338596, 2530078.504496959038079 ], [ 2267924.704536373261362, 2530078.504496959038079 ], [ 2267924.704536373261362, 2530128.469316915143281 ], [ 2267874.739950490184128, 2530128.469316915143281 ], [ 2267824.775364607106894, 2530128.469316915143281 ], [ 2267824.775364607106894, 2530178.434136871714145 ], [ 2267774.809737643692642, 2530178.434136871714145 ], [ 2267724.845151760615408, 2530178.434136871714145 ], [ 2267724.845151760615408, 2530228.397915742360055 ], [ 2267774.809737643692642, 2530228.397915742360055 ], [ 2267774.809737643692642, 2530278.362735698465258 ], [ 2267774.809737643692642, 2530328.32755565457046 ], [ 2267824.775364607106894, 2530328.32755565457046 ], [ 2267824.775364607106894, 2530378.292375611141324 ], [ 2267824.775364607106894, 2530428.256154481787235 ], [ 2267824.775364607106894, 2530478.220974437892437 ], [ 2267874.739950490184128, 2530478.220974437892437 ], [ 2267874.739950490184128, 2530528.185794393997639 ], [ 2267824.775364607106894, 2530528.185794393997639 ], [ 2267824.775364607106894, 2530578.150614350102842 ], [ 2267774.809737643692642, 2530578.150614350102842 ], [ 2267724.845151760615408, 2530578.150614350102842 ], [ 2267724.845151760615408, 2530628.114393220748752 ], [ 2267724.845151760615408, 2530678.079213177319616 ], [ 2267674.880565877538174, 2530678.079213177319616 ], [ 2267624.91597999446094, 2530678.079213177319616 ], [ 2267624.91597999446094, 2530728.044033133424819 ], [ 2267624.91597999446094, 2530778.007812004070729 ], [ 2267624.91597999446094, 2530827.972631960175931 ], [ 2267624.91597999446094, 2530877.937451916746795 ], [ 2267624.91597999446094, 2530927.902271872851998 ], [ 2267674.880565877538174, 2530927.902271872851998 ], [ 2267724.845151760615408, 2530927.902271872851998 ], [ 2267774.809737643692642, 2530927.902271872851998 ], [ 2267774.809737643692642, 2530977.866050743497908 ], [ 2267774.809737643692642, 2531027.830870699603111 ], [ 2267774.809737643692642, 2531077.795690655708313 ], [ 2267774.809737643692642, 2531127.760510612279177 ], [ 2267774.809737643692642, 2531177.724289482925087 ], [ 2267824.775364607106894, 2531177.724289482925087 ], [ 2267874.739950490184128, 2531177.724289482925087 ], [ 2267874.739950490184128, 2531227.68910943903029 ], [ 2267924.704536373261362, 2531227.68910943903029 ], [ 2267924.704536373261362, 2531277.653929395135492 ], [ 2267874.739950490184128, 2531277.653929395135492 ], [ 2267824.775364607106894, 2531277.653929395135492 ], [ 2267824.775364607106894, 2531327.618749351706356 ], [ 2267774.809737643692642, 2531327.618749351706356 ], [ 2267774.809737643692642, 2531377.582528222352266 ], [ 2267774.809737643692642, 2531427.547348178457469 ], [ 2267774.809737643692642, 2531477.512168134562671 ], [ 2267724.845151760615408, 2531477.512168134562671 ], [ 2267724.845151760615408, 2531527.475947005208582 ], [ 2267724.845151760615408, 2531577.440766961313784 ], [ 2267674.880565877538174, 2531577.440766961313784 ], [ 2267674.880565877538174, 2531627.405586917884648 ], [ 2267624.91597999446094, 2531627.405586917884648 ], [ 2267624.91597999446094, 2531677.37040687398985 ], [ 2267574.951394111383706, 2531677.37040687398985 ], [ 2267574.951394111383706, 2531727.334185744635761 ], [ 2267524.985767147503793, 2531777.299005700740963 ], [ 2267475.021181264426559, 2531827.263825657311827 ], [ 2267475.021181264426559, 2531877.228645613417029 ], [ 2267425.056595381349325, 2531877.228645613417029 ], [ 2267375.092009498272091, 2531877.228645613417029 ], [ 2267375.092009498272091, 2531927.19242448406294 ], [ 2267325.127423615194857, 2531927.19242448406294 ], [ 2267325.127423615194857, 2531977.157244440168142 ], [ 2267275.162837732117623, 2531977.157244440168142 ], [ 2267275.162837732117623, 2532027.122064396273345 ], [ 2267325.127423615194857, 2532027.122064396273345 ], [ 2267325.127423615194857, 2532077.085843266919255 ], [ 2267375.092009498272091, 2532127.050663223490119 ], [ 2267425.056595381349325, 2532127.050663223490119 ], [ 2267425.056595381349325, 2532177.015483179595321 ], [ 2267425.056595381349325, 2532226.980303135700524 ], [ 2267425.056595381349325, 2532276.944082006346434 ], [ 2267375.092009498272091, 2532276.944082006346434 ], [ 2267325.127423615194857, 2532326.908901962917298 ], [ 2267275.162837732117623, 2532326.908901962917298 ], [ 2267275.162837732117623, 2532376.873721919022501 ], [ 2267325.127423615194857, 2532426.838541875127703 ], [ 2267325.127423615194857, 2532476.802320745773613 ], [ 2267325.127423615194857, 2532526.767140702344477 ], [ 2267275.162837732117623, 2532526.767140702344477 ], [ 2267225.197210768703371, 2532526.767140702344477 ], [ 2267225.197210768703371, 2532576.73196065844968 ], [ 2267175.232624885626137, 2532576.73196065844968 ], [ 2267125.268039002548903, 2532626.696780614554882 ], [ 2267125.268039002548903, 2532676.660559485200793 ], [ 2267075.303453119471669, 2532676.660559485200793 ], [ 2267075.303453119471669, 2532726.625379441305995 ], [ 2267025.338867236394435, 2532726.625379441305995 ], [ 2266975.373240272514522, 2532726.625379441305995 ], [ 2266925.408654389437288, 2532726.625379441305995 ], [ 2266925.408654389437288, 2532676.660559485200793 ], [ 2266875.444068506360054, 2532676.660559485200793 ], [ 2266825.47948262328282, 2532626.696780614554882 ], [ 2266775.514896740205586, 2532626.696780614554882 ], [ 2266775.514896740205586, 2532576.73196065844968 ], [ 2266725.549269776325673, 2532576.73196065844968 ], [ 2266725.549269776325673, 2532626.696780614554882 ], [ 2266675.584683893248439, 2532626.696780614554882 ], [ 2266675.584683893248439, 2532676.660559485200793 ], [ 2266625.620098010171205, 2532676.660559485200793 ], [ 2266575.655512127093971, 2532676.660559485200793 ], [ 2266525.690926244016737, 2532676.660559485200793 ], [ 2266525.690926244016737, 2532626.696780614554882 ], [ 2266475.726340360939503, 2532626.696780614554882 ], [ 2266475.726340360939503, 2532676.660559485200793 ], [ 2266475.726340360939503, 2532726.625379441305995 ], [ 2266425.760713397525251, 2532726.625379441305995 ], [ 2266375.796127514448017, 2532776.590199397876859 ], [ 2266325.831541631370783, 2532826.553978268522769 ], [ 2266325.831541631370783, 2532876.518798224627972 ], [ 2266275.866955748293549, 2532876.518798224627972 ], [ 2266275.866955748293549, 2532926.483618180733174 ], [ 2266225.902369865216315, 2532926.483618180733174 ], [ 2266225.902369865216315, 2532976.448438136838377 ], [ 2266175.936742901336402, 2532976.448438136838377 ], [ 2266125.972157018259168, 2533026.412217007949948 ], [ 2266076.007571135181934, 2533026.412217007949948 ], [ 2266076.007571135181934, 2533076.377036964055151 ], [ 2266026.0429852521047, 2533126.341856920160353 ], [ 2266076.007571135181934, 2533176.306676876265556 ], [ 2266076.007571135181934, 2533226.270455746911466 ], [ 2266125.972157018259168, 2533226.270455746911466 ], [ 2266125.972157018259168, 2533276.23527570348233 ], [ 2266175.936742901336402, 2533326.200095659587532 ], [ 2266225.902369865216315, 2533376.164915615692735 ], [ 2266225.902369865216315, 2533426.128694486338645 ], [ 2266275.866955748293549, 2533426.128694486338645 ], [ 2266275.866955748293549, 2533476.093514442909509 ], [ 2266275.866955748293549, 2533526.058334399014711 ], [ 2266325.831541631370783, 2533526.058334399014711 ], [ 2266325.831541631370783, 2533576.022113269660622 ], [ 2266325.831541631370783, 2533625.986933225765824 ], [ 2266325.831541631370783, 2533675.951753181871027 ], [ 2266325.831541631370783, 2533725.91657313844189 ], [ 2266325.831541631370783, 2533775.880352009087801 ], [ 2266325.831541631370783, 2533825.845171965193003 ], [ 2266325.831541631370783, 2533875.809991921298206 ], [ 2266325.831541631370783, 2533925.77481187786907 ], [ 2266275.866955748293549, 2533925.77481187786907 ], [ 2266225.902369865216315, 2533975.73859074851498 ], [ 2266225.902369865216315, 2534025.703410704620183 ], [ 2266175.936742901336402, 2534025.703410704620183 ], [ 2266175.936742901336402, 2534075.668230660725385 ], [ 2266125.972157018259168, 2534075.668230660725385 ], [ 2266125.972157018259168, 2534125.632009531371295 ], [ 2266125.972157018259168, 2534175.596829487476498 ], [ 2266076.007571135181934, 2534225.561649444047362 ], [ 2266076.007571135181934, 2534275.526469400152564 ], [ 2266076.007571135181934, 2534325.490248270798475 ], [ 2266076.007571135181934, 2534375.455068226903677 ], [ 2266076.007571135181934, 2534425.419888183474541 ], [ 2266125.972157018259168, 2534425.419888183474541 ], [ 2266125.972157018259168, 2534475.384708139579743 ], [ 2266125.972157018259168, 2534525.348487010225654 ], [ 2266076.007571135181934, 2534525.348487010225654 ], [ 2266076.007571135181934, 2534575.313306966330856 ], [ 2266076.007571135181934, 2534625.278126922436059 ], [ 2266076.007571135181934, 2534675.242946879006922 ], [ 2266076.007571135181934, 2534725.206725749652833 ], [ 2266026.0429852521047, 2534825.136365661863238 ], [ 2266026.0429852521047, 2534875.100144532509148 ], [ 2265976.078399369027466, 2534875.100144532509148 ], [ 2265976.078399369027466, 2534925.064964489080012 ], [ 2265926.112772405147552, 2534975.029784445185214 ], [ 2265876.14818652253598, 2535024.994604401290417 ], [ 2265876.14818652253598, 2535074.958383271936327 ], [ 2265826.183600639458746, 2535074.958383271936327 ], [ 2265826.183600639458746, 2535124.92320322804153 ], [ 2265776.219014756381512, 2535174.888023184612393 ], [ 2265776.219014756381512, 2535224.852843140717596 ], [ 2265726.254428873304278, 2535274.816622011363506 ], [ 2265726.254428873304278, 2535324.781441967468709 ], [ 2265726.254428873304278, 2535374.746261924039572 ], [ 2265676.289842990227044, 2535374.746261924039572 ], [ 2265626.324216026347131, 2535424.711081880144775 ], [ 2265576.359630143269897, 2535474.674860750790685 ], [ 2265526.395044260192662, 2535474.674860750790685 ], [ 2265476.430458377115428, 2535474.674860750790685 ], [ 2265426.465872494038194, 2535474.674860750790685 ], [ 2265376.500245530158281, 2535474.674860750790685 ], [ 2265326.535659647081047, 2535474.674860750790685 ], [ 2265326.535659647081047, 2535524.639680706895888 ], [ 2265276.571073764003813, 2535524.639680706895888 ], [ 2265226.606487880926579, 2535524.639680706895888 ], [ 2265226.606487880926579, 2535574.60450066300109 ], [ 2265176.641901997849345, 2535574.60450066300109 ], [ 2265126.676275034435093, 2535574.60450066300109 ], [ 2265126.676275034435093, 2535624.568279533647001 ], [ 2265076.711689151357859, 2535624.568279533647001 ], [ 2265076.711689151357859, 2535674.533099490217865 ], [ 2265076.711689151357859, 2535724.497919446323067 ], [ 2265026.747103268280625, 2535724.497919446323067 ], [ 2265026.747103268280625, 2535774.462739402428269 ], [ 2264976.782517385203391, 2535824.42651827307418 ], [ 2264976.782517385203391, 2535874.391338229645044 ], [ 2264926.817931502126157, 2535874.391338229645044 ], [ 2264926.817931502126157, 2535924.356158185750246 ], [ 2264926.817931502126157, 2535974.320978141855448 ], [ 2264876.853345619048923, 2535974.320978141855448 ], [ 2264876.853345619048923, 2536024.284757012501359 ], [ 2264876.853345619048923, 2536074.249576968606561 ], [ 2264876.853345619048923, 2536124.214396925177425 ], [ 2264926.817931502126157, 2536174.178175795823336 ], [ 2264926.817931502126157, 2536224.142995751928538 ], [ 2264926.817931502126157, 2536274.107815708033741 ], [ 2264926.817931502126157, 2536324.072635664604604 ], [ 2264926.817931502126157, 2536374.036414535250515 ], [ 2264876.853345619048923, 2536374.036414535250515 ], [ 2264876.853345619048923, 2536424.001234491355717 ], [ 2264876.853345619048923, 2536473.96605444746092 ], [ 2264876.853345619048923, 2536523.930874403566122 ], [ 2264876.853345619048923, 2536573.894653274212033 ], [ 2264926.817931502126157, 2536573.894653274212033 ], [ 2264926.817931502126157, 2536623.859473230782896 ], [ 2264926.817931502126157, 2536673.824293186888099 ], [ 2264976.782517385203391, 2536723.789113142993301 ], [ 2264976.782517385203391, 2536773.752892013639212 ], [ 2264976.782517385203391, 2536823.717711970210075 ], [ 2264976.782517385203391, 2536873.682531926315278 ], [ 2265026.747103268280625, 2536873.682531926315278 ], [ 2265026.747103268280625, 2536923.646310796961188 ], [ 2265026.747103268280625, 2536973.611130753066391 ], [ 2265026.747103268280625, 2537023.575950709171593 ], [ 2265026.747103268280625, 2537073.540770665742457 ], [ 2264976.782517385203391, 2537123.504549536388367 ], [ 2264976.782517385203391, 2537173.46936949249357 ], [ 2264976.782517385203391, 2537223.434189448598772 ], [ 2264976.782517385203391, 2537273.399009405169636 ], [ 2264976.782517385203391, 2537323.362788275815547 ], [ 2264976.782517385203391, 2537373.327608231920749 ], [ 2264976.782517385203391, 2537423.292428188025951 ], [ 2264926.817931502126157, 2537423.292428188025951 ], [ 2264926.817931502126157, 2537473.257248144131154 ], [ 2264876.853345619048923, 2537473.257248144131154 ], [ 2264876.853345619048923, 2537523.221027014777064 ], [ 2264876.853345619048923, 2537573.185846971347928 ], [ 2264876.853345619048923, 2537623.15066692745313 ], [ 2264876.853345619048923, 2537673.114445798099041 ], [ 2264876.853345619048923, 2537723.079265754204243 ], [ 2264876.853345619048923, 2537773.044085710775107 ], [ 2264926.817931502126157, 2537773.044085710775107 ], [ 2264926.817931502126157, 2537823.00890566688031 ], [ 2264926.817931502126157, 2537872.97268453752622 ], [ 2264976.782517385203391, 2537872.97268453752622 ], [ 2264976.782517385203391, 2537922.937504493631423 ], [ 2264926.817931502126157, 2537922.937504493631423 ], [ 2264926.817931502126157, 2537972.902324449736625 ], [ 2264876.853345619048923, 2537972.902324449736625 ], [ 2264876.853345619048923, 2538022.867144406307489 ], [ 2264876.853345619048923, 2538072.830923276953399 ], [ 2264926.817931502126157, 2538122.795743233058602 ], [ 2264926.817931502126157, 2538172.760563189163804 ], [ 2264976.782517385203391, 2538172.760563189163804 ], [ 2265026.747103268280625, 2538172.760563189163804 ], [ 2265026.747103268280625, 2538222.724342059809715 ], [ 2265076.711689151357859, 2538222.724342059809715 ], [ 2265076.711689151357859, 2538272.689162016380578 ], [ 2265076.711689151357859, 2538322.653981972485781 ], [ 2265076.711689151357859, 2538372.618801928590983 ], [ 2265076.711689151357859, 2538422.582580799236894 ], [ 2265076.711689151357859, 2538472.547400755807757 ], [ 2265076.711689151357859, 2538522.51222071191296 ], [ 2265076.711689151357859, 2538572.477040668018162 ], [ 2265076.711689151357859, 2538622.440819538664073 ], [ 2265026.747103268280625, 2538672.405639494769275 ], [ 2265026.747103268280625, 2538722.370459451340139 ], [ 2265076.711689151357859, 2538722.370459451340139 ], [ 2265076.711689151357859, 2538772.335279407445341 ], [ 2265076.711689151357859, 2538822.299058278091252 ], [ 2265076.711689151357859, 2538872.263878234196454 ], [ 2265076.711689151357859, 2538922.228698190767318 ], [ 2265126.676275034435093, 2538922.228698190767318 ], [ 2265126.676275034435093, 2538972.192477061413229 ], [ 2265126.676275034435093, 2539022.157297017518431 ], [ 2265076.711689151357859, 2539022.157297017518431 ], [ 2265076.711689151357859, 2539072.122116973623633 ], [ 2265076.711689151357859, 2539122.086936929728836 ], [ 2265026.747103268280625, 2539122.086936929728836 ], [ 2265026.747103268280625, 2539172.050715800374746 ], [ 2265076.711689151357859, 2539222.01553575694561 ], [ 2265076.711689151357859, 2539271.980355713050812 ], [ 2265076.711689151357859, 2539321.945175669156015 ], [ 2265076.711689151357859, 2539421.873774496372789 ], [ 2265026.747103268280625, 2539471.838594452477992 ], [ 2265026.747103268280625, 2539521.802373323123902 ], [ 2264976.782517385203391, 2539521.802373323123902 ], [ 2264976.782517385203391, 2539571.767193279229105 ], [ 2264976.782517385203391, 2539621.732013235334307 ], [ 2264976.782517385203391, 2539671.696833191905171 ], [ 2264976.782517385203391, 2539721.660612062551081 ], [ 2264976.782517385203391, 2539771.625432018656284 ], [ 2264976.782517385203391, 2539821.590251974761486 ], [ 2265026.747103268280625, 2539821.590251974761486 ], [ 2265026.747103268280625, 2539871.55507193133235 ], [ 2265076.711689151357859, 2539871.55507193133235 ], [ 2265076.711689151357859, 2539921.51885080197826 ], [ 2265126.676275034435093, 2539921.51885080197826 ], [ 2265176.641901997849345, 2539921.51885080197826 ], [ 2265226.606487880926579, 2539921.51885080197826 ], [ 2265226.606487880926579, 2539971.483670758083463 ], [ 2265276.571073764003813, 2539971.483670758083463 ], [ 2265276.571073764003813, 2540021.448490714188665 ], [ 2265226.606487880926579, 2540021.448490714188665 ], [ 2265226.606487880926579, 2540071.413310670293868 ], [ 2265226.606487880926579, 2540121.377089540939778 ], [ 2265276.571073764003813, 2540171.341909497510642 ], [ 2265376.500245530158281, 2540171.341909497510642 ], [ 2265426.465872494038194, 2540171.341909497510642 ], [ 2265426.465872494038194, 2540221.306729453615844 ], [ 2265476.430458377115428, 2540221.306729453615844 ], [ 2265476.430458377115428, 2540271.270508324261755 ], [ 2265526.395044260192662, 2540271.270508324261755 ], [ 2265526.395044260192662, 2540321.235328280366957 ], [ 2265526.395044260192662, 2540371.200148236937821 ], [ 2265526.395044260192662, 2540421.164968193043023 ], [ 2265576.359630143269897, 2540421.164968193043023 ], [ 2265576.359630143269897, 2540471.128747063688934 ], [ 2265576.359630143269897, 2540521.093567019794136 ], [ 2265526.395044260192662, 2540521.093567019794136 ], [ 2265526.395044260192662, 2540571.058386975899339 ], [ 2265526.395044260192662, 2540621.023206932470202 ], [ 2265476.430458377115428, 2540621.023206932470202 ], [ 2265476.430458377115428, 2540670.986985803116113 ], [ 2265476.430458377115428, 2540720.951805759221315 ], [ 2265526.395044260192662, 2540720.951805759221315 ], [ 2265526.395044260192662, 2540770.916625715326518 ], [ 2265576.359630143269897, 2540820.881445671897382 ], [ 2265626.324216026347131, 2540820.881445671897382 ], [ 2265626.324216026347131, 2540870.845224542543292 ], [ 2265676.289842990227044, 2540870.845224542543292 ], [ 2265726.254428873304278, 2540870.845224542543292 ], [ 2265726.254428873304278, 2540920.810044498648494 ], [ 2265726.254428873304278, 2540970.774864454753697 ], [ 2265776.219014756381512, 2540970.774864454753697 ], [ 2265776.219014756381512, 2541020.738643325399607 ], [ 2265826.183600639458746, 2541020.738643325399607 ], [ 2265826.183600639458746, 2541070.70346328150481 ], [ 2265876.14818652253598, 2541070.70346328150481 ], [ 2265876.14818652253598, 2541120.668283238075674 ], [ 2265926.112772405147552, 2541120.668283238075674 ], [ 2265976.078399369027466, 2541120.668283238075674 ], [ 2265976.078399369027466, 2541170.633103194180876 ], [ 2266026.0429852521047, 2541170.633103194180876 ], [ 2266076.007571135181934, 2541170.633103194180876 ], [ 2266076.007571135181934, 2541120.668283238075674 ], [ 2266125.972157018259168, 2541120.668283238075674 ], [ 2266125.972157018259168, 2541170.633103194180876 ], [ 2266125.972157018259168, 2541220.596882064826787 ], [ 2266175.936742901336402, 2541220.596882064826787 ], [ 2266175.936742901336402, 2541270.561702020931989 ], [ 2266175.936742901336402, 2541320.526521977502853 ], [ 2266225.902369865216315, 2541320.526521977502853 ], [ 2266225.902369865216315, 2541370.491341933608055 ], [ 2266175.936742901336402, 2541370.491341933608055 ], [ 2266175.936742901336402, 2541420.455120804253966 ], [ 2266225.902369865216315, 2541470.419940760359168 ], [ 2266225.902369865216315, 2541520.38476071646437 ], [ 2266225.902369865216315, 2541570.348539587110281 ], [ 2266225.902369865216315, 2541620.313359543681145 ], [ 2266225.902369865216315, 2541670.278179499786347 ], [ 2266175.936742901336402, 2541670.278179499786347 ], [ 2266175.936742901336402, 2541720.24299945589155 ], [ 2266175.936742901336402, 2541770.20677832653746 ], [ 2266175.936742901336402, 2541820.171598283108324 ], [ 2266175.936742901336402, 2541870.136418239213526 ], [ 2266225.902369865216315, 2541870.136418239213526 ], [ 2266225.902369865216315, 2541920.101238195318729 ], [ 2266225.902369865216315, 2541970.065017065964639 ], [ 2266225.902369865216315, 2542020.029837022069842 ], [ 2266275.866955748293549, 2542020.029837022069842 ], [ 2266275.866955748293549, 2542069.994656978640705 ], [ 2266275.866955748293549, 2542119.959476934745908 ], [ 2266275.866955748293549, 2542169.923255805391818 ], [ 2266325.831541631370783, 2542169.923255805391818 ], [ 2266325.831541631370783, 2542219.888075761497021 ], [ 2266375.796127514448017, 2542219.888075761497021 ], [ 2266375.796127514448017, 2542269.852895718067884 ], [ 2266425.760713397525251, 2542269.852895718067884 ], [ 2266425.760713397525251, 2542319.816674588713795 ], [ 2266425.760713397525251, 2542369.781494544818997 ], [ 2266375.796127514448017, 2542369.781494544818997 ], [ 2266375.796127514448017, 2542419.7463145009242 ], [ 2266325.831541631370783, 2542419.7463145009242 ], [ 2266325.831541631370783, 2542469.711134457029402 ], [ 2266275.866955748293549, 2542469.711134457029402 ], [ 2266225.902369865216315, 2542469.711134457029402 ], [ 2266225.902369865216315, 2542519.674913327675313 ], [ 2266175.936742901336402, 2542519.674913327675313 ], [ 2266175.936742901336402, 2542569.639733284246176 ], [ 2266125.972157018259168, 2542569.639733284246176 ], [ 2266125.972157018259168, 2542619.604553240351379 ], [ 2266175.936742901336402, 2542619.604553240351379 ], [ 2266175.936742901336402, 2542669.569373196456581 ], [ 2266225.902369865216315, 2542669.569373196456581 ], [ 2266225.902369865216315, 2542719.533152067102492 ], [ 2266175.936742901336402, 2542769.497972023673356 ], [ 2266175.936742901336402, 2542819.462791979778558 ], [ 2266175.936742901336402, 2542869.42761193588376 ], [ 2266225.902369865216315, 2542869.42761193588376 ], [ 2266225.902369865216315, 2542919.391390806529671 ], [ 2266275.866955748293549, 2542919.391390806529671 ], [ 2266275.866955748293549, 2542969.356210762634873 ], [ 2266275.866955748293549, 2543019.321030719205737 ], [ 2266275.866955748293549, 2543069.284809589851648 ], [ 2266275.866955748293549, 2543119.24962954595685 ], [ 2266275.866955748293549, 2543169.214449502062052 ], [ 2266275.866955748293549, 2543219.179269458632916 ], [ 2266275.866955748293549, 2543269.143048329278827 ], [ 2266275.866955748293549, 2543319.107868285384029 ], [ 2266325.831541631370783, 2543319.107868285384029 ], [ 2266325.831541631370783, 2543369.072688241489232 ], [ 2266325.831541631370783, 2543419.037508197594434 ], [ 2266325.831541631370783, 2543469.001287068706006 ], [ 2266325.831541631370783, 2543518.966107024811208 ], [ 2266325.831541631370783, 2543568.930926980916411 ], [ 2266275.866955748293549, 2543568.930926980916411 ], [ 2266275.866955748293549, 2543618.894705851562321 ], [ 2266275.866955748293549, 2543668.859525807667524 ] ] } },
{ "type": "Feature", "properties": { }, "geometry": { "type": "LineString", "coordinates": [ [ 2266275.866955748293549, 2543668.859525807667524 ], [ 2266225.902369865216315, 2543668.859525807667524 ], [ 2266225.902369865216315, 2543718.824345764238387 ], [ 2266225.902369865216315, 2543768.78916572034359 ], [ 2266175.936742901336402, 2543768.78916572034359 ], [ 2266125.972157018259168, 2543768.78916572034359 ], [ 2266076.007571135181934, 2543768.78916572034359 ], [ 2266076.007571135181934, 2543818.7529445909895 ], [ 2266026.0429852521047, 2543818.7529445909895 ], [ 2266026.0429852521047, 2543868.717764547094703 ], [ 2266026.0429852521047, 2543918.682584503199905 ], [ 2266026.0429852521047, 2543968.647404459770769 ], [ 2265976.078399369027466, 2543968.647404459770769 ], [ 2265926.112772405147552, 2543968.647404459770769 ], [ 2265876.14818652253598, 2543968.647404459770769 ], [ 2265826.183600639458746, 2543968.647404459770769 ], [ 2265726.254428873304278, 2544018.611183330416679 ], [ 2265726.254428873304278, 2544068.576003286521882 ], [ 2265726.254428873304278, 2544118.540823242627084 ], [ 2265776.219014756381512, 2544168.505643199197948 ], [ 2265826.183600639458746, 2544218.469422069843858 ], [ 2265826.183600639458746, 2544268.434242025949061 ], [ 2265826.183600639458746, 2544368.362840852700174 ], [ 2265826.183600639458746, 2544468.29248076537624 ], [ 2265826.183600639458746, 2544518.257300721481442 ], [ 2265876.14818652253598, 2544518.257300721481442 ], [ 2265876.14818652253598, 2544568.221079592127353 ], [ 2265926.112772405147552, 2544568.221079592127353 ], [ 2265926.112772405147552, 2544618.185899548232555 ], [ 2265876.14818652253598, 2544668.150719504803419 ], [ 2265876.14818652253598, 2544718.115539460908622 ], [ 2265926.112772405147552, 2544768.079318331554532 ], [ 2265976.078399369027466, 2544868.008958244230598 ], [ 2265976.078399369027466, 2544917.973778200335801 ], [ 2265976.078399369027466, 2544967.937557070981711 ], [ 2265976.078399369027466, 2545017.902377027086914 ], [ 2265976.078399369027466, 2545067.867196983192116 ], [ 2265976.078399369027466, 2545167.79579581040889 ], [ 2265976.078399369027466, 2545217.760615766514093 ], [ 2266026.0429852521047, 2545267.725435722619295 ], [ 2266076.007571135181934, 2545317.689214593265206 ], [ 2266076.007571135181934, 2545417.618854505941272 ], [ 2266076.007571135181934, 2545467.583674462046474 ], [ 2266125.972157018259168, 2545467.583674462046474 ], [ 2266125.972157018259168, 2545517.547453332692385 ], [ 2266125.972157018259168, 2545567.512273288797587 ], [ 2266125.972157018259168, 2545617.477093245368451 ], [ 2266125.972157018259168, 2545667.440872116014361 ], [ 2266175.936742901336402, 2545717.405692072119564 ], [ 2266175.936742901336402, 2545767.370512028224766 ], [ 2266175.936742901336402, 2545817.33533198479563 ], [ 2266175.936742901336402, 2545867.29911085544154 ], [ 2266175.936742901336402, 2545967.228750767651945 ], [ 2266175.936742901336402, 2546017.193570723757148 ], [ 2266175.936742901336402, 2546067.157349594403058 ], [ 2266225.902369865216315, 2546117.122169550973922 ], [ 2266225.902369865216315, 2546167.086989507079124 ], [ 2266225.902369865216315, 2546217.051809463184327 ], [ 2266275.866955748293549, 2546267.015588333830237 ], [ 2266275.866955748293549, 2546316.980408290401101 ], [ 2266275.866955748293549, 2546366.945228246506304 ], [ 2266325.831541631370783, 2546366.945228246506304 ], [ 2266325.831541631370783, 2546416.909007117152214 ], [ 2266325.831541631370783, 2546466.873827073257416 ], [ 2266375.796127514448017, 2546466.873827073257416 ], [ 2266375.796127514448017, 2546516.838647029362619 ], [ 2266425.760713397525251, 2546516.838647029362619 ], [ 2266425.760713397525251, 2546566.803466985933483 ], [ 2266475.726340360939503, 2546566.803466985933483 ], [ 2266475.726340360939503, 2546616.767245856579393 ], [ 2266475.726340360939503, 2546666.732065812684596 ], [ 2266475.726340360939503, 2546716.696885768789798 ], [ 2266475.726340360939503, 2546766.661705725360662 ], [ 2266475.726340360939503, 2546816.625484596006572 ], [ 2266475.726340360939503, 2546866.590304552111775 ], [ 2266475.726340360939503, 2546916.555124508216977 ], [ 2266425.760713397525251, 2546916.555124508216977 ], [ 2266425.760713397525251, 2546966.51994446432218 ], [ 2266425.760713397525251, 2547016.48372333496809 ], [ 2266425.760713397525251, 2547066.448543291538954 ], [ 2266425.760713397525251, 2547116.413363247644156 ], [ 2266475.726340360939503, 2547116.413363247644156 ], [ 2266475.726340360939503, 2547166.377142118290067 ], [ 2266525.690926244016737, 2547166.377142118290067 ], [ 2266575.655512127093971, 2547216.341962074395269 ], [ 2266575.655512127093971, 2547266.306782030966133 ], [ 2266525.690926244016737, 2547266.306782030966133 ], [ 2266525.690926244016737, 2547316.271601987071335 ], [ 2266575.655512127093971, 2547316.271601987071335 ], [ 2266575.655512127093971, 2547366.235380857717246 ], [ 2266625.620098010171205, 2547366.235380857717246 ], [ 2266675.584683893248439, 2547366.235380857717246 ], [ 2266675.584683893248439, 2547416.200200813822448 ], [ 2266675.584683893248439, 2547466.165020769927651 ], [ 2266675.584683893248439, 2547516.129840726498514 ], [ 2266675.584683893248439, 2547566.093619597144425 ], [ 2266675.584683893248439, 2547616.058439553249627 ], [ 2266675.584683893248439, 2547666.02325950935483 ], [ 2266675.584683893248439, 2547715.98703838000074 ], [ 2266725.549269776325673, 2547715.98703838000074 ], [ 2266725.549269776325673, 2547765.951858336571604 ], [ 2266725.549269776325673, 2547815.916678292676806 ], [ 2266775.514896740205586, 2547815.916678292676806 ], [ 2266825.47948262328282, 2547815.916678292676806 ], [ 2266825.47948262328282, 2547865.881498248782009 ], [ 2266875.444068506360054, 2547915.845277119427919 ], [ 2266875.444068506360054, 2547965.810097075533122 ], [ 2266925.408654389437288, 2547965.810097075533122 ], [ 2266925.408654389437288, 2548015.774917032103986 ], [ 2266925.408654389437288, 2548065.739736988209188 ], [ 2266925.408654389437288, 2548115.703515858855098 ], [ 2266925.408654389437288, 2548165.668335814960301 ], [ 2266925.408654389437288, 2548215.633155771531165 ], [ 2266925.408654389437288, 2548265.597975727636367 ], [ 2266875.444068506360054, 2548315.561754598282278 ], [ 2266875.444068506360054, 2548365.52657455438748 ], [ 2266875.444068506360054, 2548415.491394510492682 ], [ 2266925.408654389437288, 2548465.455173381604254 ], [ 2266925.408654389437288, 2548515.419993337709457 ], [ 2266975.373240272514522, 2548515.419993337709457 ], [ 2266975.373240272514522, 2548565.384813293814659 ], [ 2266975.373240272514522, 2548615.349633249919862 ], [ 2266975.373240272514522, 2548665.313412120565772 ], [ 2266975.373240272514522, 2548715.278232077136636 ], [ 2266975.373240272514522, 2548765.243052033241838 ], [ 2266975.373240272514522, 2548815.207871989347041 ], [ 2266925.408654389437288, 2548815.207871989347041 ], [ 2266925.408654389437288, 2548865.171650859992951 ], [ 2266925.408654389437288, 2548915.136470816563815 ], [ 2266975.373240272514522, 2548965.101290772669017 ], [ 2267025.338867236394435, 2549015.06611072877422 ], [ 2267025.338867236394435, 2549065.02988959942013 ], [ 2267025.338867236394435, 2549164.959529512096196 ], [ 2267025.338867236394435, 2549214.923308382742107 ], [ 2266975.373240272514522, 2549214.923308382742107 ], [ 2266925.408654389437288, 2549214.923308382742107 ], [ 2266875.444068506360054, 2549214.923308382742107 ], [ 2266875.444068506360054, 2549164.959529512096196 ], [ 2266825.47948262328282, 2549164.959529512096196 ], [ 2266775.514896740205586, 2549214.923308382742107 ], [ 2266725.549269776325673, 2549214.923308382742107 ], [ 2266675.584683893248439, 2549264.888128338847309 ], [ 2266675.584683893248439, 2549314.852948294952512 ], [ 2266675.584683893248439, 2549364.817768251523376 ], [ 2266625.620098010171205, 2549364.817768251523376 ], [ 2266575.655512127093971, 2549414.781547122169286 ], [ 2266575.655512127093971, 2549464.746367078274488 ], [ 2266575.655512127093971, 2549514.711187034379691 ], [ 2266575.655512127093971, 2549564.676006990484893 ], [ 2266575.655512127093971, 2549614.639785861130804 ], [ 2266575.655512127093971, 2549664.604605817701668 ], [ 2266575.655512127093971, 2549714.56942577380687 ], [ 2266575.655512127093971, 2549764.53320464445278 ], [ 2266525.690926244016737, 2549764.53320464445278 ], [ 2266475.726340360939503, 2549764.53320464445278 ], [ 2266475.726340360939503, 2549814.498024600557983 ], [ 2266475.726340360939503, 2549864.462844557128847 ], [ 2266475.726340360939503, 2549914.427664513234049 ], [ 2266525.690926244016737, 2550014.356263339985162 ], [ 2266575.655512127093971, 2550114.285903252661228 ], [ 2266625.620098010171205, 2550164.249682123307139 ], [ 2266625.620098010171205, 2550214.214502079412341 ], [ 2266625.620098010171205, 2550314.144141992088407 ], [ 2266625.620098010171205, 2550364.107920862734318 ], [ 2266675.584683893248439, 2550364.107920862734318 ], [ 2266725.549269776325673, 2550414.07274081883952 ], [ 2266775.514896740205586, 2550414.07274081883952 ], [ 2266775.514896740205586, 2550464.037560774944723 ], [ 2266725.549269776325673, 2550464.037560774944723 ], [ 2266725.549269776325673, 2550514.001339645590633 ], [ 2266725.549269776325673, 2550563.966159601695836 ], [ 2266725.549269776325673, 2550613.930979558266699 ], [ 2266725.549269776325673, 2550663.895799514371902 ], [ 2266675.584683893248439, 2550663.895799514371902 ], [ 2266675.584683893248439, 2550713.859578385017812 ], [ 2266675.584683893248439, 2550763.824398341123015 ], [ 2266675.584683893248439, 2550813.789218297693878 ], [ 2266725.549269776325673, 2550863.754038253799081 ], [ 2266725.549269776325673, 2550913.717817124444991 ], [ 2266775.514896740205586, 2551013.647457036655396 ], [ 2266825.47948262328282, 2551063.61227699322626 ], [ 2266825.47948262328282, 2551113.57605586387217 ], [ 2266825.47948262328282, 2551163.540875819977373 ], [ 2266825.47948262328282, 2551213.505695776082575 ], [ 2266825.47948262328282, 2551263.469474646728486 ], [ 2266825.47948262328282, 2551313.43429460329935 ], [ 2266825.47948262328282, 2551363.399114559404552 ], [ 2266775.514896740205586, 2551363.399114559404552 ], [ 2266775.514896740205586, 2551413.363934515509754 ], [ 2266725.549269776325673, 2551463.327713386155665 ], [ 2266725.549269776325673, 2551513.292533342260867 ], [ 2266725.549269776325673, 2551563.257353298831731 ], [ 2266675.584683893248439, 2551563.257353298831731 ], [ 2266625.620098010171205, 2551563.257353298831731 ], [ 2266625.620098010171205, 2551613.222173254936934 ], [ 2266675.584683893248439, 2551613.222173254936934 ], [ 2266675.584683893248439, 2551663.185952125582844 ], [ 2266675.584683893248439, 2551713.150772081688046 ], [ 2266725.549269776325673, 2551713.150772081688046 ], [ 2266725.549269776325673, 2551763.11559203825891 ], [ 2266775.514896740205586, 2551763.11559203825891 ], [ 2266775.514896740205586, 2551813.079370908904821 ], [ 2266775.514896740205586, 2551863.044190865010023 ], [ 2266775.514896740205586, 2551913.009010821115226 ], [ 2266725.549269776325673, 2551913.009010821115226 ], [ 2266775.514896740205586, 2551913.009010821115226 ], [ 2266775.514896740205586, 2551962.973830777220428 ], [ 2266775.514896740205586, 2552012.937609647866338 ], [ 2266775.514896740205586, 2552062.902429604437202 ], [ 2266825.47948262328282, 2552062.902429604437202 ], [ 2266825.47948262328282, 2552112.867249560542405 ], [ 2266875.444068506360054, 2552112.867249560542405 ], [ 2266925.408654389437288, 2552112.867249560542405 ], [ 2266975.373240272514522, 2552112.867249560542405 ], [ 2267025.338867236394435, 2552112.867249560542405 ], [ 2267075.303453119471669, 2552162.832069516647607 ], [ 2267125.268039002548903, 2552212.795848387293518 ], [ 2267125.268039002548903, 2552262.760668343864381 ], [ 2267075.303453119471669, 2552312.725488299969584 ], [ 2267075.303453119471669, 2552362.690308256074786 ], [ 2267025.338867236394435, 2552362.690308256074786 ], [ 2266975.373240272514522, 2552412.654087126720697 ], [ 2267025.338867236394435, 2552462.618907082825899 ], [ 2267075.303453119471669, 2552462.618907082825899 ], [ 2267125.268039002548903, 2552462.618907082825899 ], [ 2267125.268039002548903, 2552512.583727039396763 ], [ 2267175.232624885626137, 2552512.583727039396763 ], [ 2267175.232624885626137, 2552562.547505910042673 ], [ 2267225.197210768703371, 2552562.547505910042673 ], [ 2267275.162837732117623, 2552562.547505910042673 ], [ 2267325.127423615194857, 2552562.547505910042673 ], [ 2267325.127423615194857, 2552612.512325866147876 ], [ 2267375.092009498272091, 2552612.512325866147876 ], [ 2267375.092009498272091, 2552662.477145822253078 ], [ 2267375.092009498272091, 2552712.441965778823942 ], [ 2267375.092009498272091, 2552762.405744649469852 ], [ 2267425.056595381349325, 2552762.405744649469852 ], [ 2267425.056595381349325, 2552812.370564605575055 ], [ 2267475.021181264426559, 2552812.370564605575055 ], [ 2267475.021181264426559, 2552862.335384561680257 ], [ 2267425.056595381349325, 2552862.335384561680257 ], [ 2267375.092009498272091, 2552862.335384561680257 ], [ 2267375.092009498272091, 2552912.30020451778546 ], [ 2267325.127423615194857, 2552912.30020451778546 ], [ 2267275.162837732117623, 2552912.30020451778546 ], [ 2267275.162837732117623, 2552962.26398338843137 ], [ 2267275.162837732117623, 2553012.228803345002234 ], [ 2267225.197210768703371, 2553062.193623301107436 ], [ 2267225.197210768703371, 2553112.158443257212639 ], [ 2267225.197210768703371, 2553162.122222127858549 ], [ 2267175.232624885626137, 2553162.122222127858549 ], [ 2267175.232624885626137, 2553212.087042084429413 ], [ 2267175.232624885626137, 2553262.051862040534616 ], [ 2267125.268039002548903, 2553262.051862040534616 ], [ 2267125.268039002548903, 2553312.015640911180526 ], [ 2267125.268039002548903, 2553361.980460867285728 ], [ 2267125.268039002548903, 2553411.945280823390931 ], [ 2267075.303453119471669, 2553411.945280823390931 ], [ 2267075.303453119471669, 2553461.910100779961795 ], [ 2267075.303453119471669, 2553511.873879650607705 ], [ 2267075.303453119471669, 2553561.838699606712908 ], [ 2267025.338867236394435, 2553611.80351956281811 ], [ 2267025.338867236394435, 2553661.768339519388974 ], [ 2267075.303453119471669, 2553711.732118390034884 ], [ 2267125.268039002548903, 2553761.696938346140087 ], [ 2267125.268039002548903, 2553861.6255371728912 ], [ 2267075.303453119471669, 2553961.555177085567266 ], [ 2267075.303453119471669, 2554061.483775912318379 ], [ 2267075.303453119471669, 2554111.448595868423581 ], [ 2267075.303453119471669, 2554161.413415824994445 ], [ 2267125.268039002548903, 2554161.413415824994445 ], [ 2267175.232624885626137, 2554211.378235781099647 ], [ 2267175.232624885626137, 2554261.342014651745558 ], [ 2267225.197210768703371, 2554261.342014651745558 ], [ 2267275.162837732117623, 2554261.342014651745558 ], [ 2267275.162837732117623, 2554311.30683460785076 ], [ 2267275.162837732117623, 2554361.271654564421624 ], [ 2267225.197210768703371, 2554361.271654564421624 ], [ 2267175.232624885626137, 2554361.271654564421624 ], [ 2267125.268039002548903, 2554361.271654564421624 ], [ 2267125.268039002548903, 2554411.236474520526826 ], [ 2267075.303453119471669, 2554411.236474520526826 ], [ 2267075.303453119471669, 2554461.200253391172737 ], [ 2267025.338867236394435, 2554461.200253391172737 ], [ 2266975.373240272514522, 2554461.200253391172737 ], [ 2266925.408654389437288, 2554461.200253391172737 ], [ 2266925.408654389437288, 2554511.165073347277939 ], [ 2266925.408654389437288, 2554561.129893303383142 ], [ 2266925.408654389437288, 2554611.093672174029052 ], [ 2266975.373240272514522, 2554611.093672174029052 ], [ 2266975.373240272514522, 2554661.058492130599916 ], [ 2266975.373240272514522, 2554711.023312086705118 ], [ 2266975.373240272514522, 2554760.988132042810321 ], [ 2266975.373240272514522, 2554810.951910913456231 ], [ 2266975.373240272514522, 2554860.916730870027095 ], [ 2267025.338867236394435, 2554860.916730870027095 ], [ 2267025.338867236394435, 2554910.881550826132298 ], [ 2267025.338867236394435, 2554960.8463707822375 ], [ 2267025.338867236394435, 2555010.81014965288341 ], [ 2267025.338867236394435, 2555060.774969608988613 ], [ 2267075.303453119471669, 2555060.774969608988613 ], [ 2267075.303453119471669, 2555110.739789565559477 ], [ 2267025.338867236394435, 2555110.739789565559477 ], [ 2267025.338867236394435, 2555160.704609521664679 ], [ 2267025.338867236394435, 2555210.66838839231059 ], [ 2266975.373240272514522, 2555210.66838839231059 ], [ 2266925.408654389437288, 2555210.66838839231059 ], [ 2266875.444068506360054, 2555210.66838839231059 ], [ 2266875.444068506360054, 2555260.633208348415792 ], [ 2266825.47948262328282, 2555260.633208348415792 ], [ 2266825.47948262328282, 2555310.598028304986656 ], [ 2266825.47948262328282, 2555360.561807175632566 ], [ 2266825.47948262328282, 2555410.526627131737769 ], [ 2266875.444068506360054, 2555460.491447087842971 ], [ 2266875.444068506360054, 2555510.456267043948174 ], [ 2266875.444068506360054, 2555560.420045914594084 ], [ 2266925.408654389437288, 2555560.420045914594084 ], [ 2266925.408654389437288, 2555610.384865871164948 ], [ 2266925.408654389437288, 2555660.34968582727015 ], [ 2266925.408654389437288, 2555710.314505783375353 ], [ 2266925.408654389437288, 2555760.278284654021263 ], [ 2266925.408654389437288, 2555810.243104610592127 ], [ 2266975.373240272514522, 2555810.243104610592127 ], [ 2266975.373240272514522, 2555860.207924566697329 ], [ 2267025.338867236394435, 2555860.207924566697329 ], [ 2267025.338867236394435, 2555910.17170343734324 ], [ 2267075.303453119471669, 2555910.17170343734324 ], [ 2267075.303453119471669, 2555960.136523393448442 ], [ 2267125.268039002548903, 2555960.136523393448442 ], [ 2267175.232624885626137, 2555960.136523393448442 ], [ 2267175.232624885626137, 2556010.101343349553645 ], [ 2267175.232624885626137, 2556060.066163306124508 ], [ 2267175.232624885626137, 2556110.029942176770419 ], [ 2267125.268039002548903, 2556110.029942176770419 ], [ 2267125.268039002548903, 2556159.994762132875621 ], [ 2267075.303453119471669, 2556159.994762132875621 ], [ 2267075.303453119471669, 2556209.959582088980824 ], [ 2267025.338867236394435, 2556209.959582088980824 ], [ 2267025.338867236394435, 2556259.924402045551687 ], [ 2267025.338867236394435, 2556309.888180916197598 ], [ 2266975.373240272514522, 2556309.888180916197598 ], [ 2266975.373240272514522, 2556359.8530008723028 ], [ 2266925.408654389437288, 2556359.8530008723028 ], [ 2266925.408654389437288, 2556409.817820828408003 ], [ 2266925.408654389437288, 2556459.782640784513205 ], [ 2266925.408654389437288, 2556509.746419655159116 ], [ 2266875.444068506360054, 2556509.746419655159116 ], [ 2266925.408654389437288, 2556509.746419655159116 ], [ 2266875.444068506360054, 2556509.746419655159116 ], [ 2266875.444068506360054, 2556559.71123961172998 ], [ 2266925.408654389437288, 2556559.71123961172998 ], [ 2266875.444068506360054, 2556609.676059567835182 ], [ 2266875.444068506360054, 2556659.639838438481092 ], [ 2266875.444068506360054, 2556709.604658394586295 ], [ 2266825.47948262328282, 2556709.604658394586295 ], [ 2266825.47948262328282, 2556759.569478351157159 ], [ 2266775.514896740205586, 2556759.569478351157159 ], [ 2266825.47948262328282, 2556759.569478351157159 ], [ 2266775.514896740205586, 2556759.569478351157159 ], [ 2266775.514896740205586, 2556809.534298307262361 ], [ 2266725.549269776325673, 2556809.534298307262361 ], [ 2266725.549269776325673, 2556859.498077177908272 ], [ 2266675.584683893248439, 2556859.498077177908272 ], [ 2266675.584683893248439, 2556909.462897134013474 ], [ 2266675.584683893248439, 2556959.427717090118676 ], [ 2266725.549269776325673, 2556959.427717090118676 ], [ 2266725.549269776325673, 2557009.39253704668954 ], [ 2266775.514896740205586, 2556959.427717090118676 ], [ 2266775.514896740205586, 2557009.39253704668954 ], [ 2266825.47948262328282, 2557009.39253704668954 ], [ 2266825.47948262328282, 2557059.356315917335451 ], [ 2266875.444068506360054, 2557109.321135873440653 ], [ 2266925.408654389437288, 2557109.321135873440653 ], [ 2266975.373240272514522, 2557109.321135873440653 ], [ 2266975.373240272514522, 2557159.285955829545856 ], [ 2267025.338867236394435, 2557159.285955829545856 ], [ 2267025.338867236394435, 2557209.250775786116719 ], [ 2267025.338867236394435, 2557259.21455465676263 ], [ 2267075.303453119471669, 2557259.21455465676263 ], [ 2267075.303453119471669, 2557309.179374612867832 ], [ 2267075.303453119471669, 2557359.144194568973035 ], [ 2267125.268039002548903, 2557359.144194568973035 ], [ 2267125.268039002548903, 2557409.107973439618945 ], [ 2267175.232624885626137, 2557409.107973439618945 ], [ 2267175.232624885626137, 2557459.072793395724148 ], [ 2267175.232624885626137, 2557509.037613352295011 ], [ 2267125.268039002548903, 2557509.037613352295011 ], [ 2267075.303453119471669, 2557559.002433308400214 ], [ 2267075.303453119471669, 2557608.966212179046124 ], [ 2267125.268039002548903, 2557608.966212179046124 ], [ 2267125.268039002548903, 2557658.931032135151327 ], [ 2267175.232624885626137, 2557658.931032135151327 ], [ 2267175.232624885626137, 2557708.89585209172219 ], [ 2267225.197210768703371, 2557708.89585209172219 ], [ 2267275.162837732117623, 2557708.89585209172219 ], [ 2267325.127423615194857, 2557758.860672047827393 ], [ 2267325.127423615194857, 2557808.824450918473303 ], [ 2267375.092009498272091, 2557808.824450918473303 ], [ 2267375.092009498272091, 2557858.789270874578506 ], [ 2267425.056595381349325, 2557858.789270874578506 ], [ 2267375.092009498272091, 2557908.754090830683708 ], [ 2267375.092009498272091, 2557958.717869701329619 ] ] } }
]
}
