{
"type": "FeatureCollection",
"name": "fdp",
"crs": { "type": "name", "properties": { "name": "urn:ogc:def:crs:EPSG::3111" } },
"features": [
{ "type": "Feature", "properties": { }, "geometry": { "type": "LineString", "coordinates": [ [ 2353601.652060094289482, 2620940.262101725675166 ], [ 2353413.916416300460696, 2619438.365318494383246 ], [ 2353413.916416300460696, 2619391.431777477264404 ], [ 2353132.313439573161304, 2617091.653061613440514 ], [ 2353132.313439573161304, 2617044.718542650807649 ], [ 2352522.173819651361555, 2617044.718542650807649 ], [ 2352475.240153184626251, 2617044.718542650807649 ], [ 2352475.240153184626251, 2616997.784023688640445 ], [ 2352522.173819651361555, 2614040.925954133737832 ], [ 2352569.107486118096858, 2614040.925954133737832 ], [ 2352569.107486118096858, 2613993.991435171570629 ], [ 2352569.107486118096858, 2613289.977562518324703 ], [ 2352616.041152584832162, 2611365.673042462207377 ], [ 2352616.041152584832162, 2611271.804982482921332 ], [ 2352616.041152584832162, 2611224.870463520754129 ], [ 2352616.041152584832162, 2610614.72562879184261 ], [ 2352616.041152584832162, 2610567.791109829675406 ], [ 2352803.776796378660947, 2610567.791109829675406 ], [ 2352850.71046284539625, 2610567.791109829675406 ], [ 2352944.577795778866857, 2610567.791109829675406 ], [ 2353273.115416900254786, 2610567.791109829675406 ], [ 2353460.850082767196, 2610567.791109829675406 ], [ 2353695.519393027760088, 2610614.72562879184261 ], [ 2353695.519393027760088, 2609206.697883484885097 ], [ 2353695.519393027760088, 2608972.026266619097441 ], [ 2353695.519393027760088, 2608925.091747656464577 ], [ 2353836.321370355319232, 2608925.091747656464577 ], [ 2353836.321370355319232, 2608549.617551848758012 ], [ 2353836.321370355319232, 2608502.684010831639171 ], [ 2353836.321370355319232, 2608221.077875003218651 ], [ 2353883.255036822054535, 2608174.144333986099809 ], [ 2354493.395634670741856, 2608174.144333986099809 ], [ 2355338.204564853105694, 2608174.144333986099809 ], [ 2355385.138231319840997, 2608127.209815023932606 ], [ 2355385.138231319840997, 2608080.275296061765403 ], [ 2355432.071897786576301, 2608080.275296061765403 ], [ 2355479.005564253311604, 2608080.275296061765403 ], [ 2355479.005564253311604, 2608033.340777099598199 ], [ 2355525.940208647400141, 2608033.340777099598199 ], [ 2355525.940208647400141, 2608080.275296061765403 ], [ 2355525.940208647400141, 2608127.209815023932606 ], [ 2355572.873875113669783, 2608127.209815023932606 ], [ 2355572.873875113669783, 2608174.144333986099809 ], [ 2355619.807541580405086, 2608174.144333986099809 ], [ 2355619.807541580405086, 2608127.209815023932606 ], [ 2355666.74120804714039, 2608127.209815023932606 ], [ 2355666.74120804714039, 2608174.144333986099809 ], [ 2355713.674874513875693, 2608174.144333986099809 ], [ 2355713.674874513875693, 2608221.077875003218651 ], [ 2355760.60951890796423, 2608221.077875003218651 ], [ 2355807.543185374699533, 2608221.077875003218651 ], [ 2355854.476851841434836, 2608221.077875003218651 ], [ 2355854.476851841434836, 2608174.144333986099809 ], [ 2355807.543185374699533, 2608174.144333986099809 ], [ 2355854.476851841434836, 2608174.144333986099809 ], [ 2355854.476851841434836, 2608127.209815023932606 ], [ 2355901.41051830817014, 2608127.209815023932606 ], [ 2355901.41051830817014, 2608174.144333986099809 ], [ 2355948.344184774439782, 2608174.144333986099809 ], [ 2355948.344184774439782, 2608127.209815023932606 ], [ 2355948.344184774439782, 2608080.275296061765403 ], [ 2355948.344184774439782, 2608033.340777099598199 ], [ 2355995.278829168528318, 2608080.275296061765403 ], [ 2355995.278829168528318, 2608033.340777099598199 ], [ 2355995.278829168528318, 2607986.407236082479358 ], [ 2356042.212495635263622, 2607986.407236082479358 ], [ 2356042.212495635263622, 2607939.472717119846493 ], [ 2356042.212495635263622, 2607892.53819815767929 ], [ 2356042.212495635263622, 2607845.604657140560448 ], [ 2356089.146162101998925, 2607845.604657140560448 ], [ 2356089.146162101998925, 2607892.53819815767929 ], [ 2356136.079828568734229, 2607892.53819815767929 ], [ 2356183.013495035469532, 2607892.53819815767929 ], [ 2356229.947161502204835, 2607892.53819815767929 ], [ 2356229.947161502204835, 2607845.604657140560448 ], [ 2356229.947161502204835, 2607798.670138178393245 ], [ 2356276.881805896293372, 2607798.670138178393245 ], [ 2356276.881805896293372, 2607751.735619216226041 ], [ 2356276.881805896293372, 2607704.801100254058838 ], [ 2356323.815472362563014, 2607704.801100254058838 ], [ 2356323.815472362563014, 2607751.735619216226041 ], [ 2356323.815472362563014, 2607798.670138178393245 ], [ 2356370.749138829298317, 2607798.670138178393245 ], [ 2356370.749138829298317, 2607751.735619216226041 ], [ 2356417.682805296033621, 2607751.735619216226041 ], [ 2356417.682805296033621, 2607798.670138178393245 ], [ 2356464.616471762768924, 2607798.670138178393245 ], [ 2356464.616471762768924, 2607845.604657140560448 ], [ 2356464.616471762768924, 2607892.53819815767929 ], [ 2356464.616471762768924, 2607939.472717119846493 ], [ 2356511.551116156857461, 2607939.472717119846493 ], [ 2356511.551116156857461, 2607986.407236082479358 ], [ 2356464.616471762768924, 2607986.407236082479358 ], [ 2356464.616471762768924, 2608033.340777099598199 ], [ 2356464.616471762768924, 2608080.275296061765403 ], [ 2356417.682805296033621, 2608080.275296061765403 ], [ 2356417.682805296033621, 2608127.209815023932606 ], [ 2356370.749138829298317, 2608127.209815023932606 ], [ 2356370.749138829298317, 2608174.144333986099809 ], [ 2356417.682805296033621, 2608174.144333986099809 ], [ 2356464.616471762768924, 2608221.077875003218651 ], [ 2356511.551116156857461, 2608221.077875003218651 ], [ 2356558.484782623592764, 2608221.077875003218651 ], [ 2356605.418449090328068, 2608221.077875003218651 ], [ 2356605.418449090328068, 2608268.012393965385854 ], [ 2356558.484782623592764, 2608268.012393965385854 ], [ 2356558.484782623592764, 2608314.946912928018719 ], [ 2356511.551116156857461, 2608314.946912928018719 ], [ 2356511.551116156857461, 2608361.881431890185922 ], [ 2356511.551116156857461, 2608408.814972907304764 ], [ 2356464.616471762768924, 2608408.814972907304764 ], [ 2356464.616471762768924, 2608361.881431890185922 ], [ 2356417.682805296033621, 2608361.881431890185922 ], [ 2356417.682805296033621, 2608408.814972907304764 ], [ 2356417.682805296033621, 2608455.749491869471967 ], [ 2356464.616471762768924, 2608455.749491869471967 ], [ 2356464.616471762768924, 2608408.814972907304764 ], [ 2356511.551116156857461, 2608408.814972907304764 ], [ 2356511.551116156857461, 2608455.749491869471967 ], [ 2356511.551116156857461, 2608502.684010831639171 ], [ 2356558.484782623592764, 2608502.684010831639171 ], [ 2356605.418449090328068, 2608502.684010831639171 ], [ 2356652.352115557063371, 2608502.684010831639171 ], [ 2356652.352115557063371, 2608455.749491869471967 ], [ 2356699.285782023798674, 2608455.749491869471967 ], [ 2356699.285782023798674, 2608502.684010831639171 ], [ 2356746.22042641742155, 2608502.684010831639171 ], [ 2356746.22042641742155, 2608455.749491869471967 ], [ 2356793.154092884156853, 2608455.749491869471967 ], [ 2356840.087759350892156, 2608455.749491869471967 ], [ 2356887.02142581762746, 2608455.749491869471967 ], [ 2356887.02142581762746, 2608502.684010831639171 ], [ 2356840.087759350892156, 2608502.684010831639171 ], [ 2356887.02142581762746, 2608502.684010831639171 ], [ 2356933.955092284362763, 2608455.749491869471967 ], [ 2356933.955092284362763, 2608502.684010831639171 ], [ 2356933.955092284362763, 2608549.617551848758012 ], [ 2356887.02142581762746, 2608549.617551848758012 ], [ 2356840.087759350892156, 2608596.552070810925215 ], [ 2356840.087759350892156, 2608643.48658977355808 ], [ 2356887.02142581762746, 2608643.48658977355808 ], [ 2356887.02142581762746, 2608690.421108735725284 ], [ 2356933.955092284362763, 2608690.421108735725284 ], [ 2356933.955092284362763, 2608737.354649752844125 ], [ 2356933.955092284362763, 2608690.421108735725284 ], [ 2356980.888758751098067, 2608690.421108735725284 ], [ 2357027.823403145186603, 2608690.421108735725284 ], [ 2357074.757069611921906, 2608690.421108735725284 ], [ 2357074.757069611921906, 2608737.354649752844125 ], [ 2357027.823403145186603, 2608737.354649752844125 ], [ 2357027.823403145186603, 2608784.289168715011328 ], [ 2357027.823403145186603, 2608831.223687677178532 ], [ 2357074.757069611921906, 2608831.223687677178532 ], [ 2357074.757069611921906, 2608784.289168715011328 ], [ 2357121.690736078191549, 2608784.289168715011328 ], [ 2357121.690736078191549, 2608831.223687677178532 ], [ 2357074.757069611921906, 2608831.223687677178532 ], [ 2357074.757069611921906, 2608878.158206639345735 ], [ 2357121.690736078191549, 2608878.158206639345735 ], [ 2357121.690736078191549, 2608925.091747656464577 ], [ 2357168.624402544926852, 2608925.091747656464577 ], [ 2357168.624402544926852, 2608878.158206639345735 ], [ 2357215.558069011662155, 2608878.158206639345735 ], [ 2357215.558069011662155, 2608925.091747656464577 ], [ 2357262.492713405750692, 2608925.091747656464577 ], [ 2357262.492713405750692, 2608878.158206639345735 ], [ 2357309.426379872485995, 2608878.158206639345735 ], [ 2357309.426379872485995, 2608925.091747656464577 ], [ 2357309.426379872485995, 2608972.026266619097441 ], [ 2357262.492713405750692, 2608972.026266619097441 ], [ 2357309.426379872485995, 2608972.026266619097441 ], [ 2357309.426379872485995, 2609018.960785581264645 ], [ 2357309.426379872485995, 2609065.895304543431848 ], [ 2357356.360046339221299, 2609065.895304543431848 ], [ 2357356.360046339221299, 2609112.82884556055069 ], [ 2357309.426379872485995, 2609112.82884556055069 ], [ 2357356.360046339221299, 2609112.82884556055069 ], [ 2357356.360046339221299, 2609159.763364522717893 ], [ 2357356.360046339221299, 2609206.697883484885097 ], [ 2357403.293712805956602, 2609206.697883484885097 ], [ 2357356.360046339221299, 2609206.697883484885097 ], [ 2357356.360046339221299, 2609253.631424502003938 ], [ 2357403.293712805956602, 2609253.631424502003938 ], [ 2357403.293712805956602, 2609300.565943464636803 ], [ 2357403.293712805956602, 2609347.500462426804006 ], [ 2357356.360046339221299, 2609347.500462426804006 ], [ 2357356.360046339221299, 2609394.43498138897121 ], [ 2357403.293712805956602, 2609394.43498138897121 ], [ 2357450.227379272691905, 2609394.43498138897121 ], [ 2357450.227379272691905, 2609441.368522406090051 ], [ 2357497.162023666314781, 2609441.368522406090051 ], [ 2357497.162023666314781, 2609488.303041368257254 ], [ 2357497.162023666314781, 2609441.368522406090051 ], [ 2357544.095690133050084, 2609441.368522406090051 ], [ 2357544.095690133050084, 2609488.303041368257254 ], [ 2357544.095690133050084, 2609535.237560330424458 ], [ 2357591.029356599785388, 2609535.237560330424458 ], [ 2357591.029356599785388, 2609582.172079293057323 ], [ 2357591.029356599785388, 2609629.105620310176164 ], [ 2357637.963023066520691, 2609629.105620310176164 ], [ 2357637.963023066520691, 2609676.040139272343367 ], [ 2357684.896689533255994, 2609676.040139272343367 ], [ 2357684.896689533255994, 2609722.974658234510571 ], [ 2357731.830356, 2609722.974658234510571 ], [ 2357778.765000394079834, 2609722.974658234510571 ], [ 2357778.765000394079834, 2609769.909177196677774 ], [ 2357731.830356, 2609769.909177196677774 ], [ 2357731.830356, 2609816.842718213796616 ], [ 2357778.765000394079834, 2609816.842718213796616 ], [ 2357825.698666860815138, 2609816.842718213796616 ], [ 2357872.632333327550441, 2609769.909177196677774 ], [ 2357872.632333327550441, 2609816.842718213796616 ], [ 2357872.632333327550441, 2609863.777237175963819 ], [ 2357919.565999793820083, 2609863.777237175963819 ], [ 2357966.499666260555387, 2609863.777237175963819 ], [ 2357966.499666260555387, 2609910.711756138596684 ], [ 2357966.499666260555387, 2609957.645297155715525 ], [ 2357919.565999793820083, 2609957.645297155715525 ], [ 2357872.632333327550441, 2609957.645297155715525 ], [ 2357872.632333327550441, 2610004.579816117882729 ], [ 2357872.632333327550441, 2610051.514335080049932 ], [ 2357872.632333327550441, 2610098.448854042217135 ], [ 2357919.565999793820083, 2610098.448854042217135 ], [ 2357966.499666260555387, 2610098.448854042217135 ], [ 2358013.434310654643923, 2610098.448854042217135 ], [ 2358013.434310654643923, 2610145.382395059335977 ], [ 2358060.367977121379226, 2610192.31691402150318 ], [ 2358013.434310654643923, 2610192.31691402150318 ], [ 2358013.434310654643923, 2610239.251432984136045 ], [ 2358060.367977121379226, 2610239.251432984136045 ], [ 2358060.367977121379226, 2610286.185951946303248 ], [ 2358060.367977121379226, 2610333.11949296342209 ], [ 2358107.30164358811453, 2610333.11949296342209 ], [ 2358060.367977121379226, 2610380.054011925589293 ], [ 2358107.30164358811453, 2610380.054011925589293 ], [ 2358154.235310054849833, 2610380.054011925589293 ], [ 2358154.235310054849833, 2610426.988530887756497 ], [ 2358201.168976521585137, 2610426.988530887756497 ], [ 2358201.168976521585137, 2610473.922071904875338 ], [ 2358154.235310054849833, 2610473.922071904875338 ], [ 2358201.168976521585137, 2610473.922071904875338 ], [ 2358201.168976521585137, 2610520.856590867042542 ], [ 2358201.168976521585137, 2610473.922071904875338 ], [ 2358248.10264298832044, 2610520.856590867042542 ], [ 2358248.10264298832044, 2610567.791109829675406 ], [ 2358295.037287381943315, 2610567.791109829675406 ], [ 2358295.037287381943315, 2610614.72562879184261 ], [ 2358248.10264298832044, 2610614.72562879184261 ], [ 2358201.168976521585137, 2610614.72562879184261 ], [ 2358201.168976521585137, 2610661.659169808961451 ], [ 2358248.10264298832044, 2610661.659169808961451 ], [ 2358248.10264298832044, 2610708.593688771128654 ], [ 2358201.168976521585137, 2610708.593688771128654 ], [ 2358201.168976521585137, 2610755.528207733295858 ], [ 2358248.10264298832044, 2610755.528207733295858 ], [ 2358201.168976521585137, 2610755.528207733295858 ], [ 2358201.168976521585137, 2610802.462726695463061 ], [ 2358248.10264298832044, 2610802.462726695463061 ], [ 2358295.037287381943315, 2610755.528207733295858 ], [ 2358295.037287381943315, 2610802.462726695463061 ], [ 2358341.970953848678619, 2610802.462726695463061 ], [ 2358341.970953848678619, 2610849.396267712581903 ], [ 2358341.970953848678619, 2610896.330786675214767 ], [ 2358341.970953848678619, 2610943.265305637381971 ], [ 2358388.904620315413922, 2610943.265305637381971 ], [ 2358388.904620315413922, 2610990.199824599549174 ], [ 2358435.838286782149225, 2610990.199824599549174 ], [ 2358435.838286782149225, 2611037.133365616668016 ], [ 2358482.771953248884529, 2611084.067884578835219 ], [ 2358529.706597642973065, 2611084.067884578835219 ], [ 2358529.706597642973065, 2611037.133365616668016 ], [ 2358576.640264109708369, 2611037.133365616668016 ], [ 2358576.640264109708369, 2611084.067884578835219 ], [ 2358623.573930576443672, 2611084.067884578835219 ], [ 2358623.573930576443672, 2611037.133365616668016 ], [ 2358670.507597043178976, 2611037.133365616668016 ], [ 2358670.507597043178976, 2611084.067884578835219 ], [ 2358670.507597043178976, 2611131.002403541002423 ], [ 2358670.507597043178976, 2611177.935944558121264 ], [ 2358670.507597043178976, 2611224.870463520754129 ], [ 2358623.573930576443672, 2611224.870463520754129 ], [ 2358670.507597043178976, 2611224.870463520754129 ], [ 2358670.507597043178976, 2611271.804982482921332 ], [ 2358717.441263509448618, 2611271.804982482921332 ], [ 2358717.441263509448618, 2611318.739501445088536 ], [ 2358670.507597043178976, 2611318.739501445088536 ], [ 2358670.507597043178976, 2611365.673042462207377 ], [ 2358670.507597043178976, 2611412.60756142437458 ], [ 2358623.573930576443672, 2611412.60756142437458 ], [ 2358670.507597043178976, 2611459.542080386541784 ], [ 2358623.573930576443672, 2611459.542080386541784 ], [ 2358623.573930576443672, 2611506.476599348708987 ], [ 2358623.573930576443672, 2611553.41014036629349 ], [ 2358623.573930576443672, 2611600.344659328460693 ], [ 2358623.573930576443672, 2611647.279178290627897 ], [ 2358623.573930576443672, 2611694.2136972527951 ], [ 2358670.507597043178976, 2611694.2136972527951 ], [ 2358670.507597043178976, 2611647.279178290627897 ], [ 2358670.507597043178976, 2611694.2136972527951 ], [ 2358717.441263509448618, 2611647.279178290627897 ], [ 2358717.441263509448618, 2611694.2136972527951 ], [ 2358858.243240837007761, 2611694.2136972527951 ], [ 2360219.324458007700741, 2611694.2136972527951 ], [ 2360876.398722323123366, 2611694.2136972527951 ], [ 2361955.876962766051292, 2611741.147238269913942 ], [ 2362049.745273626875132, 2611741.147238269913942 ], [ 2362566.017560615204275, 2611741.147238269913942 ], [ 2362612.951227081473917, 2611741.147238269913942 ], [ 2362659.88489354820922, 2611741.147238269913942 ], [ 2362706.818560014944524, 2611741.147238269913942 ], [ 2362988.421536742709577, 2611741.147238269913942 ], [ 2363035.356181136332452, 2611741.147238269913942 ], [ 2363082.289847603067756, 2611694.2136972527951 ], [ 2363129.223514069803059, 2611647.279178290627897 ], [ 2363129.223514069803059, 2611553.41014036629349 ], [ 2363129.223514069803059, 2611506.476599348708987 ], [ 2363129.223514069803059, 2611459.542080386541784 ], [ 2363082.289847603067756, 2611412.60756142437458 ], [ 2363129.223514069803059, 2611365.673042462207377 ], [ 2363129.223514069803059, 2611318.739501445088536 ], [ 2363129.223514069803059, 2611271.804982482921332 ], [ 2363129.223514069803059, 2611224.870463520754129 ], [ 2363129.223514069803059, 2611177.935944558121264 ], [ 2363129.223514069803059, 2611131.002403541002423 ], [ 2363129.223514069803059, 2611084.067884578835219 ], [ 2363129.223514069803059, 2610990.199824599549174 ], [ 2363129.223514069803059, 2610896.330786675214767 ], [ 2363129.223514069803059, 2610849.396267712581903 ], [ 2363176.157180536538363, 2610473.922071904875338 ], [ 2363176.157180536538363, 2610426.988530887756497 ], [ 2363129.223514069803059, 2610380.054011925589293 ], [ 2363129.223514069803059, 2610286.185951946303248 ], [ 2363129.223514069803059, 2610239.251432984136045 ], [ 2363129.223514069803059, 2610145.382395059335977 ], [ 2363129.223514069803059, 2610004.579816117882729 ], [ 2363129.223514069803059, 2609863.777237175963819 ], [ 2363129.223514069803059, 2609816.842718213796616 ], [ 2363176.157180536538363, 2609816.842718213796616 ], [ 2363176.157180536538363, 2609769.909177196677774 ], [ 2363176.157180536538363, 2609722.974658234510571 ], [ 2363129.223514069803059, 2609722.974658234510571 ], [ 2363129.223514069803059, 2609676.040139272343367 ], [ 2363129.223514069803059, 2609488.303041368257254 ], [ 2363129.223514069803059, 2609206.697883484885097 ], [ 2363129.223514069803059, 2609018.960785581264645 ], [ 2363176.157180536538363, 2608925.091747656464577 ], [ 2363129.223514069803059, 2608878.158206639345735 ], [ 2363176.157180536538363, 2608831.223687677178532 ], [ 2363176.157180536538363, 2608784.289168715011328 ], [ 2363176.157180536538363, 2608690.421108735725284 ], [ 2363176.157180536538363, 2608596.552070810925215 ], [ 2363176.157180536538363, 2608549.617551848758012 ], [ 2363129.223514069803059, 2608455.749491869471967 ], [ 2363176.157180536538363, 2608314.946912928018719 ], [ 2363176.157180536538363, 2608268.012393965385854 ], [ 2363176.157180536538363, 2608221.077875003218651 ], [ 2363176.157180536538363, 2608174.144333986099809 ], [ 2363223.090847003273666, 2608127.209815023932606 ], [ 2363223.090847003273666, 2607563.998521312139928 ], [ 2363223.090847003273666, 2607329.326904445886612 ], [ 2363223.090847003273666, 2606062.102716026362032 ], [ 2363223.090847003273666, 2606015.168197063729167 ], [ 2363223.090847003273666, 2605968.233678101561964 ], [ 2363270.024513470008969, 2604935.680128602776676 ], [ 2363270.024513470008969, 2603386.849804354365915 ], [ 2363270.024513470008969, 2603246.047225412912667 ], [ 2363270.024513470008969, 2603011.37560854665935 ], [ 2363270.024513470008969, 2602964.441089584492147 ], [ 2363316.959157864097506, 2601556.413344278000295 ], [ 2363270.024513470008969, 2601509.479803260881454 ], [ 2363270.024513470008969, 2601462.545284298248589 ], [ 2363270.024513470008969, 2601415.610765336081386 ], [ 2363270.024513470008969, 2601368.677224318962544 ], [ 2362425.215583287645131, 2601368.677224318962544 ], [ 2361721.207652505487204, 2601368.677224318962544 ], [ 2361064.134366116952151, 2601321.742705356795341 ], [ 2361017.200699650682509, 2601321.742705356795341 ], [ 2360266.259102401323617, 2601321.742705356795341 ], [ 2360219.324458007700741, 2601321.742705356795341 ], [ 2359186.779884031042457, 2601274.808186394628137 ], [ 2359139.846217564307153, 2601274.808186394628137 ], [ 2357637.963023066520691, 2601274.808186394628137 ], [ 2356089.146162101998925, 2601227.873667432460934 ], [ 2356042.212495635263622, 2601227.873667432460934 ], [ 2355854.476851841434836, 2601227.873667432460934 ], [ 2354868.865944331511855, 2601321.742705356795341 ], [ 2354868.865944331511855, 2601368.677224318962544 ], [ 2354774.998611398041248, 2601368.677224318962544 ], [ 2354728.063967004418373, 2601321.742705356795341 ], [ 2354681.13030053768307, 2601274.808186394628137 ], [ 2354493.395634670741856, 2601227.873667432460934 ], [ 2354352.593657343648374, 2601227.873667432460934 ], [ 2354164.858013549353927, 2601180.940126415342093 ], [ 2354024.057014149148017, 2601227.873667432460934 ], [ 2353883.255036822054535, 2601227.873667432460934 ], [ 2353836.321370355319232, 2601227.873667432460934 ], [ 2353648.585726561024785, 2601274.808186394628137 ], [ 2353601.652060094289482, 2601274.808186394628137 ], [ 2352005.901532663032413, 2601462.545284298248589 ], [ 2351771.232222402468324, 2601462.545284298248589 ], [ 2350785.621314893011004, 2601462.545284298248589 ], [ 2350738.6876484262757, 2601462.545284298248589 ], [ 2349800.010407383088022, 2601462.545284298248589 ], [ 2349800.010407383088022, 2601321.742705356795341 ], [ 2349753.076740916352719, 2601274.808186394628137 ], [ 2349565.341097122523934, 2601134.005607452709228 ], [ 2349377.605453328229487, 2601134.005607452709228 ], [ 2348767.465833406895399, 2601134.005607452709228 ], [ 2348532.796523145865649, 2601134.005607452709228 ], [ 2348204.259879951830953, 2601087.071088490542024 ], [ 2347641.052948569878936, 2601087.071088490542024 ], [ 2347359.449971842113882, 2601087.071088490542024 ], [ 2347312.516305375378579, 2601087.071088490542024 ], [ 2345575.963800617028028, 2601087.071088490542024 ], [ 2345529.030134150292724, 2601087.071088490542024 ], [ 2345482.096467683557421, 2601087.071088490542024 ], [ 2344918.889536301605403, 2601087.071088490542024 ], [ 2344778.088536901399493, 2601040.136569528374821 ], [ 2343370.072675337083638, 2601040.136569528374821 ], [ 2342666.064744554460049, 2601040.136569528374821 ], [ 2341727.388481439091265, 2601040.136569528374821 ], [ 2341445.785504711326212, 2600993.20302851125598 ], [ 2341445.785504711326212, 2601368.677224318962544 ], [ 2340741.777573929168284, 2601368.677224318962544 ], [ 2340600.975596602074802, 2601368.677224318962544 ], [ 2340413.240930735133588, 2601368.677224318962544 ], [ 2340319.372619874309748, 2601368.677224318962544 ], [ 2340178.571620474569499, 2601368.677224318962544 ], [ 2340178.571620474569499, 2601744.150442181620747 ], [ 2340178.571620474569499, 2601884.953999068588018 ], [ 2340178.571620474569499, 2602166.559156951960176 ], [ 2340131.636976080480963, 2602166.559156951960176 ], [ 2339990.835976680275053, 2602166.559156951960176 ], [ 2338582.820115115959197, 2602166.559156951960176 ], [ 2336799.333943890407681, 2602119.624637989327312 ], [ 2336752.400277423672378, 2602119.624637989327312 ], [ 2335203.583416459150612, 2602119.624637989327312 ], [ 2333748.633888428099453, 2602072.69109697220847 ], [ 2333607.83191110054031, 2602166.559156951960176 ], [ 2333607.83191110054031, 2602307.361735893413424 ], [ 2333560.898244634270668, 2602307.361735893413424 ], [ 2332763.022980918642133, 2602401.230773817747831 ], [ 2332199.817027463577688, 2602448.164314834866673 ], [ 2331918.214050736278296, 2602495.098833797499537 ], [ 2331495.80909668141976, 2602495.098833797499537 ], [ 2331355.007119353860617, 2602542.033352759666741 ], [ 2331308.073452887125313, 2602588.967871721833944 ], [ 2331120.338787020649761, 2602635.901412738952786 ], [ 2330744.867499432526529, 2602682.835931701119989 ], [ 2329524.587281662039459, 2602776.703991680406034 ], [ 2329430.719948728568852, 2602823.638510643038899 ], [ 2329336.851637867745012, 2602870.573029605206102 ], [ 2329196.050638468004763, 2603058.310127508826554 ], [ 2329196.050638468004763, 2603105.244646471459419 ], [ 2329055.24866114044562, 2603199.112706450745463 ], [ 2329055.24866114044562, 2603292.98174437507987 ], [ 2328773.645684413146228, 2603292.98174437507987 ], [ 2328069.6377536309883, 2603386.849804354365915 ], [ 2327365.630800775717944, 2603433.78432331699878 ], [ 2326990.159513187594712, 2603480.717864334117621 ], [ 2326661.622869993560016, 2603762.324000162538141 ], [ 2325488.276318689808249, 2603903.126579103991389 ], [ 2325253.607008429244161, 2604043.929158045444638 ], [ 2325112.80600902903825, 2604513.27239177795127 ], [ 2325206.673341962508857, 2605545.825941276736557 ], [ 2325300.540674895979464, 2606343.707873909268528 ], [ 2324784.268387907650322, 2607329.326904445886612 ], [ 2324784.268387907650322, 2607376.261423408519477 ], [ 2324737.334721440915018, 2607470.130461332853884 ], [ 2324737.334721440915018, 2607610.933040274307132 ], [ 2324784.268387907650322, 2607610.933040274307132 ], [ 2324831.202054374385625, 2608361.881431890185922 ], [ 2324925.070365235209465, 2609065.895304543431848 ], [ 2324925.070365235209465, 2609159.763364522717893 ], [ 2324643.467388507444412, 2609206.697883484885097 ], [ 2323329.319837803952396, 2609347.500462426804006 ], [ 2323282.385193409863859, 2609347.500462426804006 ], [ 2323235.451526943128556, 2609347.500462426804006 ], [ 2321921.303976239170879, 2609535.237560330424458 ], [ 2321545.832688651047647, 2609488.303041368257254 ], [ 2321451.96535571757704, 2609535.237560330424458 ], [ 2321358.098022784572095, 2609535.237560330424458 ], [ 2319809.280183892697096, 2609722.974658234510571 ], [ 2319668.479184492491186, 2609722.974658234510571 ], [ 2319621.545518025755882, 2609722.974658234510571 ], [ 2319339.94254129845649, 2609769.909177196677774 ], [ 2319011.404920177068561, 2609769.909177196677774 ], [ 2318401.265300255268812, 2609863.777237175963819 ], [ 2318025.79401266714558, 2609863.777237175963819 ], [ 2317697.257369473110884, 2609910.711756138596684 ], [ 2317462.588059212546796, 2609957.645297155715525 ], [ 2317415.654392745811492, 2609957.645297155715525 ], [ 2316664.712795496918261, 2610051.514335080049932 ], [ 2315679.10188798699528, 2610145.382395059335977 ], [ 2315068.962268065661192, 2610239.251432984136045 ], [ 2314364.954337283037603, 2610426.988530887756497 ], [ 2313989.483049694914371, 2610520.856590867042542 ], [ 2314177.218693489208817, 2611975.818855136167258 ], [ 2313238.54145244602114, 2612069.686915115453303 ], [ 2313191.607785979285836, 2612069.686915115453303 ], [ 2313050.806786579545587, 2612116.621434077620506 ], [ 2312628.401832524687052, 2611975.818855136167258 ], [ 2312581.468166057951748, 2611975.818855136167258 ], [ 2312393.732522263657302, 2611928.884336174000055 ], [ 2312393.732522263657302, 2612210.490472002420574 ], [ 2312440.666188730392605, 2612492.095629885327071 ], [ 2312440.666188730392605, 2612539.030148847959936 ], [ 2312393.732522263657302, 2612585.963689865078777 ], [ 2312065.195879069622606, 2612632.898208827245981 ], [ 2310328.643374311272055, 2612820.635306730866432 ], [ 2310140.907730516977608, 2612867.569825693499297 ], [ 2310093.974064050242305, 2612867.569825693499297 ], [ 2310047.040397583507001, 2612539.030148847959936 ], [ 2309953.172086723148823, 2611741.147238269913942 ], [ 2309953.172086723148823, 2611177.935944558121264 ], [ 2309953.172086723148823, 2610943.265305637381971 ], [ 2308685.958202485926449, 2611084.067884578835219 ], [ 2307981.950271703768522, 2611131.002403541002423 ], [ 2307371.810651781968772, 2611224.870463520754129 ], [ 2307231.00867445487529, 2611224.870463520754129 ], [ 2306714.736387466546148, 2611271.804982482921332 ], [ 2305682.191813490353525, 2611459.542080386541784 ], [ 2305494.457147623412311, 2611506.476599348708987 ], [ 2305447.522503229323775, 2611506.476599348708987 ], [ 2305165.919526502024382, 2611553.41014036629349 ], [ 2304884.31654977472499, 2611553.41014036629349 ], [ 2304743.51555037451908, 2611600.344659328460693 ], [ 2304696.580905980430543, 2611600.344659328460693 ], [ 2304602.713573046959937, 2611553.41014036629349 ], [ 2304508.846240113954991, 2611553.41014036629349 ], [ 2304321.110596319660544, 2611600.344659328460693 ], [ 2304180.308618992101401, 2611600.344659328460693 ], [ 2304086.441286059096456, 2611647.279178290627897 ], [ 2303945.639308731537312, 2611694.2136972527951 ], [ 2303804.838309331331402, 2611788.081757232081145 ], [ 2303710.969998470973223, 2611788.081757232081145 ], [ 2303664.03633200423792, 2611788.081757232081145 ], [ 2303382.433355276472867, 2611835.016276194248348 ], [ 2303241.632355876732618, 2611835.016276194248348 ], [ 2301692.814516984857619, 2611975.818855136167258 ], [ 2301458.145206723827869, 2612022.753374098334461 ], [ 2301317.34420732408762, 2612210.490472002420574 ], [ 2301317.34420732408762, 2612398.226591960992664 ], [ 2301317.34420732408762, 2612585.963689865078777 ], [ 2301270.410540857352316, 2612585.963689865078777 ], [ 2301082.67489706305787, 2612585.963689865078777 ], [ 2300707.203609474934638, 2612585.963689865078777 ], [ 2299815.461012826301157, 2612539.030148847959936 ], [ 2298360.511484794784337, 2612539.030148847959936 ], [ 2297515.702554612420499, 2612492.095629885327071 ], [ 2297327.966910818591714, 2612492.095629885327071 ], [ 2295403.678762265946716, 2612445.161110923159868 ], [ 2294840.47280881088227, 2612445.161110923159868 ], [ 2293901.795567768160254, 2612398.226591960992664 ], [ 2293010.052971119061112, 2612398.226591960992664 ], [ 2292446.847017663996667, 2612351.293050943873823 ], [ 2291742.839086881838739, 2612351.293050943873823 ], [ 2290757.228179372381419, 2612304.358531981706619 ], [ 2289490.014295135159045, 2612304.358531981706619 ], [ 2289114.543007547035813, 2612304.358531981706619 ], [ 2288551.337054091971368, 2612257.424013019539416 ], [ 2288035.064767104107887, 2612257.424013019539416 ], [ 2286533.181572605855763, 2612210.490472002420574 ], [ 2284139.555781459435821, 2612163.55595303978771 ], [ 2283951.820137665141374, 2612210.490472002420574 ], [ 2283764.084493870846927, 2612304.358531981706619 ], [ 2283670.217160937841982, 2612492.095629885327071 ], [ 2283623.282516543753445, 2612679.832727789413184 ], [ 2283623.282516543753445, 2612726.767246751580387 ], [ 2283623.282516543753445, 2612773.700787768699229 ], [ 2283576.348850077018142, 2613102.24046461423859 ], [ 2283576.348850077018142, 2613759.320796250365674 ], [ 2283529.415183610282838, 2614979.611443653237075 ], [ 2283529.415183610282838, 2615448.953699440695345 ], [ 2283529.415183610282838, 2615683.625316306483001 ], [ 2283529.415183610282838, 2615730.558857323601842 ], [ 2283482.481517143547535, 2617701.797896341886371 ], [ 2283482.481517143547535, 2617748.732415304519236 ], [ 2283435.547850676812232, 2619391.431777477264404 ], [ 2283388.614184210076928, 2620846.393063800875098 ], [ 2283388.614184210076928, 2620940.262101725675166 ] ] } },
{ "type": "Feature", "properties": { }, "geometry": { "type": "LineString", "coordinates": [ [ 2264615.074252986814827, 2557860.620676699560136 ], [ 2265084.412873508408666, 2557907.555195661727339 ], [ 2265131.346539975143969, 2557860.620676699560136 ], [ 2265178.280206441879272, 2557860.620676699560136 ], [ 2265225.213872908614576, 2557860.620676699560136 ], [ 2265272.147539375349879, 2557860.620676699560136 ], [ 2265319.082183769438416, 2557907.555195661727339 ], [ 2265366.015850235708058, 2557907.555195661727339 ], [ 2266116.957447484601289, 2557907.555195661727339 ], [ 2266633.229734472930431, 2557907.555195661727339 ], [ 2266961.766377666965127, 2557954.489714623894542 ], [ 2267196.435687927994877, 2557954.489714623894542 ], [ 2267337.237665255088359, 2557954.489714623894542 ], [ 2267384.171331721823663, 2557954.489714623894542 ], [ 2267384.171331721823663, 2557907.555195661727339 ], [ 2267384.171331721823663, 2557860.620676699560136 ], [ 2267384.171331721823663, 2557813.687135682441294 ], [ 2267337.237665255088359, 2557813.687135682441294 ], [ 2267337.237665255088359, 2557766.752616720274091 ], [ 2267290.303020861465484, 2557719.818097757641226 ], [ 2267243.369354394730181, 2557719.818097757641226 ], [ 2267243.369354394730181, 2557672.883578795474023 ], [ 2267196.435687927994877, 2557672.883578795474023 ], [ 2267149.502021461259574, 2557672.883578795474023 ], [ 2267102.56835499452427, 2557625.950037778355181 ], [ 2267102.56835499452427, 2557579.015518816187978 ], [ 2267102.56835499452427, 2557532.080999854020774 ], [ 2267149.502021461259574, 2557532.080999854020774 ], [ 2267149.502021461259574, 2557485.146480891853571 ], [ 2267149.502021461259574, 2557438.21293987473473 ], [ 2267149.502021461259574, 2557391.278420912101865 ], [ 2267102.56835499452427, 2557391.278420912101865 ], [ 2267102.56835499452427, 2557344.343901949934661 ], [ 2267055.633710600435734, 2557344.343901949934661 ], [ 2267055.633710600435734, 2557297.409382987767458 ], [ 2267055.633710600435734, 2557250.475841970648617 ], [ 2267055.633710600435734, 2557203.541323008481413 ], [ 2267008.70004413370043, 2557203.541323008481413 ], [ 2267008.70004413370043, 2557156.60680404631421 ], [ 2266961.766377666965127, 2557156.60680404631421 ], [ 2266961.766377666965127, 2557109.673263029195368 ], [ 2266914.832711200229824, 2557109.673263029195368 ], [ 2266867.899044733960181, 2557109.673263029195368 ], [ 2266867.899044733960181, 2557062.738744067028165 ], [ 2266820.964400339871645, 2557062.738744067028165 ], [ 2266820.964400339871645, 2557015.8042251043953 ], [ 2266774.030733873136342, 2557015.8042251043953 ], [ 2266774.030733873136342, 2556968.869706142228097 ], [ 2266727.097067406401038, 2556968.869706142228097 ], [ 2266680.163400939665735, 2556968.869706142228097 ], [ 2266680.163400939665735, 2556921.936165125109255 ], [ 2266680.163400939665735, 2556875.001646162942052 ], [ 2266680.163400939665735, 2556828.067127200774848 ], [ 2266727.097067406401038, 2556828.067127200774848 ], [ 2266727.097067406401038, 2556781.132608238607645 ], [ 2266774.030733873136342, 2556781.132608238607645 ], [ 2266820.964400339871645, 2556781.132608238607645 ], [ 2266820.964400339871645, 2556734.199067221023142 ], [ 2266867.899044733960181, 2556734.199067221023142 ], [ 2266867.899044733960181, 2556687.264548258855939 ], [ 2266867.899044733960181, 2556640.330029296688735 ], [ 2266914.832711200229824, 2556640.330029296688735 ], [ 2266914.832711200229824, 2556593.396488279569894 ], [ 2266914.832711200229824, 2556546.461969317402691 ], [ 2266914.832711200229824, 2556499.527450355235487 ], [ 2266914.832711200229824, 2556452.592931393068284 ], [ 2266914.832711200229824, 2556405.659390375949442 ], [ 2266914.832711200229824, 2556358.724871413316578 ], [ 2266961.766377666965127, 2556358.724871413316578 ], [ 2266961.766377666965127, 2556311.790352451149374 ], [ 2267008.70004413370043, 2556311.790352451149374 ], [ 2267008.70004413370043, 2556264.855833488982171 ], [ 2267008.70004413370043, 2556217.922292471863329 ], [ 2267055.633710600435734, 2556217.922292471863329 ], [ 2267055.633710600435734, 2556170.987773509696126 ], [ 2267102.56835499452427, 2556170.987773509696126 ], [ 2267102.56835499452427, 2556124.053254547528923 ], [ 2267149.502021461259574, 2556124.053254547528923 ], [ 2267149.502021461259574, 2556077.118735584896058 ], [ 2267196.435687927994877, 2556077.118735584896058 ], [ 2267196.435687927994877, 2556030.185194567777216 ], [ 2267196.435687927994877, 2555983.250675605610013 ], [ 2267149.502021461259574, 2555983.250675605610013 ], [ 2267149.502021461259574, 2555936.31615664344281 ], [ 2267102.56835499452427, 2555936.31615664344281 ], [ 2267055.633710600435734, 2555936.31615664344281 ], [ 2267055.633710600435734, 2555889.382615626323968 ], [ 2267055.633710600435734, 2555842.448096664156765 ], [ 2267008.70004413370043, 2555842.448096664156765 ], [ 2266961.766377666965127, 2555842.448096664156765 ], [ 2266914.832711200229824, 2555842.448096664156765 ], [ 2266914.832711200229824, 2555795.513577701989561 ], [ 2266914.832711200229824, 2555748.579058739356697 ], [ 2266914.832711200229824, 2555701.645517722237855 ], [ 2266914.832711200229824, 2555654.710998760070652 ], [ 2266914.832711200229824, 2555607.776479797903448 ], [ 2266914.832711200229824, 2555560.841960835736245 ], [ 2266914.832711200229824, 2555513.908419818617404 ], [ 2266867.899044733960181, 2555513.908419818617404 ], [ 2266867.899044733960181, 2555466.9739008564502 ], [ 2266867.899044733960181, 2555420.039381893817335 ], [ 2266820.964400339871645, 2555373.105840876698494 ], [ 2266820.964400339871645, 2555326.171321914531291 ], [ 2266820.964400339871645, 2555279.236802952364087 ], [ 2266867.899044733960181, 2555279.236802952364087 ], [ 2266867.899044733960181, 2555232.302283990196884 ], [ 2266914.832711200229824, 2555232.302283990196884 ], [ 2266914.832711200229824, 2555185.368742973078042 ], [ 2266961.766377666965127, 2555185.368742973078042 ], [ 2266961.766377666965127, 2555232.302283990196884 ], [ 2267008.70004413370043, 2555232.302283990196884 ], [ 2267008.70004413370043, 2555185.368742973078042 ], [ 2267008.70004413370043, 2555138.434224010910839 ], [ 2267055.633710600435734, 2555138.434224010910839 ], [ 2267055.633710600435734, 2555091.499705048277974 ], [ 2267055.633710600435734, 2555044.565186086110771 ], [ 2267055.633710600435734, 2554997.631645068991929 ], [ 2267055.633710600435734, 2554950.697126106824726 ], [ 2267008.70004413370043, 2554903.762607144657522 ], [ 2267008.70004413370043, 2554856.828088182490319 ], [ 2267008.70004413370043, 2554809.894547165371478 ], [ 2267008.70004413370043, 2554762.960028202738613 ], [ 2267008.70004413370043, 2554716.025509240571409 ], [ 2266961.766377666965127, 2554669.091968223452568 ], [ 2266961.766377666965127, 2554622.157449261285365 ], [ 2266961.766377666965127, 2554575.222930299118161 ], [ 2266914.832711200229824, 2554575.222930299118161 ], [ 2266914.832711200229824, 2554528.288411336950958 ], [ 2266914.832711200229824, 2554481.354870319832116 ], [ 2266914.832711200229824, 2554434.420351357199252 ], [ 2266961.766377666965127, 2554434.420351357199252 ], [ 2267008.70004413370043, 2554434.420351357199252 ], [ 2267055.633710600435734, 2554481.354870319832116 ], [ 2267055.633710600435734, 2554434.420351357199252 ], [ 2267102.56835499452427, 2554434.420351357199252 ], [ 2267102.56835499452427, 2554387.485832395032048 ], [ 2267102.56835499452427, 2554340.551313432864845 ], [ 2267149.502021461259574, 2554340.551313432864845 ], [ 2267196.435687927994877, 2554340.551313432864845 ], [ 2267243.369354394730181, 2554340.551313432864845 ], [ 2267290.303020861465484, 2554340.551313432864845 ], [ 2267290.303020861465484, 2554293.617772415746003 ], [ 2267243.369354394730181, 2554246.6832534535788 ], [ 2267196.435687927994877, 2554246.6832534535788 ], [ 2267149.502021461259574, 2554199.748734491411597 ], [ 2267102.56835499452427, 2554152.814215528778732 ], [ 2267055.633710600435734, 2554152.814215528778732 ], [ 2267055.633710600435734, 2554105.88067451165989 ], [ 2267055.633710600435734, 2554058.946155549492687 ], [ 2267055.633710600435734, 2553965.078095570206642 ], [ 2267102.56835499452427, 2553871.209057645872235 ], [ 2267102.56835499452427, 2553824.274538683239371 ], [ 2267102.56835499452427, 2553777.340997666120529 ], [ 2267102.56835499452427, 2553730.406478703953326 ], [ 2267055.633710600435734, 2553683.471959741786122 ], [ 2267008.70004413370043, 2553636.537440779618919 ], [ 2267008.70004413370043, 2553589.603899762500077 ], [ 2267055.633710600435734, 2553589.603899762500077 ], [ 2267055.633710600435734, 2553542.669380800332874 ], [ 2267055.633710600435734, 2553495.734861837700009 ], [ 2267055.633710600435734, 2553448.801320820581168 ], [ 2267102.56835499452427, 2553448.801320820581168 ], [ 2267102.56835499452427, 2553401.866801858413965 ], [ 2267102.56835499452427, 2553354.932282896246761 ], [ 2267149.502021461259574, 2553354.932282896246761 ], [ 2267149.502021461259574, 2553307.997763934079558 ], [ 2267149.502021461259574, 2553261.064222916960716 ], [ 2267149.502021461259574, 2553214.129703954793513 ], [ 2267196.435687927994877, 2553214.129703954793513 ], [ 2267196.435687927994877, 2553167.195184992160648 ], [ 2267243.369354394730181, 2553120.260666029993445 ], [ 2267243.369354394730181, 2553073.327125012874603 ], [ 2267243.369354394730181, 2553026.3926060507074 ], [ 2267243.369354394730181, 2552979.458087088540196 ], [ 2267290.303020861465484, 2552979.458087088540196 ], [ 2267290.303020861465484, 2552932.523568126372993 ], [ 2267290.303020861465484, 2552885.590027109254152 ], [ 2267337.237665255088359, 2552885.590027109254152 ], [ 2267384.171331721823663, 2552885.590027109254152 ], [ 2267431.104998188558966, 2552885.590027109254152 ], [ 2267478.038664655294269, 2552885.590027109254152 ], [ 2267478.038664655294269, 2552838.655508146621287 ], [ 2267478.038664655294269, 2552791.720989184454083 ], [ 2267431.104998188558966, 2552791.720989184454083 ], [ 2267431.104998188558966, 2552744.787448167335242 ], [ 2267384.171331721823663, 2552744.787448167335242 ], [ 2267384.171331721823663, 2552697.852929205168039 ], [ 2267384.171331721823663, 2552650.918410243000835 ], [ 2267384.171331721823663, 2552603.983891280833632 ], [ 2267337.237665255088359, 2552603.983891280833632 ], [ 2267290.303020861465484, 2552603.983891280833632 ], [ 2267243.369354394730181, 2552603.983891280833632 ], [ 2267196.435687927994877, 2552603.983891280833632 ], [ 2267196.435687927994877, 2552557.05035026371479 ], [ 2267149.502021461259574, 2552557.05035026371479 ], [ 2267149.502021461259574, 2552510.115831301081926 ], [ 2267102.56835499452427, 2552510.115831301081926 ], [ 2267102.56835499452427, 2552463.181312338914722 ], [ 2267055.633710600435734, 2552463.181312338914722 ], [ 2267008.70004413370043, 2552463.181312338914722 ], [ 2267008.70004413370043, 2552416.246793376747519 ], [ 2267008.70004413370043, 2552369.313252359628677 ], [ 2267055.633710600435734, 2552369.313252359628677 ], [ 2267055.633710600435734, 2552322.378733397461474 ], [ 2267102.56835499452427, 2552322.378733397461474 ], [ 2267102.56835499452427, 2552275.444214435294271 ], [ 2267149.502021461259574, 2552275.444214435294271 ], [ 2267149.502021461259574, 2552228.509695473127067 ], [ 2267102.56835499452427, 2552228.509695473127067 ], [ 2267102.56835499452427, 2552181.576154455542564 ], [ 2267055.633710600435734, 2552134.641635493375361 ], [ 2267008.70004413370043, 2552134.641635493375361 ], [ 2266961.766377666965127, 2552134.641635493375361 ], [ 2266961.766377666965127, 2552087.707116531208158 ], [ 2266914.832711200229824, 2552087.707116531208158 ], [ 2266867.899044733960181, 2552087.707116531208158 ], [ 2266820.964400339871645, 2552087.707116531208158 ], [ 2266820.964400339871645, 2552040.773575514089316 ], [ 2266774.030733873136342, 2552040.773575514089316 ], [ 2266774.030733873136342, 2551993.839056551922113 ], [ 2266774.030733873136342, 2551946.904537589754909 ], [ 2266727.097067406401038, 2551899.970018627122045 ], [ 2266774.030733873136342, 2551899.970018627122045 ], [ 2266774.030733873136342, 2551853.036477610003203 ], [ 2266774.030733873136342, 2551806.101958647836 ], [ 2266774.030733873136342, 2551759.167439685668796 ], [ 2266727.097067406401038, 2551759.167439685668796 ], [ 2266727.097067406401038, 2551712.232920723501593 ], [ 2266680.163400939665735, 2551712.232920723501593 ], [ 2266680.163400939665735, 2551665.299379706382751 ], [ 2266680.163400939665735, 2551618.364860744215548 ], [ 2266633.229734472930431, 2551618.364860744215548 ], [ 2266633.229734472930431, 2551571.430341782048345 ], [ 2266680.163400939665735, 2551571.430341782048345 ], [ 2266727.097067406401038, 2551571.430341782048345 ], [ 2266727.097067406401038, 2551524.496800764463842 ], [ 2266727.097067406401038, 2551477.562281802296638 ], [ 2266727.097067406401038, 2551430.627762840129435 ], [ 2266774.030733873136342, 2551430.627762840129435 ], [ 2266774.030733873136342, 2551383.693243877962232 ], [ 2266774.030733873136342, 2551336.75970286084339 ], [ 2266820.964400339871645, 2551336.75970286084339 ], [ 2266820.964400339871645, 2551289.825183898676187 ], [ 2266820.964400339871645, 2551242.890664936508983 ], [ 2266867.899044733960181, 2551195.956145973876119 ], [ 2266820.964400339871645, 2551149.022604956757277 ], [ 2266820.964400339871645, 2551055.15356703242287 ], [ 2266774.030733873136342, 2551008.219048070255667 ], [ 2266727.097067406401038, 2550914.350988090969622 ], [ 2266727.097067406401038, 2550867.416469128336757 ], [ 2266680.163400939665735, 2550820.482928111217916 ], [ 2266680.163400939665735, 2550773.548409149050713 ], [ 2266680.163400939665735, 2550726.613890186883509 ], [ 2266680.163400939665735, 2550679.679371224716306 ], [ 2266727.097067406401038, 2550679.679371224716306 ], [ 2266727.097067406401038, 2550632.745830207597464 ], [ 2266727.097067406401038, 2550585.8113112449646 ], [ 2266727.097067406401038, 2550538.876792282797396 ], [ 2266727.097067406401038, 2550491.942273320630193 ], [ 2266774.030733873136342, 2550491.942273320630193 ], [ 2266774.030733873136342, 2550445.008732303511351 ], [ 2266727.097067406401038, 2550445.008732303511351 ], [ 2266727.097067406401038, 2550398.074213341344148 ], [ 2266680.163400939665735, 2550398.074213341344148 ], [ 2266680.163400939665735, 2550351.139694379176944 ], [ 2266633.229734472930431, 2550351.139694379176944 ], [ 2266633.229734472930431, 2550304.205175417009741 ], [ 2266633.229734472930431, 2550210.337115437258035 ], [ 2266633.229734472930431, 2550163.402596475090832 ], [ 2266586.296068006195128, 2550116.46905545797199 ], [ 2266492.427757145836949, 2550022.600017533637583 ], [ 2266445.494090679101646, 2549928.731957554351538 ], [ 2266445.494090679101646, 2549881.797438591718674 ], [ 2266445.494090679101646, 2549834.86291962955147 ], [ 2266492.427757145836949, 2549834.86291962955147 ], [ 2266492.427757145836949, 2549787.928400667384267 ], [ 2266539.361423612106591, 2549787.928400667384267 ], [ 2266539.361423612106591, 2549740.994859650265425 ], [ 2266586.296068006195128, 2549740.994859650265425 ], [ 2266586.296068006195128, 2549694.060340688098222 ], [ 2266586.296068006195128, 2549647.125821725931019 ], [ 2266586.296068006195128, 2549600.192280708812177 ], [ 2266586.296068006195128, 2549553.257761746179312 ], [ 2266586.296068006195128, 2549506.323242784012109 ], [ 2266586.296068006195128, 2549459.388723821844906 ], [ 2266586.296068006195128, 2549412.455182804726064 ], [ 2266633.229734472930431, 2549365.520663842558861 ], [ 2266680.163400939665735, 2549318.586144880391657 ], [ 2266680.163400939665735, 2549271.651625917758793 ], [ 2266680.163400939665735, 2549224.718084900639951 ], [ 2266727.097067406401038, 2549224.718084900639951 ], [ 2266774.030733873136342, 2549224.718084900639951 ], [ 2266774.030733873136342, 2549177.783565938472748 ], [ 2266820.964400339871645, 2549177.783565938472748 ], [ 2266867.899044733960181, 2549177.783565938472748 ], [ 2266867.899044733960181, 2549224.718084900639951 ], [ 2266961.766377666965127, 2549224.718084900639951 ], [ 2267008.70004413370043, 2549224.718084900639951 ], [ 2267055.633710600435734, 2549177.783565938472748 ], [ 2267055.633710600435734, 2549130.849046976305544 ], [ 2267055.633710600435734, 2549083.914528014138341 ], [ 2267008.70004413370043, 2549036.9809869970195 ], [ 2266961.766377666965127, 2548990.046468034852296 ], [ 2266961.766377666965127, 2548943.111949072219431 ], [ 2266961.766377666965127, 2548896.17840805510059 ], [ 2266914.832711200229824, 2548896.17840805510059 ], [ 2266914.832711200229824, 2548849.243889092933387 ], [ 2266961.766377666965127, 2548849.243889092933387 ], [ 2266961.766377666965127, 2548802.309370130766183 ], [ 2267008.70004413370043, 2548802.309370130766183 ], [ 2267008.70004413370043, 2548755.37485116859898 ], [ 2267008.70004413370043, 2548708.441310151480138 ], [ 2267008.70004413370043, 2548661.506791189312935 ], [ 2266961.766377666965127, 2548614.57227222668007 ], [ 2266961.766377666965127, 2548567.637753264512867 ], [ 2266961.766377666965127, 2548520.704212247394025 ], [ 2266914.832711200229824, 2548520.704212247394025 ], [ 2266914.832711200229824, 2548473.769693285226822 ], [ 2266867.899044733960181, 2548379.900655360892415 ], [ 2266867.899044733960181, 2548332.967114343773574 ], [ 2266914.832711200229824, 2548286.032595381140709 ], [ 2266914.832711200229824, 2548239.098076418973505 ], [ 2266914.832711200229824, 2548192.164535401854664 ], [ 2266914.832711200229824, 2548145.230016439687461 ], [ 2266914.832711200229824, 2548098.295497477520257 ], [ 2266914.832711200229824, 2548051.360978515353054 ], [ 2266914.832711200229824, 2548004.427437498234212 ], [ 2266914.832711200229824, 2547957.492918535601348 ], [ 2266867.899044733960181, 2547957.492918535601348 ], [ 2266867.899044733960181, 2547910.558399573434144 ], [ 2266820.964400339871645, 2547863.623880611266941 ], [ 2266820.964400339871645, 2547816.690339594148099 ], [ 2266774.030733873136342, 2547816.690339594148099 ], [ 2266727.097067406401038, 2547816.690339594148099 ], [ 2266727.097067406401038, 2547769.755820631980896 ], [ 2266680.163400939665735, 2547722.821301669813693 ], [ 2266680.163400939665735, 2547675.887760652694851 ], [ 2266680.163400939665735, 2547628.953241690061986 ], [ 2266680.163400939665735, 2547582.018722727894783 ], [ 2266680.163400939665735, 2547535.08420376572758 ], [ 2266680.163400939665735, 2547488.150662748608738 ], [ 2266680.163400939665735, 2547441.216143786441535 ], [ 2266680.163400939665735, 2547394.281624824274331 ], [ 2266680.163400939665735, 2547347.347105861641467 ], [ 2266633.229734472930431, 2547347.347105861641467 ], [ 2266586.296068006195128, 2547347.347105861641467 ], [ 2266539.361423612106591, 2547347.347105861641467 ], [ 2266539.361423612106591, 2547300.413564844522625 ], [ 2266539.361423612106591, 2547253.479045882355422 ], [ 2266539.361423612106591, 2547206.544526920188218 ], [ 2266539.361423612106591, 2547159.610007958021015 ], [ 2266492.427757145836949, 2547159.610007958021015 ], [ 2266445.494090679101646, 2547159.610007958021015 ], [ 2266445.494090679101646, 2547112.676466940902174 ], [ 2266398.560424212366343, 2547112.676466940902174 ], [ 2266398.560424212366343, 2547065.74194797873497 ], [ 2266398.560424212366343, 2547018.807429016102105 ], [ 2266398.560424212366343, 2546971.873887998983264 ], [ 2266445.494090679101646, 2546971.873887998983264 ], [ 2266445.494090679101646, 2546924.939369036816061 ], [ 2266445.494090679101646, 2546878.004850074648857 ], [ 2266492.427757145836949, 2546878.004850074648857 ], [ 2266492.427757145836949, 2546831.070331112481654 ], [ 2266492.427757145836949, 2546784.136790095362812 ], [ 2266492.427757145836949, 2546737.202271133195609 ], [ 2266492.427757145836949, 2546690.267752170562744 ], [ 2266492.427757145836949, 2546643.333233208395541 ], [ 2266445.494090679101646, 2546643.333233208395541 ], [ 2266445.494090679101646, 2546596.399692191276699 ], [ 2266445.494090679101646, 2546549.465173229109496 ], [ 2266398.560424212366343, 2546502.530654266942292 ], [ 2266351.626757745631039, 2546455.596135304775089 ], [ 2266304.692113351542503, 2546408.662594287656248 ], [ 2266304.692113351542503, 2546361.728075325489044 ], [ 2266304.692113351542503, 2546314.793556362856179 ], [ 2266257.758446884807199, 2546314.793556362856179 ], [ 2266257.758446884807199, 2546267.860015345737338 ], [ 2266257.758446884807199, 2546220.925496383570135 ] ] } },
{ "type": "Feature", "properties": { }, "geometry": { "type": "MultiLineString", "coordinates": [ [ [ 2296577.025313569698483, 2564431.417147445492446 ], [ 2295638.348072526510805, 2563915.140372696332633 ], [ 2295356.745095799211413, 2563774.336815809365362 ], [ 2294793.539142344146967, 2563492.731657925993204 ], [ 2294418.067854756023735, 2563258.060041060205549 ], [ 2293667.126257507130504, 2562882.586823197081685 ], [ 2293244.722281379625201, 2562694.849725293461233 ], [ 2292587.648017064202577, 2562319.375529485754669 ], [ 2292352.978706803638488, 2562225.506491560954601 ], [ 2291320.434132826980203, 2561662.296175794675946 ], [ 2290522.558869111351669, 2561239.887461024336517 ], [ 2290475.625202644616365, 2561239.887461024336517 ], [ 2290381.756891784258187, 2561192.952942062169313 ], [ 2290334.823225317522883, 2561146.01842310000211 ], [ 2290240.955892384052277, 2561146.01842310000211 ], [ 2290100.153915056493133, 2561052.150363120716065 ], [ 2289490.014295135159045, 2560723.610686275176704 ], [ 2289255.344984874129295, 2560629.741648350376636 ], [ 2289020.675674613565207, 2560488.939069408923388 ], [ 2288832.940030819736421, 2560395.071009429637343 ], [ 2288551.337054091971368, 2560254.268430487718433 ], [ 2288035.064767104107887, 2559972.662294659297913 ], [ 2287706.52812390960753, 2559831.859715717844665 ], [ 2287612.659813049249351, 2559784.925196755677462 ], [ 2287565.726146582514048, 2559737.99165573855862 ], [ 2287424.925147182308137, 2559644.122617813758552 ], [ 2286392.379595278762281, 2559033.977783085312694 ], [ 2285782.239975356962532, 2558658.503587277140468 ], [ 2285031.298378108069301, 2558189.160353545099497 ], [ 2284655.828068447299302, 2557954.489714623894542 ], [ 2284561.959757586475462, 2557907.555195661727339 ], [ 2284515.02609112020582, 2557860.620676699560136 ], [ 2284468.092424653470516, 2557813.687135682441294 ], [ 2284421.158758186735213, 2557813.687135682441294 ], [ 2284280.356780859176069, 2557813.687135682441294 ], [ 2284186.489447925705463, 2557813.687135682441294 ], [ 2284092.621137065347284, 2557813.687135682441294 ], [ 2283904.88647119840607, 2557813.687135682441294 ], [ 2283717.150827404577285, 2557813.687135682441294 ], [ 2283247.812206882983446, 2557813.687135682441294 ], [ 2283200.878540416248143, 2557813.687135682441294 ], [ 2283153.944873949512839, 2557766.752616720274091 ], [ 2283107.010229555424303, 2557766.752616720274091 ], [ 2283060.076563088688999, 2557813.687135682441294 ], [ 2283013.142896621953696, 2557813.687135682441294 ], [ 2282966.209230155684054, 2557813.687135682441294 ], [ 2282919.27556368894875, 2557813.687135682441294 ], [ 2282872.340919294860214, 2557766.752616720274091 ], [ 2282778.473586361389607, 2557766.752616720274091 ], [ 2282684.606253427919, 2557766.752616720274091 ], [ 2282637.672586961183697, 2557766.752616720274091 ], [ 2282543.804276100825518, 2557813.687135682441294 ], [ 2282496.870609634090215, 2557813.687135682441294 ], [ 2282496.870609634090215, 2557860.620676699560136 ], [ 2282449.936943167354912, 2557907.555195661727339 ], [ 2282215.267632906325161, 2558329.963910431601107 ], [ 2281182.723058930132538, 2558329.963910431601107 ], [ 2280384.847795214504004, 2558283.029391469433904 ], [ 2280244.04581788694486, 2558283.029391469433904 ], [ 2279774.707197365816683, 2558283.029391469433904 ], [ 2279211.501243910752237, 2558236.0948725072667 ], [ 2279117.63391097728163, 2558236.0948725072667 ], [ 2278742.162623389158398, 2558236.0948725072667 ], [ 2277099.478429491166025, 2558189.160353545099497 ], [ 2276066.932877587620169, 2558189.160353545099497 ], [ 2275691.46256792685017, 2558142.226812527980655 ], [ 2275503.726924133021384, 2558142.226812527980655 ], [ 2275269.057613871991634, 2558142.226812527980655 ], [ 2274893.587304211221635, 2558142.226812527980655 ], [ 2274565.049683089833707, 2558095.292293565813452 ], [ 2274048.777396101504564, 2558095.292293565813452 ], [ 2273861.042730235029012, 2558095.292293565813452 ], [ 2273579.438775579910725, 2558095.292293565813452 ], [ 2273250.90213238587603, 2558048.357774603180587 ], [ 2273063.166488592047244, 2558048.357774603180587 ], [ 2272781.563511864747852, 2558048.357774603180587 ], [ 2272499.960535136982799, 2558048.357774603180587 ], [ 2272265.29122487641871, 2558048.357774603180587 ], [ 2271983.688248149119318, 2558048.357774603180587 ], [ 2270904.210007705725729, 2558001.423255641013384 ], [ 2270528.738720117602497, 2558001.423255641013384 ], [ 2269496.194146141409874, 2558001.423255641013384 ], [ 2268979.921859153080732, 2557954.489714623894542 ], [ 2268416.715905698481947, 2557954.489714623894542 ], [ 2268041.244618110358715, 2557954.489714623894542 ], [ 2267853.509952243417501, 2557954.489714623894542 ], [ 2267759.641641382593662, 2557907.555195661727339 ], [ 2267618.840641982853413, 2557954.489714623894542 ], [ 2267524.972331122029573, 2557954.489714623894542 ], [ 2267431.104998188558966, 2557954.489714623894542 ], [ 2267384.171331721823663, 2557954.489714623894542 ], [ 2267337.237665255088359, 2557954.489714623894542 ], [ 2267196.435687927994877, 2557954.489714623894542 ], [ 2266961.766377666965127, 2557954.489714623894542 ], [ 2266633.229734472930431, 2557907.555195661727339 ], [ 2266116.957447484601289, 2557907.555195661727339 ], [ 2265366.015850235708058, 2557907.555195661727339 ], [ 2265319.082183769438416, 2557907.555195661727339 ], [ 2265272.147539375349879, 2557860.620676699560136 ], [ 2265225.213872908614576, 2557860.620676699560136 ], [ 2265178.280206441879272, 2557860.620676699560136 ], [ 2265131.346539975143969, 2557860.620676699560136 ], [ 2265084.412873508408666, 2557907.555195661727339 ], [ 2264615.074252986814827, 2557860.620676699560136 ] ], [ [ 2264615.074252986814827, 2607986.407236082479358 ], [ 2265037.478229114320129, 2607986.407236082479358 ], [ 2265366.015850235708058, 2607986.407236082479358 ], [ 2265506.816849635913968, 2607986.407236082479358 ], [ 2265553.750516102649271, 2607986.407236082479358 ], [ 2265600.685160496737808, 2608033.340777099598199 ], [ 2265647.618826963473111, 2608080.275296061765403 ], [ 2265694.552493430208415, 2608080.275296061765403 ], [ 2265694.552493430208415, 2608033.340777099598199 ], [ 2265741.486159896478057, 2608033.340777099598199 ], [ 2265882.2881372240372, 2608033.340777099598199 ], [ 2265976.155470157507807, 2607986.407236082479358 ], [ 2266023.08913662424311, 2607986.407236082479358 ], [ 2266210.824780418071896, 2608033.340777099598199 ], [ 2266257.758446884807199, 2608033.340777099598199 ], [ 2266351.626757745631039, 2608033.340777099598199 ], [ 2266633.229734472930431, 2608033.340777099598199 ], [ 2266961.766377666965127, 2608033.340777099598199 ], [ 2267196.435687927994877, 2608033.340777099598199 ], [ 2267618.840641982853413, 2608033.340777099598199 ], [ 2267853.509952243417501, 2608033.340777099598199 ], [ 2268228.9802619041875, 2608080.275296061765403 ], [ 2268510.583238631486893, 2608080.275296061765403 ], [ 2268839.120859753340483, 2608080.275296061765403 ], [ 2269167.657502947375178, 2608080.275296061765403 ], [ 2269214.591169414110482, 2608080.275296061765403 ], [ 2269402.326813207939267, 2608080.275296061765403 ], [ 2269683.929789935238659, 2608080.275296061765403 ], [ 2269965.532766663003713, 2608127.209815023932606 ], [ 2270294.069409857038409, 2608127.209815023932606 ], [ 2270763.408030378632247, 2608127.209815023932606 ], [ 2270904.210007705725729, 2608127.209815023932606 ], [ 2271045.01100710593164, 2608127.209815023932606 ], [ 2271467.415961160790175, 2608174.144333986099809 ], [ 2271561.283294094260782, 2608174.144333986099809 ], [ 2271983.688248149119318, 2608174.144333986099809 ], [ 2272453.026868670247495, 2608174.144333986099809 ], [ 2272734.629845398012549, 2608174.144333986099809 ], [ 2273063.166488592047244, 2608174.144333986099809 ], [ 2273297.835798852611333, 2608221.077875003218651 ], [ 2273579.438775579910725, 2608221.077875003218651 ], [ 2273720.240752907469869, 2608221.077875003218651 ], [ 2273907.976396701764315, 2608221.077875003218651 ], [ 2274095.712040495593101, 2608221.077875003218651 ], [ 2274471.1823501563631, 2608221.077875003218651 ], [ 2274752.785326883662492, 2608221.077875003218651 ], [ 2275738.396234393585473, 2608268.012393965385854 ], [ 2275832.26356732705608, 2608268.012393965385854 ], [ 2277474.948739152401686, 2608314.946912928018719 ], [ 2277944.287359673529863, 2608314.946912928018719 ], [ 2280431.781461681239307, 2608408.814972907304764 ], [ 2280807.251771342009306, 2608408.814972907304764 ], [ 2280901.120082202833146, 2608408.814972907304764 ], [ 2281276.590391863603145, 2608408.814972907304764 ], [ 2281464.32603565743193, 2608408.814972907304764 ], [ 2281652.061679451726377, 2608408.814972907304764 ], [ 2281980.598322645761073, 2608408.814972907304764 ], [ 2282590.73794256709516, 2608455.749491869471967 ], [ 2283013.142896621953696, 2608455.749491869471967 ], [ 2283717.150827404577285, 2608455.749491869471967 ], [ 2283998.753804131876677, 2608502.684010831639171 ], [ 2283998.753804131876677, 2608408.814972907304764 ], [ 2284045.687470598611981, 2607000.787227600347251 ], [ 2284092.621137065347284, 2605733.56303918082267 ], [ 2284092.621137065347284, 2605686.628520218189806 ], [ 2284139.555781459435821, 2603011.37560854665935 ], [ 2284139.555781459435821, 2602964.441089584492147 ], [ 2284139.555781459435821, 2602823.638510643038899 ], [ 2284186.489447925705463, 2601884.953999068588018 ], [ 2284186.489447925705463, 2601040.136569528374821 ], [ 2284233.423114392440766, 2600336.122696875128895 ], [ 2284233.423114392440766, 2600242.25463689584285 ], [ 2284233.423114392440766, 2599679.043343184050173 ], [ 2284280.356780859176069, 2597426.199146282393485 ], [ 2284280.356780859176069, 2596769.119792591314763 ], [ 2284374.224113792646676, 2594891.74979149736464 ], [ 2286486.247906139586121, 2594938.683332514483482 ], [ 2286814.784549333620816, 2594938.683332514483482 ], [ 2286814.784549333620816, 2594422.406557765323669 ], [ 2287284.123169855214655, 2594750.94623461086303 ], [ 2287377.990502788219601, 2594844.815272535197437 ], [ 2287753.461790376342833, 2595126.420430418569595 ], [ 2287988.131100637372583, 2595314.157528322190046 ], [ 2288128.932100037112832, 2595408.026566246990114 ], [ 2290381.756891784258187, 2597144.593988399021327 ], [ 2290944.963823166210204, 2597567.001725223846734 ], [ 2291179.633133427239954, 2597754.738823127932847 ], [ 2291179.633133427239954, 2597332.33108630310744 ], [ 2292869.250993791501969, 2597379.264627320226282 ], [ 2293197.788614912889898, 2597379.264627320226282 ], [ 2293432.457925173919648, 2597332.33108630310744 ], [ 2294324.200521823018789, 2597238.462048378307372 ], [ 2295779.150049854069948, 2597050.724950474686921 ], [ 2295685.281738993246108, 2596299.777536804322153 ], [ 2295685.281738993246108, 2596205.908498879522085 ], [ 2295591.414406059775501, 2595267.223009360022843 ], [ 2295544.480739593040198, 2595173.354949380736798 ], [ 2295591.414406059775501, 2594844.815272535197437 ], [ 2295591.414406059775501, 2593577.590106170158833 ], [ 2295638.348072526510805, 2592216.496879825834185 ], [ 2295544.480739593040198, 2592122.627841901499778 ], [ 2296952.496601157821715, 2592169.562360863666981 ], [ 2296858.628290296997875, 2591606.351067151874304 ], [ 2296905.561956763733178, 2591559.417526134755462 ], [ 2297046.363934091292322, 2591559.417526134755462 ], [ 2297187.164933491032571, 2591512.483007172588259 ], [ 2297234.099577885121107, 2591512.483007172588259 ], [ 2297281.033244351856411, 2591512.483007172588259 ], [ 2297327.966910818591714, 2591512.483007172588259 ], [ 2297327.966910818591714, 2591465.548488210421056 ], [ 2297281.033244351856411, 2590902.337194498628378 ], [ 2297234.099577885121107, 2590432.994938711170107 ], [ 2297187.164933491032571, 2590386.060419749002904 ], [ 2296905.561956763733178, 2590386.060419749002904 ], [ 2296858.628290296997875, 2590432.994938711170107 ], [ 2296858.628290296997875, 2590104.455261865630746 ], [ 2296389.289669775404036, 2590198.323321845382452 ], [ 2296342.356003308668733, 2590151.389780828263611 ], [ 2296295.422336842399091, 2589541.24396815430373 ], [ 2296342.356003308668733, 2589353.506870250217617 ], [ 2296389.289669775404036, 2589212.704291308764368 ], [ 2296436.223336242139339, 2589024.967193404678255 ], [ 2296436.223336242139339, 2588978.032674442511052 ], [ 2296389.289669775404036, 2588696.427516559138894 ], [ 2296389.289669775404036, 2588555.624937617685646 ], [ 2296389.289669775404036, 2588508.690418655052781 ], [ 2296342.356003308668733, 2588367.887839713599533 ], [ 2296342.356003308668733, 2588180.15074180951342 ], [ 2296295.422336842399091, 2588180.15074180951342 ], [ 2296248.488670375663787, 2588133.216222847346216 ], [ 2296201.555003908928484, 2588133.216222847346216 ], [ 2296154.620359514839947, 2588133.216222847346216 ], [ 2296107.686693048104644, 2588133.216222847346216 ], [ 2296060.75302658136934, 2588133.216222847346216 ], [ 2296060.75302658136934, 2588086.281703885179013 ], [ 2296013.819360114634037, 2588039.348162868060172 ], [ 2296013.819360114634037, 2587992.413643905892968 ], [ 2296060.75302658136934, 2587194.531711272895336 ], [ 2296060.75302658136934, 2586819.057515465188771 ], [ 2296107.686693048104644, 2586819.057515465188771 ], [ 2296107.686693048104644, 2585270.227191217243671 ], [ 2295497.547073126770556, 2585223.292672254610807 ], [ 2295544.480739593040198, 2583580.593310081865638 ], [ 2295779.150049854069948, 2583627.527829044032842 ], [ 2295779.150049854069948, 2582970.448475352954119 ], [ 2295779.150049854069948, 2582782.711377449333668 ], [ 2295826.083716320805252, 2581937.894925854168832 ], [ 2295262.877762865740806, 2581937.894925854168832 ], [ 2295309.811429332476109, 2580670.669759489130229 ], [ 2295309.811429332476109, 2580154.392984739970416 ], [ 2295309.811429332476109, 2579403.444593124091625 ], [ 2295873.017382787540555, 2579356.510074161924422 ], [ 2295966.885693647898734, 2579356.510074161924422 ], [ 2296013.819360114634037, 2579356.510074161924422 ], [ 2296295.422336842399091, 2579309.57653314480558 ], [ 2296389.289669775404036, 2579309.57653314480558 ], [ 2296436.223336242139339, 2579262.642014182638377 ], [ 2296623.958980036433786, 2579262.642014182638377 ], [ 2296764.760957363527268, 2579215.707495220471174 ], [ 2297187.164933491032571, 2579168.77297625830397 ], [ 2297234.099577885121107, 2579168.77297625830397 ], [ 2297140.231267024297267, 2578323.956524663139135 ], [ 2297046.363934091292322, 2577666.877170972060412 ], [ 2297046.363934091292322, 2577573.009110992774367 ], [ 2296999.430267624557018, 2577150.600396222434938 ], [ 2296764.760957363527268, 2577197.534915185067803 ], [ 2296577.025313569698483, 2577197.534915185067803 ], [ 2296530.091647102963179, 2577244.468456202186644 ], [ 2295826.083716320805252, 2577291.402975164353848 ], [ 2295826.083716320805252, 2577150.600396222434938 ], [ 2295779.150049854069948, 2576728.19168145256117 ], [ 2295779.150049854069948, 2576681.258140435442328 ], [ 2295779.150049854069948, 2576540.454583548940718 ], [ 2295779.150049854069948, 2576493.521042531356215 ], [ 2295732.216383387334645, 2576446.586523569189012 ], [ 2295732.216383387334645, 2576164.981365685816854 ], [ 2295403.678762265946716, 2576211.914906702935696 ], [ 2295309.811429332476109, 2575507.90103404968977 ], [ 2295309.811429332476109, 2575460.967493032570928 ], [ 2295262.877762865740806, 2574850.821680358611047 ], [ 2295215.944096399005502, 2574756.953620379325002 ], [ 2295215.944096399005502, 2574428.413943533785641 ], [ 2295826.083716320805252, 2574991.624259300529957 ], [ 2296295.422336842399091, 2575414.032974070403725 ], [ 2296295.422336842399091, 2575367.098455108236521 ], [ 2296295.422336842399091, 2575320.163936146069318 ], [ 2296342.356003308668733, 2573912.137168784625828 ], [ 2296342.356003308668733, 2573301.991356110665947 ], [ 2296342.356003308668733, 2572504.109423477668315 ], [ 2296342.356003308668733, 2572457.174904515501112 ], [ 2296389.289669775404036, 2571471.554896033834666 ], [ 2296389.289669775404036, 2570439.001346535049379 ], [ 2296436.223336242139339, 2570157.396188651677221 ], [ 2296436.223336242139339, 2569922.724571785423905 ], [ 2296436.223336242139339, 2569265.645218094345182 ], [ 2296436.223336242139339, 2568890.171022286638618 ], [ 2296436.223336242139339, 2568420.828766499646008 ], [ 2296436.223336242139339, 2568186.157149633392692 ], [ 2296483.157980636227876, 2567059.735540154855698 ], [ 2296483.157980636227876, 2566918.931983268354088 ], [ 2296483.157980636227876, 2566871.998442251235247 ], [ 2296577.025313569698483, 2566871.998442251235247 ], [ 2296623.958980036433786, 2566825.063923289068043 ], [ 2296670.89264650316909, 2566825.063923289068043 ], [ 2296811.694623830262572, 2566825.063923289068043 ], [ 2296764.760957363527268, 2566825.063923289068043 ], [ 2297515.702554612420499, 2564994.627463212236762 ], [ 2297562.636221079155803, 2564900.759403232950717 ], [ 2297140.231267024297267, 2564713.022305328864604 ], [ 2296999.430267624557018, 2564619.154245349578559 ], [ 2296577.025313569698483, 2564431.417147445492446 ] ] ] } },
{ "type": "Feature", "properties": { }, "geometry": { "type": "LineString", "coordinates": [ [ 2283764.084493870846927, 2612304.358531981706619 ], [ 2283951.820137665141374, 2612210.490472002420574 ], [ 2284139.555781459435821, 2612163.55595303978771 ], [ 2286533.181572605855763, 2612210.490472002420574 ], [ 2288035.064767104107887, 2612257.424013019539416 ], [ 2288551.337054091971368, 2612257.424013019539416 ], [ 2289114.543007547035813, 2612304.358531981706619 ], [ 2289490.014295135159045, 2612304.358531981706619 ], [ 2290757.228179372381419, 2612304.358531981706619 ], [ 2291742.839086881838739, 2612351.293050943873823 ], [ 2292446.847017663996667, 2612351.293050943873823 ], [ 2293010.052971119061112, 2612398.226591960992664 ], [ 2293901.795567768160254, 2612398.226591960992664 ], [ 2294840.47280881088227, 2612445.161110923159868 ], [ 2295403.678762265946716, 2612445.161110923159868 ], [ 2297327.966910818591714, 2612492.095629885327071 ], [ 2297515.702554612420499, 2612492.095629885327071 ], [ 2298360.511484794784337, 2612539.030148847959936 ], [ 2299815.461012826301157, 2612539.030148847959936 ], [ 2300707.203609474934638, 2612585.963689865078777 ], [ 2301082.67489706305787, 2612585.963689865078777 ], [ 2301270.410540857352316, 2612585.963689865078777 ], [ 2301317.34420732408762, 2612585.963689865078777 ], [ 2301317.34420732408762, 2612398.226591960992664 ], [ 2301317.34420732408762, 2612210.490472002420574 ], [ 2301458.145206723827869, 2612022.753374098334461 ], [ 2301692.814516984857619, 2611975.818855136167258 ], [ 2303241.632355876732618, 2611835.016276194248348 ], [ 2303382.433355276472867, 2611835.016276194248348 ], [ 2303664.03633200423792, 2611788.081757232081145 ], [ 2303710.969998470973223, 2611788.081757232081145 ], [ 2303804.838309331331402, 2611788.081757232081145 ], [ 2303945.639308731537312, 2611694.2136972527951 ], [ 2304086.441286059096456, 2611647.279178290627897 ], [ 2304180.308618992101401, 2611600.344659328460693 ], [ 2304321.110596319660544, 2611600.344659328460693 ], [ 2304508.846240113954991, 2611553.41014036629349 ], [ 2304602.713573046959937, 2611553.41014036629349 ], [ 2304696.580905980430543, 2611600.344659328460693 ], [ 2304743.51555037451908, 2611600.344659328460693 ], [ 2304884.31654977472499, 2611553.41014036629349 ], [ 2305165.919526502024382, 2611553.41014036629349 ], [ 2305447.522503229323775, 2611506.476599348708987 ], [ 2305494.457147623412311, 2611506.476599348708987 ], [ 2305682.191813490353525, 2611459.542080386541784 ], [ 2306714.736387466546148, 2611271.804982482921332 ], [ 2307231.00867445487529, 2611224.870463520754129 ], [ 2307371.810651781968772, 2611224.870463520754129 ], [ 2307981.950271703768522, 2611131.002403541002423 ], [ 2308685.958202485926449, 2611084.067884578835219 ], [ 2309953.172086723148823, 2610943.265305637381971 ], [ 2309953.172086723148823, 2611177.935944558121264 ], [ 2309953.172086723148823, 2611741.147238269913942 ], [ 2310047.040397583507001, 2612539.030148847959936 ], [ 2310093.974064050242305, 2612867.569825693499297 ], [ 2310140.907730516977608, 2612867.569825693499297 ], [ 2310328.643374311272055, 2612820.635306730866432 ], [ 2312065.195879069622606, 2612632.898208827245981 ], [ 2312393.732522263657302, 2612585.963689865078777 ], [ 2312440.666188730392605, 2612539.030148847959936 ], [ 2312440.666188730392605, 2612492.095629885327071 ], [ 2312393.732522263657302, 2612210.490472002420574 ], [ 2312393.732522263657302, 2611928.884336174000055 ], [ 2312581.468166057951748, 2611975.818855136167258 ], [ 2312628.401832524687052, 2611975.818855136167258 ], [ 2313050.806786579545587, 2612116.621434077620506 ], [ 2313191.607785979285836, 2612069.686915115453303 ], [ 2313238.54145244602114, 2612069.686915115453303 ], [ 2314177.218693489208817, 2611975.818855136167258 ], [ 2313989.483049694914371, 2610520.856590867042542 ], [ 2314364.954337283037603, 2610426.988530887756497 ], [ 2315068.962268065661192, 2610239.251432984136045 ], [ 2315679.10188798699528, 2610145.382395059335977 ], [ 2316664.712795496918261, 2610051.514335080049932 ], [ 2317415.654392745811492, 2609957.645297155715525 ], [ 2317462.588059212546796, 2609957.645297155715525 ], [ 2317697.257369473110884, 2609910.711756138596684 ], [ 2318025.79401266714558, 2609863.777237175963819 ], [ 2318401.265300255268812, 2609863.777237175963819 ], [ 2319011.404920177068561, 2609769.909177196677774 ], [ 2319339.94254129845649, 2609769.909177196677774 ], [ 2319621.545518025755882, 2609722.974658234510571 ], [ 2319668.479184492491186, 2609722.974658234510571 ], [ 2319809.280183892697096, 2609722.974658234510571 ], [ 2321358.098022784572095, 2609535.237560330424458 ], [ 2321451.96535571757704, 2609535.237560330424458 ], [ 2321545.832688651047647, 2609488.303041368257254 ], [ 2321921.303976239170879, 2609535.237560330424458 ], [ 2323235.451526943128556, 2609347.500462426804006 ], [ 2323282.385193409863859, 2609347.500462426804006 ], [ 2323329.319837803952396, 2609347.500462426804006 ], [ 2324643.467388507444412, 2609206.697883484885097 ], [ 2324925.070365235209465, 2609159.763364522717893 ], [ 2324925.070365235209465, 2609065.895304543431848 ], [ 2324831.202054374385625, 2608361.881431890185922 ], [ 2324784.268387907650322, 2607610.933040274307132 ], [ 2324737.334721440915018, 2607610.933040274307132 ], [ 2324737.334721440915018, 2607470.130461332853884 ], [ 2324784.268387907650322, 2607376.261423408519477 ], [ 2324784.268387907650322, 2607329.326904445886612 ], [ 2325300.540674895979464, 2606343.707873909268528 ], [ 2325206.673341962508857, 2605545.825941276736557 ], [ 2325112.80600902903825, 2604513.27239177795127 ], [ 2325253.607008429244161, 2604043.929158045444638 ], [ 2325488.276318689808249, 2603903.126579103991389 ], [ 2326661.622869993560016, 2603762.324000162538141 ], [ 2326990.159513187594712, 2603480.717864334117621 ], [ 2327365.630800775717944, 2603433.78432331699878 ], [ 2328069.6377536309883, 2603386.849804354365915 ], [ 2328773.645684413146228, 2603292.98174437507987 ], [ 2329055.24866114044562, 2603292.98174437507987 ], [ 2329055.24866114044562, 2603199.112706450745463 ], [ 2329196.050638468004763, 2603105.244646471459419 ], [ 2329196.050638468004763, 2603058.310127508826554 ], [ 2329336.851637867745012, 2602870.573029605206102 ], [ 2329430.719948728568852, 2602823.638510643038899 ], [ 2329524.587281662039459, 2602776.703991680406034 ], [ 2330744.867499432526529, 2602682.835931701119989 ], [ 2331120.338787020649761, 2602635.901412738952786 ], [ 2331308.073452887125313, 2602588.967871721833944 ], [ 2331355.007119353860617, 2602542.033352759666741 ], [ 2331495.80909668141976, 2602495.098833797499537 ], [ 2331918.214050736278296, 2602495.098833797499537 ], [ 2332199.817027463577688, 2602448.164314834866673 ], [ 2332763.022980918642133, 2602401.230773817747831 ], [ 2333560.898244634270668, 2602307.361735893413424 ], [ 2333607.83191110054031, 2602307.361735893413424 ], [ 2333607.83191110054031, 2602166.559156951960176 ], [ 2333748.633888428099453, 2602072.69109697220847 ], [ 2335203.583416459150612, 2602119.624637989327312 ], [ 2336752.400277423672378, 2602119.624637989327312 ], [ 2336799.333943890407681, 2602119.624637989327312 ], [ 2338582.820115115959197, 2602166.559156951960176 ], [ 2339990.835976680275053, 2602166.559156951960176 ], [ 2340131.636976080480963, 2602166.559156951960176 ], [ 2340178.571620474569499, 2602166.559156951960176 ], [ 2340178.571620474569499, 2601884.953999068588018 ], [ 2340178.571620474569499, 2601744.150442181620747 ], [ 2340178.571620474569499, 2601368.677224318962544 ], [ 2340319.372619874309748, 2601368.677224318962544 ], [ 2340413.240930735133588, 2601368.677224318962544 ], [ 2340600.975596602074802, 2601368.677224318962544 ], [ 2340741.777573929168284, 2601368.677224318962544 ], [ 2341445.785504711326212, 2601368.677224318962544 ], [ 2341445.785504711326212, 2600993.20302851125598 ], [ 2341727.388481439091265, 2601040.136569528374821 ], [ 2342666.064744554460049, 2601040.136569528374821 ], [ 2343370.072675337083638, 2601040.136569528374821 ], [ 2344778.088536901399493, 2601040.136569528374821 ], [ 2344918.889536301605403, 2601087.071088490542024 ], [ 2345482.096467683557421, 2601087.071088490542024 ], [ 2345529.030134150292724, 2601087.071088490542024 ], [ 2345575.963800617028028, 2601087.071088490542024 ], [ 2347312.516305375378579, 2601087.071088490542024 ], [ 2347359.449971842113882, 2601087.071088490542024 ], [ 2347641.052948569878936, 2601087.071088490542024 ], [ 2348204.259879951830953, 2601087.071088490542024 ], [ 2348532.796523145865649, 2601134.005607452709228 ], [ 2348767.465833406895399, 2601134.005607452709228 ], [ 2349377.605453328229487, 2601134.005607452709228 ], [ 2349565.341097122523934, 2601134.005607452709228 ], [ 2349753.076740916352719, 2601274.808186394628137 ], [ 2349800.010407383088022, 2601321.742705356795341 ], [ 2349800.010407383088022, 2601462.545284298248589 ], [ 2350738.6876484262757, 2601462.545284298248589 ], [ 2350785.621314893011004, 2601462.545284298248589 ], [ 2351771.232222402468324, 2601462.545284298248589 ], [ 2352005.901532663032413, 2601462.545284298248589 ], [ 2353601.652060094289482, 2601274.808186394628137 ], [ 2353648.585726561024785, 2601274.808186394628137 ], [ 2353836.321370355319232, 2601227.873667432460934 ], [ 2353883.255036822054535, 2601227.873667432460934 ], [ 2354024.057014149148017, 2601227.873667432460934 ], [ 2354164.858013549353927, 2601180.940126415342093 ], [ 2354352.593657343648374, 2601227.873667432460934 ], [ 2354493.395634670741856, 2601227.873667432460934 ], [ 2354681.13030053768307, 2601274.808186394628137 ], [ 2354728.063967004418373, 2601321.742705356795341 ], [ 2354774.998611398041248, 2601368.677224318962544 ], [ 2354868.865944331511855, 2601368.677224318962544 ], [ 2354868.865944331511855, 2601321.742705356795341 ], [ 2355854.476851841434836, 2601227.873667432460934 ], [ 2356042.212495635263622, 2601227.873667432460934 ], [ 2356089.146162101998925, 2601227.873667432460934 ], [ 2357637.963023066520691, 2601274.808186394628137 ], [ 2359139.846217564307153, 2601274.808186394628137 ], [ 2359186.779884031042457, 2601274.808186394628137 ], [ 2360219.324458007700741, 2601321.742705356795341 ], [ 2360266.259102401323617, 2601321.742705356795341 ], [ 2361017.200699650682509, 2601321.742705356795341 ], [ 2361064.134366116952151, 2601321.742705356795341 ], [ 2361721.207652505487204, 2601368.677224318962544 ], [ 2362425.215583287645131, 2601368.677224318962544 ], [ 2363270.024513470008969, 2601368.677224318962544 ], [ 2363270.024513470008969, 2601321.742705356795341 ], [ 2363270.024513470008969, 2601227.873667432460934 ], [ 2363270.024513470008969, 2601180.940126415342093 ], [ 2363316.959157864097506, 2601134.005607452709228 ], [ 2363316.959157864097506, 2601087.071088490542024 ], [ 2363316.959157864097506, 2600289.189155858010054 ], [ 2363316.959157864097506, 2600148.386576916091144 ], [ 2363316.959157864097506, 2599913.714960050303489 ], [ 2363316.959157864097506, 2599866.780441087670624 ], [ 2363363.892824330832809, 2599819.845922125503421 ], [ 2363363.892824330832809, 2599679.043343184050173 ], [ 2363363.892824330832809, 2599585.175283204764128 ], [ 2363363.892824330832809, 2599538.240764242131263 ], [ 2363316.959157864097506, 2599491.30624527996406 ], [ 2363316.959157864097506, 2599397.438185300678015 ], [ 2363316.959157864097506, 2599209.701087396591902 ], [ 2363363.892824330832809, 2598646.489793685264885 ], [ 2363363.892824330832809, 2598599.555274723097682 ], [ 2363645.495801058132201, 2598599.555274723097682 ], [ 2365475.915638749953359, 2598646.489793685264885 ], [ 2365992.187925738282502, 2598646.489793685264885 ], [ 2365992.187925738282502, 2597942.47592103201896 ], [ 2365992.187925738282502, 2597520.068184206727892 ], [ 2365992.187925738282502, 2597379.264627320226282 ], [ 2365992.187925738282502, 2597050.724950474686921 ], [ 2365992.187925738282502, 2597003.790431512519717 ], [ 2365992.187925738282502, 2596956.856890495400876 ], [ 2365992.187925738282502, 2596862.987852570600808 ], [ 2365992.187925738282502, 2596816.054311553481966 ], [ 2365992.187925738282502, 2596628.317213649861515 ], [ 2365992.187925738282502, 2596299.777536804322153 ], [ 2365992.187925738282502, 2596252.843017841689289 ], [ 2365992.187925738282502, 2596205.908498879522085 ], [ 2366039.122570132371038, 2596112.04043890023604 ], [ 2365992.187925738282502, 2596112.04043890023604 ], [ 2365992.187925738282502, 2596065.105919938068837 ], [ 2366039.122570132371038, 2596018.171400975901634 ], [ 2366039.122570132371038, 2595971.236882013268769 ], [ 2366039.122570132371038, 2595924.303340996149927 ], [ 2366039.122570132371038, 2595877.368822033982724 ], [ 2366039.122570132371038, 2595830.434303071815521 ], [ 2365992.187925738282502, 2595783.499784109648317 ], [ 2366039.122570132371038, 2595736.566243092529476 ], [ 2366039.122570132371038, 2595689.631724130362272 ], [ 2366039.122570132371038, 2595642.697205167729408 ], [ 2366086.056236599106342, 2595642.697205167729408 ], [ 2366086.056236599106342, 2595595.763664150610566 ], [ 2366132.989903065375984, 2595595.763664150610566 ], [ 2366179.923569532111287, 2595595.763664150610566 ], [ 2366179.923569532111287, 2595548.829145188443363 ], [ 2366179.923569532111287, 2595501.894626226276159 ], [ 2366179.923569532111287, 2595454.960107264108956 ], [ 2366179.923569532111287, 2595408.026566246990114 ], [ 2366179.923569532111287, 2595361.092047284822911 ], [ 2366179.923569532111287, 2595314.157528322190046 ], [ 2366132.989903065375984, 2595267.223009360022843 ], [ 2366086.056236599106342, 2595267.223009360022843 ], [ 2366039.122570132371038, 2595267.223009360022843 ], [ 2366039.122570132371038, 2595220.289468342904001 ], [ 2366039.122570132371038, 2595173.354949380736798 ], [ 2366039.122570132371038, 2595126.420430418569595 ], [ 2366039.122570132371038, 2595079.485911456402391 ], [ 2366086.056236599106342, 2595079.485911456402391 ], [ 2366039.122570132371038, 2595079.485911456402391 ], [ 2365992.187925738282502, 2595079.485911456402391 ], [ 2365992.187925738282502, 2595126.420430418569595 ], [ 2365945.254259271547198, 2595126.420430418569595 ], [ 2365898.320592804811895, 2595126.420430418569595 ], [ 2365851.386926338076591, 2595126.420430418569595 ], [ 2365804.453259871341288, 2595126.420430418569595 ], [ 2365757.518615477252752, 2595126.420430418569595 ], [ 2365710.584949010983109, 2595126.420430418569595 ], [ 2365710.584949010983109, 2595079.485911456402391 ], [ 2365663.651282544247806, 2595079.485911456402391 ], [ 2365616.717616077512503, 2595079.485911456402391 ], [ 2365569.783949610777199, 2595032.55237043928355 ], [ 2365522.849305216688663, 2595032.55237043928355 ], [ 2365522.849305216688663, 2594985.617851476650685 ], [ 2365475.915638749953359, 2594985.617851476650685 ], [ 2365475.915638749953359, 2594938.683332514483482 ], [ 2365428.981972283218056, 2594938.683332514483482 ], [ 2365428.981972283218056, 2594891.74979149736464 ], [ 2365382.048305816482753, 2594891.74979149736464 ], [ 2365382.048305816482753, 2594844.815272535197437 ], [ 2365382.048305816482753, 2594797.880753573030233 ], [ 2365335.11463935021311, 2594750.94623461086303 ], [ 2365335.11463935021311, 2594704.012693593744189 ], [ 2365335.11463935021311, 2594657.078174631111324 ], [ 2365335.11463935021311, 2594610.14365566894412 ], [ 2365382.048305816482753, 2594563.209136706776917 ], [ 2365382.048305816482753, 2594516.275595689658076 ], [ 2365382.048305816482753, 2594469.341076727490872 ], [ 2365382.048305816482753, 2594422.406557765323669 ], [ 2365382.048305816482753, 2594375.473016748204827 ], [ 2365382.048305816482753, 2594328.538497785571963 ], [ 2365428.981972283218056, 2594281.603978823404759 ], [ 2365428.981972283218056, 2594234.669459861237556 ], [ 2365475.915638749953359, 2594187.735918844118714 ], [ 2365475.915638749953359, 2594140.801399881951511 ], [ 2365475.915638749953359, 2594093.866880919784307 ], [ 2365522.849305216688663, 2594093.866880919784307 ], [ 2365522.849305216688663, 2594046.932361957617104 ], [ 2365569.783949610777199, 2593999.998820940032601 ], [ 2365616.717616077512503, 2593999.998820940032601 ], [ 2365616.717616077512503, 2593953.064301977865398 ], [ 2365663.651282544247806, 2593953.064301977865398 ], [ 2365663.651282544247806, 2593906.129783015698195 ], [ 2365710.584949010983109, 2593859.195264053530991 ], [ 2365757.518615477252752, 2593859.195264053530991 ], [ 2365757.518615477252752, 2593812.26172303641215 ], [ 2365757.518615477252752, 2593765.327204074244946 ], [ 2365804.453259871341288, 2593765.327204074244946 ], [ 2365804.453259871341288, 2593718.392685112077743 ], [ 2365851.386926338076591, 2593671.45914409449324 ], [ 2365851.386926338076591, 2593624.524625132326037 ], [ 2365898.320592804811895, 2593624.524625132326037 ], [ 2365898.320592804811895, 2593577.590106170158833 ], [ 2365945.254259271547198, 2593577.590106170158833 ], [ 2365992.187925738282502, 2593530.65558720799163 ], [ 2365992.187925738282502, 2593483.722046190872788 ], [ 2366039.122570132371038, 2593483.722046190872788 ], [ 2366086.056236599106342, 2593436.787527228705585 ], [ 2366086.056236599106342, 2593389.853008266538382 ], [ 2366086.056236599106342, 2593342.918489303905517 ], [ 2366132.989903065375984, 2593295.984948286786675 ], [ 2366132.989903065375984, 2593249.050429324619472 ], [ 2366132.989903065375984, 2593202.115910362452269 ], [ 2366179.923569532111287, 2593202.115910362452269 ], [ 2366179.923569532111287, 2593155.182369345333427 ], [ 2366179.923569532111287, 2593108.247850383166224 ], [ 2366226.857235998846591, 2593061.31333142099902 ], [ 2366273.790902465581894, 2593061.31333142099902 ], [ 2366273.790902465581894, 2593014.378812458366156 ], [ 2366226.857235998846591, 2593014.378812458366156 ], [ 2366226.857235998846591, 2592967.445271441247314 ], [ 2366273.790902465581894, 2592122.627841901499778 ], [ 2366273.790902465581894, 2591606.351067151874304 ], [ 2366273.790902465581894, 2591418.613969247788191 ], [ 2366273.790902465581894, 2591371.680428230669349 ], [ 2366273.790902465581894, 2591090.07429240224883 ], [ 2366273.790902465581894, 2590667.666555577423424 ], [ 2366367.659213326405734, 2590667.666555577423424 ], [ 2367681.806764030363411, 2590714.600096594542265 ], [ 2367728.740430496633053, 2590714.600096594542265 ], [ 2367775.674096963368356, 2590714.600096594542265 ], [ 2368338.881028345786035, 2590620.73203661525622 ], [ 2368338.881028345786035, 2590292.192359769716859 ], [ 2368291.946383951697499, 2590245.257840807549655 ], [ 2368291.946383951697499, 2590198.323321845382452 ], [ 2368291.946383951697499, 2590104.455261865630746 ], [ 2368151.145384551491588, 2589024.967193404678255 ], [ 2368151.145384551491588, 2588931.09913342539221 ], [ 2368104.211718084756285, 2588414.822358675766736 ], [ 2368057.278051618486643, 2588180.15074180951342 ], [ 2368057.278051618486643, 2588133.216222847346216 ], [ 2368057.278051618486643, 2588086.281703885179013 ], [ 2368010.343407224398106, 2587851.611064963974059 ], [ 2367963.409740757662803, 2587476.136869156267494 ], [ 2367963.409740757662803, 2587382.268809176981449 ], [ 2369606.094912583008409, 2587194.531711272895336 ], [ 2369559.161246116273105, 2586912.925575444940478 ], [ 2369465.292935255449265, 2586396.648800695315003 ], [ 2369418.359268788713962, 2585927.306544908322394 ], [ 2369418.359268788713962, 2585880.372025945689529 ], [ 2369371.425602321978658, 2585551.832349100150168 ], [ 2369653.028579049743712, 2585551.832349100150168 ], [ 2370357.03650983190164, 2585457.964289120864123 ], [ 2370826.375130353029817, 2585411.02977015869692 ], [ 2371014.109796219971031, 2585364.095251196529716 ], [ 2371154.911773547530174, 2585364.095251196529716 ], [ 2371154.911773547530174, 2585317.160732234362513 ], [ 2371201.845440014265478, 2585317.160732234362513 ], [ 2371154.911773547530174, 2585270.227191217243671 ], [ 2371107.978107080794871, 2585223.292672254610807 ], [ 2371061.043462686706334, 2585223.292672254610807 ], [ 2371014.109796219971031, 2585223.292672254610807 ], [ 2370967.176129753235728, 2585176.358153292443603 ], [ 2370826.375130353029817, 2585129.4236343302764 ], [ 2370685.573153025936335, 2585035.555574350990355 ], [ 2370638.639486559201032, 2585035.555574350990355 ], [ 2370591.705820092465729, 2584988.621055388823152 ], [ 2370544.771175698377192, 2584941.686536426190287 ], [ 2370544.771175698377192, 2584894.752995409071445 ], [ 2370497.837509231641889, 2584894.752995409071445 ], [ 2370357.03650983190164, 2584660.08137854328379 ], [ 2370216.234532504342496, 2584472.344280639197677 ], [ 2370122.36719957087189, 2584331.541701697744429 ], [ 2370075.433533104136586, 2584284.607182735111564 ], [ 2370028.498888710513711, 2584284.607182735111564 ], [ 2370028.498888710513711, 2584237.672663772944361 ], [ 2369981.565222243778408, 2584190.73912275582552 ], [ 2369934.631555777043104, 2584143.804603793658316 ], [ 2369887.697889310307801, 2584096.870084831491113 ], [ 2369840.764222843572497, 2584049.936543814372271 ], [ 2369793.829578449483961, 2584003.002024852205068 ], [ 2369746.895911982748657, 2583956.067505889572203 ], [ 2369699.962245516013354, 2583909.132986927405 ], [ 2369653.028579049743712, 2583862.199445910286158 ], [ 2369277.557291461154819, 2583345.922671161126345 ], [ 2369277.557291461154819, 2583298.988152198493481 ], [ 2369230.623624994885176, 2583298.988152198493481 ], [ 2369089.822625594679266, 2583111.251054294873029 ], [ 2368620.484005073085427, 2582641.908798507414758 ], [ 2368573.550338606350124, 2582641.908798507414758 ], [ 2368526.615694212261587, 2582594.974279545247555 ], [ 2368245.012717484962195, 2582407.237181641627103 ], [ 2368198.079051018226892, 2582407.237181641627103 ], [ 2368151.145384551491588, 2582360.302662678994238 ], [ 2368104.211718084756285, 2582360.302662678994238 ], [ 2367916.4760742909275, 2582313.368143716827035 ], [ 2367306.33645436912775, 2582219.50008373754099 ], [ 2367306.33645436912775, 2582172.565564775373787 ], [ 2367353.270120835863054, 2580623.735240526963025 ], [ 2367353.270120835863054, 2580576.800721564795822 ], [ 2366414.592879793141037, 2580529.86718054767698 ], [ 2366367.659213326405734, 2580529.86718054767698 ], [ 2366320.72554685967043, 2580529.86718054767698 ], [ 2366273.790902465581894, 2580529.86718054767698 ], [ 2365945.254259271547198, 2580529.86718054767698 ], [ 2366086.056236599106342, 2579778.918788932263851 ], [ 2366132.989903065375984, 2579450.37911208672449 ], [ 2366226.857235998846591, 2579074.904916278552264 ], [ 2366226.857235998846591, 2578934.102337337099016 ], [ 2366461.526546259876341, 2577573.009110992774367 ], [ 2366555.394857120234519, 2577197.534915185067803 ], [ 2365382.048305816482753, 2577150.600396222434938 ], [ 2365241.246328489389271, 2577150.600396222434938 ], [ 2363692.429467524867505, 2577150.600396222434938 ], [ 2363692.429467524867505, 2576399.652004607021809 ], [ 2363645.495801058132201, 2576305.783944627735764 ], [ 2363645.495801058132201, 2576258.84942566556856 ], [ 2363645.495801058132201, 2576211.914906702935696 ], [ 2363645.495801058132201, 2576024.177808799315244 ], [ 2363598.562134591396898, 2575601.770071974489838 ], [ 2363457.760157263837755, 2574803.887161396443844 ], [ 2363363.892824330832809, 2574006.005228763911873 ], [ 2363223.090847003273666, 2573067.319739244412631 ], [ 2363176.157180536538363, 2572738.78006239887327 ], [ 2363598.562134591396898, 2572504.109423477668315 ], [ 2364114.83442157972604, 2572222.503287649247795 ], [ 2364020.9661107189022, 2571377.686836054548621 ], [ 2363927.098777785431594, 2570908.34458026709035 ], [ 2363927.098777785431594, 2570861.410061304923147 ], [ 2363880.16511131869629, 2570908.34458026709035 ], [ 2363833.231444851960987, 2570861.410061304923147 ], [ 2363833.231444851960987, 2570767.54102338058874 ], [ 2363833.231444851960987, 2570720.607482363469899 ], [ 2363739.363133991602808, 2570157.396188651677221 ], [ 2363739.363133991602808, 2569969.659090747591108 ], [ 2363739.363133991602808, 2569922.724571785423905 ], [ 2363692.429467524867505, 2569734.987473881803453 ], [ 2363692.429467524867505, 2569500.316834960598499 ], [ 2363645.495801058132201, 2569406.447797036264092 ], [ 2363645.495801058132201, 2569124.842639152891934 ], [ 2363598.562134591396898, 2569077.90812019072473 ], [ 2363598.562134591396898, 2569030.973601228091866 ], [ 2363504.693823730573058, 2568139.22360861627385 ], [ 2362519.082916221115738, 2568233.091668595559895 ], [ 2362566.017560615204275, 2568608.56586440326646 ], [ 2362049.745273626875132, 2568655.500383365433663 ], [ 2361721.207652505487204, 2568702.433924382552505 ], [ 2361533.47298663854599, 2568749.368443345185369 ], [ 2361158.001699050422758, 2568796.302962307352573 ], [ 2360970.266055256593972, 2568796.302962307352573 ], [ 2360923.332388789858669, 2568796.302962307352573 ], [ 2359937.721481279935688, 2568937.105541248805821 ], [ 2359937.721481279935688, 2568561.631345441099256 ], [ 2359937.721481279935688, 2568467.763285461813211 ], [ 2359937.721481279935688, 2568280.026187557727098 ], [ 2359937.721481279935688, 2567669.880374883767217 ], [ 2359984.655147746670991, 2566918.931983268354088 ], [ 2359984.655147746670991, 2566449.589727480895817 ], [ 2360641.729412062093616, 2566355.721667501609772 ], [ 2360453.99376826826483, 2564947.693922195117921 ], [ 2360453.99376826826483, 2564853.824884270317852 ], [ 2360407.060101801529527, 2564759.956824291031808 ], [ 2360360.126435334794223, 2564759.956824291031808 ], [ 2360266.259102401323617, 2564759.956824291031808 ], [ 2360360.126435334794223, 2564713.022305328864604 ], [ 2360407.060101801529527, 2564666.087786366697401 ], [ 2360453.99376826826483, 2564666.087786366697401 ], [ 2360407.060101801529527, 2564666.087786366697401 ], [ 2360360.126435334794223, 2563962.073913713451475 ], [ 2360219.324458007700741, 2562976.454883176833391 ], [ 2360219.324458007700741, 2562929.520364214666188 ], [ 2360266.259102401323617, 2562929.520364214666188 ], [ 2360453.99376826826483, 2562976.454883176833391 ], [ 2360453.99376826826483, 2562929.520364214666188 ], [ 2360407.060101801529527, 2562554.046168406493962 ], [ 2360407.060101801529527, 2562366.310048447921872 ], [ 2360407.060101801529527, 2562272.441010523587465 ], [ 2360360.126435334794223, 2562178.572950543835759 ], [ 2360407.060101801529527, 2562131.638431581668556 ], [ 2360266.259102401323617, 2561380.690039966255426 ], [ 2360313.19276886805892, 2561380.690039966255426 ], [ 2360735.596744995564222, 2561333.755521004088223 ], [ 2360735.596744995564222, 2561286.821979986969382 ], [ 2360688.663078528828919, 2560770.545205237343907 ], [ 2360594.795745595823973, 2560301.201971504837275 ], [ 2360500.927434735000134, 2560348.136490467470139 ], [ 2360219.324458007700741, 2560348.136490467470139 ], [ 2360313.19276886805892, 2560113.464873601216823 ], [ 2360360.126435334794223, 2560066.531332584097981 ], [ 2360453.99376826826483, 2559878.794234680011868 ], [ 2360453.99376826826483, 2559784.925196755677462 ], [ 2360313.19276886805892, 2558893.174226198345423 ], [ 2360266.259102401323617, 2558752.371647256892174 ], [ 2359937.721481279935688, 2558799.306166219059378 ], [ 2359890.787814813200384, 2558423.831970411352813 ], [ 2359468.382860758341849, 2558517.70100833568722 ], [ 2359374.515527825336903, 2557719.818097757641226 ], [ 2359327.5818613586016, 2557672.883578795474023 ], [ 2359280.648194891866297, 2557672.883578795474023 ], [ 2358623.573930576443672, 2557766.752616720274091 ], [ 2358341.970953848678619, 2557813.687135682441294 ], [ 2358248.10264298832044, 2557813.687135682441294 ], [ 2358107.30164358811453, 2557813.687135682441294 ], [ 2358060.367977121379226, 2557860.620676699560136 ], [ 2357966.499666260555387, 2557860.620676699560136 ], [ 2357919.565999793820083, 2557860.620676699560136 ], [ 2357825.698666860815138, 2557860.620676699560136 ], [ 2357778.765000394079834, 2557907.555195661727339 ], [ 2357778.765000394079834, 2557860.620676699560136 ], [ 2357731.830356, 2557813.687135682441294 ], [ 2357684.896689533255994, 2557813.687135682441294 ], [ 2357684.896689533255994, 2557766.752616720274091 ], [ 2357684.896689533255994, 2557719.818097757641226 ], [ 2357684.896689533255994, 2557625.950037778355181 ], [ 2357637.963023066520691, 2557344.343901949934661 ], [ 2357637.963023066520691, 2557297.409382987767458 ], [ 2357637.963023066520691, 2557203.541323008481413 ], [ 2357591.029356599785388, 2556828.067127200774848 ], [ 2357544.095690133050084, 2556640.330029296688735 ], [ 2357497.162023666314781, 2556077.118735584896058 ], [ 2357403.293712805956602, 2555420.039381893817335 ], [ 2357403.293712805956602, 2555373.105840876698494 ], [ 2357403.293712805956602, 2555232.302283990196884 ], [ 2357356.360046339221299, 2554950.697126106824726 ], [ 2357309.426379872485995, 2554622.157449261285365 ], [ 2357309.426379872485995, 2554434.420351357199252 ], [ 2357262.492713405750692, 2554246.6832534535788 ], [ 2356980.888758751098067, 2554293.617772415746003 ], [ 2356605.418449090328068, 2554340.551313432864845 ], [ 2355479.005564253311604, 2554434.420351357199252 ], [ 2355525.940208647400141, 2554762.960028202738613 ], [ 2355619.807541580405086, 2554950.697126106824726 ], [ 2355572.873875113669783, 2554950.697126106824726 ], [ 2353977.122369755059481, 2555138.434224010910839 ], [ 2353930.188703288789839, 2555185.368742973078042 ], [ 2353179.247106039896607, 2555232.302283990196884 ], [ 2352850.71046284539625, 2555091.499705048277974 ], [ 2352709.908485518302768, 2555091.499705048277974 ], [ 2352569.107486118096858, 2555185.368742973078042 ], [ 2352428.305508790537715, 2555185.368742973078042 ], [ 2352005.901532663032413, 2555232.302283990196884 ], [ 2351958.966888269409537, 2555232.302283990196884 ], [ 2351958.966888269409537, 2555279.236802952364087 ], [ 2351912.033221802674234, 2555279.236802952364087 ], [ 2351865.099555335938931, 2555279.236802952364087 ], [ 2351489.629245675168931, 2555326.171321914531291 ], [ 2351067.224291620310396, 2555373.105840876698494 ], [ 2350644.81933756545186, 2555420.039381893817335 ], [ 2350597.885671098716557, 2555420.039381893817335 ], [ 2350175.480717043858021, 2555795.513577701989561 ], [ 2349377.605453328229487, 2556499.527450355235487 ], [ 2349142.936143067665398, 2556734.199067221023142 ], [ 2349096.002476600930095, 2556734.199067221023142 ], [ 2349096.002476600930095, 2556781.132608238607645 ], [ 2349049.068810134194791, 2556781.132608238607645 ], [ 2349049.068810134194791, 2556734.199067221023142 ], [ 2349002.135143667459488, 2556734.199067221023142 ], [ 2349002.135143667459488, 2556781.132608238607645 ], [ 2348955.201477200724185, 2556781.132608238607645 ], [ 2348955.201477200724185, 2556828.067127200774848 ], [ 2348955.201477200724185, 2556875.001646162942052 ], [ 2348955.201477200724185, 2556921.936165125109255 ], [ 2348955.201477200724185, 2556968.869706142228097 ], [ 2348955.201477200724185, 2557015.8042251043953 ], [ 2348908.266832806635648, 2557015.8042251043953 ], [ 2348908.266832806635648, 2557062.738744067028165 ], [ 2348861.333166340366006, 2557062.738744067028165 ], [ 2348861.333166340366006, 2557109.673263029195368 ], [ 2348814.399499873630702, 2557109.673263029195368 ], [ 2348814.399499873630702, 2557156.60680404631421 ], [ 2348767.465833406895399, 2557203.541323008481413 ], [ 2348720.532166940160096, 2557203.541323008481413 ], [ 2348673.597522546071559, 2557203.541323008481413 ], [ 2348673.597522546071559, 2557250.475841970648617 ], [ 2348626.663856079336256, 2557250.475841970648617 ], [ 2348626.663856079336256, 2557297.409382987767458 ], [ 2348626.663856079336256, 2557344.343901949934661 ], [ 2348579.730189612600952, 2557344.343901949934661 ], [ 2348579.730189612600952, 2557391.278420912101865 ], [ 2348579.730189612600952, 2557438.21293987473473 ], [ 2348579.730189612600952, 2557485.146480891853571 ], [ 2348579.730189612600952, 2557532.080999854020774 ], [ 2348579.730189612600952, 2557579.015518816187978 ], [ 2348579.730189612600952, 2557672.883578795474023 ], [ 2348579.730189612600952, 2557719.818097757641226 ], [ 2348579.730189612600952, 2557766.752616720274091 ], [ 2348579.730189612600952, 2557813.687135682441294 ], [ 2348579.730189612600952, 2557860.620676699560136 ], [ 2348579.730189612600952, 2557907.555195661727339 ], [ 2348626.663856079336256, 2557954.489714623894542 ], [ 2348626.663856079336256, 2558001.423255641013384 ], [ 2348673.597522546071559, 2558001.423255641013384 ], [ 2348673.597522546071559, 2558048.357774603180587 ], [ 2348673.597522546071559, 2558095.292293565813452 ], [ 2348673.597522546071559, 2558142.226812527980655 ], [ 2348626.663856079336256, 2558142.226812527980655 ], [ 2348626.663856079336256, 2558189.160353545099497 ], [ 2348626.663856079336256, 2558236.0948725072667 ], [ 2348579.730189612600952, 2558236.0948725072667 ], [ 2348579.730189612600952, 2558283.029391469433904 ], [ 2348579.730189612600952, 2558329.963910431601107 ], [ 2348579.730189612600952, 2558376.89745144918561 ], [ 2348532.796523145865649, 2558376.89745144918561 ], [ 2348532.796523145865649, 2558423.831970411352813 ], [ 2348532.796523145865649, 2558470.766489373520017 ], [ 2348485.862856679130346, 2558564.634549352806062 ], [ 2348532.796523145865649, 2558611.569068314973265 ], [ 2348532.796523145865649, 2558658.503587277140468 ], [ 2348532.796523145865649, 2558705.43712829425931 ], [ 2348532.796523145865649, 2558752.371647256892174 ], [ 2348485.862856679130346, 2558752.371647256892174 ], [ 2348485.862856679130346, 2558799.306166219059378 ], [ 2348485.862856679130346, 2558846.240685181226581 ], [ 2348485.862856679130346, 2558893.174226198345423 ], [ 2348485.862856679130346, 2558940.108745160512626 ], [ 2348485.862856679130346, 2558987.04326412267983 ], [ 2348438.92821228550747, 2558987.04326412267983 ], [ 2348438.92821228550747, 2559033.977783085312694 ], [ 2348438.92821228550747, 2559080.911324102431536 ], [ 2348438.92821228550747, 2559127.845843064598739 ], [ 2348391.994545818772167, 2559127.845843064598739 ], [ 2348345.060879352036864, 2559127.845843064598739 ], [ 2348298.12721288530156, 2559127.845843064598739 ], [ 2348251.193546418566257, 2559127.845843064598739 ], [ 2348204.259879951830953, 2559080.911324102431536 ], [ 2348157.325235557742417, 2559080.911324102431536 ], [ 2348110.391569091007113, 2559127.845843064598739 ], [ 2348063.457902624737471, 2559127.845843064598739 ], [ 2348063.457902624737471, 2559174.780362026765943 ], [ 2348063.457902624737471, 2559221.713903043884784 ], [ 2348063.457902624737471, 2559268.648422006051987 ], [ 2348110.391569091007113, 2559268.648422006051987 ], [ 2348157.325235557742417, 2559268.648422006051987 ], [ 2348204.259879951830953, 2559268.648422006051987 ], [ 2348204.259879951830953, 2559315.582940968219191 ], [ 2348204.259879951830953, 2559362.517459930852056 ], [ 2348204.259879951830953, 2559409.451000947970897 ], [ 2348157.325235557742417, 2559409.451000947970897 ], [ 2348110.391569091007113, 2559409.451000947970897 ], [ 2348063.457902624737471, 2559456.3855199101381 ], [ 2348016.524236158002168, 2559456.3855199101381 ], [ 2348016.524236158002168, 2559503.320038872305304 ], [ 2347969.590569691266865, 2559503.320038872305304 ], [ 2347969.590569691266865, 2559550.254557834472507 ], [ 2347969.590569691266865, 2559597.188098851591349 ], [ 2347922.655925297178328, 2559597.188098851591349 ], [ 2347922.655925297178328, 2559644.122617813758552 ], [ 2347922.655925297178328, 2559691.057136776391417 ], [ 2347922.655925297178328, 2559737.99165573855862 ], [ 2347922.655925297178328, 2559784.925196755677462 ], [ 2347969.590569691266865, 2559784.925196755677462 ], [ 2347969.590569691266865, 2559831.859715717844665 ], [ 2347969.590569691266865, 2559878.794234680011868 ], [ 2347969.590569691266865, 2559925.72777569713071 ], [ 2347922.655925297178328, 2559925.72777569713071 ], [ 2347922.655925297178328, 2559972.662294659297913 ], [ 2347922.655925297178328, 2560019.596813621930778 ], [ 2347922.655925297178328, 2560066.531332584097981 ], [ 2347922.655925297178328, 2560113.464873601216823 ], [ 2347922.655925297178328, 2560160.399392563384026 ], [ 2347922.655925297178328, 2560207.33391152555123 ], [ 2347922.655925297178328, 2560254.268430487718433 ], [ 2347922.655925297178328, 2560301.201971504837275 ], [ 2347875.722258830443025, 2560301.201971504837275 ], [ 2347875.722258830443025, 2560348.136490467470139 ], [ 2347828.788592363707721, 2560348.136490467470139 ], [ 2347781.854925896972418, 2560348.136490467470139 ], [ 2347734.921259430237114, 2560348.136490467470139 ], [ 2347734.921259430237114, 2560395.071009429637343 ], [ 2347687.986615036614239, 2560442.005528391804546 ], [ 2347687.986615036614239, 2560488.939069408923388 ], [ 2347687.986615036614239, 2560535.873588371090591 ], [ 2347734.921259430237114, 2560535.873588371090591 ], [ 2347734.921259430237114, 2560582.808107333257794 ], [ 2347781.854925896972418, 2560582.808107333257794 ], [ 2347781.854925896972418, 2560629.741648350376636 ], [ 2347828.788592363707721, 2560629.741648350376636 ], [ 2347828.788592363707721, 2560676.676167313009501 ], [ 2347828.788592363707721, 2560723.610686275176704 ], [ 2347781.854925896972418, 2560770.545205237343907 ], [ 2347734.921259430237114, 2560770.545205237343907 ], [ 2347687.986615036614239, 2560770.545205237343907 ], [ 2347641.052948569878936, 2560770.545205237343907 ], [ 2347641.052948569878936, 2560723.610686275176704 ], [ 2347594.119282103143632, 2560723.610686275176704 ], [ 2347547.185615636408329, 2560723.610686275176704 ], [ 2347500.251949169673026, 2560723.610686275176704 ], [ 2347453.318282702937722, 2560723.610686275176704 ], [ 2347453.318282702937722, 2560770.545205237343907 ], [ 2347453.318282702937722, 2560817.478746254462749 ], [ 2347453.318282702937722, 2560864.413265216629952 ], [ 2347406.383638308849186, 2560911.347784178797156 ], [ 2347406.383638308849186, 2560958.28230314143002 ], [ 2347453.318282702937722, 2560958.28230314143002 ], [ 2347453.318282702937722, 2561005.215844158548862 ], [ 2347453.318282702937722, 2561052.150363120716065 ], [ 2347500.251949169673026, 2561052.150363120716065 ], [ 2347547.185615636408329, 2561052.150363120716065 ], [ 2347547.185615636408329, 2561099.084882082883269 ], [ 2347594.119282103143632, 2561099.084882082883269 ], [ 2347641.052948569878936, 2561146.01842310000211 ], [ 2347641.052948569878936, 2561192.952942062169313 ], [ 2347594.119282103143632, 2561192.952942062169313 ], [ 2347594.119282103143632, 2561239.887461024336517 ], [ 2347547.185615636408329, 2561239.887461024336517 ], [ 2347500.251949169673026, 2561239.887461024336517 ], [ 2347453.318282702937722, 2561239.887461024336517 ], [ 2347406.383638308849186, 2561239.887461024336517 ], [ 2347359.449971842113882, 2561239.887461024336517 ], [ 2347312.516305375378579, 2561239.887461024336517 ], [ 2347265.582638909108937, 2561239.887461024336517 ], [ 2347265.582638909108937, 2561286.821979986969382 ], [ 2347218.648972442373633, 2561286.821979986969382 ], [ 2347218.648972442373633, 2561333.755521004088223 ], [ 2347171.714328048285097, 2561333.755521004088223 ], [ 2347124.780661581549793, 2561333.755521004088223 ], [ 2347124.780661581549793, 2561380.690039966255426 ], [ 2347124.780661581549793, 2561333.755521004088223 ], [ 2347077.84699511481449, 2561333.755521004088223 ], [ 2347030.913328648079187, 2561333.755521004088223 ], [ 2347030.913328648079187, 2561286.821979986969382 ], [ 2346983.979662181343883, 2561286.821979986969382 ], [ 2346937.045017787255347, 2561286.821979986969382 ], [ 2346890.111351320985705, 2561286.821979986969382 ], [ 2346843.177684854250401, 2561286.821979986969382 ], [ 2346843.177684854250401, 2561333.755521004088223 ], [ 2346843.177684854250401, 2561380.690039966255426 ], [ 2346890.111351320985705, 2561427.62455892842263 ], [ 2346937.045017787255347, 2561427.62455892842263 ], [ 2346937.045017787255347, 2561474.559077890589833 ], [ 2346983.979662181343883, 2561474.559077890589833 ], [ 2346983.979662181343883, 2561521.492618907708675 ], [ 2347030.913328648079187, 2561521.492618907708675 ], [ 2347030.913328648079187, 2561568.427137869875878 ], [ 2347030.913328648079187, 2561615.361656832508743 ], [ 2347077.84699511481449, 2561615.361656832508743 ], [ 2347077.84699511481449, 2561662.296175794675946 ], [ 2347077.84699511481449, 2561709.229716811794788 ], [ 2347030.913328648079187, 2561709.229716811794788 ], [ 2347030.913328648079187, 2561756.164235773961991 ], [ 2346983.979662181343883, 2561756.164235773961991 ], [ 2346937.045017787255347, 2561756.164235773961991 ], [ 2346937.045017787255347, 2561709.229716811794788 ], [ 2346890.111351320985705, 2561709.229716811794788 ], [ 2346843.177684854250401, 2561709.229716811794788 ], [ 2346843.177684854250401, 2561756.164235773961991 ], [ 2346796.244018387515098, 2561756.164235773961991 ], [ 2346796.244018387515098, 2561803.098754736129194 ], [ 2346749.310351920779794, 2561803.098754736129194 ], [ 2346749.310351920779794, 2561850.032295753248036 ], [ 2346796.244018387515098, 2561850.032295753248036 ], [ 2346749.310351920779794, 2561850.032295753248036 ], [ 2346796.244018387515098, 2561850.032295753248036 ], [ 2346796.244018387515098, 2561896.966814715415239 ], [ 2346796.244018387515098, 2561943.901333678048104 ], [ 2346796.244018387515098, 2561990.835852640215307 ], [ 2346843.177684854250401, 2562037.769393657334149 ], [ 2346843.177684854250401, 2562084.703912619501352 ], [ 2346843.177684854250401, 2562131.638431581668556 ], [ 2346843.177684854250401, 2562178.572950543835759 ], [ 2346796.244018387515098, 2562178.572950543835759 ], [ 2346796.244018387515098, 2562225.506491560954601 ], [ 2346749.310351920779794, 2562272.441010523587465 ], [ 2346749.310351920779794, 2562319.375529485754669 ], [ 2346749.310351920779794, 2562366.310048447921872 ], [ 2346702.376685454044491, 2562366.310048447921872 ], [ 2346749.310351920779794, 2562366.310048447921872 ], [ 2346749.310351920779794, 2562413.243589465040714 ], [ 2346749.310351920779794, 2562460.178108427207917 ], [ 2346796.244018387515098, 2562507.11262738937512 ], [ 2346796.244018387515098, 2562554.046168406493962 ], [ 2346796.244018387515098, 2562600.980687369126827 ], [ 2346843.177684854250401, 2562647.91520633129403 ], [ 2346843.177684854250401, 2562694.849725293461233 ], [ 2346890.111351320985705, 2562694.849725293461233 ], [ 2346890.111351320985705, 2562741.783266310580075 ], [ 2346937.045017787255347, 2562741.783266310580075 ], [ 2346937.045017787255347, 2562788.717785272747278 ], [ 2346890.111351320985705, 2562788.717785272747278 ], [ 2346843.177684854250401, 2562788.717785272747278 ], [ 2346796.244018387515098, 2562788.717785272747278 ], [ 2346749.310351920779794, 2562788.717785272747278 ], [ 2346702.376685454044491, 2562788.717785272747278 ], [ 2346655.442041059955955, 2562788.717785272747278 ], [ 2346608.508374593220651, 2562788.717785272747278 ], [ 2346561.574708126485348, 2562788.717785272747278 ], [ 2346561.574708126485348, 2562835.652304234914482 ], [ 2346514.641041659750044, 2562835.652304234914482 ], [ 2346514.641041659750044, 2562882.586823197081685 ], [ 2346514.641041659750044, 2562929.520364214666188 ], [ 2346514.641041659750044, 2562976.454883176833391 ], [ 2346514.641041659750044, 2563023.389402139000595 ], [ 2346514.641041659750044, 2563070.322943156119436 ], [ 2346514.641041659750044, 2563117.257462118286639 ], [ 2346561.574708126485348, 2563117.257462118286639 ], [ 2346608.508374593220651, 2563117.257462118286639 ], [ 2346655.442041059955955, 2563117.257462118286639 ], [ 2346702.376685454044491, 2563117.257462118286639 ], [ 2346749.310351920779794, 2563117.257462118286639 ], [ 2346749.310351920779794, 2563164.191981080453843 ], [ 2346796.244018387515098, 2563164.191981080453843 ], [ 2346843.177684854250401, 2563164.191981080453843 ], [ 2346843.177684854250401, 2563211.126500042621046 ], [ 2346843.177684854250401, 2563258.060041060205549 ], [ 2346843.177684854250401, 2563304.994560022372752 ], [ 2346843.177684854250401, 2563351.929078984539956 ], [ 2346796.244018387515098, 2563351.929078984539956 ], [ 2346749.310351920779794, 2563398.863597946707159 ], [ 2346749.310351920779794, 2563445.797138963826001 ], [ 2346749.310351920779794, 2563492.731657925993204 ], [ 2346749.310351920779794, 2563539.666176888160408 ], [ 2346749.310351920779794, 2563586.600695850793272 ], [ 2346749.310351920779794, 2563633.534236867912114 ], [ 2346749.310351920779794, 2563680.468755830079317 ], [ 2346702.376685454044491, 2563680.468755830079317 ], [ 2346702.376685454044491, 2563727.403274792246521 ], [ 2346702.376685454044491, 2563774.336815809365362 ], [ 2346702.376685454044491, 2563821.271334771532565 ], [ 2346655.442041059955955, 2563821.271334771532565 ], [ 2346655.442041059955955, 2563868.205853733699769 ], [ 2346702.376685454044491, 2563868.205853733699769 ], [ 2346702.376685454044491, 2563915.140372696332633 ], [ 2346749.310351920779794, 2563915.140372696332633 ], [ 2346796.244018387515098, 2563915.140372696332633 ], [ 2346796.244018387515098, 2563868.205853733699769 ], [ 2346843.177684854250401, 2563868.205853733699769 ], [ 2346890.111351320985705, 2563868.205853733699769 ], [ 2346890.111351320985705, 2563915.140372696332633 ], [ 2346937.045017787255347, 2563915.140372696332633 ], [ 2346937.045017787255347, 2563962.073913713451475 ], [ 2346937.045017787255347, 2564009.008432675618678 ], [ 2346890.111351320985705, 2564009.008432675618678 ], [ 2346843.177684854250401, 2564009.008432675618678 ], [ 2346796.244018387515098, 2564009.008432675618678 ], [ 2346749.310351920779794, 2564009.008432675618678 ], [ 2346702.376685454044491, 2564009.008432675618678 ], [ 2346655.442041059955955, 2564009.008432675618678 ], [ 2346655.442041059955955, 2564055.942951637785882 ], [ 2346608.508374593220651, 2564055.942951637785882 ], [ 2346561.574708126485348, 2564055.942951637785882 ], [ 2346561.574708126485348, 2564102.877470599953085 ], [ 2346514.641041659750044, 2564102.877470599953085 ], [ 2346514.641041659750044, 2564149.811011617071927 ], [ 2346561.574708126485348, 2564149.811011617071927 ], [ 2346561.574708126485348, 2564196.74553057923913 ], [ 2346608.508374593220651, 2564196.74553057923913 ], [ 2346608.508374593220651, 2564243.680049541871995 ], [ 2346561.574708126485348, 2564290.614568504039198 ], [ 2346514.641041659750044, 2564290.614568504039198 ], [ 2346467.707375193480402, 2564290.614568504039198 ], [ 2346420.772730799391866, 2564290.614568504039198 ], [ 2346373.839064332656562, 2564290.614568504039198 ], [ 2346373.839064332656562, 2564243.680049541871995 ], [ 2346326.905397865921259, 2564243.680049541871995 ], [ 2346326.905397865921259, 2564290.614568504039198 ], [ 2346279.971731399185956, 2564290.614568504039198 ], [ 2346279.971731399185956, 2564337.54810952115804 ], [ 2346279.971731399185956, 2564384.482628483325243 ], [ 2346233.038064932450652, 2564384.482628483325243 ], [ 2346233.038064932450652, 2564431.417147445492446 ], [ 2345998.368754671886563, 2564431.417147445492446 ], [ 2345951.43508820515126, 2564431.417147445492446 ], [ 2345716.765777944587171, 2564431.417147445492446 ], [ 2345669.831133550498635, 2564431.417147445492446 ], [ 2345388.228156822733581, 2564431.417147445492446 ], [ 2344918.889536301605403, 2564431.417147445492446 ], [ 2343792.477629391476512, 2564384.482628483325243 ], [ 2343651.67565206438303, 2564384.482628483325243 ], [ 2343323.139008870348334, 2564384.482628483325243 ], [ 2343182.338009470142424, 2564431.417147445492446 ], [ 2343041.536032142583281, 2564478.350688462611288 ], [ 2342853.800388348754495, 2564525.285207424778491 ], [ 2342008.991458166390657, 2564525.285207424778491 ], [ 2342008.991458166390657, 2564055.942951637785882 ], [ 2339474.56368969194591, 2564009.008432675618678 ], [ 2338723.622092443052679, 2564009.008432675618678 ], [ 2338113.481494594365358, 2563962.073913713451475 ], [ 2337362.539897345472127, 2563962.073913713451475 ], [ 2335485.186393186915666, 2563915.140372696332633 ], [ 2334968.914106198586524, 2563915.140372696332633 ], [ 2334921.98043973185122, 2563915.140372696332633 ], [ 2333936.3695322223939, 2563868.205853733699769 ], [ 2333889.435865755658597, 2563868.205853733699769 ], [ 2333842.50122136157006, 2563868.205853733699769 ], [ 2333795.567554894834757, 2563868.205853733699769 ], [ 2333513.964578167535365, 2563680.468755830079317 ], [ 2333138.494268506765366, 2563492.731657925993204 ], [ 2332950.758624712470919, 2561850.032295753248036 ], [ 2332809.956647384911776, 2560676.676167313009501 ], [ 2332669.155647985171527, 2559456.3855199101381 ], [ 2331448.875430214684457, 2559597.188098851591349 ], [ 2331120.338787020649761, 2559644.122617813758552 ], [ 2331073.404142626561224, 2559644.122617813758552 ], [ 2330932.603143226355314, 2559644.122617813758552 ], [ 2330744.867499432526529, 2559691.057136776391417 ], [ 2328632.844685012940317, 2559925.72777569713071 ], [ 2327600.300111036747694, 2560019.596813621930778 ], [ 2327318.696156381629407, 2559972.662294659297913 ], [ 2327224.828823448624462, 2559925.72777569713071 ], [ 2327130.961490515153855, 2559925.72777569713071 ], [ 2326567.754559132736176, 2559784.925196755677462 ], [ 2326473.887226199731231, 2559784.925196755677462 ], [ 2326426.953559732995927, 2559784.925196755677462 ], [ 2326333.085248872172087, 2559784.925196755677462 ], [ 2325957.614939211402088, 2559831.859715717844665 ], [ 2325535.209985156543553, 2559878.794234680011868 ], [ 2325300.540674895979464, 2559925.72777569713071 ], [ 2324831.202054374385625, 2559972.662294659297913 ], [ 2324737.334721440915018, 2559972.662294659297913 ], [ 2325300.540674895979464, 2559127.845843064598739 ], [ 2325347.475319289602339, 2559080.911324102431536 ], [ 2325394.408985756337643, 2558987.04326412267983 ], [ 2325441.342652223072946, 2558940.108745160512626 ], [ 2325488.276318689808249, 2558846.240685181226581 ], [ 2325582.143651623278856, 2558705.43712829425931 ], [ 2325676.011962484102696, 2558564.634549352806062 ], [ 2325816.812961883842945, 2558376.89745144918561 ], [ 2326004.548605678137392, 2558095.292293565813452 ], [ 2326051.482272144872695, 2558048.357774603180587 ], [ 2326098.416916538961232, 2558001.423255641013384 ], [ 2326145.350583005230874, 2557954.489714623894542 ], [ 2326098.416916538961232, 2557954.489714623894542 ], [ 2326051.482272144872695, 2557907.555195661727339 ], [ 2326004.548605678137392, 2557860.620676699560136 ], [ 2326004.548605678137392, 2557813.687135682441294 ], [ 2325957.614939211402088, 2557813.687135682441294 ], [ 2325816.812961883842945, 2557719.818097757641226 ], [ 2325769.879295417107642, 2557672.883578795474023 ], [ 2325863.747606277931482, 2557391.278420912101865 ], [ 2325863.747606277931482, 2557344.343901949934661 ], [ 2325910.681272744666785, 2557250.475841970648617 ], [ 2325863.747606277931482, 2557203.541323008481413 ], [ 2325676.011962484102696, 2557203.541323008481413 ], [ 2325535.209985156543553, 2557250.475841970648617 ], [ 2325488.276318689808249, 2556734.199067221023142 ], [ 2325441.342652223072946, 2556593.396488279569894 ], [ 2325394.408985756337643, 2556217.922292471863329 ], [ 2325018.937698168214411, 2556264.855833488982171 ], [ 2324643.467388507444412, 2556311.790352451149374 ], [ 2324127.19510151958093, 2556358.724871413316578 ], [ 2322859.981217282358557, 2556499.527450355235487 ], [ 2322719.179239954799414, 2556499.527450355235487 ], [ 2322719.179239954799414, 2556546.461969317402691 ], [ 2322672.24557348806411, 2556499.527450355235487 ], [ 2322625.311907021328807, 2555842.448096664156765 ], [ 2322625.311907021328807, 2555795.513577701989561 ], [ 2322578.378240554593503, 2555560.841960835736245 ], [ 2322249.840619433205575, 2555560.841960835736245 ], [ 2321405.031689251307398, 2555654.710998760070652 ], [ 2321076.495046056807041, 2555701.645517722237855 ], [ 2320607.156425535678864, 2555748.579058739356697 ], [ 2320231.685137947555631, 2555795.513577701989561 ], [ 2320184.751471480820328, 2555795.513577701989561 ], [ 2320137.817805014085025, 2555795.513577701989561 ], [ 2319668.479184492491186, 2555842.448096664156765 ], [ 2318823.670254310127348, 2555936.31615664344281 ], [ 2317180.985082484781742, 2556124.053254547528923 ], [ 2316523.910818169359118, 2556170.987773509696126 ], [ 2316054.573175575118512, 2556217.922292471863329 ], [ 2315679.10188798699528, 2556264.855833488982171 ], [ 2314318.020670816767961, 2556405.659390375949442 ], [ 2313003.872142185457051, 2556546.461969317402691 ], [ 2312956.938475718721747, 2556546.461969317402691 ], [ 2312581.468166057951748, 2556593.396488279569894 ], [ 2310657.180017505306751, 2556781.132608238607645 ], [ 2310610.246351038571447, 2556828.067127200774848 ], [ 2310563.312684571836144, 2556828.067127200774848 ], [ 2308545.157203085720539, 2557015.8042251043953 ], [ 2308498.222558691632003, 2557015.8042251043953 ], [ 2307465.677984715439379, 2557156.60680404631421 ], [ 2307418.744318248704076, 2557156.60680404631421 ], [ 2306902.472031260840595, 2557203.541323008481413 ], [ 2305400.588836762588471, 2557344.343901949934661 ], [ 2305353.655170295853168, 2557344.343901949934661 ], [ 2305259.787837362848222, 2557391.278420912101865 ], [ 2304884.31654977472499, 2557438.21293987473473 ], [ 2304321.110596319660544, 2557719.818097757641226 ], [ 2304321.110596319660544, 2558517.70100833568722 ], [ 2304321.110596319660544, 2558564.634549352806062 ], [ 2304321.110596319660544, 2558987.04326412267983 ], [ 2304321.110596319660544, 2559033.977783085312694 ], [ 2304321.110596319660544, 2559127.845843064598739 ], [ 2304274.176929852925241, 2560160.399392563384026 ], [ 2303476.300688209943473, 2560160.399392563384026 ], [ 2302631.491758027579635, 2560113.464873601216823 ], [ 2302631.491758027579635, 2560911.347784178797156 ], [ 2302631.491758027579635, 2561756.164235773961991 ], [ 2302584.558091561309993, 2562554.046168406493962 ], [ 2302584.558091561309993, 2562788.717785272747278 ], [ 2302584.558091561309993, 2563258.060041060205549 ], [ 2302584.558091561309993, 2563304.994560022372752 ], [ 2302584.558091561309993, 2563398.863597946707159 ], [ 2302068.285804572980851, 2563351.929078984539956 ], [ 2300941.872919735964388, 2563351.929078984539956 ], [ 2299768.527346359565854, 2563304.994560022372752 ], [ 2299299.188725837972015, 2563304.994560022372752 ], [ 2299299.188725837972015, 2563633.534236867912114 ], [ 2298219.710485395044088, 2563586.600695850793272 ], [ 2296577.025313569698483, 2563586.600695850793272 ], [ 2296577.025313569698483, 2564431.417147445492446 ], [ 2296999.430267624557018, 2564619.154245349578559 ], [ 2297140.231267024297267, 2564713.022305328864604 ], [ 2297562.636221079155803, 2564900.759403232950717 ], [ 2297515.702554612420499, 2564994.627463212236762 ], [ 2296764.760957363527268, 2566825.063923289068043 ], [ 2296811.694623830262572, 2566825.063923289068043 ], [ 2296670.89264650316909, 2566825.063923289068043 ], [ 2296623.958980036433786, 2566825.063923289068043 ], [ 2296577.025313569698483, 2566871.998442251235247 ], [ 2296483.157980636227876, 2566871.998442251235247 ], [ 2296483.157980636227876, 2566918.931983268354088 ], [ 2296483.157980636227876, 2567059.735540154855698 ], [ 2296436.223336242139339, 2568186.157149633392692 ], [ 2296436.223336242139339, 2568420.828766499646008 ], [ 2296436.223336242139339, 2568890.171022286638618 ], [ 2296436.223336242139339, 2569265.645218094345182 ] ] } },
{ "type": "Feature", "properties": { }, "geometry": { "type": "LineString", "coordinates": [ [ 2296436.223336242139339, 2569265.645218094345182 ], [ 2296436.223336242139339, 2569922.724571785423905 ], [ 2296436.223336242139339, 2570157.396188651677221 ], [ 2296389.289669775404036, 2570439.001346535049379 ], [ 2296389.289669775404036, 2571471.554896033834666 ], [ 2296342.356003308668733, 2572457.174904515501112 ], [ 2296342.356003308668733, 2572504.109423477668315 ], [ 2296342.356003308668733, 2573301.991356110665947 ], [ 2296342.356003308668733, 2573912.137168784625828 ], [ 2296295.422336842399091, 2575320.163936146069318 ], [ 2296295.422336842399091, 2575367.098455108236521 ], [ 2296295.422336842399091, 2575414.032974070403725 ], [ 2295826.083716320805252, 2574991.624259300529957 ], [ 2295215.944096399005502, 2574428.413943533785641 ], [ 2295215.944096399005502, 2574756.953620379325002 ], [ 2295262.877762865740806, 2574850.821680358611047 ], [ 2295309.811429332476109, 2575460.967493032570928 ], [ 2295309.811429332476109, 2575507.90103404968977 ], [ 2295403.678762265946716, 2576211.914906702935696 ], [ 2295732.216383387334645, 2576164.981365685816854 ], [ 2295732.216383387334645, 2576446.586523569189012 ], [ 2295779.150049854069948, 2576493.521042531356215 ], [ 2295779.150049854069948, 2576540.454583548940718 ], [ 2295779.150049854069948, 2576681.258140435442328 ], [ 2295779.150049854069948, 2576728.19168145256117 ], [ 2295826.083716320805252, 2577150.600396222434938 ], [ 2295826.083716320805252, 2577291.402975164353848 ], [ 2296530.091647102963179, 2577244.468456202186644 ], [ 2296577.025313569698483, 2577197.534915185067803 ], [ 2296764.760957363527268, 2577197.534915185067803 ], [ 2296999.430267624557018, 2577150.600396222434938 ], [ 2297046.363934091292322, 2577573.009110992774367 ], [ 2297046.363934091292322, 2577666.877170972060412 ], [ 2297140.231267024297267, 2578323.956524663139135 ], [ 2297234.099577885121107, 2579168.77297625830397 ], [ 2297187.164933491032571, 2579168.77297625830397 ], [ 2296764.760957363527268, 2579215.707495220471174 ], [ 2296623.958980036433786, 2579262.642014182638377 ], [ 2296436.223336242139339, 2579262.642014182638377 ], [ 2296389.289669775404036, 2579309.57653314480558 ], [ 2296295.422336842399091, 2579309.57653314480558 ], [ 2296013.819360114634037, 2579356.510074161924422 ], [ 2295966.885693647898734, 2579356.510074161924422 ], [ 2295873.017382787540555, 2579356.510074161924422 ], [ 2295309.811429332476109, 2579403.444593124091625 ], [ 2295309.811429332476109, 2580154.392984739970416 ], [ 2295309.811429332476109, 2580670.669759489130229 ], [ 2295262.877762865740806, 2581937.894925854168832 ], [ 2295826.083716320805252, 2581937.894925854168832 ], [ 2295779.150049854069948, 2582782.711377449333668 ], [ 2295779.150049854069948, 2582970.448475352954119 ], [ 2295779.150049854069948, 2583627.527829044032842 ], [ 2295544.480739593040198, 2583580.593310081865638 ], [ 2295497.547073126770556, 2585223.292672254610807 ], [ 2296107.686693048104644, 2585270.227191217243671 ], [ 2296107.686693048104644, 2586819.057515465188771 ], [ 2296060.75302658136934, 2586819.057515465188771 ], [ 2296060.75302658136934, 2587194.531711272895336 ], [ 2296013.819360114634037, 2587992.413643905892968 ], [ 2296013.819360114634037, 2588039.348162868060172 ], [ 2296060.75302658136934, 2588086.281703885179013 ], [ 2296060.75302658136934, 2588133.216222847346216 ], [ 2296107.686693048104644, 2588133.216222847346216 ], [ 2296154.620359514839947, 2588133.216222847346216 ], [ 2296201.555003908928484, 2588133.216222847346216 ], [ 2296248.488670375663787, 2588133.216222847346216 ], [ 2296295.422336842399091, 2588180.15074180951342 ], [ 2296342.356003308668733, 2588180.15074180951342 ], [ 2296342.356003308668733, 2588367.887839713599533 ], [ 2296389.289669775404036, 2588508.690418655052781 ], [ 2296389.289669775404036, 2588555.624937617685646 ], [ 2296389.289669775404036, 2588696.427516559138894 ], [ 2296436.223336242139339, 2588978.032674442511052 ], [ 2296436.223336242139339, 2589024.967193404678255 ], [ 2296389.289669775404036, 2589212.704291308764368 ], [ 2296342.356003308668733, 2589353.506870250217617 ], [ 2296295.422336842399091, 2589541.24396815430373 ], [ 2296342.356003308668733, 2590151.389780828263611 ], [ 2296389.289669775404036, 2590198.323321845382452 ], [ 2296858.628290296997875, 2590104.455261865630746 ], [ 2296858.628290296997875, 2590432.994938711170107 ], [ 2296905.561956763733178, 2590386.060419749002904 ], [ 2297187.164933491032571, 2590386.060419749002904 ], [ 2297234.099577885121107, 2590432.994938711170107 ], [ 2297281.033244351856411, 2590902.337194498628378 ], [ 2297327.966910818591714, 2591465.548488210421056 ], [ 2297327.966910818591714, 2591512.483007172588259 ], [ 2297281.033244351856411, 2591512.483007172588259 ], [ 2297234.099577885121107, 2591512.483007172588259 ], [ 2297187.164933491032571, 2591512.483007172588259 ], [ 2297046.363934091292322, 2591559.417526134755462 ], [ 2296905.561956763733178, 2591559.417526134755462 ], [ 2296858.628290296997875, 2591606.351067151874304 ], [ 2296952.496601157821715, 2592169.562360863666981 ], [ 2295544.480739593040198, 2592122.627841901499778 ], [ 2295638.348072526510805, 2592216.496879825834185 ], [ 2295591.414406059775501, 2593577.590106170158833 ], [ 2295591.414406059775501, 2594844.815272535197437 ], [ 2295544.480739593040198, 2595173.354949380736798 ], [ 2295591.414406059775501, 2595267.223009360022843 ], [ 2295685.281738993246108, 2596205.908498879522085 ], [ 2295685.281738993246108, 2596299.777536804322153 ], [ 2295779.150049854069948, 2597050.724950474686921 ], [ 2294324.200521823018789, 2597238.462048378307372 ], [ 2293432.457925173919648, 2597332.33108630310744 ], [ 2293197.788614912889898, 2597379.264627320226282 ], [ 2292869.250993791501969, 2597379.264627320226282 ], [ 2291179.633133427239954, 2597332.33108630310744 ], [ 2291179.633133427239954, 2597754.738823127932847 ], [ 2290944.963823166210204, 2597567.001725223846734 ], [ 2290381.756891784258187, 2597144.593988399021327 ], [ 2288128.932100037112832, 2595408.026566246990114 ], [ 2287988.131100637372583, 2595314.157528322190046 ], [ 2287753.461790376342833, 2595126.420430418569595 ], [ 2287377.990502788219601, 2594844.815272535197437 ], [ 2287284.123169855214655, 2594750.94623461086303 ], [ 2286814.784549333620816, 2594422.406557765323669 ], [ 2286814.784549333620816, 2594938.683332514483482 ], [ 2286486.247906139586121, 2594938.683332514483482 ], [ 2284374.224113792646676, 2594891.74979149736464 ], [ 2284280.356780859176069, 2596769.119792591314763 ], [ 2284280.356780859176069, 2597426.199146282393485 ], [ 2284233.423114392440766, 2599679.043343184050173 ], [ 2284233.423114392440766, 2600242.25463689584285 ], [ 2284233.423114392440766, 2600336.122696875128895 ], [ 2284186.489447925705463, 2601040.136569528374821 ], [ 2284186.489447925705463, 2601884.953999068588018 ], [ 2284139.555781459435821, 2602823.638510643038899 ], [ 2284139.555781459435821, 2602964.441089584492147 ], [ 2284139.555781459435821, 2603011.37560854665935 ], [ 2284092.621137065347284, 2605686.628520218189806 ], [ 2284092.621137065347284, 2605733.56303918082267 ], [ 2284045.687470598611981, 2607000.787227600347251 ], [ 2283998.753804131876677, 2608408.814972907304764 ], [ 2283998.753804131876677, 2608502.684010831639171 ], [ 2283717.150827404577285, 2608455.749491869471967 ], [ 2283670.217160937841982, 2609112.82884556055069 ], [ 2283670.217160937841982, 2609488.303041368257254 ], [ 2283670.217160937841982, 2610192.31691402150318 ], [ 2283623.282516543753445, 2610661.659169808961451 ], [ 2283623.282516543753445, 2612069.686915115453303 ], [ 2283576.348850077018142, 2612116.621434077620506 ], [ 2283576.348850077018142, 2612210.490472002420574 ], [ 2283623.282516543753445, 2612210.490472002420574 ], [ 2283623.282516543753445, 2612492.095629885327071 ], [ 2283623.282516543753445, 2612539.030148847959936 ], [ 2283623.282516543753445, 2612679.832727789413184 ], [ 2283670.217160937841982, 2612492.095629885327071 ], [ 2283764.084493870846927, 2612304.358531981706619 ] ] } },
{ "type": "Feature", "properties": { }, "geometry": { "type": "LineString", "coordinates": [ [ 2390585.524991158861667, 2620705.590484859421849 ], [ 2389787.649727443233132, 2620658.655965897254646 ], [ 2389693.782394509762526, 2620658.655965897254646 ], [ 2389693.782394509762526, 2620705.590484859421849 ], [ 2389271.37744045490399, 2620705.590484859421849 ], [ 2388426.568510273005813, 2620705.590484859421849 ], [ 2387816.427912423852831, 2620658.655965897254646 ], [ 2387487.891269229818135, 2620658.655965897254646 ], [ 2387394.023936296347529, 2620658.655965897254646 ], [ 2387300.155625435523689, 2620658.655965897254646 ], [ 2386455.346695253625512, 2620658.655965897254646 ], [ 2385188.132811016403139, 2620658.655965897254646 ], [ 2385235.066477483138442, 2618734.35144584113732 ], [ 2385235.066477483138442, 2618593.54886689921841 ], [ 2385235.066477483138442, 2617701.797896341886371 ], [ 2385235.066477483138442, 2617654.863377379719168 ], [ 2385188.132811016403139, 2617654.863377379719168 ], [ 2385141.199144549667835, 2617654.863377379719168 ], [ 2385047.330833688843995, 2617701.797896341886371 ], [ 2384437.191213767509907, 2617654.863377379719168 ], [ 2383592.381305657792836, 2617654.863377379719168 ], [ 2383169.977329530287534, 2617654.863377379719168 ], [ 2382888.374352802988142, 2617654.863377379719168 ], [ 2382512.90306521486491, 2617654.863377379719168 ], [ 2381057.953537183348089, 2617607.929836362600327 ], [ 2381057.953537183348089, 2617373.25821949634701 ], [ 2379884.607963806949556, 2617373.25821949634701 ], [ 2378194.989125515334308, 2617326.323700534179807 ], [ 2376599.238598084077239, 2617326.323700534179807 ], [ 2375332.023735919501632, 2617279.390159517060965 ], [ 2375285.090069452766329, 2617279.390159517060965 ], [ 2375285.090069452766329, 2615120.414022595155984 ], [ 2375285.090069452766329, 2615073.479503632523119 ], [ 2375332.023735919501632, 2615073.479503632523119 ], [ 2375332.023735919501632, 2615026.544984670355916 ], [ 2375332.023735919501632, 2614932.676924691069871 ], [ 2375332.023735919501632, 2613571.583698346745223 ], [ 2375425.892046780325472, 2613477.714660421945155 ], [ 2375425.892046780325472, 2613430.781119404826313 ], [ 2375378.958380313590169, 2613430.781119404826313 ], [ 2375285.090069452766329, 2613430.781119404826313 ], [ 2374768.817782464437187, 2613430.781119404826313 ], [ 2374721.884115998167545, 2613430.781119404826313 ], [ 2374111.744496076367795, 2613383.84660044265911 ], [ 2373595.472209088038653, 2613383.84660044265911 ], [ 2372515.992990717757493, 2613383.84660044265911 ], [ 2372469.05932425102219, 2613336.912081480491906 ], [ 2372375.191991318017244, 2613336.912081480491906 ], [ 2372328.258324851281941, 2613336.912081480491906 ], [ 2372281.323680457193404, 2613336.912081480491906 ], [ 2372234.390013990458101, 2613336.912081480491906 ], [ 2372187.456347523722798, 2613336.912081480491906 ], [ 2372140.522681056987494, 2613336.912081480491906 ], [ 2371999.720703729894012, 2613336.912081480491906 ], [ 2371905.853370796423405, 2613336.912081480491906 ], [ 2371248.77910648053512, 2613336.912081480491906 ], [ 2371201.845440014265478, 2613336.912081480491906 ], [ 2371154.911773547530174, 2613336.912081480491906 ], [ 2371061.043462686706334, 2613336.912081480491906 ], [ 2370732.506819492671639, 2613336.912081480491906 ], [ 2370638.639486559201032, 2613336.912081480491906 ], [ 2370544.771175698377192, 2613336.912081480491906 ], [ 2370263.1681989710778, 2613336.912081480491906 ], [ 2370169.300866037607193, 2613336.912081480491906 ], [ 2369183.689958528149873, 2613289.977562518324703 ], [ 2368291.946383951697499, 2613289.977562518324703 ], [ 2367353.270120835863054, 2613289.977562518324703 ], [ 2367212.468143508769572, 2613289.977562518324703 ], [ 2367165.534477042034268, 2613289.977562518324703 ], [ 2367118.600810575298965, 2613243.044021501205862 ], [ 2366790.063189453911036, 2613102.24046461423859 ], [ 2366743.129522987175733, 2613055.306923597119749 ], [ 2365945.254259271547198, 2612679.832727789413184 ], [ 2365898.320592804811895, 2612632.898208827245981 ], [ 2365851.386926338076591, 2612632.898208827245981 ], [ 2365804.453259871341288, 2612632.898208827245981 ], [ 2365663.651282544247806, 2612632.898208827245981 ], [ 2365335.11463935021311, 2612632.898208827245981 ], [ 2365194.312662022653967, 2612632.898208827245981 ], [ 2364865.776018828619272, 2612632.898208827245981 ], [ 2364771.907707967795432, 2612632.898208827245981 ], [ 2364678.040375034324825, 2612632.898208827245981 ], [ 2364631.106708567589521, 2612585.963689865078777 ], [ 2364584.173042100854218, 2612585.963689865078777 ], [ 2364443.371064773760736, 2612585.963689865078777 ], [ 2364349.503731840290129, 2612585.963689865078777 ], [ 2364020.9661107189022, 2612585.963689865078777 ], [ 2363974.032444252166897, 2612585.963689865078777 ], [ 2363598.562134591396898, 2612585.963689865078777 ], [ 2363410.826490797102451, 2612585.963689865078777 ], [ 2362894.55420380923897, 2612585.963689865078777 ], [ 2362847.620537342503667, 2612585.963689865078777 ], [ 2362800.686870875768363, 2612585.963689865078777 ], [ 2362706.818560014944524, 2612585.963689865078777 ], [ 2362566.017560615204275, 2612585.963689865078777 ], [ 2362566.017560615204275, 2612539.030148847959936 ], [ 2362566.017560615204275, 2612492.095629885327071 ], [ 2362566.017560615204275, 2612210.490472002420574 ], [ 2362566.017560615204275, 2612163.55595303978771 ], [ 2362612.951227081473917, 2612069.686915115453303 ], [ 2362612.951227081473917, 2611881.949817211832851 ], [ 2362612.951227081473917, 2611741.147238269913942 ], [ 2362566.017560615204275, 2611741.147238269913942 ], [ 2362049.745273626875132, 2611741.147238269913942 ], [ 2361955.876962766051292, 2611741.147238269913942 ], [ 2360876.398722323123366, 2611694.2136972527951 ], [ 2360219.324458007700741, 2611694.2136972527951 ], [ 2358858.243240837007761, 2611694.2136972527951 ], [ 2358717.441263509448618, 2611694.2136972527951 ], [ 2358717.441263509448618, 2611647.279178290627897 ], [ 2358670.507597043178976, 2611694.2136972527951 ], [ 2358670.507597043178976, 2611647.279178290627897 ], [ 2358670.507597043178976, 2611694.2136972527951 ], [ 2358623.573930576443672, 2611694.2136972527951 ], [ 2358623.573930576443672, 2611647.279178290627897 ], [ 2358623.573930576443672, 2611600.344659328460693 ], [ 2358623.573930576443672, 2611553.41014036629349 ], [ 2358623.573930576443672, 2611506.476599348708987 ], [ 2358623.573930576443672, 2611459.542080386541784 ], [ 2358670.507597043178976, 2611459.542080386541784 ], [ 2358623.573930576443672, 2611412.60756142437458 ], [ 2358670.507597043178976, 2611412.60756142437458 ], [ 2358670.507597043178976, 2611365.673042462207377 ], [ 2358670.507597043178976, 2611318.739501445088536 ], [ 2358717.441263509448618, 2611318.739501445088536 ], [ 2358717.441263509448618, 2611271.804982482921332 ], [ 2358670.507597043178976, 2611271.804982482921332 ], [ 2358670.507597043178976, 2611224.870463520754129 ], [ 2358623.573930576443672, 2611224.870463520754129 ], [ 2358670.507597043178976, 2611224.870463520754129 ], [ 2358670.507597043178976, 2611177.935944558121264 ], [ 2358670.507597043178976, 2611131.002403541002423 ], [ 2358670.507597043178976, 2611084.067884578835219 ], [ 2358670.507597043178976, 2611037.133365616668016 ], [ 2358623.573930576443672, 2611037.133365616668016 ], [ 2358623.573930576443672, 2611084.067884578835219 ], [ 2358576.640264109708369, 2611084.067884578835219 ], [ 2358576.640264109708369, 2611037.133365616668016 ], [ 2358529.706597642973065, 2611037.133365616668016 ], [ 2358529.706597642973065, 2611084.067884578835219 ], [ 2358482.771953248884529, 2611084.067884578835219 ], [ 2358435.838286782149225, 2611037.133365616668016 ], [ 2358435.838286782149225, 2610990.199824599549174 ], [ 2358388.904620315413922, 2610990.199824599549174 ], [ 2358388.904620315413922, 2610943.265305637381971 ], [ 2358341.970953848678619, 2610943.265305637381971 ], [ 2358341.970953848678619, 2610896.330786675214767 ], [ 2358341.970953848678619, 2610849.396267712581903 ], [ 2358341.970953848678619, 2610802.462726695463061 ], [ 2358295.037287381943315, 2610802.462726695463061 ], [ 2358295.037287381943315, 2610755.528207733295858 ], [ 2358248.10264298832044, 2610802.462726695463061 ], [ 2358201.168976521585137, 2610802.462726695463061 ], [ 2358201.168976521585137, 2610755.528207733295858 ], [ 2358248.10264298832044, 2610755.528207733295858 ], [ 2358201.168976521585137, 2610755.528207733295858 ], [ 2358201.168976521585137, 2610708.593688771128654 ], [ 2358248.10264298832044, 2610708.593688771128654 ], [ 2358248.10264298832044, 2610661.659169808961451 ], [ 2358201.168976521585137, 2610661.659169808961451 ], [ 2358201.168976521585137, 2610614.72562879184261 ], [ 2358248.10264298832044, 2610614.72562879184261 ], [ 2358295.037287381943315, 2610614.72562879184261 ], [ 2358295.037287381943315, 2610567.791109829675406 ], [ 2358248.10264298832044, 2610567.791109829675406 ], [ 2358248.10264298832044, 2610520.856590867042542 ], [ 2358201.168976521585137, 2610473.922071904875338 ], [ 2358201.168976521585137, 2610520.856590867042542 ], [ 2358201.168976521585137, 2610473.922071904875338 ], [ 2358154.235310054849833, 2610473.922071904875338 ], [ 2358201.168976521585137, 2610473.922071904875338 ], [ 2358201.168976521585137, 2610426.988530887756497 ], [ 2358154.235310054849833, 2610426.988530887756497 ], [ 2358154.235310054849833, 2610380.054011925589293 ], [ 2358107.30164358811453, 2610380.054011925589293 ], [ 2358060.367977121379226, 2610380.054011925589293 ], [ 2358107.30164358811453, 2610333.11949296342209 ], [ 2358060.367977121379226, 2610333.11949296342209 ], [ 2358060.367977121379226, 2610286.185951946303248 ], [ 2358060.367977121379226, 2610239.251432984136045 ], [ 2358013.434310654643923, 2610239.251432984136045 ], [ 2358013.434310654643923, 2610192.31691402150318 ], [ 2358060.367977121379226, 2610192.31691402150318 ], [ 2358013.434310654643923, 2610145.382395059335977 ], [ 2358013.434310654643923, 2610098.448854042217135 ], [ 2357966.499666260555387, 2610098.448854042217135 ], [ 2357919.565999793820083, 2610098.448854042217135 ], [ 2357872.632333327550441, 2610098.448854042217135 ], [ 2357872.632333327550441, 2610051.514335080049932 ], [ 2357872.632333327550441, 2610004.579816117882729 ], [ 2357872.632333327550441, 2609957.645297155715525 ], [ 2357919.565999793820083, 2609957.645297155715525 ], [ 2357966.499666260555387, 2609957.645297155715525 ], [ 2357966.499666260555387, 2609910.711756138596684 ], [ 2357966.499666260555387, 2609863.777237175963819 ], [ 2357919.565999793820083, 2609863.777237175963819 ], [ 2357872.632333327550441, 2609863.777237175963819 ], [ 2357872.632333327550441, 2609816.842718213796616 ], [ 2357872.632333327550441, 2609769.909177196677774 ], [ 2357825.698666860815138, 2609816.842718213796616 ], [ 2357778.765000394079834, 2609816.842718213796616 ], [ 2357731.830356, 2609816.842718213796616 ], [ 2357731.830356, 2609769.909177196677774 ], [ 2357778.765000394079834, 2609769.909177196677774 ], [ 2357778.765000394079834, 2609722.974658234510571 ], [ 2357731.830356, 2609722.974658234510571 ], [ 2357684.896689533255994, 2609722.974658234510571 ], [ 2357684.896689533255994, 2609676.040139272343367 ], [ 2357637.963023066520691, 2609676.040139272343367 ], [ 2357637.963023066520691, 2609629.105620310176164 ], [ 2357591.029356599785388, 2609629.105620310176164 ], [ 2357591.029356599785388, 2609582.172079293057323 ], [ 2357591.029356599785388, 2609535.237560330424458 ], [ 2357544.095690133050084, 2609535.237560330424458 ], [ 2357544.095690133050084, 2609488.303041368257254 ], [ 2357544.095690133050084, 2609441.368522406090051 ], [ 2357497.162023666314781, 2609441.368522406090051 ], [ 2357497.162023666314781, 2609488.303041368257254 ], [ 2357497.162023666314781, 2609441.368522406090051 ], [ 2357450.227379272691905, 2609441.368522406090051 ], [ 2357450.227379272691905, 2609394.43498138897121 ], [ 2357403.293712805956602, 2609394.43498138897121 ], [ 2357356.360046339221299, 2609394.43498138897121 ], [ 2357356.360046339221299, 2609347.500462426804006 ], [ 2357403.293712805956602, 2609347.500462426804006 ], [ 2357403.293712805956602, 2609300.565943464636803 ], [ 2357403.293712805956602, 2609253.631424502003938 ], [ 2357356.360046339221299, 2609253.631424502003938 ], [ 2357356.360046339221299, 2609206.697883484885097 ], [ 2357403.293712805956602, 2609206.697883484885097 ], [ 2357356.360046339221299, 2609206.697883484885097 ], [ 2357356.360046339221299, 2609159.763364522717893 ], [ 2357356.360046339221299, 2609112.82884556055069 ], [ 2357309.426379872485995, 2609112.82884556055069 ], [ 2357356.360046339221299, 2609112.82884556055069 ], [ 2357356.360046339221299, 2609065.895304543431848 ], [ 2357309.426379872485995, 2609065.895304543431848 ], [ 2357309.426379872485995, 2609018.960785581264645 ], [ 2357309.426379872485995, 2608972.026266619097441 ], [ 2357262.492713405750692, 2608972.026266619097441 ], [ 2357309.426379872485995, 2608972.026266619097441 ], [ 2357309.426379872485995, 2608925.091747656464577 ], [ 2357309.426379872485995, 2608878.158206639345735 ], [ 2357262.492713405750692, 2608878.158206639345735 ], [ 2357262.492713405750692, 2608925.091747656464577 ], [ 2357215.558069011662155, 2608925.091747656464577 ], [ 2357215.558069011662155, 2608878.158206639345735 ], [ 2357168.624402544926852, 2608878.158206639345735 ], [ 2357168.624402544926852, 2608925.091747656464577 ], [ 2357121.690736078191549, 2608925.091747656464577 ], [ 2357121.690736078191549, 2608878.158206639345735 ], [ 2357074.757069611921906, 2608878.158206639345735 ], [ 2357074.757069611921906, 2608831.223687677178532 ], [ 2357121.690736078191549, 2608831.223687677178532 ], [ 2357121.690736078191549, 2608784.289168715011328 ], [ 2357074.757069611921906, 2608784.289168715011328 ], [ 2357074.757069611921906, 2608831.223687677178532 ], [ 2357027.823403145186603, 2608831.223687677178532 ], [ 2357027.823403145186603, 2608784.289168715011328 ], [ 2357027.823403145186603, 2608737.354649752844125 ], [ 2357074.757069611921906, 2608737.354649752844125 ], [ 2357074.757069611921906, 2608690.421108735725284 ], [ 2357027.823403145186603, 2608690.421108735725284 ], [ 2356980.888758751098067, 2608690.421108735725284 ], [ 2356933.955092284362763, 2608690.421108735725284 ], [ 2356933.955092284362763, 2608737.354649752844125 ], [ 2356933.955092284362763, 2608690.421108735725284 ], [ 2356887.02142581762746, 2608690.421108735725284 ], [ 2356887.02142581762746, 2608643.48658977355808 ], [ 2356840.087759350892156, 2608643.48658977355808 ], [ 2356840.087759350892156, 2608596.552070810925215 ], [ 2356887.02142581762746, 2608549.617551848758012 ], [ 2356933.955092284362763, 2608549.617551848758012 ], [ 2356933.955092284362763, 2608502.684010831639171 ], [ 2356933.955092284362763, 2608455.749491869471967 ], [ 2356887.02142581762746, 2608502.684010831639171 ], [ 2356840.087759350892156, 2608502.684010831639171 ], [ 2356887.02142581762746, 2608502.684010831639171 ], [ 2356887.02142581762746, 2608455.749491869471967 ], [ 2356840.087759350892156, 2608455.749491869471967 ], [ 2356793.154092884156853, 2608455.749491869471967 ], [ 2356746.22042641742155, 2608455.749491869471967 ], [ 2356746.22042641742155, 2608502.684010831639171 ], [ 2356699.285782023798674, 2608502.684010831639171 ], [ 2356699.285782023798674, 2608455.749491869471967 ], [ 2356652.352115557063371, 2608455.749491869471967 ], [ 2356652.352115557063371, 2608502.684010831639171 ], [ 2356605.418449090328068, 2608502.684010831639171 ], [ 2356558.484782623592764, 2608502.684010831639171 ], [ 2356511.551116156857461, 2608502.684010831639171 ], [ 2356511.551116156857461, 2608455.749491869471967 ], [ 2356511.551116156857461, 2608408.814972907304764 ], [ 2356464.616471762768924, 2608408.814972907304764 ], [ 2356464.616471762768924, 2608455.749491869471967 ], [ 2356417.682805296033621, 2608455.749491869471967 ], [ 2356417.682805296033621, 2608408.814972907304764 ], [ 2356417.682805296033621, 2608361.881431890185922 ], [ 2356464.616471762768924, 2608361.881431890185922 ], [ 2356464.616471762768924, 2608408.814972907304764 ], [ 2356511.551116156857461, 2608408.814972907304764 ], [ 2356511.551116156857461, 2608361.881431890185922 ], [ 2356511.551116156857461, 2608314.946912928018719 ], [ 2356558.484782623592764, 2608314.946912928018719 ], [ 2356558.484782623592764, 2608268.012393965385854 ], [ 2356605.418449090328068, 2608268.012393965385854 ], [ 2356605.418449090328068, 2608221.077875003218651 ], [ 2356558.484782623592764, 2608221.077875003218651 ], [ 2356511.551116156857461, 2608221.077875003218651 ], [ 2356464.616471762768924, 2608221.077875003218651 ], [ 2356417.682805296033621, 2608174.144333986099809 ], [ 2356370.749138829298317, 2608174.144333986099809 ], [ 2356370.749138829298317, 2608127.209815023932606 ], [ 2356417.682805296033621, 2608127.209815023932606 ], [ 2356417.682805296033621, 2608080.275296061765403 ], [ 2356464.616471762768924, 2608080.275296061765403 ], [ 2356464.616471762768924, 2608033.340777099598199 ], [ 2356464.616471762768924, 2607986.407236082479358 ], [ 2356511.551116156857461, 2607986.407236082479358 ], [ 2356511.551116156857461, 2607939.472717119846493 ], [ 2356464.616471762768924, 2607939.472717119846493 ], [ 2356464.616471762768924, 2607892.53819815767929 ], [ 2356464.616471762768924, 2607845.604657140560448 ], [ 2356464.616471762768924, 2607798.670138178393245 ], [ 2356417.682805296033621, 2607798.670138178393245 ], [ 2356417.682805296033621, 2607751.735619216226041 ], [ 2356370.749138829298317, 2607751.735619216226041 ], [ 2356370.749138829298317, 2607798.670138178393245 ], [ 2356323.815472362563014, 2607798.670138178393245 ], [ 2356323.815472362563014, 2607751.735619216226041 ], [ 2356323.815472362563014, 2607704.801100254058838 ], [ 2356276.881805896293372, 2607704.801100254058838 ], [ 2356276.881805896293372, 2607751.735619216226041 ], [ 2356276.881805896293372, 2607798.670138178393245 ], [ 2356229.947161502204835, 2607798.670138178393245 ], [ 2356229.947161502204835, 2607845.604657140560448 ], [ 2356229.947161502204835, 2607892.53819815767929 ], [ 2356183.013495035469532, 2607892.53819815767929 ], [ 2356136.079828568734229, 2607892.53819815767929 ], [ 2356089.146162101998925, 2607892.53819815767929 ], [ 2356089.146162101998925, 2607845.604657140560448 ], [ 2356042.212495635263622, 2607845.604657140560448 ], [ 2356042.212495635263622, 2607892.53819815767929 ], [ 2356042.212495635263622, 2607939.472717119846493 ], [ 2356042.212495635263622, 2607986.407236082479358 ], [ 2355995.278829168528318, 2607986.407236082479358 ], [ 2355995.278829168528318, 2608033.340777099598199 ], [ 2355995.278829168528318, 2608080.275296061765403 ], [ 2355948.344184774439782, 2608033.340777099598199 ], [ 2355948.344184774439782, 2608080.275296061765403 ], [ 2355948.344184774439782, 2608127.209815023932606 ], [ 2355948.344184774439782, 2608174.144333986099809 ], [ 2355901.41051830817014, 2608174.144333986099809 ], [ 2355901.41051830817014, 2608127.209815023932606 ], [ 2355854.476851841434836, 2608127.209815023932606 ], [ 2355854.476851841434836, 2608174.144333986099809 ], [ 2355807.543185374699533, 2608174.144333986099809 ], [ 2355854.476851841434836, 2608174.144333986099809 ], [ 2355854.476851841434836, 2608221.077875003218651 ], [ 2355807.543185374699533, 2608221.077875003218651 ], [ 2355760.60951890796423, 2608221.077875003218651 ], [ 2355713.674874513875693, 2608221.077875003218651 ], [ 2355713.674874513875693, 2608174.144333986099809 ], [ 2355666.74120804714039, 2608174.144333986099809 ], [ 2355666.74120804714039, 2608127.209815023932606 ], [ 2355619.807541580405086, 2608127.209815023932606 ], [ 2355619.807541580405086, 2608174.144333986099809 ], [ 2355572.873875113669783, 2608174.144333986099809 ], [ 2355572.873875113669783, 2608127.209815023932606 ], [ 2355525.940208647400141, 2608127.209815023932606 ], [ 2355525.940208647400141, 2608080.275296061765403 ], [ 2355525.940208647400141, 2608033.340777099598199 ], [ 2355479.005564253311604, 2608033.340777099598199 ], [ 2355479.005564253311604, 2608080.275296061765403 ], [ 2355432.071897786576301, 2608080.275296061765403 ], [ 2355385.138231319840997, 2608080.275296061765403 ], [ 2355385.138231319840997, 2608127.209815023932606 ], [ 2355338.204564853105694, 2608174.144333986099809 ], [ 2354493.395634670741856, 2608174.144333986099809 ], [ 2353883.255036822054535, 2608174.144333986099809 ], [ 2353836.321370355319232, 2608221.077875003218651 ], [ 2353836.321370355319232, 2608502.684010831639171 ], [ 2353836.321370355319232, 2608549.617551848758012 ], [ 2353836.321370355319232, 2608925.091747656464577 ], [ 2353695.519393027760088, 2608925.091747656464577 ], [ 2353695.519393027760088, 2608972.026266619097441 ], [ 2353695.519393027760088, 2609206.697883484885097 ], [ 2353695.519393027760088, 2610614.72562879184261 ], [ 2353460.850082767196, 2610567.791109829675406 ], [ 2353273.115416900254786, 2610567.791109829675406 ], [ 2352944.577795778866857, 2610567.791109829675406 ], [ 2352850.71046284539625, 2610567.791109829675406 ], [ 2352803.776796378660947, 2610567.791109829675406 ], [ 2352616.041152584832162, 2610567.791109829675406 ], [ 2352616.041152584832162, 2610614.72562879184261 ], [ 2352616.041152584832162, 2611224.870463520754129 ], [ 2352616.041152584832162, 2611271.804982482921332 ], [ 2352616.041152584832162, 2611365.673042462207377 ], [ 2352569.107486118096858, 2613289.977562518324703 ], [ 2352569.107486118096858, 2613993.991435171570629 ], [ 2352569.107486118096858, 2614040.925954133737832 ], [ 2352522.173819651361555, 2614040.925954133737832 ], [ 2352475.240153184626251, 2616997.784023688640445 ], [ 2352475.240153184626251, 2617044.718542650807649 ], [ 2352522.173819651361555, 2617044.718542650807649 ], [ 2353132.313439573161304, 2617044.718542650807649 ], [ 2353132.313439573161304, 2617091.653061613440514 ], [ 2353413.916416300460696, 2619391.431777477264404 ], [ 2353413.916416300460696, 2619438.365318494383246 ], [ 2353601.652060094289482, 2620940.262101725675166 ] ] } },
{ "type": "Feature", "properties": { }, "geometry": { "type": "LineString", "coordinates": [ [ 2389693.782394509762526, 2620705.590484859421849 ], [ 2389693.782394509762526, 2620658.655965897254646 ], [ 2389787.649727443233132, 2620658.655965897254646 ], [ 2390585.524991158861667, 2620705.590484859421849 ] ] } },
{ "type": "Feature", "properties": { }, "geometry": { "type": "LineString", "coordinates": [ [ 2359515.317505152430385, 2546220.925496383570135 ], [ 2359515.317505152430385, 2546267.860015345737338 ], [ 2359468.382860758341849, 2546267.860015345737338 ], [ 2359468.382860758341849, 2546314.793556362856179 ], [ 2359421.449194292072207, 2546314.793556362856179 ], [ 2359421.449194292072207, 2546361.728075325489044 ], [ 2359374.515527825336903, 2546361.728075325489044 ], [ 2359374.515527825336903, 2546408.662594287656248 ], [ 2359374.515527825336903, 2546455.596135304775089 ], [ 2359421.449194292072207, 2546455.596135304775089 ], [ 2359421.449194292072207, 2546502.530654266942292 ], [ 2359468.382860758341849, 2546502.530654266942292 ], [ 2359468.382860758341849, 2546549.465173229109496 ], [ 2359515.317505152430385, 2546549.465173229109496 ], [ 2359515.317505152430385, 2546596.399692191276699 ], [ 2359468.382860758341849, 2546596.399692191276699 ], [ 2359515.317505152430385, 2546596.399692191276699 ], [ 2359515.317505152430385, 2546643.333233208395541 ], [ 2359468.382860758341849, 2546643.333233208395541 ], [ 2359468.382860758341849, 2546690.267752170562744 ], [ 2359468.382860758341849, 2546737.202271133195609 ], [ 2359421.449194292072207, 2546737.202271133195609 ], [ 2359421.449194292072207, 2546784.136790095362812 ], [ 2359374.515527825336903, 2546784.136790095362812 ], [ 2359327.5818613586016, 2546784.136790095362812 ], [ 2359280.648194891866297, 2546784.136790095362812 ], [ 2359280.648194891866297, 2546737.202271133195609 ], [ 2359233.71355049777776, 2546737.202271133195609 ], [ 2359233.71355049777776, 2546784.136790095362812 ], [ 2359186.779884031042457, 2546784.136790095362812 ], [ 2359139.846217564307153, 2546784.136790095362812 ], [ 2359139.846217564307153, 2546831.070331112481654 ], [ 2359186.779884031042457, 2546878.004850074648857 ], [ 2359186.779884031042457, 2546924.939369036816061 ], [ 2359139.846217564307153, 2546971.873887998983264 ], [ 2359139.846217564307153, 2547018.807429016102105 ], [ 2359139.846217564307153, 2547065.74194797873497 ], [ 2359186.779884031042457, 2547065.74194797873497 ], [ 2359186.779884031042457, 2547112.676466940902174 ], [ 2359186.779884031042457, 2547159.610007958021015 ], [ 2359186.779884031042457, 2547206.544526920188218 ], [ 2359186.779884031042457, 2547253.479045882355422 ], [ 2359139.846217564307153, 2547253.479045882355422 ], [ 2359139.846217564307153, 2547300.413564844522625 ], [ 2359139.846217564307153, 2547347.347105861641467 ], [ 2359092.91255109757185, 2547347.347105861641467 ], [ 2359092.91255109757185, 2547394.281624824274331 ], [ 2359045.978884630836546, 2547394.281624824274331 ], [ 2358999.044240237213671, 2547394.281624824274331 ], [ 2358952.110573770478368, 2547394.281624824274331 ], [ 2358905.176907303743064, 2547394.281624824274331 ], [ 2358858.243240837007761, 2547394.281624824274331 ], [ 2358811.309574370272458, 2547394.281624824274331 ], [ 2358811.309574370272458, 2547441.216143786441535 ], [ 2358764.375907903537154, 2547441.216143786441535 ], [ 2358717.441263509448618, 2547441.216143786441535 ], [ 2358670.507597043178976, 2547441.216143786441535 ], [ 2358670.507597043178976, 2547488.150662748608738 ], [ 2358623.573930576443672, 2547488.150662748608738 ], [ 2358576.640264109708369, 2547488.150662748608738 ], [ 2358529.706597642973065, 2547488.150662748608738 ], [ 2358529.706597642973065, 2547535.08420376572758 ], [ 2358482.771953248884529, 2547535.08420376572758 ], [ 2358482.771953248884529, 2547582.018722727894783 ], [ 2358529.706597642973065, 2547582.018722727894783 ], [ 2358529.706597642973065, 2547628.953241690061986 ], [ 2358576.640264109708369, 2547628.953241690061986 ], [ 2358576.640264109708369, 2547675.887760652694851 ], [ 2358623.573930576443672, 2547675.887760652694851 ], [ 2358623.573930576443672, 2547722.821301669813693 ], [ 2358670.507597043178976, 2547722.821301669813693 ], [ 2358670.507597043178976, 2547769.755820631980896 ], [ 2358717.441263509448618, 2547769.755820631980896 ], [ 2358717.441263509448618, 2547816.690339594148099 ], [ 2358717.441263509448618, 2547863.623880611266941 ], [ 2358717.441263509448618, 2547910.558399573434144 ], [ 2358717.441263509448618, 2547957.492918535601348 ], [ 2358670.507597043178976, 2547957.492918535601348 ], [ 2358623.573930576443672, 2547957.492918535601348 ], [ 2358576.640264109708369, 2547957.492918535601348 ], [ 2358529.706597642973065, 2548004.427437498234212 ], [ 2358482.771953248884529, 2548004.427437498234212 ], [ 2358435.838286782149225, 2548051.360978515353054 ], [ 2358388.904620315413922, 2548051.360978515353054 ], [ 2358341.970953848678619, 2548098.295497477520257 ], [ 2358295.037287381943315, 2548098.295497477520257 ], [ 2358248.10264298832044, 2548098.295497477520257 ], [ 2358154.235310054849833, 2548098.295497477520257 ], [ 2358107.30164358811453, 2548098.295497477520257 ], [ 2358060.367977121379226, 2548098.295497477520257 ], [ 2358013.434310654643923, 2548098.295497477520257 ], [ 2357966.499666260555387, 2548098.295497477520257 ], [ 2357919.565999793820083, 2548098.295497477520257 ], [ 2357872.632333327550441, 2548051.360978515353054 ], [ 2357825.698666860815138, 2548051.360978515353054 ], [ 2357825.698666860815138, 2548098.295497477520257 ], [ 2357778.765000394079834, 2548098.295497477520257 ], [ 2357731.830356, 2548145.230016439687461 ], [ 2357731.830356, 2548192.164535401854664 ], [ 2357731.830356, 2548239.098076418973505 ], [ 2357684.896689533255994, 2548239.098076418973505 ], [ 2357684.896689533255994, 2548286.032595381140709 ], [ 2357637.963023066520691, 2548332.967114343773574 ], [ 2357637.963023066520691, 2548379.900655360892415 ], [ 2357637.963023066520691, 2548426.835174323059618 ], [ 2357591.029356599785388, 2548426.835174323059618 ], [ 2357591.029356599785388, 2548473.769693285226822 ], [ 2357544.095690133050084, 2548473.769693285226822 ], [ 2357497.162023666314781, 2548473.769693285226822 ], [ 2357497.162023666314781, 2548426.835174323059618 ], [ 2357450.227379272691905, 2548426.835174323059618 ], [ 2357403.293712805956602, 2548426.835174323059618 ], [ 2357356.360046339221299, 2548473.769693285226822 ], [ 2357309.426379872485995, 2548520.704212247394025 ], [ 2357262.492713405750692, 2548520.704212247394025 ], [ 2357262.492713405750692, 2548567.637753264512867 ], [ 2357215.558069011662155, 2548567.637753264512867 ], [ 2357168.624402544926852, 2548567.637753264512867 ], [ 2357121.690736078191549, 2548567.637753264512867 ], [ 2357074.757069611921906, 2548567.637753264512867 ], [ 2357027.823403145186603, 2548520.704212247394025 ], [ 2356980.888758751098067, 2548520.704212247394025 ], [ 2356933.955092284362763, 2548520.704212247394025 ], [ 2356840.087759350892156, 2548520.704212247394025 ], [ 2356793.154092884156853, 2548567.637753264512867 ], [ 2356699.285782023798674, 2548661.506791189312935 ], [ 2356652.352115557063371, 2548661.506791189312935 ], [ 2356652.352115557063371, 2548708.441310151480138 ], [ 2356605.418449090328068, 2548755.37485116859898 ], [ 2356605.418449090328068, 2548802.309370130766183 ], [ 2356558.484782623592764, 2548802.309370130766183 ], [ 2356558.484782623592764, 2548849.243889092933387 ], [ 2356558.484782623592764, 2548896.17840805510059 ], [ 2356558.484782623592764, 2548943.111949072219431 ], [ 2356511.551116156857461, 2548943.111949072219431 ], [ 2356511.551116156857461, 2548990.046468034852296 ], [ 2356464.616471762768924, 2548990.046468034852296 ], [ 2356464.616471762768924, 2549036.9809869970195 ], [ 2356417.682805296033621, 2549036.9809869970195 ], [ 2356417.682805296033621, 2549083.914528014138341 ], [ 2356370.749138829298317, 2549083.914528014138341 ], [ 2356370.749138829298317, 2549130.849046976305544 ], [ 2356323.815472362563014, 2549130.849046976305544 ], [ 2356323.815472362563014, 2549177.783565938472748 ], [ 2356276.881805896293372, 2549177.783565938472748 ], [ 2356229.947161502204835, 2549224.718084900639951 ], [ 2356183.013495035469532, 2549224.718084900639951 ], [ 2356136.079828568734229, 2549224.718084900639951 ], [ 2356136.079828568734229, 2549271.651625917758793 ], [ 2356089.146162101998925, 2549318.586144880391657 ], [ 2356042.212495635263622, 2549318.586144880391657 ], [ 2356042.212495635263622, 2549365.520663842558861 ], [ 2356042.212495635263622, 2549412.455182804726064 ], [ 2355995.278829168528318, 2549412.455182804726064 ], [ 2355995.278829168528318, 2549459.388723821844906 ], [ 2355995.278829168528318, 2549506.323242784012109 ], [ 2355948.344184774439782, 2549553.257761746179312 ], [ 2355901.41051830817014, 2549600.192280708812177 ], [ 2355854.476851841434836, 2549600.192280708812177 ], [ 2355807.543185374699533, 2549600.192280708812177 ], [ 2355760.60951890796423, 2549600.192280708812177 ], [ 2355713.674874513875693, 2549600.192280708812177 ], [ 2355666.74120804714039, 2549600.192280708812177 ], [ 2355619.807541580405086, 2549600.192280708812177 ], [ 2355572.873875113669783, 2549600.192280708812177 ], [ 2355525.940208647400141, 2549600.192280708812177 ], [ 2355479.005564253311604, 2549647.125821725931019 ], [ 2355479.005564253311604, 2549694.060340688098222 ], [ 2355525.940208647400141, 2549740.994859650265425 ], [ 2355525.940208647400141, 2549787.928400667384267 ], [ 2355572.873875113669783, 2549834.86291962955147 ], [ 2355572.873875113669783, 2549881.797438591718674 ], [ 2355572.873875113669783, 2549928.731957554351538 ], [ 2355572.873875113669783, 2549975.66549857147038 ], [ 2355572.873875113669783, 2550022.600017533637583 ], [ 2355572.873875113669783, 2550069.534536495804787 ], [ 2355572.873875113669783, 2550116.46905545797199 ], [ 2355525.940208647400141, 2550116.46905545797199 ], [ 2355525.940208647400141, 2550163.402596475090832 ], [ 2355479.005564253311604, 2550163.402596475090832 ], [ 2355385.138231319840997, 2550116.46905545797199 ], [ 2355338.204564853105694, 2550116.46905545797199 ], [ 2355338.204564853105694, 2550163.402596475090832 ], [ 2355291.270898386370391, 2550163.402596475090832 ], [ 2355291.270898386370391, 2550116.46905545797199 ], [ 2355244.337231919635087, 2550116.46905545797199 ], [ 2355244.337231919635087, 2550069.534536495804787 ], [ 2355197.402587525546551, 2550069.534536495804787 ], [ 2355197.402587525546551, 2550022.600017533637583 ], [ 2355150.468921058811247, 2550022.600017533637583 ], [ 2355103.535254592541605, 2550022.600017533637583 ], [ 2355103.535254592541605, 2549975.66549857147038 ], [ 2355056.601588125806302, 2549975.66549857147038 ], [ 2355009.667921659070998, 2549928.731957554351538 ], [ 2354962.733277264982462, 2549928.731957554351538 ], [ 2354915.799610798247159, 2549928.731957554351538 ], [ 2354915.799610798247159, 2549975.66549857147038 ], [ 2354868.865944331511855, 2549975.66549857147038 ], [ 2354821.932277864776552, 2550022.600017533637583 ], [ 2354821.932277864776552, 2550069.534536495804787 ], [ 2354821.932277864776552, 2550116.46905545797199 ], [ 2354821.932277864776552, 2550163.402596475090832 ], [ 2354821.932277864776552, 2550210.337115437258035 ], [ 2354774.998611398041248, 2550210.337115437258035 ], [ 2354774.998611398041248, 2550257.2716343998909 ], [ 2354774.998611398041248, 2550304.205175417009741 ], [ 2354774.998611398041248, 2550351.139694379176944 ], [ 2354728.063967004418373, 2550351.139694379176944 ], [ 2354728.063967004418373, 2550398.074213341344148 ], [ 2354728.063967004418373, 2550445.008732303511351 ], [ 2354681.13030053768307, 2550445.008732303511351 ], [ 2354634.196634070947766, 2550491.942273320630193 ], [ 2354587.262967604212463, 2550491.942273320630193 ], [ 2354540.32930113747716, 2550491.942273320630193 ], [ 2354493.395634670741856, 2550491.942273320630193 ], [ 2354446.46099027665332, 2550491.942273320630193 ], [ 2354399.527323809918016, 2550491.942273320630193 ], [ 2354399.527323809918016, 2550538.876792282797396 ], [ 2354352.593657343648374, 2550538.876792282797396 ], [ 2354305.659990876913071, 2550538.876792282797396 ], [ 2354305.659990876913071, 2550585.8113112449646 ], [ 2354305.659990876913071, 2550632.745830207597464 ], [ 2354258.726324410177767, 2550632.745830207597464 ], [ 2354258.726324410177767, 2550679.679371224716306 ], [ 2354211.791680016089231, 2550679.679371224716306 ], [ 2354211.791680016089231, 2550726.613890186883509 ], [ 2354211.791680016089231, 2550773.548409149050713 ], [ 2354164.858013549353927, 2550773.548409149050713 ], [ 2354164.858013549353927, 2550820.482928111217916 ], [ 2354117.924347082618624, 2550820.482928111217916 ], [ 2354070.990680615883321, 2550820.482928111217916 ], [ 2354070.990680615883321, 2550867.416469128336757 ], [ 2354024.057014149148017, 2550867.416469128336757 ], [ 2353977.122369755059481, 2550867.416469128336757 ], [ 2353977.122369755059481, 2550914.350988090969622 ], [ 2353930.188703288789839, 2550914.350988090969622 ], [ 2353930.188703288789839, 2550961.285507053136826 ], [ 2353883.255036822054535, 2550961.285507053136826 ], [ 2353836.321370355319232, 2550961.285507053136826 ], [ 2353836.321370355319232, 2551008.219048070255667 ], [ 2353789.387703888583928, 2551008.219048070255667 ], [ 2353789.387703888583928, 2551055.15356703242287 ], [ 2353742.454037421848625, 2551102.088085994590074 ], [ 2353695.519393027760088, 2551102.088085994590074 ], [ 2353695.519393027760088, 2551149.022604956757277 ], [ 2353648.585726561024785, 2551195.956145973876119 ], [ 2353648.585726561024785, 2551242.890664936508983 ], [ 2353601.652060094289482, 2551242.890664936508983 ], [ 2353554.71839362801984, 2551289.825183898676187 ], [ 2353507.784727161284536, 2551289.825183898676187 ], [ 2353460.850082767196, 2551289.825183898676187 ], [ 2353413.916416300460696, 2551289.825183898676187 ], [ 2353413.916416300460696, 2551336.75970286084339 ], [ 2353366.982749833725393, 2551336.75970286084339 ], [ 2353320.049083366990089, 2551336.75970286084339 ], [ 2353273.115416900254786, 2551336.75970286084339 ], [ 2353273.115416900254786, 2551383.693243877962232 ], [ 2353226.181750433519483, 2551383.693243877962232 ], [ 2353179.247106039896607, 2551383.693243877962232 ], [ 2353179.247106039896607, 2551430.627762840129435 ], [ 2353132.313439573161304, 2551430.627762840129435 ], [ 2353085.379773106426001, 2551430.627762840129435 ], [ 2353085.379773106426001, 2551477.562281802296638 ], [ 2353038.446106639690697, 2551477.562281802296638 ], [ 2353038.446106639690697, 2551524.496800764463842 ], [ 2352991.512440172955394, 2551524.496800764463842 ], [ 2352991.512440172955394, 2551571.430341782048345 ], [ 2352944.577795778866857, 2551571.430341782048345 ], [ 2352944.577795778866857, 2551618.364860744215548 ], [ 2352944.577795778866857, 2551665.299379706382751 ], [ 2352944.577795778866857, 2551712.232920723501593 ], [ 2352897.644129312131554, 2551712.232920723501593 ], [ 2352897.644129312131554, 2551759.167439685668796 ], [ 2352850.71046284539625, 2551759.167439685668796 ], [ 2352850.71046284539625, 2551806.101958647836 ], [ 2352803.776796378660947, 2551806.101958647836 ], [ 2352803.776796378660947, 2551853.036477610003203 ], [ 2352756.843129912391305, 2551899.970018627122045 ], [ 2352709.908485518302768, 2551946.904537589754909 ], [ 2352662.974819051567465, 2551946.904537589754909 ], [ 2352616.041152584832162, 2551993.839056551922113 ], [ 2352569.107486118096858, 2551993.839056551922113 ], [ 2352569.107486118096858, 2552040.773575514089316 ], [ 2352522.173819651361555, 2552040.773575514089316 ], [ 2352475.240153184626251, 2552087.707116531208158 ], [ 2352428.305508790537715, 2552087.707116531208158 ], [ 2352381.371842324268073, 2552087.707116531208158 ], [ 2352381.371842324268073, 2552134.641635493375361 ], [ 2352334.438175857532769, 2552134.641635493375361 ], [ 2352287.504509390797466, 2552134.641635493375361 ], [ 2352287.504509390797466, 2552181.576154455542564 ], [ 2352240.570842924062163, 2552181.576154455542564 ], [ 2352193.636198529973626, 2552181.576154455542564 ], [ 2352193.636198529973626, 2552228.509695473127067 ], [ 2352146.702532063238323, 2552228.509695473127067 ], [ 2352099.768865596503019, 2552275.444214435294271 ], [ 2352146.702532063238323, 2552275.444214435294271 ], [ 2352146.702532063238323, 2552322.378733397461474 ], [ 2352193.636198529973626, 2552322.378733397461474 ], [ 2352193.636198529973626, 2552369.313252359628677 ], [ 2352240.570842924062163, 2552369.313252359628677 ], [ 2352287.504509390797466, 2552369.313252359628677 ], [ 2352287.504509390797466, 2552416.246793376747519 ], [ 2352334.438175857532769, 2552416.246793376747519 ], [ 2352334.438175857532769, 2552463.181312338914722 ], [ 2352381.371842324268073, 2552463.181312338914722 ], [ 2352428.305508790537715, 2552463.181312338914722 ], [ 2352428.305508790537715, 2552510.115831301081926 ], [ 2352475.240153184626251, 2552510.115831301081926 ], [ 2352475.240153184626251, 2552557.05035026371479 ], [ 2352475.240153184626251, 2552603.983891280833632 ], [ 2352428.305508790537715, 2552603.983891280833632 ], [ 2352428.305508790537715, 2552650.918410243000835 ], [ 2352381.371842324268073, 2552650.918410243000835 ], [ 2352334.438175857532769, 2552650.918410243000835 ], [ 2352287.504509390797466, 2552650.918410243000835 ], [ 2352240.570842924062163, 2552650.918410243000835 ], [ 2352193.636198529973626, 2552650.918410243000835 ], [ 2352146.702532063238323, 2552650.918410243000835 ], [ 2352146.702532063238323, 2552697.852929205168039 ], [ 2352099.768865596503019, 2552697.852929205168039 ], [ 2352052.835199129767716, 2552697.852929205168039 ], [ 2352005.901532663032413, 2552697.852929205168039 ], [ 2352005.901532663032413, 2552650.918410243000835 ], [ 2351958.966888269409537, 2552650.918410243000835 ], [ 2351912.033221802674234, 2552650.918410243000835 ], [ 2351865.099555335938931, 2552650.918410243000835 ], [ 2351865.099555335938931, 2552697.852929205168039 ], [ 2351818.165888869203627, 2552697.852929205168039 ], [ 2351818.165888869203627, 2552744.787448167335242 ], [ 2351771.232222402468324, 2552744.787448167335242 ], [ 2351771.232222402468324, 2552697.852929205168039 ], [ 2351724.29855593573302, 2552697.852929205168039 ], [ 2351677.363911541644484, 2552697.852929205168039 ], [ 2351677.363911541644484, 2552650.918410243000835 ], [ 2351630.43024507490918, 2552650.918410243000835 ], [ 2351583.496578608639538, 2552650.918410243000835 ], [ 2351536.562912141904235, 2552650.918410243000835 ], [ 2351536.562912141904235, 2552603.983891280833632 ], [ 2351489.629245675168931, 2552603.983891280833632 ], [ 2351442.694601281080395, 2552603.983891280833632 ], [ 2351442.694601281080395, 2552650.918410243000835 ], [ 2351395.760934814345092, 2552650.918410243000835 ], [ 2351348.827268347609788, 2552650.918410243000835 ], [ 2351301.893601880874485, 2552650.918410243000835 ], [ 2351254.959935414139181, 2552650.918410243000835 ], [ 2351208.025291020516306, 2552650.918410243000835 ], [ 2351161.091624553781003, 2552650.918410243000835 ], [ 2351161.091624553781003, 2552697.852929205168039 ], [ 2351114.157958087045699, 2552697.852929205168039 ], [ 2351067.224291620310396, 2552697.852929205168039 ], [ 2351020.290625153575093, 2552697.852929205168039 ], [ 2350973.356958686839789, 2552697.852929205168039 ], [ 2350926.422314292751253, 2552697.852929205168039 ], [ 2350879.488647826015949, 2552697.852929205168039 ], [ 2350879.488647826015949, 2552744.787448167335242 ], [ 2350832.554981359280646, 2552744.787448167335242 ], [ 2350832.554981359280646, 2552791.720989184454083 ], [ 2350785.621314893011004, 2552791.720989184454083 ], [ 2350738.6876484262757, 2552838.655508146621287 ], [ 2350738.6876484262757, 2552932.523568126372993 ], [ 2350738.6876484262757, 2552979.458087088540196 ], [ 2350691.753004032187164, 2553026.3926060507074 ], [ 2350691.753004032187164, 2553073.327125012874603 ], [ 2350644.81933756545186, 2553073.327125012874603 ], [ 2350644.81933756545186, 2553120.260666029993445 ], [ 2350597.885671098716557, 2553120.260666029993445 ], [ 2350597.885671098716557, 2553167.195184992160648 ], [ 2350550.952004631981254, 2553167.195184992160648 ], [ 2350550.952004631981254, 2553214.129703954793513 ], [ 2350504.01833816524595, 2553214.129703954793513 ], [ 2350504.01833816524595, 2553261.064222916960716 ], [ 2350504.01833816524595, 2553307.997763934079558 ], [ 2350550.952004631981254, 2553307.997763934079558 ], [ 2350550.952004631981254, 2553354.932282896246761 ], [ 2350550.952004631981254, 2553401.866801858413965 ], [ 2350504.01833816524595, 2553448.801320820581168 ], [ 2350504.01833816524595, 2553495.734861837700009 ], [ 2350457.083693771157414, 2553495.734861837700009 ], [ 2350410.150027304887772, 2553542.669380800332874 ], [ 2350363.216360838152468, 2553542.669380800332874 ], [ 2350363.216360838152468, 2553589.603899762500077 ], [ 2350316.282694371417165, 2553589.603899762500077 ], [ 2350316.282694371417165, 2553636.537440779618919 ], [ 2350269.349027904681861, 2553636.537440779618919 ], [ 2350269.349027904681861, 2553683.471959741786122 ], [ 2350269.349027904681861, 2553730.406478703953326 ], [ 2350222.415361437946558, 2553730.406478703953326 ], [ 2350222.415361437946558, 2553777.340997666120529 ], [ 2350222.415361437946558, 2553824.274538683239371 ], [ 2350222.415361437946558, 2553871.209057645872235 ], [ 2350222.415361437946558, 2553918.143576608039439 ], [ 2350222.415361437946558, 2553965.078095570206642 ], [ 2350222.415361437946558, 2554012.011636587325484 ], [ 2350269.349027904681861, 2554012.011636587325484 ], [ 2350222.415361437946558, 2554012.011636587325484 ], [ 2350269.349027904681861, 2554012.011636587325484 ], [ 2350222.415361437946558, 2554012.011636587325484 ], [ 2350269.349027904681861, 2554012.011636587325484 ], [ 2350269.349027904681861, 2554058.946155549492687 ], [ 2350269.349027904681861, 2554105.88067451165989 ], [ 2350269.349027904681861, 2554152.814215528778732 ], [ 2350269.349027904681861, 2554199.748734491411597 ], [ 2350222.415361437946558, 2554199.748734491411597 ], [ 2350175.480717043858021, 2554199.748734491411597 ], [ 2350175.480717043858021, 2554246.6832534535788 ], [ 2350128.547050577122718, 2554246.6832534535788 ], [ 2350081.613384110387415, 2554246.6832534535788 ], [ 2350081.613384110387415, 2554199.748734491411597 ], [ 2350034.679717643652111, 2554199.748734491411597 ], [ 2349987.746051177382469, 2554199.748734491411597 ], [ 2349940.811406783293933, 2554199.748734491411597 ], [ 2349940.811406783293933, 2554246.6832534535788 ], [ 2349893.877740316558629, 2554293.617772415746003 ], [ 2349893.877740316558629, 2554340.551313432864845 ], [ 2349893.877740316558629, 2554387.485832395032048 ], [ 2349893.877740316558629, 2554434.420351357199252 ], [ 2349893.877740316558629, 2554481.354870319832116 ], [ 2349893.877740316558629, 2554528.288411336950958 ], [ 2349940.811406783293933, 2554528.288411336950958 ], [ 2349940.811406783293933, 2554575.222930299118161 ], [ 2349987.746051177382469, 2554622.157449261285365 ], [ 2349987.746051177382469, 2554669.091968223452568 ], [ 2350034.679717643652111, 2554669.091968223452568 ], [ 2350081.613384110387415, 2554669.091968223452568 ], [ 2350081.613384110387415, 2554716.025509240571409 ], [ 2350128.547050577122718, 2554716.025509240571409 ], [ 2350128.547050577122718, 2554762.960028202738613 ], [ 2350128.547050577122718, 2554809.894547165371478 ], [ 2350175.480717043858021, 2554809.894547165371478 ], [ 2350175.480717043858021, 2554856.828088182490319 ], [ 2350128.547050577122718, 2554856.828088182490319 ], [ 2350081.613384110387415, 2554856.828088182490319 ], [ 2350034.679717643652111, 2554856.828088182490319 ], [ 2349987.746051177382469, 2554856.828088182490319 ], [ 2349940.811406783293933, 2554856.828088182490319 ], [ 2349940.811406783293933, 2554903.762607144657522 ], [ 2349987.746051177382469, 2554950.697126106824726 ], [ 2349987.746051177382469, 2554997.631645068991929 ], [ 2349987.746051177382469, 2555044.565186086110771 ], [ 2349940.811406783293933, 2555044.565186086110771 ], [ 2349893.877740316558629, 2555044.565186086110771 ], [ 2349846.944073849823326, 2555044.565186086110771 ], [ 2349846.944073849823326, 2555091.499705048277974 ], [ 2349800.010407383088022, 2555091.499705048277974 ], [ 2349800.010407383088022, 2555138.434224010910839 ], [ 2349753.076740916352719, 2555138.434224010910839 ], [ 2349753.076740916352719, 2555185.368742973078042 ], [ 2349706.142096522264183, 2555185.368742973078042 ], [ 2349706.142096522264183, 2555232.302283990196884 ], [ 2349706.142096522264183, 2555279.236802952364087 ], [ 2349659.208430055528879, 2555279.236802952364087 ], [ 2349659.208430055528879, 2555326.171321914531291 ], [ 2349659.208430055528879, 2555373.105840876698494 ], [ 2349659.208430055528879, 2555420.039381893817335 ], [ 2349659.208430055528879, 2555466.9739008564502 ], [ 2349659.208430055528879, 2555513.908419818617404 ], [ 2349659.208430055528879, 2555560.841960835736245 ], [ 2349612.274763589259237, 2555560.841960835736245 ], [ 2349612.274763589259237, 2555607.776479797903448 ], [ 2349612.274763589259237, 2555654.710998760070652 ], [ 2349565.341097122523934, 2555654.710998760070652 ], [ 2349565.341097122523934, 2555701.645517722237855 ], [ 2349518.40743065578863, 2555701.645517722237855 ], [ 2349518.40743065578863, 2555748.579058739356697 ], [ 2349471.473764189053327, 2555795.513577701989561 ], [ 2349424.53911979496479, 2555842.448096664156765 ], [ 2349424.53911979496479, 2555889.382615626323968 ], [ 2349377.605453328229487, 2555889.382615626323968 ], [ 2349330.671786861494184, 2555889.382615626323968 ], [ 2349283.73812039475888, 2555889.382615626323968 ], [ 2349283.73812039475888, 2555936.31615664344281 ], [ 2349236.804453928489238, 2555936.31615664344281 ], [ 2349189.869809534400702, 2555936.31615664344281 ], [ 2349189.869809534400702, 2555983.250675605610013 ], [ 2349142.936143067665398, 2555983.250675605610013 ], [ 2349142.936143067665398, 2556030.185194567777216 ], [ 2349189.869809534400702, 2556030.185194567777216 ], [ 2349189.869809534400702, 2556077.118735584896058 ], [ 2349236.804453928489238, 2556077.118735584896058 ], [ 2349236.804453928489238, 2556124.053254547528923 ], [ 2349283.73812039475888, 2556124.053254547528923 ], [ 2349283.73812039475888, 2556170.987773509696126 ], [ 2349283.73812039475888, 2556217.922292471863329 ], [ 2349283.73812039475888, 2556264.855833488982171 ], [ 2349236.804453928489238, 2556264.855833488982171 ], [ 2349236.804453928489238, 2556311.790352451149374 ], [ 2349283.73812039475888, 2556311.790352451149374 ], [ 2349283.73812039475888, 2556358.724871413316578 ], [ 2349283.73812039475888, 2556405.659390375949442 ], [ 2349283.73812039475888, 2556452.592931393068284 ], [ 2349330.671786861494184, 2556452.592931393068284 ], [ 2349283.73812039475888, 2556499.527450355235487 ], [ 2349283.73812039475888, 2556546.461969317402691 ], [ 2349236.804453928489238, 2556546.461969317402691 ], [ 2349236.804453928489238, 2556593.396488279569894 ], [ 2349189.869809534400702, 2556593.396488279569894 ], [ 2349142.936143067665398, 2556593.396488279569894 ], [ 2349142.936143067665398, 2556640.330029296688735 ], [ 2349096.002476600930095, 2556640.330029296688735 ], [ 2349049.068810134194791, 2556640.330029296688735 ], [ 2349049.068810134194791, 2556687.264548258855939 ], [ 2349049.068810134194791, 2556734.199067221023142 ], [ 2349002.135143667459488, 2556734.199067221023142 ], [ 2349049.068810134194791, 2556734.199067221023142 ], [ 2349049.068810134194791, 2556781.132608238607645 ], [ 2349096.002476600930095, 2556781.132608238607645 ], [ 2349096.002476600930095, 2556734.199067221023142 ], [ 2349142.936143067665398, 2556734.199067221023142 ], [ 2349377.605453328229487, 2556499.527450355235487 ], [ 2350175.480717043858021, 2555795.513577701989561 ], [ 2350597.885671098716557, 2555420.039381893817335 ], [ 2350644.81933756545186, 2555420.039381893817335 ], [ 2351067.224291620310396, 2555373.105840876698494 ], [ 2351489.629245675168931, 2555326.171321914531291 ], [ 2351865.099555335938931, 2555279.236802952364087 ], [ 2351912.033221802674234, 2555279.236802952364087 ], [ 2351958.966888269409537, 2555279.236802952364087 ], [ 2351958.966888269409537, 2555232.302283990196884 ], [ 2352005.901532663032413, 2555232.302283990196884 ], [ 2352428.305508790537715, 2555185.368742973078042 ], [ 2352569.107486118096858, 2555185.368742973078042 ], [ 2352709.908485518302768, 2555091.499705048277974 ], [ 2352850.71046284539625, 2555091.499705048277974 ], [ 2353179.247106039896607, 2555232.302283990196884 ], [ 2353930.188703288789839, 2555185.368742973078042 ], [ 2353977.122369755059481, 2555138.434224010910839 ], [ 2355572.873875113669783, 2554950.697126106824726 ], [ 2355619.807541580405086, 2554950.697126106824726 ], [ 2355525.940208647400141, 2554762.960028202738613 ], [ 2355479.005564253311604, 2554434.420351357199252 ], [ 2356605.418449090328068, 2554340.551313432864845 ], [ 2356980.888758751098067, 2554293.617772415746003 ], [ 2357262.492713405750692, 2554246.6832534535788 ], [ 2357309.426379872485995, 2554434.420351357199252 ], [ 2357309.426379872485995, 2554622.157449261285365 ], [ 2357356.360046339221299, 2554950.697126106824726 ], [ 2357403.293712805956602, 2555232.302283990196884 ], [ 2357403.293712805956602, 2555373.105840876698494 ], [ 2357403.293712805956602, 2555420.039381893817335 ], [ 2357497.162023666314781, 2556077.118735584896058 ], [ 2357544.095690133050084, 2556640.330029296688735 ], [ 2357591.029356599785388, 2556828.067127200774848 ], [ 2357637.963023066520691, 2557203.541323008481413 ], [ 2357637.963023066520691, 2557297.409382987767458 ], [ 2357637.963023066520691, 2557344.343901949934661 ], [ 2357684.896689533255994, 2557625.950037778355181 ], [ 2357684.896689533255994, 2557719.818097757641226 ], [ 2357684.896689533255994, 2557766.752616720274091 ], [ 2357684.896689533255994, 2557813.687135682441294 ], [ 2357731.830356, 2557813.687135682441294 ], [ 2357778.765000394079834, 2557860.620676699560136 ], [ 2357778.765000394079834, 2557907.555195661727339 ], [ 2357825.698666860815138, 2557860.620676699560136 ], [ 2357919.565999793820083, 2557860.620676699560136 ], [ 2357966.499666260555387, 2557860.620676699560136 ], [ 2358060.367977121379226, 2557860.620676699560136 ], [ 2358107.30164358811453, 2557813.687135682441294 ], [ 2358248.10264298832044, 2557813.687135682441294 ], [ 2358341.970953848678619, 2557813.687135682441294 ], [ 2358623.573930576443672, 2557766.752616720274091 ], [ 2359280.648194891866297, 2557672.883578795474023 ], [ 2359327.5818613586016, 2557672.883578795474023 ], [ 2359374.515527825336903, 2557719.818097757641226 ], [ 2359468.382860758341849, 2558517.70100833568722 ], [ 2359890.787814813200384, 2558423.831970411352813 ], [ 2359937.721481279935688, 2558799.306166219059378 ], [ 2360266.259102401323617, 2558752.371647256892174 ], [ 2360313.19276886805892, 2558893.174226198345423 ], [ 2360453.99376826826483, 2559784.925196755677462 ], [ 2360453.99376826826483, 2559878.794234680011868 ], [ 2360360.126435334794223, 2560066.531332584097981 ], [ 2360313.19276886805892, 2560113.464873601216823 ], [ 2360219.324458007700741, 2560348.136490467470139 ], [ 2360500.927434735000134, 2560348.136490467470139 ], [ 2360594.795745595823973, 2560301.201971504837275 ], [ 2360688.663078528828919, 2560770.545205237343907 ], [ 2360735.596744995564222, 2561286.821979986969382 ], [ 2360735.596744995564222, 2561333.755521004088223 ], [ 2360313.19276886805892, 2561380.690039966255426 ], [ 2360266.259102401323617, 2561380.690039966255426 ], [ 2360407.060101801529527, 2562131.638431581668556 ], [ 2360360.126435334794223, 2562178.572950543835759 ], [ 2360407.060101801529527, 2562272.441010523587465 ], [ 2360407.060101801529527, 2562366.310048447921872 ], [ 2360407.060101801529527, 2562554.046168406493962 ], [ 2360453.99376826826483, 2562929.520364214666188 ], [ 2360453.99376826826483, 2562976.454883176833391 ], [ 2360266.259102401323617, 2562929.520364214666188 ], [ 2360219.324458007700741, 2562929.520364214666188 ], [ 2360219.324458007700741, 2562976.454883176833391 ], [ 2360360.126435334794223, 2563962.073913713451475 ], [ 2360407.060101801529527, 2564666.087786366697401 ], [ 2360453.99376826826483, 2564666.087786366697401 ], [ 2360407.060101801529527, 2564666.087786366697401 ], [ 2360360.126435334794223, 2564713.022305328864604 ], [ 2360266.259102401323617, 2564759.956824291031808 ], [ 2360360.126435334794223, 2564759.956824291031808 ], [ 2360407.060101801529527, 2564759.956824291031808 ], [ 2360453.99376826826483, 2564853.824884270317852 ], [ 2360453.99376826826483, 2564947.693922195117921 ], [ 2360641.729412062093616, 2566355.721667501609772 ], [ 2359984.655147746670991, 2566449.589727480895817 ], [ 2359984.655147746670991, 2566918.931983268354088 ], [ 2359937.721481279935688, 2567669.880374883767217 ], [ 2359937.721481279935688, 2568280.026187557727098 ], [ 2359937.721481279935688, 2568467.763285461813211 ], [ 2359937.721481279935688, 2568561.631345441099256 ], [ 2359937.721481279935688, 2568937.105541248805821 ], [ 2360923.332388789858669, 2568796.302962307352573 ], [ 2360970.266055256593972, 2568796.302962307352573 ], [ 2361158.001699050422758, 2568796.302962307352573 ], [ 2361533.47298663854599, 2568749.368443345185369 ], [ 2361721.207652505487204, 2568702.433924382552505 ], [ 2362049.745273626875132, 2568655.500383365433663 ], [ 2362566.017560615204275, 2568608.56586440326646 ], [ 2362519.082916221115738, 2568233.091668595559895 ], [ 2363504.693823730573058, 2568139.22360861627385 ], [ 2363598.562134591396898, 2569030.973601228091866 ], [ 2363598.562134591396898, 2569077.90812019072473 ], [ 2363645.495801058132201, 2569124.842639152891934 ], [ 2363645.495801058132201, 2569406.447797036264092 ], [ 2363692.429467524867505, 2569500.316834960598499 ], [ 2363692.429467524867505, 2569734.987473881803453 ], [ 2363739.363133991602808, 2569922.724571785423905 ], [ 2363739.363133991602808, 2569969.659090747591108 ], [ 2363739.363133991602808, 2570157.396188651677221 ], [ 2363833.231444851960987, 2570720.607482363469899 ], [ 2363833.231444851960987, 2570767.54102338058874 ], [ 2363833.231444851960987, 2570861.410061304923147 ], [ 2363880.16511131869629, 2570908.34458026709035 ], [ 2363927.098777785431594, 2570861.410061304923147 ], [ 2363927.098777785431594, 2570908.34458026709035 ], [ 2364020.9661107189022, 2571377.686836054548621 ], [ 2364114.83442157972604, 2572222.503287649247795 ], [ 2363598.562134591396898, 2572504.109423477668315 ], [ 2363176.157180536538363, 2572738.78006239887327 ], [ 2363223.090847003273666, 2573067.319739244412631 ], [ 2363363.892824330832809, 2574006.005228763911873 ], [ 2363457.760157263837755, 2574803.887161396443844 ], [ 2363598.562134591396898, 2575601.770071974489838 ], [ 2363645.495801058132201, 2576024.177808799315244 ], [ 2363645.495801058132201, 2576211.914906702935696 ], [ 2363645.495801058132201, 2576258.84942566556856 ], [ 2363645.495801058132201, 2576305.783944627735764 ], [ 2363692.429467524867505, 2576399.652004607021809 ], [ 2363692.429467524867505, 2577150.600396222434938 ], [ 2365241.246328489389271, 2577150.600396222434938 ], [ 2365382.048305816482753, 2577150.600396222434938 ], [ 2366555.394857120234519, 2577197.534915185067803 ], [ 2366461.526546259876341, 2577573.009110992774367 ], [ 2366226.857235998846591, 2578934.102337337099016 ], [ 2366226.857235998846591, 2579074.904916278552264 ], [ 2366132.989903065375984, 2579450.37911208672449 ], [ 2366086.056236599106342, 2579778.918788932263851 ], [ 2365945.254259271547198, 2580529.86718054767698 ], [ 2366273.790902465581894, 2580529.86718054767698 ], [ 2366320.72554685967043, 2580529.86718054767698 ], [ 2366367.659213326405734, 2580529.86718054767698 ], [ 2366414.592879793141037, 2580529.86718054767698 ], [ 2367353.270120835863054, 2580576.800721564795822 ], [ 2367353.270120835863054, 2580623.735240526963025 ], [ 2367306.33645436912775, 2582172.565564775373787 ], [ 2367306.33645436912775, 2582219.50008373754099 ], [ 2367916.4760742909275, 2582313.368143716827035 ], [ 2368104.211718084756285, 2582360.302662678994238 ], [ 2368151.145384551491588, 2582360.302662678994238 ], [ 2368198.079051018226892, 2582407.237181641627103 ], [ 2368245.012717484962195, 2582407.237181641627103 ], [ 2368526.615694212261587, 2582594.974279545247555 ], [ 2368573.550338606350124, 2582641.908798507414758 ], [ 2368620.484005073085427, 2582641.908798507414758 ], [ 2369089.822625594679266, 2583111.251054294873029 ], [ 2369230.623624994885176, 2583298.988152198493481 ], [ 2369277.557291461154819, 2583298.988152198493481 ], [ 2369277.557291461154819, 2583345.922671161126345 ], [ 2369653.028579049743712, 2583862.199445910286158 ], [ 2369699.962245516013354, 2583909.132986927405 ], [ 2369746.895911982748657, 2583956.067505889572203 ], [ 2369793.829578449483961, 2584003.002024852205068 ], [ 2369840.764222843572497, 2584049.936543814372271 ], [ 2369887.697889310307801, 2584096.870084831491113 ], [ 2369934.631555777043104, 2584143.804603793658316 ], [ 2369981.565222243778408, 2584190.73912275582552 ], [ 2370028.498888710513711, 2584237.672663772944361 ], [ 2370028.498888710513711, 2584284.607182735111564 ], [ 2370075.433533104136586, 2584284.607182735111564 ], [ 2370122.36719957087189, 2584331.541701697744429 ], [ 2370216.234532504342496, 2584472.344280639197677 ], [ 2370357.03650983190164, 2584660.08137854328379 ], [ 2370497.837509231641889, 2584894.752995409071445 ], [ 2370544.771175698377192, 2584894.752995409071445 ], [ 2370544.771175698377192, 2584941.686536426190287 ], [ 2370591.705820092465729, 2584988.621055388823152 ], [ 2370638.639486559201032, 2585035.555574350990355 ], [ 2370685.573153025936335, 2585035.555574350990355 ], [ 2370826.375130353029817, 2585129.4236343302764 ], [ 2370967.176129753235728, 2585176.358153292443603 ], [ 2371014.109796219971031, 2585223.292672254610807 ], [ 2371061.043462686706334, 2585223.292672254610807 ], [ 2371107.978107080794871, 2585223.292672254610807 ], [ 2371154.911773547530174, 2585270.227191217243671 ], [ 2371201.845440014265478, 2585317.160732234362513 ], [ 2371154.911773547530174, 2585317.160732234362513 ], [ 2371154.911773547530174, 2585364.095251196529716 ], [ 2371014.109796219971031, 2585364.095251196529716 ], [ 2370826.375130353029817, 2585411.02977015869692 ], [ 2370357.03650983190164, 2585457.964289120864123 ], [ 2369653.028579049743712, 2585551.832349100150168 ], [ 2369371.425602321978658, 2585551.832349100150168 ], [ 2369418.359268788713962, 2585880.372025945689529 ], [ 2369418.359268788713962, 2585927.306544908322394 ], [ 2369465.292935255449265, 2586396.648800695315003 ], [ 2369559.161246116273105, 2586912.925575444940478 ], [ 2369606.094912583008409, 2587194.531711272895336 ], [ 2367963.409740757662803, 2587382.268809176981449 ], [ 2367963.409740757662803, 2587476.136869156267494 ], [ 2368010.343407224398106, 2587851.611064963974059 ], [ 2368057.278051618486643, 2588086.281703885179013 ], [ 2368057.278051618486643, 2588133.216222847346216 ], [ 2368057.278051618486643, 2588180.15074180951342 ], [ 2368104.211718084756285, 2588414.822358675766736 ], [ 2368151.145384551491588, 2588931.09913342539221 ], [ 2368151.145384551491588, 2589024.967193404678255 ], [ 2368291.946383951697499, 2590104.455261865630746 ], [ 2368291.946383951697499, 2590198.323321845382452 ], [ 2368291.946383951697499, 2590245.257840807549655 ], [ 2368338.881028345786035, 2590292.192359769716859 ], [ 2368338.881028345786035, 2590620.73203661525622 ], [ 2367775.674096963368356, 2590714.600096594542265 ], [ 2367728.740430496633053, 2590714.600096594542265 ], [ 2367681.806764030363411, 2590714.600096594542265 ], [ 2366367.659213326405734, 2590667.666555577423424 ], [ 2366273.790902465581894, 2590667.666555577423424 ], [ 2366273.790902465581894, 2591090.07429240224883 ], [ 2366273.790902465581894, 2591371.680428230669349 ], [ 2366273.790902465581894, 2591418.613969247788191 ], [ 2366273.790902465581894, 2591606.351067151874304 ], [ 2366273.790902465581894, 2592122.627841901499778 ], [ 2366226.857235998846591, 2592967.445271441247314 ], [ 2366226.857235998846591, 2593014.378812458366156 ], [ 2366273.790902465581894, 2593014.378812458366156 ], [ 2366273.790902465581894, 2593061.31333142099902 ], [ 2366226.857235998846591, 2593061.31333142099902 ], [ 2366179.923569532111287, 2593108.247850383166224 ], [ 2366179.923569532111287, 2593155.182369345333427 ], [ 2366179.923569532111287, 2593202.115910362452269 ], [ 2366132.989903065375984, 2593202.115910362452269 ], [ 2366132.989903065375984, 2593249.050429324619472 ], [ 2366132.989903065375984, 2593295.984948286786675 ], [ 2366086.056236599106342, 2593342.918489303905517 ], [ 2366086.056236599106342, 2593389.853008266538382 ], [ 2366086.056236599106342, 2593436.787527228705585 ], [ 2366039.122570132371038, 2593483.722046190872788 ], [ 2365992.187925738282502, 2593483.722046190872788 ], [ 2365992.187925738282502, 2593530.65558720799163 ], [ 2365945.254259271547198, 2593577.590106170158833 ], [ 2365898.320592804811895, 2593577.590106170158833 ], [ 2365898.320592804811895, 2593624.524625132326037 ], [ 2365851.386926338076591, 2593624.524625132326037 ], [ 2365851.386926338076591, 2593671.45914409449324 ], [ 2365804.453259871341288, 2593718.392685112077743 ], [ 2365804.453259871341288, 2593765.327204074244946 ], [ 2365757.518615477252752, 2593765.327204074244946 ], [ 2365757.518615477252752, 2593812.26172303641215 ], [ 2365757.518615477252752, 2593859.195264053530991 ], [ 2365710.584949010983109, 2593859.195264053530991 ], [ 2365663.651282544247806, 2593906.129783015698195 ], [ 2365663.651282544247806, 2593953.064301977865398 ], [ 2365616.717616077512503, 2593953.064301977865398 ], [ 2365616.717616077512503, 2593999.998820940032601 ], [ 2365569.783949610777199, 2593999.998820940032601 ], [ 2365522.849305216688663, 2594046.932361957617104 ], [ 2365522.849305216688663, 2594093.866880919784307 ], [ 2365475.915638749953359, 2594093.866880919784307 ], [ 2365475.915638749953359, 2594140.801399881951511 ], [ 2365475.915638749953359, 2594187.735918844118714 ], [ 2365428.981972283218056, 2594234.669459861237556 ], [ 2365428.981972283218056, 2594281.603978823404759 ], [ 2365382.048305816482753, 2594328.538497785571963 ], [ 2365382.048305816482753, 2594375.473016748204827 ], [ 2365382.048305816482753, 2594422.406557765323669 ], [ 2365382.048305816482753, 2594469.341076727490872 ], [ 2365382.048305816482753, 2594516.275595689658076 ], [ 2365382.048305816482753, 2594563.209136706776917 ], [ 2365335.11463935021311, 2594610.14365566894412 ], [ 2365335.11463935021311, 2594657.078174631111324 ], [ 2365335.11463935021311, 2594704.012693593744189 ], [ 2365335.11463935021311, 2594750.94623461086303 ], [ 2365382.048305816482753, 2594797.880753573030233 ], [ 2365382.048305816482753, 2594844.815272535197437 ], [ 2365382.048305816482753, 2594891.74979149736464 ], [ 2365428.981972283218056, 2594891.74979149736464 ], [ 2365428.981972283218056, 2594938.683332514483482 ], [ 2365475.915638749953359, 2594938.683332514483482 ], [ 2365475.915638749953359, 2594985.617851476650685 ], [ 2365522.849305216688663, 2594985.617851476650685 ], [ 2365522.849305216688663, 2595032.55237043928355 ], [ 2365569.783949610777199, 2595032.55237043928355 ], [ 2365616.717616077512503, 2595079.485911456402391 ], [ 2365663.651282544247806, 2595079.485911456402391 ], [ 2365710.584949010983109, 2595079.485911456402391 ], [ 2365710.584949010983109, 2595126.420430418569595 ], [ 2365757.518615477252752, 2595126.420430418569595 ], [ 2365804.453259871341288, 2595126.420430418569595 ], [ 2365851.386926338076591, 2595126.420430418569595 ], [ 2365898.320592804811895, 2595126.420430418569595 ], [ 2365945.254259271547198, 2595126.420430418569595 ], [ 2365992.187925738282502, 2595126.420430418569595 ], [ 2365992.187925738282502, 2595079.485911456402391 ], [ 2366039.122570132371038, 2595079.485911456402391 ], [ 2366086.056236599106342, 2595079.485911456402391 ], [ 2366039.122570132371038, 2595079.485911456402391 ], [ 2366039.122570132371038, 2595126.420430418569595 ], [ 2366039.122570132371038, 2595173.354949380736798 ], [ 2366039.122570132371038, 2595220.289468342904001 ], [ 2366039.122570132371038, 2595267.223009360022843 ], [ 2366086.056236599106342, 2595267.223009360022843 ], [ 2366132.989903065375984, 2595267.223009360022843 ], [ 2366179.923569532111287, 2595314.157528322190046 ], [ 2366179.923569532111287, 2595361.092047284822911 ], [ 2366179.923569532111287, 2595408.026566246990114 ], [ 2366179.923569532111287, 2595454.960107264108956 ], [ 2366179.923569532111287, 2595501.894626226276159 ], [ 2366179.923569532111287, 2595548.829145188443363 ], [ 2366179.923569532111287, 2595595.763664150610566 ], [ 2366132.989903065375984, 2595595.763664150610566 ], [ 2366086.056236599106342, 2595595.763664150610566 ], [ 2366086.056236599106342, 2595642.697205167729408 ], [ 2366039.122570132371038, 2595642.697205167729408 ], [ 2366039.122570132371038, 2595689.631724130362272 ], [ 2366039.122570132371038, 2595736.566243092529476 ], [ 2365992.187925738282502, 2595783.499784109648317 ], [ 2366039.122570132371038, 2595830.434303071815521 ], [ 2366039.122570132371038, 2595877.368822033982724 ], [ 2366039.122570132371038, 2595924.303340996149927 ], [ 2366039.122570132371038, 2595971.236882013268769 ], [ 2366039.122570132371038, 2596018.171400975901634 ], [ 2365992.187925738282502, 2596065.105919938068837 ], [ 2365992.187925738282502, 2596112.04043890023604 ], [ 2366039.122570132371038, 2596112.04043890023604 ], [ 2365992.187925738282502, 2596205.908498879522085 ], [ 2365992.187925738282502, 2596252.843017841689289 ], [ 2365992.187925738282502, 2596299.777536804322153 ], [ 2365992.187925738282502, 2596628.317213649861515 ], [ 2365992.187925738282502, 2596816.054311553481966 ], [ 2365992.187925738282502, 2596862.987852570600808 ], [ 2365992.187925738282502, 2596956.856890495400876 ], [ 2365992.187925738282502, 2597003.790431512519717 ], [ 2365992.187925738282502, 2597050.724950474686921 ], [ 2365992.187925738282502, 2597379.264627320226282 ], [ 2365992.187925738282502, 2597520.068184206727892 ], [ 2365992.187925738282502, 2597942.47592103201896 ], [ 2365992.187925738282502, 2598646.489793685264885 ], [ 2365475.915638749953359, 2598646.489793685264885 ], [ 2363645.495801058132201, 2598599.555274723097682 ], [ 2363363.892824330832809, 2598599.555274723097682 ], [ 2363363.892824330832809, 2598646.489793685264885 ], [ 2363316.959157864097506, 2599209.701087396591902 ], [ 2363316.959157864097506, 2599397.438185300678015 ], [ 2363316.959157864097506, 2599491.30624527996406 ], [ 2363363.892824330832809, 2599538.240764242131263 ], [ 2363363.892824330832809, 2599585.175283204764128 ], [ 2363363.892824330832809, 2599679.043343184050173 ], [ 2363363.892824330832809, 2599819.845922125503421 ], [ 2363316.959157864097506, 2599866.780441087670624 ], [ 2363316.959157864097506, 2599913.714960050303489 ], [ 2363316.959157864097506, 2600148.386576916091144 ], [ 2363316.959157864097506, 2600289.189155858010054 ], [ 2363316.959157864097506, 2601087.071088490542024 ], [ 2363316.959157864097506, 2601134.005607452709228 ], [ 2363270.024513470008969, 2601180.940126415342093 ], [ 2363270.024513470008969, 2601227.873667432460934 ], [ 2363270.024513470008969, 2601321.742705356795341 ], [ 2363270.024513470008969, 2601368.677224318962544 ], [ 2363270.024513470008969, 2601415.610765336081386 ], [ 2363270.024513470008969, 2601462.545284298248589 ], [ 2363270.024513470008969, 2601509.479803260881454 ], [ 2363316.959157864097506, 2601556.413344278000295 ], [ 2363270.024513470008969, 2602964.441089584492147 ], [ 2363270.024513470008969, 2603011.37560854665935 ], [ 2363270.024513470008969, 2603246.047225412912667 ], [ 2363270.024513470008969, 2603386.849804354365915 ], [ 2363270.024513470008969, 2604935.680128602776676 ], [ 2363223.090847003273666, 2605968.233678101561964 ], [ 2363223.090847003273666, 2606015.168197063729167 ], [ 2363223.090847003273666, 2606062.102716026362032 ], [ 2363223.090847003273666, 2607329.326904445886612 ], [ 2363223.090847003273666, 2607563.998521312139928 ], [ 2363223.090847003273666, 2608127.209815023932606 ], [ 2363176.157180536538363, 2608174.144333986099809 ], [ 2363176.157180536538363, 2608221.077875003218651 ], [ 2363176.157180536538363, 2608268.012393965385854 ], [ 2363176.157180536538363, 2608314.946912928018719 ], [ 2363129.223514069803059, 2608455.749491869471967 ], [ 2363176.157180536538363, 2608549.617551848758012 ], [ 2363176.157180536538363, 2608596.552070810925215 ], [ 2363176.157180536538363, 2608690.421108735725284 ], [ 2363176.157180536538363, 2608784.289168715011328 ], [ 2363176.157180536538363, 2608831.223687677178532 ], [ 2363129.223514069803059, 2608878.158206639345735 ], [ 2363176.157180536538363, 2608925.091747656464577 ], [ 2363129.223514069803059, 2609018.960785581264645 ], [ 2363129.223514069803059, 2609206.697883484885097 ], [ 2363129.223514069803059, 2609488.303041368257254 ], [ 2363129.223514069803059, 2609676.040139272343367 ], [ 2363129.223514069803059, 2609722.974658234510571 ], [ 2363176.157180536538363, 2609722.974658234510571 ], [ 2363176.157180536538363, 2609769.909177196677774 ], [ 2363176.157180536538363, 2609816.842718213796616 ], [ 2363129.223514069803059, 2609816.842718213796616 ], [ 2363129.223514069803059, 2609863.777237175963819 ], [ 2363129.223514069803059, 2610004.579816117882729 ], [ 2363129.223514069803059, 2610145.382395059335977 ], [ 2363129.223514069803059, 2610239.251432984136045 ], [ 2363129.223514069803059, 2610286.185951946303248 ], [ 2363129.223514069803059, 2610380.054011925589293 ], [ 2363176.157180536538363, 2610426.988530887756497 ], [ 2363176.157180536538363, 2610473.922071904875338 ], [ 2363129.223514069803059, 2610849.396267712581903 ], [ 2363129.223514069803059, 2610896.330786675214767 ], [ 2363129.223514069803059, 2610990.199824599549174 ], [ 2363129.223514069803059, 2611084.067884578835219 ], [ 2363129.223514069803059, 2611131.002403541002423 ], [ 2363129.223514069803059, 2611177.935944558121264 ], [ 2363129.223514069803059, 2611224.870463520754129 ], [ 2363129.223514069803059, 2611271.804982482921332 ], [ 2363129.223514069803059, 2611318.739501445088536 ], [ 2363129.223514069803059, 2611365.673042462207377 ], [ 2363082.289847603067756, 2611412.60756142437458 ], [ 2363129.223514069803059, 2611459.542080386541784 ], [ 2363129.223514069803059, 2611506.476599348708987 ], [ 2363129.223514069803059, 2611553.41014036629349 ], [ 2363129.223514069803059, 2611647.279178290627897 ], [ 2363082.289847603067756, 2611694.2136972527951 ], [ 2363035.356181136332452, 2611741.147238269913942 ], [ 2362988.421536742709577, 2611741.147238269913942 ], [ 2362706.818560014944524, 2611741.147238269913942 ], [ 2362659.88489354820922, 2611741.147238269913942 ], [ 2362612.951227081473917, 2611741.147238269913942 ], [ 2362612.951227081473917, 2611881.949817211832851 ], [ 2362612.951227081473917, 2612069.686915115453303 ], [ 2362566.017560615204275, 2612163.55595303978771 ], [ 2362566.017560615204275, 2612210.490472002420574 ], [ 2362566.017560615204275, 2612492.095629885327071 ], [ 2362566.017560615204275, 2612539.030148847959936 ], [ 2362566.017560615204275, 2612585.963689865078777 ], [ 2362706.818560014944524, 2612585.963689865078777 ], [ 2362800.686870875768363, 2612585.963689865078777 ], [ 2362847.620537342503667, 2612585.963689865078777 ], [ 2362894.55420380923897, 2612585.963689865078777 ], [ 2363410.826490797102451, 2612585.963689865078777 ], [ 2363598.562134591396898, 2612585.963689865078777 ], [ 2363974.032444252166897, 2612585.963689865078777 ], [ 2364020.9661107189022, 2612585.963689865078777 ], [ 2364349.503731840290129, 2612585.963689865078777 ], [ 2364443.371064773760736, 2612585.963689865078777 ], [ 2364584.173042100854218, 2612585.963689865078777 ], [ 2364631.106708567589521, 2612585.963689865078777 ], [ 2364678.040375034324825, 2612632.898208827245981 ], [ 2364771.907707967795432, 2612632.898208827245981 ], [ 2364865.776018828619272, 2612632.898208827245981 ], [ 2365194.312662022653967, 2612632.898208827245981 ], [ 2365335.11463935021311, 2612632.898208827245981 ], [ 2365663.651282544247806, 2612632.898208827245981 ], [ 2365804.453259871341288, 2612632.898208827245981 ], [ 2365851.386926338076591, 2612632.898208827245981 ], [ 2365898.320592804811895, 2612632.898208827245981 ], [ 2365945.254259271547198, 2612679.832727789413184 ], [ 2366743.129522987175733, 2613055.306923597119749 ], [ 2366790.063189453911036, 2613102.24046461423859 ], [ 2367118.600810575298965, 2613243.044021501205862 ], [ 2367165.534477042034268, 2613289.977562518324703 ], [ 2367212.468143508769572, 2613289.977562518324703 ], [ 2367353.270120835863054, 2613289.977562518324703 ], [ 2368291.946383951697499, 2613289.977562518324703 ], [ 2369183.689958528149873, 2613289.977562518324703 ], [ 2370169.300866037607193, 2613336.912081480491906 ], [ 2370263.1681989710778, 2613336.912081480491906 ], [ 2370544.771175698377192, 2613336.912081480491906 ], [ 2370638.639486559201032, 2613336.912081480491906 ], [ 2370732.506819492671639, 2613336.912081480491906 ], [ 2371061.043462686706334, 2613336.912081480491906 ], [ 2371154.911773547530174, 2613336.912081480491906 ], [ 2371201.845440014265478, 2613336.912081480491906 ], [ 2371248.77910648053512, 2613336.912081480491906 ], [ 2371905.853370796423405, 2613336.912081480491906 ], [ 2371999.720703729894012, 2613336.912081480491906 ], [ 2372140.522681056987494, 2613336.912081480491906 ], [ 2372187.456347523722798, 2613336.912081480491906 ], [ 2372234.390013990458101, 2613336.912081480491906 ], [ 2372281.323680457193404, 2613336.912081480491906 ], [ 2372328.258324851281941, 2613336.912081480491906 ], [ 2372375.191991318017244, 2613336.912081480491906 ], [ 2372469.05932425102219, 2613336.912081480491906 ], [ 2372515.992990717757493, 2613383.84660044265911 ], [ 2373595.472209088038653, 2613383.84660044265911 ], [ 2374111.744496076367795, 2613383.84660044265911 ], [ 2374721.884115998167545, 2613430.781119404826313 ], [ 2374768.817782464437187, 2613430.781119404826313 ], [ 2375285.090069452766329, 2613430.781119404826313 ], [ 2375378.958380313590169, 2613430.781119404826313 ], [ 2375425.892046780325472, 2613430.781119404826313 ], [ 2375425.892046780325472, 2613477.714660421945155 ], [ 2375332.023735919501632, 2613571.583698346745223 ], [ 2375332.023735919501632, 2614932.676924691069871 ], [ 2375332.023735919501632, 2615026.544984670355916 ], [ 2375332.023735919501632, 2615073.479503632523119 ], [ 2375285.090069452766329, 2615073.479503632523119 ], [ 2375285.090069452766329, 2615120.414022595155984 ], [ 2375285.090069452766329, 2617279.390159517060965 ], [ 2375332.023735919501632, 2617279.390159517060965 ], [ 2376599.238598084077239, 2617326.323700534179807 ], [ 2378194.989125515334308, 2617326.323700534179807 ], [ 2379884.607963806949556, 2617373.25821949634701 ], [ 2381057.953537183348089, 2617373.25821949634701 ], [ 2381057.953537183348089, 2617607.929836362600327 ], [ 2382512.90306521486491, 2617654.863377379719168 ], [ 2382888.374352802988142, 2617654.863377379719168 ], [ 2383169.977329530287534, 2617654.863377379719168 ], [ 2383592.381305657792836, 2617654.863377379719168 ], [ 2384437.191213767509907, 2617654.863377379719168 ], [ 2385047.330833688843995, 2617701.797896341886371 ], [ 2385141.199144549667835, 2617654.863377379719168 ] ] } },
{ "type": "Feature", "properties": { }, "geometry": { "type": "LineString", "coordinates": [ [ 2385141.199144549667835, 2617654.863377379719168 ], [ 2385188.132811016403139, 2617654.863377379719168 ], [ 2385235.066477483138442, 2617654.863377379719168 ], [ 2385235.066477483138442, 2617701.797896341886371 ], [ 2385235.066477483138442, 2618593.54886689921841 ], [ 2385235.066477483138442, 2618734.35144584113732 ], [ 2385188.132811016403139, 2620658.655965897254646 ], [ 2386455.346695253625512, 2620658.655965897254646 ], [ 2387300.155625435523689, 2620658.655965897254646 ], [ 2387394.023936296347529, 2620658.655965897254646 ], [ 2387487.891269229818135, 2620658.655965897254646 ], [ 2387816.427912423852831, 2620658.655965897254646 ], [ 2388426.568510273005813, 2620705.590484859421849 ], [ 2389271.37744045490399, 2620705.590484859421849 ], [ 2389693.782394509762526, 2620705.590484859421849 ] ] } },
{ "type": "Feature", "properties": { }, "geometry": { "type": "MultiLineString", "coordinates": [ [ [ 2346233.038064932450652, 2564431.417147445492446 ], [ 2346233.038064932450652, 2564384.482628483325243 ], [ 2346279.971731399185956, 2564384.482628483325243 ], [ 2346279.971731399185956, 2564337.54810952115804 ], [ 2346279.971731399185956, 2564290.614568504039198 ], [ 2346326.905397865921259, 2564290.614568504039198 ], [ 2346326.905397865921259, 2564243.680049541871995 ], [ 2346373.839064332656562, 2564243.680049541871995 ], [ 2346373.839064332656562, 2564290.614568504039198 ], [ 2346420.772730799391866, 2564290.614568504039198 ], [ 2346467.707375193480402, 2564290.614568504039198 ], [ 2346514.641041659750044, 2564290.614568504039198 ], [ 2346561.574708126485348, 2564290.614568504039198 ], [ 2346608.508374593220651, 2564243.680049541871995 ], [ 2346608.508374593220651, 2564196.74553057923913 ], [ 2346561.574708126485348, 2564196.74553057923913 ], [ 2346561.574708126485348, 2564149.811011617071927 ], [ 2346514.641041659750044, 2564149.811011617071927 ], [ 2346514.641041659750044, 2564102.877470599953085 ], [ 2346561.574708126485348, 2564102.877470599953085 ], [ 2346561.574708126485348, 2564055.942951637785882 ], [ 2346608.508374593220651, 2564055.942951637785882 ], [ 2346655.442041059955955, 2564055.942951637785882 ], [ 2346655.442041059955955, 2564009.008432675618678 ], [ 2346702.376685454044491, 2564009.008432675618678 ], [ 2346749.310351920779794, 2564009.008432675618678 ], [ 2346796.244018387515098, 2564009.008432675618678 ], [ 2346843.177684854250401, 2564009.008432675618678 ], [ 2346890.111351320985705, 2564009.008432675618678 ], [ 2346937.045017787255347, 2564009.008432675618678 ], [ 2346937.045017787255347, 2563962.073913713451475 ], [ 2346937.045017787255347, 2563915.140372696332633 ], [ 2346890.111351320985705, 2563915.140372696332633 ], [ 2346890.111351320985705, 2563868.205853733699769 ], [ 2346843.177684854250401, 2563868.205853733699769 ], [ 2346796.244018387515098, 2563868.205853733699769 ], [ 2346796.244018387515098, 2563915.140372696332633 ], [ 2346749.310351920779794, 2563915.140372696332633 ], [ 2346702.376685454044491, 2563915.140372696332633 ], [ 2346702.376685454044491, 2563868.205853733699769 ], [ 2346655.442041059955955, 2563868.205853733699769 ], [ 2346655.442041059955955, 2563821.271334771532565 ], [ 2346702.376685454044491, 2563821.271334771532565 ], [ 2346702.376685454044491, 2563774.336815809365362 ], [ 2346702.376685454044491, 2563727.403274792246521 ], [ 2346702.376685454044491, 2563680.468755830079317 ], [ 2346749.310351920779794, 2563680.468755830079317 ], [ 2346749.310351920779794, 2563633.534236867912114 ], [ 2346749.310351920779794, 2563586.600695850793272 ], [ 2346749.310351920779794, 2563539.666176888160408 ], [ 2346749.310351920779794, 2563492.731657925993204 ], [ 2346749.310351920779794, 2563445.797138963826001 ], [ 2346749.310351920779794, 2563398.863597946707159 ], [ 2346796.244018387515098, 2563351.929078984539956 ], [ 2346843.177684854250401, 2563351.929078984539956 ], [ 2346843.177684854250401, 2563304.994560022372752 ], [ 2346843.177684854250401, 2563258.060041060205549 ], [ 2346843.177684854250401, 2563211.126500042621046 ], [ 2346843.177684854250401, 2563164.191981080453843 ], [ 2346796.244018387515098, 2563164.191981080453843 ], [ 2346749.310351920779794, 2563164.191981080453843 ], [ 2346749.310351920779794, 2563117.257462118286639 ], [ 2346702.376685454044491, 2563117.257462118286639 ], [ 2346655.442041059955955, 2563117.257462118286639 ], [ 2346608.508374593220651, 2563117.257462118286639 ], [ 2346561.574708126485348, 2563117.257462118286639 ], [ 2346514.641041659750044, 2563117.257462118286639 ], [ 2346514.641041659750044, 2563070.322943156119436 ], [ 2346514.641041659750044, 2563023.389402139000595 ], [ 2346514.641041659750044, 2562976.454883176833391 ], [ 2346514.641041659750044, 2562929.520364214666188 ], [ 2346514.641041659750044, 2562882.586823197081685 ], [ 2346514.641041659750044, 2562835.652304234914482 ], [ 2346561.574708126485348, 2562835.652304234914482 ], [ 2346561.574708126485348, 2562788.717785272747278 ], [ 2346608.508374593220651, 2562788.717785272747278 ], [ 2346655.442041059955955, 2562788.717785272747278 ], [ 2346702.376685454044491, 2562788.717785272747278 ], [ 2346749.310351920779794, 2562788.717785272747278 ], [ 2346796.244018387515098, 2562788.717785272747278 ], [ 2346843.177684854250401, 2562788.717785272747278 ], [ 2346890.111351320985705, 2562788.717785272747278 ], [ 2346937.045017787255347, 2562788.717785272747278 ], [ 2346937.045017787255347, 2562741.783266310580075 ], [ 2346890.111351320985705, 2562741.783266310580075 ], [ 2346890.111351320985705, 2562694.849725293461233 ], [ 2346843.177684854250401, 2562694.849725293461233 ], [ 2346843.177684854250401, 2562647.91520633129403 ], [ 2346796.244018387515098, 2562600.980687369126827 ], [ 2346796.244018387515098, 2562554.046168406493962 ], [ 2346796.244018387515098, 2562507.11262738937512 ], [ 2346749.310351920779794, 2562460.178108427207917 ], [ 2346749.310351920779794, 2562413.243589465040714 ], [ 2346749.310351920779794, 2562366.310048447921872 ], [ 2346702.376685454044491, 2562366.310048447921872 ], [ 2346749.310351920779794, 2562366.310048447921872 ], [ 2346749.310351920779794, 2562319.375529485754669 ], [ 2346749.310351920779794, 2562272.441010523587465 ], [ 2346796.244018387515098, 2562225.506491560954601 ], [ 2346796.244018387515098, 2562178.572950543835759 ], [ 2346843.177684854250401, 2562178.572950543835759 ], [ 2346843.177684854250401, 2562131.638431581668556 ], [ 2346843.177684854250401, 2562084.703912619501352 ], [ 2346843.177684854250401, 2562037.769393657334149 ], [ 2346796.244018387515098, 2561990.835852640215307 ], [ 2346796.244018387515098, 2561943.901333678048104 ], [ 2346796.244018387515098, 2561896.966814715415239 ], [ 2346796.244018387515098, 2561850.032295753248036 ], [ 2346749.310351920779794, 2561850.032295753248036 ], [ 2346796.244018387515098, 2561850.032295753248036 ], [ 2346749.310351920779794, 2561850.032295753248036 ], [ 2346749.310351920779794, 2561803.098754736129194 ], [ 2346796.244018387515098, 2561803.098754736129194 ], [ 2346796.244018387515098, 2561756.164235773961991 ], [ 2346843.177684854250401, 2561756.164235773961991 ], [ 2346843.177684854250401, 2561709.229716811794788 ], [ 2346890.111351320985705, 2561709.229716811794788 ], [ 2346937.045017787255347, 2561709.229716811794788 ], [ 2346937.045017787255347, 2561756.164235773961991 ], [ 2346983.979662181343883, 2561756.164235773961991 ], [ 2347030.913328648079187, 2561756.164235773961991 ], [ 2347030.913328648079187, 2561709.229716811794788 ], [ 2347077.84699511481449, 2561709.229716811794788 ], [ 2347077.84699511481449, 2561662.296175794675946 ], [ 2347077.84699511481449, 2561615.361656832508743 ], [ 2347030.913328648079187, 2561615.361656832508743 ], [ 2347030.913328648079187, 2561568.427137869875878 ], [ 2347030.913328648079187, 2561521.492618907708675 ], [ 2346983.979662181343883, 2561521.492618907708675 ], [ 2346983.979662181343883, 2561474.559077890589833 ], [ 2346937.045017787255347, 2561474.559077890589833 ], [ 2346937.045017787255347, 2561427.62455892842263 ], [ 2346890.111351320985705, 2561427.62455892842263 ], [ 2346843.177684854250401, 2561380.690039966255426 ], [ 2346843.177684854250401, 2561333.755521004088223 ], [ 2346843.177684854250401, 2561286.821979986969382 ], [ 2346890.111351320985705, 2561286.821979986969382 ], [ 2346937.045017787255347, 2561286.821979986969382 ], [ 2346983.979662181343883, 2561286.821979986969382 ], [ 2347030.913328648079187, 2561286.821979986969382 ], [ 2347030.913328648079187, 2561333.755521004088223 ], [ 2347077.84699511481449, 2561333.755521004088223 ], [ 2347124.780661581549793, 2561333.755521004088223 ], [ 2347124.780661581549793, 2561380.690039966255426 ], [ 2347124.780661581549793, 2561333.755521004088223 ], [ 2347171.714328048285097, 2561333.755521004088223 ], [ 2347218.648972442373633, 2561333.755521004088223 ], [ 2347218.648972442373633, 2561286.821979986969382 ], [ 2347265.582638909108937, 2561286.821979986969382 ], [ 2347265.582638909108937, 2561239.887461024336517 ], [ 2347312.516305375378579, 2561239.887461024336517 ], [ 2347359.449971842113882, 2561239.887461024336517 ], [ 2347406.383638308849186, 2561239.887461024336517 ], [ 2347453.318282702937722, 2561239.887461024336517 ], [ 2347500.251949169673026, 2561239.887461024336517 ], [ 2347547.185615636408329, 2561239.887461024336517 ], [ 2347594.119282103143632, 2561239.887461024336517 ], [ 2347594.119282103143632, 2561192.952942062169313 ], [ 2347641.052948569878936, 2561192.952942062169313 ], [ 2347641.052948569878936, 2561146.01842310000211 ], [ 2347594.119282103143632, 2561099.084882082883269 ], [ 2347547.185615636408329, 2561099.084882082883269 ], [ 2347547.185615636408329, 2561052.150363120716065 ], [ 2347500.251949169673026, 2561052.150363120716065 ], [ 2347453.318282702937722, 2561052.150363120716065 ], [ 2347453.318282702937722, 2561005.215844158548862 ], [ 2347453.318282702937722, 2560958.28230314143002 ], [ 2347406.383638308849186, 2560958.28230314143002 ], [ 2347406.383638308849186, 2560911.347784178797156 ], [ 2347453.318282702937722, 2560864.413265216629952 ], [ 2347453.318282702937722, 2560817.478746254462749 ], [ 2347453.318282702937722, 2560770.545205237343907 ], [ 2347453.318282702937722, 2560723.610686275176704 ], [ 2347500.251949169673026, 2560723.610686275176704 ], [ 2347547.185615636408329, 2560723.610686275176704 ], [ 2347594.119282103143632, 2560723.610686275176704 ], [ 2347641.052948569878936, 2560723.610686275176704 ], [ 2347641.052948569878936, 2560770.545205237343907 ], [ 2347687.986615036614239, 2560770.545205237343907 ], [ 2347734.921259430237114, 2560770.545205237343907 ], [ 2347781.854925896972418, 2560770.545205237343907 ], [ 2347828.788592363707721, 2560723.610686275176704 ], [ 2347828.788592363707721, 2560676.676167313009501 ], [ 2347828.788592363707721, 2560629.741648350376636 ], [ 2347781.854925896972418, 2560629.741648350376636 ], [ 2347781.854925896972418, 2560582.808107333257794 ], [ 2347734.921259430237114, 2560582.808107333257794 ], [ 2347734.921259430237114, 2560535.873588371090591 ], [ 2347687.986615036614239, 2560535.873588371090591 ], [ 2347687.986615036614239, 2560488.939069408923388 ], [ 2347687.986615036614239, 2560442.005528391804546 ], [ 2347734.921259430237114, 2560395.071009429637343 ], [ 2347734.921259430237114, 2560348.136490467470139 ], [ 2347781.854925896972418, 2560348.136490467470139 ], [ 2347828.788592363707721, 2560348.136490467470139 ], [ 2347875.722258830443025, 2560348.136490467470139 ], [ 2347875.722258830443025, 2560301.201971504837275 ], [ 2347922.655925297178328, 2560301.201971504837275 ], [ 2347922.655925297178328, 2560254.268430487718433 ], [ 2347922.655925297178328, 2560207.33391152555123 ], [ 2347922.655925297178328, 2560160.399392563384026 ], [ 2347922.655925297178328, 2560113.464873601216823 ], [ 2347922.655925297178328, 2560066.531332584097981 ], [ 2347922.655925297178328, 2560019.596813621930778 ], [ 2347922.655925297178328, 2559972.662294659297913 ], [ 2347922.655925297178328, 2559925.72777569713071 ], [ 2347969.590569691266865, 2559925.72777569713071 ], [ 2347969.590569691266865, 2559878.794234680011868 ], [ 2347969.590569691266865, 2559831.859715717844665 ], [ 2347969.590569691266865, 2559784.925196755677462 ], [ 2347922.655925297178328, 2559784.925196755677462 ], [ 2347922.655925297178328, 2559737.99165573855862 ], [ 2347922.655925297178328, 2559691.057136776391417 ], [ 2347922.655925297178328, 2559644.122617813758552 ], [ 2347922.655925297178328, 2559597.188098851591349 ], [ 2347969.590569691266865, 2559597.188098851591349 ], [ 2347969.590569691266865, 2559550.254557834472507 ], [ 2347969.590569691266865, 2559503.320038872305304 ], [ 2348016.524236158002168, 2559503.320038872305304 ], [ 2348016.524236158002168, 2559456.3855199101381 ], [ 2348063.457902624737471, 2559456.3855199101381 ], [ 2348110.391569091007113, 2559409.451000947970897 ], [ 2348157.325235557742417, 2559409.451000947970897 ], [ 2348204.259879951830953, 2559409.451000947970897 ], [ 2348204.259879951830953, 2559362.517459930852056 ], [ 2348204.259879951830953, 2559315.582940968219191 ], [ 2348204.259879951830953, 2559268.648422006051987 ], [ 2348157.325235557742417, 2559268.648422006051987 ], [ 2348110.391569091007113, 2559268.648422006051987 ], [ 2348063.457902624737471, 2559268.648422006051987 ], [ 2348063.457902624737471, 2559221.713903043884784 ], [ 2348063.457902624737471, 2559174.780362026765943 ], [ 2348063.457902624737471, 2559127.845843064598739 ], [ 2348110.391569091007113, 2559127.845843064598739 ], [ 2348157.325235557742417, 2559080.911324102431536 ], [ 2348204.259879951830953, 2559080.911324102431536 ], [ 2348251.193546418566257, 2559127.845843064598739 ], [ 2348298.12721288530156, 2559127.845843064598739 ], [ 2348345.060879352036864, 2559127.845843064598739 ], [ 2348391.994545818772167, 2559127.845843064598739 ], [ 2348438.92821228550747, 2559127.845843064598739 ], [ 2348438.92821228550747, 2559080.911324102431536 ], [ 2348438.92821228550747, 2559033.977783085312694 ], [ 2348438.92821228550747, 2558987.04326412267983 ], [ 2348485.862856679130346, 2558987.04326412267983 ], [ 2348485.862856679130346, 2558940.108745160512626 ], [ 2348485.862856679130346, 2558893.174226198345423 ], [ 2348485.862856679130346, 2558846.240685181226581 ], [ 2348485.862856679130346, 2558799.306166219059378 ], [ 2348485.862856679130346, 2558752.371647256892174 ], [ 2348532.796523145865649, 2558752.371647256892174 ], [ 2348532.796523145865649, 2558705.43712829425931 ], [ 2348532.796523145865649, 2558658.503587277140468 ], [ 2348532.796523145865649, 2558611.569068314973265 ], [ 2348485.862856679130346, 2558564.634549352806062 ], [ 2348532.796523145865649, 2558470.766489373520017 ], [ 2348532.796523145865649, 2558423.831970411352813 ], [ 2348532.796523145865649, 2558376.89745144918561 ], [ 2348579.730189612600952, 2558376.89745144918561 ], [ 2348579.730189612600952, 2558329.963910431601107 ], [ 2348579.730189612600952, 2558283.029391469433904 ], [ 2348579.730189612600952, 2558236.0948725072667 ], [ 2348626.663856079336256, 2558236.0948725072667 ], [ 2348626.663856079336256, 2558189.160353545099497 ], [ 2348626.663856079336256, 2558142.226812527980655 ], [ 2348673.597522546071559, 2558142.226812527980655 ], [ 2348673.597522546071559, 2558095.292293565813452 ], [ 2348673.597522546071559, 2558048.357774603180587 ], [ 2348673.597522546071559, 2558001.423255641013384 ], [ 2348626.663856079336256, 2558001.423255641013384 ], [ 2348626.663856079336256, 2557954.489714623894542 ], [ 2348579.730189612600952, 2557907.555195661727339 ], [ 2348579.730189612600952, 2557860.620676699560136 ], [ 2348579.730189612600952, 2557813.687135682441294 ], [ 2348579.730189612600952, 2557766.752616720274091 ], [ 2348579.730189612600952, 2557719.818097757641226 ], [ 2348579.730189612600952, 2557672.883578795474023 ], [ 2348579.730189612600952, 2557579.015518816187978 ], [ 2348579.730189612600952, 2557532.080999854020774 ], [ 2348579.730189612600952, 2557485.146480891853571 ], [ 2348579.730189612600952, 2557438.21293987473473 ], [ 2348579.730189612600952, 2557391.278420912101865 ], [ 2348579.730189612600952, 2557344.343901949934661 ], [ 2348626.663856079336256, 2557344.343901949934661 ], [ 2348626.663856079336256, 2557297.409382987767458 ], [ 2348626.663856079336256, 2557250.475841970648617 ], [ 2348673.597522546071559, 2557250.475841970648617 ], [ 2348673.597522546071559, 2557203.541323008481413 ], [ 2348720.532166940160096, 2557203.541323008481413 ], [ 2348767.465833406895399, 2557203.541323008481413 ], [ 2348814.399499873630702, 2557156.60680404631421 ], [ 2348814.399499873630702, 2557109.673263029195368 ], [ 2348861.333166340366006, 2557109.673263029195368 ], [ 2348861.333166340366006, 2557062.738744067028165 ], [ 2348908.266832806635648, 2557062.738744067028165 ], [ 2348908.266832806635648, 2557015.8042251043953 ], [ 2348955.201477200724185, 2557015.8042251043953 ], [ 2348955.201477200724185, 2556968.869706142228097 ], [ 2348955.201477200724185, 2556921.936165125109255 ], [ 2348955.201477200724185, 2556875.001646162942052 ], [ 2348955.201477200724185, 2556828.067127200774848 ], [ 2348955.201477200724185, 2556781.132608238607645 ], [ 2349002.135143667459488, 2556781.132608238607645 ], [ 2349002.135143667459488, 2556734.199067221023142 ], [ 2349049.068810134194791, 2556734.199067221023142 ], [ 2349049.068810134194791, 2556687.264548258855939 ], [ 2349049.068810134194791, 2556640.330029296688735 ], [ 2349096.002476600930095, 2556640.330029296688735 ], [ 2349142.936143067665398, 2556640.330029296688735 ], [ 2349142.936143067665398, 2556593.396488279569894 ], [ 2349189.869809534400702, 2556593.396488279569894 ], [ 2349236.804453928489238, 2556593.396488279569894 ], [ 2349236.804453928489238, 2556546.461969317402691 ], [ 2349283.73812039475888, 2556546.461969317402691 ], [ 2349283.73812039475888, 2556499.527450355235487 ], [ 2349330.671786861494184, 2556452.592931393068284 ], [ 2349283.73812039475888, 2556452.592931393068284 ], [ 2349283.73812039475888, 2556405.659390375949442 ], [ 2349283.73812039475888, 2556358.724871413316578 ], [ 2349283.73812039475888, 2556311.790352451149374 ], [ 2349236.804453928489238, 2556311.790352451149374 ], [ 2349236.804453928489238, 2556264.855833488982171 ], [ 2349283.73812039475888, 2556264.855833488982171 ], [ 2349283.73812039475888, 2556217.922292471863329 ], [ 2349283.73812039475888, 2556170.987773509696126 ], [ 2349283.73812039475888, 2556124.053254547528923 ], [ 2349236.804453928489238, 2556124.053254547528923 ], [ 2349236.804453928489238, 2556077.118735584896058 ], [ 2349189.869809534400702, 2556077.118735584896058 ], [ 2349189.869809534400702, 2556030.185194567777216 ], [ 2349142.936143067665398, 2556030.185194567777216 ], [ 2349142.936143067665398, 2555983.250675605610013 ], [ 2349189.869809534400702, 2555983.250675605610013 ], [ 2349189.869809534400702, 2555936.31615664344281 ], [ 2349236.804453928489238, 2555936.31615664344281 ], [ 2349283.73812039475888, 2555936.31615664344281 ], [ 2349283.73812039475888, 2555889.382615626323968 ], [ 2349330.671786861494184, 2555889.382615626323968 ], [ 2349377.605453328229487, 2555889.382615626323968 ], [ 2349424.53911979496479, 2555889.382615626323968 ], [ 2349424.53911979496479, 2555842.448096664156765 ], [ 2349471.473764189053327, 2555795.513577701989561 ], [ 2349518.40743065578863, 2555748.579058739356697 ], [ 2349518.40743065578863, 2555701.645517722237855 ], [ 2349565.341097122523934, 2555701.645517722237855 ], [ 2349565.341097122523934, 2555654.710998760070652 ], [ 2349612.274763589259237, 2555654.710998760070652 ], [ 2349612.274763589259237, 2555607.776479797903448 ], [ 2349612.274763589259237, 2555560.841960835736245 ], [ 2349659.208430055528879, 2555560.841960835736245 ], [ 2349659.208430055528879, 2555513.908419818617404 ], [ 2349659.208430055528879, 2555466.9739008564502 ], [ 2349659.208430055528879, 2555420.039381893817335 ], [ 2349659.208430055528879, 2555373.105840876698494 ], [ 2349659.208430055528879, 2555326.171321914531291 ], [ 2349659.208430055528879, 2555279.236802952364087 ], [ 2349706.142096522264183, 2555279.236802952364087 ], [ 2349706.142096522264183, 2555232.302283990196884 ], [ 2349706.142096522264183, 2555185.368742973078042 ], [ 2349753.076740916352719, 2555185.368742973078042 ], [ 2349753.076740916352719, 2555138.434224010910839 ], [ 2349800.010407383088022, 2555138.434224010910839 ], [ 2349800.010407383088022, 2555091.499705048277974 ], [ 2349846.944073849823326, 2555091.499705048277974 ], [ 2349846.944073849823326, 2555044.565186086110771 ], [ 2349893.877740316558629, 2555044.565186086110771 ], [ 2349940.811406783293933, 2555044.565186086110771 ], [ 2349987.746051177382469, 2555044.565186086110771 ], [ 2349987.746051177382469, 2554997.631645068991929 ], [ 2349987.746051177382469, 2554950.697126106824726 ], [ 2349940.811406783293933, 2554903.762607144657522 ], [ 2349940.811406783293933, 2554856.828088182490319 ], [ 2349987.746051177382469, 2554856.828088182490319 ], [ 2350034.679717643652111, 2554856.828088182490319 ], [ 2350081.613384110387415, 2554856.828088182490319 ], [ 2350128.547050577122718, 2554856.828088182490319 ], [ 2350175.480717043858021, 2554856.828088182490319 ], [ 2350175.480717043858021, 2554809.894547165371478 ], [ 2350128.547050577122718, 2554809.894547165371478 ], [ 2350128.547050577122718, 2554762.960028202738613 ], [ 2350128.547050577122718, 2554716.025509240571409 ], [ 2350081.613384110387415, 2554716.025509240571409 ], [ 2350081.613384110387415, 2554669.091968223452568 ], [ 2350034.679717643652111, 2554669.091968223452568 ], [ 2349987.746051177382469, 2554669.091968223452568 ], [ 2349987.746051177382469, 2554622.157449261285365 ], [ 2349940.811406783293933, 2554575.222930299118161 ], [ 2349940.811406783293933, 2554528.288411336950958 ], [ 2349893.877740316558629, 2554528.288411336950958 ], [ 2349893.877740316558629, 2554481.354870319832116 ], [ 2349893.877740316558629, 2554434.420351357199252 ], [ 2349893.877740316558629, 2554387.485832395032048 ], [ 2349893.877740316558629, 2554340.551313432864845 ], [ 2349893.877740316558629, 2554293.617772415746003 ], [ 2349940.811406783293933, 2554246.6832534535788 ], [ 2349940.811406783293933, 2554199.748734491411597 ], [ 2349987.746051177382469, 2554199.748734491411597 ], [ 2350034.679717643652111, 2554199.748734491411597 ], [ 2350081.613384110387415, 2554199.748734491411597 ], [ 2350081.613384110387415, 2554246.6832534535788 ], [ 2350128.547050577122718, 2554246.6832534535788 ], [ 2350175.480717043858021, 2554246.6832534535788 ], [ 2350175.480717043858021, 2554199.748734491411597 ], [ 2350222.415361437946558, 2554199.748734491411597 ], [ 2350269.349027904681861, 2554199.748734491411597 ], [ 2350269.349027904681861, 2554152.814215528778732 ], [ 2350269.349027904681861, 2554105.88067451165989 ], [ 2350269.349027904681861, 2554058.946155549492687 ], [ 2350269.349027904681861, 2554012.011636587325484 ], [ 2350222.415361437946558, 2554012.011636587325484 ], [ 2350269.349027904681861, 2554012.011636587325484 ], [ 2350222.415361437946558, 2554012.011636587325484 ], [ 2350269.349027904681861, 2554012.011636587325484 ], [ 2350222.415361437946558, 2554012.011636587325484 ], [ 2350222.415361437946558, 2553965.078095570206642 ], [ 2350222.415361437946558, 2553918.143576608039439 ], [ 2350222.415361437946558, 2553871.209057645872235 ], [ 2350222.415361437946558, 2553824.274538683239371 ], [ 2350222.415361437946558, 2553777.340997666120529 ], [ 2350222.415361437946558, 2553730.406478703953326 ], [ 2350269.349027904681861, 2553730.406478703953326 ], [ 2350269.349027904681861, 2553683.471959741786122 ], [ 2350269.349027904681861, 2553636.537440779618919 ], [ 2350316.282694371417165, 2553636.537440779618919 ], [ 2350316.282694371417165, 2553589.603899762500077 ], [ 2350363.216360838152468, 2553589.603899762500077 ], [ 2350363.216360838152468, 2553542.669380800332874 ], [ 2350410.150027304887772, 2553542.669380800332874 ], [ 2350457.083693771157414, 2553495.734861837700009 ], [ 2350504.01833816524595, 2553495.734861837700009 ], [ 2350504.01833816524595, 2553448.801320820581168 ], [ 2350550.952004631981254, 2553401.866801858413965 ], [ 2350550.952004631981254, 2553354.932282896246761 ], [ 2350550.952004631981254, 2553307.997763934079558 ], [ 2350504.01833816524595, 2553307.997763934079558 ], [ 2350504.01833816524595, 2553261.064222916960716 ], [ 2350504.01833816524595, 2553214.129703954793513 ], [ 2350550.952004631981254, 2553214.129703954793513 ], [ 2350550.952004631981254, 2553167.195184992160648 ], [ 2350597.885671098716557, 2553167.195184992160648 ], [ 2350597.885671098716557, 2553120.260666029993445 ], [ 2350644.81933756545186, 2553120.260666029993445 ], [ 2350644.81933756545186, 2553073.327125012874603 ], [ 2350691.753004032187164, 2553073.327125012874603 ], [ 2350691.753004032187164, 2553026.3926060507074 ], [ 2350738.6876484262757, 2552979.458087088540196 ], [ 2350738.6876484262757, 2552932.523568126372993 ], [ 2350738.6876484262757, 2552838.655508146621287 ], [ 2350785.621314893011004, 2552791.720989184454083 ], [ 2350832.554981359280646, 2552791.720989184454083 ], [ 2350832.554981359280646, 2552744.787448167335242 ], [ 2350879.488647826015949, 2552744.787448167335242 ], [ 2350879.488647826015949, 2552697.852929205168039 ], [ 2350926.422314292751253, 2552697.852929205168039 ], [ 2350973.356958686839789, 2552697.852929205168039 ], [ 2351020.290625153575093, 2552697.852929205168039 ], [ 2351067.224291620310396, 2552697.852929205168039 ], [ 2351114.157958087045699, 2552697.852929205168039 ], [ 2351161.091624553781003, 2552697.852929205168039 ], [ 2351161.091624553781003, 2552650.918410243000835 ], [ 2351208.025291020516306, 2552650.918410243000835 ], [ 2351254.959935414139181, 2552650.918410243000835 ], [ 2351301.893601880874485, 2552650.918410243000835 ], [ 2351348.827268347609788, 2552650.918410243000835 ], [ 2351395.760934814345092, 2552650.918410243000835 ], [ 2351442.694601281080395, 2552650.918410243000835 ], [ 2351442.694601281080395, 2552603.983891280833632 ], [ 2351489.629245675168931, 2552603.983891280833632 ], [ 2351536.562912141904235, 2552603.983891280833632 ], [ 2351536.562912141904235, 2552650.918410243000835 ], [ 2351583.496578608639538, 2552650.918410243000835 ], [ 2351630.43024507490918, 2552650.918410243000835 ], [ 2351677.363911541644484, 2552650.918410243000835 ], [ 2351677.363911541644484, 2552697.852929205168039 ], [ 2351724.29855593573302, 2552697.852929205168039 ], [ 2351771.232222402468324, 2552697.852929205168039 ], [ 2351771.232222402468324, 2552744.787448167335242 ], [ 2351818.165888869203627, 2552744.787448167335242 ], [ 2351818.165888869203627, 2552697.852929205168039 ], [ 2351865.099555335938931, 2552697.852929205168039 ], [ 2351865.099555335938931, 2552650.918410243000835 ], [ 2351912.033221802674234, 2552650.918410243000835 ], [ 2351958.966888269409537, 2552650.918410243000835 ], [ 2352005.901532663032413, 2552650.918410243000835 ], [ 2352005.901532663032413, 2552697.852929205168039 ], [ 2352052.835199129767716, 2552697.852929205168039 ], [ 2352099.768865596503019, 2552697.852929205168039 ], [ 2352146.702532063238323, 2552697.852929205168039 ], [ 2352146.702532063238323, 2552650.918410243000835 ], [ 2352193.636198529973626, 2552650.918410243000835 ], [ 2352240.570842924062163, 2552650.918410243000835 ], [ 2352287.504509390797466, 2552650.918410243000835 ], [ 2352334.438175857532769, 2552650.918410243000835 ], [ 2352381.371842324268073, 2552650.918410243000835 ], [ 2352428.305508790537715, 2552650.918410243000835 ], [ 2352428.305508790537715, 2552603.983891280833632 ], [ 2352475.240153184626251, 2552603.983891280833632 ], [ 2352475.240153184626251, 2552557.05035026371479 ], [ 2352475.240153184626251, 2552510.115831301081926 ], [ 2352428.305508790537715, 2552510.115831301081926 ], [ 2352428.305508790537715, 2552463.181312338914722 ], [ 2352381.371842324268073, 2552463.181312338914722 ], [ 2352334.438175857532769, 2552463.181312338914722 ], [ 2352334.438175857532769, 2552416.246793376747519 ], [ 2352287.504509390797466, 2552416.246793376747519 ], [ 2352287.504509390797466, 2552369.313252359628677 ], [ 2352240.570842924062163, 2552369.313252359628677 ], [ 2352193.636198529973626, 2552369.313252359628677 ], [ 2352193.636198529973626, 2552322.378733397461474 ], [ 2352146.702532063238323, 2552322.378733397461474 ], [ 2352146.702532063238323, 2552275.444214435294271 ], [ 2352099.768865596503019, 2552275.444214435294271 ], [ 2352146.702532063238323, 2552228.509695473127067 ], [ 2352193.636198529973626, 2552228.509695473127067 ], [ 2352193.636198529973626, 2552181.576154455542564 ], [ 2352240.570842924062163, 2552181.576154455542564 ], [ 2352287.504509390797466, 2552181.576154455542564 ], [ 2352287.504509390797466, 2552134.641635493375361 ], [ 2352334.438175857532769, 2552134.641635493375361 ], [ 2352381.371842324268073, 2552134.641635493375361 ], [ 2352381.371842324268073, 2552087.707116531208158 ], [ 2352428.305508790537715, 2552087.707116531208158 ], [ 2352475.240153184626251, 2552087.707116531208158 ], [ 2352522.173819651361555, 2552040.773575514089316 ], [ 2352569.107486118096858, 2552040.773575514089316 ], [ 2352569.107486118096858, 2551993.839056551922113 ], [ 2352616.041152584832162, 2551993.839056551922113 ], [ 2352662.974819051567465, 2551946.904537589754909 ], [ 2352709.908485518302768, 2551946.904537589754909 ], [ 2352756.843129912391305, 2551899.970018627122045 ], [ 2352803.776796378660947, 2551853.036477610003203 ], [ 2352803.776796378660947, 2551806.101958647836 ], [ 2352850.71046284539625, 2551806.101958647836 ], [ 2352850.71046284539625, 2551759.167439685668796 ], [ 2352897.644129312131554, 2551759.167439685668796 ], [ 2352897.644129312131554, 2551712.232920723501593 ], [ 2352944.577795778866857, 2551712.232920723501593 ], [ 2352944.577795778866857, 2551665.299379706382751 ], [ 2352944.577795778866857, 2551618.364860744215548 ], [ 2352944.577795778866857, 2551571.430341782048345 ], [ 2352991.512440172955394, 2551571.430341782048345 ], [ 2352991.512440172955394, 2551524.496800764463842 ], [ 2353038.446106639690697, 2551524.496800764463842 ], [ 2353038.446106639690697, 2551477.562281802296638 ], [ 2353085.379773106426001, 2551477.562281802296638 ], [ 2353085.379773106426001, 2551430.627762840129435 ], [ 2353132.313439573161304, 2551430.627762840129435 ], [ 2353179.247106039896607, 2551430.627762840129435 ], [ 2353179.247106039896607, 2551383.693243877962232 ], [ 2353226.181750433519483, 2551383.693243877962232 ], [ 2353273.115416900254786, 2551383.693243877962232 ], [ 2353273.115416900254786, 2551336.75970286084339 ], [ 2353320.049083366990089, 2551336.75970286084339 ], [ 2353366.982749833725393, 2551336.75970286084339 ], [ 2353413.916416300460696, 2551336.75970286084339 ], [ 2353413.916416300460696, 2551289.825183898676187 ], [ 2353460.850082767196, 2551289.825183898676187 ], [ 2353507.784727161284536, 2551289.825183898676187 ], [ 2353554.71839362801984, 2551289.825183898676187 ], [ 2353601.652060094289482, 2551242.890664936508983 ], [ 2353648.585726561024785, 2551242.890664936508983 ], [ 2353648.585726561024785, 2551195.956145973876119 ], [ 2353695.519393027760088, 2551149.022604956757277 ], [ 2353695.519393027760088, 2551102.088085994590074 ], [ 2353742.454037421848625, 2551102.088085994590074 ], [ 2353789.387703888583928, 2551055.15356703242287 ], [ 2353789.387703888583928, 2551008.219048070255667 ], [ 2353836.321370355319232, 2551008.219048070255667 ], [ 2353836.321370355319232, 2550961.285507053136826 ], [ 2353883.255036822054535, 2550961.285507053136826 ], [ 2353930.188703288789839, 2550961.285507053136826 ], [ 2353930.188703288789839, 2550914.350988090969622 ], [ 2353977.122369755059481, 2550914.350988090969622 ], [ 2353977.122369755059481, 2550867.416469128336757 ], [ 2354024.057014149148017, 2550867.416469128336757 ], [ 2354070.990680615883321, 2550867.416469128336757 ], [ 2354070.990680615883321, 2550820.482928111217916 ], [ 2354117.924347082618624, 2550820.482928111217916 ], [ 2354164.858013549353927, 2550820.482928111217916 ], [ 2354164.858013549353927, 2550773.548409149050713 ], [ 2354211.791680016089231, 2550773.548409149050713 ], [ 2354211.791680016089231, 2550726.613890186883509 ], [ 2354211.791680016089231, 2550679.679371224716306 ], [ 2354258.726324410177767, 2550679.679371224716306 ], [ 2354258.726324410177767, 2550632.745830207597464 ], [ 2354305.659990876913071, 2550632.745830207597464 ], [ 2354305.659990876913071, 2550585.8113112449646 ], [ 2354305.659990876913071, 2550538.876792282797396 ], [ 2354352.593657343648374, 2550538.876792282797396 ], [ 2354399.527323809918016, 2550538.876792282797396 ], [ 2354399.527323809918016, 2550491.942273320630193 ], [ 2354446.46099027665332, 2550491.942273320630193 ], [ 2354493.395634670741856, 2550491.942273320630193 ], [ 2354540.32930113747716, 2550491.942273320630193 ], [ 2354587.262967604212463, 2550491.942273320630193 ], [ 2354634.196634070947766, 2550491.942273320630193 ], [ 2354681.13030053768307, 2550445.008732303511351 ], [ 2354728.063967004418373, 2550445.008732303511351 ], [ 2354728.063967004418373, 2550398.074213341344148 ], [ 2354728.063967004418373, 2550351.139694379176944 ], [ 2354774.998611398041248, 2550351.139694379176944 ], [ 2354774.998611398041248, 2550304.205175417009741 ], [ 2354774.998611398041248, 2550257.2716343998909 ], [ 2354774.998611398041248, 2550210.337115437258035 ], [ 2354821.932277864776552, 2550210.337115437258035 ], [ 2354821.932277864776552, 2550163.402596475090832 ], [ 2354821.932277864776552, 2550116.46905545797199 ], [ 2354821.932277864776552, 2550069.534536495804787 ], [ 2354821.932277864776552, 2550022.600017533637583 ], [ 2354868.865944331511855, 2549975.66549857147038 ], [ 2354915.799610798247159, 2549975.66549857147038 ], [ 2354915.799610798247159, 2549928.731957554351538 ], [ 2354962.733277264982462, 2549928.731957554351538 ], [ 2355009.667921659070998, 2549928.731957554351538 ], [ 2355056.601588125806302, 2549975.66549857147038 ], [ 2355103.535254592541605, 2549975.66549857147038 ], [ 2355103.535254592541605, 2550022.600017533637583 ], [ 2355150.468921058811247, 2550022.600017533637583 ], [ 2355197.402587525546551, 2550022.600017533637583 ], [ 2355197.402587525546551, 2550069.534536495804787 ], [ 2355244.337231919635087, 2550069.534536495804787 ], [ 2355244.337231919635087, 2550116.46905545797199 ], [ 2355291.270898386370391, 2550116.46905545797199 ], [ 2355291.270898386370391, 2550163.402596475090832 ], [ 2355338.204564853105694, 2550163.402596475090832 ], [ 2355338.204564853105694, 2550116.46905545797199 ], [ 2355385.138231319840997, 2550116.46905545797199 ], [ 2355479.005564253311604, 2550163.402596475090832 ], [ 2355525.940208647400141, 2550163.402596475090832 ], [ 2355525.940208647400141, 2550116.46905545797199 ], [ 2355572.873875113669783, 2550116.46905545797199 ], [ 2355572.873875113669783, 2550069.534536495804787 ], [ 2355572.873875113669783, 2550022.600017533637583 ], [ 2355572.873875113669783, 2549975.66549857147038 ], [ 2355572.873875113669783, 2549928.731957554351538 ], [ 2355572.873875113669783, 2549881.797438591718674 ], [ 2355572.873875113669783, 2549834.86291962955147 ], [ 2355525.940208647400141, 2549787.928400667384267 ], [ 2355525.940208647400141, 2549740.994859650265425 ], [ 2355479.005564253311604, 2549694.060340688098222 ], [ 2355479.005564253311604, 2549647.125821725931019 ], [ 2355525.940208647400141, 2549600.192280708812177 ], [ 2355572.873875113669783, 2549600.192280708812177 ], [ 2355619.807541580405086, 2549600.192280708812177 ], [ 2355666.74120804714039, 2549600.192280708812177 ], [ 2355713.674874513875693, 2549600.192280708812177 ], [ 2355760.60951890796423, 2549600.192280708812177 ], [ 2355807.543185374699533, 2549600.192280708812177 ], [ 2355854.476851841434836, 2549600.192280708812177 ], [ 2355901.41051830817014, 2549600.192280708812177 ], [ 2355948.344184774439782, 2549553.257761746179312 ], [ 2355995.278829168528318, 2549506.323242784012109 ], [ 2355995.278829168528318, 2549459.388723821844906 ], [ 2355995.278829168528318, 2549412.455182804726064 ], [ 2356042.212495635263622, 2549412.455182804726064 ], [ 2356042.212495635263622, 2549365.520663842558861 ], [ 2356042.212495635263622, 2549318.586144880391657 ], [ 2356089.146162101998925, 2549318.586144880391657 ], [ 2356136.079828568734229, 2549271.651625917758793 ], [ 2356136.079828568734229, 2549224.718084900639951 ], [ 2356183.013495035469532, 2549224.718084900639951 ], [ 2356229.947161502204835, 2549224.718084900639951 ], [ 2356276.881805896293372, 2549177.783565938472748 ], [ 2356323.815472362563014, 2549177.783565938472748 ], [ 2356323.815472362563014, 2549130.849046976305544 ], [ 2356370.749138829298317, 2549130.849046976305544 ], [ 2356370.749138829298317, 2549083.914528014138341 ], [ 2356417.682805296033621, 2549083.914528014138341 ], [ 2356417.682805296033621, 2549036.9809869970195 ], [ 2356464.616471762768924, 2549036.9809869970195 ], [ 2356464.616471762768924, 2548990.046468034852296 ], [ 2356511.551116156857461, 2548990.046468034852296 ], [ 2356511.551116156857461, 2548943.111949072219431 ], [ 2356558.484782623592764, 2548943.111949072219431 ], [ 2356558.484782623592764, 2548896.17840805510059 ], [ 2356558.484782623592764, 2548849.243889092933387 ], [ 2356558.484782623592764, 2548802.309370130766183 ], [ 2356605.418449090328068, 2548802.309370130766183 ], [ 2356605.418449090328068, 2548755.37485116859898 ], [ 2356652.352115557063371, 2548708.441310151480138 ], [ 2356652.352115557063371, 2548661.506791189312935 ], [ 2356699.285782023798674, 2548661.506791189312935 ], [ 2356793.154092884156853, 2548567.637753264512867 ], [ 2356840.087759350892156, 2548520.704212247394025 ], [ 2356933.955092284362763, 2548520.704212247394025 ], [ 2356980.888758751098067, 2548520.704212247394025 ], [ 2357027.823403145186603, 2548520.704212247394025 ], [ 2357074.757069611921906, 2548567.637753264512867 ], [ 2357121.690736078191549, 2548567.637753264512867 ], [ 2357168.624402544926852, 2548567.637753264512867 ], [ 2357215.558069011662155, 2548567.637753264512867 ], [ 2357262.492713405750692, 2548567.637753264512867 ], [ 2357262.492713405750692, 2548520.704212247394025 ], [ 2357309.426379872485995, 2548520.704212247394025 ], [ 2357356.360046339221299, 2548473.769693285226822 ], [ 2357403.293712805956602, 2548426.835174323059618 ], [ 2357450.227379272691905, 2548426.835174323059618 ], [ 2357497.162023666314781, 2548426.835174323059618 ], [ 2357497.162023666314781, 2548473.769693285226822 ], [ 2357544.095690133050084, 2548473.769693285226822 ], [ 2357591.029356599785388, 2548473.769693285226822 ], [ 2357591.029356599785388, 2548426.835174323059618 ], [ 2357637.963023066520691, 2548426.835174323059618 ], [ 2357637.963023066520691, 2548379.900655360892415 ], [ 2357637.963023066520691, 2548332.967114343773574 ], [ 2357684.896689533255994, 2548286.032595381140709 ], [ 2357684.896689533255994, 2548239.098076418973505 ], [ 2357731.830356, 2548239.098076418973505 ], [ 2357731.830356, 2548192.164535401854664 ], [ 2357731.830356, 2548145.230016439687461 ], [ 2357778.765000394079834, 2548098.295497477520257 ], [ 2357825.698666860815138, 2548098.295497477520257 ], [ 2357825.698666860815138, 2548051.360978515353054 ], [ 2357872.632333327550441, 2548051.360978515353054 ], [ 2357919.565999793820083, 2548098.295497477520257 ], [ 2357966.499666260555387, 2548098.295497477520257 ], [ 2358013.434310654643923, 2548098.295497477520257 ], [ 2358060.367977121379226, 2548098.295497477520257 ], [ 2358107.30164358811453, 2548098.295497477520257 ], [ 2358154.235310054849833, 2548098.295497477520257 ], [ 2358248.10264298832044, 2548098.295497477520257 ], [ 2358295.037287381943315, 2548098.295497477520257 ], [ 2358341.970953848678619, 2548098.295497477520257 ], [ 2358388.904620315413922, 2548051.360978515353054 ], [ 2358435.838286782149225, 2548051.360978515353054 ], [ 2358482.771953248884529, 2548004.427437498234212 ], [ 2358529.706597642973065, 2548004.427437498234212 ], [ 2358576.640264109708369, 2547957.492918535601348 ], [ 2358623.573930576443672, 2547957.492918535601348 ], [ 2358670.507597043178976, 2547957.492918535601348 ], [ 2358717.441263509448618, 2547957.492918535601348 ], [ 2358717.441263509448618, 2547910.558399573434144 ], [ 2358717.441263509448618, 2547863.623880611266941 ], [ 2358717.441263509448618, 2547816.690339594148099 ], [ 2358717.441263509448618, 2547769.755820631980896 ], [ 2358670.507597043178976, 2547769.755820631980896 ], [ 2358670.507597043178976, 2547722.821301669813693 ], [ 2358623.573930576443672, 2547722.821301669813693 ], [ 2358623.573930576443672, 2547675.887760652694851 ], [ 2358576.640264109708369, 2547675.887760652694851 ], [ 2358576.640264109708369, 2547628.953241690061986 ], [ 2358529.706597642973065, 2547628.953241690061986 ], [ 2358529.706597642973065, 2547582.018722727894783 ], [ 2358482.771953248884529, 2547582.018722727894783 ], [ 2358482.771953248884529, 2547535.08420376572758 ], [ 2358529.706597642973065, 2547535.08420376572758 ], [ 2358529.706597642973065, 2547488.150662748608738 ], [ 2358576.640264109708369, 2547488.150662748608738 ], [ 2358623.573930576443672, 2547488.150662748608738 ], [ 2358670.507597043178976, 2547488.150662748608738 ], [ 2358670.507597043178976, 2547441.216143786441535 ], [ 2358717.441263509448618, 2547441.216143786441535 ], [ 2358764.375907903537154, 2547441.216143786441535 ], [ 2358811.309574370272458, 2547441.216143786441535 ], [ 2358811.309574370272458, 2547394.281624824274331 ], [ 2358858.243240837007761, 2547394.281624824274331 ], [ 2358905.176907303743064, 2547394.281624824274331 ], [ 2358952.110573770478368, 2547394.281624824274331 ], [ 2358999.044240237213671, 2547394.281624824274331 ], [ 2359045.978884630836546, 2547394.281624824274331 ], [ 2359092.91255109757185, 2547394.281624824274331 ], [ 2359092.91255109757185, 2547347.347105861641467 ], [ 2359139.846217564307153, 2547347.347105861641467 ], [ 2359139.846217564307153, 2547300.413564844522625 ], [ 2359139.846217564307153, 2547253.479045882355422 ], [ 2359186.779884031042457, 2547253.479045882355422 ], [ 2359186.779884031042457, 2547206.544526920188218 ], [ 2359186.779884031042457, 2547159.610007958021015 ], [ 2359186.779884031042457, 2547112.676466940902174 ], [ 2359186.779884031042457, 2547065.74194797873497 ], [ 2359139.846217564307153, 2547065.74194797873497 ], [ 2359139.846217564307153, 2547018.807429016102105 ], [ 2359139.846217564307153, 2546971.873887998983264 ], [ 2359186.779884031042457, 2546924.939369036816061 ], [ 2359186.779884031042457, 2546878.004850074648857 ], [ 2359139.846217564307153, 2546831.070331112481654 ], [ 2359139.846217564307153, 2546784.136790095362812 ], [ 2359186.779884031042457, 2546784.136790095362812 ], [ 2359233.71355049777776, 2546784.136790095362812 ], [ 2359233.71355049777776, 2546737.202271133195609 ], [ 2359280.648194891866297, 2546737.202271133195609 ], [ 2359280.648194891866297, 2546784.136790095362812 ], [ 2359327.5818613586016, 2546784.136790095362812 ], [ 2359374.515527825336903, 2546784.136790095362812 ], [ 2359421.449194292072207, 2546784.136790095362812 ], [ 2359421.449194292072207, 2546737.202271133195609 ], [ 2359468.382860758341849, 2546737.202271133195609 ], [ 2359468.382860758341849, 2546690.267752170562744 ], [ 2359468.382860758341849, 2546643.333233208395541 ], [ 2359515.317505152430385, 2546643.333233208395541 ], [ 2359515.317505152430385, 2546596.399692191276699 ], [ 2359468.382860758341849, 2546596.399692191276699 ], [ 2359515.317505152430385, 2546596.399692191276699 ], [ 2359515.317505152430385, 2546549.465173229109496 ], [ 2359468.382860758341849, 2546549.465173229109496 ], [ 2359468.382860758341849, 2546502.530654266942292 ], [ 2359421.449194292072207, 2546502.530654266942292 ], [ 2359421.449194292072207, 2546455.596135304775089 ], [ 2359374.515527825336903, 2546455.596135304775089 ], [ 2359374.515527825336903, 2546408.662594287656248 ], [ 2359374.515527825336903, 2546361.728075325489044 ], [ 2359421.449194292072207, 2546361.728075325489044 ], [ 2359421.449194292072207, 2546314.793556362856179 ], [ 2359468.382860758341849, 2546314.793556362856179 ], [ 2359468.382860758341849, 2546267.860015345737338 ], [ 2359515.317505152430385, 2546267.860015345737338 ], [ 2359515.317505152430385, 2546220.925496383570135 ] ], [ [ 2300190.931322487071157, 2546220.925496383570135 ], [ 2300097.06398955360055, 2546267.860015345737338 ], [ 2300050.130323086865246, 2546267.860015345737338 ], [ 2300003.196656620129943, 2546314.793556362856179 ], [ 2298923.717438249848783, 2546690.267752170562744 ], [ 2298689.048127988819033, 2546831.070331112481654 ], [ 2298454.378817728254944, 2546878.004850074648857 ], [ 2298031.974841600749642, 2547065.74194797873497 ], [ 2297797.305531340185553, 2547112.676466940902174 ], [ 2297562.636221079155803, 2547206.544526920188218 ], [ 2297374.900577285327017, 2547300.413564844522625 ], [ 2297187.164933491032571, 2547347.347105861641467 ], [ 2297046.363934091292322, 2547394.281624824274331 ], [ 2296952.496601157821715, 2547441.216143786441535 ], [ 2296952.496601157821715, 2547535.08420376572758 ], [ 2296905.561956763733178, 2548802.309370130766183 ], [ 2296905.561956763733178, 2549881.797438591718674 ], [ 2296858.628290296997875, 2550726.613890186883509 ], [ 2296905.561956763733178, 2550773.548409149050713 ], [ 2296905.561956763733178, 2550820.482928111217916 ], [ 2296905.561956763733178, 2551149.022604956757277 ], [ 2296905.561956763733178, 2551195.956145973876119 ], [ 2296858.628290296997875, 2551993.839056551922113 ], [ 2296858.628290296997875, 2552275.444214435294271 ], [ 2296858.628290296997875, 2553214.129703954793513 ], [ 2296858.628290296997875, 2553307.997763934079558 ], [ 2297750.371864873450249, 2553307.997763934079558 ], [ 2298501.313462122343481, 2553354.932282896246761 ], [ 2298595.180795055814087, 2553354.932282896246761 ], [ 2298876.78377178311348, 2553354.932282896246761 ], [ 2300613.336276541929692, 2553401.866801858413965 ], [ 2300754.138253869023174, 2553401.866801858413965 ], [ 2301552.013517584651709, 2553401.866801858413965 ], [ 2301598.947184051387012, 2553401.866801858413965 ], [ 2301598.947184051387012, 2553448.801320820581168 ], [ 2301598.947184051387012, 2553589.603899762500077 ], [ 2301598.947184051387012, 2553636.537440779618919 ], [ 2301974.418471639510244, 2553636.537440779618919 ], [ 2301974.418471639510244, 2553683.471959741786122 ], [ 2301974.418471639510244, 2554528.288411336950958 ], [ 2301927.483827245421708, 2555138.434224010910839 ], [ 2301927.483827245421708, 2556124.053254547528923 ], [ 2302725.359090961050242, 2556170.987773509696126 ], [ 2302725.359090961050242, 2557672.883578795474023 ], [ 2303476.300688209943473, 2557719.818097757641226 ], [ 2304321.110596319660544, 2557719.818097757641226 ], [ 2304884.31654977472499, 2557438.21293987473473 ], [ 2305259.787837362848222, 2557391.278420912101865 ], [ 2305353.655170295853168, 2557344.343901949934661 ], [ 2305400.588836762588471, 2557344.343901949934661 ], [ 2306902.472031260840595, 2557203.541323008481413 ], [ 2307418.744318248704076, 2557156.60680404631421 ], [ 2307465.677984715439379, 2557156.60680404631421 ], [ 2308498.222558691632003, 2557015.8042251043953 ], [ 2308545.157203085720539, 2557015.8042251043953 ], [ 2310563.312684571836144, 2556828.067127200774848 ], [ 2310610.246351038571447, 2556828.067127200774848 ], [ 2310657.180017505306751, 2556781.132608238607645 ], [ 2312581.468166057951748, 2556593.396488279569894 ], [ 2312956.938475718721747, 2556546.461969317402691 ], [ 2313003.872142185457051, 2556546.461969317402691 ], [ 2314318.020670816767961, 2556405.659390375949442 ], [ 2315679.10188798699528, 2556264.855833488982171 ], [ 2316054.573175575118512, 2556217.922292471863329 ], [ 2316523.910818169359118, 2556170.987773509696126 ], [ 2317180.985082484781742, 2556124.053254547528923 ], [ 2318823.670254310127348, 2555936.31615664344281 ], [ 2319668.479184492491186, 2555842.448096664156765 ], [ 2320137.817805014085025, 2555795.513577701989561 ], [ 2320184.751471480820328, 2555795.513577701989561 ], [ 2320231.685137947555631, 2555795.513577701989561 ], [ 2320607.156425535678864, 2555748.579058739356697 ], [ 2321076.495046056807041, 2555701.645517722237855 ], [ 2321405.031689251307398, 2555654.710998760070652 ], [ 2322249.840619433205575, 2555560.841960835736245 ], [ 2322578.378240554593503, 2555560.841960835736245 ], [ 2322625.311907021328807, 2555795.513577701989561 ], [ 2322625.311907021328807, 2555842.448096664156765 ], [ 2322672.24557348806411, 2556499.527450355235487 ], [ 2322719.179239954799414, 2556546.461969317402691 ], [ 2322719.179239954799414, 2556499.527450355235487 ], [ 2322859.981217282358557, 2556499.527450355235487 ], [ 2324127.19510151958093, 2556358.724871413316578 ], [ 2324643.467388507444412, 2556311.790352451149374 ], [ 2325018.937698168214411, 2556264.855833488982171 ], [ 2325394.408985756337643, 2556217.922292471863329 ], [ 2325441.342652223072946, 2556593.396488279569894 ], [ 2325488.276318689808249, 2556734.199067221023142 ], [ 2325535.209985156543553, 2557250.475841970648617 ], [ 2325676.011962484102696, 2557203.541323008481413 ], [ 2325863.747606277931482, 2557203.541323008481413 ], [ 2325910.681272744666785, 2557250.475841970648617 ], [ 2325863.747606277931482, 2557344.343901949934661 ], [ 2325863.747606277931482, 2557391.278420912101865 ], [ 2325769.879295417107642, 2557672.883578795474023 ], [ 2325816.812961883842945, 2557719.818097757641226 ], [ 2325957.614939211402088, 2557813.687135682441294 ], [ 2326004.548605678137392, 2557813.687135682441294 ], [ 2326004.548605678137392, 2557860.620676699560136 ], [ 2326051.482272144872695, 2557907.555195661727339 ], [ 2326098.416916538961232, 2557954.489714623894542 ], [ 2326145.350583005230874, 2557954.489714623894542 ], [ 2326098.416916538961232, 2558001.423255641013384 ], [ 2326051.482272144872695, 2558048.357774603180587 ], [ 2326004.548605678137392, 2558095.292293565813452 ], [ 2325816.812961883842945, 2558376.89745144918561 ], [ 2325676.011962484102696, 2558564.634549352806062 ], [ 2325582.143651623278856, 2558705.43712829425931 ], [ 2325488.276318689808249, 2558846.240685181226581 ], [ 2325441.342652223072946, 2558940.108745160512626 ], [ 2325394.408985756337643, 2558987.04326412267983 ], [ 2325347.475319289602339, 2559080.911324102431536 ], [ 2325300.540674895979464, 2559127.845843064598739 ], [ 2324737.334721440915018, 2559972.662294659297913 ], [ 2324831.202054374385625, 2559972.662294659297913 ], [ 2325300.540674895979464, 2559925.72777569713071 ], [ 2325535.209985156543553, 2559878.794234680011868 ], [ 2325957.614939211402088, 2559831.859715717844665 ], [ 2326333.085248872172087, 2559784.925196755677462 ], [ 2326426.953559732995927, 2559784.925196755677462 ], [ 2326473.887226199731231, 2559784.925196755677462 ], [ 2326567.754559132736176, 2559784.925196755677462 ], [ 2327130.961490515153855, 2559925.72777569713071 ], [ 2327224.828823448624462, 2559925.72777569713071 ], [ 2327318.696156381629407, 2559972.662294659297913 ], [ 2327600.300111036747694, 2560019.596813621930778 ], [ 2328632.844685012940317, 2559925.72777569713071 ], [ 2330744.867499432526529, 2559691.057136776391417 ], [ 2330932.603143226355314, 2559644.122617813758552 ], [ 2331073.404142626561224, 2559644.122617813758552 ], [ 2331120.338787020649761, 2559644.122617813758552 ], [ 2331448.875430214684457, 2559597.188098851591349 ], [ 2332669.155647985171527, 2559456.3855199101381 ], [ 2332809.956647384911776, 2560676.676167313009501 ], [ 2332950.758624712470919, 2561850.032295753248036 ], [ 2333138.494268506765366, 2563492.731657925993204 ], [ 2333513.964578167535365, 2563680.468755830079317 ], [ 2333795.567554894834757, 2563868.205853733699769 ], [ 2333842.50122136157006, 2563868.205853733699769 ], [ 2333889.435865755658597, 2563868.205853733699769 ], [ 2333936.3695322223939, 2563868.205853733699769 ], [ 2334921.98043973185122, 2563915.140372696332633 ], [ 2334968.914106198586524, 2563915.140372696332633 ], [ 2335485.186393186915666, 2563915.140372696332633 ], [ 2337362.539897345472127, 2563962.073913713451475 ], [ 2338113.481494594365358, 2563962.073913713451475 ], [ 2338723.622092443052679, 2564009.008432675618678 ], [ 2339474.56368969194591, 2564009.008432675618678 ], [ 2342008.991458166390657, 2564055.942951637785882 ], [ 2342008.991458166390657, 2564525.285207424778491 ], [ 2342853.800388348754495, 2564525.285207424778491 ], [ 2343041.536032142583281, 2564478.350688462611288 ], [ 2343182.338009470142424, 2564431.417147445492446 ], [ 2343323.139008870348334, 2564384.482628483325243 ], [ 2343651.67565206438303, 2564384.482628483325243 ], [ 2343792.477629391476512, 2564384.482628483325243 ], [ 2344918.889536301605403, 2564431.417147445492446 ], [ 2345388.228156822733581, 2564431.417147445492446 ], [ 2345669.831133550498635, 2564431.417147445492446 ], [ 2345716.765777944587171, 2564431.417147445492446 ], [ 2345951.43508820515126, 2564431.417147445492446 ], [ 2345998.368754671886563, 2564431.417147445492446 ], [ 2346233.038064932450652, 2564431.417147445492446 ] ] ] } },
{ "type": "Feature", "properties": { }, "geometry": { "type": "MultiLineString", "coordinates": [ [ [ 2283717.150827404577285, 2608455.749491869471967 ], [ 2283013.142896621953696, 2608455.749491869471967 ], [ 2282590.73794256709516, 2608455.749491869471967 ], [ 2281980.598322645761073, 2608408.814972907304764 ], [ 2281652.061679451726377, 2608408.814972907304764 ], [ 2281464.32603565743193, 2608408.814972907304764 ], [ 2281276.590391863603145, 2608408.814972907304764 ], [ 2280901.120082202833146, 2608408.814972907304764 ], [ 2280807.251771342009306, 2608408.814972907304764 ], [ 2280431.781461681239307, 2608408.814972907304764 ], [ 2277944.287359673529863, 2608314.946912928018719 ], [ 2277474.948739152401686, 2608314.946912928018719 ], [ 2275832.26356732705608, 2608268.012393965385854 ], [ 2275738.396234393585473, 2608268.012393965385854 ], [ 2274752.785326883662492, 2608221.077875003218651 ], [ 2274471.1823501563631, 2608221.077875003218651 ], [ 2274095.712040495593101, 2608221.077875003218651 ], [ 2273907.976396701764315, 2608221.077875003218651 ], [ 2273720.240752907469869, 2608221.077875003218651 ], [ 2273579.438775579910725, 2608221.077875003218651 ], [ 2273297.835798852611333, 2608221.077875003218651 ], [ 2273063.166488592047244, 2608174.144333986099809 ], [ 2272734.629845398012549, 2608174.144333986099809 ], [ 2272453.026868670247495, 2608174.144333986099809 ], [ 2271983.688248149119318, 2608174.144333986099809 ], [ 2271561.283294094260782, 2608174.144333986099809 ], [ 2271467.415961160790175, 2608174.144333986099809 ], [ 2271045.01100710593164, 2608127.209815023932606 ], [ 2270904.210007705725729, 2608127.209815023932606 ], [ 2270763.408030378632247, 2608127.209815023932606 ], [ 2270294.069409857038409, 2608127.209815023932606 ], [ 2269965.532766663003713, 2608127.209815023932606 ], [ 2269683.929789935238659, 2608080.275296061765403 ], [ 2269402.326813207939267, 2608080.275296061765403 ], [ 2269214.591169414110482, 2608080.275296061765403 ], [ 2269167.657502947375178, 2608080.275296061765403 ], [ 2268839.120859753340483, 2608080.275296061765403 ], [ 2268510.583238631486893, 2608080.275296061765403 ], [ 2268228.9802619041875, 2608080.275296061765403 ], [ 2267853.509952243417501, 2608033.340777099598199 ], [ 2267618.840641982853413, 2608033.340777099598199 ], [ 2267196.435687927994877, 2608033.340777099598199 ], [ 2266961.766377666965127, 2608033.340777099598199 ], [ 2266633.229734472930431, 2608033.340777099598199 ], [ 2266351.626757745631039, 2608033.340777099598199 ], [ 2266257.758446884807199, 2608033.340777099598199 ], [ 2266210.824780418071896, 2608033.340777099598199 ], [ 2266023.08913662424311, 2607986.407236082479358 ], [ 2265976.155470157507807, 2607986.407236082479358 ], [ 2265882.2881372240372, 2608033.340777099598199 ], [ 2265741.486159896478057, 2608033.340777099598199 ], [ 2265694.552493430208415, 2608033.340777099598199 ], [ 2265694.552493430208415, 2608080.275296061765403 ], [ 2265647.618826963473111, 2608080.275296061765403 ], [ 2265600.685160496737808, 2608033.340777099598199 ], [ 2265553.750516102649271, 2607986.407236082479358 ], [ 2265506.816849635913968, 2607986.407236082479358 ], [ 2265366.015850235708058, 2607986.407236082479358 ], [ 2265037.478229114320129, 2607986.407236082479358 ], [ 2264615.074252986814827, 2607986.407236082479358 ] ], [ [ 2283388.614184210076928, 2620940.262101725675166 ], [ 2283388.614184210076928, 2620846.393063800875098 ], [ 2283435.547850676812232, 2619391.431777477264404 ], [ 2283482.481517143547535, 2617748.732415304519236 ], [ 2283482.481517143547535, 2617701.797896341886371 ], [ 2283529.415183610282838, 2615730.558857323601842 ], [ 2283529.415183610282838, 2615683.625316306483001 ], [ 2283529.415183610282838, 2615448.953699440695345 ], [ 2283529.415183610282838, 2614979.611443653237075 ], [ 2283576.348850077018142, 2613759.320796250365674 ], [ 2283576.348850077018142, 2613102.24046461423859 ], [ 2283623.282516543753445, 2612773.700787768699229 ], [ 2283623.282516543753445, 2612726.767246751580387 ], [ 2283623.282516543753445, 2612679.832727789413184 ], [ 2283623.282516543753445, 2612539.030148847959936 ], [ 2283623.282516543753445, 2612492.095629885327071 ], [ 2283623.282516543753445, 2612210.490472002420574 ], [ 2283576.348850077018142, 2612210.490472002420574 ], [ 2283576.348850077018142, 2612116.621434077620506 ], [ 2283623.282516543753445, 2612069.686915115453303 ], [ 2283623.282516543753445, 2610661.659169808961451 ], [ 2283670.217160937841982, 2610192.31691402150318 ], [ 2283670.217160937841982, 2609488.303041368257254 ], [ 2283670.217160937841982, 2609112.82884556055069 ], [ 2283717.150827404577285, 2608455.749491869471967 ], [ 2283717.150827404577285, 2608455.749491869471967 ] ] ] } },
{ "type": "Feature", "properties": { }, "geometry": { "type": "MultiLineString", "coordinates": [ [ [ 2267384.171331721823663, 2557954.489714623894542 ], [ 2267431.104998188558966, 2557954.489714623894542 ], [ 2267524.972331122029573, 2557954.489714623894542 ], [ 2267618.840641982853413, 2557954.489714623894542 ], [ 2267759.641641382593662, 2557907.555195661727339 ], [ 2267853.509952243417501, 2557954.489714623894542 ], [ 2268041.244618110358715, 2557954.489714623894542 ], [ 2268416.715905698481947, 2557954.489714623894542 ], [ 2268979.921859153080732, 2557954.489714623894542 ], [ 2269496.194146141409874, 2558001.423255641013384 ], [ 2270528.738720117602497, 2558001.423255641013384 ], [ 2270904.210007705725729, 2558001.423255641013384 ], [ 2271983.688248149119318, 2558048.357774603180587 ], [ 2272265.29122487641871, 2558048.357774603180587 ], [ 2272499.960535136982799, 2558048.357774603180587 ], [ 2272781.563511864747852, 2558048.357774603180587 ], [ 2273063.166488592047244, 2558048.357774603180587 ], [ 2273250.90213238587603, 2558048.357774603180587 ], [ 2273579.438775579910725, 2558095.292293565813452 ], [ 2273861.042730235029012, 2558095.292293565813452 ], [ 2274048.777396101504564, 2558095.292293565813452 ], [ 2274565.049683089833707, 2558095.292293565813452 ], [ 2274893.587304211221635, 2558142.226812527980655 ], [ 2275269.057613871991634, 2558142.226812527980655 ], [ 2275503.726924133021384, 2558142.226812527980655 ], [ 2275691.46256792685017, 2558142.226812527980655 ], [ 2276066.932877587620169, 2558189.160353545099497 ], [ 2277099.478429491166025, 2558189.160353545099497 ], [ 2278742.162623389158398, 2558236.0948725072667 ], [ 2279117.63391097728163, 2558236.0948725072667 ], [ 2279211.501243910752237, 2558236.0948725072667 ], [ 2279774.707197365816683, 2558283.029391469433904 ], [ 2280244.04581788694486, 2558283.029391469433904 ], [ 2280384.847795214504004, 2558283.029391469433904 ], [ 2281182.723058930132538, 2558329.963910431601107 ], [ 2282215.267632906325161, 2558329.963910431601107 ], [ 2282449.936943167354912, 2557907.555195661727339 ], [ 2282496.870609634090215, 2557860.620676699560136 ], [ 2282496.870609634090215, 2557813.687135682441294 ], [ 2282543.804276100825518, 2557813.687135682441294 ], [ 2282637.672586961183697, 2557766.752616720274091 ], [ 2282684.606253427919, 2557766.752616720274091 ], [ 2282778.473586361389607, 2557766.752616720274091 ], [ 2282872.340919294860214, 2557766.752616720274091 ], [ 2282919.27556368894875, 2557813.687135682441294 ], [ 2282966.209230155684054, 2557813.687135682441294 ], [ 2283013.142896621953696, 2557813.687135682441294 ], [ 2283060.076563088688999, 2557813.687135682441294 ], [ 2283107.010229555424303, 2557766.752616720274091 ], [ 2283153.944873949512839, 2557766.752616720274091 ], [ 2283200.878540416248143, 2557813.687135682441294 ], [ 2283247.812206882983446, 2557813.687135682441294 ], [ 2283717.150827404577285, 2557813.687135682441294 ], [ 2283904.88647119840607, 2557813.687135682441294 ], [ 2284092.621137065347284, 2557813.687135682441294 ], [ 2284186.489447925705463, 2557813.687135682441294 ], [ 2284280.356780859176069, 2557813.687135682441294 ], [ 2284421.158758186735213, 2557813.687135682441294 ], [ 2284468.092424653470516, 2557813.687135682441294 ], [ 2284515.02609112020582, 2557860.620676699560136 ], [ 2284561.959757586475462, 2557907.555195661727339 ], [ 2284655.828068447299302, 2557954.489714623894542 ], [ 2285031.298378108069301, 2558189.160353545099497 ], [ 2285782.239975356962532, 2558658.503587277140468 ], [ 2286392.379595278762281, 2559033.977783085312694 ], [ 2287424.925147182308137, 2559644.122617813758552 ], [ 2287565.726146582514048, 2559737.99165573855862 ], [ 2287612.659813049249351, 2559784.925196755677462 ], [ 2287706.52812390960753, 2559831.859715717844665 ], [ 2288035.064767104107887, 2559972.662294659297913 ], [ 2288551.337054091971368, 2560254.268430487718433 ], [ 2288832.940030819736421, 2560395.071009429637343 ], [ 2289020.675674613565207, 2560488.939069408923388 ], [ 2289255.344984874129295, 2560629.741648350376636 ], [ 2289490.014295135159045, 2560723.610686275176704 ], [ 2290100.153915056493133, 2561052.150363120716065 ], [ 2290240.955892384052277, 2561146.01842310000211 ], [ 2290334.823225317522883, 2561146.01842310000211 ], [ 2290381.756891784258187, 2561192.952942062169313 ], [ 2290475.625202644616365, 2561239.887461024336517 ], [ 2290522.558869111351669, 2561239.887461024336517 ], [ 2291320.434132826980203, 2561662.296175794675946 ], [ 2292352.978706803638488, 2562225.506491560954601 ], [ 2292587.648017064202577, 2562319.375529485754669 ], [ 2293244.722281379625201, 2562694.849725293461233 ], [ 2293667.126257507130504, 2562882.586823197081685 ], [ 2294418.067854756023735, 2563258.060041060205549 ], [ 2294793.539142344146967, 2563492.731657925993204 ], [ 2295356.745095799211413, 2563774.336815809365362 ], [ 2295638.348072526510805, 2563915.140372696332633 ], [ 2296577.025313569698483, 2564431.417147445492446 ], [ 2296577.025313569698483, 2563586.600695850793272 ], [ 2298219.710485395044088, 2563586.600695850793272 ], [ 2299299.188725837972015, 2563633.534236867912114 ], [ 2299299.188725837972015, 2563304.994560022372752 ], [ 2299768.527346359565854, 2563304.994560022372752 ], [ 2300941.872919735964388, 2563351.929078984539956 ], [ 2302068.285804572980851, 2563351.929078984539956 ], [ 2302584.558091561309993, 2563398.863597946707159 ], [ 2302584.558091561309993, 2563304.994560022372752 ], [ 2302584.558091561309993, 2563258.060041060205549 ], [ 2302584.558091561309993, 2562788.717785272747278 ], [ 2302584.558091561309993, 2562554.046168406493962 ], [ 2302631.491758027579635, 2561756.164235773961991 ], [ 2302631.491758027579635, 2560911.347784178797156 ], [ 2302631.491758027579635, 2560113.464873601216823 ], [ 2303476.300688209943473, 2560160.399392563384026 ], [ 2304274.176929852925241, 2560160.399392563384026 ], [ 2304321.110596319660544, 2559127.845843064598739 ], [ 2304321.110596319660544, 2559033.977783085312694 ], [ 2304321.110596319660544, 2558987.04326412267983 ], [ 2304321.110596319660544, 2558564.634549352806062 ], [ 2304321.110596319660544, 2558517.70100833568722 ], [ 2304321.110596319660544, 2557719.818097757641226 ], [ 2303476.300688209943473, 2557719.818097757641226 ], [ 2302725.359090961050242, 2557672.883578795474023 ], [ 2302725.359090961050242, 2556170.987773509696126 ], [ 2301927.483827245421708, 2556124.053254547528923 ], [ 2301927.483827245421708, 2555138.434224010910839 ], [ 2301974.418471639510244, 2554528.288411336950958 ], [ 2301974.418471639510244, 2553683.471959741786122 ], [ 2301974.418471639510244, 2553636.537440779618919 ], [ 2301598.947184051387012, 2553636.537440779618919 ], [ 2301598.947184051387012, 2553589.603899762500077 ], [ 2301598.947184051387012, 2553448.801320820581168 ], [ 2301598.947184051387012, 2553401.866801858413965 ], [ 2301552.013517584651709, 2553401.866801858413965 ], [ 2300754.138253869023174, 2553401.866801858413965 ], [ 2300613.336276541929692, 2553401.866801858413965 ], [ 2298876.78377178311348, 2553354.932282896246761 ], [ 2298595.180795055814087, 2553354.932282896246761 ], [ 2298501.313462122343481, 2553354.932282896246761 ], [ 2297750.371864873450249, 2553307.997763934079558 ], [ 2296858.628290296997875, 2553307.997763934079558 ], [ 2296858.628290296997875, 2553214.129703954793513 ], [ 2296858.628290296997875, 2552275.444214435294271 ], [ 2296858.628290296997875, 2551993.839056551922113 ], [ 2296905.561956763733178, 2551195.956145973876119 ], [ 2296905.561956763733178, 2551149.022604956757277 ], [ 2296905.561956763733178, 2550820.482928111217916 ], [ 2296905.561956763733178, 2550773.548409149050713 ], [ 2296858.628290296997875, 2550726.613890186883509 ], [ 2296905.561956763733178, 2549881.797438591718674 ], [ 2296905.561956763733178, 2548802.309370130766183 ], [ 2296952.496601157821715, 2547535.08420376572758 ], [ 2296952.496601157821715, 2547441.216143786441535 ], [ 2297046.363934091292322, 2547394.281624824274331 ], [ 2297187.164933491032571, 2547347.347105861641467 ], [ 2297374.900577285327017, 2547300.413564844522625 ], [ 2297562.636221079155803, 2547206.544526920188218 ], [ 2297797.305531340185553, 2547112.676466940902174 ], [ 2298031.974841600749642, 2547065.74194797873497 ], [ 2298454.378817728254944, 2546878.004850074648857 ], [ 2298689.048127988819033, 2546831.070331112481654 ], [ 2298923.717438249848783, 2546690.267752170562744 ], [ 2300003.196656620129943, 2546314.793556362856179 ], [ 2300050.130323086865246, 2546267.860015345737338 ], [ 2300097.06398955360055, 2546267.860015345737338 ], [ 2300190.931322487071157, 2546220.925496383570135 ] ], [ [ 2266257.758446884807199, 2546220.925496383570135 ], [ 2266257.758446884807199, 2546267.860015345737338 ], [ 2266257.758446884807199, 2546314.793556362856179 ], [ 2266304.692113351542503, 2546314.793556362856179 ], [ 2266304.692113351542503, 2546361.728075325489044 ], [ 2266304.692113351542503, 2546408.662594287656248 ], [ 2266351.626757745631039, 2546455.596135304775089 ], [ 2266398.560424212366343, 2546502.530654266942292 ], [ 2266445.494090679101646, 2546549.465173229109496 ], [ 2266445.494090679101646, 2546596.399692191276699 ], [ 2266445.494090679101646, 2546643.333233208395541 ], [ 2266492.427757145836949, 2546643.333233208395541 ], [ 2266492.427757145836949, 2546690.267752170562744 ], [ 2266492.427757145836949, 2546737.202271133195609 ], [ 2266492.427757145836949, 2546784.136790095362812 ], [ 2266492.427757145836949, 2546831.070331112481654 ], [ 2266492.427757145836949, 2546878.004850074648857 ], [ 2266445.494090679101646, 2546878.004850074648857 ], [ 2266445.494090679101646, 2546924.939369036816061 ], [ 2266445.494090679101646, 2546971.873887998983264 ], [ 2266398.560424212366343, 2546971.873887998983264 ], [ 2266398.560424212366343, 2547018.807429016102105 ], [ 2266398.560424212366343, 2547065.74194797873497 ], [ 2266398.560424212366343, 2547112.676466940902174 ], [ 2266445.494090679101646, 2547112.676466940902174 ], [ 2266445.494090679101646, 2547159.610007958021015 ], [ 2266492.427757145836949, 2547159.610007958021015 ], [ 2266539.361423612106591, 2547159.610007958021015 ], [ 2266539.361423612106591, 2547206.544526920188218 ], [ 2266539.361423612106591, 2547253.479045882355422 ], [ 2266539.361423612106591, 2547300.413564844522625 ], [ 2266539.361423612106591, 2547347.347105861641467 ], [ 2266586.296068006195128, 2547347.347105861641467 ], [ 2266633.229734472930431, 2547347.347105861641467 ], [ 2266680.163400939665735, 2547347.347105861641467 ], [ 2266680.163400939665735, 2547394.281624824274331 ], [ 2266680.163400939665735, 2547441.216143786441535 ], [ 2266680.163400939665735, 2547488.150662748608738 ], [ 2266680.163400939665735, 2547535.08420376572758 ], [ 2266680.163400939665735, 2547582.018722727894783 ], [ 2266680.163400939665735, 2547628.953241690061986 ], [ 2266680.163400939665735, 2547675.887760652694851 ], [ 2266680.163400939665735, 2547722.821301669813693 ], [ 2266727.097067406401038, 2547769.755820631980896 ], [ 2266727.097067406401038, 2547816.690339594148099 ], [ 2266774.030733873136342, 2547816.690339594148099 ], [ 2266820.964400339871645, 2547816.690339594148099 ], [ 2266820.964400339871645, 2547863.623880611266941 ], [ 2266867.899044733960181, 2547910.558399573434144 ], [ 2266867.899044733960181, 2547957.492918535601348 ], [ 2266914.832711200229824, 2547957.492918535601348 ], [ 2266914.832711200229824, 2548004.427437498234212 ], [ 2266914.832711200229824, 2548051.360978515353054 ], [ 2266914.832711200229824, 2548098.295497477520257 ], [ 2266914.832711200229824, 2548145.230016439687461 ], [ 2266914.832711200229824, 2548192.164535401854664 ], [ 2266914.832711200229824, 2548239.098076418973505 ], [ 2266914.832711200229824, 2548286.032595381140709 ], [ 2266867.899044733960181, 2548332.967114343773574 ], [ 2266867.899044733960181, 2548379.900655360892415 ], [ 2266914.832711200229824, 2548473.769693285226822 ], [ 2266914.832711200229824, 2548520.704212247394025 ], [ 2266961.766377666965127, 2548520.704212247394025 ], [ 2266961.766377666965127, 2548567.637753264512867 ], [ 2266961.766377666965127, 2548614.57227222668007 ], [ 2267008.70004413370043, 2548661.506791189312935 ], [ 2267008.70004413370043, 2548708.441310151480138 ], [ 2267008.70004413370043, 2548755.37485116859898 ], [ 2267008.70004413370043, 2548802.309370130766183 ], [ 2266961.766377666965127, 2548802.309370130766183 ], [ 2266961.766377666965127, 2548849.243889092933387 ], [ 2266914.832711200229824, 2548849.243889092933387 ], [ 2266914.832711200229824, 2548896.17840805510059 ], [ 2266961.766377666965127, 2548896.17840805510059 ], [ 2266961.766377666965127, 2548943.111949072219431 ], [ 2266961.766377666965127, 2548990.046468034852296 ], [ 2267008.70004413370043, 2549036.9809869970195 ], [ 2267055.633710600435734, 2549083.914528014138341 ], [ 2267055.633710600435734, 2549130.849046976305544 ], [ 2267055.633710600435734, 2549177.783565938472748 ], [ 2267008.70004413370043, 2549224.718084900639951 ], [ 2266961.766377666965127, 2549224.718084900639951 ], [ 2266867.899044733960181, 2549224.718084900639951 ], [ 2266867.899044733960181, 2549177.783565938472748 ], [ 2266820.964400339871645, 2549177.783565938472748 ], [ 2266774.030733873136342, 2549177.783565938472748 ], [ 2266774.030733873136342, 2549224.718084900639951 ], [ 2266727.097067406401038, 2549224.718084900639951 ], [ 2266680.163400939665735, 2549224.718084900639951 ], [ 2266680.163400939665735, 2549271.651625917758793 ], [ 2266680.163400939665735, 2549318.586144880391657 ], [ 2266633.229734472930431, 2549365.520663842558861 ], [ 2266586.296068006195128, 2549412.455182804726064 ], [ 2266586.296068006195128, 2549459.388723821844906 ], [ 2266586.296068006195128, 2549506.323242784012109 ], [ 2266586.296068006195128, 2549553.257761746179312 ], [ 2266586.296068006195128, 2549600.192280708812177 ], [ 2266586.296068006195128, 2549647.125821725931019 ], [ 2266586.296068006195128, 2549694.060340688098222 ], [ 2266586.296068006195128, 2549740.994859650265425 ], [ 2266539.361423612106591, 2549740.994859650265425 ], [ 2266539.361423612106591, 2549787.928400667384267 ], [ 2266492.427757145836949, 2549787.928400667384267 ], [ 2266492.427757145836949, 2549834.86291962955147 ], [ 2266445.494090679101646, 2549834.86291962955147 ], [ 2266445.494090679101646, 2549881.797438591718674 ], [ 2266445.494090679101646, 2549928.731957554351538 ], [ 2266492.427757145836949, 2550022.600017533637583 ], [ 2266586.296068006195128, 2550116.46905545797199 ], [ 2266633.229734472930431, 2550163.402596475090832 ], [ 2266633.229734472930431, 2550210.337115437258035 ], [ 2266633.229734472930431, 2550304.205175417009741 ], [ 2266633.229734472930431, 2550351.139694379176944 ], [ 2266680.163400939665735, 2550351.139694379176944 ], [ 2266680.163400939665735, 2550398.074213341344148 ], [ 2266727.097067406401038, 2550398.074213341344148 ], [ 2266727.097067406401038, 2550445.008732303511351 ], [ 2266774.030733873136342, 2550445.008732303511351 ], [ 2266774.030733873136342, 2550491.942273320630193 ], [ 2266727.097067406401038, 2550491.942273320630193 ], [ 2266727.097067406401038, 2550538.876792282797396 ], [ 2266727.097067406401038, 2550585.8113112449646 ], [ 2266727.097067406401038, 2550632.745830207597464 ], [ 2266727.097067406401038, 2550679.679371224716306 ], [ 2266680.163400939665735, 2550679.679371224716306 ], [ 2266680.163400939665735, 2550726.613890186883509 ], [ 2266680.163400939665735, 2550773.548409149050713 ], [ 2266680.163400939665735, 2550820.482928111217916 ], [ 2266727.097067406401038, 2550867.416469128336757 ], [ 2266727.097067406401038, 2550914.350988090969622 ], [ 2266774.030733873136342, 2551008.219048070255667 ], [ 2266820.964400339871645, 2551055.15356703242287 ], [ 2266820.964400339871645, 2551149.022604956757277 ], [ 2266867.899044733960181, 2551195.956145973876119 ], [ 2266820.964400339871645, 2551242.890664936508983 ], [ 2266820.964400339871645, 2551289.825183898676187 ], [ 2266820.964400339871645, 2551336.75970286084339 ], [ 2266774.030733873136342, 2551336.75970286084339 ], [ 2266774.030733873136342, 2551383.693243877962232 ], [ 2266774.030733873136342, 2551430.627762840129435 ], [ 2266727.097067406401038, 2551430.627762840129435 ], [ 2266727.097067406401038, 2551477.562281802296638 ], [ 2266727.097067406401038, 2551524.496800764463842 ], [ 2266727.097067406401038, 2551571.430341782048345 ], [ 2266680.163400939665735, 2551571.430341782048345 ], [ 2266633.229734472930431, 2551571.430341782048345 ], [ 2266633.229734472930431, 2551618.364860744215548 ], [ 2266680.163400939665735, 2551618.364860744215548 ], [ 2266680.163400939665735, 2551665.299379706382751 ], [ 2266680.163400939665735, 2551712.232920723501593 ], [ 2266727.097067406401038, 2551712.232920723501593 ], [ 2266727.097067406401038, 2551759.167439685668796 ], [ 2266774.030733873136342, 2551759.167439685668796 ], [ 2266774.030733873136342, 2551806.101958647836 ], [ 2266774.030733873136342, 2551853.036477610003203 ], [ 2266774.030733873136342, 2551899.970018627122045 ], [ 2266727.097067406401038, 2551899.970018627122045 ], [ 2266774.030733873136342, 2551946.904537589754909 ], [ 2266774.030733873136342, 2551993.839056551922113 ], [ 2266774.030733873136342, 2552040.773575514089316 ], [ 2266820.964400339871645, 2552040.773575514089316 ], [ 2266820.964400339871645, 2552087.707116531208158 ], [ 2266867.899044733960181, 2552087.707116531208158 ], [ 2266914.832711200229824, 2552087.707116531208158 ], [ 2266961.766377666965127, 2552087.707116531208158 ], [ 2266961.766377666965127, 2552134.641635493375361 ], [ 2267008.70004413370043, 2552134.641635493375361 ], [ 2267055.633710600435734, 2552134.641635493375361 ], [ 2267102.56835499452427, 2552181.576154455542564 ], [ 2267102.56835499452427, 2552228.509695473127067 ], [ 2267149.502021461259574, 2552228.509695473127067 ], [ 2267149.502021461259574, 2552275.444214435294271 ], [ 2267102.56835499452427, 2552275.444214435294271 ], [ 2267102.56835499452427, 2552322.378733397461474 ], [ 2267055.633710600435734, 2552322.378733397461474 ], [ 2267055.633710600435734, 2552369.313252359628677 ], [ 2267008.70004413370043, 2552369.313252359628677 ], [ 2267008.70004413370043, 2552416.246793376747519 ], [ 2267008.70004413370043, 2552463.181312338914722 ], [ 2267055.633710600435734, 2552463.181312338914722 ], [ 2267102.56835499452427, 2552463.181312338914722 ], [ 2267102.56835499452427, 2552510.115831301081926 ], [ 2267149.502021461259574, 2552510.115831301081926 ], [ 2267149.502021461259574, 2552557.05035026371479 ], [ 2267196.435687927994877, 2552557.05035026371479 ], [ 2267196.435687927994877, 2552603.983891280833632 ], [ 2267243.369354394730181, 2552603.983891280833632 ], [ 2267290.303020861465484, 2552603.983891280833632 ], [ 2267337.237665255088359, 2552603.983891280833632 ], [ 2267384.171331721823663, 2552603.983891280833632 ], [ 2267384.171331721823663, 2552650.918410243000835 ], [ 2267384.171331721823663, 2552697.852929205168039 ], [ 2267384.171331721823663, 2552744.787448167335242 ], [ 2267431.104998188558966, 2552744.787448167335242 ], [ 2267431.104998188558966, 2552791.720989184454083 ], [ 2267478.038664655294269, 2552791.720989184454083 ], [ 2267478.038664655294269, 2552838.655508146621287 ], [ 2267478.038664655294269, 2552885.590027109254152 ], [ 2267431.104998188558966, 2552885.590027109254152 ], [ 2267384.171331721823663, 2552885.590027109254152 ], [ 2267337.237665255088359, 2552885.590027109254152 ], [ 2267290.303020861465484, 2552885.590027109254152 ], [ 2267290.303020861465484, 2552932.523568126372993 ], [ 2267290.303020861465484, 2552979.458087088540196 ], [ 2267243.369354394730181, 2552979.458087088540196 ], [ 2267243.369354394730181, 2553026.3926060507074 ], [ 2267243.369354394730181, 2553073.327125012874603 ], [ 2267243.369354394730181, 2553120.260666029993445 ], [ 2267196.435687927994877, 2553167.195184992160648 ], [ 2267196.435687927994877, 2553214.129703954793513 ], [ 2267149.502021461259574, 2553214.129703954793513 ], [ 2267149.502021461259574, 2553261.064222916960716 ], [ 2267149.502021461259574, 2553307.997763934079558 ], [ 2267149.502021461259574, 2553354.932282896246761 ], [ 2267102.56835499452427, 2553354.932282896246761 ], [ 2267102.56835499452427, 2553401.866801858413965 ], [ 2267102.56835499452427, 2553448.801320820581168 ], [ 2267055.633710600435734, 2553448.801320820581168 ], [ 2267055.633710600435734, 2553495.734861837700009 ], [ 2267055.633710600435734, 2553542.669380800332874 ], [ 2267055.633710600435734, 2553589.603899762500077 ], [ 2267008.70004413370043, 2553589.603899762500077 ], [ 2267008.70004413370043, 2553636.537440779618919 ], [ 2267055.633710600435734, 2553683.471959741786122 ], [ 2267102.56835499452427, 2553730.406478703953326 ], [ 2267102.56835499452427, 2553777.340997666120529 ], [ 2267102.56835499452427, 2553824.274538683239371 ], [ 2267102.56835499452427, 2553871.209057645872235 ], [ 2267055.633710600435734, 2553965.078095570206642 ], [ 2267055.633710600435734, 2554058.946155549492687 ], [ 2267055.633710600435734, 2554105.88067451165989 ], [ 2267055.633710600435734, 2554152.814215528778732 ], [ 2267102.56835499452427, 2554152.814215528778732 ], [ 2267149.502021461259574, 2554199.748734491411597 ], [ 2267196.435687927994877, 2554246.6832534535788 ], [ 2267243.369354394730181, 2554246.6832534535788 ], [ 2267290.303020861465484, 2554293.617772415746003 ], [ 2267290.303020861465484, 2554340.551313432864845 ], [ 2267243.369354394730181, 2554340.551313432864845 ], [ 2267196.435687927994877, 2554340.551313432864845 ], [ 2267149.502021461259574, 2554340.551313432864845 ], [ 2267102.56835499452427, 2554340.551313432864845 ], [ 2267102.56835499452427, 2554387.485832395032048 ], [ 2267102.56835499452427, 2554434.420351357199252 ], [ 2267055.633710600435734, 2554434.420351357199252 ], [ 2267055.633710600435734, 2554481.354870319832116 ], [ 2267008.70004413370043, 2554434.420351357199252 ], [ 2266961.766377666965127, 2554434.420351357199252 ], [ 2266914.832711200229824, 2554434.420351357199252 ], [ 2266914.832711200229824, 2554481.354870319832116 ], [ 2266914.832711200229824, 2554528.288411336950958 ], [ 2266914.832711200229824, 2554575.222930299118161 ], [ 2266961.766377666965127, 2554575.222930299118161 ], [ 2266961.766377666965127, 2554622.157449261285365 ], [ 2266961.766377666965127, 2554669.091968223452568 ], [ 2267008.70004413370043, 2554716.025509240571409 ], [ 2267008.70004413370043, 2554762.960028202738613 ], [ 2267008.70004413370043, 2554809.894547165371478 ], [ 2267008.70004413370043, 2554856.828088182490319 ], [ 2267008.70004413370043, 2554903.762607144657522 ], [ 2267055.633710600435734, 2554950.697126106824726 ], [ 2267055.633710600435734, 2554997.631645068991929 ], [ 2267055.633710600435734, 2555044.565186086110771 ], [ 2267055.633710600435734, 2555091.499705048277974 ], [ 2267055.633710600435734, 2555138.434224010910839 ], [ 2267008.70004413370043, 2555138.434224010910839 ], [ 2267008.70004413370043, 2555185.368742973078042 ], [ 2267008.70004413370043, 2555232.302283990196884 ], [ 2266961.766377666965127, 2555232.302283990196884 ], [ 2266961.766377666965127, 2555185.368742973078042 ], [ 2266914.832711200229824, 2555185.368742973078042 ], [ 2266914.832711200229824, 2555232.302283990196884 ], [ 2266867.899044733960181, 2555232.302283990196884 ], [ 2266867.899044733960181, 2555279.236802952364087 ], [ 2266820.964400339871645, 2555279.236802952364087 ], [ 2266820.964400339871645, 2555326.171321914531291 ], [ 2266820.964400339871645, 2555373.105840876698494 ], [ 2266867.899044733960181, 2555420.039381893817335 ], [ 2266867.899044733960181, 2555466.9739008564502 ], [ 2266867.899044733960181, 2555513.908419818617404 ], [ 2266914.832711200229824, 2555513.908419818617404 ], [ 2266914.832711200229824, 2555560.841960835736245 ], [ 2266914.832711200229824, 2555607.776479797903448 ], [ 2266914.832711200229824, 2555654.710998760070652 ], [ 2266914.832711200229824, 2555701.645517722237855 ], [ 2266914.832711200229824, 2555748.579058739356697 ], [ 2266914.832711200229824, 2555795.513577701989561 ], [ 2266914.832711200229824, 2555842.448096664156765 ], [ 2266961.766377666965127, 2555842.448096664156765 ], [ 2267008.70004413370043, 2555842.448096664156765 ], [ 2267055.633710600435734, 2555842.448096664156765 ], [ 2267055.633710600435734, 2555889.382615626323968 ], [ 2267055.633710600435734, 2555936.31615664344281 ], [ 2267102.56835499452427, 2555936.31615664344281 ], [ 2267149.502021461259574, 2555936.31615664344281 ], [ 2267149.502021461259574, 2555983.250675605610013 ], [ 2267196.435687927994877, 2555983.250675605610013 ], [ 2267196.435687927994877, 2556030.185194567777216 ], [ 2267196.435687927994877, 2556077.118735584896058 ], [ 2267149.502021461259574, 2556077.118735584896058 ], [ 2267149.502021461259574, 2556124.053254547528923 ], [ 2267102.56835499452427, 2556124.053254547528923 ], [ 2267102.56835499452427, 2556170.987773509696126 ], [ 2267055.633710600435734, 2556170.987773509696126 ], [ 2267055.633710600435734, 2556217.922292471863329 ], [ 2267008.70004413370043, 2556217.922292471863329 ], [ 2267008.70004413370043, 2556264.855833488982171 ], [ 2267008.70004413370043, 2556311.790352451149374 ], [ 2266961.766377666965127, 2556311.790352451149374 ], [ 2266961.766377666965127, 2556358.724871413316578 ], [ 2266914.832711200229824, 2556358.724871413316578 ], [ 2266914.832711200229824, 2556405.659390375949442 ], [ 2266914.832711200229824, 2556452.592931393068284 ], [ 2266914.832711200229824, 2556499.527450355235487 ], [ 2266914.832711200229824, 2556546.461969317402691 ], [ 2266914.832711200229824, 2556593.396488279569894 ], [ 2266914.832711200229824, 2556640.330029296688735 ], [ 2266867.899044733960181, 2556640.330029296688735 ], [ 2266867.899044733960181, 2556687.264548258855939 ], [ 2266867.899044733960181, 2556734.199067221023142 ], [ 2266820.964400339871645, 2556734.199067221023142 ], [ 2266820.964400339871645, 2556781.132608238607645 ], [ 2266774.030733873136342, 2556781.132608238607645 ], [ 2266727.097067406401038, 2556781.132608238607645 ], [ 2266727.097067406401038, 2556828.067127200774848 ], [ 2266680.163400939665735, 2556828.067127200774848 ], [ 2266680.163400939665735, 2556875.001646162942052 ], [ 2266680.163400939665735, 2556921.936165125109255 ], [ 2266680.163400939665735, 2556968.869706142228097 ], [ 2266727.097067406401038, 2556968.869706142228097 ], [ 2266774.030733873136342, 2556968.869706142228097 ], [ 2266774.030733873136342, 2557015.8042251043953 ], [ 2266820.964400339871645, 2557015.8042251043953 ], [ 2266820.964400339871645, 2557062.738744067028165 ], [ 2266867.899044733960181, 2557062.738744067028165 ], [ 2266867.899044733960181, 2557109.673263029195368 ], [ 2266914.832711200229824, 2557109.673263029195368 ], [ 2266961.766377666965127, 2557109.673263029195368 ], [ 2266961.766377666965127, 2557156.60680404631421 ], [ 2267008.70004413370043, 2557156.60680404631421 ], [ 2267008.70004413370043, 2557203.541323008481413 ], [ 2267055.633710600435734, 2557203.541323008481413 ], [ 2267055.633710600435734, 2557250.475841970648617 ], [ 2267055.633710600435734, 2557297.409382987767458 ], [ 2267055.633710600435734, 2557344.343901949934661 ], [ 2267102.56835499452427, 2557344.343901949934661 ], [ 2267102.56835499452427, 2557391.278420912101865 ], [ 2267149.502021461259574, 2557391.278420912101865 ], [ 2267149.502021461259574, 2557438.21293987473473 ], [ 2267149.502021461259574, 2557485.146480891853571 ], [ 2267149.502021461259574, 2557532.080999854020774 ], [ 2267102.56835499452427, 2557532.080999854020774 ], [ 2267102.56835499452427, 2557579.015518816187978 ], [ 2267102.56835499452427, 2557625.950037778355181 ], [ 2267149.502021461259574, 2557672.883578795474023 ], [ 2267196.435687927994877, 2557672.883578795474023 ], [ 2267243.369354394730181, 2557672.883578795474023 ], [ 2267243.369354394730181, 2557719.818097757641226 ], [ 2267290.303020861465484, 2557719.818097757641226 ], [ 2267337.237665255088359, 2557766.752616720274091 ], [ 2267337.237665255088359, 2557813.687135682441294 ], [ 2267384.171331721823663, 2557813.687135682441294 ], [ 2267384.171331721823663, 2557860.620676699560136 ], [ 2267384.171331721823663, 2557907.555195661727339 ], [ 2267384.171331721823663, 2557954.489714623894542 ] ] ] } }
]
}
