{
"type": "FeatureCollection",
"name": "fdp",
"crs": { "type": "name", "properties": { "name": "urn:ogc:def:crs:EPSG::3111" } },
"features": [
{ "type": "Feature", "properties": { }, "geometry": { "type": "MultiLineString", "coordinates": [ [ [ 2595970.201577249448746, 2582117.793286205735058 ], [ 2596526.620754194911569, 2582117.793286205735058 ], [ 2597175.776138583663851, 2582117.793286205735058 ], [ 2597175.776138583663851, 2582071.4242710955441 ], [ 2597222.145208448637277, 2582071.4242710955441 ], [ 2597268.513312170282006, 2582071.4242710955441 ], [ 2597314.881415891926736, 2582117.793286205735058 ], [ 2597361.249519613571465, 2582071.4242710955441 ], [ 2597407.617623335216194, 2582071.4242710955441 ], [ 2597453.986693199723959, 2582071.4242710955441 ], [ 2597546.722900643013418, 2582071.4242710955441 ], [ 2597593.091004364658147, 2582071.4242710955441 ], [ 2598798.666531842201948, 2582071.4242710955441 ], [ 2599586.927193538751453, 2582071.4242710955441 ] ], [ [ 2573435.215249523054808, 2526475.286258524283767 ], [ 2573435.215249523054808, 2526521.655273634474725 ], [ 2573435.215249523054808, 2526568.023322582244873 ], [ 2573481.583353244699538, 2526799.867431969381869 ], [ 2573481.583353244699538, 2526938.973511137068272 ], [ 2573481.583353244699538, 2526985.342526246793568 ], [ 2573481.583353244699538, 2527031.711541356984526 ], [ 2573435.215249523054808, 2527124.448605414479971 ], [ 2573435.215249523054808, 2527217.186635634396225 ], [ 2573388.847145801410079, 2527217.186635634396225 ], [ 2573342.478075936436653, 2527309.92369969189167 ], [ 2573203.373764771968126, 2527541.767809079494327 ], [ 2572739.690795269329101, 2527912.717997634317726 ], [ 2572693.322691547684371, 2528190.930155969690531 ], [ 2572554.217414239887148, 2528515.511329414788634 ], [ 2572600.585517961531878, 2528608.248393472284079 ], [ 2572646.954587826039642, 2528654.617408582475036 ], [ 2572646.954587826039642, 2528700.986423692200333 ], [ 2572646.954587826039642, 2528747.355438801925629 ], [ 2572646.954587826039642, 2528793.723487750161439 ], [ 2572646.954587826039642, 2528840.092502859886736 ], [ 2572646.954587826039642, 2528886.461517969612032 ], [ 2572554.217414239887148, 2528979.198582027573138 ], [ 2572554.217414239887148, 2529025.567597137298435 ], [ 2572554.217414239887148, 2529071.936612247023731 ], [ 2572554.217414239887148, 2529118.305627357214689 ], [ 2572554.217414239887148, 2529211.042691414710134 ], [ 2572600.585517961531878, 2529489.25484975008294 ], [ 2572600.585517961531878, 2529581.992879969999194 ], [ 2572600.585517961531878, 2529628.361895079724491 ], [ 2572646.954587826039642, 2529721.098959137219936 ], [ 2572693.322691547684371, 2529813.83698935713619 ], [ 2572739.690795269329101, 2529860.205038304906338 ], [ 2572739.690795269329101, 2529906.574053415097296 ], [ 2572786.05889899097383, 2529999.311117472592741 ], [ 2572832.42700271261856, 2530092.049147692508996 ], [ 2572878.796072577591985, 2530138.418162802234292 ], [ 2572878.796072577591985, 2530184.786211750004441 ], [ 2572925.164176299236715, 2530231.155226860195398 ], [ 2572925.164176299236715, 2530323.893257079645991 ], [ 2572971.532280020415783, 2530416.630321137607098 ], [ 2573017.900383742060512, 2530509.367385195102543 ], [ 2573017.900383742060512, 2530555.7364003052935 ], [ 2573017.900383742060512, 2530602.105415415018797 ], [ 2573064.268487463705242, 2530648.474430524744093 ], [ 2573064.268487463705242, 2530741.2114945827052 ], [ 2573064.268487463705242, 2530787.580509692430496 ], [ 2573110.637557328678668, 2530833.949524802155793 ], [ 2573157.005661050323397, 2530880.317573749925941 ], [ 2573157.005661050323397, 2530926.686588860116899 ], [ 2573157.005661050323397, 2530973.055603969842196 ], [ 2573203.373764771968126, 2531065.792668027803302 ], [ 2573203.373764771968126, 2531158.530698247253895 ], [ 2573203.373764771968126, 2531204.898747195024043 ], [ 2573203.373764771968126, 2531297.636777414940298 ], [ 2573249.741868493612856, 2531390.373841472901404 ], [ 2573249.741868493612856, 2531483.111871692351997 ], [ 2573296.109972215257585, 2531529.480886802542955 ], [ 2573296.109972215257585, 2531575.848935750313103 ], [ 2573388.847145801410079, 2531714.955981079954654 ], [ 2573435.215249523054808, 2531761.324030027724802 ], [ 2573481.583353244699538, 2531854.062060247641057 ], [ 2573481.583353244699538, 2531900.430109195411205 ], [ 2573620.688630552496761, 2532085.905203472822905 ], [ 2573620.688630552496761, 2532132.274218582548201 ], [ 2573667.05673427414149, 2532132.274218582548201 ], [ 2573713.42483799578622, 2532132.274218582548201 ], [ 2573713.42483799578622, 2532178.643233692739159 ], [ 2573713.42483799578622, 2532225.012248802464455 ], [ 2573713.42483799578622, 2532271.380297750234604 ], [ 2573713.42483799578622, 2532317.7493128599599 ], [ 2573713.42483799578622, 2532364.118327970150858 ], [ 2573667.05673427414149, 2532410.486376917921007 ], [ 2573667.05673427414149, 2532456.855392027646303 ], [ 2573667.05673427414149, 2532503.224407137837261 ], [ 2573620.688630552496761, 2532503.224407137837261 ], [ 2573620.688630552496761, 2532549.593422247562557 ], [ 2573667.05673427414149, 2532595.961471195332706 ], [ 2573667.05673427414149, 2532642.330486305058002 ], [ 2573667.05673427414149, 2532688.69950141524896 ], [ 2573620.688630552496761, 2532735.068516524974257 ], [ 2573574.319560687988997, 2532781.436565472744405 ], [ 2573574.319560687988997, 2532827.805580582935363 ], [ 2573527.951456966344267, 2532827.805580582935363 ], [ 2573527.951456966344267, 2532874.17459569266066 ], [ 2573527.951456966344267, 2532920.543610802385956 ], [ 2573527.951456966344267, 2532966.911659750156105 ], [ 2573527.951456966344267, 2533013.280674860347062 ], [ 2573527.951456966344267, 2533059.649689970072359 ], [ 2573527.951456966344267, 2533106.017738917842507 ], [ 2573574.319560687988997, 2533106.017738917842507 ], [ 2573574.319560687988997, 2533152.386754028033465 ], [ 2573527.951456966344267, 2533152.386754028033465 ], [ 2573574.319560687988997, 2533198.755769137758762 ], [ 2573574.319560687988997, 2533245.124784247484058 ], [ 2573574.319560687988997, 2533291.492833195254207 ], [ 2573574.319560687988997, 2533337.861848305445164 ], [ 2573620.688630552496761, 2533337.861848305445164 ], [ 2573620.688630552496761, 2533384.230863415170461 ], [ 2573620.688630552496761, 2533430.599878524895757 ], [ 2573620.688630552496761, 2533476.967927473131567 ], [ 2573667.05673427414149, 2533476.967927473131567 ], [ 2573667.05673427414149, 2533523.336942582856864 ], [ 2573713.42483799578622, 2533569.70595769258216 ], [ 2573713.42483799578622, 2533616.074972802773118 ], [ 2573713.42483799578622, 2533662.443021750543267 ], [ 2573759.792941717430949, 2533662.443021750543267 ], [ 2573759.792941717430949, 2533708.812036860268563 ], [ 2573759.792941717430949, 2533755.18105196999386 ], [ 2573806.161045439075679, 2533755.18105196999386 ], [ 2573806.161045439075679, 2533801.549100918229669 ], [ 2573806.161045439075679, 2533847.918116027954966 ], [ 2573806.161045439075679, 2533894.287131137680262 ], [ 2573806.161045439075679, 2533940.65614624787122 ], [ 2573852.530115303583443, 2533987.024195195641369 ], [ 2573898.898219025228173, 2533987.024195195641369 ], [ 2573898.898219025228173, 2534033.393210305366665 ], [ 2573898.898219025228173, 2534126.131240525282919 ], [ 2573898.898219025228173, 2534172.499289473053068 ], [ 2573852.530115303583443, 2534172.499289473053068 ], [ 2573852.530115303583443, 2534218.868304582778364 ], [ 2573898.898219025228173, 2534218.868304582778364 ], [ 2573898.898219025228173, 2534265.237319692969322 ], [ 2573898.898219025228173, 2534311.605368640739471 ], [ 2573898.898219025228173, 2534357.974383750464767 ], [ 2573852.530115303583443, 2534357.974383750464767 ], [ 2573852.530115303583443, 2534404.343398860190064 ], [ 2573852.530115303583443, 2534450.712413970381021 ], [ 2573806.161045439075679, 2534450.712413970381021 ], [ 2573806.161045439075679, 2534497.08046291815117 ], [ 2573759.792941717430949, 2534543.449478027876467 ], [ 2573759.792941717430949, 2534589.818493138067424 ], [ 2573759.792941717430949, 2534636.187508247792721 ], [ 2573713.42483799578622, 2534636.187508247792721 ], [ 2573713.42483799578622, 2534682.555557195562869 ], [ 2573713.42483799578622, 2534775.293587415479124 ], [ 2573667.05673427414149, 2534775.293587415479124 ], [ 2573667.05673427414149, 2534821.66260252520442 ], [ 2573667.05673427414149, 2534868.030651472974569 ], [ 2573667.05673427414149, 2534914.399666583165526 ], [ 2573667.05673427414149, 2534960.768681692890823 ], [ 2573713.42483799578622, 2534960.768681692890823 ], [ 2573713.42483799578622, 2535007.136730640660971 ], [ 2573713.42483799578622, 2535053.505745750386268 ], [ 2573759.792941717430949, 2535053.505745750386268 ], [ 2573759.792941717430949, 2535099.874760860577226 ], [ 2573806.161045439075679, 2535099.874760860577226 ], [ 2573852.530115303583443, 2535146.243775970302522 ], [ 2573898.898219025228173, 2535146.243775970302522 ], [ 2573898.898219025228173, 2535192.611824918072671 ], [ 2573945.266322746872902, 2535238.980840028263628 ], [ 2573945.266322746872902, 2535285.349855137988925 ], [ 2573945.266322746872902, 2535331.718870247714221 ], [ 2573945.266322746872902, 2535378.08691919548437 ], [ 2573991.634426468517631, 2535378.08691919548437 ], [ 2574038.002530190162361, 2535424.455934305675328 ], [ 2574084.37063391180709, 2535424.455934305675328 ], [ 2574130.739703776314855, 2535424.455934305675328 ], [ 2574177.107807497959584, 2535470.824949415400624 ], [ 2574223.475911219604313, 2535470.824949415400624 ], [ 2574223.475911219604313, 2535517.193964525125921 ], [ 2574269.844014941249043, 2535563.562013473361731 ], [ 2574316.212118662893772, 2535609.931028583087027 ], [ 2574362.581188527867198, 2535609.931028583087027 ], [ 2574408.949292249046266, 2535702.668092640582472 ], [ 2574779.895088165067136, 2536027.250232247635722 ], [ 2575011.73657291661948, 2536537.306499970611185 ], [ 2575011.73657291661948, 2536722.781594248022884 ], [ 2574919.000365473330021, 2537325.574926028028131 ], [ 2574919.000365473330021, 2537418.311990085989237 ], [ 2574779.895088165067136, 2537603.787084363400936 ], [ 2574779.895088165067136, 2538021.106288028415293 ], [ 2575011.73657291661948, 2538438.425491692963988 ], [ 2575568.155749862082303, 2538345.687461473513395 ], [ 2575753.629130891524255, 2539412.169012028258294 ], [ 2575799.997234613168985, 2539458.538027138449252 ], [ 2575799.997234613168985, 2539504.9060760862194 ], [ 2575799.997234613168985, 2539597.644106306135654 ], [ 2575799.997234613168985, 2539736.750185473356396 ], [ 2575846.366304477676749, 2539829.48821569327265 ], [ 2575846.366304477676749, 2540014.962343808729202 ], [ 2575892.734408199321479, 2540154.069389138370752 ], [ 2575892.734408199321479, 2540200.437438086140901 ], [ 2575939.102511920966208, 2540525.019577693194151 ], [ 2576078.206823085900396, 2541313.288003751076758 ], [ 2575799.997234613168985, 2541406.025067809037864 ], [ 2575475.419542418792844, 2541452.394082918763161 ], [ 2575707.261027169879526, 2542750.719742861110717 ], [ 2575846.366304477676749, 2543585.357184028718621 ], [ 2575985.470615642610937, 2544280.888546029105783 ], [ 2576078.206823085900396, 2544698.20678353169933 ], [ 2576078.206823085900396, 2544744.575798641424626 ], [ 2576078.206823085900396, 2544883.681877809111029 ], [ 2576124.575892950873822, 2544976.419908029027283 ], [ 2576263.680204115342349, 2545950.163428364321589 ], [ 2576402.785481423605233, 2546692.063805473968387 ], [ 2576402.785481423605233, 2546784.800869531929493 ], [ 2576449.153585145249963, 2546877.538899751845747 ], [ 2576495.521688866894692, 2547202.120073196943849 ], [ 2576541.889792588539422, 2547341.226152364164591 ], [ 2576541.889792588539422, 2547433.964182584080845 ], [ 2576541.889792588539422, 2547573.070261751767248 ], [ 2575799.997234613168985, 2547665.807325809262693 ], [ 2574965.36846919497475, 2547851.282420087140054 ], [ 2574919.000365473330021, 2547851.282420087140054 ], [ 2574779.895088165067136, 2547851.282420087140054 ], [ 2573342.478075936436653, 2548129.495544584002346 ], [ 2573481.583353244699538, 2549010.501034699846059 ], [ 2573574.319560687988997, 2549381.451223254669458 ], [ 2573620.688630552496761, 2549798.770426919683814 ], [ 2573713.42483799578622, 2550169.720615474507213 ], [ 2573713.42483799578622, 2550216.088664422277361 ], [ 2573713.42483799578622, 2551050.727071751840413 ], [ 2573713.42483799578622, 2551189.833150919526815 ], [ 2573713.42483799578622, 2551328.939230087213218 ], [ 2573713.42483799578622, 2551607.151388422586024 ], [ 2573713.42483799578622, 2551792.626482699997723 ], [ 2573713.42483799578622, 2551838.99549780972302 ], [ 2573713.42483799578622, 2552859.108033255208284 ], [ 2573667.05673427414149, 2552859.108033255208284 ], [ 2573620.688630552496761, 2552905.47704836493358 ], [ 2573574.319560687988997, 2552998.214112422429025 ], [ 2573574.319560687988997, 2553044.583127532619983 ], [ 2573574.319560687988997, 2553090.952142642345279 ], [ 2573620.688630552496761, 2553137.321157752070576 ], [ 2573713.42483799578622, 2553137.321157752070576 ], [ 2573713.42483799578622, 2553183.689206700306386 ], [ 2573759.792941717430949, 2554064.695662977639586 ], [ 2573759.792941717430949, 2555270.283292700070888 ], [ 2573759.792941717430949, 2556058.552684919908643 ], [ 2573759.792941717430949, 2556985.927190145477653 ], [ 2573759.792941717430949, 2557866.933646423276514 ], [ 2573759.792941717430949, 2558701.571087590884417 ], [ 2573806.161045439075679, 2560231.739890758413821 ], [ 2573806.161045439075679, 2560278.108905868139118 ], [ 2573806.161045439075679, 2560231.739890758413821 ], [ 2573759.792941717430949, 2560231.739890758413821 ], [ 2573713.42483799578622, 2560231.739890758413821 ], [ 2573713.42483799578622, 2560185.371841810643673 ], [ 2573713.42483799578622, 2560139.002826700918376 ], [ 2573713.42483799578622, 2560092.633811590727419 ], [ 2573713.42483799578622, 2560046.26576264295727 ], [ 2573667.05673427414149, 2560046.26576264295727 ], [ 2573620.688630552496761, 2559999.896747533231974 ], [ 2573574.319560687988997, 2559999.896747533231974 ], [ 2573527.951456966344267, 2559999.896747533231974 ], [ 2573481.583353244699538, 2559999.896747533231974 ], [ 2573481.583353244699538, 2560046.26576264295727 ], [ 2573435.215249523054808, 2560046.26576264295727 ], [ 2573388.847145801410079, 2560046.26576264295727 ], [ 2573342.478075936436653, 2560046.26576264295727 ], [ 2573296.109972215257585, 2560046.26576264295727 ], [ 2573249.741868493612856, 2560046.26576264295727 ], [ 2573249.741868493612856, 2559999.896747533231974 ], [ 2573203.373764771968126, 2559999.896747533231974 ], [ 2573203.373764771968126, 2559953.527732423506677 ], [ 2573157.005661050323397, 2559953.527732423506677 ], [ 2573157.005661050323397, 2559907.158717313315719 ], [ 2573110.637557328678668, 2559907.158717313315719 ], [ 2573064.268487463705242, 2559907.158717313315719 ], [ 2573064.268487463705242, 2559953.527732423506677 ], [ 2573017.900383742060512, 2559953.527732423506677 ], [ 2572971.532280020415783, 2559953.527732423506677 ], [ 2572925.164176299236715, 2559953.527732423506677 ], [ 2572925.164176299236715, 2559999.896747533231974 ], [ 2572878.796072577591985, 2559999.896747533231974 ], [ 2572878.796072577591985, 2560046.26576264295727 ], [ 2572878.796072577591985, 2560092.633811590727419 ], [ 2572832.42700271261856, 2560092.633811590727419 ], [ 2572832.42700271261856, 2560139.002826700918376 ], [ 2572786.05889899097383, 2560139.002826700918376 ], [ 2572786.05889899097383, 2560092.633811590727419 ], [ 2572739.690795269329101, 2560092.633811590727419 ], [ 2572739.690795269329101, 2560046.26576264295727 ], [ 2572693.322691547684371, 2560046.26576264295727 ], [ 2572646.954587826039642, 2560046.26576264295727 ], [ 2572600.585517961531878, 2560046.26576264295727 ], [ 2572554.217414239887148, 2560046.26576264295727 ], [ 2572507.849310518242419, 2560046.26576264295727 ], [ 2572461.481206796597689, 2560046.26576264295727 ], [ 2572461.481206796597689, 2560092.633811590727419 ], [ 2572415.11310307495296, 2560092.633811590727419 ], [ 2572415.11310307495296, 2560139.002826700918376 ], [ 2572368.744999353308231, 2560139.002826700918376 ], [ 2572368.744999353308231, 2560092.633811590727419 ], [ 2572322.375929488800466, 2560092.633811590727419 ], [ 2572322.375929488800466, 2560046.26576264295727 ], [ 2572276.007825767155737, 2560046.26576264295727 ], [ 2572276.007825767155737, 2559999.896747533231974 ], [ 2572276.007825767155737, 2559953.527732423506677 ], [ 2572229.639722045511007, 2559953.527732423506677 ], [ 2572229.639722045511007, 2559907.158717313315719 ], [ 2572183.271618323866278, 2559907.158717313315719 ], [ 2572136.903514602221549, 2559907.158717313315719 ], [ 2572090.534444737713784, 2559907.158717313315719 ], [ 2572090.534444737713784, 2559953.527732423506677 ], [ 2572044.166341016069055, 2559953.527732423506677 ], [ 2571997.798237294424325, 2559953.527732423506677 ], [ 2571997.798237294424325, 2559907.158717313315719 ], [ 2571997.798237294424325, 2559860.790668365545571 ], [ 2571997.798237294424325, 2559814.421653255820274 ], [ 2571951.430133572779596, 2559814.421653255820274 ], [ 2571951.430133572779596, 2559860.790668365545571 ], [ 2571905.062029851134866, 2559860.790668365545571 ], [ 2571905.062029851134866, 2559907.158717313315719 ], [ 2571905.062029851134866, 2559953.527732423506677 ], [ 2571905.062029851134866, 2559999.896747533231974 ], [ 2571858.692959986627102, 2559999.896747533231974 ], [ 2571858.692959986627102, 2560046.26576264295727 ], [ 2571812.324856264982373, 2560046.26576264295727 ], [ 2571812.324856264982373, 2559999.896747533231974 ], [ 2571812.324856264982373, 2559953.527732423506677 ], [ 2571812.324856264982373, 2559907.158717313315719 ], [ 2571765.956752543337643, 2559907.158717313315719 ], [ 2571765.956752543337643, 2559860.790668365545571 ], [ 2571812.324856264982373, 2559860.790668365545571 ], [ 2571812.324856264982373, 2559814.421653255820274 ], [ 2571812.324856264982373, 2559768.052638145629317 ], [ 2571858.692959986627102, 2559768.052638145629317 ], [ 2571858.692959986627102, 2559721.68362303590402 ], [ 2571858.692959986627102, 2559675.315574088133872 ], [ 2571812.324856264982373, 2559675.315574088133872 ], [ 2571765.956752543337643, 2559675.315574088133872 ], [ 2571719.588648821692914, 2559675.315574088133872 ], [ 2571673.220545100048184, 2559675.315574088133872 ], [ 2571626.852441378403455, 2559675.315574088133872 ], [ 2571626.852441378403455, 2559721.68362303590402 ], [ 2571580.483371513430029, 2559721.68362303590402 ], [ 2571580.483371513430029, 2559768.052638145629317 ], [ 2571580.483371513430029, 2559814.421653255820274 ], [ 2571626.852441378403455, 2559814.421653255820274 ], [ 2571580.483371513430029, 2559814.421653255820274 ], [ 2571580.483371513430029, 2559860.790668365545571 ], [ 2571580.483371513430029, 2559907.158717313315719 ], [ 2571534.1152677917853, 2559907.158717313315719 ], [ 2571487.747164070606232, 2559907.158717313315719 ], [ 2571441.379060348961502, 2559907.158717313315719 ], [ 2571441.379060348961502, 2559953.527732423506677 ], [ 2571441.379060348961502, 2559999.896747533231974 ], [ 2571441.379060348961502, 2560046.26576264295727 ], [ 2571487.747164070606232, 2560046.26576264295727 ], [ 2571487.747164070606232, 2560092.633811590727419 ], [ 2571441.379060348961502, 2560092.633811590727419 ], [ 2571395.010956627316773, 2560092.633811590727419 ], [ 2571348.641886762343347, 2560092.633811590727419 ], [ 2571302.273783040698618, 2560092.633811590727419 ], [ 2571255.905679319053888, 2560092.633811590727419 ], [ 2571255.905679319053888, 2560046.26576264295727 ], [ 2571209.537575597409159, 2560046.26576264295727 ], [ 2571209.537575597409159, 2560092.633811590727419 ], [ 2571163.16947187576443, 2560092.633811590727419 ], [ 2571163.16947187576443, 2560139.002826700918376 ], [ 2571163.16947187576443, 2560185.371841810643673 ], [ 2571163.16947187576443, 2560231.739890758413821 ], [ 2571209.537575597409159, 2560231.739890758413821 ], [ 2571255.905679319053888, 2560278.108905868139118 ], [ 2571302.273783040698618, 2560278.108905868139118 ], [ 2571348.641886762343347, 2560278.108905868139118 ], [ 2571348.641886762343347, 2560324.477920978330076 ], [ 2571348.641886762343347, 2560370.846936088055372 ], [ 2571348.641886762343347, 2560417.214985035825521 ], [ 2571348.641886762343347, 2560463.584000146016479 ], [ 2571302.273783040698618, 2560463.584000146016479 ], [ 2571255.905679319053888, 2560463.584000146016479 ], [ 2571255.905679319053888, 2560417.214985035825521 ], [ 2571209.537575597409159, 2560417.214985035825521 ], [ 2571209.537575597409159, 2560370.846936088055372 ], [ 2571163.16947187576443, 2560370.846936088055372 ], [ 2571116.801368154585361, 2560370.846936088055372 ], [ 2571116.801368154585361, 2560417.214985035825521 ], [ 2571070.432298289611936, 2560417.214985035825521 ], [ 2571070.432298289611936, 2560463.584000146016479 ], [ 2571070.432298289611936, 2560509.953015255741775 ], [ 2571116.801368154585361, 2560509.953015255741775 ], [ 2571116.801368154585361, 2560556.322030365467072 ], [ 2571163.16947187576443, 2560602.69007931323722 ], [ 2571163.16947187576443, 2560649.059094423428178 ], [ 2571116.801368154585361, 2560649.059094423428178 ], [ 2571116.801368154585361, 2560695.428109533153474 ], [ 2571070.432298289611936, 2560695.428109533153474 ], [ 2571070.432298289611936, 2560741.797124642878771 ], [ 2571024.064194567967206, 2560741.797124642878771 ], [ 2571024.064194567967206, 2560788.165173591114581 ], [ 2571024.064194567967206, 2560834.534188700839877 ], [ 2571024.064194567967206, 2560880.903203810565174 ], [ 2570977.696090846322477, 2560880.903203810565174 ], [ 2570931.327987124677747, 2560880.903203810565174 ], [ 2570884.959883403033018, 2560880.903203810565174 ], [ 2570884.959883403033018, 2560927.271252758335322 ], [ 2570838.590813538525254, 2560927.271252758335322 ], [ 2570838.590813538525254, 2560973.64026786852628 ], [ 2570838.590813538525254, 2561020.009282978251576 ], [ 2570838.590813538525254, 2561066.378298087976873 ], [ 2570792.222709816880524, 2561066.378298087976873 ], [ 2570745.854606095235795, 2561066.378298087976873 ], [ 2570745.854606095235795, 2561020.009282978251576 ], [ 2570699.486502373591065, 2561020.009282978251576 ], [ 2570653.118398651946336, 2561020.009282978251576 ], [ 2570653.118398651946336, 2561066.378298087976873 ], [ 2570606.749328787438571, 2561066.378298087976873 ], [ 2570560.381225065793842, 2561112.746347036212683 ], [ 2570514.013121344149113, 2561112.746347036212683 ], [ 2570514.013121344149113, 2561066.378298087976873 ], [ 2570467.645017622504383, 2561066.378298087976873 ], [ 2570467.645017622504383, 2561020.009282978251576 ], [ 2570421.276913900859654, 2561020.009282978251576 ], [ 2570374.908810179214925, 2561020.009282978251576 ], [ 2570374.908810179214925, 2561066.378298087976873 ], [ 2570328.53974031470716, 2561066.378298087976873 ], [ 2570328.53974031470716, 2561020.009282978251576 ], [ 2570282.171636593062431, 2561020.009282978251576 ], [ 2570328.53974031470716, 2560973.64026786852628 ], [ 2570328.53974031470716, 2560927.271252758335322 ], [ 2570282.171636593062431, 2560927.271252758335322 ], [ 2570235.803532871417701, 2560927.271252758335322 ], [ 2570235.803532871417701, 2560973.64026786852628 ], [ 2570189.435429149772972, 2560973.64026786852628 ], [ 2570143.067325428128242, 2560973.64026786852628 ], [ 2570143.067325428128242, 2560927.271252758335322 ], [ 2570096.698255563154817, 2560927.271252758335322 ], [ 2570050.330151841975749, 2560927.271252758335322 ], [ 2570050.330151841975749, 2560973.64026786852628 ], [ 2570050.330151841975749, 2561020.009282978251576 ], [ 2570003.962048120331019, 2561020.009282978251576 ], [ 2569957.59394439868629, 2561020.009282978251576 ], [ 2569957.59394439868629, 2561066.378298087976873 ], [ 2569957.59394439868629, 2561112.746347036212683 ], [ 2569911.22584067704156, 2561112.746347036212683 ], [ 2569864.856770812068135, 2561112.746347036212683 ], [ 2569864.856770812068135, 2561066.378298087976873 ], [ 2569818.488667090423405, 2561066.378298087976873 ], [ 2569818.488667090423405, 2561020.009282978251576 ], [ 2569772.120563368778676, 2560973.64026786852628 ], [ 2569725.752459647133946, 2560973.64026786852628 ], [ 2569725.752459647133946, 2560927.271252758335322 ], [ 2569679.384355925954878, 2560880.903203810565174 ], [ 2569679.384355925954878, 2560927.271252758335322 ], [ 2569679.384355925954878, 2560880.903203810565174 ], [ 2569679.384355925954878, 2560927.271252758335322 ], [ 2569633.016252204310149, 2560927.271252758335322 ], [ 2569633.016252204310149, 2560973.64026786852628 ], [ 2569586.647182339336723, 2560973.64026786852628 ], [ 2569540.279078617691994, 2560973.64026786852628 ], [ 2569540.279078617691994, 2561020.009282978251576 ], [ 2569586.647182339336723, 2561066.378298087976873 ], [ 2569633.016252204310149, 2561066.378298087976873 ], [ 2569679.384355925954878, 2561066.378298087976873 ], [ 2569725.752459647133946, 2561020.009282978251576 ], [ 2569772.120563368778676, 2561020.009282978251576 ], [ 2569772.120563368778676, 2561066.378298087976873 ], [ 2569772.120563368778676, 2561112.746347036212683 ], [ 2569772.120563368778676, 2561159.115362145937979 ], [ 2569772.120563368778676, 2561205.484377255663276 ], [ 2569725.752459647133946, 2561251.853392365854234 ], [ 2569725.752459647133946, 2561205.484377255663276 ], [ 2569679.384355925954878, 2561205.484377255663276 ], [ 2569679.384355925954878, 2561159.115362145937979 ], [ 2569633.016252204310149, 2561159.115362145937979 ], [ 2569633.016252204310149, 2561205.484377255663276 ], [ 2569586.647182339336723, 2561205.484377255663276 ], [ 2569586.647182339336723, 2561251.853392365854234 ], [ 2569633.016252204310149, 2561251.853392365854234 ], [ 2569633.016252204310149, 2561298.221441313624382 ], [ 2569633.016252204310149, 2561344.590456423349679 ], [ 2569633.016252204310149, 2561390.959471533074975 ], [ 2569633.016252204310149, 2561437.328486643265933 ], [ 2569586.647182339336723, 2561437.328486643265933 ], [ 2569540.279078617691994, 2561437.328486643265933 ], [ 2569540.279078617691994, 2561483.696535591036081 ], [ 2569586.647182339336723, 2561901.015739256050438 ], [ 2569586.647182339336723, 2561993.752803313545883 ], [ 2569633.016252204310149, 2562364.702991868369281 ], [ 2569679.384355925954878, 2562411.072006978560239 ], [ 2569864.856770812068135, 2563523.921606481540948 ], [ 2570050.330151841975749, 2564497.666092978790402 ], [ 2570235.803532871417701, 2565517.778628423810005 ], [ 2570282.171636593062431, 2565935.096865926403552 ], [ 2570467.645017622504383, 2566908.841352424118668 ], [ 2570560.381225065793842, 2567511.634684204123914 ], [ 2570838.590813538525254, 2569088.172502481844276 ], [ 2570884.959883403033018, 2569227.278581649530679 ], [ 2570931.327987124677747, 2569505.491706146858633 ], [ 2571070.432298289611936, 2570525.604241591878235 ], [ 2571255.905679319053888, 2571545.716777036897838 ], [ 2571395.010956627316773, 2572333.985203094780445 ], [ 2571441.379060348961502, 2572473.092248424421996 ], [ 2571441.379060348961502, 2572519.460297372192144 ], [ 2571487.747164070606232, 2572612.198327592108399 ], [ 2571534.1152677917853, 2572704.935391649603844 ], [ 2571534.1152677917853, 2572751.304406759794801 ], [ 2571534.1152677917853, 2572797.673421869520098 ], [ 2571534.1152677917853, 2572844.042436979245394 ], [ 2571534.1152677917853, 2572936.779501037206501 ], [ 2571673.220545100048184, 2573910.523021372500807 ], [ 2571673.220545100048184, 2573956.892036482226104 ], [ 2571719.588648821692914, 2574698.792413592338562 ], [ 2571719.588648821692914, 2574745.160462540108711 ], [ 2571719.588648821692914, 2574791.529477649834007 ], [ 2571719.588648821692914, 2574837.898492760024965 ], [ 2571765.956752543337643, 2574884.267507869750261 ], [ 2571765.956752543337643, 2574930.63555681752041 ], [ 2571719.588648821692914, 2574977.004571927711368 ], [ 2571719.588648821692914, 2575023.373587037436664 ], [ 2571719.588648821692914, 2575069.742602147161961 ], [ 2571719.588648821692914, 2575301.585745372343808 ], [ 2571719.588648821692914, 2575858.011028205044568 ], [ 2571719.588648821692914, 2576089.855137592181563 ], [ 2571719.588648821692914, 2577480.917861592490226 ], [ 2574640.790777000598609, 2577434.54884648276493 ], [ 2576078.206823085900396, 2577434.54884648276493 ], [ 2576124.575892950873822, 2577434.54884648276493 ], [ 2576170.943996672518551, 2577434.54884648276493 ], [ 2576959.204658369068056, 2577434.54884648276493 ], [ 2577283.782350563444197, 2577434.54884648276493 ], [ 2578674.831259070429951, 2577434.54884648276493 ], [ 2579184.882332294248044, 2577388.179831372573972 ], [ 2580251.352582463994622, 2577388.179831372573972 ], [ 2580297.720686185639352, 2577388.179831372573972 ], [ 2580900.508932995609939, 2577388.179831372573972 ], [ 2581781.505802135914564, 2577388.179831372573972 ], [ 2583636.237680145073682, 2577388.179831372573972 ], [ 2584980.917518787551671, 2577341.810816262848675 ], [ 2585537.337661876343191, 2577341.810816262848675 ], [ 2588273.066409025341272, 2577295.442767315078527 ], [ 2588875.853689692448825, 2577295.442767315078527 ], [ 2588922.221793414093554, 2577295.442767315078527 ], [ 2588968.589897135738283, 2577295.442767315078527 ], [ 2589895.955836140550673, 2577295.442767315078527 ], [ 2590266.902598199434578, 2577295.442767315078527 ], [ 2591287.004744647536427, 2577295.442767315078527 ], [ 2591843.42392159299925, 2577295.442767315078527 ], [ 2592307.106891095638275, 2577295.442767315078527 ], [ 2592446.211202260572463, 2577295.442767315078527 ], [ 2592585.316479568369687, 2577295.442767315078527 ], [ 2592585.316479568369687, 2577341.810816262848675 ], [ 2592585.316479568369687, 2577388.179831372573972 ], [ 2592585.316479568369687, 2578686.505491315387189 ], [ 2592585.316479568369687, 2578732.873540263157338 ], [ 2592631.684583290014416, 2578779.242555372882634 ], [ 2592631.684583290014416, 2578825.611570482607931 ], [ 2592631.684583290014416, 2579382.03685331530869 ], [ 2592631.684583290014416, 2579984.830185095313936 ], [ 2592631.684583290014416, 2580263.04330959264189 ], [ 2592631.684583290014416, 2580355.780373650602996 ], [ 2592631.684583290014416, 2580494.886452818289399 ], [ 2592631.684583290014416, 2580912.205656482838094 ], [ 2592631.684583290014416, 2580958.574671593029052 ], [ 2592678.052687011659145, 2581004.942720540799201 ], [ 2592817.157964319456369, 2581144.048799708485603 ], [ 2592863.526068041101098, 2581236.786829927936196 ], [ 2592909.894171762745827, 2581375.892909095622599 ], [ 2593188.103760235477239, 2582164.162301315460354 ], [ 2594393.67928771302104, 2582117.793286205735058 ], [ 2594857.362257215194404, 2582117.793286205735058 ], [ 2595970.201577249448746, 2582117.793286205735058 ] ] ] } },
{ "type": "Feature", "properties": { }, "geometry": { "type": "LineString", "coordinates": [ [ 2599586.927193538751453, 2582071.4242710955441 ], [ 2598798.666531842201948, 2582071.4242710955441 ], [ 2597593.091004364658147, 2582071.4242710955441 ], [ 2597546.722900643013418, 2582071.4242710955441 ], [ 2597453.986693199723959, 2582071.4242710955441 ], [ 2597407.617623335216194, 2582071.4242710955441 ], [ 2597361.249519613571465, 2582071.4242710955441 ], [ 2597314.881415891926736, 2582117.793286205735058 ], [ 2597268.513312170282006, 2582071.4242710955441 ], [ 2597222.145208448637277, 2582071.4242710955441 ], [ 2597175.776138583663851, 2582071.4242710955441 ], [ 2597175.776138583663851, 2582117.793286205735058 ], [ 2596526.620754194911569, 2582117.793286205735058 ], [ 2595970.201577249448746, 2582117.793286205735058 ], [ 2594857.362257215194404, 2582117.793286205735058 ], [ 2594393.67928771302104, 2582117.793286205735058 ], [ 2593188.103760235477239, 2582164.162301315460354 ], [ 2592909.894171762745827, 2581375.892909095622599 ], [ 2592863.526068041101098, 2581236.786829927936196 ], [ 2592817.157964319456369, 2581144.048799708485603 ], [ 2592678.052687011659145, 2581004.942720540799201 ], [ 2592631.684583290014416, 2580958.574671593029052 ], [ 2592631.684583290014416, 2580912.205656482838094 ], [ 2592631.684583290014416, 2580494.886452818289399 ], [ 2592631.684583290014416, 2580355.780373650602996 ], [ 2592631.684583290014416, 2580263.04330959264189 ], [ 2592631.684583290014416, 2579984.830185095313936 ], [ 2592631.684583290014416, 2579382.03685331530869 ], [ 2592631.684583290014416, 2578825.611570482607931 ], [ 2592631.684583290014416, 2578779.242555372882634 ], [ 2592585.316479568369687, 2578732.873540263157338 ], [ 2592585.316479568369687, 2578686.505491315387189 ], [ 2592585.316479568369687, 2577388.179831372573972 ], [ 2592585.316479568369687, 2577341.810816262848675 ], [ 2592585.316479568369687, 2577295.442767315078527 ], [ 2592446.211202260572463, 2577295.442767315078527 ], [ 2592307.106891095638275, 2577295.442767315078527 ], [ 2591843.42392159299925, 2577295.442767315078527 ], [ 2591287.004744647536427, 2577295.442767315078527 ], [ 2590266.902598199434578, 2577295.442767315078527 ], [ 2589895.955836140550673, 2577295.442767315078527 ], [ 2588968.589897135738283, 2577295.442767315078527 ], [ 2588922.221793414093554, 2577295.442767315078527 ], [ 2588875.853689692448825, 2577295.442767315078527 ], [ 2588273.066409025341272, 2577295.442767315078527 ], [ 2585537.337661876343191, 2577341.810816262848675 ], [ 2584980.917518787551671, 2577341.810816262848675 ], [ 2583636.237680145073682, 2577388.179831372573972 ], [ 2581781.505802135914564, 2577388.179831372573972 ], [ 2580900.508932995609939, 2577388.179831372573972 ], [ 2580297.720686185639352, 2577388.179831372573972 ], [ 2580251.352582463994622, 2577388.179831372573972 ], [ 2579184.882332294248044, 2577388.179831372573972 ], [ 2578674.831259070429951, 2577434.54884648276493 ], [ 2577283.782350563444197, 2577434.54884648276493 ], [ 2576959.204658369068056, 2577434.54884648276493 ], [ 2576170.943996672518551, 2577434.54884648276493 ], [ 2576124.575892950873822, 2577434.54884648276493 ], [ 2576078.206823085900396, 2577434.54884648276493 ], [ 2574640.790777000598609, 2577434.54884648276493 ], [ 2571719.588648821692914, 2577480.917861592490226 ], [ 2571255.905679319053888, 2577480.917861592490226 ], [ 2571163.16947187576443, 2577480.917861592490226 ], [ 2570931.327987124677747, 2577480.917861592490226 ], [ 2570884.959883403033018, 2577480.917861592490226 ], [ 2570143.067325428128242, 2577480.917861592490226 ], [ 2568056.493962667416781, 2577527.285910540260375 ], [ 2566943.655608776491135, 2577527.285910540260375 ], [ 2565969.921566050034016, 2577527.285910540260375 ], [ 2565691.711977577302605, 2577527.285910540260375 ], [ 2563744.243892124854028, 2577527.285910540260375 ], [ 2563280.560922622215003, 2577527.285910540260375 ], [ 2562167.72160258796066, 2577573.654925650451332 ], [ 2560823.041763945948333, 2577573.654925650451332 ], [ 2560405.726898164954036, 2577573.654925650451332 ], [ 2559153.783266966231167, 2577573.654925650451332 ], [ 2558782.837471050210297, 2577573.654925650451332 ], [ 2556742.6331781540066, 2577573.654925650451332 ], [ 2556742.6331781540066, 2578408.292366818059236 ], [ 2556742.6331781540066, 2579474.773917372804135 ], [ 2556742.6331781540066, 2581514.998988263309002 ], [ 2556742.6331781540066, 2581654.106033592950553 ], [ 2556789.00128187565133, 2583277.011900818441063 ], [ 2556789.00128187565133, 2584343.493451373185962 ], [ 2556789.00128187565133, 2585549.081081096082926 ], [ 2556789.00128187565133, 2585966.400284761097282 ], [ 2556789.00128187565133, 2586661.931646761018783 ], [ 2556789.00128187565133, 2588655.787702541332692 ], [ 2555537.057650676928461, 2588655.787702541332692 ], [ 2555490.689546955283731, 2588655.787702541332692 ], [ 2555258.848062203731388, 2588655.787702541332692 ], [ 2554563.323607950471342, 2588655.787702541332692 ], [ 2554470.586434364318848, 2588655.787702541332692 ], [ 2554331.48212319938466, 2588655.787702541332692 ], [ 2553033.1703882785514, 2588702.15671765152365 ], [ 2552430.382141468115151, 2588702.15671765152365 ], [ 2551456.648098742123693, 2588702.15671765152365 ], [ 2551317.543787577189505, 2588702.15671765152365 ], [ 2550297.441641129087657, 2588702.15671765152365 ], [ 2549555.549083154182881, 2588702.15671765152365 ], [ 2548025.394897339399904, 2588702.15671765152365 ], [ 2547793.554378731176257, 2588702.15671765152365 ], [ 2547515.343824115116149, 2588702.15671765152365 ], [ 2547376.239512950181961, 2588702.15671765152365 ], [ 2547190.766131920740008, 2588702.15671765152365 ], [ 2546495.241677667479962, 2588748.524766599293798 ], [ 2546448.873573945835233, 2588748.524766599293798 ], [ 2545336.035220054443926, 2588748.524766599293798 ], [ 2544872.352250552270561, 2588748.524766599293798 ], [ 2544501.405488492920995, 2588748.524766599293798 ], [ 2543991.354415269102901, 2588748.524766599293798 ], [ 2543944.986311547458172, 2588748.524766599293798 ], [ 2543713.14482679637149, 2588748.524766599293798 ], [ 2542832.147957656532526, 2588748.524766599293798 ], [ 2542600.306472905445844, 2588748.524766599293798 ], [ 2542090.255399681162089, 2588748.524766599293798 ], [ 2541812.044845065567642, 2588748.524766599293798 ], [ 2541487.467152871191502, 2588748.524766599293798 ], [ 2541394.730945427902043, 2588748.524766599293798 ], [ 2541070.152287090197206, 2588748.524766599293798 ], [ 2540699.206491174176335, 2588748.524766599293798 ], [ 2540467.365006423089653, 2588748.524766599293798 ], [ 2539864.577725755982101, 2588748.524766599293798 ], [ 2538844.474613165017217, 2588748.524766599293798 ], [ 2538380.792609805706888, 2588748.524766599293798 ], [ 2536386.956420631613582, 2588794.893781709019095 ], [ 2535505.958585348445922, 2588794.893781709019095 ], [ 2535181.380893154069781, 2588794.893781709019095 ], [ 2534764.066027373075485, 2588794.893781709019095 ], [ 2534068.541573119815439, 2588794.893781709019095 ], [ 2533883.068192090373486, 2588794.893781709019095 ], [ 2533836.700088368728757, 2588794.893781709019095 ], [ 2533280.280911423265934, 2588794.893781709019095 ], [ 2533094.80753039335832, 2588794.893781709019095 ], [ 2533048.439426671713591, 2588794.893781709019095 ], [ 2531889.232002915814519, 2588794.893781709019095 ], [ 2531379.180929691996425, 2588794.893781709019095 ], [ 2529849.027710020076483, 2588794.893781709019095 ], [ 2529107.135152045171708, 2588794.893781709019095 ], [ 2529014.398944601882249, 2588794.893781709019095 ], [ 2527298.772343900520355, 2588794.893781709019095 ], [ 2526556.879785925149918, 2588794.893781709019095 ], [ 2526232.302093730773777, 2588794.893781709019095 ], [ 2526139.564920144621283, 2588794.893781709019095 ], [ 2526093.196816422976553, 2588841.262796818744391 ], [ 2526046.828712701331824, 2588794.893781709019095 ], [ 2525954.092505258042365, 2588794.893781709019095 ], [ 2525768.619124228600413, 2588794.893781709019095 ], [ 2525722.251020506955683, 2588794.893781709019095 ], [ 2525444.040465890895575, 2588794.893781709019095 ], [ 2525397.672362169250846, 2588841.262796818744391 ], [ 2525397.672362169250846, 2588794.893781709019095 ], [ 2525351.304258448071778, 2588794.893781709019095 ], [ 2525119.462773696519434, 2588794.893781709019095 ], [ 2525073.094669974874705, 2588841.262796818744391 ], [ 2525073.094669974874705, 2588794.893781709019095 ], [ 2525026.726566253229976, 2588841.262796818744391 ], [ 2524980.358462531585246, 2588841.262796818744391 ], [ 2524933.989392667077482, 2588794.893781709019095 ], [ 2524933.989392667077482, 2588841.262796818744391 ], [ 2524887.621288945432752, 2588841.262796818744391 ], [ 2524794.885081502143294, 2588794.893781709019095 ], [ 2524331.202112, 2588794.893781709019095 ], [ 2524284.8340082783252, 2588794.893781709019095 ], [ 2524192.096834692172706, 2588794.893781709019095 ], [ 2524145.728730970527977, 2588794.893781709019095 ], [ 2524099.360627248883247, 2588841.262796818744391 ], [ 2524052.992523527238518, 2588794.893781709019095 ], [ 2524006.624419805593789, 2588794.893781709019095 ], [ 2523960.256316083949059, 2588794.893781709019095 ], [ 2523913.887246219441295, 2588841.262796818744391 ], [ 2523867.519142497796565, 2588794.893781709019095 ], [ 2523821.151038776151836, 2588794.893781709019095 ], [ 2523774.782935054507107, 2588794.893781709019095 ], [ 2523728.414831332862377, 2588794.893781709019095 ], [ 2523682.045761467888951, 2588794.893781709019095 ], [ 2523682.045761467888951, 2588841.262796818744391 ], [ 2523635.677657746244222, 2588794.893781709019095 ], [ 2523403.83617299515754, 2588794.893781709019095 ], [ 2523403.83617299515754, 2588841.262796818744391 ], [ 2523403.83617299515754, 2588887.631811928935349 ], [ 2523403.83617299515754, 2588933.999860876705498 ], [ 2523403.83617299515754, 2588980.368875986430794 ], [ 2523450.204276716802269, 2588980.368875986430794 ], [ 2523450.204276716802269, 2589026.737891096621752 ], [ 2523403.83617299515754, 2589026.737891096621752 ], [ 2523403.83617299515754, 2589073.106906206347048 ], [ 2523357.46806927351281, 2589119.474955154117197 ], [ 2523311.099965551868081, 2589119.474955154117197 ], [ 2523264.731861830223352, 2589119.474955154117197 ], [ 2523218.363758108578622, 2589119.474955154117197 ], [ 2523171.994688244070858, 2589119.474955154117197 ], [ 2523171.994688244070858, 2589165.843970263842493 ], [ 2523125.626584522426128, 2589165.843970263842493 ], [ 2523125.626584522426128, 2589212.212985374033451 ], [ 2523125.626584522426128, 2589258.582000483758748 ], [ 2523125.626584522426128, 2589304.950049431528896 ], [ 2523171.994688244070858, 2589304.950049431528896 ], [ 2523171.994688244070858, 2589351.319064541719854 ], [ 2523171.994688244070858, 2589397.68807965144515 ], [ 2523218.363758108578622, 2589397.68807965144515 ], [ 2523218.363758108578622, 2589444.056128599215299 ], [ 2523218.363758108578622, 2589490.425143708940595 ], [ 2523264.731861830223352, 2589490.425143708940595 ], [ 2523218.363758108578622, 2589536.794158819131553 ], [ 2523218.363758108578622, 2589583.16317392885685 ], [ 2523171.994688244070858, 2589583.16317392885685 ], [ 2523125.626584522426128, 2589583.16317392885685 ], [ 2523079.258480800781399, 2589536.794158819131553 ], [ 2523079.258480800781399, 2589490.425143708940595 ], [ 2523032.89037707913667, 2589490.425143708940595 ], [ 2523032.89037707913667, 2589444.056128599215299 ], [ 2522986.52227335749194, 2589444.056128599215299 ], [ 2522940.153203492984176, 2589444.056128599215299 ], [ 2522893.785099771339446, 2589444.056128599215299 ], [ 2522847.416996049694717, 2589444.056128599215299 ], [ 2522847.416996049694717, 2589490.425143708940595 ], [ 2522801.048892328049988, 2589490.425143708940595 ], [ 2522801.048892328049988, 2589536.794158819131553 ], [ 2522754.680788606405258, 2589536.794158819131553 ], [ 2522708.311718741897494, 2589536.794158819131553 ], [ 2522661.943615020252764, 2589583.16317392885685 ], [ 2522615.575511298608035, 2589629.531222876626998 ], [ 2522615.575511298608035, 2589675.900237986352295 ], [ 2522661.943615020252764, 2589675.900237986352295 ], [ 2522661.943615020252764, 2589722.269253096543252 ], [ 2522708.311718741897494, 2589722.269253096543252 ], [ 2522708.311718741897494, 2589768.638268206268549 ], [ 2522754.680788606405258, 2589768.638268206268549 ], [ 2522801.048892328049988, 2589815.006317154038697 ], [ 2522801.048892328049988, 2589861.375332264229655 ], [ 2522801.048892328049988, 2589907.744347373954952 ], [ 2522754.680788606405258, 2589907.744347373954952 ], [ 2522708.311718741897494, 2589907.744347373954952 ], [ 2522708.311718741897494, 2589954.1123963217251 ], [ 2522661.943615020252764, 2589954.1123963217251 ], [ 2522661.943615020252764, 2590000.481411431450397 ], [ 2522661.943615020252764, 2590046.850426541641355 ], [ 2522661.943615020252764, 2590093.219441651366651 ], [ 2522661.943615020252764, 2590139.5874905991368 ], [ 2522708.311718741897494, 2590139.5874905991368 ], [ 2522708.311718741897494, 2590185.956505709327757 ], [ 2522754.680788606405258, 2590185.956505709327757 ], [ 2522754.680788606405258, 2590232.325520819053054 ], [ 2522801.048892328049988, 2590232.325520819053054 ], [ 2522847.416996049694717, 2590232.325520819053054 ], [ 2522893.785099771339446, 2590232.325520819053054 ], [ 2522893.785099771339446, 2590278.69453592877835 ], [ 2522940.153203492984176, 2590278.69453592877835 ], [ 2522986.52227335749194, 2590278.69453592877835 ], [ 2522986.52227335749194, 2590325.062584876548499 ], [ 2523032.89037707913667, 2590325.062584876548499 ], [ 2523032.89037707913667, 2590371.431599986739457 ], [ 2523032.89037707913667, 2590417.800615096464753 ], [ 2523032.89037707913667, 2590464.16963020619005 ], [ 2523032.89037707913667, 2590510.537679154425859 ], [ 2522986.52227335749194, 2590510.537679154425859 ], [ 2522940.153203492984176, 2590510.537679154425859 ], [ 2522893.785099771339446, 2590510.537679154425859 ], [ 2522847.416996049694717, 2590510.537679154425859 ], [ 2522801.048892328049988, 2590510.537679154425859 ], [ 2522754.680788606405258, 2590510.537679154425859 ], [ 2522754.680788606405258, 2590464.16963020619005 ], [ 2522708.311718741897494, 2590464.16963020619005 ], [ 2522661.943615020252764, 2590464.16963020619005 ], [ 2522661.943615020252764, 2590417.800615096464753 ], [ 2522615.575511298608035, 2590417.800615096464753 ], [ 2522615.575511298608035, 2590371.431599986739457 ], [ 2522569.207407576963305, 2590371.431599986739457 ], [ 2522569.207407576963305, 2590325.062584876548499 ], [ 2522569.207407576963305, 2590278.69453592877835 ], [ 2522522.839303855318576, 2590278.69453592877835 ], [ 2522522.839303855318576, 2590232.325520819053054 ], [ 2522522.839303855318576, 2590185.956505709327757 ], [ 2522522.839303855318576, 2590139.5874905991368 ], [ 2522476.471200133673847, 2590139.5874905991368 ], [ 2522476.471200133673847, 2590093.219441651366651 ], [ 2522430.102130269166082, 2590093.219441651366651 ], [ 2522383.734026547521353, 2590093.219441651366651 ], [ 2522337.365922825876623, 2590093.219441651366651 ], [ 2522337.365922825876623, 2590139.5874905991368 ], [ 2522337.365922825876623, 2590185.956505709327757 ], [ 2522337.365922825876623, 2590232.325520819053054 ], [ 2522337.365922825876623, 2590278.69453592877835 ], [ 2522337.365922825876623, 2590325.062584876548499 ], [ 2522383.734026547521353, 2590371.431599986739457 ], [ 2522383.734026547521353, 2590417.800615096464753 ], [ 2522383.734026547521353, 2590464.16963020619005 ], [ 2522383.734026547521353, 2590510.537679154425859 ], [ 2522383.734026547521353, 2590556.906694264151156 ], [ 2522383.734026547521353, 2590603.275709373876452 ], [ 2522383.734026547521353, 2590649.643758321646601 ], [ 2522383.734026547521353, 2590696.012773431837559 ], [ 2522430.102130269166082, 2590696.012773431837559 ], [ 2522430.102130269166082, 2590742.381788541562855 ], [ 2522383.734026547521353, 2590742.381788541562855 ], [ 2522430.102130269166082, 2590742.381788541562855 ], [ 2522383.734026547521353, 2590788.750803651288152 ], [ 2522383.734026547521353, 2590835.118852599523962 ], [ 2522383.734026547521353, 2590881.487867709249258 ], [ 2522383.734026547521353, 2590927.856882818974555 ], [ 2522383.734026547521353, 2590974.225897929165512 ], [ 2522337.365922825876623, 2590974.225897929165512 ], [ 2522337.365922825876623, 2591020.593946876935661 ], [ 2522290.997819104231894, 2591020.593946876935661 ], [ 2522244.629715382587165, 2591020.593946876935661 ], [ 2522198.260645517613739, 2591020.593946876935661 ], [ 2522151.892541795969009, 2591020.593946876935661 ], [ 2522151.892541795969009, 2591066.962961986660957 ], [ 2522105.524438074789941, 2591066.962961986660957 ], [ 2522105.524438074789941, 2591113.331977096386254 ], [ 2522105.524438074789941, 2591159.700992206577212 ], [ 2522105.524438074789941, 2591206.06904115434736 ], [ 2522105.524438074789941, 2591252.438056264072657 ], [ 2522105.524438074789941, 2591298.807071374263614 ], [ 2522105.524438074789941, 2591345.175120322033763 ], [ 2522105.524438074789941, 2591391.544135431759059 ], [ 2522105.524438074789941, 2591437.913150541484356 ], [ 2522059.156334353145212, 2591437.913150541484356 ], [ 2522012.788230631500483, 2591437.913150541484356 ], [ 2521966.419160766527057, 2591437.913150541484356 ], [ 2521920.051057044882327, 2591391.544135431759059 ], [ 2521873.682953323237598, 2591345.175120322033763 ], [ 2521873.682953323237598, 2591298.807071374263614 ], [ 2521873.682953323237598, 2591252.438056264072657 ], [ 2521873.682953323237598, 2591206.06904115434736 ], [ 2521873.682953323237598, 2591159.700992206577212 ], [ 2521873.682953323237598, 2591113.331977096386254 ], [ 2521920.051057044882327, 2591113.331977096386254 ], [ 2521920.051057044882327, 2591066.962961986660957 ], [ 2521966.419160766527057, 2591066.962961986660957 ], [ 2521966.419160766527057, 2591020.593946876935661 ], [ 2521966.419160766527057, 2590974.225897929165512 ], [ 2521966.419160766527057, 2590927.856882818974555 ], [ 2521920.051057044882327, 2590927.856882818974555 ], [ 2521873.682953323237598, 2590927.856882818974555 ], [ 2521827.314849601592869, 2590927.856882818974555 ], [ 2521780.946745879948139, 2590927.856882818974555 ], [ 2521780.946745879948139, 2590974.225897929165512 ], [ 2521734.57864215830341, 2590974.225897929165512 ], [ 2521688.209572293795645, 2591020.593946876935661 ], [ 2521688.209572293795645, 2591066.962961986660957 ], [ 2521641.841468572150916, 2591066.962961986660957 ], [ 2521641.841468572150916, 2591113.331977096386254 ], [ 2521595.473364850506186, 2591113.331977096386254 ], [ 2521595.473364850506186, 2591159.700992206577212 ], [ 2521595.473364850506186, 2591206.06904115434736 ], [ 2521595.473364850506186, 2591252.438056264072657 ], [ 2521595.473364850506186, 2591298.807071374263614 ], [ 2521595.473364850506186, 2591345.175120322033763 ], [ 2521595.473364850506186, 2591391.544135431759059 ], [ 2521595.473364850506186, 2591437.913150541484356 ], [ 2521595.473364850506186, 2591484.282165651675314 ], [ 2521595.473364850506186, 2591530.650214599445462 ], [ 2521595.473364850506186, 2591577.019229709170759 ], [ 2521595.473364850506186, 2591623.388244819361717 ], [ 2521595.473364850506186, 2591669.757259929087013 ], [ 2521641.841468572150916, 2591669.757259929087013 ], [ 2521641.841468572150916, 2591716.125308876857162 ], [ 2521641.841468572150916, 2591762.494323986582458 ], [ 2521641.841468572150916, 2591808.863339096773416 ], [ 2521641.841468572150916, 2591855.231388044543564 ], [ 2521595.473364850506186, 2591855.231388044543564 ], [ 2521595.473364850506186, 2591901.600403154268861 ], [ 2521549.105261128861457, 2591901.600403154268861 ], [ 2521502.737157407216728, 2591901.600403154268861 ], [ 2521456.368087542708963, 2591901.600403154268861 ], [ 2521409.999983821064234, 2591855.231388044543564 ], [ 2521409.999983821064234, 2591808.863339096773416 ], [ 2521363.631880099419504, 2591808.863339096773416 ], [ 2521363.631880099419504, 2591762.494323986582458 ], [ 2521317.263776377774775, 2591762.494323986582458 ], [ 2521317.263776377774775, 2591716.125308876857162 ], [ 2521270.895672656130046, 2591669.757259929087013 ], [ 2521270.895672656130046, 2591623.388244819361717 ], [ 2521270.895672656130046, 2591577.019229709170759 ], [ 2521270.895672656130046, 2591530.650214599445462 ], [ 2521270.895672656130046, 2591484.282165651675314 ], [ 2521317.263776377774775, 2591484.282165651675314 ], [ 2521317.263776377774775, 2591437.913150541484356 ], [ 2521317.263776377774775, 2591391.544135431759059 ], [ 2521317.263776377774775, 2591345.175120322033763 ], [ 2521363.631880099419504, 2591345.175120322033763 ], [ 2521363.631880099419504, 2591298.807071374263614 ], [ 2521363.631880099419504, 2591252.438056264072657 ], [ 2521317.263776377774775, 2591252.438056264072657 ], [ 2521270.895672656130046, 2591252.438056264072657 ], [ 2521224.526602791622281, 2591252.438056264072657 ], [ 2521224.526602791622281, 2591298.807071374263614 ], [ 2521178.158499069977552, 2591298.807071374263614 ], [ 2521178.158499069977552, 2591345.175120322033763 ], [ 2521178.158499069977552, 2591391.544135431759059 ], [ 2521131.790395348332822, 2591391.544135431759059 ], [ 2521131.790395348332822, 2591437.913150541484356 ], [ 2521131.790395348332822, 2591484.282165651675314 ], [ 2521085.422291626688093, 2591484.282165651675314 ], [ 2521085.422291626688093, 2591530.650214599445462 ], [ 2521085.422291626688093, 2591577.019229709170759 ], [ 2521085.422291626688093, 2591623.388244819361717 ], [ 2521085.422291626688093, 2591669.757259929087013 ], [ 2521085.422291626688093, 2591716.125308876857162 ], [ 2521085.422291626688093, 2591762.494323986582458 ], [ 2521085.422291626688093, 2591808.863339096773416 ], [ 2521085.422291626688093, 2591855.231388044543564 ], [ 2521131.790395348332822, 2591855.231388044543564 ], [ 2521131.790395348332822, 2591901.600403154268861 ], [ 2521131.790395348332822, 2591947.969418264459819 ], [ 2521131.790395348332822, 2591994.338433374185115 ], [ 2521131.790395348332822, 2592040.706482321955264 ], [ 2521131.790395348332822, 2592087.07549743168056 ], [ 2521131.790395348332822, 2592133.444512541871518 ], [ 2521085.422291626688093, 2592133.444512541871518 ], [ 2521039.054187905043364, 2592133.444512541871518 ], [ 2520992.686084183398634, 2592133.444512541871518 ], [ 2520992.686084183398634, 2592087.07549743168056 ], [ 2520946.31701431889087, 2592087.07549743168056 ], [ 2520899.94891059724614, 2592133.444512541871518 ], [ 2520853.580806875601411, 2592133.444512541871518 ], [ 2520853.580806875601411, 2592179.813527651596814 ], [ 2520853.580806875601411, 2592226.181576599366963 ], [ 2520853.580806875601411, 2592272.550591709557921 ], [ 2520853.580806875601411, 2592318.919606819283217 ], [ 2520899.94891059724614, 2592318.919606819283217 ], [ 2520946.31701431889087, 2592365.288621929008514 ], [ 2520992.686084183398634, 2592365.288621929008514 ], [ 2520992.686084183398634, 2592411.656670876778662 ], [ 2521039.054187905043364, 2592411.656670876778662 ], [ 2521085.422291626688093, 2592458.02568598696962 ], [ 2521131.790395348332822, 2592458.02568598696962 ], [ 2521178.158499069977552, 2592458.02568598696962 ], [ 2521224.526602791622281, 2592458.02568598696962 ], [ 2521270.895672656130046, 2592458.02568598696962 ], [ 2521317.263776377774775, 2592411.656670876778662 ], [ 2521317.263776377774775, 2592458.02568598696962 ], [ 2521363.631880099419504, 2592458.02568598696962 ], [ 2521409.999983821064234, 2592458.02568598696962 ], [ 2521409.999983821064234, 2592504.394701096694916 ], [ 2521409.999983821064234, 2592550.762750044465065 ], [ 2521456.368087542708963, 2592550.762750044465065 ], [ 2521456.368087542708963, 2592597.131765154656023 ], [ 2521409.999983821064234, 2592597.131765154656023 ], [ 2521409.999983821064234, 2592643.500780264381319 ], [ 2521363.631880099419504, 2592643.500780264381319 ], [ 2521363.631880099419504, 2592689.869795374106616 ], [ 2521317.263776377774775, 2592689.869795374106616 ], [ 2521270.895672656130046, 2592689.869795374106616 ], [ 2521224.526602791622281, 2592689.869795374106616 ], [ 2521178.158499069977552, 2592689.869795374106616 ], [ 2521131.790395348332822, 2592689.869795374106616 ], [ 2521131.790395348332822, 2592736.237844321876764 ], [ 2521085.422291626688093, 2592736.237844321876764 ], [ 2521085.422291626688093, 2592689.869795374106616 ], [ 2521039.054187905043364, 2592689.869795374106616 ], [ 2520992.686084183398634, 2592689.869795374106616 ], [ 2520992.686084183398634, 2592643.500780264381319 ], [ 2520946.31701431889087, 2592643.500780264381319 ], [ 2520946.31701431889087, 2592597.131765154656023 ], [ 2520899.94891059724614, 2592550.762750044465065 ], [ 2520899.94891059724614, 2592504.394701096694916 ], [ 2520899.94891059724614, 2592458.02568598696962 ], [ 2520853.580806875601411, 2592458.02568598696962 ], [ 2520853.580806875601411, 2592411.656670876778662 ], [ 2520807.212703153956681, 2592365.288621929008514 ], [ 2520807.212703153956681, 2592318.919606819283217 ], [ 2520760.844599432311952, 2592318.919606819283217 ], [ 2520760.844599432311952, 2592272.550591709557921 ], [ 2520760.844599432311952, 2592226.181576599366963 ], [ 2520714.475529567338526, 2592226.181576599366963 ], [ 2520714.475529567338526, 2592179.813527651596814 ], [ 2520714.475529567338526, 2592133.444512541871518 ], [ 2520714.475529567338526, 2592087.07549743168056 ], [ 2520714.475529567338526, 2592040.706482321955264 ], [ 2520714.475529567338526, 2591994.338433374185115 ], [ 2520668.107425846159458, 2591994.338433374185115 ], [ 2520668.107425846159458, 2591947.969418264459819 ], [ 2520621.739322124514729, 2591947.969418264459819 ], [ 2520621.739322124514729, 2591994.338433374185115 ], [ 2520575.371218402869999, 2591994.338433374185115 ], [ 2520529.00311468122527, 2591994.338433374185115 ], [ 2520529.00311468122527, 2592040.706482321955264 ], [ 2520482.635010959580541, 2592040.706482321955264 ], [ 2520482.635010959580541, 2592087.07549743168056 ], [ 2520482.635010959580541, 2592133.444512541871518 ], [ 2520482.635010959580541, 2592179.813527651596814 ], [ 2520482.635010959580541, 2592226.181576599366963 ], [ 2520529.00311468122527, 2592226.181576599366963 ], [ 2520529.00311468122527, 2592272.550591709557921 ], [ 2520575.371218402869999, 2592272.550591709557921 ], [ 2520575.371218402869999, 2592318.919606819283217 ], [ 2520621.739322124514729, 2592318.919606819283217 ], [ 2520621.739322124514729, 2592365.288621929008514 ], [ 2520621.739322124514729, 2592411.656670876778662 ], [ 2520668.107425846159458, 2592411.656670876778662 ], [ 2520668.107425846159458, 2592458.02568598696962 ], [ 2520714.475529567338526, 2592458.02568598696962 ], [ 2520714.475529567338526, 2592504.394701096694916 ], [ 2520760.844599432311952, 2592504.394701096694916 ], [ 2520760.844599432311952, 2592550.762750044465065 ], [ 2520807.212703153956681, 2592550.762750044465065 ], [ 2520807.212703153956681, 2592597.131765154656023 ], [ 2520807.212703153956681, 2592643.500780264381319 ], [ 2520760.844599432311952, 2592643.500780264381319 ], [ 2520714.475529567338526, 2592643.500780264381319 ], [ 2520714.475529567338526, 2592689.869795374106616 ], [ 2520668.107425846159458, 2592689.869795374106616 ], [ 2520668.107425846159458, 2592643.500780264381319 ], [ 2520621.739322124514729, 2592643.500780264381319 ], [ 2520575.371218402869999, 2592643.500780264381319 ], [ 2520575.371218402869999, 2592597.131765154656023 ], [ 2520529.00311468122527, 2592597.131765154656023 ], [ 2520529.00311468122527, 2592550.762750044465065 ], [ 2520529.00311468122527, 2592504.394701096694916 ], [ 2520529.00311468122527, 2592458.02568598696962 ], [ 2520482.635010959580541, 2592458.02568598696962 ], [ 2520482.635010959580541, 2592411.656670876778662 ], [ 2520436.265941094607115, 2592365.288621929008514 ], [ 2520436.265941094607115, 2592318.919606819283217 ], [ 2520389.897837372962385, 2592318.919606819283217 ], [ 2520389.897837372962385, 2592272.550591709557921 ], [ 2520343.529733651317656, 2592272.550591709557921 ], [ 2520343.529733651317656, 2592226.181576599366963 ], [ 2520297.161629929672927, 2592226.181576599366963 ], [ 2520297.161629929672927, 2592179.813527651596814 ], [ 2520250.793526208493859, 2592133.444512541871518 ], [ 2520250.793526208493859, 2592087.07549743168056 ], [ 2520250.793526208493859, 2592040.706482321955264 ], [ 2520204.424456343520433, 2592040.706482321955264 ], [ 2520204.424456343520433, 2591994.338433374185115 ], [ 2520158.056352621875703, 2591994.338433374185115 ], [ 2520158.056352621875703, 2591947.969418264459819 ], [ 2520111.688248900230974, 2591947.969418264459819 ], [ 2520111.688248900230974, 2591994.338433374185115 ], [ 2520065.320145178586245, 2591994.338433374185115 ], [ 2520065.320145178586245, 2592040.706482321955264 ], [ 2520018.952041456941515, 2592040.706482321955264 ], [ 2520018.952041456941515, 2592133.444512541871518 ], [ 2520018.952041456941515, 2592179.813527651596814 ], [ 2519972.582971592433751, 2592179.813527651596814 ], [ 2519972.582971592433751, 2592226.181576599366963 ], [ 2519972.582971592433751, 2592272.550591709557921 ], [ 2519972.582971592433751, 2592318.919606819283217 ], [ 2520018.952041456941515, 2592318.919606819283217 ], [ 2520018.952041456941515, 2592365.288621929008514 ], [ 2520065.320145178586245, 2592365.288621929008514 ], [ 2520065.320145178586245, 2592411.656670876778662 ], [ 2520065.320145178586245, 2592458.02568598696962 ], [ 2520111.688248900230974, 2592458.02568598696962 ], [ 2520111.688248900230974, 2592504.394701096694916 ], [ 2520111.688248900230974, 2592550.762750044465065 ], [ 2520111.688248900230974, 2592597.131765154656023 ], [ 2520111.688248900230974, 2592643.500780264381319 ], [ 2520065.320145178586245, 2592689.869795374106616 ], [ 2520018.952041456941515, 2592689.869795374106616 ], [ 2519972.582971592433751, 2592689.869795374106616 ], [ 2519926.214867870789021, 2592689.869795374106616 ], [ 2519926.214867870789021, 2592736.237844321876764 ], [ 2519879.846764149144292, 2592736.237844321876764 ], [ 2519879.846764149144292, 2592782.606859432067722 ], [ 2519879.846764149144292, 2592828.975874541793019 ], [ 2519926.214867870789021, 2592921.712938599754125 ], [ 2519926.214867870789021, 2592968.081953709479421 ], [ 2519972.582971592433751, 2592968.081953709479421 ], [ 2520018.952041456941515, 2592968.081953709479421 ], [ 2520065.320145178586245, 2593014.450968819204718 ], [ 2520111.688248900230974, 2593014.450968819204718 ], [ 2520158.056352621875703, 2593014.450968819204718 ], [ 2520204.424456343520433, 2593014.450968819204718 ], [ 2520250.793526208493859, 2593014.450968819204718 ], [ 2520297.161629929672927, 2593014.450968819204718 ], [ 2520297.161629929672927, 2593060.819983929395676 ], [ 2520343.529733651317656, 2593060.819983929395676 ], [ 2520343.529733651317656, 2593107.188032877165824 ], [ 2520389.897837372962385, 2593107.188032877165824 ], [ 2520436.265941094607115, 2593107.188032877165824 ], [ 2520436.265941094607115, 2593060.819983929395676 ], [ 2520482.635010959580541, 2593060.819983929395676 ], [ 2520529.00311468122527, 2593060.819983929395676 ], [ 2520529.00311468122527, 2593014.450968819204718 ], [ 2520575.371218402869999, 2593014.450968819204718 ], [ 2520575.371218402869999, 2592968.081953709479421 ], [ 2520621.739322124514729, 2593014.450968819204718 ], [ 2520621.739322124514729, 2592968.081953709479421 ], [ 2520621.739322124514729, 2593014.450968819204718 ], [ 2520668.107425846159458, 2593014.450968819204718 ], [ 2520714.475529567338526, 2593014.450968819204718 ], [ 2520714.475529567338526, 2593060.819983929395676 ], [ 2520714.475529567338526, 2593107.188032877165824 ], [ 2520714.475529567338526, 2593153.557047986891121 ], [ 2520714.475529567338526, 2593199.926063096616417 ], [ 2520714.475529567338526, 2593246.294112044852227 ], [ 2520668.107425846159458, 2593246.294112044852227 ], [ 2520621.739322124514729, 2593292.663127154577523 ], [ 2520575.371218402869999, 2593292.663127154577523 ], [ 2520529.00311468122527, 2593292.663127154577523 ], [ 2520529.00311468122527, 2593339.03214226430282 ], [ 2520482.635010959580541, 2593339.03214226430282 ], [ 2520436.265941094607115, 2593339.03214226430282 ], [ 2520389.897837372962385, 2593339.03214226430282 ], [ 2520343.529733651317656, 2593339.03214226430282 ], [ 2520297.161629929672927, 2593339.03214226430282 ], [ 2520250.793526208493859, 2593339.03214226430282 ], [ 2520250.793526208493859, 2593292.663127154577523 ], [ 2520204.424456343520433, 2593292.663127154577523 ], [ 2520158.056352621875703, 2593292.663127154577523 ], [ 2520111.688248900230974, 2593292.663127154577523 ], [ 2520111.688248900230974, 2593246.294112044852227 ], [ 2520065.320145178586245, 2593246.294112044852227 ], [ 2520018.952041456941515, 2593199.926063096616417 ], [ 2519972.582971592433751, 2593199.926063096616417 ], [ 2519972.582971592433751, 2593153.557047986891121 ], [ 2519926.214867870789021, 2593153.557047986891121 ], [ 2519926.214867870789021, 2593107.188032877165824 ], [ 2519879.846764149144292, 2593107.188032877165824 ], [ 2519833.478660427499563, 2593107.188032877165824 ], [ 2519833.478660427499563, 2593060.819983929395676 ], [ 2519833.478660427499563, 2593014.450968819204718 ], [ 2519787.110556705854833, 2593014.450968819204718 ], [ 2519787.110556705854833, 2592968.081953709479421 ], [ 2519787.110556705854833, 2592921.712938599754125 ], [ 2519787.110556705854833, 2592875.344889651518315 ], [ 2519740.742452984210104, 2592828.975874541793019 ], [ 2519740.742452984210104, 2592782.606859432067722 ], [ 2519740.742452984210104, 2592736.237844321876764 ], [ 2519740.742452984210104, 2592689.869795374106616 ], [ 2519694.373383119702339, 2592689.869795374106616 ], [ 2519694.373383119702339, 2592643.500780264381319 ], [ 2519648.00527939805761, 2592643.500780264381319 ], [ 2519648.00527939805761, 2592597.131765154656023 ], [ 2519601.63717567641288, 2592597.131765154656023 ], [ 2519555.269071954768151, 2592597.131765154656023 ], [ 2519555.269071954768151, 2592550.762750044465065 ], [ 2519508.900968233123422, 2592550.762750044465065 ], [ 2519462.531898368615657, 2592550.762750044465065 ], [ 2519416.163794646970928, 2592550.762750044465065 ], [ 2519416.163794646970928, 2592597.131765154656023 ], [ 2519369.795690925326198, 2592597.131765154656023 ], [ 2519369.795690925326198, 2592643.500780264381319 ], [ 2519323.427587203681469, 2592643.500780264381319 ], [ 2519323.427587203681469, 2592689.869795374106616 ], [ 2519323.427587203681469, 2592736.237844321876764 ], [ 2519277.05948348203674, 2592782.606859432067722 ], [ 2519277.05948348203674, 2592828.975874541793019 ], [ 2519230.690413617528975, 2592828.975874541793019 ], [ 2519230.690413617528975, 2592875.344889651518315 ], [ 2519184.322309895884246, 2592921.712938599754125 ], [ 2519137.954206174239516, 2592968.081953709479421 ], [ 2519137.954206174239516, 2593014.450968819204718 ], [ 2519137.954206174239516, 2593060.819983929395676 ], [ 2519184.322309895884246, 2593060.819983929395676 ], [ 2519184.322309895884246, 2593107.188032877165824 ], [ 2519230.690413617528975, 2593107.188032877165824 ], [ 2519277.05948348203674, 2593107.188032877165824 ], [ 2519277.05948348203674, 2593153.557047986891121 ], [ 2519323.427587203681469, 2593153.557047986891121 ], [ 2519323.427587203681469, 2593199.926063096616417 ], [ 2519323.427587203681469, 2593246.294112044852227 ], [ 2519323.427587203681469, 2593292.663127154577523 ], [ 2519277.05948348203674, 2593292.663127154577523 ], [ 2519230.690413617528975, 2593339.03214226430282 ], [ 2519184.322309895884246, 2593339.03214226430282 ], [ 2519137.954206174239516, 2593339.03214226430282 ], [ 2519091.586102452594787, 2593339.03214226430282 ], [ 2519091.586102452594787, 2593292.663127154577523 ], [ 2519045.217998730950058, 2593292.663127154577523 ], [ 2519045.217998730950058, 2593246.294112044852227 ], [ 2518998.849895009305328, 2593246.294112044852227 ], [ 2518998.849895009305328, 2593199.926063096616417 ], [ 2518952.480825144331902, 2593199.926063096616417 ], [ 2518952.480825144331902, 2593153.557047986891121 ], [ 2518906.112721422687173, 2593153.557047986891121 ], [ 2518906.112721422687173, 2593107.188032877165824 ], [ 2518859.744617701042444, 2593107.188032877165824 ], [ 2518859.744617701042444, 2593060.819983929395676 ], [ 2518859.744617701042444, 2593014.450968819204718 ], [ 2518813.376513979863375, 2593014.450968819204718 ], [ 2518813.376513979863375, 2592968.081953709479421 ], [ 2518767.008410258218646, 2592968.081953709479421 ], [ 2518767.008410258218646, 2592921.712938599754125 ], [ 2518720.63934039324522, 2592921.712938599754125 ], [ 2518720.63934039324522, 2592875.344889651518315 ], [ 2518674.271236671600491, 2592828.975874541793019 ], [ 2518674.271236671600491, 2592782.606859432067722 ], [ 2518627.903132949955761, 2592736.237844321876764 ], [ 2518627.903132949955761, 2592689.869795374106616 ], [ 2518627.903132949955761, 2592643.500780264381319 ], [ 2518581.535029228311032, 2592643.500780264381319 ], [ 2518581.535029228311032, 2592597.131765154656023 ], [ 2518627.903132949955761, 2592597.131765154656023 ], [ 2518627.903132949955761, 2592550.762750044465065 ], [ 2518674.271236671600491, 2592504.394701096694916 ], [ 2518720.63934039324522, 2592504.394701096694916 ], [ 2518767.008410258218646, 2592504.394701096694916 ], [ 2518813.376513979863375, 2592504.394701096694916 ], [ 2518859.744617701042444, 2592504.394701096694916 ], [ 2518859.744617701042444, 2592458.02568598696962 ], [ 2518906.112721422687173, 2592411.656670876778662 ], [ 2518859.744617701042444, 2592365.288621929008514 ], [ 2518859.744617701042444, 2592318.919606819283217 ], [ 2518813.376513979863375, 2592318.919606819283217 ], [ 2518767.008410258218646, 2592272.550591709557921 ], [ 2518767.008410258218646, 2592318.919606819283217 ], [ 2518720.63934039324522, 2592318.919606819283217 ], [ 2518674.271236671600491, 2592318.919606819283217 ], [ 2518627.903132949955761, 2592318.919606819283217 ], [ 2518581.535029228311032, 2592318.919606819283217 ], [ 2518535.166925506666303, 2592318.919606819283217 ], [ 2518488.797855642158538, 2592318.919606819283217 ], [ 2518488.797855642158538, 2592365.288621929008514 ], [ 2518442.429751920513809, 2592365.288621929008514 ], [ 2518396.061648198869079, 2592365.288621929008514 ], [ 2518396.061648198869079, 2592411.656670876778662 ], [ 2518349.69354447722435, 2592411.656670876778662 ], [ 2518349.69354447722435, 2592458.02568598696962 ], [ 2518349.69354447722435, 2592504.394701096694916 ], [ 2518349.69354447722435, 2592550.762750044465065 ], [ 2518349.69354447722435, 2592597.131765154656023 ], [ 2518303.325440755579621, 2592597.131765154656023 ], [ 2518303.325440755579621, 2592643.500780264381319 ], [ 2518303.325440755579621, 2592689.869795374106616 ], [ 2518256.957337033934891, 2592689.869795374106616 ], [ 2518256.957337033934891, 2592736.237844321876764 ], [ 2518256.957337033934891, 2592782.606859432067722 ], [ 2518256.957337033934891, 2592828.975874541793019 ], [ 2518303.325440755579621, 2592828.975874541793019 ], [ 2518303.325440755579621, 2592875.344889651518315 ], [ 2518349.69354447722435, 2592875.344889651518315 ], [ 2518349.69354447722435, 2592921.712938599754125 ], [ 2518349.69354447722435, 2592968.081953709479421 ], [ 2518349.69354447722435, 2593014.450968819204718 ], [ 2518303.325440755579621, 2593014.450968819204718 ], [ 2518303.325440755579621, 2593060.819983929395676 ], [ 2518256.957337033934891, 2593060.819983929395676 ], [ 2518210.588267169427127, 2593060.819983929395676 ], [ 2518164.220163447782397, 2593060.819983929395676 ], [ 2518117.852059726137668, 2593060.819983929395676 ], [ 2518071.483956004492939, 2593060.819983929395676 ], [ 2518071.483956004492939, 2593107.188032877165824 ], [ 2518025.115852282848209, 2593107.188032877165824 ], [ 2517978.746782418340445, 2593107.188032877165824 ], [ 2517978.746782418340445, 2593060.819983929395676 ], [ 2517932.378678696695715, 2593060.819983929395676 ], [ 2517886.010574975050986, 2593060.819983929395676 ], [ 2517839.642471253406256, 2593060.819983929395676 ], [ 2517839.642471253406256, 2593014.450968819204718 ], [ 2517793.274367531761527, 2593014.450968819204718 ], [ 2517746.905297667253762, 2593014.450968819204718 ], [ 2517746.905297667253762, 2592968.081953709479421 ], [ 2517700.537193945609033, 2592968.081953709479421 ], [ 2517654.169090223964304, 2592921.712938599754125 ], [ 2517607.800986502319574, 2592921.712938599754125 ], [ 2517561.432882780674845, 2592921.712938599754125 ], [ 2517561.432882780674845, 2592968.081953709479421 ], [ 2517561.432882780674845, 2593014.450968819204718 ], [ 2517607.800986502319574, 2593060.819983929395676 ], [ 2517607.800986502319574, 2593107.188032877165824 ], [ 2517654.169090223964304, 2593107.188032877165824 ], [ 2517654.169090223964304, 2593153.557047986891121 ], [ 2517700.537193945609033, 2593153.557047986891121 ], [ 2517746.905297667253762, 2593153.557047986891121 ], [ 2517793.274367531761527, 2593153.557047986891121 ], [ 2517793.274367531761527, 2593199.926063096616417 ], [ 2517839.642471253406256, 2593199.926063096616417 ], [ 2517886.010574975050986, 2593246.294112044852227 ], [ 2517932.378678696695715, 2593246.294112044852227 ], [ 2517978.746782418340445, 2593292.663127154577523 ], [ 2518025.115852282848209, 2593292.663127154577523 ], [ 2518025.115852282848209, 2593339.03214226430282 ], [ 2518071.483956004492939, 2593339.03214226430282 ], [ 2518071.483956004492939, 2593385.401157374493778 ], [ 2518071.483956004492939, 2593431.769206322263926 ], [ 2518071.483956004492939, 2593478.138221431989223 ], [ 2518025.115852282848209, 2593478.138221431989223 ], [ 2517978.746782418340445, 2593478.138221431989223 ], [ 2517932.378678696695715, 2593478.138221431989223 ], [ 2517886.010574975050986, 2593478.138221431989223 ], [ 2517839.642471253406256, 2593478.138221431989223 ], [ 2517793.274367531761527, 2593431.769206322263926 ], [ 2517746.905297667253762, 2593431.769206322263926 ], [ 2517746.905297667253762, 2593385.401157374493778 ], [ 2517700.537193945609033, 2593385.401157374493778 ], [ 2517654.169090223964304, 2593339.03214226430282 ], [ 2517607.800986502319574, 2593339.03214226430282 ], [ 2517561.432882780674845, 2593339.03214226430282 ], [ 2517515.064779059030116, 2593292.663127154577523 ], [ 2517468.69570919405669, 2593292.663127154577523 ], [ 2517422.327605472877622, 2593292.663127154577523 ], [ 2517422.327605472877622, 2593246.294112044852227 ], [ 2517375.959501751232892, 2593199.926063096616417 ], [ 2517375.959501751232892, 2593153.557047986891121 ], [ 2517375.959501751232892, 2593107.188032877165824 ], [ 2517375.959501751232892, 2593060.819983929395676 ], [ 2517375.959501751232892, 2593014.450968819204718 ], [ 2517375.959501751232892, 2592968.081953709479421 ], [ 2517329.591398029588163, 2592968.081953709479421 ], [ 2517329.591398029588163, 2592921.712938599754125 ], [ 2517329.591398029588163, 2592875.344889651518315 ], [ 2517329.591398029588163, 2592828.975874541793019 ], [ 2517329.591398029588163, 2592782.606859432067722 ], [ 2517329.591398029588163, 2592736.237844321876764 ], [ 2517375.959501751232892, 2592736.237844321876764 ], [ 2517422.327605472877622, 2592736.237844321876764 ], [ 2517468.69570919405669, 2592736.237844321876764 ], [ 2517515.064779059030116, 2592736.237844321876764 ], [ 2517515.064779059030116, 2592782.606859432067722 ], [ 2517561.432882780674845, 2592782.606859432067722 ], [ 2517607.800986502319574, 2592828.975874541793019 ], [ 2517654.169090223964304, 2592782.606859432067722 ], [ 2517700.537193945609033, 2592782.606859432067722 ], [ 2517746.905297667253762, 2592782.606859432067722 ], [ 2517793.274367531761527, 2592782.606859432067722 ], [ 2517839.642471253406256, 2592782.606859432067722 ], [ 2517839.642471253406256, 2592736.237844321876764 ], [ 2517839.642471253406256, 2592689.869795374106616 ], [ 2517839.642471253406256, 2592643.500780264381319 ], [ 2517839.642471253406256, 2592597.131765154656023 ], [ 2517839.642471253406256, 2592550.762750044465065 ], [ 2517793.274367531761527, 2592550.762750044465065 ], [ 2517793.274367531761527, 2592504.394701096694916 ], [ 2517746.905297667253762, 2592504.394701096694916 ], [ 2517700.537193945609033, 2592504.394701096694916 ], [ 2517654.169090223964304, 2592504.394701096694916 ], [ 2517607.800986502319574, 2592504.394701096694916 ], [ 2517607.800986502319574, 2592550.762750044465065 ], [ 2517561.432882780674845, 2592550.762750044465065 ], [ 2517515.064779059030116, 2592550.762750044465065 ], [ 2517468.69570919405669, 2592550.762750044465065 ], [ 2517422.327605472877622, 2592550.762750044465065 ], [ 2517375.959501751232892, 2592550.762750044465065 ], [ 2517329.591398029588163, 2592550.762750044465065 ], [ 2517283.223294307943434, 2592550.762750044465065 ], [ 2517236.854224442970008, 2592550.762750044465065 ], [ 2517190.486120721325278, 2592550.762750044465065 ], [ 2517144.118016999680549, 2592550.762750044465065 ], [ 2517144.118016999680549, 2592597.131765154656023 ], [ 2517097.74991327803582, 2592597.131765154656023 ], [ 2517097.74991327803582, 2592643.500780264381319 ], [ 2517051.38180955639109, 2592643.500780264381319 ], [ 2517005.012739691883326, 2592643.500780264381319 ], [ 2517005.012739691883326, 2592597.131765154656023 ], [ 2516958.644635970238596, 2592550.762750044465065 ], [ 2516958.644635970238596, 2592504.394701096694916 ], [ 2516958.644635970238596, 2592458.02568598696962 ], [ 2516958.644635970238596, 2592411.656670876778662 ], [ 2517005.012739691883326, 2592411.656670876778662 ], [ 2517005.012739691883326, 2592365.288621929008514 ], [ 2517051.38180955639109, 2592365.288621929008514 ], [ 2517051.38180955639109, 2592318.919606819283217 ], [ 2517051.38180955639109, 2592272.550591709557921 ], [ 2517051.38180955639109, 2592226.181576599366963 ], [ 2517051.38180955639109, 2592179.813527651596814 ], [ 2517097.74991327803582, 2592179.813527651596814 ], [ 2517097.74991327803582, 2592133.444512541871518 ], [ 2517097.74991327803582, 2592087.07549743168056 ], [ 2517144.118016999680549, 2592087.07549743168056 ], [ 2517144.118016999680549, 2592040.706482321955264 ], [ 2517190.486120721325278, 2592040.706482321955264 ], [ 2517190.486120721325278, 2591994.338433374185115 ], [ 2517190.486120721325278, 2591947.969418264459819 ], [ 2517190.486120721325278, 2591901.600403154268861 ], [ 2517144.118016999680549, 2591901.600403154268861 ], [ 2517144.118016999680549, 2591855.231388044543564 ], [ 2517144.118016999680549, 2591808.863339096773416 ], [ 2517144.118016999680549, 2591762.494323986582458 ], [ 2517097.74991327803582, 2591762.494323986582458 ], [ 2517097.74991327803582, 2591716.125308876857162 ], [ 2517051.38180955639109, 2591716.125308876857162 ], [ 2517005.012739691883326, 2591716.125308876857162 ], [ 2516958.644635970238596, 2591716.125308876857162 ], [ 2516958.644635970238596, 2591669.757259929087013 ], [ 2516912.276532248593867, 2591669.757259929087013 ], [ 2516912.276532248593867, 2591623.388244819361717 ], [ 2516865.908428526949137, 2591623.388244819361717 ], [ 2516865.908428526949137, 2591577.019229709170759 ], [ 2516865.908428526949137, 2591530.650214599445462 ], [ 2516912.276532248593867, 2591530.650214599445462 ], [ 2516912.276532248593867, 2591484.282165651675314 ], [ 2516958.644635970238596, 2591484.282165651675314 ], [ 2517005.012739691883326, 2591484.282165651675314 ], [ 2517051.38180955639109, 2591484.282165651675314 ], [ 2517097.74991327803582, 2591437.913150541484356 ], [ 2517144.118016999680549, 2591437.913150541484356 ], [ 2517190.486120721325278, 2591437.913150541484356 ], [ 2517190.486120721325278, 2591484.282165651675314 ], [ 2517236.854224442970008, 2591484.282165651675314 ], [ 2517236.854224442970008, 2591530.650214599445462 ], [ 2517283.223294307943434, 2591530.650214599445462 ], [ 2517329.591398029588163, 2591530.650214599445462 ], [ 2517375.959501751232892, 2591530.650214599445462 ], [ 2517375.959501751232892, 2591577.019229709170759 ], [ 2517422.327605472877622, 2591577.019229709170759 ], [ 2517422.327605472877622, 2591623.388244819361717 ], [ 2517468.69570919405669, 2591623.388244819361717 ], [ 2517468.69570919405669, 2591669.757259929087013 ], [ 2517515.064779059030116, 2591669.757259929087013 ], [ 2517561.432882780674845, 2591669.757259929087013 ], [ 2517607.800986502319574, 2591669.757259929087013 ], [ 2517607.800986502319574, 2591623.388244819361717 ], [ 2517607.800986502319574, 2591577.019229709170759 ], [ 2517654.169090223964304, 2591577.019229709170759 ], [ 2517654.169090223964304, 2591530.650214599445462 ], [ 2517607.800986502319574, 2591530.650214599445462 ], [ 2517607.800986502319574, 2591484.282165651675314 ], [ 2517561.432882780674845, 2591484.282165651675314 ], [ 2517561.432882780674845, 2591437.913150541484356 ], [ 2517561.432882780674845, 2591391.544135431759059 ], [ 2517515.064779059030116, 2591391.544135431759059 ], [ 2517515.064779059030116, 2591345.175120322033763 ], [ 2517515.064779059030116, 2591298.807071374263614 ], [ 2517468.69570919405669, 2591298.807071374263614 ], [ 2517468.69570919405669, 2591252.438056264072657 ], [ 2517468.69570919405669, 2591206.06904115434736 ], [ 2517422.327605472877622, 2591159.700992206577212 ], [ 2517422.327605472877622, 2591113.331977096386254 ], [ 2517375.959501751232892, 2591113.331977096386254 ], [ 2517375.959501751232892, 2591066.962961986660957 ], [ 2517329.591398029588163, 2591066.962961986660957 ], [ 2517329.591398029588163, 2591020.593946876935661 ], [ 2517283.223294307943434, 2591020.593946876935661 ], [ 2517236.854224442970008, 2591020.593946876935661 ], [ 2517190.486120721325278, 2591020.593946876935661 ], [ 2517144.118016999680549, 2591020.593946876935661 ], [ 2517144.118016999680549, 2590974.225897929165512 ], [ 2517097.74991327803582, 2590974.225897929165512 ], [ 2517051.38180955639109, 2590974.225897929165512 ], [ 2517005.012739691883326, 2590974.225897929165512 ], [ 2516958.644635970238596, 2590974.225897929165512 ], [ 2516958.644635970238596, 2591020.593946876935661 ], [ 2516912.276532248593867, 2591020.593946876935661 ], [ 2516912.276532248593867, 2591066.962961986660957 ], [ 2516865.908428526949137, 2591066.962961986660957 ], [ 2516865.908428526949137, 2591113.331977096386254 ], [ 2516819.540324805304408, 2591113.331977096386254 ], [ 2516819.540324805304408, 2591159.700992206577212 ], [ 2516773.172221083659679, 2591159.700992206577212 ], [ 2516726.803151219151914, 2591159.700992206577212 ], [ 2516680.435047497507185, 2591159.700992206577212 ], [ 2516634.066943775862455, 2591159.700992206577212 ], [ 2516634.066943775862455, 2591113.331977096386254 ], [ 2516587.698840054217726, 2591113.331977096386254 ], [ 2516541.330736332572997, 2591113.331977096386254 ], [ 2516494.961666468065232, 2591159.700992206577212 ], [ 2516448.593562746420503, 2591159.700992206577212 ], [ 2516402.225459024775773, 2591206.06904115434736 ], [ 2516355.857355303131044, 2591206.06904115434736 ], [ 2516309.489251581486315, 2591206.06904115434736 ], [ 2516263.121147859841585, 2591206.06904115434736 ], [ 2516263.121147859841585, 2591159.700992206577212 ], [ 2516263.121147859841585, 2591113.331977096386254 ], [ 2516263.121147859841585, 2591066.962961986660957 ], [ 2516216.752077995333821, 2591066.962961986660957 ], [ 2516216.752077995333821, 2591020.593946876935661 ], [ 2516263.121147859841585, 2591020.593946876935661 ], [ 2516263.121147859841585, 2590974.225897929165512 ], [ 2516309.489251581486315, 2590974.225897929165512 ], [ 2516309.489251581486315, 2590927.856882818974555 ], [ 2516309.489251581486315, 2590881.487867709249258 ], [ 2516355.857355303131044, 2590881.487867709249258 ], [ 2516355.857355303131044, 2590835.118852599523962 ], [ 2516402.225459024775773, 2590835.118852599523962 ], [ 2516402.225459024775773, 2590788.750803651288152 ], [ 2516448.593562746420503, 2590788.750803651288152 ], [ 2516494.961666468065232, 2590788.750803651288152 ], [ 2516541.330736332572997, 2590788.750803651288152 ], [ 2516541.330736332572997, 2590742.381788541562855 ], [ 2516541.330736332572997, 2590696.012773431837559 ], [ 2516587.698840054217726, 2590696.012773431837559 ], [ 2516587.698840054217726, 2590649.643758321646601 ], [ 2516541.330736332572997, 2590649.643758321646601 ], [ 2516541.330736332572997, 2590603.275709373876452 ], [ 2516541.330736332572997, 2590556.906694264151156 ], [ 2516541.330736332572997, 2590510.537679154425859 ], [ 2516541.330736332572997, 2590464.16963020619005 ], [ 2516494.961666468065232, 2590464.16963020619005 ], [ 2516494.961666468065232, 2590417.800615096464753 ], [ 2516448.593562746420503, 2590417.800615096464753 ], [ 2516402.225459024775773, 2590417.800615096464753 ], [ 2516355.857355303131044, 2590417.800615096464753 ], [ 2516355.857355303131044, 2590464.16963020619005 ], [ 2516309.489251581486315, 2590464.16963020619005 ], [ 2516309.489251581486315, 2590510.537679154425859 ], [ 2516263.121147859841585, 2590556.906694264151156 ], [ 2516263.121147859841585, 2590603.275709373876452 ], [ 2516309.489251581486315, 2590603.275709373876452 ], [ 2516309.489251581486315, 2590649.643758321646601 ], [ 2516309.489251581486315, 2590696.012773431837559 ], [ 2516309.489251581486315, 2590742.381788541562855 ], [ 2516263.121147859841585, 2590742.381788541562855 ], [ 2516263.121147859841585, 2590788.750803651288152 ], [ 2516216.752077995333821, 2590788.750803651288152 ], [ 2516216.752077995333821, 2590835.118852599523962 ], [ 2516170.383974273689091, 2590835.118852599523962 ], [ 2516170.383974273689091, 2590881.487867709249258 ], [ 2516124.015870552044362, 2590881.487867709249258 ], [ 2516124.015870552044362, 2590927.856882818974555 ], [ 2516124.015870552044362, 2590974.225897929165512 ], [ 2516077.647766830399632, 2590974.225897929165512 ], [ 2516031.279663108754903, 2590974.225897929165512 ], [ 2515984.910593244247139, 2590974.225897929165512 ], [ 2515984.910593244247139, 2590927.856882818974555 ], [ 2515984.910593244247139, 2590881.487867709249258 ], [ 2515938.542489522602409, 2590881.487867709249258 ], [ 2515938.542489522602409, 2590835.118852599523962 ], [ 2515938.542489522602409, 2590788.750803651288152 ], [ 2515892.17438580095768, 2590742.381788541562855 ], [ 2515892.17438580095768, 2590788.750803651288152 ], [ 2515845.80628207931295, 2590788.750803651288152 ], [ 2515845.80628207931295, 2590835.118852599523962 ], [ 2515845.80628207931295, 2590881.487867709249258 ], [ 2515845.80628207931295, 2590927.856882818974555 ], [ 2515845.80628207931295, 2590974.225897929165512 ], [ 2515799.438178357668221, 2590974.225897929165512 ], [ 2515799.438178357668221, 2591020.593946876935661 ], [ 2515753.069108492694795, 2591020.593946876935661 ], [ 2515706.701004771050066, 2591066.962961986660957 ], [ 2515660.332901049405336, 2591066.962961986660957 ], [ 2515660.332901049405336, 2591113.331977096386254 ], [ 2515660.332901049405336, 2591159.700992206577212 ], [ 2515613.964797327760607, 2591159.700992206577212 ], [ 2515613.964797327760607, 2591206.06904115434736 ], [ 2515567.596693606581539, 2591206.06904115434736 ], [ 2515567.596693606581539, 2591252.438056264072657 ], [ 2515567.596693606581539, 2591298.807071374263614 ], [ 2515521.22858988493681, 2591298.807071374263614 ], [ 2515521.22858988493681, 2591345.175120322033763 ] ] } },
{ "type": "Feature", "properties": { }, "geometry": { "type": "LineString", "coordinates": [ [ 2515521.22858988493681, 2591345.175120322033763 ], [ 2515474.859520019963384, 2591391.544135431759059 ], [ 2515474.859520019963384, 2591437.913150541484356 ], [ 2515474.859520019963384, 2591484.282165651675314 ], [ 2515474.859520019963384, 2591530.650214599445462 ], [ 2515474.859520019963384, 2591577.019229709170759 ], [ 2515521.22858988493681, 2591577.019229709170759 ], [ 2515521.22858988493681, 2591623.388244819361717 ], [ 2515521.22858988493681, 2591669.757259929087013 ], [ 2515521.22858988493681, 2591716.125308876857162 ], [ 2515521.22858988493681, 2591762.494323986582458 ], [ 2515521.22858988493681, 2591808.863339096773416 ], [ 2515521.22858988493681, 2591855.231388044543564 ], [ 2515567.596693606581539, 2591855.231388044543564 ], [ 2515567.596693606581539, 2591901.600403154268861 ], [ 2515567.596693606581539, 2591947.969418264459819 ], [ 2515567.596693606581539, 2591994.338433374185115 ], [ 2515521.22858988493681, 2591994.338433374185115 ], [ 2515521.22858988493681, 2592040.706482321955264 ], [ 2515474.859520019963384, 2592040.706482321955264 ], [ 2515474.859520019963384, 2592087.07549743168056 ], [ 2515521.22858988493681, 2592133.444512541871518 ], [ 2515567.596693606581539, 2592133.444512541871518 ], [ 2515660.332901049405336, 2592133.444512541871518 ], [ 2515753.069108492694795, 2592179.813527651596814 ], [ 2515753.069108492694795, 2592272.550591709557921 ], [ 2515706.701004771050066, 2592365.288621929008514 ], [ 2515567.596693606581539, 2592365.288621929008514 ], [ 2515474.859520019963384, 2592272.550591709557921 ], [ 2515335.755208855029196, 2592133.444512541871518 ], [ 2515289.387105133384466, 2592179.813527651596814 ], [ 2515243.018035268876702, 2592179.813527651596814 ], [ 2515243.018035268876702, 2592226.181576599366963 ], [ 2515196.649931547231972, 2592226.181576599366963 ], [ 2515243.018035268876702, 2592318.919606819283217 ], [ 2515335.755208855029196, 2592411.656670876778662 ], [ 2515521.22858988493681, 2592458.02568598696962 ], [ 2515567.596693606581539, 2592504.394701096694916 ], [ 2515567.596693606581539, 2592597.131765154656023 ], [ 2515521.22858988493681, 2592643.500780264381319 ], [ 2515428.491416298318654, 2592643.500780264381319 ], [ 2515289.387105133384466, 2592550.762750044465065 ], [ 2515103.913724103942513, 2592365.288621929008514 ], [ 2515103.913724103942513, 2592318.919606819283217 ], [ 2515057.545620382297784, 2592318.919606819283217 ], [ 2515011.17655051779002, 2592318.919606819283217 ], [ 2514964.80844679614529, 2592318.919606819283217 ], [ 2514918.440343074500561, 2592318.919606819283217 ], [ 2514918.440343074500561, 2592365.288621929008514 ], [ 2514918.440343074500561, 2592411.656670876778662 ], [ 2514918.440343074500561, 2592458.02568598696962 ], [ 2514872.072239352855831, 2592458.02568598696962 ], [ 2514918.440343074500561, 2592458.02568598696962 ], [ 2514918.440343074500561, 2592504.394701096694916 ], [ 2514918.440343074500561, 2592550.762750044465065 ], [ 2514964.80844679614529, 2592550.762750044465065 ], [ 2514964.80844679614529, 2592597.131765154656023 ], [ 2515011.17655051779002, 2592597.131765154656023 ], [ 2515011.17655051779002, 2592643.500780264381319 ], [ 2514964.80844679614529, 2592643.500780264381319 ], [ 2514964.80844679614529, 2592689.869795374106616 ], [ 2514964.80844679614529, 2592736.237844321876764 ], [ 2514918.440343074500561, 2592736.237844321876764 ], [ 2514872.072239352855831, 2592736.237844321876764 ], [ 2514825.704135631211102, 2592736.237844321876764 ], [ 2514779.336031909566373, 2592736.237844321876764 ], [ 2514779.336031909566373, 2592782.606859432067722 ], [ 2514779.336031909566373, 2592828.975874541793019 ], [ 2514779.336031909566373, 2592875.344889651518315 ], [ 2514825.704135631211102, 2592875.344889651518315 ], [ 2514872.072239352855831, 2592875.344889651518315 ], [ 2514872.072239352855831, 2592921.712938599754125 ], [ 2514918.440343074500561, 2592921.712938599754125 ], [ 2514918.440343074500561, 2592968.081953709479421 ], [ 2514964.80844679614529, 2592968.081953709479421 ], [ 2514964.80844679614529, 2593014.450968819204718 ], [ 2514964.80844679614529, 2593060.819983929395676 ], [ 2514918.440343074500561, 2593060.819983929395676 ], [ 2514918.440343074500561, 2593107.188032877165824 ], [ 2514872.072239352855831, 2593107.188032877165824 ], [ 2514872.072239352855831, 2593153.557047986891121 ], [ 2514825.704135631211102, 2593153.557047986891121 ], [ 2514779.336031909566373, 2593153.557047986891121 ], [ 2514732.966962045058608, 2593153.557047986891121 ], [ 2514686.598858323413879, 2593153.557047986891121 ], [ 2514640.230754601769149, 2593153.557047986891121 ], [ 2514640.230754601769149, 2593199.926063096616417 ], [ 2514593.86265088012442, 2593199.926063096616417 ], [ 2514547.494547158479691, 2593199.926063096616417 ], [ 2514501.125477293971926, 2593199.926063096616417 ], [ 2514454.757373572327197, 2593199.926063096616417 ], [ 2514408.389269850682467, 2593199.926063096616417 ], [ 2514362.021166129037738, 2593199.926063096616417 ], [ 2514362.021166129037738, 2593153.557047986891121 ], [ 2514315.653062407393008, 2593153.557047986891121 ], [ 2514269.283992542419583, 2593153.557047986891121 ], [ 2514269.283992542419583, 2593199.926063096616417 ], [ 2514269.283992542419583, 2593246.294112044852227 ], [ 2514269.283992542419583, 2593292.663127154577523 ], [ 2514315.653062407393008, 2593292.663127154577523 ], [ 2514315.653062407393008, 2593339.03214226430282 ], [ 2514315.653062407393008, 2593385.401157374493778 ], [ 2514269.283992542419583, 2593385.401157374493778 ], [ 2514269.283992542419583, 2593431.769206322263926 ], [ 2514222.915888820774853, 2593431.769206322263926 ], [ 2514176.547785099595785, 2593431.769206322263926 ], [ 2514130.179681377951056, 2593431.769206322263926 ], [ 2514130.179681377951056, 2593478.138221431989223 ], [ 2514083.811577656306326, 2593478.138221431989223 ], [ 2514037.443473934661597, 2593478.138221431989223 ], [ 2513991.074404069688171, 2593478.138221431989223 ], [ 2513991.074404069688171, 2593431.769206322263926 ], [ 2513944.706300348043442, 2593431.769206322263926 ], [ 2513898.338196626398712, 2593385.401157374493778 ], [ 2513898.338196626398712, 2593339.03214226430282 ], [ 2513851.970092904753983, 2593339.03214226430282 ], [ 2513851.970092904753983, 2593292.663127154577523 ], [ 2513851.970092904753983, 2593246.294112044852227 ], [ 2513805.601989183109254, 2593246.294112044852227 ], [ 2513805.601989183109254, 2593199.926063096616417 ], [ 2513759.232919318601489, 2593199.926063096616417 ], [ 2513712.86481559695676, 2593199.926063096616417 ], [ 2513666.49671187531203, 2593199.926063096616417 ], [ 2513620.128608153667301, 2593199.926063096616417 ], [ 2513620.128608153667301, 2593153.557047986891121 ], [ 2513573.760504432022572, 2593153.557047986891121 ], [ 2513573.760504432022572, 2593107.188032877165824 ], [ 2513527.391434567514807, 2593107.188032877165824 ], [ 2513481.023330845870078, 2593107.188032877165824 ], [ 2513434.655227124225348, 2593107.188032877165824 ], [ 2513388.287123402580619, 2593107.188032877165824 ], [ 2513341.919019680935889, 2593107.188032877165824 ], [ 2513295.55091595929116, 2593107.188032877165824 ], [ 2513295.55091595929116, 2593153.557047986891121 ], [ 2513249.181846094783396, 2593153.557047986891121 ], [ 2513249.181846094783396, 2593107.188032877165824 ], [ 2513202.813742373138666, 2593107.188032877165824 ], [ 2513202.813742373138666, 2593060.819983929395676 ], [ 2513202.813742373138666, 2593014.450968819204718 ], [ 2513249.181846094783396, 2593014.450968819204718 ], [ 2513249.181846094783396, 2592968.081953709479421 ], [ 2513249.181846094783396, 2592921.712938599754125 ], [ 2513249.181846094783396, 2592875.344889651518315 ], [ 2513202.813742373138666, 2592875.344889651518315 ], [ 2513156.445638651493937, 2592875.344889651518315 ], [ 2513110.077534929849207, 2592921.712938599754125 ], [ 2513110.077534929849207, 2592968.081953709479421 ], [ 2513063.709431208204478, 2593014.450968819204718 ], [ 2513063.709431208204478, 2593107.188032877165824 ], [ 2513110.077534929849207, 2593153.557047986891121 ], [ 2513202.813742373138666, 2593246.294112044852227 ], [ 2513202.813742373138666, 2593339.03214226430282 ], [ 2513202.813742373138666, 2593385.401157374493778 ], [ 2513110.077534929849207, 2593478.138221431989223 ], [ 2513063.709431208204478, 2593524.507236541714519 ], [ 2513017.340361343696713, 2593570.876251651905477 ], [ 2512970.972257622051984, 2593663.613315709400922 ], [ 2512970.972257622051984, 2593709.98233081959188 ], [ 2512924.604153900407255, 2593709.98233081959188 ], [ 2512878.236050178762525, 2593709.98233081959188 ], [ 2512785.49887659214437, 2593570.876251651905477 ], [ 2512785.49887659214437, 2593431.769206322263926 ], [ 2512739.130772870965302, 2593339.03214226430282 ], [ 2512646.394565427675843, 2593292.663127154577523 ], [ 2512507.289288119412959, 2593339.03214226430282 ], [ 2512460.921184397768229, 2593478.138221431989223 ], [ 2512507.289288119412959, 2593802.719394877087325 ], [ 2512460.921184397768229, 2593849.088409986812621 ], [ 2512321.816873233299702, 2593849.088409986812621 ], [ 2512275.447803368326277, 2593756.350379767362028 ], [ 2512229.079699646681547, 2593756.350379767362028 ], [ 2512275.447803368326277, 2593524.507236541714519 ], [ 2512229.079699646681547, 2593478.138221431989223 ], [ 2512182.711595925036818, 2593478.138221431989223 ], [ 2512136.343492203392088, 2593524.507236541714519 ], [ 2512136.343492203392088, 2593617.244300599675626 ], [ 2512136.343492203392088, 2593709.98233081959188 ], [ 2512089.975388481747359, 2593709.98233081959188 ], [ 2511997.238214895594865, 2593709.98233081959188 ], [ 2511950.870111173950136, 2593663.613315709400922 ], [ 2511904.502007452305406, 2593570.876251651905477 ], [ 2511904.502007452305406, 2593524.507236541714519 ], [ 2511904.502007452305406, 2593431.769206322263926 ], [ 2512089.975388481747359, 2593153.557047986891121 ], [ 2512089.975388481747359, 2593060.819983929395676 ], [ 2512043.60728476010263, 2592968.081953709479421 ], [ 2511950.870111173950136, 2593014.450968819204718 ], [ 2511858.133903730660677, 2593107.188032877165824 ], [ 2511811.765800009015948, 2593107.188032877165824 ], [ 2511719.028626422863454, 2593060.819983929395676 ], [ 2511719.028626422863454, 2592968.081953709479421 ], [ 2511765.396730144508183, 2592875.344889651518315 ], [ 2511858.133903730660677, 2592782.606859432067722 ], [ 2511904.502007452305406, 2592782.606859432067722 ], [ 2511950.870111173950136, 2592782.606859432067722 ], [ 2512043.60728476010263, 2592782.606859432067722 ], [ 2512136.343492203392088, 2592782.606859432067722 ], [ 2512182.711595925036818, 2592782.606859432067722 ], [ 2512368.18497695447877, 2592597.131765154656023 ], [ 2512507.289288119412959, 2592458.02568598696962 ], [ 2512460.921184397768229, 2592458.02568598696962 ], [ 2512460.921184397768229, 2592411.656670876778662 ], [ 2512414.5530806761235, 2592411.656670876778662 ], [ 2512368.18497695447877, 2592411.656670876778662 ], [ 2512321.816873233299702, 2592411.656670876778662 ], [ 2512275.447803368326277, 2592411.656670876778662 ], [ 2512229.079699646681547, 2592411.656670876778662 ], [ 2512182.711595925036818, 2592411.656670876778662 ], [ 2512182.711595925036818, 2592365.288621929008514 ], [ 2512182.711595925036818, 2592318.919606819283217 ], [ 2512182.711595925036818, 2592272.550591709557921 ], [ 2512136.343492203392088, 2592272.550591709557921 ], [ 2512136.343492203392088, 2592226.181576599366963 ], [ 2512182.711595925036818, 2592226.181576599366963 ], [ 2512182.711595925036818, 2592179.813527651596814 ], [ 2512182.711595925036818, 2592133.444512541871518 ], [ 2512229.079699646681547, 2592133.444512541871518 ], [ 2512275.447803368326277, 2592133.444512541871518 ], [ 2512275.447803368326277, 2592087.07549743168056 ], [ 2512321.816873233299702, 2592087.07549743168056 ], [ 2512368.18497695447877, 2592087.07549743168056 ], [ 2512414.5530806761235, 2592087.07549743168056 ], [ 2512414.5530806761235, 2592040.706482321955264 ], [ 2512460.921184397768229, 2592040.706482321955264 ], [ 2512460.921184397768229, 2591994.338433374185115 ], [ 2512460.921184397768229, 2591947.969418264459819 ], [ 2512460.921184397768229, 2591901.600403154268861 ], [ 2512414.5530806761235, 2591901.600403154268861 ], [ 2512368.18497695447877, 2591855.231388044543564 ], [ 2512321.816873233299702, 2591855.231388044543564 ], [ 2512275.447803368326277, 2591855.231388044543564 ], [ 2512229.079699646681547, 2591855.231388044543564 ], [ 2512229.079699646681547, 2591808.863339096773416 ], [ 2512182.711595925036818, 2591808.863339096773416 ], [ 2512182.711595925036818, 2591762.494323986582458 ], [ 2512182.711595925036818, 2591716.125308876857162 ], [ 2512229.079699646681547, 2591669.757259929087013 ], [ 2512275.447803368326277, 2591669.757259929087013 ], [ 2512275.447803368326277, 2591623.388244819361717 ], [ 2512321.816873233299702, 2591623.388244819361717 ], [ 2512321.816873233299702, 2591577.019229709170759 ], [ 2512321.816873233299702, 2591530.650214599445462 ], [ 2512275.447803368326277, 2591530.650214599445462 ], [ 2512275.447803368326277, 2591484.282165651675314 ], [ 2512229.079699646681547, 2591484.282165651675314 ], [ 2512229.079699646681547, 2591530.650214599445462 ], [ 2512182.711595925036818, 2591530.650214599445462 ], [ 2512136.343492203392088, 2591530.650214599445462 ], [ 2512136.343492203392088, 2591577.019229709170759 ], [ 2512089.975388481747359, 2591577.019229709170759 ], [ 2512089.975388481747359, 2591623.388244819361717 ], [ 2512089.975388481747359, 2591669.757259929087013 ], [ 2512043.60728476010263, 2591669.757259929087013 ], [ 2511997.238214895594865, 2591669.757259929087013 ], [ 2511950.870111173950136, 2591669.757259929087013 ], [ 2511950.870111173950136, 2591716.125308876857162 ], [ 2511904.502007452305406, 2591716.125308876857162 ], [ 2511904.502007452305406, 2591762.494323986582458 ], [ 2511904.502007452305406, 2591808.863339096773416 ], [ 2511904.502007452305406, 2591855.231388044543564 ], [ 2511904.502007452305406, 2591901.600403154268861 ], [ 2511950.870111173950136, 2591901.600403154268861 ], [ 2511950.870111173950136, 2591947.969418264459819 ], [ 2511950.870111173950136, 2591994.338433374185115 ], [ 2511950.870111173950136, 2592040.706482321955264 ], [ 2511904.502007452305406, 2592040.706482321955264 ], [ 2511858.133903730660677, 2592040.706482321955264 ], [ 2511765.396730144508183, 2592040.706482321955264 ], [ 2511719.028626422863454, 2592040.706482321955264 ], [ 2511672.660522701218724, 2591994.338433374185115 ], [ 2511672.660522701218724, 2591947.969418264459819 ], [ 2511672.660522701218724, 2591901.600403154268861 ], [ 2511672.660522701218724, 2591855.231388044543564 ], [ 2511719.028626422863454, 2591808.863339096773416 ], [ 2511719.028626422863454, 2591762.494323986582458 ], [ 2511765.396730144508183, 2591762.494323986582458 ], [ 2511765.396730144508183, 2591716.125308876857162 ], [ 2511811.765800009015948, 2591716.125308876857162 ], [ 2511811.765800009015948, 2591669.757259929087013 ], [ 2511858.133903730660677, 2591669.757259929087013 ], [ 2511858.133903730660677, 2591623.388244819361717 ], [ 2511904.502007452305406, 2591623.388244819361717 ], [ 2511904.502007452305406, 2591577.019229709170759 ], [ 2511904.502007452305406, 2591530.650214599445462 ], [ 2511858.133903730660677, 2591530.650214599445462 ], [ 2511858.133903730660677, 2591484.282165651675314 ], [ 2511811.765800009015948, 2591484.282165651675314 ], [ 2511765.396730144508183, 2591484.282165651675314 ], [ 2511719.028626422863454, 2591484.282165651675314 ], [ 2511719.028626422863454, 2591530.650214599445462 ], [ 2511672.660522701218724, 2591530.650214599445462 ], [ 2511626.292418979573995, 2591530.650214599445462 ], [ 2511579.924315257929265, 2591530.650214599445462 ], [ 2511533.555245393421501, 2591484.282165651675314 ], [ 2511533.555245393421501, 2591437.913150541484356 ], [ 2511487.187141671776772, 2591437.913150541484356 ], [ 2511487.187141671776772, 2591391.544135431759059 ], [ 2511487.187141671776772, 2591345.175120322033763 ], [ 2511487.187141671776772, 2591298.807071374263614 ], [ 2511533.555245393421501, 2591252.438056264072657 ], [ 2511579.924315257929265, 2591252.438056264072657 ], [ 2511626.292418979573995, 2591252.438056264072657 ], [ 2511672.660522701218724, 2591252.438056264072657 ], [ 2511719.028626422863454, 2591252.438056264072657 ], [ 2511765.396730144508183, 2591252.438056264072657 ], [ 2511811.765800009015948, 2591252.438056264072657 ], [ 2511858.133903730660677, 2591252.438056264072657 ], [ 2511904.502007452305406, 2591252.438056264072657 ], [ 2511904.502007452305406, 2591206.06904115434736 ], [ 2511950.870111173950136, 2591206.06904115434736 ], [ 2511950.870111173950136, 2591159.700992206577212 ], [ 2511950.870111173950136, 2591113.331977096386254 ], [ 2511950.870111173950136, 2591066.962961986660957 ], [ 2511950.870111173950136, 2591020.593946876935661 ], [ 2511950.870111173950136, 2590974.225897929165512 ], [ 2511904.502007452305406, 2590974.225897929165512 ], [ 2511904.502007452305406, 2590927.856882818974555 ], [ 2511858.133903730660677, 2590927.856882818974555 ], [ 2511811.765800009015948, 2590881.487867709249258 ], [ 2511765.396730144508183, 2590881.487867709249258 ], [ 2511719.028626422863454, 2590881.487867709249258 ], [ 2511672.660522701218724, 2590881.487867709249258 ], [ 2511672.660522701218724, 2590835.118852599523962 ], [ 2511672.660522701218724, 2590788.750803651288152 ], [ 2511626.292418979573995, 2590788.750803651288152 ], [ 2511626.292418979573995, 2590742.381788541562855 ], [ 2511626.292418979573995, 2590696.012773431837559 ], [ 2511626.292418979573995, 2590649.643758321646601 ], [ 2511579.924315257929265, 2590649.643758321646601 ], [ 2511533.555245393421501, 2590649.643758321646601 ], [ 2511487.187141671776772, 2590649.643758321646601 ], [ 2511440.819037950132042, 2590649.643758321646601 ], [ 2511440.819037950132042, 2590696.012773431837559 ], [ 2511394.450934228487313, 2590696.012773431837559 ], [ 2511394.450934228487313, 2590742.381788541562855 ], [ 2511394.450934228487313, 2590788.750803651288152 ], [ 2511394.450934228487313, 2590835.118852599523962 ], [ 2511394.450934228487313, 2590881.487867709249258 ], [ 2511394.450934228487313, 2590927.856882818974555 ], [ 2511348.082830506842583, 2590927.856882818974555 ], [ 2511348.082830506842583, 2590974.225897929165512 ], [ 2511348.082830506842583, 2591020.593946876935661 ], [ 2511301.714726785197854, 2591020.593946876935661 ], [ 2511301.714726785197854, 2591066.962961986660957 ], [ 2511301.714726785197854, 2591113.331977096386254 ], [ 2511255.345656920690089, 2591113.331977096386254 ], [ 2511255.345656920690089, 2591159.700992206577212 ], [ 2511255.345656920690089, 2591206.06904115434736 ], [ 2511255.345656920690089, 2591252.438056264072657 ], [ 2511255.345656920690089, 2591298.807071374263614 ], [ 2511208.97755319904536, 2591298.807071374263614 ], [ 2511255.345656920690089, 2591298.807071374263614 ], [ 2511208.97755319904536, 2591298.807071374263614 ], [ 2511208.97755319904536, 2591345.175120322033763 ], [ 2511162.609449477400631, 2591345.175120322033763 ], [ 2511116.241345755755901, 2591298.807071374263614 ], [ 2511116.241345755755901, 2591252.438056264072657 ], [ 2511116.241345755755901, 2591206.06904115434736 ], [ 2511069.873242034111172, 2591159.700992206577212 ], [ 2511069.873242034111172, 2591113.331977096386254 ], [ 2511069.873242034111172, 2591066.962961986660957 ], [ 2511069.873242034111172, 2591020.593946876935661 ], [ 2511023.504172169137746, 2591020.593946876935661 ], [ 2510977.136068447493017, 2591020.593946876935661 ], [ 2510930.767964725848287, 2591020.593946876935661 ], [ 2510884.399861004669219, 2591020.593946876935661 ], [ 2510838.03175728302449, 2591020.593946876935661 ], [ 2510838.03175728302449, 2591066.962961986660957 ], [ 2510791.662687418051064, 2591066.962961986660957 ], [ 2510791.662687418051064, 2591113.331977096386254 ], [ 2510745.294583696406335, 2591113.331977096386254 ], [ 2510745.294583696406335, 2591159.700992206577212 ], [ 2510745.294583696406335, 2591206.06904115434736 ], [ 2510698.926479974761605, 2591206.06904115434736 ], [ 2510698.926479974761605, 2591252.438056264072657 ], [ 2510698.926479974761605, 2591298.807071374263614 ], [ 2510652.558376253116876, 2591298.807071374263614 ], [ 2510652.558376253116876, 2591345.175120322033763 ], [ 2510606.190272531472147, 2591391.544135431759059 ], [ 2510559.822168809827417, 2591391.544135431759059 ], [ 2510513.453098945319653, 2591391.544135431759059 ], [ 2510467.084995223674923, 2591391.544135431759059 ], [ 2510420.716891502030194, 2591391.544135431759059 ], [ 2510374.348787780385464, 2591345.175120322033763 ], [ 2510327.980684058740735, 2591345.175120322033763 ], [ 2510327.980684058740735, 2591391.544135431759059 ], [ 2510281.61161419423297, 2591391.544135431759059 ], [ 2510235.243510472588241, 2591437.913150541484356 ], [ 2510235.243510472588241, 2591484.282165651675314 ], [ 2510235.243510472588241, 2591530.650214599445462 ], [ 2510235.243510472588241, 2591577.019229709170759 ], [ 2510235.243510472588241, 2591623.388244819361717 ], [ 2510188.875406750943512, 2591669.757259929087013 ], [ 2510188.875406750943512, 2591716.125308876857162 ], [ 2510142.507303029298782, 2591716.125308876857162 ], [ 2510142.507303029298782, 2591762.494323986582458 ], [ 2510142.507303029298782, 2591808.863339096773416 ], [ 2510142.507303029298782, 2591855.231388044543564 ], [ 2510188.875406750943512, 2591855.231388044543564 ], [ 2510188.875406750943512, 2591901.600403154268861 ], [ 2510235.243510472588241, 2591901.600403154268861 ], [ 2510235.243510472588241, 2591947.969418264459819 ], [ 2510281.61161419423297, 2591947.969418264459819 ], [ 2510281.61161419423297, 2591994.338433374185115 ], [ 2510281.61161419423297, 2592040.706482321955264 ], [ 2510281.61161419423297, 2592087.07549743168056 ], [ 2510235.243510472588241, 2592087.07549743168056 ], [ 2510235.243510472588241, 2592133.444512541871518 ], [ 2510235.243510472588241, 2592179.813527651596814 ], [ 2510188.875406750943512, 2592179.813527651596814 ], [ 2510188.875406750943512, 2592226.181576599366963 ], [ 2510188.875406750943512, 2592272.550591709557921 ], [ 2510188.875406750943512, 2592318.919606819283217 ], [ 2510142.507303029298782, 2592318.919606819283217 ], [ 2510142.507303029298782, 2592365.288621929008514 ], [ 2510142.507303029298782, 2592411.656670876778662 ], [ 2510096.139199307654053, 2592411.656670876778662 ], [ 2510049.770129443146288, 2592458.02568598696962 ], [ 2510003.402025721501559, 2592458.02568598696962 ], [ 2509957.03392199985683, 2592458.02568598696962 ], [ 2509910.6658182782121, 2592458.02568598696962 ], [ 2509864.297714556567371, 2592458.02568598696962 ], [ 2509725.192437248770148, 2592411.656670876778662 ], [ 2509725.192437248770148, 2592365.288621929008514 ], [ 2509678.824333527125418, 2592365.288621929008514 ], [ 2509678.824333527125418, 2592318.919606819283217 ], [ 2509632.456229805480689, 2592318.919606819283217 ], [ 2509632.456229805480689, 2592272.550591709557921 ], [ 2509632.456229805480689, 2592226.181576599366963 ], [ 2509586.088126083835959, 2592226.181576599366963 ], [ 2509586.088126083835959, 2592179.813527651596814 ], [ 2509539.719056218862534, 2592179.813527651596814 ], [ 2509493.350952497683465, 2592179.813527651596814 ], [ 2509493.350952497683465, 2592226.181576599366963 ], [ 2509446.982848776038736, 2592226.181576599366963 ], [ 2509446.982848776038736, 2592272.550591709557921 ], [ 2509446.982848776038736, 2592318.919606819283217 ], [ 2509400.614745054394007, 2592318.919606819283217 ], [ 2509400.614745054394007, 2592365.288621929008514 ], [ 2509354.246641332749277, 2592365.288621929008514 ], [ 2509307.877571467775851, 2592365.288621929008514 ], [ 2509261.509467746131122, 2592365.288621929008514 ], [ 2509215.141364024486393, 2592365.288621929008514 ], [ 2509168.773260302841663, 2592365.288621929008514 ], [ 2509122.405156581196934, 2592365.288621929008514 ], [ 2509122.405156581196934, 2592411.656670876778662 ], [ 2509076.037052860017866, 2592411.656670876778662 ], [ 2509076.037052860017866, 2592458.02568598696962 ], [ 2509076.037052860017866, 2592504.394701096694916 ], [ 2509122.405156581196934, 2592504.394701096694916 ], [ 2509076.037052860017866, 2592504.394701096694916 ], [ 2509122.405156581196934, 2592504.394701096694916 ], [ 2509122.405156581196934, 2592550.762750044465065 ], [ 2509122.405156581196934, 2592597.131765154656023 ], [ 2509168.773260302841663, 2592597.131765154656023 ], [ 2509168.773260302841663, 2592643.500780264381319 ], [ 2509122.405156581196934, 2592643.500780264381319 ], [ 2509122.405156581196934, 2592689.869795374106616 ], [ 2509122.405156581196934, 2592736.237844321876764 ], [ 2509076.037052860017866, 2592736.237844321876764 ], [ 2509076.037052860017866, 2592782.606859432067722 ], [ 2509029.66798299504444, 2592782.606859432067722 ], [ 2508983.299879273399711, 2592782.606859432067722 ], [ 2508936.931775551754981, 2592782.606859432067722 ], [ 2508890.563671830110252, 2592782.606859432067722 ], [ 2508890.563671830110252, 2592736.237844321876764 ], [ 2508844.195568108465523, 2592736.237844321876764 ], [ 2508797.826498243957758, 2592736.237844321876764 ], [ 2508797.826498243957758, 2592689.869795374106616 ], [ 2508751.458394522313029, 2592689.869795374106616 ], [ 2508705.090290800668299, 2592689.869795374106616 ], [ 2508705.090290800668299, 2592643.500780264381319 ], [ 2508658.72218707902357, 2592643.500780264381319 ], [ 2508612.35408335737884, 2592643.500780264381319 ], [ 2508565.985013492871076, 2592643.500780264381319 ], [ 2508519.616909771226346, 2592643.500780264381319 ], [ 2508519.616909771226346, 2592689.869795374106616 ], [ 2508473.248806049581617, 2592689.869795374106616 ], [ 2508473.248806049581617, 2592736.237844321876764 ], [ 2508426.880702327936888, 2592782.606859432067722 ], [ 2508426.880702327936888, 2592828.975874541793019 ], [ 2508380.512598606292158, 2592828.975874541793019 ], [ 2508380.512598606292158, 2592875.344889651518315 ], [ 2508380.512598606292158, 2592921.712938599754125 ], [ 2508334.144494884647429, 2592921.712938599754125 ], [ 2508334.144494884647429, 2592968.081953709479421 ], [ 2508334.144494884647429, 2593014.450968819204718 ], [ 2508287.775425020139664, 2593014.450968819204718 ], [ 2508287.775425020139664, 2593060.819983929395676 ], [ 2508241.407321298494935, 2593060.819983929395676 ], [ 2508195.039217576850206, 2593060.819983929395676 ], [ 2508148.671113855205476, 2593060.819983929395676 ], [ 2508148.671113855205476, 2593014.450968819204718 ], [ 2508102.303010133560747, 2593014.450968819204718 ], [ 2508102.303010133560747, 2592968.081953709479421 ], [ 2508055.933940269052982, 2592968.081953709479421 ], [ 2508009.565836547408253, 2593014.450968819204718 ], [ 2508009.565836547408253, 2593060.819983929395676 ], [ 2508009.565836547408253, 2593107.188032877165824 ], [ 2508055.933940269052982, 2593153.557047986891121 ], [ 2508148.671113855205476, 2593199.926063096616417 ], [ 2508241.407321298494935, 2593199.926063096616417 ], [ 2508287.775425020139664, 2593246.294112044852227 ], [ 2508287.775425020139664, 2593292.663127154577523 ], [ 2508287.775425020139664, 2593385.401157374493778 ], [ 2508241.407321298494935, 2593431.769206322263926 ], [ 2508195.039217576850206, 2593431.769206322263926 ], [ 2508102.303010133560747, 2593478.138221431989223 ], [ 2508055.933940269052982, 2593431.769206322263926 ], [ 2507963.197732825763524, 2593385.401157374493778 ], [ 2507916.829629104118794, 2593339.03214226430282 ], [ 2507870.461525382474065, 2593246.294112044852227 ], [ 2507870.461525382474065, 2593199.926063096616417 ], [ 2507824.093421660829335, 2593107.188032877165824 ], [ 2507777.72435179585591, 2593014.450968819204718 ], [ 2507777.72435179585591, 2592968.081953709479421 ], [ 2507731.35624807421118, 2592968.081953709479421 ], [ 2507684.988144352566451, 2592968.081953709479421 ], [ 2507638.620040631387383, 2592968.081953709479421 ], [ 2507592.251936909742653, 2592968.081953709479421 ], [ 2507545.882867044769228, 2592968.081953709479421 ], [ 2507499.514763323124498, 2592968.081953709479421 ], [ 2507453.146659601479769, 2592968.081953709479421 ], [ 2507453.146659601479769, 2592921.712938599754125 ], [ 2507406.778555879835039, 2592875.344889651518315 ], [ 2507406.778555879835039, 2592828.975874541793019 ], [ 2507406.778555879835039, 2592782.606859432067722 ], [ 2507406.778555879835039, 2592736.237844321876764 ], [ 2507406.778555879835039, 2592689.869795374106616 ], [ 2507406.778555879835039, 2592643.500780264381319 ], [ 2507360.41045215819031, 2592643.500780264381319 ], [ 2507360.41045215819031, 2592597.131765154656023 ], [ 2507314.041382293682545, 2592597.131765154656023 ], [ 2507267.673278572037816, 2592597.131765154656023 ], [ 2507221.305174850393087, 2592597.131765154656023 ], [ 2507174.937071128748357, 2592597.131765154656023 ], [ 2507174.937071128748357, 2592643.500780264381319 ], [ 2507128.568967407103628, 2592643.500780264381319 ], [ 2507128.568967407103628, 2592689.869795374106616 ], [ 2507128.568967407103628, 2592736.237844321876764 ], [ 2507128.568967407103628, 2592782.606859432067722 ], [ 2507128.568967407103628, 2592828.975874541793019 ], [ 2507128.568967407103628, 2592875.344889651518315 ], [ 2507082.200863685458899, 2592875.344889651518315 ], [ 2507082.200863685458899, 2592921.712938599754125 ], [ 2507082.200863685458899, 2592968.081953709479421 ], [ 2507035.831793820951134, 2592968.081953709479421 ], [ 2507035.831793820951134, 2593014.450968819204718 ], [ 2506989.463690099306405, 2593014.450968819204718 ], [ 2506943.095586377661675, 2593014.450968819204718 ], [ 2506896.727482656016946, 2593014.450968819204718 ], [ 2506896.727482656016946, 2592968.081953709479421 ], [ 2506896.727482656016946, 2592921.712938599754125 ], [ 2506896.727482656016946, 2592875.344889651518315 ], [ 2506896.727482656016946, 2592828.975874541793019 ], [ 2506943.095586377661675, 2592828.975874541793019 ], [ 2506943.095586377661675, 2592782.606859432067722 ], [ 2506989.463690099306405, 2592782.606859432067722 ], [ 2506989.463690099306405, 2592736.237844321876764 ], [ 2506989.463690099306405, 2592689.869795374106616 ], [ 2506943.095586377661675, 2592689.869795374106616 ], [ 2506896.727482656016946, 2592643.500780264381319 ], [ 2506850.359378934372216, 2592689.869795374106616 ], [ 2506803.990309069864452, 2592689.869795374106616 ], [ 2506757.622205348219723, 2592689.869795374106616 ], [ 2506757.622205348219723, 2592736.237844321876764 ], [ 2506711.254101626574993, 2592736.237844321876764 ], [ 2506664.885997904930264, 2592736.237844321876764 ], [ 2506618.517894183285534, 2592736.237844321876764 ], [ 2506618.517894183285534, 2592689.869795374106616 ], [ 2506572.14882431877777, 2592689.869795374106616 ], [ 2506572.14882431877777, 2592643.500780264381319 ], [ 2506525.78072059713304, 2592643.500780264381319 ], [ 2506525.78072059713304, 2592597.131765154656023 ], [ 2506479.412616875488311, 2592597.131765154656023 ], [ 2506433.044513153843582, 2592597.131765154656023 ], [ 2506386.676409432198852, 2592597.131765154656023 ], [ 2506340.308305710554123, 2592597.131765154656023 ], [ 2506293.939235845580697, 2592597.131765154656023 ], [ 2506293.939235845580697, 2592550.762750044465065 ], [ 2506247.571132123935968, 2592550.762750044465065 ], [ 2506247.571132123935968, 2592504.394701096694916 ], [ 2506247.571132123935968, 2592458.02568598696962 ], [ 2506247.571132123935968, 2592411.656670876778662 ], [ 2506247.571132123935968, 2592365.288621929008514 ], [ 2506201.2030284027569, 2592365.288621929008514 ], [ 2506201.2030284027569, 2592318.919606819283217 ], [ 2506154.83492468111217, 2592272.550591709557921 ], [ 2506108.466820959467441, 2592272.550591709557921 ], [ 2506108.466820959467441, 2592226.181576599366963 ], [ 2506108.466820959467441, 2592179.813527651596814 ], [ 2506062.097751094494015, 2592179.813527651596814 ], [ 2506015.729647372849286, 2592133.444512541871518 ], [ 2505969.361543651204556, 2592133.444512541871518 ], [ 2505922.993439929559827, 2592133.444512541871518 ], [ 2505876.625336207915097, 2592133.444512541871518 ], [ 2505876.625336207915097, 2592179.813527651596814 ], [ 2505876.625336207915097, 2592226.181576599366963 ], [ 2505830.256266343407333, 2592226.181576599366963 ], [ 2505876.625336207915097, 2592226.181576599366963 ], [ 2505830.256266343407333, 2592226.181576599366963 ], [ 2505830.256266343407333, 2592272.550591709557921 ], [ 2505830.256266343407333, 2592318.919606819283217 ], [ 2505830.256266343407333, 2592365.288621929008514 ], [ 2505783.888162621762604, 2592365.288621929008514 ], [ 2505737.520058900117874, 2592411.656670876778662 ], [ 2505691.151955178473145, 2592411.656670876778662 ], [ 2505691.151955178473145, 2592365.288621929008514 ], [ 2505644.783851456828415, 2592365.288621929008514 ], [ 2505644.783851456828415, 2592318.919606819283217 ], [ 2505644.783851456828415, 2592272.550591709557921 ], [ 2505644.783851456828415, 2592226.181576599366963 ], [ 2505691.151955178473145, 2592179.813527651596814 ], [ 2505691.151955178473145, 2592133.444512541871518 ], [ 2505737.520058900117874, 2592087.07549743168056 ], [ 2505737.520058900117874, 2592040.706482321955264 ], [ 2505737.520058900117874, 2591994.338433374185115 ], [ 2505691.151955178473145, 2591994.338433374185115 ], [ 2505691.151955178473145, 2591947.969418264459819 ], [ 2505644.783851456828415, 2591947.969418264459819 ], [ 2505598.415747735183686, 2591947.969418264459819 ], [ 2505552.046677870675921, 2591947.969418264459819 ], [ 2505552.046677870675921, 2591994.338433374185115 ], [ 2505505.678574149031192, 2591994.338433374185115 ], [ 2505505.678574149031192, 2592040.706482321955264 ], [ 2505459.310470427386463, 2592040.706482321955264 ], [ 2505459.310470427386463, 2592087.07549743168056 ], [ 2505459.310470427386463, 2592133.444512541871518 ], [ 2505459.310470427386463, 2592179.813527651596814 ], [ 2505459.310470427386463, 2592226.181576599366963 ], [ 2505459.310470427386463, 2592272.550591709557921 ], [ 2505459.310470427386463, 2592318.919606819283217 ], [ 2505412.942366705741733, 2592365.288621929008514 ], [ 2505412.942366705741733, 2592411.656670876778662 ], [ 2505412.942366705741733, 2592458.02568598696962 ], [ 2505459.310470427386463, 2592458.02568598696962 ], [ 2505459.310470427386463, 2592504.394701096694916 ], [ 2505459.310470427386463, 2592550.762750044465065 ], [ 2505505.678574149031192, 2592550.762750044465065 ], [ 2505505.678574149031192, 2592597.131765154656023 ], [ 2505552.046677870675921, 2592597.131765154656023 ], [ 2505552.046677870675921, 2592643.500780264381319 ], [ 2505552.046677870675921, 2592689.869795374106616 ], [ 2505505.678574149031192, 2592689.869795374106616 ], [ 2505505.678574149031192, 2592736.237844321876764 ], [ 2505459.310470427386463, 2592736.237844321876764 ], [ 2505412.942366705741733, 2592782.606859432067722 ], [ 2505366.574262984097004, 2592782.606859432067722 ], [ 2505320.205193119589239, 2592782.606859432067722 ], [ 2505320.205193119589239, 2592736.237844321876764 ], [ 2505273.83708939794451, 2592736.237844321876764 ], [ 2505227.468985676299781, 2592736.237844321876764 ], [ 2505227.468985676299781, 2592689.869795374106616 ], [ 2505181.100881954655051, 2592736.237844321876764 ], [ 2505134.732778233010322, 2592736.237844321876764 ], [ 2505134.732778233010322, 2592782.606859432067722 ], [ 2505134.732778233010322, 2592828.975874541793019 ], [ 2505134.732778233010322, 2592875.344889651518315 ], [ 2505134.732778233010322, 2592921.712938599754125 ], [ 2505181.100881954655051, 2592921.712938599754125 ], [ 2505134.732778233010322, 2592921.712938599754125 ], [ 2505134.732778233010322, 2592968.081953709479421 ], [ 2505088.363708368502557, 2592968.081953709479421 ], [ 2505041.995604646857828, 2592968.081953709479421 ], [ 2505041.995604646857828, 2592921.712938599754125 ], [ 2504995.627500925213099, 2592921.712938599754125 ], [ 2504995.627500925213099, 2592875.344889651518315 ], [ 2504995.627500925213099, 2592828.975874541793019 ], [ 2504995.627500925213099, 2592782.606859432067722 ], [ 2504995.627500925213099, 2592736.237844321876764 ], [ 2504949.259397203568369, 2592736.237844321876764 ], [ 2504902.89129348192364, 2592689.869795374106616 ], [ 2504902.89129348192364, 2592736.237844321876764 ], [ 2504856.52318976027891, 2592736.237844321876764 ], [ 2504810.154119895771146, 2592782.606859432067722 ], [ 2504810.154119895771146, 2592828.975874541793019 ], [ 2504763.786016174126416, 2592828.975874541793019 ], [ 2504763.786016174126416, 2592875.344889651518315 ], [ 2504763.786016174126416, 2592921.712938599754125 ], [ 2504717.417912452481687, 2592921.712938599754125 ], [ 2504671.049808730836958, 2592921.712938599754125 ], [ 2504624.681705009192228, 2592968.081953709479421 ], [ 2504578.312635144218802, 2592968.081953709479421 ], [ 2504531.944531422574073, 2592968.081953709479421 ], [ 2504485.576427700929344, 2592968.081953709479421 ], [ 2504439.208323979284614, 2592968.081953709479421 ], [ 2504392.840220258105546, 2592968.081953709479421 ], [ 2504346.47115039313212, 2592968.081953709479421 ], [ 2504300.103046671487391, 2592968.081953709479421 ], [ 2504253.734942949842662, 2593014.450968819204718 ], [ 2504207.366839228197932, 2593014.450968819204718 ], [ 2504160.998735506553203, 2593014.450968819204718 ], [ 2504160.998735506553203, 2593060.819983929395676 ], [ 2504114.630631784908473, 2593060.819983929395676 ], [ 2504114.630631784908473, 2593107.188032877165824 ], [ 2504068.261561920400709, 2593107.188032877165824 ], [ 2504068.261561920400709, 2593153.557047986891121 ], [ 2504068.261561920400709, 2593199.926063096616417 ], [ 2504068.261561920400709, 2593246.294112044852227 ], [ 2504068.261561920400709, 2593292.663127154577523 ], [ 2504114.630631784908473, 2593292.663127154577523 ], [ 2504114.630631784908473, 2593339.03214226430282 ], [ 2504160.998735506553203, 2593339.03214226430282 ], [ 2504160.998735506553203, 2593385.401157374493778 ], [ 2504207.366839228197932, 2593385.401157374493778 ], [ 2504207.366839228197932, 2593431.769206322263926 ], [ 2504207.366839228197932, 2593478.138221431989223 ], [ 2504207.366839228197932, 2593524.507236541714519 ], [ 2504207.366839228197932, 2593570.876251651905477 ], [ 2504207.366839228197932, 2593617.244300599675626 ], [ 2504160.998735506553203, 2593617.244300599675626 ], [ 2504114.630631784908473, 2593617.244300599675626 ], [ 2504068.261561920400709, 2593617.244300599675626 ], [ 2504021.89345819875598, 2593617.244300599675626 ], [ 2504021.89345819875598, 2593570.876251651905477 ], [ 2503975.52535447711125, 2593570.876251651905477 ], [ 2503975.52535447711125, 2593524.507236541714519 ], [ 2503929.157250755466521, 2593524.507236541714519 ], [ 2503929.157250755466521, 2593478.138221431989223 ], [ 2503882.789147033821791, 2593478.138221431989223 ], [ 2503836.420077169314027, 2593478.138221431989223 ], [ 2503836.420077169314027, 2593524.507236541714519 ], [ 2503836.420077169314027, 2593570.876251651905477 ], [ 2503836.420077169314027, 2593617.244300599675626 ], [ 2503836.420077169314027, 2593663.613315709400922 ], [ 2503836.420077169314027, 2593709.98233081959188 ], [ 2503836.420077169314027, 2593756.350379767362028 ], [ 2503790.051973447669297, 2593756.350379767362028 ], [ 2503743.683869726024568, 2593756.350379767362028 ], [ 2503697.315766004379839, 2593756.350379767362028 ], [ 2503697.315766004379839, 2593709.98233081959188 ], [ 2503697.315766004379839, 2593663.613315709400922 ], [ 2503650.947662282735109, 2593617.244300599675626 ], [ 2503697.315766004379839, 2593478.138221431989223 ], [ 2503697.315766004379839, 2593385.401157374493778 ], [ 2503650.947662282735109, 2593339.03214226430282 ], [ 2503558.210488696582615, 2593339.03214226430282 ], [ 2503465.474281253293157, 2593385.401157374493778 ], [ 2503465.474281253293157, 2593431.769206322263926 ], [ 2503465.474281253293157, 2593524.507236541714519 ], [ 2503511.842384974937886, 2593663.613315709400922 ], [ 2503604.57955856109038, 2593756.350379767362028 ], [ 2503604.57955856109038, 2593802.719394877087325 ], [ 2503604.57955856109038, 2593849.088409986812621 ], [ 2503558.210488696582615, 2593849.088409986812621 ], [ 2503511.842384974937886, 2593849.088409986812621 ], [ 2503465.474281253293157, 2593849.088409986812621 ], [ 2503419.106177531648427, 2593802.719394877087325 ], [ 2503372.738073810003698, 2593802.719394877087325 ], [ 2503372.738073810003698, 2593756.350379767362028 ], [ 2503326.369003945495933, 2593756.350379767362028 ], [ 2503326.369003945495933, 2593709.98233081959188 ], [ 2503280.000900223851204, 2593709.98233081959188 ], [ 2503280.000900223851204, 2593663.613315709400922 ], [ 2503233.632796502206475, 2593663.613315709400922 ], [ 2503233.632796502206475, 2593709.98233081959188 ], [ 2503187.264692780561745, 2593709.98233081959188 ], [ 2503187.264692780561745, 2593756.350379767362028 ], [ 2503187.264692780561745, 2593802.719394877087325 ], [ 2503187.264692780561745, 2593849.088409986812621 ], [ 2503233.632796502206475, 2593849.088409986812621 ], [ 2503233.632796502206475, 2593895.457425097003579 ], [ 2503233.632796502206475, 2593941.825474044773728 ], [ 2503280.000900223851204, 2593941.825474044773728 ], [ 2503326.369003945495933, 2593941.825474044773728 ], [ 2503372.738073810003698, 2593941.825474044773728 ], [ 2503372.738073810003698, 2593988.194489154499024 ], [ 2503372.738073810003698, 2594034.563504264689982 ], [ 2503372.738073810003698, 2594080.932519374415278 ], [ 2503326.369003945495933, 2594080.932519374415278 ], [ 2503280.000900223851204, 2594080.932519374415278 ], [ 2503280.000900223851204, 2594127.300568322185427 ], [ 2503233.632796502206475, 2594127.300568322185427 ], [ 2503233.632796502206475, 2594080.932519374415278 ], [ 2503187.264692780561745, 2594080.932519374415278 ], [ 2503140.896589058917016, 2594080.932519374415278 ], [ 2503094.52751919394359, 2594080.932519374415278 ], [ 2503094.52751919394359, 2594034.563504264689982 ], [ 2503048.159415472298861, 2594034.563504264689982 ], [ 2503001.791311750654131, 2594034.563504264689982 ], [ 2502955.423208029475063, 2594034.563504264689982 ], [ 2502909.055104307830334, 2594034.563504264689982 ], [ 2502909.055104307830334, 2593988.194489154499024 ], [ 2502909.055104307830334, 2593941.825474044773728 ], [ 2502955.423208029475063, 2593941.825474044773728 ], [ 2502955.423208029475063, 2593895.457425097003579 ], [ 2503001.791311750654131, 2593895.457425097003579 ], [ 2503001.791311750654131, 2593849.088409986812621 ], [ 2503001.791311750654131, 2593802.719394877087325 ], [ 2502955.423208029475063, 2593756.350379767362028 ], [ 2502909.055104307830334, 2593709.98233081959188 ], [ 2502862.687000586185604, 2593709.98233081959188 ], [ 2502816.317930721212178, 2593709.98233081959188 ], [ 2502769.949826999567449, 2593709.98233081959188 ], [ 2502769.949826999567449, 2593663.613315709400922 ], [ 2502723.58172327792272, 2593709.98233081959188 ], [ 2502677.21361955627799, 2593709.98233081959188 ], [ 2502677.21361955627799, 2593756.350379767362028 ], [ 2502677.21361955627799, 2593802.719394877087325 ], [ 2502677.21361955627799, 2593849.088409986812621 ], [ 2502677.21361955627799, 2593895.457425097003579 ], [ 2502723.58172327792272, 2593941.825474044773728 ], [ 2502769.949826999567449, 2593941.825474044773728 ], [ 2502769.949826999567449, 2593988.194489154499024 ], [ 2502816.317930721212178, 2593988.194489154499024 ], [ 2502816.317930721212178, 2594034.563504264689982 ], [ 2502816.317930721212178, 2594080.932519374415278 ], [ 2502816.317930721212178, 2594127.300568322185427 ], [ 2502769.949826999567449, 2594127.300568322185427 ], [ 2502769.949826999567449, 2594173.669583431910723 ], [ 2502769.949826999567449, 2594220.038598542101681 ], [ 2502769.949826999567449, 2594266.407613651826978 ], [ 2502769.949826999567449, 2594312.775662599597126 ], [ 2502723.58172327792272, 2594312.775662599597126 ], [ 2502723.58172327792272, 2594359.144677709788084 ], [ 2502723.58172327792272, 2594405.513692819513381 ], [ 2502723.58172327792272, 2594451.881741767283529 ], [ 2502677.21361955627799, 2594451.881741767283529 ], [ 2502677.21361955627799, 2594498.250756877008826 ], [ 2502630.845515834633261, 2594498.250756877008826 ], [ 2502630.845515834633261, 2594544.619771987199783 ], [ 2502584.476445970125496, 2594544.619771987199783 ], [ 2502538.108342248480767, 2594544.619771987199783 ], [ 2502538.108342248480767, 2594498.250756877008826 ], [ 2502491.740238526836038, 2594498.250756877008826 ], [ 2502491.740238526836038, 2594451.881741767283529 ], [ 2502445.372134805191308, 2594451.881741767283529 ], [ 2502445.372134805191308, 2594405.513692819513381 ], [ 2502445.372134805191308, 2594359.144677709788084 ], [ 2502445.372134805191308, 2594312.775662599597126 ], [ 2502445.372134805191308, 2594266.407613651826978 ], [ 2502445.372134805191308, 2594220.038598542101681 ], [ 2502491.740238526836038, 2594173.669583431910723 ], [ 2502491.740238526836038, 2594127.300568322185427 ], [ 2502491.740238526836038, 2594080.932519374415278 ], [ 2502491.740238526836038, 2594034.563504264689982 ], [ 2502538.108342248480767, 2593988.194489154499024 ], [ 2502491.740238526836038, 2593988.194489154499024 ], [ 2502491.740238526836038, 2593941.825474044773728 ], [ 2502491.740238526836038, 2593895.457425097003579 ], [ 2502491.740238526836038, 2593849.088409986812621 ], [ 2502445.372134805191308, 2593802.719394877087325 ], [ 2502399.004031083546579, 2593802.719394877087325 ], [ 2502352.634961219038814, 2593756.350379767362028 ], [ 2502306.266857497394085, 2593756.350379767362028 ], [ 2502259.898753775749356, 2593802.719394877087325 ], [ 2502213.530650054104626, 2593802.719394877087325 ], [ 2502213.530650054104626, 2593849.088409986812621 ], [ 2502167.162546332459897, 2593849.088409986812621 ], [ 2502167.162546332459897, 2593895.457425097003579 ], [ 2502120.794442610815167, 2593895.457425097003579 ], [ 2502120.794442610815167, 2593941.825474044773728 ], [ 2502074.425372746307403, 2593941.825474044773728 ], [ 2502028.057269024662673, 2593941.825474044773728 ], [ 2501981.689165303017944, 2593941.825474044773728 ], [ 2501981.689165303017944, 2593895.457425097003579 ], [ 2501935.321061581373215, 2593895.457425097003579 ], [ 2501935.321061581373215, 2593849.088409986812621 ], [ 2501888.952957859728485, 2593802.719394877087325 ], [ 2501888.952957859728485, 2593756.350379767362028 ], [ 2501935.321061581373215, 2593709.98233081959188 ], [ 2501935.321061581373215, 2593663.613315709400922 ], [ 2501935.321061581373215, 2593617.244300599675626 ], [ 2501935.321061581373215, 2593570.876251651905477 ], [ 2501981.689165303017944, 2593570.876251651905477 ], [ 2501981.689165303017944, 2593524.507236541714519 ], [ 2502028.057269024662673, 2593524.507236541714519 ], [ 2502028.057269024662673, 2593478.138221431989223 ], [ 2502074.425372746307403, 2593478.138221431989223 ], [ 2502120.794442610815167, 2593478.138221431989223 ], [ 2502120.794442610815167, 2593431.769206322263926 ], [ 2502167.162546332459897, 2593431.769206322263926 ], [ 2502167.162546332459897, 2593385.401157374493778 ], [ 2502167.162546332459897, 2593339.03214226430282 ], [ 2502167.162546332459897, 2593292.663127154577523 ], [ 2502120.794442610815167, 2593292.663127154577523 ], [ 2502120.794442610815167, 2593246.294112044852227 ], [ 2502074.425372746307403, 2593246.294112044852227 ], [ 2502028.057269024662673, 2593246.294112044852227 ], [ 2501981.689165303017944, 2593246.294112044852227 ], [ 2501981.689165303017944, 2593292.663127154577523 ], [ 2501935.321061581373215, 2593292.663127154577523 ], [ 2501888.952957859728485, 2593292.663127154577523 ], [ 2501888.952957859728485, 2593339.03214226430282 ], [ 2501888.952957859728485, 2593385.401157374493778 ], [ 2501842.583887995220721, 2593385.401157374493778 ], [ 2501842.583887995220721, 2593431.769206322263926 ], [ 2501796.215784273575991, 2593431.769206322263926 ], [ 2501796.215784273575991, 2593478.138221431989223 ], [ 2501796.215784273575991, 2593524.507236541714519 ], [ 2501749.847680551931262, 2593524.507236541714519 ], [ 2501749.847680551931262, 2593570.876251651905477 ], [ 2501749.847680551931262, 2593617.244300599675626 ], [ 2501749.847680551931262, 2593663.613315709400922 ], [ 2501749.847680551931262, 2593709.98233081959188 ], [ 2501749.847680551931262, 2593756.350379767362028 ], [ 2501703.479576830286533, 2593756.350379767362028 ], [ 2501657.111473108641803, 2593756.350379767362028 ], [ 2501610.742403243668377, 2593802.719394877087325 ], [ 2501610.742403243668377, 2593756.350379767362028 ], [ 2501564.374299522489309, 2593756.350379767362028 ], [ 2501518.00619580084458, 2593756.350379767362028 ], [ 2501471.638092079199851, 2593756.350379767362028 ], [ 2501471.638092079199851, 2593709.98233081959188 ], [ 2501425.269988357555121, 2593709.98233081959188 ], [ 2501425.269988357555121, 2593663.613315709400922 ], [ 2501425.269988357555121, 2593617.244300599675626 ], [ 2501425.269988357555121, 2593570.876251651905477 ], [ 2501378.901884635910392, 2593524.507236541714519 ], [ 2501378.901884635910392, 2593478.138221431989223 ], [ 2501378.901884635910392, 2593431.769206322263926 ], [ 2501378.901884635910392, 2593385.401157374493778 ], [ 2501425.269988357555121, 2593385.401157374493778 ], [ 2501425.269988357555121, 2593339.03214226430282 ], [ 2501471.638092079199851, 2593339.03214226430282 ], [ 2501471.638092079199851, 2593292.663127154577523 ], [ 2501518.00619580084458, 2593292.663127154577523 ], [ 2501564.374299522489309, 2593292.663127154577523 ], [ 2501610.742403243668377, 2593292.663127154577523 ], [ 2501610.742403243668377, 2593246.294112044852227 ], [ 2501610.742403243668377, 2593199.926063096616417 ], [ 2501657.111473108641803, 2593199.926063096616417 ], [ 2501657.111473108641803, 2593153.557047986891121 ], [ 2501657.111473108641803, 2593107.188032877165824 ], [ 2501610.742403243668377, 2593107.188032877165824 ], [ 2501610.742403243668377, 2593060.819983929395676 ], [ 2501564.374299522489309, 2593060.819983929395676 ], [ 2501564.374299522489309, 2593014.450968819204718 ], [ 2501518.00619580084458, 2593014.450968819204718 ], [ 2501471.638092079199851, 2593014.450968819204718 ], [ 2501425.269988357555121, 2593014.450968819204718 ], [ 2501378.901884635910392, 2593060.819983929395676 ], [ 2501332.532814770936966, 2593060.819983929395676 ], [ 2501286.164711049292237, 2593107.188032877165824 ], [ 2501239.796607327647507, 2593153.557047986891121 ], [ 2501239.796607327647507, 2593199.926063096616417 ], [ 2501193.428503606002778, 2593246.294112044852227 ], [ 2501193.428503606002778, 2593292.663127154577523 ], [ 2501193.428503606002778, 2593339.03214226430282 ], [ 2501147.06039988482371, 2593339.03214226430282 ], [ 2501100.691330019850284, 2593385.401157374493778 ], [ 2501100.691330019850284, 2593431.769206322263926 ], [ 2501054.323226298205554, 2593431.769206322263926 ], [ 2501054.323226298205554, 2593478.138221431989223 ], [ 2501054.323226298205554, 2593524.507236541714519 ], [ 2501007.955122576560825, 2593524.507236541714519 ], [ 2501007.955122576560825, 2593570.876251651905477 ], [ 2501007.955122576560825, 2593617.244300599675626 ], [ 2501007.955122576560825, 2593663.613315709400922 ], [ 2501007.955122576560825, 2593709.98233081959188 ], [ 2500961.587018854916096, 2593756.350379767362028 ], [ 2500961.587018854916096, 2593802.719394877087325 ], [ 2500961.587018854916096, 2593849.088409986812621 ], [ 2501007.955122576560825, 2593849.088409986812621 ], [ 2501007.955122576560825, 2593895.457425097003579 ], [ 2501054.323226298205554, 2593941.825474044773728 ], [ 2501100.691330019850284, 2593941.825474044773728 ], [ 2501147.06039988482371, 2593941.825474044773728 ], [ 2501193.428503606002778, 2593941.825474044773728 ], [ 2501239.796607327647507, 2593941.825474044773728 ], [ 2501239.796607327647507, 2593988.194489154499024 ], [ 2501286.164711049292237, 2593988.194489154499024 ], [ 2501286.164711049292237, 2594034.563504264689982 ], [ 2501332.532814770936966, 2594034.563504264689982 ], [ 2501332.532814770936966, 2594080.932519374415278 ], [ 2501286.164711049292237, 2594080.932519374415278 ], [ 2501286.164711049292237, 2594127.300568322185427 ], [ 2501286.164711049292237, 2594173.669583431910723 ], [ 2501239.796607327647507, 2594173.669583431910723 ], [ 2501193.428503606002778, 2594173.669583431910723 ], [ 2501193.428503606002778, 2594220.038598542101681 ], [ 2501147.06039988482371, 2594220.038598542101681 ], [ 2501100.691330019850284, 2594220.038598542101681 ], [ 2501054.323226298205554, 2594220.038598542101681 ], [ 2501054.323226298205554, 2594173.669583431910723 ], [ 2501007.955122576560825, 2594173.669583431910723 ], [ 2501007.955122576560825, 2594220.038598542101681 ], [ 2500961.587018854916096, 2594220.038598542101681 ], [ 2500961.587018854916096, 2594312.775662599597126 ], [ 2500915.218915133271366, 2594312.775662599597126 ], [ 2500961.587018854916096, 2594359.144677709788084 ], [ 2500961.587018854916096, 2594405.513692819513381 ], [ 2500961.587018854916096, 2594451.881741767283529 ], [ 2501007.955122576560825, 2594451.881741767283529 ], [ 2501007.955122576560825, 2594498.250756877008826 ], [ 2501007.955122576560825, 2594544.619771987199783 ], [ 2501007.955122576560825, 2594590.98878709692508 ], [ 2501007.955122576560825, 2594637.356836044695228 ], [ 2501007.955122576560825, 2594683.725851154886186 ], [ 2501054.323226298205554, 2594683.725851154886186 ], [ 2501100.691330019850284, 2594683.725851154886186 ], [ 2501100.691330019850284, 2594730.094866264611483 ], [ 2501147.06039988482371, 2594730.094866264611483 ], [ 2501147.06039988482371, 2594776.463881374336779 ], [ 2501147.06039988482371, 2594822.831930322106928 ], [ 2501147.06039988482371, 2594869.200945432297885 ], [ 2501147.06039988482371, 2594915.569960542023182 ], [ 2501100.691330019850284, 2594915.569960542023182 ], [ 2501100.691330019850284, 2594961.938975651748478 ], [ 2501054.323226298205554, 2594961.938975651748478 ], [ 2501054.323226298205554, 2595008.307024599518627 ], [ 2501007.955122576560825, 2595054.676039709709585 ], [ 2501007.955122576560825, 2595101.045054819434881 ], [ 2500961.587018854916096, 2595101.045054819434881 ], [ 2500961.587018854916096, 2595147.41310376720503 ], [ 2500915.218915133271366, 2595147.41310376720503 ], [ 2500915.218915133271366, 2595193.782118877395988 ], [ 2500868.849845268763602, 2595240.151133987121284 ], [ 2500822.481741547118872, 2595286.520149096846581 ], [ 2500822.481741547118872, 2595332.888198044616729 ], [ 2500868.849845268763602, 2595332.888198044616729 ], [ 2500868.849845268763602, 2595379.257213154807687 ], [ 2500915.218915133271366, 2595379.257213154807687 ], [ 2500961.587018854916096, 2595379.257213154807687 ], [ 2501007.955122576560825, 2595379.257213154807687 ], [ 2501054.323226298205554, 2595379.257213154807687 ], [ 2501054.323226298205554, 2595425.626228264532983 ], [ 2501100.691330019850284, 2595425.626228264532983 ], [ 2501100.691330019850284, 2595471.99524337425828 ], [ 2501100.691330019850284, 2595518.36329232249409 ], [ 2501054.323226298205554, 2595518.36329232249409 ], [ 2501054.323226298205554, 2595564.732307432219386 ], [ 2501007.955122576560825, 2595564.732307432219386 ], [ 2500961.587018854916096, 2595564.732307432219386 ] ] } },
{ "type": "Feature", "properties": { }, "geometry": { "type": "LineString", "coordinates": [ [ 2500961.587018854916096, 2595564.732307432219386 ], [ 2500961.587018854916096, 2595611.101322541944683 ], [ 2500915.218915133271366, 2595611.101322541944683 ], [ 2500868.849845268763602, 2595611.101322541944683 ], [ 2500822.481741547118872, 2595611.101322541944683 ], [ 2500822.481741547118872, 2595657.469371489714831 ], [ 2500776.113637825474143, 2595657.469371489714831 ], [ 2500729.745534103829414, 2595657.469371489714831 ], [ 2500683.377430382184684, 2595703.838386599905789 ], [ 2500637.009326660539955, 2595703.838386599905789 ], [ 2500590.64025679603219, 2595703.838386599905789 ], [ 2500544.272153074387461, 2595703.838386599905789 ], [ 2500497.904049352742732, 2595703.838386599905789 ], [ 2500451.535945631098002, 2595703.838386599905789 ], [ 2500451.535945631098002, 2595750.207401709631085 ], [ 2500405.167841909453273, 2595750.207401709631085 ], [ 2500405.167841909453273, 2595796.576416819356382 ], [ 2500358.798772044945508, 2595796.576416819356382 ], [ 2500358.798772044945508, 2595842.944465767592192 ], [ 2500312.430668323300779, 2595796.576416819356382 ], [ 2500266.062564601656049, 2595796.576416819356382 ], [ 2500266.062564601656049, 2595750.207401709631085 ], [ 2500266.062564601656049, 2595703.838386599905789 ], [ 2500266.062564601656049, 2595657.469371489714831 ], [ 2500312.430668323300779, 2595657.469371489714831 ], [ 2500312.430668323300779, 2595611.101322541944683 ], [ 2500358.798772044945508, 2595611.101322541944683 ], [ 2500358.798772044945508, 2595564.732307432219386 ], [ 2500358.798772044945508, 2595518.36329232249409 ], [ 2500312.430668323300779, 2595471.99524337425828 ], [ 2500266.062564601656049, 2595425.626228264532983 ], [ 2500219.69446088001132, 2595425.626228264532983 ], [ 2500173.326357158366591, 2595425.626228264532983 ], [ 2500126.957287293858826, 2595471.99524337425828 ], [ 2500080.589183572214097, 2595471.99524337425828 ], [ 2500080.589183572214097, 2595518.36329232249409 ], [ 2500080.589183572214097, 2595564.732307432219386 ], [ 2500034.221079850569367, 2595611.101322541944683 ], [ 2500034.221079850569367, 2595657.469371489714831 ], [ 2500034.221079850569367, 2595703.838386599905789 ], [ 2500080.589183572214097, 2595703.838386599905789 ], [ 2500080.589183572214097, 2595750.207401709631085 ], [ 2500126.957287293858826, 2595750.207401709631085 ], [ 2500126.957287293858826, 2595796.576416819356382 ], [ 2500173.326357158366591, 2595842.944465767592192 ], [ 2500173.326357158366591, 2595889.313480877317488 ], [ 2500219.69446088001132, 2595889.313480877317488 ], [ 2500219.69446088001132, 2595935.682495987042785 ], [ 2500219.69446088001132, 2595982.051511097233742 ], [ 2500173.326357158366591, 2595982.051511097233742 ], [ 2500173.326357158366591, 2596028.419560045003891 ], [ 2500126.957287293858826, 2596028.419560045003891 ], [ 2500126.957287293858826, 2596074.788575154729187 ], [ 2500080.589183572214097, 2596074.788575154729187 ], [ 2500034.221079850569367, 2596074.788575154729187 ], [ 2500034.221079850569367, 2596028.419560045003891 ], [ 2499987.852976128924638, 2596028.419560045003891 ], [ 2499941.484872407279909, 2596028.419560045003891 ], [ 2499941.484872407279909, 2595982.051511097233742 ], [ 2499941.484872407279909, 2596028.419560045003891 ], [ 2499895.116768685635179, 2596028.419560045003891 ], [ 2499895.116768685635179, 2596074.788575154729187 ], [ 2499941.484872407279909, 2596121.157590264454484 ], [ 2499941.484872407279909, 2596167.526605374645442 ], [ 2499987.852976128924638, 2596167.526605374645442 ], [ 2500034.221079850569367, 2596167.526605374645442 ], [ 2500080.589183572214097, 2596167.526605374645442 ], [ 2500080.589183572214097, 2596213.89465432241559 ], [ 2500126.957287293858826, 2596213.89465432241559 ], [ 2500126.957287293858826, 2596260.263669432140887 ], [ 2500173.326357158366591, 2596260.263669432140887 ], [ 2500173.326357158366591, 2596306.632684542331845 ], [ 2500219.69446088001132, 2596306.632684542331845 ], [ 2500219.69446088001132, 2596353.000733490101993 ], [ 2500266.062564601656049, 2596399.36974859982729 ], [ 2500312.430668323300779, 2596399.36974859982729 ], [ 2500312.430668323300779, 2596445.738763709552586 ], [ 2500358.798772044945508, 2596445.738763709552586 ], [ 2500358.798772044945508, 2596492.107778819743544 ], [ 2500358.798772044945508, 2596538.475827767513692 ], [ 2500358.798772044945508, 2596584.844842877238989 ], [ 2500358.798772044945508, 2596631.213857987429947 ], [ 2500358.798772044945508, 2596677.582873097155243 ], [ 2500312.430668323300779, 2596677.582873097155243 ], [ 2500312.430668323300779, 2596723.950922044925392 ], [ 2500266.062564601656049, 2596723.950922044925392 ], [ 2500219.69446088001132, 2596723.950922044925392 ], [ 2500173.326357158366591, 2596723.950922044925392 ], [ 2500126.957287293858826, 2596723.950922044925392 ], [ 2500126.957287293858826, 2596677.582873097155243 ], [ 2500080.589183572214097, 2596677.582873097155243 ], [ 2500080.589183572214097, 2596631.213857987429947 ], [ 2500034.221079850569367, 2596631.213857987429947 ], [ 2499987.852976128924638, 2596677.582873097155243 ], [ 2499941.484872407279909, 2596677.582873097155243 ], [ 2499895.116768685635179, 2596723.950922044925392 ], [ 2499895.116768685635179, 2596770.319937154650688 ], [ 2499895.116768685635179, 2596816.688952264841646 ], [ 2499895.116768685635179, 2596863.057967374566942 ], [ 2499848.747698820661753, 2596863.057967374566942 ], [ 2499848.747698820661753, 2596909.426016322337091 ], [ 2499848.747698820661753, 2596955.795031432528049 ], [ 2499848.747698820661753, 2597002.164046542253345 ], [ 2499802.379595099017024, 2597002.164046542253345 ], [ 2499802.379595099017024, 2597048.532095490023494 ], [ 2499756.011491377372295, 2597048.532095490023494 ], [ 2499756.011491377372295, 2597094.90111059974879 ], [ 2499709.643387656193227, 2597094.90111059974879 ], [ 2499709.643387656193227, 2597141.270125709939748 ], [ 2499663.275283934548497, 2597141.270125709939748 ], [ 2499663.275283934548497, 2597187.639140819665045 ], [ 2499616.906214069575071, 2597187.639140819665045 ], [ 2499570.538110347930342, 2597187.639140819665045 ], [ 2499524.170006626285613, 2597187.639140819665045 ], [ 2499477.801902904640883, 2597187.639140819665045 ], [ 2499477.801902904640883, 2597141.270125709939748 ], [ 2499431.433799182996154, 2597141.270125709939748 ], [ 2499431.433799182996154, 2597187.639140819665045 ], [ 2499385.065695461351424, 2597187.639140819665045 ], [ 2499385.065695461351424, 2597234.007189767435193 ], [ 2499385.065695461351424, 2597280.376204877626151 ], [ 2499431.433799182996154, 2597326.745219987351447 ], [ 2499477.801902904640883, 2597326.745219987351447 ], [ 2499477.801902904640883, 2597373.114235097076744 ], [ 2499524.170006626285613, 2597373.114235097076744 ], [ 2499524.170006626285613, 2597419.482284044846892 ], [ 2499570.538110347930342, 2597419.482284044846892 ], [ 2499570.538110347930342, 2597465.85129915503785 ], [ 2499570.538110347930342, 2597512.220314264763147 ], [ 2499570.538110347930342, 2597558.588363212533295 ], [ 2499524.170006626285613, 2597558.588363212533295 ], [ 2499524.170006626285613, 2597604.957378322724253 ], [ 2499524.170006626285613, 2597651.326393432449549 ], [ 2499524.170006626285613, 2597697.695408542174846 ], [ 2499524.170006626285613, 2597744.063457489944994 ], [ 2499477.801902904640883, 2597744.063457489944994 ], [ 2499431.433799182996154, 2597790.432472600135952 ], [ 2499385.065695461351424, 2597790.432472600135952 ], [ 2499338.69662559684366, 2597790.432472600135952 ], [ 2499292.328521875198931, 2597790.432472600135952 ], [ 2499292.328521875198931, 2597836.801487709861249 ], [ 2499292.328521875198931, 2597883.170502819586545 ], [ 2499292.328521875198931, 2597929.538551767822355 ], [ 2499292.328521875198931, 2597975.907566877547652 ], [ 2499338.69662559684366, 2597975.907566877547652 ], [ 2499338.69662559684366, 2598022.276581987272948 ], [ 2499338.69662559684366, 2598068.645597097463906 ], [ 2499385.065695461351424, 2598068.645597097463906 ], [ 2499385.065695461351424, 2598115.013646045234054 ], [ 2499431.433799182996154, 2598115.013646045234054 ], [ 2499477.801902904640883, 2598115.013646045234054 ], [ 2499477.801902904640883, 2598161.382661154959351 ], [ 2499524.170006626285613, 2598161.382661154959351 ], [ 2499570.538110347930342, 2598161.382661154959351 ], [ 2499616.906214069575071, 2598161.382661154959351 ], [ 2499616.906214069575071, 2598207.751676264684647 ], [ 2499616.906214069575071, 2598254.119725212920457 ], [ 2499570.538110347930342, 2598254.119725212920457 ], [ 2499524.170006626285613, 2598254.119725212920457 ], [ 2499477.801902904640883, 2598254.119725212920457 ], [ 2499477.801902904640883, 2598300.488740322645754 ], [ 2499431.433799182996154, 2598300.488740322645754 ], [ 2499385.065695461351424, 2598300.488740322645754 ], [ 2499338.69662559684366, 2598300.488740322645754 ], [ 2499292.328521875198931, 2598300.488740322645754 ], [ 2499245.960418153554201, 2598300.488740322645754 ], [ 2499199.592314431909472, 2598300.488740322645754 ], [ 2499153.224210710264742, 2598300.488740322645754 ], [ 2499106.855140845756978, 2598254.119725212920457 ], [ 2499060.487037124112248, 2598254.119725212920457 ], [ 2499060.487037124112248, 2598207.751676264684647 ], [ 2499014.118933402467519, 2598207.751676264684647 ], [ 2499014.118933402467519, 2598161.382661154959351 ], [ 2499014.118933402467519, 2598115.013646045234054 ], [ 2498967.75082968082279, 2598115.013646045234054 ], [ 2498967.75082968082279, 2598068.645597097463906 ], [ 2498967.75082968082279, 2598022.276581987272948 ], [ 2498967.75082968082279, 2597975.907566877547652 ], [ 2498921.38272595917806, 2597975.907566877547652 ], [ 2498921.38272595917806, 2597929.538551767822355 ], [ 2498875.013656094670296, 2597883.170502819586545 ], [ 2498828.645552373025566, 2597883.170502819586545 ], [ 2498782.277448651380837, 2597883.170502819586545 ], [ 2498782.277448651380837, 2597836.801487709861249 ], [ 2498735.909344929736108, 2597836.801487709861249 ], [ 2498735.909344929736108, 2597790.432472600135952 ], [ 2498735.909344929736108, 2597744.063457489944994 ], [ 2498782.277448651380837, 2597744.063457489944994 ], [ 2498782.277448651380837, 2597697.695408542174846 ], [ 2498828.645552373025566, 2597697.695408542174846 ], [ 2498828.645552373025566, 2597651.326393432449549 ], [ 2498828.645552373025566, 2597604.957378322724253 ], [ 2498782.277448651380837, 2597604.957378322724253 ], [ 2498782.277448651380837, 2597558.588363212533295 ], [ 2498735.909344929736108, 2597558.588363212533295 ], [ 2498689.541241208091378, 2597558.588363212533295 ], [ 2498643.173137486446649, 2597558.588363212533295 ], [ 2498643.173137486446649, 2597512.220314264763147 ], [ 2498596.804067621938884, 2597512.220314264763147 ], [ 2498550.435963900294155, 2597512.220314264763147 ], [ 2498550.435963900294155, 2597465.85129915503785 ], [ 2498504.067860178649426, 2597465.85129915503785 ], [ 2498504.067860178649426, 2597419.482284044846892 ], [ 2498504.067860178649426, 2597373.114235097076744 ], [ 2498550.435963900294155, 2597326.745219987351447 ], [ 2498550.435963900294155, 2597280.376204877626151 ], [ 2498596.804067621938884, 2597280.376204877626151 ], [ 2498596.804067621938884, 2597234.007189767435193 ], [ 2498643.173137486446649, 2597234.007189767435193 ], [ 2498643.173137486446649, 2597187.639140819665045 ], [ 2498689.541241208091378, 2597187.639140819665045 ], [ 2498689.541241208091378, 2597141.270125709939748 ], [ 2498643.173137486446649, 2597094.90111059974879 ], [ 2498643.173137486446649, 2597048.532095490023494 ], [ 2498596.804067621938884, 2597048.532095490023494 ], [ 2498596.804067621938884, 2597002.164046542253345 ], [ 2498550.435963900294155, 2597002.164046542253345 ], [ 2498504.067860178649426, 2597002.164046542253345 ], [ 2498457.699756457004696, 2597002.164046542253345 ], [ 2498457.699756457004696, 2597048.532095490023494 ], [ 2498411.331652735359967, 2597048.532095490023494 ], [ 2498411.331652735359967, 2597094.90111059974879 ], [ 2498364.962582870386541, 2597094.90111059974879 ], [ 2498364.962582870386541, 2597141.270125709939748 ], [ 2498364.962582870386541, 2597187.639140819665045 ], [ 2498318.594479148741812, 2597187.639140819665045 ], [ 2498318.594479148741812, 2597234.007189767435193 ], [ 2498272.226375427562743, 2597280.376204877626151 ], [ 2498225.858271705918014, 2597280.376204877626151 ], [ 2498179.490167984273285, 2597280.376204877626151 ], [ 2498179.490167984273285, 2597234.007189767435193 ], [ 2498133.121098119299859, 2597234.007189767435193 ], [ 2498133.121098119299859, 2597187.639140819665045 ], [ 2498133.121098119299859, 2597141.270125709939748 ], [ 2498179.490167984273285, 2597141.270125709939748 ], [ 2498179.490167984273285, 2597094.90111059974879 ], [ 2498225.858271705918014, 2597094.90111059974879 ], [ 2498225.858271705918014, 2597048.532095490023494 ], [ 2498272.226375427562743, 2597048.532095490023494 ], [ 2498272.226375427562743, 2597002.164046542253345 ], [ 2498318.594479148741812, 2597002.164046542253345 ], [ 2498364.962582870386541, 2596955.795031432528049 ], [ 2498364.962582870386541, 2596909.426016322337091 ], [ 2498411.331652735359967, 2596909.426016322337091 ], [ 2498411.331652735359967, 2596863.057967374566942 ], [ 2498364.962582870386541, 2596863.057967374566942 ], [ 2498318.594479148741812, 2596863.057967374566942 ], [ 2498272.226375427562743, 2596863.057967374566942 ], [ 2498272.226375427562743, 2596909.426016322337091 ], [ 2498225.858271705918014, 2596909.426016322337091 ], [ 2498179.490167984273285, 2596955.795031432528049 ], [ 2498133.121098119299859, 2596955.795031432528049 ], [ 2498133.121098119299859, 2597002.164046542253345 ], [ 2498086.752994397655129, 2597002.164046542253345 ], [ 2498086.752994397655129, 2597048.532095490023494 ], [ 2498040.3848906760104, 2597048.532095490023494 ], [ 2497994.016786954365671, 2597048.532095490023494 ], [ 2497994.016786954365671, 2597094.90111059974879 ], [ 2497947.648683232720941, 2597094.90111059974879 ], [ 2497901.280579511541873, 2597094.90111059974879 ], [ 2497854.911509646568447, 2597094.90111059974879 ], [ 2497808.543405924923718, 2597094.90111059974879 ], [ 2497762.175302203278989, 2597094.90111059974879 ], [ 2497762.175302203278989, 2597048.532095490023494 ], [ 2497715.807198481634259, 2597048.532095490023494 ], [ 2497715.807198481634259, 2597002.164046542253345 ], [ 2497715.807198481634259, 2596955.795031432528049 ], [ 2497669.43909475998953, 2596955.795031432528049 ], [ 2497623.070024895481765, 2596955.795031432528049 ], [ 2497576.701921173837036, 2596955.795031432528049 ], [ 2497530.333817452192307, 2597002.164046542253345 ], [ 2497483.965713730547577, 2597002.164046542253345 ], [ 2497483.965713730547577, 2597048.532095490023494 ], [ 2497483.965713730547577, 2597094.90111059974879 ], [ 2497483.965713730547577, 2597141.270125709939748 ], [ 2497530.333817452192307, 2597141.270125709939748 ], [ 2497530.333817452192307, 2597187.639140819665045 ], [ 2497530.333817452192307, 2597234.007189767435193 ], [ 2497530.333817452192307, 2597280.376204877626151 ], [ 2497576.701921173837036, 2597280.376204877626151 ], [ 2497576.701921173837036, 2597326.745219987351447 ], [ 2497623.070024895481765, 2597373.114235097076744 ], [ 2497623.070024895481765, 2597419.482284044846892 ], [ 2497623.070024895481765, 2597465.85129915503785 ], [ 2497669.43909475998953, 2597465.85129915503785 ], [ 2497669.43909475998953, 2597512.220314264763147 ], [ 2497715.807198481634259, 2597558.588363212533295 ], [ 2497715.807198481634259, 2597604.957378322724253 ], [ 2497762.175302203278989, 2597651.326393432449549 ], [ 2497762.175302203278989, 2597697.695408542174846 ], [ 2497762.175302203278989, 2597744.063457489944994 ], [ 2497715.807198481634259, 2597744.063457489944994 ], [ 2497669.43909475998953, 2597744.063457489944994 ], [ 2497623.070024895481765, 2597744.063457489944994 ], [ 2497576.701921173837036, 2597744.063457489944994 ], [ 2497530.333817452192307, 2597744.063457489944994 ], [ 2497483.965713730547577, 2597744.063457489944994 ], [ 2497437.597610008902848, 2597744.063457489944994 ], [ 2497437.597610008902848, 2597697.695408542174846 ], [ 2497391.228540144395083, 2597697.695408542174846 ], [ 2497391.228540144395083, 2597651.326393432449549 ], [ 2497344.860436422750354, 2597651.326393432449549 ], [ 2497298.492332701105624, 2597604.957378322724253 ], [ 2497252.124228979460895, 2597604.957378322724253 ], [ 2497205.756125257816166, 2597604.957378322724253 ], [ 2497159.388021536171436, 2597604.957378322724253 ], [ 2497159.388021536171436, 2597651.326393432449549 ], [ 2497113.018951671663672, 2597651.326393432449549 ], [ 2497113.018951671663672, 2597697.695408542174846 ], [ 2497066.650847950018942, 2597697.695408542174846 ], [ 2497066.650847950018942, 2597744.063457489944994 ], [ 2497066.650847950018942, 2597790.432472600135952 ], [ 2497020.282744228374213, 2597790.432472600135952 ], [ 2497020.282744228374213, 2597836.801487709861249 ], [ 2497020.282744228374213, 2597883.170502819586545 ], [ 2497020.282744228374213, 2597929.538551767822355 ], [ 2497020.282744228374213, 2597975.907566877547652 ], [ 2496973.914640506729484, 2597975.907566877547652 ], [ 2496973.914640506729484, 2598022.276581987272948 ], [ 2496927.546536785084754, 2598022.276581987272948 ], [ 2496881.17746692057699, 2598022.276581987272948 ], [ 2496834.80936319893226, 2598022.276581987272948 ], [ 2496788.441259477287531, 2598022.276581987272948 ], [ 2496742.073155755642802, 2598022.276581987272948 ], [ 2496695.705052033998072, 2598068.645597097463906 ], [ 2496695.705052033998072, 2598115.013646045234054 ], [ 2496695.705052033998072, 2598161.382661154959351 ], [ 2496695.705052033998072, 2598207.751676264684647 ], [ 2496742.073155755642802, 2598207.751676264684647 ], [ 2496788.441259477287531, 2598207.751676264684647 ], [ 2496788.441259477287531, 2598254.119725212920457 ], [ 2496834.80936319893226, 2598254.119725212920457 ], [ 2496881.17746692057699, 2598254.119725212920457 ], [ 2496927.546536785084754, 2598254.119725212920457 ], [ 2496973.914640506729484, 2598254.119725212920457 ], [ 2497020.282744228374213, 2598300.488740322645754 ], [ 2497020.282744228374213, 2598346.85775543237105 ], [ 2496973.914640506729484, 2598393.226770542562008 ], [ 2496927.546536785084754, 2598393.226770542562008 ], [ 2496881.17746692057699, 2598393.226770542562008 ], [ 2496834.80936319893226, 2598393.226770542562008 ], [ 2496788.441259477287531, 2598393.226770542562008 ], [ 2496742.073155755642802, 2598393.226770542562008 ], [ 2496695.705052033998072, 2598393.226770542562008 ], [ 2496649.335982169024646, 2598393.226770542562008 ], [ 2496649.335982169024646, 2598439.594819490332156 ], [ 2496649.335982169024646, 2598485.963834600057453 ], [ 2496695.705052033998072, 2598532.332849709782749 ], [ 2496742.073155755642802, 2598532.332849709782749 ], [ 2496742.073155755642802, 2598578.701864819973707 ], [ 2496788.441259477287531, 2598578.701864819973707 ], [ 2496788.441259477287531, 2598625.069913767743856 ], [ 2496834.80936319893226, 2598625.069913767743856 ], [ 2496881.17746692057699, 2598625.069913767743856 ], [ 2496927.546536785084754, 2598625.069913767743856 ], [ 2496927.546536785084754, 2598578.701864819973707 ], [ 2496973.914640506729484, 2598578.701864819973707 ], [ 2497020.282744228374213, 2598578.701864819973707 ], [ 2497066.650847950018942, 2598578.701864819973707 ], [ 2497066.650847950018942, 2598625.069913767743856 ], [ 2497066.650847950018942, 2598671.438928877469152 ], [ 2497020.282744228374213, 2598671.438928877469152 ], [ 2497020.282744228374213, 2598717.80794398766011 ], [ 2496973.914640506729484, 2598717.80794398766011 ], [ 2496973.914640506729484, 2598764.176959097385406 ], [ 2496927.546536785084754, 2598764.176959097385406 ], [ 2496881.17746692057699, 2598764.176959097385406 ], [ 2496834.80936319893226, 2598764.176959097385406 ], [ 2496788.441259477287531, 2598764.176959097385406 ], [ 2496742.073155755642802, 2598764.176959097385406 ], [ 2496695.705052033998072, 2598764.176959097385406 ], [ 2496649.335982169024646, 2598764.176959097385406 ], [ 2496649.335982169024646, 2598810.545008045155555 ], [ 2496602.967878447379917, 2598810.545008045155555 ], [ 2496556.599774725735188, 2598810.545008045155555 ], [ 2496510.231671004090458, 2598810.545008045155555 ], [ 2496510.231671004090458, 2598856.914023154880852 ], [ 2496510.231671004090458, 2598903.283038265071809 ], [ 2496463.86356728291139, 2598949.651087212841958 ], [ 2496463.86356728291139, 2598996.020102322567254 ], [ 2496463.86356728291139, 2599042.389117432758212 ], [ 2496417.495463561266661, 2599042.389117432758212 ], [ 2496417.495463561266661, 2599088.758132542483509 ], [ 2496371.126393696293235, 2599135.126181490253657 ], [ 2496324.758289974648505, 2599135.126181490253657 ], [ 2496324.758289974648505, 2599088.758132542483509 ], [ 2496278.390186253003776, 2599088.758132542483509 ], [ 2496232.022082531359047, 2599042.389117432758212 ], [ 2496185.653978809714317, 2599042.389117432758212 ], [ 2496185.653978809714317, 2598996.020102322567254 ], [ 2496139.284908945206553, 2598996.020102322567254 ], [ 2496092.916805223561823, 2598949.651087212841958 ], [ 2496092.916805223561823, 2598903.283038265071809 ], [ 2496046.548701501917094, 2598903.283038265071809 ], [ 2496046.548701501917094, 2598856.914023154880852 ], [ 2496046.548701501917094, 2598810.545008045155555 ], [ 2496000.180597780272365, 2598810.545008045155555 ], [ 2496000.180597780272365, 2598764.176959097385406 ], [ 2495953.812494058627635, 2598764.176959097385406 ], [ 2495953.812494058627635, 2598717.80794398766011 ], [ 2495907.443424194119871, 2598671.438928877469152 ], [ 2495907.443424194119871, 2598625.069913767743856 ], [ 2495907.443424194119871, 2598578.701864819973707 ], [ 2495907.443424194119871, 2598532.332849709782749 ], [ 2495861.075320472475141, 2598485.963834600057453 ], [ 2495861.075320472475141, 2598439.594819490332156 ], [ 2495861.075320472475141, 2598393.226770542562008 ], [ 2495814.707216750830412, 2598393.226770542562008 ], [ 2495814.707216750830412, 2598346.85775543237105 ], [ 2495768.339113029185683, 2598346.85775543237105 ], [ 2495721.971009307540953, 2598346.85775543237105 ], [ 2495675.602905585896224, 2598300.488740322645754 ], [ 2495629.233835721388459, 2598300.488740322645754 ], [ 2495582.86573199974373, 2598300.488740322645754 ], [ 2495536.497628278099, 2598346.85775543237105 ], [ 2495490.129524556454271, 2598346.85775543237105 ], [ 2495443.761420834809542, 2598346.85775543237105 ], [ 2495443.761420834809542, 2598393.226770542562008 ], [ 2495397.392350970301777, 2598393.226770542562008 ], [ 2495351.024247248657048, 2598393.226770542562008 ], [ 2495351.024247248657048, 2598439.594819490332156 ], [ 2495304.656143527012318, 2598485.963834600057453 ], [ 2495258.288039805367589, 2598485.963834600057453 ], [ 2495258.288039805367589, 2598532.332849709782749 ], [ 2495211.91993608372286, 2598532.332849709782749 ], [ 2495211.91993608372286, 2598578.701864819973707 ], [ 2495165.55183236207813, 2598578.701864819973707 ], [ 2495119.182762497104704, 2598578.701864819973707 ], [ 2495119.182762497104704, 2598625.069913767743856 ], [ 2495072.814658775459975, 2598625.069913767743856 ], [ 2495026.446555054280907, 2598671.438928877469152 ], [ 2494980.078451332636178, 2598671.438928877469152 ], [ 2494980.078451332636178, 2598717.80794398766011 ], [ 2494933.710347610991448, 2598717.80794398766011 ], [ 2494933.710347610991448, 2598764.176959097385406 ], [ 2494887.341277746018022, 2598764.176959097385406 ], [ 2494887.341277746018022, 2598810.545008045155555 ], [ 2494840.973174024373293, 2598764.176959097385406 ], [ 2494794.605070302728564, 2598764.176959097385406 ], [ 2494794.605070302728564, 2598717.80794398766011 ], [ 2494794.605070302728564, 2598671.438928877469152 ], [ 2494748.236966581083834, 2598671.438928877469152 ], [ 2494748.236966581083834, 2598625.069913767743856 ], [ 2494748.236966581083834, 2598578.701864819973707 ], [ 2494701.868862859439105, 2598532.332849709782749 ], [ 2494655.49979299493134, 2598532.332849709782749 ], [ 2494655.49979299493134, 2598485.963834600057453 ], [ 2494655.49979299493134, 2598439.594819490332156 ], [ 2494609.131689273286611, 2598439.594819490332156 ], [ 2494609.131689273286611, 2598393.226770542562008 ], [ 2494609.131689273286611, 2598346.85775543237105 ], [ 2494562.763585551641881, 2598346.85775543237105 ], [ 2494516.395481829997152, 2598346.85775543237105 ], [ 2494516.395481829997152, 2598393.226770542562008 ], [ 2494516.395481829997152, 2598439.594819490332156 ], [ 2494516.395481829997152, 2598485.963834600057453 ], [ 2494470.027378108352423, 2598532.332849709782749 ], [ 2494470.027378108352423, 2598578.701864819973707 ], [ 2494423.659274386707693, 2598625.069913767743856 ], [ 2494377.290204522199929, 2598625.069913767743856 ], [ 2494377.290204522199929, 2598671.438928877469152 ], [ 2494330.922100800555199, 2598717.80794398766011 ], [ 2494330.922100800555199, 2598764.176959097385406 ], [ 2494284.55399707891047, 2598764.176959097385406 ], [ 2494284.55399707891047, 2598810.545008045155555 ], [ 2494284.55399707891047, 2598856.914023154880852 ], [ 2494238.185893357265741, 2598856.914023154880852 ], [ 2494191.817789635621011, 2598856.914023154880852 ], [ 2494145.448719771113247, 2598856.914023154880852 ], [ 2494099.080616049468517, 2598856.914023154880852 ], [ 2494052.712512327823788, 2598856.914023154880852 ], [ 2494052.712512327823788, 2598810.545008045155555 ], [ 2494006.344408606179059, 2598810.545008045155555 ], [ 2493959.976304884534329, 2598810.545008045155555 ], [ 2493959.976304884534329, 2598764.176959097385406 ], [ 2493913.607235020026565, 2598764.176959097385406 ], [ 2493867.239131298381835, 2598764.176959097385406 ], [ 2493867.239131298381835, 2598810.545008045155555 ], [ 2493820.871027576737106, 2598810.545008045155555 ], [ 2493820.871027576737106, 2598856.914023154880852 ], [ 2493774.502923855092376, 2598856.914023154880852 ], [ 2493774.502923855092376, 2598903.283038265071809 ], [ 2493820.871027576737106, 2598903.283038265071809 ], [ 2493820.871027576737106, 2598949.651087212841958 ], [ 2493820.871027576737106, 2598996.020102322567254 ], [ 2493867.239131298381835, 2598996.020102322567254 ], [ 2493867.239131298381835, 2599042.389117432758212 ], [ 2493867.239131298381835, 2599088.758132542483509 ], [ 2493913.607235020026565, 2599135.126181490253657 ], [ 2493913.607235020026565, 2599181.495196599978954 ], [ 2493959.976304884534329, 2599227.864211710169911 ], [ 2493959.976304884534329, 2599274.233226819895208 ], [ 2493959.976304884534329, 2599320.601275767665356 ], [ 2493913.607235020026565, 2599320.601275767665356 ], [ 2493913.607235020026565, 2599366.970290877856314 ], [ 2493867.239131298381835, 2599366.970290877856314 ], [ 2493820.871027576737106, 2599366.970290877856314 ], [ 2493774.502923855092376, 2599366.970290877856314 ], [ 2493728.134820133447647, 2599366.970290877856314 ], [ 2493681.766716411802918, 2599366.970290877856314 ], [ 2493635.397646546829492, 2599366.970290877856314 ], [ 2493635.397646546829492, 2599320.601275767665356 ], [ 2493589.029542825650424, 2599320.601275767665356 ], [ 2493589.029542825650424, 2599274.233226819895208 ], [ 2493542.661439104005694, 2599274.233226819895208 ], [ 2493496.293335382360965, 2599274.233226819895208 ], [ 2493496.293335382360965, 2599227.864211710169911 ], [ 2493449.925231660716236, 2599227.864211710169911 ], [ 2493403.55616179574281, 2599227.864211710169911 ], [ 2493403.55616179574281, 2599274.233226819895208 ], [ 2493403.55616179574281, 2599320.601275767665356 ], [ 2493449.925231660716236, 2599320.601275767665356 ], [ 2493449.925231660716236, 2599366.970290877856314 ], [ 2493449.925231660716236, 2599413.339305987581611 ], [ 2493496.293335382360965, 2599413.339305987581611 ], [ 2493496.293335382360965, 2599459.707354935351759 ], [ 2493542.661439104005694, 2599459.707354935351759 ], [ 2493542.661439104005694, 2599506.076370045077056 ], [ 2493542.661439104005694, 2599552.445385155268013 ], [ 2493589.029542825650424, 2599552.445385155268013 ], [ 2493589.029542825650424, 2599598.81440026499331 ], [ 2493589.029542825650424, 2599645.182449212763458 ], [ 2493635.397646546829492, 2599645.182449212763458 ], [ 2493635.397646546829492, 2599691.551464322488755 ], [ 2493635.397646546829492, 2599737.920479432679713 ], [ 2493681.766716411802918, 2599737.920479432679713 ], [ 2493681.766716411802918, 2599784.289494542405009 ], [ 2493728.134820133447647, 2599784.289494542405009 ], [ 2493728.134820133447647, 2599830.657543490175158 ], [ 2493728.134820133447647, 2599877.026558600366116 ], [ 2493681.766716411802918, 2599877.026558600366116 ], [ 2493635.397646546829492, 2599877.026558600366116 ], [ 2493589.029542825650424, 2599877.026558600366116 ], [ 2493589.029542825650424, 2599830.657543490175158 ], [ 2493542.661439104005694, 2599830.657543490175158 ], [ 2493496.293335382360965, 2599830.657543490175158 ], [ 2493449.925231660716236, 2599830.657543490175158 ], [ 2493403.55616179574281, 2599877.026558600366116 ], [ 2493357.18805807409808, 2599877.026558600366116 ], [ 2493357.18805807409808, 2599923.395573710091412 ], [ 2493310.819954352453351, 2599923.395573710091412 ], [ 2493264.451850630808622, 2599923.395573710091412 ], [ 2493218.083746909629554, 2599923.395573710091412 ], [ 2493171.714677044656128, 2599923.395573710091412 ], [ 2493171.714677044656128, 2599969.764588819816709 ], [ 2493171.714677044656128, 2600016.132637767586857 ], [ 2493171.714677044656128, 2600062.501652877777815 ], [ 2493171.714677044656128, 2600108.870667987503111 ], [ 2493171.714677044656128, 2600155.23871693527326 ], [ 2493218.083746909629554, 2600201.607732045464218 ], [ 2493264.451850630808622, 2600201.607732045464218 ], [ 2493264.451850630808622, 2600247.976747155189514 ], [ 2493310.819954352453351, 2600247.976747155189514 ], [ 2493310.819954352453351, 2600294.345762264914811 ] ] } },
{ "type": "Feature", "properties": { }, "geometry": { "type": "LineString", "coordinates": [ [ 2486633.786932576447725, 2600294.345762264914811 ], [ 2486633.786932576447725, 2600247.976747155189514 ], [ 2486633.786932576447725, 2600201.607732045464218 ], [ 2486587.418828854802996, 2600201.607732045464218 ], [ 2486587.418828854802996, 2600155.23871693527326 ], [ 2486541.050725133158267, 2600155.23871693527326 ], [ 2486541.050725133158267, 2600108.870667987503111 ], [ 2486494.682621411513537, 2600108.870667987503111 ], [ 2486494.682621411513537, 2600062.501652877777815 ], [ 2486448.313551547005773, 2600016.132637767586857 ], [ 2486448.313551547005773, 2599969.764588819816709 ], [ 2486448.313551547005773, 2599923.395573710091412 ], [ 2486494.682621411513537, 2599923.395573710091412 ], [ 2486494.682621411513537, 2599877.026558600366116 ], [ 2486494.682621411513537, 2599923.395573710091412 ], [ 2486494.682621411513537, 2599877.026558600366116 ], [ 2486541.050725133158267, 2599923.395573710091412 ], [ 2486587.418828854802996, 2599923.395573710091412 ], [ 2486587.418828854802996, 2599877.026558600366116 ], [ 2486633.786932576447725, 2599923.395573710091412 ], [ 2486680.155036298092455, 2599923.395573710091412 ], [ 2486726.524106163065881, 2599923.395573710091412 ], [ 2486772.892209884244949, 2599923.395573710091412 ], [ 2486772.892209884244949, 2599969.764588819816709 ], [ 2486819.260313605889678, 2600016.132637767586857 ], [ 2486865.628417327534407, 2600016.132637767586857 ], [ 2486865.628417327534407, 2600062.501652877777815 ], [ 2486911.996521049179137, 2600062.501652877777815 ], [ 2486958.364624770823866, 2600062.501652877777815 ], [ 2487004.733694635797292, 2600062.501652877777815 ], [ 2487004.733694635797292, 2600016.132637767586857 ], [ 2487051.101798357442021, 2600016.132637767586857 ], [ 2487097.469902079086751, 2600016.132637767586857 ], [ 2487143.838005800265819, 2600016.132637767586857 ], [ 2487190.206109521910548, 2600016.132637767586857 ], [ 2487190.206109521910548, 2599969.764588819816709 ], [ 2487236.575179386883974, 2599969.764588819816709 ], [ 2487236.575179386883974, 2599923.395573710091412 ], [ 2487236.575179386883974, 2599877.026558600366116 ], [ 2487236.575179386883974, 2599830.657543490175158 ], [ 2487236.575179386883974, 2599784.289494542405009 ], [ 2487236.575179386883974, 2599737.920479432679713 ], [ 2487236.575179386883974, 2599691.551464322488755 ], [ 2487236.575179386883974, 2599645.182449212763458 ], [ 2487236.575179386883974, 2599598.81440026499331 ], [ 2487190.206109521910548, 2599598.81440026499331 ], [ 2487190.206109521910548, 2599552.445385155268013 ], [ 2487190.206109521910548, 2599506.076370045077056 ], [ 2487143.838005800265819, 2599506.076370045077056 ], [ 2487143.838005800265819, 2599459.707354935351759 ], [ 2487097.469902079086751, 2599459.707354935351759 ], [ 2487051.101798357442021, 2599459.707354935351759 ], [ 2487051.101798357442021, 2599506.076370045077056 ], [ 2487004.733694635797292, 2599506.076370045077056 ], [ 2486958.364624770823866, 2599506.076370045077056 ], [ 2486911.996521049179137, 2599506.076370045077056 ], [ 2486911.996521049179137, 2599552.445385155268013 ], [ 2486865.628417327534407, 2599552.445385155268013 ], [ 2486819.260313605889678, 2599552.445385155268013 ], [ 2486772.892209884244949, 2599552.445385155268013 ], [ 2486772.892209884244949, 2599506.076370045077056 ], [ 2486726.524106163065881, 2599506.076370045077056 ], [ 2486726.524106163065881, 2599459.707354935351759 ], [ 2486680.155036298092455, 2599459.707354935351759 ], [ 2486680.155036298092455, 2599413.339305987581611 ], [ 2486680.155036298092455, 2599366.970290877856314 ], [ 2486680.155036298092455, 2599320.601275767665356 ], [ 2486726.524106163065881, 2599320.601275767665356 ], [ 2486726.524106163065881, 2599274.233226819895208 ], [ 2486726.524106163065881, 2599227.864211710169911 ], [ 2486772.892209884244949, 2599227.864211710169911 ], [ 2486772.892209884244949, 2599181.495196599978954 ], [ 2486772.892209884244949, 2599135.126181490253657 ], [ 2486772.892209884244949, 2599088.758132542483509 ], [ 2486726.524106163065881, 2599088.758132542483509 ], [ 2486680.155036298092455, 2599088.758132542483509 ], [ 2486633.786932576447725, 2599088.758132542483509 ], [ 2486587.418828854802996, 2599088.758132542483509 ], [ 2486587.418828854802996, 2599135.126181490253657 ], [ 2486587.418828854802996, 2599181.495196599978954 ], [ 2486541.050725133158267, 2599181.495196599978954 ], [ 2486541.050725133158267, 2599227.864211710169911 ], [ 2486541.050725133158267, 2599274.233226819895208 ], [ 2486541.050725133158267, 2599320.601275767665356 ], [ 2486541.050725133158267, 2599366.970290877856314 ], [ 2486587.418828854802996, 2599366.970290877856314 ], [ 2486587.418828854802996, 2599413.339305987581611 ], [ 2486587.418828854802996, 2599459.707354935351759 ], [ 2486541.050725133158267, 2599459.707354935351759 ], [ 2486541.050725133158267, 2599506.076370045077056 ], [ 2486541.050725133158267, 2599552.445385155268013 ], [ 2486494.682621411513537, 2599552.445385155268013 ], [ 2486448.313551547005773, 2599598.81440026499331 ], [ 2486401.945447825361043, 2599598.81440026499331 ], [ 2486401.945447825361043, 2599552.445385155268013 ], [ 2486401.945447825361043, 2599506.076370045077056 ], [ 2486355.577344103716314, 2599506.076370045077056 ], [ 2486355.577344103716314, 2599459.707354935351759 ], [ 2486355.577344103716314, 2599413.339305987581611 ], [ 2486355.577344103716314, 2599366.970290877856314 ], [ 2486355.577344103716314, 2599320.601275767665356 ], [ 2486309.209240382071584, 2599320.601275767665356 ], [ 2486309.209240382071584, 2599274.233226819895208 ], [ 2486309.209240382071584, 2599227.864211710169911 ], [ 2486262.841136660426855, 2599227.864211710169911 ], [ 2486262.841136660426855, 2599181.495196599978954 ], [ 2486216.472066795919091, 2599181.495196599978954 ], [ 2486216.472066795919091, 2599135.126181490253657 ], [ 2486216.472066795919091, 2599088.758132542483509 ], [ 2486216.472066795919091, 2599042.389117432758212 ], [ 2486262.841136660426855, 2599042.389117432758212 ], [ 2486309.209240382071584, 2599042.389117432758212 ], [ 2486309.209240382071584, 2599088.758132542483509 ], [ 2486355.577344103716314, 2599088.758132542483509 ], [ 2486401.945447825361043, 2599088.758132542483509 ], [ 2486448.313551547005773, 2599088.758132542483509 ], [ 2486448.313551547005773, 2599042.389117432758212 ], [ 2486448.313551547005773, 2598996.020102322567254 ], [ 2486494.682621411513537, 2598996.020102322567254 ], [ 2486494.682621411513537, 2598949.651087212841958 ], [ 2486448.313551547005773, 2598949.651087212841958 ], [ 2486448.313551547005773, 2598903.283038265071809 ], [ 2486401.945447825361043, 2598856.914023154880852 ], [ 2486355.577344103716314, 2598810.545008045155555 ], [ 2486309.209240382071584, 2598810.545008045155555 ], [ 2486262.841136660426855, 2598810.545008045155555 ], [ 2486216.472066795919091, 2598810.545008045155555 ], [ 2486170.103963074274361, 2598810.545008045155555 ], [ 2486123.735859352629632, 2598810.545008045155555 ], [ 2486123.735859352629632, 2598856.914023154880852 ], [ 2486077.367755630984902, 2598856.914023154880852 ], [ 2486077.367755630984902, 2598903.283038265071809 ], [ 2486030.999651909340173, 2598949.651087212841958 ], [ 2486030.999651909340173, 2598996.020102322567254 ], [ 2485984.631548187695444, 2598996.020102322567254 ], [ 2485984.631548187695444, 2599042.389117432758212 ], [ 2485938.262478323187679, 2599088.758132542483509 ], [ 2485938.262478323187679, 2599135.126181490253657 ], [ 2485891.89437460154295, 2599135.126181490253657 ], [ 2485845.52627087989822, 2599135.126181490253657 ], [ 2485845.52627087989822, 2599181.495196599978954 ], [ 2485799.158167158253491, 2599181.495196599978954 ], [ 2485799.158167158253491, 2599227.864211710169911 ], [ 2485752.790063436608762, 2599274.233226819895208 ], [ 2485752.790063436608762, 2599320.601275767665356 ], [ 2485752.790063436608762, 2599366.970290877856314 ], [ 2485752.790063436608762, 2599413.339305987581611 ], [ 2485752.790063436608762, 2599459.707354935351759 ], [ 2485799.158167158253491, 2599459.707354935351759 ], [ 2485799.158167158253491, 2599506.076370045077056 ], [ 2485799.158167158253491, 2599552.445385155268013 ], [ 2485799.158167158253491, 2599598.81440026499331 ], [ 2485799.158167158253491, 2599645.182449212763458 ], [ 2485752.790063436608762, 2599645.182449212763458 ], [ 2485706.420993571635336, 2599645.182449212763458 ], [ 2485660.052889850456268, 2599645.182449212763458 ], [ 2485613.684786128811538, 2599645.182449212763458 ], [ 2485567.316682407166809, 2599645.182449212763458 ], [ 2485520.948578685522079, 2599645.182449212763458 ], [ 2485474.579508820548654, 2599645.182449212763458 ], [ 2485428.211405098903924, 2599598.81440026499331 ], [ 2485381.843301377259195, 2599598.81440026499331 ], [ 2485335.475197655614465, 2599598.81440026499331 ], [ 2485242.738990212790668, 2599598.81440026499331 ], [ 2485196.369920347817242, 2599598.81440026499331 ], [ 2485150.001816626172513, 2599598.81440026499331 ], [ 2485150.001816626172513, 2599552.445385155268013 ], [ 2485103.633712904527783, 2599552.445385155268013 ], [ 2485057.265609182883054, 2599552.445385155268013 ], [ 2485057.265609182883054, 2599506.076370045077056 ], [ 2485010.897505461238325, 2599506.076370045077056 ], [ 2485010.897505461238325, 2599459.707354935351759 ], [ 2485010.897505461238325, 2599413.339305987581611 ], [ 2485010.897505461238325, 2599366.970290877856314 ], [ 2484964.52843559673056, 2599366.970290877856314 ], [ 2484964.52843559673056, 2599320.601275767665356 ], [ 2484918.160331875085831, 2599320.601275767665356 ], [ 2484871.792228153441101, 2599320.601275767665356 ], [ 2484825.424124431796372, 2599320.601275767665356 ], [ 2484779.056020710151643, 2599320.601275767665356 ], [ 2484779.056020710151643, 2599366.970290877856314 ], [ 2484732.686950845643878, 2599366.970290877856314 ], [ 2484732.686950845643878, 2599413.339305987581611 ], [ 2484732.686950845643878, 2599459.707354935351759 ], [ 2484732.686950845643878, 2599506.076370045077056 ], [ 2484686.318847123999149, 2599552.445385155268013 ], [ 2484732.686950845643878, 2599552.445385155268013 ], [ 2484732.686950845643878, 2599598.81440026499331 ], [ 2484779.056020710151643, 2599598.81440026499331 ], [ 2484825.424124431796372, 2599645.182449212763458 ], [ 2484871.792228153441101, 2599691.551464322488755 ], [ 2484918.160331875085831, 2599691.551464322488755 ], [ 2484918.160331875085831, 2599737.920479432679713 ], [ 2484964.52843559673056, 2599737.920479432679713 ], [ 2485010.897505461238325, 2599737.920479432679713 ], [ 2485010.897505461238325, 2599784.289494542405009 ], [ 2485057.265609182883054, 2599784.289494542405009 ], [ 2485057.265609182883054, 2599830.657543490175158 ], [ 2485103.633712904527783, 2599830.657543490175158 ], [ 2485103.633712904527783, 2599877.026558600366116 ], [ 2485103.633712904527783, 2599923.395573710091412 ], [ 2485103.633712904527783, 2599969.764588819816709 ], [ 2485150.001816626172513, 2599969.764588819816709 ], [ 2485150.001816626172513, 2600016.132637767586857 ], [ 2485196.369920347817242, 2600016.132637767586857 ], [ 2485242.738990212790668, 2600016.132637767586857 ], [ 2485289.107093934435397, 2599969.764588819816709 ], [ 2485289.107093934435397, 2599923.395573710091412 ], [ 2485335.475197655614465, 2599923.395573710091412 ], [ 2485335.475197655614465, 2599877.026558600366116 ], [ 2485381.843301377259195, 2599877.026558600366116 ], [ 2485381.843301377259195, 2599830.657543490175158 ], [ 2485428.211405098903924, 2599830.657543490175158 ], [ 2485474.579508820548654, 2599830.657543490175158 ], [ 2485520.948578685522079, 2599784.289494542405009 ], [ 2485567.316682407166809, 2599784.289494542405009 ], [ 2485613.684786128811538, 2599784.289494542405009 ], [ 2485660.052889850456268, 2599784.289494542405009 ], [ 2485706.420993571635336, 2599784.289494542405009 ], [ 2485752.790063436608762, 2599784.289494542405009 ], [ 2485799.158167158253491, 2599830.657543490175158 ], [ 2485845.52627087989822, 2599877.026558600366116 ], [ 2485845.52627087989822, 2599923.395573710091412 ], [ 2485845.52627087989822, 2599969.764588819816709 ], [ 2485891.89437460154295, 2600016.132637767586857 ], [ 2485891.89437460154295, 2600062.501652877777815 ], [ 2485891.89437460154295, 2600108.870667987503111 ], [ 2485891.89437460154295, 2600155.23871693527326 ], [ 2485891.89437460154295, 2600201.607732045464218 ], [ 2485891.89437460154295, 2600247.976747155189514 ], [ 2485891.89437460154295, 2600294.345762264914811 ] ] } },
{ "type": "Feature", "properties": { }, "geometry": { "type": "LineString", "coordinates": [ [ 2518349.69354447722435, 2592921.712938599754125 ], [ 2518349.69354447722435, 2592875.344889651518315 ], [ 2518303.325440755579621, 2592875.344889651518315 ], [ 2518303.325440755579621, 2592828.975874541793019 ], [ 2518256.957337033934891, 2592828.975874541793019 ], [ 2518256.957337033934891, 2592782.606859432067722 ], [ 2518256.957337033934891, 2592736.237844321876764 ], [ 2518256.957337033934891, 2592689.869795374106616 ], [ 2518303.325440755579621, 2592689.869795374106616 ], [ 2518303.325440755579621, 2592643.500780264381319 ], [ 2518303.325440755579621, 2592597.131765154656023 ], [ 2518349.69354447722435, 2592597.131765154656023 ], [ 2518349.69354447722435, 2592550.762750044465065 ], [ 2518349.69354447722435, 2592504.394701096694916 ], [ 2518349.69354447722435, 2592458.02568598696962 ], [ 2518349.69354447722435, 2592411.656670876778662 ], [ 2518396.061648198869079, 2592411.656670876778662 ], [ 2518396.061648198869079, 2592365.288621929008514 ], [ 2518442.429751920513809, 2592365.288621929008514 ], [ 2518488.797855642158538, 2592365.288621929008514 ], [ 2518488.797855642158538, 2592318.919606819283217 ], [ 2518535.166925506666303, 2592318.919606819283217 ], [ 2518581.535029228311032, 2592318.919606819283217 ], [ 2518627.903132949955761, 2592318.919606819283217 ], [ 2518674.271236671600491, 2592318.919606819283217 ], [ 2518720.63934039324522, 2592318.919606819283217 ], [ 2518767.008410258218646, 2592318.919606819283217 ], [ 2518767.008410258218646, 2592272.550591709557921 ], [ 2518813.376513979863375, 2592318.919606819283217 ], [ 2518859.744617701042444, 2592318.919606819283217 ], [ 2518859.744617701042444, 2592365.288621929008514 ], [ 2518906.112721422687173, 2592411.656670876778662 ], [ 2518859.744617701042444, 2592458.02568598696962 ], [ 2518859.744617701042444, 2592504.394701096694916 ], [ 2518813.376513979863375, 2592504.394701096694916 ], [ 2518767.008410258218646, 2592504.394701096694916 ], [ 2518720.63934039324522, 2592504.394701096694916 ], [ 2518674.271236671600491, 2592504.394701096694916 ], [ 2518627.903132949955761, 2592550.762750044465065 ], [ 2518627.903132949955761, 2592597.131765154656023 ], [ 2518581.535029228311032, 2592597.131765154656023 ], [ 2518581.535029228311032, 2592643.500780264381319 ], [ 2518627.903132949955761, 2592643.500780264381319 ], [ 2518627.903132949955761, 2592689.869795374106616 ], [ 2518627.903132949955761, 2592736.237844321876764 ], [ 2518674.271236671600491, 2592782.606859432067722 ], [ 2518674.271236671600491, 2592828.975874541793019 ], [ 2518720.63934039324522, 2592875.344889651518315 ], [ 2518720.63934039324522, 2592921.712938599754125 ], [ 2518767.008410258218646, 2592921.712938599754125 ], [ 2518767.008410258218646, 2592968.081953709479421 ], [ 2518813.376513979863375, 2592968.081953709479421 ], [ 2518813.376513979863375, 2593014.450968819204718 ], [ 2518859.744617701042444, 2593014.450968819204718 ], [ 2518859.744617701042444, 2593060.819983929395676 ], [ 2518859.744617701042444, 2593107.188032877165824 ], [ 2518906.112721422687173, 2593107.188032877165824 ], [ 2518906.112721422687173, 2593153.557047986891121 ], [ 2518952.480825144331902, 2593153.557047986891121 ], [ 2518952.480825144331902, 2593199.926063096616417 ], [ 2518998.849895009305328, 2593199.926063096616417 ], [ 2518998.849895009305328, 2593246.294112044852227 ], [ 2519045.217998730950058, 2593246.294112044852227 ], [ 2519045.217998730950058, 2593292.663127154577523 ], [ 2519091.586102452594787, 2593292.663127154577523 ], [ 2519091.586102452594787, 2593339.03214226430282 ], [ 2519137.954206174239516, 2593339.03214226430282 ], [ 2519184.322309895884246, 2593339.03214226430282 ], [ 2519230.690413617528975, 2593339.03214226430282 ], [ 2519277.05948348203674, 2593292.663127154577523 ], [ 2519323.427587203681469, 2593292.663127154577523 ], [ 2519323.427587203681469, 2593246.294112044852227 ], [ 2519323.427587203681469, 2593199.926063096616417 ], [ 2519323.427587203681469, 2593153.557047986891121 ], [ 2519277.05948348203674, 2593153.557047986891121 ], [ 2519277.05948348203674, 2593107.188032877165824 ], [ 2519230.690413617528975, 2593107.188032877165824 ], [ 2519184.322309895884246, 2593107.188032877165824 ], [ 2519184.322309895884246, 2593060.819983929395676 ], [ 2519137.954206174239516, 2593060.819983929395676 ], [ 2519137.954206174239516, 2593014.450968819204718 ], [ 2519137.954206174239516, 2592968.081953709479421 ], [ 2519184.322309895884246, 2592921.712938599754125 ], [ 2519230.690413617528975, 2592875.344889651518315 ], [ 2519230.690413617528975, 2592828.975874541793019 ], [ 2519277.05948348203674, 2592828.975874541793019 ], [ 2519277.05948348203674, 2592782.606859432067722 ], [ 2519323.427587203681469, 2592736.237844321876764 ], [ 2519323.427587203681469, 2592689.869795374106616 ], [ 2519323.427587203681469, 2592643.500780264381319 ], [ 2519369.795690925326198, 2592643.500780264381319 ], [ 2519369.795690925326198, 2592597.131765154656023 ], [ 2519416.163794646970928, 2592597.131765154656023 ], [ 2519416.163794646970928, 2592550.762750044465065 ], [ 2519462.531898368615657, 2592550.762750044465065 ], [ 2519508.900968233123422, 2592550.762750044465065 ], [ 2519555.269071954768151, 2592550.762750044465065 ], [ 2519555.269071954768151, 2592597.131765154656023 ], [ 2519601.63717567641288, 2592597.131765154656023 ], [ 2519648.00527939805761, 2592597.131765154656023 ], [ 2519648.00527939805761, 2592643.500780264381319 ], [ 2519694.373383119702339, 2592643.500780264381319 ], [ 2519694.373383119702339, 2592689.869795374106616 ], [ 2519740.742452984210104, 2592689.869795374106616 ], [ 2519740.742452984210104, 2592736.237844321876764 ], [ 2519740.742452984210104, 2592782.606859432067722 ], [ 2519740.742452984210104, 2592828.975874541793019 ], [ 2519787.110556705854833, 2592875.344889651518315 ], [ 2519787.110556705854833, 2592921.712938599754125 ], [ 2519787.110556705854833, 2592968.081953709479421 ], [ 2519787.110556705854833, 2593014.450968819204718 ], [ 2519833.478660427499563, 2593014.450968819204718 ], [ 2519833.478660427499563, 2593060.819983929395676 ], [ 2519833.478660427499563, 2593107.188032877165824 ], [ 2519879.846764149144292, 2593107.188032877165824 ], [ 2519926.214867870789021, 2593107.188032877165824 ], [ 2519926.214867870789021, 2593153.557047986891121 ], [ 2519972.582971592433751, 2593153.557047986891121 ], [ 2519972.582971592433751, 2593199.926063096616417 ], [ 2520018.952041456941515, 2593199.926063096616417 ], [ 2520065.320145178586245, 2593246.294112044852227 ], [ 2520111.688248900230974, 2593246.294112044852227 ], [ 2520111.688248900230974, 2593292.663127154577523 ], [ 2520158.056352621875703, 2593292.663127154577523 ], [ 2520204.424456343520433, 2593292.663127154577523 ], [ 2520250.793526208493859, 2593292.663127154577523 ], [ 2520250.793526208493859, 2593339.03214226430282 ], [ 2520297.161629929672927, 2593339.03214226430282 ], [ 2520343.529733651317656, 2593339.03214226430282 ], [ 2520389.897837372962385, 2593339.03214226430282 ], [ 2520436.265941094607115, 2593339.03214226430282 ], [ 2520482.635010959580541, 2593339.03214226430282 ], [ 2520529.00311468122527, 2593339.03214226430282 ], [ 2520529.00311468122527, 2593292.663127154577523 ], [ 2520575.371218402869999, 2593292.663127154577523 ], [ 2520621.739322124514729, 2593292.663127154577523 ], [ 2520668.107425846159458, 2593246.294112044852227 ], [ 2520714.475529567338526, 2593246.294112044852227 ], [ 2520714.475529567338526, 2593199.926063096616417 ], [ 2520714.475529567338526, 2593153.557047986891121 ], [ 2520714.475529567338526, 2593107.188032877165824 ], [ 2520714.475529567338526, 2593060.819983929395676 ], [ 2520714.475529567338526, 2593014.450968819204718 ], [ 2520668.107425846159458, 2593014.450968819204718 ], [ 2520621.739322124514729, 2593014.450968819204718 ], [ 2520621.739322124514729, 2592968.081953709479421 ], [ 2520621.739322124514729, 2593014.450968819204718 ], [ 2520575.371218402869999, 2592968.081953709479421 ], [ 2520575.371218402869999, 2593014.450968819204718 ], [ 2520529.00311468122527, 2593014.450968819204718 ], [ 2520529.00311468122527, 2593060.819983929395676 ], [ 2520482.635010959580541, 2593060.819983929395676 ], [ 2520436.265941094607115, 2593060.819983929395676 ], [ 2520436.265941094607115, 2593107.188032877165824 ], [ 2520389.897837372962385, 2593107.188032877165824 ], [ 2520343.529733651317656, 2593107.188032877165824 ], [ 2520343.529733651317656, 2593060.819983929395676 ], [ 2520297.161629929672927, 2593060.819983929395676 ], [ 2520297.161629929672927, 2593014.450968819204718 ], [ 2520250.793526208493859, 2593014.450968819204718 ], [ 2520204.424456343520433, 2593014.450968819204718 ], [ 2520158.056352621875703, 2593014.450968819204718 ], [ 2520111.688248900230974, 2593014.450968819204718 ], [ 2520065.320145178586245, 2593014.450968819204718 ], [ 2520018.952041456941515, 2592968.081953709479421 ], [ 2519972.582971592433751, 2592968.081953709479421 ], [ 2519926.214867870789021, 2592968.081953709479421 ], [ 2519926.214867870789021, 2592921.712938599754125 ], [ 2519879.846764149144292, 2592828.975874541793019 ], [ 2519879.846764149144292, 2592782.606859432067722 ], [ 2519879.846764149144292, 2592736.237844321876764 ], [ 2519926.214867870789021, 2592736.237844321876764 ], [ 2519926.214867870789021, 2592689.869795374106616 ], [ 2519972.582971592433751, 2592689.869795374106616 ], [ 2520018.952041456941515, 2592689.869795374106616 ], [ 2520065.320145178586245, 2592689.869795374106616 ], [ 2520111.688248900230974, 2592643.500780264381319 ], [ 2520111.688248900230974, 2592597.131765154656023 ], [ 2520111.688248900230974, 2592550.762750044465065 ], [ 2520111.688248900230974, 2592504.394701096694916 ], [ 2520111.688248900230974, 2592458.02568598696962 ], [ 2520065.320145178586245, 2592458.02568598696962 ], [ 2520065.320145178586245, 2592411.656670876778662 ], [ 2520065.320145178586245, 2592365.288621929008514 ], [ 2520018.952041456941515, 2592365.288621929008514 ], [ 2520018.952041456941515, 2592318.919606819283217 ], [ 2519972.582971592433751, 2592318.919606819283217 ], [ 2519972.582971592433751, 2592272.550591709557921 ], [ 2519972.582971592433751, 2592226.181576599366963 ], [ 2519972.582971592433751, 2592179.813527651596814 ], [ 2520018.952041456941515, 2592179.813527651596814 ], [ 2520018.952041456941515, 2592133.444512541871518 ], [ 2520018.952041456941515, 2592040.706482321955264 ], [ 2520065.320145178586245, 2592040.706482321955264 ], [ 2520065.320145178586245, 2591994.338433374185115 ], [ 2520111.688248900230974, 2591994.338433374185115 ], [ 2520111.688248900230974, 2591947.969418264459819 ], [ 2520158.056352621875703, 2591947.969418264459819 ], [ 2520158.056352621875703, 2591994.338433374185115 ], [ 2520204.424456343520433, 2591994.338433374185115 ], [ 2520204.424456343520433, 2592040.706482321955264 ], [ 2520250.793526208493859, 2592040.706482321955264 ], [ 2520250.793526208493859, 2592087.07549743168056 ], [ 2520250.793526208493859, 2592133.444512541871518 ], [ 2520297.161629929672927, 2592179.813527651596814 ], [ 2520297.161629929672927, 2592226.181576599366963 ], [ 2520343.529733651317656, 2592226.181576599366963 ], [ 2520343.529733651317656, 2592272.550591709557921 ], [ 2520389.897837372962385, 2592272.550591709557921 ], [ 2520389.897837372962385, 2592318.919606819283217 ], [ 2520436.265941094607115, 2592318.919606819283217 ], [ 2520436.265941094607115, 2592365.288621929008514 ], [ 2520482.635010959580541, 2592411.656670876778662 ], [ 2520482.635010959580541, 2592458.02568598696962 ], [ 2520529.00311468122527, 2592458.02568598696962 ], [ 2520529.00311468122527, 2592504.394701096694916 ], [ 2520529.00311468122527, 2592550.762750044465065 ], [ 2520529.00311468122527, 2592597.131765154656023 ], [ 2520575.371218402869999, 2592597.131765154656023 ], [ 2520575.371218402869999, 2592643.500780264381319 ], [ 2520621.739322124514729, 2592643.500780264381319 ], [ 2520668.107425846159458, 2592643.500780264381319 ], [ 2520668.107425846159458, 2592689.869795374106616 ], [ 2520714.475529567338526, 2592689.869795374106616 ], [ 2520714.475529567338526, 2592643.500780264381319 ], [ 2520760.844599432311952, 2592643.500780264381319 ], [ 2520807.212703153956681, 2592643.500780264381319 ], [ 2520807.212703153956681, 2592597.131765154656023 ], [ 2520807.212703153956681, 2592550.762750044465065 ], [ 2520760.844599432311952, 2592550.762750044465065 ], [ 2520760.844599432311952, 2592504.394701096694916 ], [ 2520714.475529567338526, 2592504.394701096694916 ], [ 2520714.475529567338526, 2592458.02568598696962 ], [ 2520668.107425846159458, 2592458.02568598696962 ], [ 2520668.107425846159458, 2592411.656670876778662 ], [ 2520621.739322124514729, 2592411.656670876778662 ], [ 2520621.739322124514729, 2592365.288621929008514 ], [ 2520621.739322124514729, 2592318.919606819283217 ], [ 2520575.371218402869999, 2592318.919606819283217 ], [ 2520575.371218402869999, 2592272.550591709557921 ], [ 2520529.00311468122527, 2592272.550591709557921 ], [ 2520529.00311468122527, 2592226.181576599366963 ], [ 2520482.635010959580541, 2592226.181576599366963 ], [ 2520482.635010959580541, 2592179.813527651596814 ], [ 2520482.635010959580541, 2592133.444512541871518 ], [ 2520482.635010959580541, 2592087.07549743168056 ], [ 2520482.635010959580541, 2592040.706482321955264 ], [ 2520529.00311468122527, 2592040.706482321955264 ], [ 2520529.00311468122527, 2591994.338433374185115 ], [ 2520575.371218402869999, 2591994.338433374185115 ], [ 2520621.739322124514729, 2591994.338433374185115 ], [ 2520621.739322124514729, 2591947.969418264459819 ], [ 2520668.107425846159458, 2591947.969418264459819 ], [ 2520668.107425846159458, 2591994.338433374185115 ], [ 2520714.475529567338526, 2591994.338433374185115 ], [ 2520714.475529567338526, 2592040.706482321955264 ], [ 2520714.475529567338526, 2592087.07549743168056 ], [ 2520714.475529567338526, 2592133.444512541871518 ], [ 2520714.475529567338526, 2592179.813527651596814 ], [ 2520714.475529567338526, 2592226.181576599366963 ], [ 2520760.844599432311952, 2592226.181576599366963 ], [ 2520760.844599432311952, 2592272.550591709557921 ], [ 2520760.844599432311952, 2592318.919606819283217 ], [ 2520807.212703153956681, 2592318.919606819283217 ], [ 2520807.212703153956681, 2592365.288621929008514 ], [ 2520853.580806875601411, 2592411.656670876778662 ], [ 2520853.580806875601411, 2592458.02568598696962 ], [ 2520899.94891059724614, 2592458.02568598696962 ], [ 2520899.94891059724614, 2592504.394701096694916 ], [ 2520899.94891059724614, 2592550.762750044465065 ], [ 2520946.31701431889087, 2592597.131765154656023 ], [ 2520946.31701431889087, 2592643.500780264381319 ], [ 2520992.686084183398634, 2592643.500780264381319 ], [ 2520992.686084183398634, 2592689.869795374106616 ], [ 2521039.054187905043364, 2592689.869795374106616 ], [ 2521085.422291626688093, 2592689.869795374106616 ], [ 2521085.422291626688093, 2592736.237844321876764 ], [ 2521131.790395348332822, 2592736.237844321876764 ], [ 2521131.790395348332822, 2592689.869795374106616 ], [ 2521178.158499069977552, 2592689.869795374106616 ], [ 2521224.526602791622281, 2592689.869795374106616 ], [ 2521270.895672656130046, 2592689.869795374106616 ], [ 2521317.263776377774775, 2592689.869795374106616 ], [ 2521363.631880099419504, 2592689.869795374106616 ], [ 2521363.631880099419504, 2592643.500780264381319 ], [ 2521409.999983821064234, 2592643.500780264381319 ], [ 2521409.999983821064234, 2592597.131765154656023 ], [ 2521456.368087542708963, 2592597.131765154656023 ], [ 2521456.368087542708963, 2592550.762750044465065 ], [ 2521409.999983821064234, 2592550.762750044465065 ], [ 2521409.999983821064234, 2592504.394701096694916 ], [ 2521409.999983821064234, 2592458.02568598696962 ], [ 2521363.631880099419504, 2592458.02568598696962 ], [ 2521317.263776377774775, 2592458.02568598696962 ], [ 2521317.263776377774775, 2592411.656670876778662 ], [ 2521270.895672656130046, 2592458.02568598696962 ], [ 2521224.526602791622281, 2592458.02568598696962 ], [ 2521178.158499069977552, 2592458.02568598696962 ], [ 2521131.790395348332822, 2592458.02568598696962 ], [ 2521085.422291626688093, 2592458.02568598696962 ], [ 2521039.054187905043364, 2592411.656670876778662 ], [ 2520992.686084183398634, 2592411.656670876778662 ], [ 2520992.686084183398634, 2592365.288621929008514 ], [ 2520946.31701431889087, 2592365.288621929008514 ], [ 2520899.94891059724614, 2592318.919606819283217 ], [ 2520853.580806875601411, 2592318.919606819283217 ], [ 2520853.580806875601411, 2592272.550591709557921 ], [ 2520853.580806875601411, 2592226.181576599366963 ], [ 2520853.580806875601411, 2592179.813527651596814 ], [ 2520853.580806875601411, 2592133.444512541871518 ], [ 2520899.94891059724614, 2592133.444512541871518 ], [ 2520946.31701431889087, 2592087.07549743168056 ], [ 2520992.686084183398634, 2592087.07549743168056 ], [ 2520992.686084183398634, 2592133.444512541871518 ], [ 2521039.054187905043364, 2592133.444512541871518 ], [ 2521085.422291626688093, 2592133.444512541871518 ], [ 2521131.790395348332822, 2592133.444512541871518 ], [ 2521131.790395348332822, 2592087.07549743168056 ], [ 2521131.790395348332822, 2592040.706482321955264 ], [ 2521131.790395348332822, 2591994.338433374185115 ], [ 2521131.790395348332822, 2591947.969418264459819 ], [ 2521131.790395348332822, 2591901.600403154268861 ], [ 2521131.790395348332822, 2591855.231388044543564 ], [ 2521085.422291626688093, 2591855.231388044543564 ], [ 2521085.422291626688093, 2591808.863339096773416 ], [ 2521085.422291626688093, 2591762.494323986582458 ], [ 2521085.422291626688093, 2591716.125308876857162 ], [ 2521085.422291626688093, 2591669.757259929087013 ], [ 2521085.422291626688093, 2591623.388244819361717 ], [ 2521085.422291626688093, 2591577.019229709170759 ], [ 2521085.422291626688093, 2591530.650214599445462 ], [ 2521085.422291626688093, 2591484.282165651675314 ], [ 2521131.790395348332822, 2591484.282165651675314 ], [ 2521131.790395348332822, 2591437.913150541484356 ], [ 2521131.790395348332822, 2591391.544135431759059 ], [ 2521178.158499069977552, 2591391.544135431759059 ], [ 2521178.158499069977552, 2591345.175120322033763 ], [ 2521178.158499069977552, 2591298.807071374263614 ], [ 2521224.526602791622281, 2591298.807071374263614 ], [ 2521224.526602791622281, 2591252.438056264072657 ], [ 2521270.895672656130046, 2591252.438056264072657 ], [ 2521317.263776377774775, 2591252.438056264072657 ], [ 2521363.631880099419504, 2591252.438056264072657 ], [ 2521363.631880099419504, 2591298.807071374263614 ], [ 2521363.631880099419504, 2591345.175120322033763 ], [ 2521317.263776377774775, 2591345.175120322033763 ], [ 2521317.263776377774775, 2591391.544135431759059 ], [ 2521317.263776377774775, 2591437.913150541484356 ], [ 2521317.263776377774775, 2591484.282165651675314 ], [ 2521270.895672656130046, 2591484.282165651675314 ], [ 2521270.895672656130046, 2591530.650214599445462 ], [ 2521270.895672656130046, 2591577.019229709170759 ], [ 2521270.895672656130046, 2591623.388244819361717 ], [ 2521270.895672656130046, 2591669.757259929087013 ], [ 2521317.263776377774775, 2591716.125308876857162 ], [ 2521317.263776377774775, 2591762.494323986582458 ], [ 2521363.631880099419504, 2591762.494323986582458 ], [ 2521363.631880099419504, 2591808.863339096773416 ], [ 2521409.999983821064234, 2591808.863339096773416 ], [ 2521409.999983821064234, 2591855.231388044543564 ], [ 2521456.368087542708963, 2591901.600403154268861 ], [ 2521502.737157407216728, 2591901.600403154268861 ], [ 2521549.105261128861457, 2591901.600403154268861 ], [ 2521595.473364850506186, 2591901.600403154268861 ], [ 2521595.473364850506186, 2591855.231388044543564 ], [ 2521641.841468572150916, 2591855.231388044543564 ], [ 2521641.841468572150916, 2591808.863339096773416 ], [ 2521641.841468572150916, 2591762.494323986582458 ], [ 2521641.841468572150916, 2591716.125308876857162 ], [ 2521641.841468572150916, 2591669.757259929087013 ], [ 2521595.473364850506186, 2591669.757259929087013 ], [ 2521595.473364850506186, 2591623.388244819361717 ], [ 2521595.473364850506186, 2591577.019229709170759 ], [ 2521595.473364850506186, 2591530.650214599445462 ], [ 2521595.473364850506186, 2591484.282165651675314 ], [ 2521595.473364850506186, 2591437.913150541484356 ], [ 2521595.473364850506186, 2591391.544135431759059 ], [ 2521595.473364850506186, 2591345.175120322033763 ], [ 2521595.473364850506186, 2591298.807071374263614 ], [ 2521595.473364850506186, 2591252.438056264072657 ], [ 2521595.473364850506186, 2591206.06904115434736 ], [ 2521595.473364850506186, 2591159.700992206577212 ], [ 2521595.473364850506186, 2591113.331977096386254 ], [ 2521641.841468572150916, 2591113.331977096386254 ], [ 2521641.841468572150916, 2591066.962961986660957 ], [ 2521688.209572293795645, 2591066.962961986660957 ], [ 2521688.209572293795645, 2591020.593946876935661 ], [ 2521734.57864215830341, 2590974.225897929165512 ], [ 2521780.946745879948139, 2590974.225897929165512 ], [ 2521780.946745879948139, 2590927.856882818974555 ], [ 2521827.314849601592869, 2590927.856882818974555 ], [ 2521873.682953323237598, 2590927.856882818974555 ], [ 2521920.051057044882327, 2590927.856882818974555 ], [ 2521966.419160766527057, 2590927.856882818974555 ], [ 2521966.419160766527057, 2590974.225897929165512 ], [ 2521966.419160766527057, 2591020.593946876935661 ], [ 2521966.419160766527057, 2591066.962961986660957 ], [ 2521920.051057044882327, 2591066.962961986660957 ], [ 2521920.051057044882327, 2591113.331977096386254 ], [ 2521873.682953323237598, 2591113.331977096386254 ], [ 2521873.682953323237598, 2591159.700992206577212 ], [ 2521873.682953323237598, 2591206.06904115434736 ], [ 2521873.682953323237598, 2591252.438056264072657 ], [ 2521873.682953323237598, 2591298.807071374263614 ], [ 2521873.682953323237598, 2591345.175120322033763 ], [ 2521920.051057044882327, 2591391.544135431759059 ], [ 2521966.419160766527057, 2591437.913150541484356 ], [ 2522012.788230631500483, 2591437.913150541484356 ], [ 2522059.156334353145212, 2591437.913150541484356 ], [ 2522105.524438074789941, 2591437.913150541484356 ], [ 2522105.524438074789941, 2591391.544135431759059 ], [ 2522105.524438074789941, 2591345.175120322033763 ], [ 2522105.524438074789941, 2591298.807071374263614 ], [ 2522105.524438074789941, 2591252.438056264072657 ], [ 2522105.524438074789941, 2591206.06904115434736 ], [ 2522105.524438074789941, 2591159.700992206577212 ], [ 2522105.524438074789941, 2591113.331977096386254 ], [ 2522105.524438074789941, 2591066.962961986660957 ], [ 2522151.892541795969009, 2591066.962961986660957 ], [ 2522151.892541795969009, 2591020.593946876935661 ], [ 2522198.260645517613739, 2591020.593946876935661 ], [ 2522244.629715382587165, 2591020.593946876935661 ], [ 2522290.997819104231894, 2591020.593946876935661 ], [ 2522337.365922825876623, 2591020.593946876935661 ], [ 2522337.365922825876623, 2590974.225897929165512 ], [ 2522383.734026547521353, 2590974.225897929165512 ], [ 2522383.734026547521353, 2590927.856882818974555 ], [ 2522383.734026547521353, 2590881.487867709249258 ], [ 2522383.734026547521353, 2590835.118852599523962 ], [ 2522383.734026547521353, 2590788.750803651288152 ], [ 2522430.102130269166082, 2590742.381788541562855 ], [ 2522383.734026547521353, 2590742.381788541562855 ], [ 2522430.102130269166082, 2590742.381788541562855 ], [ 2522430.102130269166082, 2590696.012773431837559 ], [ 2522383.734026547521353, 2590696.012773431837559 ], [ 2522383.734026547521353, 2590649.643758321646601 ], [ 2522383.734026547521353, 2590603.275709373876452 ], [ 2522383.734026547521353, 2590556.906694264151156 ], [ 2522383.734026547521353, 2590510.537679154425859 ], [ 2522383.734026547521353, 2590464.16963020619005 ], [ 2522383.734026547521353, 2590417.800615096464753 ], [ 2522383.734026547521353, 2590371.431599986739457 ], [ 2522337.365922825876623, 2590325.062584876548499 ], [ 2522337.365922825876623, 2590278.69453592877835 ], [ 2522337.365922825876623, 2590232.325520819053054 ], [ 2522337.365922825876623, 2590185.956505709327757 ], [ 2522337.365922825876623, 2590139.5874905991368 ], [ 2522337.365922825876623, 2590093.219441651366651 ], [ 2522383.734026547521353, 2590093.219441651366651 ], [ 2522430.102130269166082, 2590093.219441651366651 ], [ 2522476.471200133673847, 2590093.219441651366651 ], [ 2522476.471200133673847, 2590139.5874905991368 ], [ 2522522.839303855318576, 2590139.5874905991368 ], [ 2522522.839303855318576, 2590185.956505709327757 ], [ 2522522.839303855318576, 2590232.325520819053054 ], [ 2522522.839303855318576, 2590278.69453592877835 ], [ 2522569.207407576963305, 2590278.69453592877835 ], [ 2522569.207407576963305, 2590325.062584876548499 ], [ 2522569.207407576963305, 2590371.431599986739457 ], [ 2522615.575511298608035, 2590371.431599986739457 ], [ 2522615.575511298608035, 2590417.800615096464753 ], [ 2522661.943615020252764, 2590417.800615096464753 ], [ 2522661.943615020252764, 2590464.16963020619005 ], [ 2522708.311718741897494, 2590464.16963020619005 ], [ 2522754.680788606405258, 2590464.16963020619005 ], [ 2522754.680788606405258, 2590510.537679154425859 ], [ 2522801.048892328049988, 2590510.537679154425859 ], [ 2522847.416996049694717, 2590510.537679154425859 ], [ 2522893.785099771339446, 2590510.537679154425859 ], [ 2522940.153203492984176, 2590510.537679154425859 ], [ 2522986.52227335749194, 2590510.537679154425859 ], [ 2523032.89037707913667, 2590510.537679154425859 ], [ 2523032.89037707913667, 2590464.16963020619005 ], [ 2523032.89037707913667, 2590417.800615096464753 ], [ 2523032.89037707913667, 2590371.431599986739457 ], [ 2523032.89037707913667, 2590325.062584876548499 ], [ 2522986.52227335749194, 2590325.062584876548499 ], [ 2522986.52227335749194, 2590278.69453592877835 ], [ 2522940.153203492984176, 2590278.69453592877835 ], [ 2522893.785099771339446, 2590278.69453592877835 ], [ 2522893.785099771339446, 2590232.325520819053054 ], [ 2522847.416996049694717, 2590232.325520819053054 ], [ 2522801.048892328049988, 2590232.325520819053054 ], [ 2522754.680788606405258, 2590232.325520819053054 ], [ 2522754.680788606405258, 2590185.956505709327757 ], [ 2522708.311718741897494, 2590185.956505709327757 ], [ 2522708.311718741897494, 2590139.5874905991368 ], [ 2522661.943615020252764, 2590139.5874905991368 ], [ 2522661.943615020252764, 2590093.219441651366651 ], [ 2522661.943615020252764, 2590046.850426541641355 ], [ 2522661.943615020252764, 2590000.481411431450397 ], [ 2522661.943615020252764, 2589954.1123963217251 ], [ 2522708.311718741897494, 2589954.1123963217251 ], [ 2522708.311718741897494, 2589907.744347373954952 ], [ 2522754.680788606405258, 2589907.744347373954952 ], [ 2522801.048892328049988, 2589907.744347373954952 ], [ 2522801.048892328049988, 2589861.375332264229655 ], [ 2522801.048892328049988, 2589815.006317154038697 ], [ 2522754.680788606405258, 2589768.638268206268549 ], [ 2522708.311718741897494, 2589768.638268206268549 ], [ 2522708.311718741897494, 2589722.269253096543252 ], [ 2522661.943615020252764, 2589722.269253096543252 ], [ 2522661.943615020252764, 2589675.900237986352295 ], [ 2522615.575511298608035, 2589675.900237986352295 ], [ 2522615.575511298608035, 2589629.531222876626998 ], [ 2522661.943615020252764, 2589583.16317392885685 ], [ 2522708.311718741897494, 2589536.794158819131553 ], [ 2522754.680788606405258, 2589536.794158819131553 ], [ 2522801.048892328049988, 2589536.794158819131553 ], [ 2522801.048892328049988, 2589490.425143708940595 ], [ 2522847.416996049694717, 2589490.425143708940595 ], [ 2522847.416996049694717, 2589444.056128599215299 ], [ 2522893.785099771339446, 2589444.056128599215299 ], [ 2522940.153203492984176, 2589444.056128599215299 ], [ 2522986.52227335749194, 2589444.056128599215299 ], [ 2523032.89037707913667, 2589444.056128599215299 ], [ 2523032.89037707913667, 2589490.425143708940595 ], [ 2523079.258480800781399, 2589490.425143708940595 ], [ 2523079.258480800781399, 2589536.794158819131553 ], [ 2523125.626584522426128, 2589583.16317392885685 ], [ 2523171.994688244070858, 2589583.16317392885685 ], [ 2523218.363758108578622, 2589583.16317392885685 ], [ 2523218.363758108578622, 2589536.794158819131553 ], [ 2523264.731861830223352, 2589490.425143708940595 ], [ 2523218.363758108578622, 2589490.425143708940595 ], [ 2523218.363758108578622, 2589444.056128599215299 ], [ 2523218.363758108578622, 2589397.68807965144515 ], [ 2523171.994688244070858, 2589397.68807965144515 ], [ 2523171.994688244070858, 2589351.319064541719854 ], [ 2523171.994688244070858, 2589304.950049431528896 ], [ 2523125.626584522426128, 2589304.950049431528896 ], [ 2523125.626584522426128, 2589258.582000483758748 ], [ 2523125.626584522426128, 2589212.212985374033451 ], [ 2523125.626584522426128, 2589165.843970263842493 ], [ 2523171.994688244070858, 2589165.843970263842493 ], [ 2523171.994688244070858, 2589119.474955154117197 ], [ 2523218.363758108578622, 2589119.474955154117197 ], [ 2523264.731861830223352, 2589119.474955154117197 ], [ 2523311.099965551868081, 2589119.474955154117197 ], [ 2523357.46806927351281, 2589119.474955154117197 ], [ 2523403.83617299515754, 2589073.106906206347048 ], [ 2523403.83617299515754, 2589026.737891096621752 ], [ 2523450.204276716802269, 2589026.737891096621752 ], [ 2523450.204276716802269, 2588980.368875986430794 ], [ 2523403.83617299515754, 2588980.368875986430794 ], [ 2523403.83617299515754, 2588933.999860876705498 ], [ 2523403.83617299515754, 2588887.631811928935349 ], [ 2523403.83617299515754, 2588841.262796818744391 ], [ 2523403.83617299515754, 2588794.893781709019095 ], [ 2523635.677657746244222, 2588794.893781709019095 ], [ 2523682.045761467888951, 2588841.262796818744391 ], [ 2523682.045761467888951, 2588794.893781709019095 ], [ 2523728.414831332862377, 2588794.893781709019095 ], [ 2523774.782935054507107, 2588794.893781709019095 ], [ 2523821.151038776151836, 2588794.893781709019095 ], [ 2523867.519142497796565, 2588794.893781709019095 ], [ 2523913.887246219441295, 2588841.262796818744391 ], [ 2523960.256316083949059, 2588794.893781709019095 ], [ 2524006.624419805593789, 2588794.893781709019095 ], [ 2524052.992523527238518, 2588794.893781709019095 ], [ 2524099.360627248883247, 2588841.262796818744391 ], [ 2524145.728730970527977, 2588794.893781709019095 ], [ 2524192.096834692172706, 2588794.893781709019095 ], [ 2524284.8340082783252, 2588794.893781709019095 ], [ 2524331.202112, 2588794.893781709019095 ], [ 2524794.885081502143294, 2588794.893781709019095 ], [ 2524887.621288945432752, 2588841.262796818744391 ], [ 2524933.989392667077482, 2588841.262796818744391 ], [ 2524933.989392667077482, 2588794.893781709019095 ], [ 2524980.358462531585246, 2588841.262796818744391 ], [ 2525026.726566253229976, 2588841.262796818744391 ], [ 2525073.094669974874705, 2588794.893781709019095 ], [ 2525073.094669974874705, 2588841.262796818744391 ], [ 2525119.462773696519434, 2588794.893781709019095 ], [ 2525351.304258448071778, 2588794.893781709019095 ], [ 2525397.672362169250846, 2588794.893781709019095 ], [ 2525397.672362169250846, 2588841.262796818744391 ], [ 2525444.040465890895575, 2588794.893781709019095 ], [ 2525722.251020506955683, 2588794.893781709019095 ], [ 2525768.619124228600413, 2588794.893781709019095 ], [ 2525954.092505258042365, 2588794.893781709019095 ], [ 2526046.828712701331824, 2588794.893781709019095 ], [ 2526093.196816422976553, 2588841.262796818744391 ], [ 2526139.564920144621283, 2588794.893781709019095 ], [ 2526232.302093730773777, 2588794.893781709019095 ], [ 2526556.879785925149918, 2588794.893781709019095 ], [ 2527298.772343900520355, 2588794.893781709019095 ], [ 2529014.398944601882249, 2588794.893781709019095 ], [ 2529107.135152045171708, 2588794.893781709019095 ], [ 2529849.027710020076483, 2588794.893781709019095 ], [ 2531379.180929691996425, 2588794.893781709019095 ], [ 2531889.232002915814519, 2588794.893781709019095 ], [ 2533048.439426671713591, 2588794.893781709019095 ], [ 2533094.80753039335832, 2588794.893781709019095 ], [ 2533280.280911423265934, 2588794.893781709019095 ], [ 2533836.700088368728757, 2588794.893781709019095 ], [ 2533883.068192090373486, 2588794.893781709019095 ], [ 2534068.541573119815439, 2588794.893781709019095 ], [ 2534764.066027373075485, 2588794.893781709019095 ], [ 2535181.380893154069781, 2588794.893781709019095 ], [ 2535505.958585348445922, 2588794.893781709019095 ], [ 2536386.956420631613582, 2588794.893781709019095 ], [ 2538380.792609805706888, 2588748.524766599293798 ], [ 2538844.474613165017217, 2588748.524766599293798 ], [ 2539864.577725755982101, 2588748.524766599293798 ], [ 2540467.365006423089653, 2588748.524766599293798 ], [ 2540699.206491174176335, 2588748.524766599293798 ], [ 2541070.152287090197206, 2588748.524766599293798 ], [ 2541394.730945427902043, 2588748.524766599293798 ], [ 2541487.467152871191502, 2588748.524766599293798 ], [ 2541812.044845065567642, 2588748.524766599293798 ], [ 2542090.255399681162089, 2588748.524766599293798 ], [ 2542600.306472905445844, 2588748.524766599293798 ], [ 2542832.147957656532526, 2588748.524766599293798 ], [ 2543713.14482679637149, 2588748.524766599293798 ], [ 2543944.986311547458172, 2588748.524766599293798 ], [ 2543991.354415269102901, 2588748.524766599293798 ], [ 2544501.405488492920995, 2588748.524766599293798 ], [ 2544872.352250552270561, 2588748.524766599293798 ], [ 2545336.035220054443926, 2588748.524766599293798 ], [ 2546448.873573945835233, 2588748.524766599293798 ], [ 2546495.241677667479962, 2588748.524766599293798 ], [ 2547190.766131920740008, 2588702.15671765152365 ], [ 2547376.239512950181961, 2588702.15671765152365 ], [ 2547515.343824115116149, 2588702.15671765152365 ], [ 2547793.554378731176257, 2588702.15671765152365 ], [ 2548025.394897339399904, 2588702.15671765152365 ], [ 2549555.549083154182881, 2588702.15671765152365 ], [ 2550297.441641129087657, 2588702.15671765152365 ], [ 2551317.543787577189505, 2588702.15671765152365 ], [ 2551456.648098742123693, 2588702.15671765152365 ], [ 2552430.382141468115151, 2588702.15671765152365 ], [ 2553033.1703882785514, 2588702.15671765152365 ], [ 2554331.48212319938466, 2588655.787702541332692 ], [ 2554470.586434364318848, 2588655.787702541332692 ], [ 2554563.323607950471342, 2588655.787702541332692 ], [ 2555258.848062203731388, 2588655.787702541332692 ], [ 2555490.689546955283731, 2588655.787702541332692 ], [ 2555537.057650676928461, 2588655.787702541332692 ], [ 2556789.00128187565133, 2588655.787702541332692 ], [ 2556789.00128187565133, 2586661.931646761018783 ], [ 2556789.00128187565133, 2585966.400284761097282 ], [ 2556789.00128187565133, 2585549.081081096082926 ], [ 2556789.00128187565133, 2584343.493451373185962 ], [ 2556789.00128187565133, 2583277.011900818441063 ], [ 2556742.6331781540066, 2581654.106033592950553 ], [ 2556742.6331781540066, 2581514.998988263309002 ], [ 2556742.6331781540066, 2579474.773917372804135 ], [ 2556742.6331781540066, 2578408.292366818059236 ], [ 2556742.6331781540066, 2577573.654925650451332 ], [ 2558782.837471050210297, 2577573.654925650451332 ], [ 2559153.783266966231167, 2577573.654925650451332 ], [ 2560405.726898164954036, 2577573.654925650451332 ], [ 2560823.041763945948333, 2577573.654925650451332 ], [ 2562167.72160258796066, 2577573.654925650451332 ], [ 2563280.560922622215003, 2577527.285910540260375 ], [ 2563744.243892124854028, 2577527.285910540260375 ], [ 2565691.711977577302605, 2577527.285910540260375 ], [ 2565969.921566050034016, 2577527.285910540260375 ], [ 2566943.655608776491135, 2577527.285910540260375 ], [ 2568056.493962667416781, 2577527.285910540260375 ], [ 2570143.067325428128242, 2577480.917861592490226 ], [ 2570884.959883403033018, 2577480.917861592490226 ], [ 2570931.327987124677747, 2577480.917861592490226 ], [ 2571163.16947187576443, 2577480.917861592490226 ], [ 2571255.905679319053888, 2577480.917861592490226 ], [ 2571719.588648821692914, 2577480.917861592490226 ], [ 2571719.588648821692914, 2576089.855137592181563 ], [ 2571719.588648821692914, 2575858.011028205044568 ], [ 2571719.588648821692914, 2575301.585745372343808 ], [ 2571719.588648821692914, 2575069.742602147161961 ], [ 2571719.588648821692914, 2575023.373587037436664 ], [ 2571719.588648821692914, 2574977.004571927711368 ], [ 2571765.956752543337643, 2574930.63555681752041 ], [ 2571765.956752543337643, 2574884.267507869750261 ], [ 2571719.588648821692914, 2574837.898492760024965 ], [ 2571719.588648821692914, 2574791.529477649834007 ], [ 2571719.588648821692914, 2574745.160462540108711 ], [ 2571719.588648821692914, 2574698.792413592338562 ], [ 2571673.220545100048184, 2573956.892036482226104 ], [ 2571673.220545100048184, 2573910.523021372500807 ], [ 2571534.1152677917853, 2572936.779501037206501 ], [ 2571534.1152677917853, 2572844.042436979245394 ], [ 2571534.1152677917853, 2572797.673421869520098 ], [ 2571534.1152677917853, 2572751.304406759794801 ], [ 2571534.1152677917853, 2572704.935391649603844 ], [ 2571487.747164070606232, 2572612.198327592108399 ], [ 2571441.379060348961502, 2572519.460297372192144 ], [ 2571441.379060348961502, 2572473.092248424421996 ], [ 2571395.010956627316773, 2572333.985203094780445 ], [ 2571255.905679319053888, 2571545.716777036897838 ], [ 2571070.432298289611936, 2570525.604241591878235 ], [ 2570931.327987124677747, 2569505.491706146858633 ], [ 2570884.959883403033018, 2569227.278581649530679 ], [ 2570838.590813538525254, 2569088.172502481844276 ], [ 2570560.381225065793842, 2567511.634684204123914 ], [ 2570467.645017622504383, 2566908.841352424118668 ], [ 2570282.171636593062431, 2565935.096865926403552 ], [ 2570235.803532871417701, 2565517.778628423810005 ], [ 2570050.330151841975749, 2564497.666092978790402 ], [ 2569864.856770812068135, 2563523.921606481540948 ], [ 2569679.384355925954878, 2562411.072006978560239 ], [ 2569633.016252204310149, 2562364.702991868369281 ], [ 2569586.647182339336723, 2561993.752803313545883 ], [ 2569586.647182339336723, 2561901.015739256050438 ], [ 2569540.279078617691994, 2561483.696535591036081 ], [ 2569493.910974896047264, 2561483.696535591036081 ], [ 2569447.542871174402535, 2561483.696535591036081 ], [ 2569401.174767452757806, 2561483.696535591036081 ], [ 2569401.174767452757806, 2561437.328486643265933 ], [ 2569401.174767452757806, 2561390.959471533074975 ], [ 2569354.805697588250041, 2561390.959471533074975 ], [ 2569354.805697588250041, 2561344.590456423349679 ], [ 2569308.437593866605312, 2561344.590456423349679 ], [ 2569262.069490144960582, 2561344.590456423349679 ], [ 2569215.701386423315853, 2561344.590456423349679 ], [ 2569169.333282701671124, 2561344.590456423349679 ], [ 2569122.964212837163359, 2561344.590456423349679 ], [ 2569122.964212837163359, 2561390.959471533074975 ], [ 2569122.964212837163359, 2561437.328486643265933 ], [ 2569076.59610911551863, 2561437.328486643265933 ], [ 2569076.59610911551863, 2561483.696535591036081 ], [ 2569030.2280053938739, 2561483.696535591036081 ], [ 2569030.2280053938739, 2561530.065550700761378 ], [ 2568983.859901672229171, 2561530.065550700761378 ], [ 2568983.859901672229171, 2561576.434565810952336 ], [ 2568937.491797950584441, 2561576.434565810952336 ], [ 2568891.123694228939712, 2561576.434565810952336 ], [ 2568891.123694228939712, 2561622.802614758722484 ], [ 2568891.123694228939712, 2561669.171629868447781 ], [ 2568891.123694228939712, 2561715.540644978173077 ], [ 2568844.754624364431947, 2561715.540644978173077 ], [ 2568798.386520642787218, 2561715.540644978173077 ], [ 2568798.386520642787218, 2561669.171629868447781 ], [ 2568752.018416921142489, 2561669.171629868447781 ], [ 2568705.650313199497759, 2561669.171629868447781 ], [ 2568705.650313199497759, 2561715.540644978173077 ], [ 2568659.28220947785303, 2561715.540644978173077 ], [ 2568659.28220947785303, 2561761.909660088364035 ], [ 2568659.28220947785303, 2561808.277709036134183 ], [ 2568659.28220947785303, 2561854.64672414585948 ], [ 2568659.28220947785303, 2561901.015739256050438 ], [ 2568612.913139613345265, 2561901.015739256050438 ], [ 2568612.913139613345265, 2561947.384754365775734 ], [ 2568566.545035891700536, 2561947.384754365775734 ], [ 2568566.545035891700536, 2561993.752803313545883 ], [ 2568566.545035891700536, 2562040.121818423271179 ], [ 2568566.545035891700536, 2562086.490833533462137 ], [ 2568612.913139613345265, 2562086.490833533462137 ], [ 2568612.913139613345265, 2562132.858882481232285 ], [ 2568659.28220947785303, 2562132.858882481232285 ], [ 2568659.28220947785303, 2562179.227897590957582 ], [ 2568659.28220947785303, 2562225.59691270114854 ], [ 2568612.913139613345265, 2562225.59691270114854 ], [ 2568612.913139613345265, 2562271.965927810873836 ], [ 2568566.545035891700536, 2562271.965927810873836 ], [ 2568520.176932170055807, 2562271.965927810873836 ], [ 2568520.176932170055807, 2562318.333976758643985 ], [ 2568473.808828448411077, 2562318.333976758643985 ], [ 2568427.440724726766348, 2562318.333976758643985 ], [ 2568381.071654861792922, 2562318.333976758643985 ], [ 2568381.071654861792922, 2562271.965927810873836 ], [ 2568334.703551140148193, 2562271.965927810873836 ], [ 2568288.335447418503463, 2562271.965927810873836 ], [ 2568241.967343697324395, 2562271.965927810873836 ], [ 2568241.967343697324395, 2562318.333976758643985 ], [ 2568195.599239975679666, 2562318.333976758643985 ], [ 2568195.599239975679666, 2562364.702991868369281 ], [ 2568149.231136254034936, 2562364.702991868369281 ], [ 2568102.862066389061511, 2562364.702991868369281 ], [ 2568056.493962667416781, 2562364.702991868369281 ], [ 2568010.125858945772052, 2562364.702991868369281 ], [ 2568010.125858945772052, 2562411.072006978560239 ], [ 2567963.757755224127322, 2562411.072006978560239 ], [ 2567963.757755224127322, 2562457.441022088285536 ], [ 2567917.389651502482593, 2562457.441022088285536 ], [ 2567917.389651502482593, 2562411.072006978560239 ], [ 2567871.020581637974828, 2562411.072006978560239 ], [ 2567824.652477916330099, 2562411.072006978560239 ], [ 2567778.28437419468537, 2562411.072006978560239 ], [ 2567731.91627047304064, 2562411.072006978560239 ], [ 2567685.548166751395911, 2562411.072006978560239 ], [ 2567639.179096886888146, 2562364.702991868369281 ], [ 2567592.810993165243417, 2562364.702991868369281 ], [ 2567592.810993165243417, 2562318.333976758643985 ], [ 2567546.442889443598688, 2562318.333976758643985 ], [ 2567500.074785721953958, 2562318.333976758643985 ], [ 2567453.706682000309229, 2562318.333976758643985 ], [ 2567453.706682000309229, 2562364.702991868369281 ], [ 2567407.3385782786645, 2562364.702991868369281 ], [ 2567407.3385782786645, 2562411.072006978560239 ], [ 2567360.969508414156735, 2562411.072006978560239 ], [ 2567360.969508414156735, 2562364.702991868369281 ], [ 2567314.601404692512006, 2562364.702991868369281 ], [ 2567268.233300970867276, 2562364.702991868369281 ], [ 2567268.233300970867276, 2562411.072006978560239 ], [ 2567221.865197249222547, 2562411.072006978560239 ], [ 2567221.865197249222547, 2562457.441022088285536 ], [ 2567175.497093527577817, 2562457.441022088285536 ], [ 2567129.128023663070053, 2562457.441022088285536 ], [ 2567129.128023663070053, 2562503.809071036055684 ], [ 2567129.128023663070053, 2562457.441022088285536 ], [ 2567082.759919941425323, 2562457.441022088285536 ], [ 2567082.759919941425323, 2562503.809071036055684 ], [ 2567036.391816219780594, 2562503.809071036055684 ], [ 2567036.391816219780594, 2562550.178086146246642 ], [ 2566990.023712498135865, 2562550.178086146246642 ], [ 2566990.023712498135865, 2562596.547101255971938 ], [ 2566943.655608776491135, 2562596.547101255971938 ], [ 2566943.655608776491135, 2562550.178086146246642 ], [ 2566943.655608776491135, 2562503.809071036055684 ], [ 2566897.287505054846406, 2562503.809071036055684 ], [ 2566850.91843518987298, 2562503.809071036055684 ], [ 2566804.550331468693912, 2562550.178086146246642 ], [ 2566758.182227747049183, 2562550.178086146246642 ], [ 2566711.814124025404453, 2562550.178086146246642 ], [ 2566665.446020303759724, 2562550.178086146246642 ], [ 2566665.446020303759724, 2562503.809071036055684 ], [ 2566665.446020303759724, 2562457.441022088285536 ], [ 2566619.076950438786298, 2562457.441022088285536 ], [ 2566572.708846717141569, 2562457.441022088285536 ], [ 2566572.708846717141569, 2562411.072006978560239 ], [ 2566526.340742995496839, 2562411.072006978560239 ], [ 2566479.97263927385211, 2562411.072006978560239 ], [ 2566479.97263927385211, 2562457.441022088285536 ], [ 2566433.604535552673042, 2562457.441022088285536 ], [ 2566433.604535552673042, 2562503.809071036055684 ], [ 2566387.235465687699616, 2562503.809071036055684 ], [ 2566340.867361966054887, 2562503.809071036055684 ], [ 2566294.499258244410157, 2562550.178086146246642 ], [ 2566248.131154522765428, 2562550.178086146246642 ], [ 2566248.131154522765428, 2562596.547101255971938 ], [ 2566248.131154522765428, 2562642.916116365697235 ], [ 2566294.499258244410157, 2562642.916116365697235 ], [ 2566294.499258244410157, 2562689.284165313467383 ], [ 2566340.867361966054887, 2562689.284165313467383 ], [ 2566340.867361966054887, 2562735.653180423658341 ], [ 2566387.235465687699616, 2562735.653180423658341 ], [ 2566387.235465687699616, 2562782.022195533383638 ], [ 2566387.235465687699616, 2562828.390244481153786 ], [ 2566387.235465687699616, 2562874.759259591344744 ], [ 2566340.867361966054887, 2562874.759259591344744 ], [ 2566340.867361966054887, 2562921.12827470107004 ], [ 2566340.867361966054887, 2562967.497289810795337 ], [ 2566294.499258244410157, 2563013.865338758565485 ], [ 2566294.499258244410157, 2563060.234353868756443 ], [ 2566294.499258244410157, 2563106.60336897848174 ], [ 2566248.131154522765428, 2563152.972384088207036 ], [ 2566201.763050801120698, 2563199.340433036442846 ], [ 2566155.394947079475969, 2563199.340433036442846 ], [ 2566109.025877214968204, 2563199.340433036442846 ], [ 2566062.657773493323475, 2563245.709448146168143 ], [ 2566016.289669771678746, 2563245.709448146168143 ], [ 2566016.289669771678746, 2563292.078463255893439 ], [ 2566016.289669771678746, 2563338.447478366084397 ], [ 2565969.921566050034016, 2563338.447478366084397 ], [ 2565969.921566050034016, 2563384.815527313854545 ], [ 2565923.553462328389287, 2563431.184542423579842 ], [ 2565923.553462328389287, 2563477.553557533305138 ], [ 2565877.184392463881522, 2563477.553557533305138 ], [ 2565830.816288742236793, 2563523.921606481540948 ], [ 2565784.448185020592064, 2563523.921606481540948 ], [ 2565784.448185020592064, 2563477.553557533305138 ], [ 2565738.080081298947334, 2563477.553557533305138 ], [ 2565691.711977577302605, 2563477.553557533305138 ], [ 2565645.34290771279484, 2563477.553557533305138 ], [ 2565645.34290771279484, 2563523.921606481540948 ], [ 2565598.974803991150111, 2563523.921606481540948 ], [ 2565598.974803991150111, 2563570.290621591266245 ], [ 2565552.606700269505382, 2563570.290621591266245 ], [ 2565506.238596547860652, 2563570.290621591266245 ], [ 2565506.238596547860652, 2563523.921606481540948 ], [ 2565459.870492826215923, 2563523.921606481540948 ], [ 2565413.502389104571193, 2563523.921606481540948 ], [ 2565367.133319240063429, 2563523.921606481540948 ], [ 2565320.7652155184187, 2563523.921606481540948 ], [ 2565274.39711179677397, 2563523.921606481540948 ], [ 2565228.029008075129241, 2563523.921606481540948 ], [ 2565181.660904353484511, 2563523.921606481540948 ], [ 2565181.660904353484511, 2563570.290621591266245 ], [ 2565135.291834488511086, 2563570.290621591266245 ], [ 2565135.291834488511086, 2563616.659636700991541 ], [ 2565088.923730766866356, 2563616.659636700991541 ], [ 2565042.555627045221627, 2563616.659636700991541 ], [ 2565042.555627045221627, 2563663.028651811182499 ], [ 2564996.187523324042559, 2563663.028651811182499 ], [ 2564949.819419602397829, 2563709.396700758952647 ], [ 2564949.819419602397829, 2563663.028651811182499 ], [ 2564949.819419602397829, 2563616.659636700991541 ], [ 2564949.819419602397829, 2563570.290621591266245 ], [ 2564949.819419602397829, 2563523.921606481540948 ], [ 2564949.819419602397829, 2563477.553557533305138 ], [ 2564949.819419602397829, 2563431.184542423579842 ], [ 2564949.819419602397829, 2563384.815527313854545 ], [ 2564949.819419602397829, 2563245.709448146168143 ], [ 2564949.819419602397829, 2562642.916116365697235 ], [ 2564949.819419602397829, 2562596.547101255971938 ], [ 2564949.819419602397829, 2562550.178086146246642 ], [ 2564949.819419602397829, 2562503.809071036055684 ], [ 2564996.187523324042559, 2562457.441022088285536 ], [ 2565506.238596547860652, 2561715.540644978173077 ], [ 2565506.238596547860652, 2561669.171629868447781 ], [ 2565552.606700269505382, 2561622.802614758722484 ], [ 2565552.606700269505382, 2561576.434565810952336 ], [ 2565552.606700269505382, 2561530.065550700761378 ], [ 2565552.606700269505382, 2561483.696535591036081 ], [ 2565552.606700269505382, 2561251.853392365854234 ], [ 2565552.606700269505382, 2559999.896747533231974 ], [ 2565552.606700269505382, 2559489.840479810722172 ], [ 2565552.606700269505382, 2557913.30266153300181 ], [ 2565506.238596547860652, 2557310.508363590575755 ], [ 2565552.606700269505382, 2556939.559141197707504 ], [ 2565552.606700269505382, 2556893.190126087982208 ], [ 2565598.974803991150111, 2556754.084046920295805 ], [ 2565598.974803991150111, 2556707.715031810104847 ], [ 2565598.974803991150111, 2556661.34601670037955 ], [ 2565598.974803991150111, 2556336.764843255281448 ], [ 2565598.974803991150111, 2556244.027779197786003 ], [ 2565598.974803991150111, 2556151.289748977869749 ], [ 2565598.974803991150111, 2555826.708575532771647 ], [ 2565598.974803991150111, 2555316.652307810261846 ], [ 2564578.872657543048263, 2555316.652307810261846 ], [ 2564486.136450099758804, 2555316.652307810261846 ], [ 2564486.136450099758804, 2555363.021322919987142 ], [ 2564439.768346378114074, 2555363.021322919987142 ], [ 2564393.39927651360631, 2555363.021322919987142 ], [ 2564393.39927651360631, 2555409.389371867757291 ], [ 2564347.031172791961581, 2555409.389371867757291 ], [ 2564300.663069070316851, 2555363.021322919987142 ], [ 2564254.294965348672122, 2555316.652307810261846 ], [ 2563883.348203289788216, 2555363.021322919987142 ], [ 2562909.614160563331097, 2555363.021322919987142 ], [ 2562260.458776174578816, 2555363.021322919987142 ], [ 2560683.936486638151109, 2555363.021322919987142 ], [ 2559802.939617497846484, 2555363.021322919987142 ], [ 2558226.418294104281813, 2555363.021322919987142 ], [ 2556603.527900846209377, 2555409.389371867757291 ], [ 2556557.159797124564648, 2555223.914277590345591 ], [ 2556557.159797124564648, 2552998.214112422429025 ], [ 2556557.159797124564648, 2551282.570214977487922 ], [ 2556557.159797124564648, 2551050.727071751840413 ], [ 2556557.159797124564648, 2549659.664347751997411 ], [ 2556557.159797124564648, 2548685.919861254747957 ], [ 2556557.159797124564648, 2548268.601623751688749 ], [ 2556047.108723900746554, 2548268.601623751688749 ], [ 2555027.006577452644706, 2548268.601623751688749 ], [ 2554563.323607950471342, 2548268.601623751688749 ], [ 2553775.062946253921837, 2548268.601623751688749 ], [ 2553728.693876388948411, 2548268.601623751688749 ], [ 2553682.325772667303681, 2548268.601623751688749 ], [ 2553450.484287916216999, 2548268.601623751688749 ], [ 2553033.1703882785514, 2548268.601623751688749 ], [ 2553033.1703882785514, 2548314.969672699458897 ], [ 2552986.801318414043635, 2548314.969672699458897 ], [ 2552940.433214692398906, 2548361.338687809649855 ], [ 2552940.433214692398906, 2548407.707702919375151 ], [ 2552940.433214692398906, 2548454.076718029100448 ], [ 2552940.433214692398906, 2548500.444766977336258 ], [ 2552940.433214692398906, 2548546.813782087061554 ], [ 2552894.065110970754176, 2548593.182797196786851 ], [ 2552894.065110970754176, 2548639.551812306977808 ], [ 2552847.697007249109447, 2548639.551812306977808 ], [ 2552847.697007249109447, 2548685.919861254747957 ], [ 2552801.328903527464718, 2548685.919861254747957 ], [ 2552801.328903527464718, 2548732.288876364473253 ], [ 2552754.960799805819988, 2548732.288876364473253 ], [ 2552708.591729941312224, 2548778.65789147419855 ], [ 2552708.591729941312224, 2548825.02594042243436 ], [ 2552662.223626219667494, 2548825.02594042243436 ], [ 2552615.855522498022765, 2548825.02594042243436 ], [ 2552569.487418776378036, 2548825.02594042243436 ], [ 2552569.487418776378036, 2548871.394955532159656 ], [ 2552523.119315054733306, 2548917.763970641884953 ], [ 2552569.487418776378036, 2548964.132985752075911 ], [ 2552569.487418776378036, 2549010.501034699846059 ], [ 2552523.119315054733306, 2549010.501034699846059 ], [ 2552476.75024518975988, 2549010.501034699846059 ], [ 2552430.382141468115151, 2549010.501034699846059 ], [ 2552430.382141468115151, 2549056.870049809571356 ], [ 2552430.382141468115151, 2549103.239064919296652 ], [ 2552430.382141468115151, 2549149.60808002948761 ], [ 2552384.014037746936083, 2549149.60808002948761 ], [ 2552337.645934025291353, 2549149.60808002948761 ], [ 2552291.277830303646624, 2549149.60808002948761 ], [ 2552244.908760438673198, 2549103.239064919296652 ], [ 2552198.540656717028469, 2549103.239064919296652 ], [ 2552198.540656717028469, 2549149.60808002948761 ], [ 2552152.172552995383739, 2549149.60808002948761 ], [ 2552105.80444927373901, 2549149.60808002948761 ], [ 2552105.80444927373901, 2549103.239064919296652 ], [ 2552059.436345552094281, 2549103.239064919296652 ], [ 2552059.436345552094281, 2549149.60808002948761 ], [ 2552059.436345552094281, 2549195.976128977257758 ], [ 2552013.068241830449551, 2549195.976128977257758 ], [ 2552013.068241830449551, 2549149.60808002948761 ], [ 2551966.699171965941787, 2549195.976128977257758 ], [ 2551920.331068244297057, 2549195.976128977257758 ], [ 2551920.331068244297057, 2549242.345144086983055 ], [ 2551966.699171965941787, 2549242.345144086983055 ], [ 2551966.699171965941787, 2549288.714159197174013 ], [ 2552013.068241830449551, 2549288.714159197174013 ], [ 2552013.068241830449551, 2549335.083174306899309 ], [ 2551966.699171965941787, 2549335.083174306899309 ], [ 2551920.331068244297057, 2549288.714159197174013 ], [ 2551920.331068244297057, 2549335.083174306899309 ], [ 2551873.962964522652328, 2549381.451223254669458 ], [ 2551873.962964522652328, 2549335.083174306899309 ], [ 2551873.962964522652328, 2549288.714159197174013 ], [ 2551827.594860801007599, 2549288.714159197174013 ], [ 2551781.226757079362869, 2549242.345144086983055 ], [ 2551781.226757079362869, 2549103.239064919296652 ], [ 2551734.857687214855105, 2549103.239064919296652 ], [ 2551642.121479771565646, 2549103.239064919296652 ], [ 2550668.387437045108527, 2549103.239064919296652 ], [ 2549416.443805846385658, 2549103.239064919296652 ], [ 2547608.080997701734304, 2549103.239064919296652 ], [ 2546727.083162418566644, 2549149.60808002948761 ], [ 2546170.663985473103821, 2549149.60808002948761 ], [ 2546124.295881751459092, 2549149.60808002948761 ], [ 2545799.718189557082951, 2549149.60808002948761 ], [ 2544965.08845799556002, 2549149.60808002948761 ], [ 2544640.510765801183879, 2549149.60808002948761 ], [ 2544501.405488492920995, 2549149.60808002948761 ], [ 2544362.301177328452468, 2549149.60808002948761 ] ] } },
{ "type": "Feature", "properties": { }, "geometry": { "type": "LineString", "coordinates": [ [ 2544362.301177328452468, 2549149.60808002948761 ], [ 2543805.881034239660949, 2549149.60808002948761 ], [ 2543759.512930518016219, 2549149.60808002948761 ], [ 2543203.093753572553396, 2549149.60808002948761 ], [ 2543110.357546129263937, 2549149.60808002948761 ], [ 2541348.362841706257313, 2549149.60808002948761 ], [ 2540560.101213866379112, 2549149.60808002948761 ], [ 2539957.31393319927156, 2549149.60808002948761 ], [ 2539910.94582947762683, 2549149.60808002948761 ], [ 2539771.840552169829607, 2549149.60808002948761 ], [ 2539354.526652532164007, 2549149.60808002948761 ], [ 2539308.157582667190582, 2549149.60808002948761 ], [ 2539261.789478945545852, 2549149.60808002948761 ], [ 2539215.421375223901123, 2549149.60808002948761 ], [ 2539169.053271502256393, 2549149.60808002948761 ], [ 2538659.0021982784383, 2549149.60808002948761 ], [ 2538427.160713527351618, 2549149.60808002948761 ], [ 2538380.792609805706888, 2549149.60808002948761 ], [ 2536572.428835517726839, 2549195.976128977257758 ], [ 2536108.745866015553474, 2549195.976128977257758 ], [ 2535552.326689070090652, 2549195.976128977257758 ], [ 2534485.856438900344074, 2549195.976128977257758 ], [ 2534439.488335178699344, 2549195.976128977257758 ], [ 2533697.595777203794569, 2549195.976128977257758 ], [ 2533326.649015144445002, 2549195.976128977257758 ], [ 2532955.703219228424132, 2549195.976128977257758 ], [ 2532723.86173447733745, 2549195.976128977257758 ], [ 2532584.756457169540226, 2549195.976128977257758 ], [ 2532167.442557531874627, 2549195.976128977257758 ], [ 2531889.232002915814519, 2549195.976128977257758 ], [ 2531750.127691751345992, 2549195.976128977257758 ], [ 2531657.391484308056533, 2549195.976128977257758 ], [ 2531611.022414443083107, 2549195.976128977257758 ], [ 2531611.022414443083107, 2549149.60808002948761 ], [ 2531100.971341219265014, 2548175.863593532238156 ], [ 2531100.971341219265014, 2548129.495544584002346 ], [ 2530822.761752746533602, 2547573.070261751767248 ], [ 2530034.501091049984097, 2545996.532443474046886 ], [ 2529849.027710020076483, 2545625.582254919223487 ], [ 2529570.818121547345072, 2545161.895002306438982 ], [ 2529431.713810382410884, 2544883.681877809111029 ], [ 2529199.872325631324202, 2544373.625610086601228 ], [ 2528921.66273715859279, 2543863.569342364091426 ], [ 2528875.293667294085026, 2543678.094248086679727 ], [ 2528782.557459850795567, 2543538.988168918993324 ], [ 2528689.821252407506108, 2543399.882089751306921 ], [ 2528504.347871378064156, 2543168.037980364169925 ], [ 2528550.715975099708885, 2543168.037980364169925 ], [ 2528504.347871378064156, 2543028.931901196483523 ], [ 2528504.347871378064156, 2542982.562886086292565 ], [ 2528457.979767656419426, 2542982.562886086292565 ], [ 2528318.874490348156542, 2542982.562886086292565 ], [ 2528272.506386626511812, 2542982.562886086292565 ], [ 2528133.401109318714589, 2542936.194837138522416 ], [ 2527947.928694432135671, 2542936.194837138522416 ], [ 2527901.559624567627907, 2542936.194837138522416 ], [ 2527855.191520845983177, 2542936.194837138522416 ], [ 2527669.718139816541225, 2542936.194837138522416 ], [ 2527623.350036094896495, 2542936.194837138522416 ], [ 2527576.981932373251766, 2542936.194837138522416 ], [ 2527484.245724929962307, 2542936.194837138522416 ], [ 2527437.877621208317578, 2542889.82582202879712 ], [ 2527391.508551343809813, 2542889.82582202879712 ], [ 2527345.140447622165084, 2542889.82582202879712 ], [ 2527298.772343900520355, 2542889.82582202879712 ], [ 2527252.404240178875625, 2542843.456806919071823 ], [ 2527252.404240178875625, 2542797.087791808880866 ], [ 2527298.772343900520355, 2542797.087791808880866 ], [ 2527345.140447622165084, 2542797.087791808880866 ], [ 2527391.508551343809813, 2542797.087791808880866 ], [ 2527437.877621208317578, 2542797.087791808880866 ], [ 2527484.245724929962307, 2542797.087791808880866 ], [ 2527530.613828651607037, 2542797.087791808880866 ], [ 2527530.613828651607037, 2542843.456806919071823 ], [ 2527576.981932373251766, 2542843.456806919071823 ], [ 2527576.981932373251766, 2542889.82582202879712 ], [ 2527623.350036094896495, 2542889.82582202879712 ], [ 2527669.718139816541225, 2542889.82582202879712 ], [ 2527669.718139816541225, 2542843.456806919071823 ], [ 2527716.087209681048989, 2542843.456806919071823 ], [ 2527762.455313402693719, 2542843.456806919071823 ], [ 2527762.455313402693719, 2542797.087791808880866 ], [ 2527808.823417124338448, 2542797.087791808880866 ], [ 2527855.191520845983177, 2542797.087791808880866 ], [ 2527855.191520845983177, 2542750.719742861110717 ], [ 2527855.191520845983177, 2542704.350727751385421 ], [ 2527808.823417124338448, 2542704.350727751385421 ], [ 2527762.455313402693719, 2542704.350727751385421 ], [ 2527762.455313402693719, 2542657.981712641194463 ], [ 2527716.087209681048989, 2542657.981712641194463 ], [ 2527669.718139816541225, 2542657.981712641194463 ], [ 2527669.718139816541225, 2542611.612697531469166 ], [ 2527623.350036094896495, 2542611.612697531469166 ], [ 2527623.350036094896495, 2542565.244648583699018 ], [ 2527576.981932373251766, 2542565.244648583699018 ], [ 2527530.613828651607037, 2542565.244648583699018 ], [ 2527484.245724929962307, 2542565.244648583699018 ], [ 2527484.245724929962307, 2542518.875633473973721 ], [ 2527437.877621208317578, 2542518.875633473973721 ], [ 2527437.877621208317578, 2542472.506618363782763 ], [ 2527391.508551343809813, 2542472.506618363782763 ], [ 2527391.508551343809813, 2542426.138569416012615 ], [ 2527391.508551343809813, 2542379.769554306287318 ], [ 2527437.877621208317578, 2542379.769554306287318 ], [ 2527437.877621208317578, 2542333.400539196096361 ], [ 2527484.245724929962307, 2542333.400539196096361 ], [ 2527530.613828651607037, 2542333.400539196096361 ], [ 2527484.245724929962307, 2542333.400539196096361 ], [ 2527484.245724929962307, 2542379.769554306287318 ], [ 2527530.613828651607037, 2542379.769554306287318 ], [ 2527576.981932373251766, 2542379.769554306287318 ], [ 2527623.350036094896495, 2542379.769554306287318 ], [ 2527623.350036094896495, 2542333.400539196096361 ], [ 2527623.350036094896495, 2542287.031524086371064 ], [ 2527623.350036094896495, 2542240.663475138600916 ], [ 2527576.981932373251766, 2542240.663475138600916 ], [ 2527576.981932373251766, 2542194.294460028875619 ], [ 2527530.613828651607037, 2542194.294460028875619 ], [ 2527530.613828651607037, 2542147.925444918684661 ], [ 2527484.245724929962307, 2542147.925444918684661 ], [ 2527437.877621208317578, 2542147.925444918684661 ], [ 2527437.877621208317578, 2542101.556429808959365 ], [ 2527484.245724929962307, 2542101.556429808959365 ], [ 2527484.245724929962307, 2542055.188380861189216 ], [ 2527484.245724929962307, 2542008.819365750998259 ], [ 2527484.245724929962307, 2541962.450350641272962 ], [ 2527484.245724929962307, 2541916.081335531547666 ], [ 2527437.877621208317578, 2541916.081335531547666 ], [ 2527391.508551343809813, 2541869.713286583777517 ], [ 2527437.877621208317578, 2541869.713286583777517 ], [ 2527484.245724929962307, 2541869.713286583777517 ], [ 2527484.245724929962307, 2541823.344271473586559 ], [ 2527530.613828651607037, 2541823.344271473586559 ], [ 2527530.613828651607037, 2541776.975256363861263 ], [ 2527484.245724929962307, 2541776.975256363861263 ], [ 2527484.245724929962307, 2541823.344271473586559 ], [ 2527484.245724929962307, 2541776.975256363861263 ], [ 2527530.613828651607037, 2541776.975256363861263 ], [ 2527530.613828651607037, 2541730.607207416091114 ], [ 2527576.981932373251766, 2541730.607207416091114 ], [ 2527576.981932373251766, 2541684.238192305900156 ], [ 2527576.981932373251766, 2541637.86917719617486 ], [ 2527623.350036094896495, 2541637.86917719617486 ], [ 2527623.350036094896495, 2541591.500162086449564 ], [ 2527669.718139816541225, 2541591.500162086449564 ], [ 2527669.718139816541225, 2541637.86917719617486 ], [ 2527669.718139816541225, 2541591.500162086449564 ], [ 2527669.718139816541225, 2541545.132113138679415 ], [ 2527669.718139816541225, 2541591.500162086449564 ], [ 2527669.718139816541225, 2541545.132113138679415 ], [ 2527623.350036094896495, 2541545.132113138679415 ], [ 2527623.350036094896495, 2541498.763098028488457 ], [ 2527623.350036094896495, 2541452.394082918763161 ], [ 2527623.350036094896495, 2541406.025067809037864 ], [ 2527623.350036094896495, 2541359.657018860802054 ], [ 2527623.350036094896495, 2541313.288003751076758 ], [ 2527576.981932373251766, 2541313.288003751076758 ], [ 2527576.981932373251766, 2541266.918988641351461 ], [ 2527576.981932373251766, 2541220.549973531160504 ], [ 2527623.350036094896495, 2541220.549973531160504 ], [ 2527623.350036094896495, 2541174.181924583390355 ], [ 2527623.350036094896495, 2541127.812909473665059 ], [ 2527623.350036094896495, 2541081.443894363939762 ], [ 2527576.981932373251766, 2541081.443894363939762 ], [ 2527530.613828651607037, 2541081.443894363939762 ], [ 2527530.613828651607037, 2541035.075845415703952 ], [ 2527530.613828651607037, 2540988.706830305978656 ], [ 2527484.245724929962307, 2540988.706830305978656 ], [ 2527437.877621208317578, 2540988.706830305978656 ], [ 2527437.877621208317578, 2540942.337815196253359 ], [ 2527437.877621208317578, 2540895.968800086062402 ], [ 2527391.508551343809813, 2540895.968800086062402 ], [ 2527345.140447622165084, 2540895.968800086062402 ], [ 2527345.140447622165084, 2540849.600751138292253 ], [ 2527391.508551343809813, 2540849.600751138292253 ], [ 2527391.508551343809813, 2540803.231736028566957 ], [ 2527437.877621208317578, 2540803.231736028566957 ], [ 2527437.877621208317578, 2540756.86272091884166 ], [ 2527437.877621208317578, 2540710.493705808650702 ], [ 2527391.508551343809813, 2540710.493705808650702 ], [ 2527391.508551343809813, 2540664.125656860880554 ], [ 2527391.508551343809813, 2540710.493705808650702 ], [ 2527345.140447622165084, 2540710.493705808650702 ], [ 2527345.140447622165084, 2540664.125656860880554 ], [ 2527298.772343900520355, 2540664.125656860880554 ], [ 2527298.772343900520355, 2540710.493705808650702 ], [ 2527345.140447622165084, 2540710.493705808650702 ], [ 2527345.140447622165084, 2540756.86272091884166 ], [ 2527298.772343900520355, 2540756.86272091884166 ], [ 2527298.772343900520355, 2540803.231736028566957 ], [ 2527298.772343900520355, 2540756.86272091884166 ], [ 2527252.404240178875625, 2540756.86272091884166 ], [ 2527252.404240178875625, 2540710.493705808650702 ], [ 2527252.404240178875625, 2540756.86272091884166 ], [ 2527206.036136457230896, 2540756.86272091884166 ], [ 2527159.667066592723131, 2540756.86272091884166 ], [ 2527159.667066592723131, 2540710.493705808650702 ], [ 2527113.298962871078402, 2540710.493705808650702 ], [ 2527066.930859149433672, 2540710.493705808650702 ], [ 2527066.930859149433672, 2540664.125656860880554 ], [ 2527020.562755427788943, 2540664.125656860880554 ], [ 2526974.194651706144214, 2540664.125656860880554 ], [ 2526927.825581841170788, 2540664.125656860880554 ], [ 2526881.457478119526058, 2540664.125656860880554 ], [ 2526881.457478119526058, 2540617.756641751155257 ], [ 2526835.089374397881329, 2540617.756641751155257 ], [ 2526835.089374397881329, 2540571.387626640964299 ], [ 2526835.089374397881329, 2540617.756641751155257 ], [ 2526835.089374397881329, 2540664.125656860880554 ], [ 2526788.7212706762366, 2540664.125656860880554 ], [ 2526788.7212706762366, 2540617.756641751155257 ], [ 2526742.353166955057532, 2540617.756641751155257 ], [ 2526742.353166955057532, 2540571.387626640964299 ], [ 2526788.7212706762366, 2540571.387626640964299 ], [ 2526788.7212706762366, 2540525.019577693194151 ], [ 2526742.353166955057532, 2540525.019577693194151 ], [ 2526695.985063233412802, 2540525.019577693194151 ], [ 2526649.615993368439376, 2540525.019577693194151 ], [ 2526603.247889646794647, 2540525.019577693194151 ], [ 2526603.247889646794647, 2540478.650562583468854 ], [ 2526649.615993368439376, 2540478.650562583468854 ], [ 2526695.985063233412802, 2540478.650562583468854 ], [ 2526695.985063233412802, 2540432.281547473743558 ], [ 2526649.615993368439376, 2540432.281547473743558 ], [ 2526649.615993368439376, 2540385.9125323635526 ], [ 2526649.615993368439376, 2540432.281547473743558 ], [ 2526603.247889646794647, 2540385.9125323635526 ], [ 2526603.247889646794647, 2540339.544483415782452 ], [ 2526603.247889646794647, 2540293.175468306057155 ], [ 2526649.615993368439376, 2540293.175468306057155 ], [ 2526603.247889646794647, 2540293.175468306057155 ], [ 2526603.247889646794647, 2540246.806453196331859 ], [ 2526603.247889646794647, 2540200.437438086140901 ], [ 2526556.879785925149918, 2540200.437438086140901 ], [ 2526556.879785925149918, 2540154.069389138370752 ], [ 2526603.247889646794647, 2540154.069389138370752 ], [ 2526603.247889646794647, 2540107.700374028645456 ], [ 2526649.615993368439376, 2540107.700374028645456 ], [ 2526695.985063233412802, 2540061.331358918454498 ], [ 2526649.615993368439376, 2540061.331358918454498 ], [ 2526649.615993368439376, 2540014.962343808729202 ], [ 2526649.615993368439376, 2539968.594294860959053 ], [ 2526695.985063233412802, 2539968.594294860959053 ], [ 2526695.985063233412802, 2540014.962343808729202 ], [ 2526742.353166955057532, 2540014.962343808729202 ], [ 2526788.7212706762366, 2540014.962343808729202 ], [ 2526835.089374397881329, 2540014.962343808729202 ], [ 2526835.089374397881329, 2540061.331358918454498 ], [ 2526881.457478119526058, 2540061.331358918454498 ], [ 2526881.457478119526058, 2540014.962343808729202 ], [ 2526927.825581841170788, 2540014.962343808729202 ], [ 2526927.825581841170788, 2539968.594294860959053 ], [ 2526974.194651706144214, 2539922.225279751233757 ], [ 2527020.562755427788943, 2539875.856264641042799 ], [ 2527020.562755427788943, 2539829.48821569327265 ], [ 2527066.930859149433672, 2539829.48821569327265 ], [ 2527066.930859149433672, 2539783.119200583547354 ], [ 2527066.930859149433672, 2539736.750185473356396 ], [ 2527020.562755427788943, 2539736.750185473356396 ], [ 2527020.562755427788943, 2539690.381170363631099 ], [ 2526649.615993368439376, 2539690.381170363631099 ], [ 2526000.460608979687095, 2539690.381170363631099 ], [ 2525954.092505258042365, 2539690.381170363631099 ], [ 2525768.619124228600413, 2539644.013121415860951 ], [ 2525722.251020506955683, 2539644.013121415860951 ], [ 2525675.881950642447919, 2539644.013121415860951 ], [ 2525629.513846920803189, 2539644.013121415860951 ], [ 2525583.14574319915846, 2539644.013121415860951 ], [ 2525583.14574319915846, 2539690.381170363631099 ], [ 2525536.777639477513731, 2539690.381170363631099 ], [ 2525536.777639477513731, 2539736.750185473356396 ], [ 2525490.409535755869001, 2539736.750185473356396 ], [ 2525444.040465890895575, 2539783.119200583547354 ], [ 2525397.672362169250846, 2539690.381170363631099 ], [ 2525351.304258448071778, 2539690.381170363631099 ], [ 2524655.77980419434607, 2539690.381170363631099 ], [ 2524470.307389307767153, 2539690.381170363631099 ], [ 2523032.89037707913667, 2539690.381170363631099 ], [ 2522198.260645517613739, 2539690.381170363631099 ], [ 2522012.788230631500483, 2539690.381170363631099 ], [ 2521827.314849601592869, 2539690.381170363631099 ], [ 2521502.737157407216728, 2539690.381170363631099 ], [ 2521456.368087542708963, 2539690.381170363631099 ], [ 2520436.265941094607115, 2539690.381170363631099 ], [ 2520436.265941094607115, 2539226.693917750846595 ], [ 2520436.265941094607115, 2539180.324902641121298 ], [ 2519508.900968233123422, 2539180.324902641121298 ], [ 2519462.531898368615657, 2539180.324902641121298 ], [ 2519508.900968233123422, 2539133.95685369335115 ], [ 2519508.900968233123422, 2539087.587838583160192 ], [ 2519508.900968233123422, 2539041.218823473434895 ], [ 2519508.900968233123422, 2538994.849808363709599 ], [ 2519462.531898368615657, 2538994.849808363709599 ], [ 2519462.531898368615657, 2538948.48175941593945 ], [ 2519416.163794646970928, 2538948.48175941593945 ], [ 2519369.795690925326198, 2538948.48175941593945 ], [ 2519323.427587203681469, 2538948.48175941593945 ], [ 2519277.05948348203674, 2538948.48175941593945 ], [ 2519277.05948348203674, 2538994.849808363709599 ], [ 2519230.690413617528975, 2538994.849808363709599 ], [ 2519230.690413617528975, 2539041.218823473434895 ], [ 2519184.322309895884246, 2539041.218823473434895 ], [ 2519137.954206174239516, 2539041.218823473434895 ], [ 2519137.954206174239516, 2539087.587838583160192 ], [ 2519091.586102452594787, 2539087.587838583160192 ], [ 2519091.586102452594787, 2539041.218823473434895 ], [ 2519045.217998730950058, 2539041.218823473434895 ], [ 2518998.849895009305328, 2539041.218823473434895 ], [ 2518952.480825144331902, 2539041.218823473434895 ], [ 2518952.480825144331902, 2538994.849808363709599 ], [ 2518906.112721422687173, 2538994.849808363709599 ], [ 2518906.112721422687173, 2538948.48175941593945 ], [ 2518859.744617701042444, 2538948.48175941593945 ], [ 2518859.744617701042444, 2538902.112744305748492 ], [ 2518859.744617701042444, 2538855.743729196023196 ], [ 2518813.376513979863375, 2538855.743729196023196 ], [ 2518813.376513979863375, 2538809.374714086297899 ], [ 2518813.376513979863375, 2538763.00666513806209 ], [ 2518813.376513979863375, 2538716.637650028336793 ], [ 2518767.008410258218646, 2538716.637650028336793 ], [ 2518767.008410258218646, 2538670.268634918611497 ], [ 2518767.008410258218646, 2538623.900585970841348 ], [ 2518767.008410258218646, 2538577.53157086065039 ], [ 2518720.63934039324522, 2538577.53157086065039 ], [ 2518720.63934039324522, 2538531.162555750925094 ], [ 2518674.271236671600491, 2538531.162555750925094 ], [ 2518674.271236671600491, 2538484.793540641199797 ], [ 2518627.903132949955761, 2538484.793540641199797 ], [ 2518627.903132949955761, 2538438.425491692963988 ], [ 2518581.535029228311032, 2538438.425491692963988 ], [ 2518535.166925506666303, 2538438.425491692963988 ], [ 2518535.166925506666303, 2538392.056476583238691 ], [ 2518488.797855642158538, 2538392.056476583238691 ], [ 2518442.429751920513809, 2538392.056476583238691 ], [ 2518442.429751920513809, 2538345.687461473513395 ], [ 2518396.061648198869079, 2538345.687461473513395 ], [ 2518349.69354447722435, 2538345.687461473513395 ], [ 2518349.69354447722435, 2538299.318446363322437 ], [ 2518303.325440755579621, 2538299.318446363322437 ], [ 2518303.325440755579621, 2538252.950397415552288 ], [ 2518349.69354447722435, 2538252.950397415552288 ], [ 2518349.69354447722435, 2538206.581382305826992 ], [ 2518396.061648198869079, 2538206.581382305826992 ], [ 2518396.061648198869079, 2538160.212367196101695 ], [ 2518442.429751920513809, 2538160.212367196101695 ], [ 2518442.429751920513809, 2538113.843352085910738 ], [ 2518488.797855642158538, 2538067.475303138140589 ], [ 2518535.166925506666303, 2538021.106288028415293 ], [ 2518581.535029228311032, 2538021.106288028415293 ], [ 2518581.535029228311032, 2537974.737272918224335 ], [ 2518627.903132949955761, 2537974.737272918224335 ], [ 2518674.271236671600491, 2537974.737272918224335 ], [ 2518720.63934039324522, 2537974.737272918224335 ], [ 2518720.63934039324522, 2537928.369223970454186 ], [ 2518767.008410258218646, 2537928.369223970454186 ], [ 2518813.376513979863375, 2537882.00020886072889 ], [ 2518813.376513979863375, 2537835.631193751003593 ], [ 2518859.744617701042444, 2537835.631193751003593 ], [ 2518859.744617701042444, 2537789.262178640812635 ], [ 2518906.112721422687173, 2537789.262178640812635 ], [ 2518952.480825144331902, 2537742.894129693042487 ], [ 2518952.480825144331902, 2537696.52511458331719 ], [ 2518952.480825144331902, 2537650.156099473126233 ], [ 2518906.112721422687173, 2537650.156099473126233 ], [ 2518859.744617701042444, 2537650.156099473126233 ], [ 2518813.376513979863375, 2537650.156099473126233 ], [ 2518813.376513979863375, 2537603.787084363400936 ], [ 2518767.008410258218646, 2537603.787084363400936 ], [ 2518720.63934039324522, 2537603.787084363400936 ], [ 2518674.271236671600491, 2537650.156099473126233 ], [ 2518627.903132949955761, 2537650.156099473126233 ], [ 2518581.535029228311032, 2537696.52511458331719 ], [ 2518535.166925506666303, 2537742.894129693042487 ], [ 2518488.797855642158538, 2537742.894129693042487 ], [ 2518442.429751920513809, 2537742.894129693042487 ], [ 2518396.061648198869079, 2537696.52511458331719 ], [ 2518303.325440755579621, 2537696.52511458331719 ], [ 2518256.957337033934891, 2537650.156099473126233 ], [ 2518256.957337033934891, 2537603.787084363400936 ], [ 2518210.588267169427127, 2537557.419035415630788 ], [ 2518256.957337033934891, 2537511.050020305905491 ], [ 2518303.325440755579621, 2537464.681005195714533 ], [ 2518349.69354447722435, 2537464.681005195714533 ], [ 2518396.061648198869079, 2537464.681005195714533 ], [ 2518442.429751920513809, 2537464.681005195714533 ], [ 2518488.797855642158538, 2537464.681005195714533 ], [ 2518535.166925506666303, 2537464.681005195714533 ], [ 2518535.166925506666303, 2537418.311990085989237 ], [ 2518581.535029228311032, 2537418.311990085989237 ], [ 2518627.903132949955761, 2537418.311990085989237 ], [ 2518674.271236671600491, 2537418.311990085989237 ], [ 2518674.271236671600491, 2537371.943941138219088 ], [ 2518720.63934039324522, 2537371.943941138219088 ], [ 2518767.008410258218646, 2537371.943941138219088 ], [ 2518813.376513979863375, 2537371.943941138219088 ], [ 2518859.744617701042444, 2537371.943941138219088 ], [ 2518906.112721422687173, 2537371.943941138219088 ], [ 2518952.480825144331902, 2537325.574926028028131 ], [ 2518998.849895009305328, 2537325.574926028028131 ], [ 2518998.849895009305328, 2537279.205910918302834 ], [ 2518998.849895009305328, 2537232.837861970532686 ], [ 2518998.849895009305328, 2537186.468846860807389 ], [ 2519045.217998730950058, 2537186.468846860807389 ], [ 2519045.217998730950058, 2537140.099831750616431 ], [ 2519091.586102452594787, 2537140.099831750616431 ], [ 2519091.586102452594787, 2537093.730816640891135 ], [ 2519137.954206174239516, 2537047.362767693120986 ], [ 2519184.322309895884246, 2537000.993752582930028 ], [ 2519184.322309895884246, 2536954.624737473204732 ], [ 2519230.690413617528975, 2536908.255722363479435 ], [ 2519230.690413617528975, 2536861.887673415709287 ], [ 2519230.690413617528975, 2536815.518658305518329 ], [ 2519230.690413617528975, 2536722.781594248022884 ], [ 2519277.05948348203674, 2536722.781594248022884 ], [ 2519277.05948348203674, 2536676.412579137831926 ], [ 2519277.05948348203674, 2536630.04356402810663 ], [ 2519323.427587203681469, 2536630.04356402810663 ], [ 2519369.795690925326198, 2536630.04356402810663 ], [ 2519416.163794646970928, 2536583.674548918381333 ], [ 2519462.531898368615657, 2536583.674548918381333 ], [ 2519462.531898368615657, 2536630.04356402810663 ], [ 2519508.900968233123422, 2536630.04356402810663 ], [ 2519555.269071954768151, 2536630.04356402810663 ], [ 2519601.63717567641288, 2536630.04356402810663 ], [ 2519601.63717567641288, 2536676.412579137831926 ], [ 2519648.00527939805761, 2536676.412579137831926 ], [ 2519648.00527939805761, 2536630.04356402810663 ], [ 2519694.373383119702339, 2536630.04356402810663 ], [ 2519694.373383119702339, 2536583.674548918381333 ], [ 2519740.742452984210104, 2536537.306499970611185 ], [ 2519694.373383119702339, 2536444.568469750694931 ], [ 2519694.373383119702339, 2536351.831405692733824 ], [ 2519740.742452984210104, 2536305.462390583008528 ], [ 2519740.742452984210104, 2536259.093375473283231 ], [ 2519787.110556705854833, 2536212.724360363092273 ], [ 2519833.478660427499563, 2536212.724360363092273 ], [ 2519833.478660427499563, 2536166.356311415322125 ], [ 2519879.846764149144292, 2536119.987296305596828 ], [ 2519879.846764149144292, 2536073.618281195871532 ], [ 2519926.214867870789021, 2536073.618281195871532 ], [ 2519972.582971592433751, 2536027.250232247635722 ], [ 2519972.582971592433751, 2535980.881217137910426 ], [ 2519972.582971592433751, 2535934.512202028185129 ], [ 2519972.582971592433751, 2535888.143186917994171 ], [ 2519926.214867870789021, 2535888.143186917994171 ], [ 2519879.846764149144292, 2535841.775137970224023 ], [ 2519787.110556705854833, 2535795.406122860498726 ], [ 2519740.742452984210104, 2535702.668092640582472 ], [ 2519694.373383119702339, 2535656.300043692812324 ], [ 2519694.373383119702339, 2535563.562013473361731 ], [ 2519694.373383119702339, 2535470.824949415400624 ], [ 2519740.742452984210104, 2535470.824949415400624 ], [ 2519740.742452984210104, 2535424.455934305675328 ], [ 2519740.742452984210104, 2535378.08691919548437 ], [ 2519787.110556705854833, 2535378.08691919548437 ], [ 2519787.110556705854833, 2535331.718870247714221 ], [ 2519833.478660427499563, 2535285.349855137988925 ], [ 2519833.478660427499563, 2535238.980840028263628 ], [ 2519879.846764149144292, 2535238.980840028263628 ], [ 2519879.846764149144292, 2535192.611824918072671 ], [ 2519879.846764149144292, 2535146.243775970302522 ], [ 2519926.214867870789021, 2535146.243775970302522 ], [ 2519926.214867870789021, 2535099.874760860577226 ], [ 2519926.214867870789021, 2535053.505745750386268 ], [ 2519926.214867870789021, 2535007.136730640660971 ], [ 2519972.582971592433751, 2535007.136730640660971 ], [ 2519972.582971592433751, 2534960.768681692890823 ], [ 2519972.582971592433751, 2534914.399666583165526 ], [ 2519972.582971592433751, 2534868.030651472974569 ], [ 2519972.582971592433751, 2534821.66260252520442 ], [ 2519926.214867870789021, 2534775.293587415479124 ], [ 2519926.214867870789021, 2534728.924572305288166 ], [ 2519879.846764149144292, 2534728.924572305288166 ], [ 2519879.846764149144292, 2534682.555557195562869 ], [ 2519833.478660427499563, 2534682.555557195562869 ], [ 2519787.110556705854833, 2534682.555557195562869 ], [ 2519740.742452984210104, 2534682.555557195562869 ], [ 2519694.373383119702339, 2534682.555557195562869 ], [ 2519694.373383119702339, 2534728.924572305288166 ], [ 2519648.00527939805761, 2534728.924572305288166 ], [ 2519601.63717567641288, 2534728.924572305288166 ], [ 2519555.269071954768151, 2534728.924572305288166 ], [ 2519555.269071954768151, 2534775.293587415479124 ], [ 2519508.900968233123422, 2534775.293587415479124 ], [ 2519462.531898368615657, 2534775.293587415479124 ], [ 2519416.163794646970928, 2534775.293587415479124 ], [ 2519369.795690925326198, 2534821.66260252520442 ], [ 2519323.427587203681469, 2534821.66260252520442 ], [ 2519277.05948348203674, 2534821.66260252520442 ], [ 2519230.690413617528975, 2534821.66260252520442 ], [ 2519184.322309895884246, 2534821.66260252520442 ], [ 2519137.954206174239516, 2534821.66260252520442 ], [ 2519091.586102452594787, 2534821.66260252520442 ], [ 2519045.217998730950058, 2534821.66260252520442 ], [ 2519045.217998730950058, 2534868.030651472974569 ], [ 2518998.849895009305328, 2534868.030651472974569 ], [ 2518952.480825144331902, 2534868.030651472974569 ], [ 2518906.112721422687173, 2534868.030651472974569 ], [ 2518859.744617701042444, 2534868.030651472974569 ], [ 2518813.376513979863375, 2534821.66260252520442 ], [ 2518767.008410258218646, 2534821.66260252520442 ], [ 2518720.63934039324522, 2534821.66260252520442 ], [ 2518674.271236671600491, 2534821.66260252520442 ], [ 2518627.903132949955761, 2534821.66260252520442 ], [ 2518581.535029228311032, 2534821.66260252520442 ], [ 2518535.166925506666303, 2534821.66260252520442 ], [ 2518488.797855642158538, 2534821.66260252520442 ], [ 2518442.429751920513809, 2534821.66260252520442 ], [ 2518396.061648198869079, 2534821.66260252520442 ], [ 2518349.69354447722435, 2534821.66260252520442 ], [ 2518303.325440755579621, 2534821.66260252520442 ], [ 2518256.957337033934891, 2534821.66260252520442 ], [ 2518210.588267169427127, 2534821.66260252520442 ], [ 2518164.220163447782397, 2534821.66260252520442 ], [ 2518117.852059726137668, 2534821.66260252520442 ], [ 2518117.852059726137668, 2534868.030651472974569 ], [ 2518071.483956004492939, 2534868.030651472974569 ], [ 2518025.115852282848209, 2534868.030651472974569 ], [ 2517978.746782418340445, 2534868.030651472974569 ], [ 2517932.378678696695715, 2534868.030651472974569 ], [ 2517886.010574975050986, 2534868.030651472974569 ], [ 2517839.642471253406256, 2534868.030651472974569 ], [ 2517793.274367531761527, 2534868.030651472974569 ], [ 2517746.905297667253762, 2534868.030651472974569 ], [ 2517746.905297667253762, 2534821.66260252520442 ], [ 2517700.537193945609033, 2534821.66260252520442 ], [ 2517654.169090223964304, 2534821.66260252520442 ], [ 2517607.800986502319574, 2534775.293587415479124 ], [ 2517561.432882780674845, 2534775.293587415479124 ], [ 2517515.064779059030116, 2534775.293587415479124 ], [ 2517468.69570919405669, 2534775.293587415479124 ], [ 2517422.327605472877622, 2534775.293587415479124 ], [ 2517375.959501751232892, 2534775.293587415479124 ], [ 2517329.591398029588163, 2534775.293587415479124 ], [ 2517283.223294307943434, 2534775.293587415479124 ], [ 2517236.854224442970008, 2534775.293587415479124 ], [ 2517190.486120721325278, 2534775.293587415479124 ], [ 2517144.118016999680549, 2534775.293587415479124 ], [ 2517097.74991327803582, 2534775.293587415479124 ], [ 2517051.38180955639109, 2534775.293587415479124 ], [ 2517051.38180955639109, 2534821.66260252520442 ], [ 2517005.012739691883326, 2534821.66260252520442 ], [ 2516958.644635970238596, 2534821.66260252520442 ], [ 2516912.276532248593867, 2534821.66260252520442 ], [ 2516865.908428526949137, 2534821.66260252520442 ], [ 2516819.540324805304408, 2534821.66260252520442 ], [ 2516773.172221083659679, 2534821.66260252520442 ], [ 2516726.803151219151914, 2534821.66260252520442 ], [ 2516680.435047497507185, 2534821.66260252520442 ], [ 2516634.066943775862455, 2534821.66260252520442 ], [ 2516587.698840054217726, 2534821.66260252520442 ], [ 2516541.330736332572997, 2534821.66260252520442 ], [ 2516541.330736332572997, 2534775.293587415479124 ], [ 2516494.961666468065232, 2534775.293587415479124 ], [ 2516494.961666468065232, 2534728.924572305288166 ], [ 2516494.961666468065232, 2534682.555557195562869 ], [ 2516494.961666468065232, 2534636.187508247792721 ], [ 2516494.961666468065232, 2534589.818493138067424 ], [ 2516448.593562746420503, 2534589.818493138067424 ], [ 2516448.593562746420503, 2534543.449478027876467 ], [ 2516448.593562746420503, 2534497.08046291815117 ], [ 2516402.225459024775773, 2534497.08046291815117 ], [ 2516402.225459024775773, 2534450.712413970381021 ], [ 2516402.225459024775773, 2534404.343398860190064 ], [ 2516355.857355303131044, 2534404.343398860190064 ], [ 2516355.857355303131044, 2534357.974383750464767 ], [ 2516309.489251581486315, 2534357.974383750464767 ], [ 2516263.121147859841585, 2534311.605368640739471 ], [ 2516263.121147859841585, 2534265.237319692969322 ], [ 2516216.752077995333821, 2534218.868304582778364 ], [ 2516216.752077995333821, 2534172.499289473053068 ], [ 2516216.752077995333821, 2534126.131240525282919 ], [ 2516216.752077995333821, 2534079.762225415091962 ], [ 2516216.752077995333821, 2534033.393210305366665 ], [ 2516263.121147859841585, 2533987.024195195641369 ], [ 2516263.121147859841585, 2533940.65614624787122 ], [ 2516263.121147859841585, 2533894.287131137680262 ], [ 2516309.489251581486315, 2533894.287131137680262 ], [ 2516309.489251581486315, 2533847.918116027954966 ], [ 2516355.857355303131044, 2533847.918116027954966 ], [ 2516355.857355303131044, 2533801.549100918229669 ], [ 2516402.225459024775773, 2533801.549100918229669 ], [ 2516402.225459024775773, 2533755.18105196999386 ], [ 2516448.593562746420503, 2533755.18105196999386 ], [ 2516448.593562746420503, 2533708.812036860268563 ], [ 2516448.593562746420503, 2533662.443021750543267 ], [ 2516448.593562746420503, 2533616.074972802773118 ], [ 2516448.593562746420503, 2533569.70595769258216 ], [ 2516448.593562746420503, 2533523.336942582856864 ], [ 2516448.593562746420503, 2533476.967927473131567 ], [ 2516402.225459024775773, 2533476.967927473131567 ], [ 2516402.225459024775773, 2533430.599878524895757 ], [ 2516355.857355303131044, 2533430.599878524895757 ], [ 2516355.857355303131044, 2533384.230863415170461 ], [ 2516309.489251581486315, 2533384.230863415170461 ], [ 2516263.121147859841585, 2533384.230863415170461 ], [ 2516216.752077995333821, 2533384.230863415170461 ], [ 2516216.752077995333821, 2533337.861848305445164 ], [ 2516124.015870552044362, 2533291.492833195254207 ], [ 2515938.542489522602409, 2533198.755769137758762 ], [ 2515892.17438580095768, 2533245.124784247484058 ], [ 2515567.596693606581539, 2533430.599878524895757 ], [ 2515567.596693606581539, 2533476.967927473131567 ], [ 2515521.22858988493681, 2533476.967927473131567 ], [ 2515382.123312576673925, 2533569.70595769258216 ], [ 2515428.491416298318654, 2533616.074972802773118 ], [ 2515474.859520019963384, 2533708.812036860268563 ], [ 2515521.22858988493681, 2533801.549100918229669 ], [ 2515521.22858988493681, 2533894.287131137680262 ], [ 2515567.596693606581539, 2533987.024195195641369 ], [ 2515567.596693606581539, 2534033.393210305366665 ], [ 2515613.964797327760607, 2534033.393210305366665 ], [ 2515613.964797327760607, 2534079.762225415091962 ], [ 2515660.332901049405336, 2534126.131240525282919 ], [ 2515892.17438580095768, 2534357.974383750464767 ], [ 2515845.80628207931295, 2534357.974383750464767 ], [ 2515382.123312576673925, 2534357.974383750464767 ], [ 2515103.913724103942513, 2534357.974383750464767 ], [ 2515057.545620382297784, 2534357.974383750464767 ], [ 2515057.545620382297784, 2534682.555557195562869 ], [ 2515057.545620382297784, 2535980.881217137910426 ], [ 2515103.913724103942513, 2536027.250232247635722 ], [ 2515057.545620382297784, 2536027.250232247635722 ], [ 2514779.336031909566373, 2536027.250232247635722 ], [ 2514732.966962045058608, 2536027.250232247635722 ], [ 2514686.598858323413879, 2536027.250232247635722 ], [ 2513434.655227124225348, 2536027.250232247635722 ], [ 2512414.5530806761235, 2535980.881217137910426 ], [ 2511765.396730144508183, 2536027.250232247635722 ], [ 2511765.396730144508183, 2536305.462390583008528 ], [ 2511765.396730144508183, 2536398.199454640969634 ], [ 2511765.396730144508183, 2536444.568469750694931 ], [ 2511765.396730144508183, 2536537.306499970611185 ], [ 2511765.396730144508183, 2536630.04356402810663 ], [ 2511765.396730144508183, 2536676.412579137831926 ], [ 2511765.396730144508183, 2536769.149643195793033 ], [ 2511765.396730144508183, 2536815.518658305518329 ], [ 2511765.396730144508183, 2536908.255722363479435 ], [ 2511765.396730144508183, 2536954.624737473204732 ], [ 2511765.396730144508183, 2537000.993752582930028 ], [ 2511765.396730144508183, 2537047.362767693120986 ], [ 2511765.396730144508183, 2537093.730816640891135 ], [ 2511765.396730144508183, 2537140.099831750616431 ], [ 2511765.396730144508183, 2537186.468846860807389 ], [ 2511765.396730144508183, 2537232.837861970532686 ], [ 2511765.396730144508183, 2537279.205910918302834 ], [ 2511765.396730144508183, 2537325.574926028028131 ], [ 2511765.396730144508183, 2537371.943941138219088 ], [ 2511765.396730144508183, 2537418.311990085989237 ], [ 2511765.396730144508183, 2537464.681005195714533 ], [ 2511765.396730144508183, 2537511.050020305905491 ], [ 2511765.396730144508183, 2537557.419035415630788 ], [ 2511765.396730144508183, 2537603.787084363400936 ], [ 2511765.396730144508183, 2537650.156099473126233 ], [ 2511811.765800009015948, 2537650.156099473126233 ], [ 2511811.765800009015948, 2537696.52511458331719 ], [ 2511811.765800009015948, 2537742.894129693042487 ], [ 2511811.765800009015948, 2537789.262178640812635 ], [ 2511811.765800009015948, 2537835.631193751003593 ], [ 2511811.765800009015948, 2537882.00020886072889 ], [ 2511811.765800009015948, 2537928.369223970454186 ], [ 2511811.765800009015948, 2537974.737272918224335 ], [ 2511811.765800009015948, 2538021.106288028415293 ], [ 2511811.765800009015948, 2538067.475303138140589 ], [ 2511811.765800009015948, 2538206.581382305826992 ], [ 2511811.765800009015948, 2538345.687461473513395 ], [ 2511811.765800009015948, 2538438.425491692963988 ], [ 2511811.765800009015948, 2538484.793540641199797 ], [ 2511811.765800009015948, 2538531.162555750925094 ], [ 2511811.765800009015948, 2538623.900585970841348 ], [ 2511811.765800009015948, 2538809.374714086297899 ], [ 2511765.396730144508183, 2538994.849808363709599 ], [ 2511765.396730144508183, 2539087.587838583160192 ], [ 2511765.396730144508183, 2539180.324902641121298 ], [ 2511765.396730144508183, 2539226.693917750846595 ], [ 2511811.765800009015948, 2539273.062932861037552 ], [ 2511765.396730144508183, 2539273.062932861037552 ], [ 2511765.396730144508183, 2539365.799996918532997 ], [ 2511765.396730144508183, 2539412.169012028258294 ], [ 2511765.396730144508183, 2539458.538027138449252 ], [ 2511765.396730144508183, 2539504.9060760862194 ], [ 2511765.396730144508183, 2539597.644106306135654 ], [ 2511765.396730144508183, 2539644.013121415860951 ], [ 2511765.396730144508183, 2539690.381170363631099 ], [ 2511765.396730144508183, 2539736.750185473356396 ], [ 2511765.396730144508183, 2539783.119200583547354 ], [ 2511719.028626422863454, 2539783.119200583547354 ], [ 2511719.028626422863454, 2539829.48821569327265 ], [ 2511719.028626422863454, 2539922.225279751233757 ], [ 2511719.028626422863454, 2539968.594294860959053 ], [ 2511672.660522701218724, 2540014.962343808729202 ], [ 2511672.660522701218724, 2540061.331358918454498 ], [ 2511672.660522701218724, 2540107.700374028645456 ], [ 2511626.292418979573995, 2540200.437438086140901 ], [ 2511626.292418979573995, 2540246.806453196331859 ], [ 2511626.292418979573995, 2540293.175468306057155 ], [ 2511626.292418979573995, 2540339.544483415782452 ], [ 2511626.292418979573995, 2540385.9125323635526 ], [ 2511672.660522701218724, 2540478.650562583468854 ], [ 2511719.028626422863454, 2540525.019577693194151 ], [ 2511719.028626422863454, 2540571.387626640964299 ], [ 2511719.028626422863454, 2540617.756641751155257 ], [ 2511719.028626422863454, 2540756.86272091884166 ], [ 2511719.028626422863454, 2540803.231736028566957 ], [ 2511719.028626422863454, 2540849.600751138292253 ], [ 2511765.396730144508183, 2540849.600751138292253 ], [ 2511765.396730144508183, 2540895.968800086062402 ], [ 2511765.396730144508183, 2540942.337815196253359 ], [ 2511765.396730144508183, 2540988.706830305978656 ], [ 2511765.396730144508183, 2541035.075845415703952 ], [ 2511765.396730144508183, 2541081.443894363939762 ], [ 2511765.396730144508183, 2541359.657018860802054 ], [ 2511765.396730144508183, 2541406.025067809037864 ], [ 2511765.396730144508183, 2541776.975256363861263 ], [ 2511765.396730144508183, 2541962.450350641272962 ], [ 2511811.765800009015948, 2542240.663475138600916 ], [ 2511811.765800009015948, 2542287.031524086371064 ], [ 2511811.765800009015948, 2542565.244648583699018 ], [ 2511765.396730144508183, 2542936.194837138522416 ], [ 2511765.396730144508183, 2542982.562886086292565 ], [ 2511811.765800009015948, 2542982.562886086292565 ], [ 2511811.765800009015948, 2543168.037980364169925 ], [ 2511719.028626422863454, 2543214.406995473895222 ], [ 2511765.396730144508183, 2543260.776010583620518 ], [ 2511811.765800009015948, 2543260.776010583620518 ], [ 2511811.765800009015948, 2543353.513074641581625 ], [ 2511811.765800009015948, 2543446.251104861032218 ], [ 2511811.765800009015948, 2543492.619153809268028 ], [ 2511765.396730144508183, 2543492.619153809268028 ], [ 2511811.765800009015948, 2543538.988168918993324 ], [ 2511811.765800009015948, 2543631.726199138909578 ], [ 2511811.765800009015948, 2544327.257561138831079 ], [ 2511811.765800009015948, 2544419.994625196326524 ], [ 2511765.396730144508183, 2544466.363640306517482 ], [ 2511765.396730144508183, 2544512.73168925428763 ], [ 2511765.396730144508183, 2544559.100704364012927 ], [ 2511811.765800009015948, 2544559.100704364012927 ], [ 2511811.765800009015948, 2544605.469719474203885 ], [ 2511811.765800009015948, 2544651.838734583929181 ], [ 2511858.133903730660677, 2544698.20678353169933 ], [ 2511811.765800009015948, 2544744.575798641424626 ], [ 2511765.396730144508183, 2544790.944813751615584 ], [ 2511440.819037950132042, 2545347.370096583850682 ], [ 2511440.819037950132042, 2545393.73814553162083 ], [ 2511440.819037950132042, 2545440.107160641811788 ], [ 2511440.819037950132042, 2545486.476175751537085 ], [ 2511487.187141671776772, 2545486.476175751537085 ], [ 2511533.555245393421501, 2545532.845190861262381 ], [ 2511719.028626422863454, 2545671.951270028948784 ], [ 2511765.396730144508183, 2545671.951270028948784 ], [ 2511765.396730144508183, 2545764.68833408690989 ], [ 2511765.396730144508183, 2545811.057349196635187 ], [ 2513434.655227124225348, 2545811.057349196635187 ], [ 2513434.655227124225348, 2547433.964182584080845 ], [ 2513434.655227124225348, 2548083.126529474277049 ], [ 2513434.655227124225348, 2548222.232608641963452 ], [ 2513434.655227124225348, 2548268.601623751688749 ], [ 2513434.655227124225348, 2548778.65789147419855 ], [ 2513434.655227124225348, 2548825.02594042243436 ], [ 2513481.023330845870078, 2548825.02594042243436 ], [ 2513851.970092904753983, 2548871.394955532159656 ], [ 2513851.970092904753983, 2548917.763970641884953 ], [ 2513851.970092904753983, 2548964.132985752075911 ], [ 2513805.601989183109254, 2549010.501034699846059 ], [ 2513759.232919318601489, 2549056.870049809571356 ], [ 2513759.232919318601489, 2549103.239064919296652 ], [ 2513759.232919318601489, 2549937.876506086904556 ], [ 2513759.232919318601489, 2550123.351600364781916 ], [ 2513759.232919318601489, 2550633.407868087291718 ], [ 2513759.232919318601489, 2550679.776883197017014 ], [ 2513759.232919318601489, 2550726.144932144787163 ], [ 2513851.970092904753983, 2551004.358056642115116 ], [ 2513851.970092904753983, 2551050.727071751840413 ], [ 2513805.601989183109254, 2551236.202166029717773 ], [ 2513805.601989183109254, 2551282.570214977487922 ], [ 2513805.601989183109254, 2551328.939230087213218 ], [ 2513805.601989183109254, 2551375.308245196938515 ], [ 2513898.338196626398712, 2551560.783339474815875 ], [ 2514130.179681377951056, 2552117.207656145095825 ], [ 2513991.074404069688171, 2552209.945686365012079 ], [ 2513944.706300348043442, 2552209.945686365012079 ], [ 2513898.338196626398712, 2552256.314701474737376 ], [ 2513573.760504432022572, 2552441.789795752149075 ], [ 2513573.760504432022572, 2552488.157844699919224 ], [ 2513573.760504432022572, 2553786.48350464226678 ], [ 2513527.391434567514807, 2553786.48350464226678 ], [ 2513434.655227124225348, 2553925.589583809953183 ], [ 2513434.655227124225348, 2553971.958598920144141 ], [ 2513434.655227124225348, 2554435.645851532462984 ], [ 2513434.655227124225348, 2555594.86446614516899 ], [ 2512600.026461706031114, 2555594.86446614516899 ], [ 2512553.658357984386384, 2555594.86446614516899 ], [ 2512229.079699646681547, 2555594.86446614516899 ], [ 2512043.60728476010263, 2555594.86446614516899 ], [ 2511811.765800009015948, 2555594.86446614516899 ], [ 2511162.609449477400631, 2555594.86446614516899 ], [ 2510884.399861004669219, 2555594.86446614516899 ], [ 2510838.03175728302449, 2555594.86446614516899 ], [ 2510745.294583696406335, 2555594.86446614516899 ], [ 2510652.558376253116876, 2555594.86446614516899 ], [ 2510235.243510472588241, 2555594.86446614516899 ], [ 2510188.875406750943512, 2555548.496417197398841 ], [ 2510188.875406750943512, 2555594.86446614516899 ], [ 2510142.507303029298782, 2555594.86446614516899 ], [ 2510096.139199307654053, 2555594.86446614516899 ], [ 2508612.35408335737884, 2555594.86446614516899 ], [ 2508565.985013492871076, 2555594.86446614516899 ], [ 2507777.72435179585591, 2555594.86446614516899 ], [ 2506108.466820959467441, 2555594.86446614516899 ], [ 2504485.576427700929344, 2555594.86446614516899 ], [ 2502862.687000586185604, 2555594.86446614516899 ], [ 2502862.687000586185604, 2556522.239937532693148 ], [ 2502862.687000586185604, 2556754.084046920295805 ], [ 2502862.687000586185604, 2557217.77129953308031 ], [ 2502862.687000586185604, 2557727.827567255590111 ], [ 2502862.687000586185604, 2558469.727944365236908 ], [ 2502862.687000586185604, 2558794.30911781033501 ], [ 2502862.687000586185604, 2559860.790668365545571 ], [ 2502862.687000586185604, 2559953.527732423506677 ], [ 2502862.687000586185604, 2559999.896747533231974 ], [ 2502862.687000586185604, 2560417.214985035825521 ], [ 2502862.687000586185604, 2562040.121818423271179 ], [ 2502862.687000586185604, 2563616.659636700991541 ], [ 2502862.687000586185604, 2563663.028651811182499 ], [ 2502862.687000586185604, 2563987.609825256280601 ], [ 2502862.687000586185604, 2565239.5664700884372 ], [ 2502862.687000586185604, 2566723.366258146241307 ], [ 2502862.687000586185604, 2567187.053510759025812 ], [ 2502862.687000586185604, 2567233.42252586921677 ], [ 2502862.687000586185604, 2567975.322902978863567 ], [ 2502862.687000586185604, 2568021.690951926633716 ], [ 2502862.687000586185604, 2568299.904076423961669 ], [ 2502862.687000586185604, 2568439.010155591648072 ], [ 2502862.687000586185604, 2569134.541517591569573 ], [ 2502862.687000586185604, 2569551.860721256583929 ], [ 2502862.687000586185604, 2569598.228770204354078 ], [ 2502862.687000586185604, 2569644.597785314545035 ], [ 2502862.687000586185604, 2569922.80994364945218 ], [ 2502862.687000586185604, 2570247.39208325650543 ], [ 2502862.687000586185604, 2570618.34130564937368 ], [ 2502862.687000586185604, 2571267.504618701990694 ], [ 2502862.687000586185604, 2571592.085792147088796 ], [ 2502862.687000586185604, 2571638.453841094858944 ], [ 2502816.317930721212178, 2571684.822856204584241 ], [ 2502816.317930721212178, 2571731.191871314309537 ], [ 2502816.317930721212178, 2571777.560886424500495 ], [ 2502862.687000586185604, 2571823.928935372270644 ], [ 2502862.687000586185604, 2571870.29795048199594 ], [ 2502862.687000586185604, 2571916.666965592186898 ], [ 2502862.687000586185604, 2571963.035980701912194 ], [ 2502862.687000586185604, 2572333.985203094780445 ], [ 2502862.687000586185604, 2572426.723233314696699 ], [ 2502862.687000586185604, 2572658.567342701833695 ], [ 2502862.687000586185604, 2572890.410485927481204 ], [ 2503511.842384974937886, 2572890.410485927481204 ], [ 2504021.89345819875598, 2572890.410485927481204 ], [ 2504902.89129348192364, 2572890.410485927481204 ], [ 2505273.83708939794451, 2572890.410485927481204 ], [ 2505552.046677870675921, 2572890.410485927481204 ], [ 2506062.097751094494015, 2572890.410485927481204 ], [ 2506293.939235845580697, 2572890.410485927481204 ], [ 2506433.044513153843582, 2572890.410485927481204 ], [ 2506850.359378934372216, 2572890.410485927481204 ], [ 2507499.514763323124498, 2572890.410485927481204 ], [ 2507638.620040631387383, 2572890.410485927481204 ], [ 2507684.988144352566451, 2572890.410485927481204 ], [ 2508055.933940269052982, 2572890.410485927481204 ], [ 2508380.512598606292158, 2572890.410485927481204 ], [ 2508473.248806049581617, 2572890.410485927481204 ], [ 2508705.090290800668299, 2572890.410485927481204 ], [ 2508797.826498243957758, 2572890.410485927481204 ], [ 2509029.66798299504444, 2572890.410485927481204 ], [ 2509307.877571467775851, 2572890.410485927481204 ], [ 2509354.246641332749277, 2572936.779501037206501 ], [ 2509400.614745054394007, 2572890.410485927481204 ], [ 2509446.982848776038736, 2572890.410485927481204 ], [ 2509817.929610834922642, 2572890.410485927481204 ], [ 2510049.770129443146288, 2572890.410485927481204 ], [ 2510235.243510472588241, 2572890.410485927481204 ], [ 2510652.558376253116876, 2572890.410485927481204 ], [ 2511208.97755319904536, 2572890.410485927481204 ], [ 2511858.133903730660677, 2572890.410485927481204 ], [ 2511904.502007452305406, 2572890.410485927481204 ], [ 2512414.5530806761235, 2572890.410485927481204 ], [ 2512553.658357984386384, 2572890.410485927481204 ], [ 2513481.023330845870078, 2572890.410485927481204 ], [ 2513481.023330845870078, 2573168.623610424343497 ], [ 2513481.023330845870078, 2573400.466753649991006 ], [ 2513481.023330845870078, 2573678.679878147318959 ], [ 2513481.023330845870078, 2573817.785957314539701 ], [ 2513481.023330845870078, 2573910.523021372500807 ], [ 2513481.023330845870078, 2573956.892036482226104 ], [ 2513481.023330845870078, 2574188.736145869828761 ], [ 2513481.023330845870078, 2574281.473209927324206 ], [ 2513481.023330845870078, 2574513.317319314926863 ], [ 2513481.023330845870078, 2574559.686334424652159 ], [ 2513481.023330845870078, 2574606.054383372422308 ], [ 2513481.023330845870078, 2574652.423398482613266 ], [ 2513481.023330845870078, 2574930.63555681752041 ], [ 2513481.023330845870078, 2575116.110651094932109 ], [ 2513481.023330845870078, 2575347.954760482534766 ], [ 2513481.023330845870078, 2575533.429854759946465 ], [ 2513481.023330845870078, 2576136.223186540417373 ], [ 2513481.023330845870078, 2576599.911405315157026 ], [ 2513481.023330845870078, 2577017.229642817750573 ], [ 2513481.023330845870078, 2577063.59865792747587 ], [ 2513481.023330845870078, 2577202.704737095162272 ], [ 2513481.023330845870078, 2577434.54884648276493 ], [ 2513481.023330845870078, 2577759.130019927863032 ], [ 2513481.023330845870078, 2578083.711193372961134 ], [ 2513481.023330845870078, 2578176.449223592411727 ], [ 2513481.023330845870078, 2578408.292366818059236 ], [ 2513481.023330845870078, 2578593.767461095470935 ], [ 2513481.023330845870078, 2578871.980585592798889 ], [ 2513527.391434567514807, 2579382.03685331530869 ], [ 2513341.919019680935889, 2579382.03685331530869 ], [ 2513295.55091595929116, 2579382.03685331530869 ], [ 2512275.447803368326277, 2579382.03685331530869 ], [ 2511858.133903730660677, 2579382.03685331530869 ], [ 2511858.133903730660677, 2579428.404902263078839 ], [ 2511858.133903730660677, 2579752.987041870132089 ], [ 2511858.133903730660677, 2580170.305279373191297 ], [ 2511858.133903730660677, 2581004.942720540799201 ], [ 2511858.133903730660677, 2581051.311735650524497 ], [ 2511858.133903730660677, 2581839.580161708407104 ], [ 2511858.133903730660677, 2582674.218569037970155 ], [ 2511858.133903730660677, 2583137.90582165075466 ], [ 2511858.133903730660677, 2583184.274836760479957 ], [ 2511858.133903730660677, 2583277.011900818441063 ], [ 2511858.133903730660677, 2584297.124436263460666 ], [ 2511858.133903730660677, 2584528.968545651063323 ], [ 2511858.133903730660677, 2584575.33756076078862 ], [ 2511858.133903730660677, 2585641.818145153578371 ], [ 2511858.133903730660677, 2585920.031269650906324 ], [ 2511858.133903730660677, 2585966.400284761097282 ], [ 2511858.133903730660677, 2586012.768333708867431 ], [ 2511858.133903730660677, 2586847.405774876475334 ], [ 2511858.133903730660677, 2587079.24988426361233 ], [ 2511858.133903730660677, 2587542.937136876396835 ], [ 2511858.133903730660677, 2587867.519276483450085 ], [ 2511858.133903730660677, 2587913.887325431685895 ], [ 2511858.133903730660677, 2588423.943593154195696 ], [ 2511858.133903730660677, 2588887.631811928935349 ], [ 2511858.133903730660677, 2590325.062584876548499 ], [ 2511858.133903730660677, 2590371.431599986739457 ], [ 2511858.133903730660677, 2590464.16963020619005 ], [ 2511858.133903730660677, 2590927.856882818974555 ], [ 2511904.502007452305406, 2590927.856882818974555 ], [ 2511904.502007452305406, 2590974.225897929165512 ], [ 2511950.870111173950136, 2590974.225897929165512 ], [ 2511950.870111173950136, 2591020.593946876935661 ], [ 2511950.870111173950136, 2591066.962961986660957 ], [ 2511950.870111173950136, 2591113.331977096386254 ], [ 2511950.870111173950136, 2591159.700992206577212 ], [ 2511950.870111173950136, 2591206.06904115434736 ], [ 2511904.502007452305406, 2591206.06904115434736 ], [ 2511904.502007452305406, 2591252.438056264072657 ], [ 2511858.133903730660677, 2591252.438056264072657 ], [ 2511811.765800009015948, 2591252.438056264072657 ], [ 2511765.396730144508183, 2591252.438056264072657 ], [ 2511719.028626422863454, 2591252.438056264072657 ], [ 2511672.660522701218724, 2591252.438056264072657 ], [ 2511626.292418979573995, 2591252.438056264072657 ], [ 2511579.924315257929265, 2591252.438056264072657 ], [ 2511533.555245393421501, 2591252.438056264072657 ], [ 2511487.187141671776772, 2591298.807071374263614 ], [ 2511487.187141671776772, 2591345.175120322033763 ], [ 2511487.187141671776772, 2591391.544135431759059 ], [ 2511487.187141671776772, 2591437.913150541484356 ], [ 2511533.555245393421501, 2591437.913150541484356 ], [ 2511533.555245393421501, 2591484.282165651675314 ], [ 2511579.924315257929265, 2591530.650214599445462 ], [ 2511626.292418979573995, 2591530.650214599445462 ], [ 2511672.660522701218724, 2591530.650214599445462 ], [ 2511719.028626422863454, 2591530.650214599445462 ], [ 2511719.028626422863454, 2591484.282165651675314 ], [ 2511765.396730144508183, 2591484.282165651675314 ], [ 2511811.765800009015948, 2591484.282165651675314 ], [ 2511858.133903730660677, 2591484.282165651675314 ], [ 2511858.133903730660677, 2591530.650214599445462 ], [ 2511904.502007452305406, 2591530.650214599445462 ], [ 2511904.502007452305406, 2591577.019229709170759 ], [ 2511904.502007452305406, 2591623.388244819361717 ], [ 2511858.133903730660677, 2591623.388244819361717 ], [ 2511858.133903730660677, 2591669.757259929087013 ], [ 2511811.765800009015948, 2591669.757259929087013 ], [ 2511811.765800009015948, 2591716.125308876857162 ], [ 2511765.396730144508183, 2591716.125308876857162 ], [ 2511765.396730144508183, 2591762.494323986582458 ], [ 2511719.028626422863454, 2591762.494323986582458 ], [ 2511719.028626422863454, 2591808.863339096773416 ], [ 2511672.660522701218724, 2591855.231388044543564 ], [ 2511672.660522701218724, 2591901.600403154268861 ], [ 2511672.660522701218724, 2591947.969418264459819 ], [ 2511672.660522701218724, 2591994.338433374185115 ], [ 2511719.028626422863454, 2592040.706482321955264 ], [ 2511765.396730144508183, 2592040.706482321955264 ], [ 2511858.133903730660677, 2592040.706482321955264 ], [ 2511904.502007452305406, 2592040.706482321955264 ], [ 2511950.870111173950136, 2592040.706482321955264 ], [ 2511950.870111173950136, 2591994.338433374185115 ], [ 2511950.870111173950136, 2591947.969418264459819 ], [ 2511950.870111173950136, 2591901.600403154268861 ], [ 2511904.502007452305406, 2591901.600403154268861 ], [ 2511904.502007452305406, 2591855.231388044543564 ], [ 2511904.502007452305406, 2591808.863339096773416 ], [ 2511904.502007452305406, 2591762.494323986582458 ], [ 2511904.502007452305406, 2591716.125308876857162 ], [ 2511950.870111173950136, 2591716.125308876857162 ], [ 2511950.870111173950136, 2591669.757259929087013 ], [ 2511997.238214895594865, 2591669.757259929087013 ], [ 2512043.60728476010263, 2591669.757259929087013 ], [ 2512089.975388481747359, 2591669.757259929087013 ], [ 2512089.975388481747359, 2591623.388244819361717 ], [ 2512089.975388481747359, 2591577.019229709170759 ], [ 2512136.343492203392088, 2591577.019229709170759 ], [ 2512136.343492203392088, 2591530.650214599445462 ], [ 2512182.711595925036818, 2591530.650214599445462 ], [ 2512229.079699646681547, 2591530.650214599445462 ], [ 2512229.079699646681547, 2591484.282165651675314 ], [ 2512275.447803368326277, 2591484.282165651675314 ], [ 2512275.447803368326277, 2591530.650214599445462 ], [ 2512321.816873233299702, 2591530.650214599445462 ], [ 2512321.816873233299702, 2591577.019229709170759 ] ] } },
{ "type": "Feature", "properties": { }, "geometry": { "type": "LineString", "coordinates": [ [ 2512321.816873233299702, 2591577.019229709170759 ], [ 2512321.816873233299702, 2591623.388244819361717 ], [ 2512275.447803368326277, 2591623.388244819361717 ], [ 2512275.447803368326277, 2591669.757259929087013 ], [ 2512229.079699646681547, 2591669.757259929087013 ], [ 2512182.711595925036818, 2591716.125308876857162 ], [ 2512182.711595925036818, 2591762.494323986582458 ], [ 2512182.711595925036818, 2591808.863339096773416 ], [ 2512229.079699646681547, 2591808.863339096773416 ], [ 2512229.079699646681547, 2591855.231388044543564 ], [ 2512275.447803368326277, 2591855.231388044543564 ], [ 2512321.816873233299702, 2591855.231388044543564 ], [ 2512368.18497695447877, 2591855.231388044543564 ], [ 2512414.5530806761235, 2591901.600403154268861 ], [ 2512460.921184397768229, 2591901.600403154268861 ], [ 2512460.921184397768229, 2591947.969418264459819 ], [ 2512460.921184397768229, 2591994.338433374185115 ], [ 2512460.921184397768229, 2592040.706482321955264 ], [ 2512414.5530806761235, 2592040.706482321955264 ], [ 2512414.5530806761235, 2592087.07549743168056 ], [ 2512368.18497695447877, 2592087.07549743168056 ], [ 2512321.816873233299702, 2592087.07549743168056 ], [ 2512275.447803368326277, 2592087.07549743168056 ], [ 2512275.447803368326277, 2592133.444512541871518 ], [ 2512229.079699646681547, 2592133.444512541871518 ], [ 2512182.711595925036818, 2592133.444512541871518 ], [ 2512182.711595925036818, 2592179.813527651596814 ], [ 2512182.711595925036818, 2592226.181576599366963 ], [ 2512136.343492203392088, 2592226.181576599366963 ], [ 2512136.343492203392088, 2592272.550591709557921 ], [ 2512182.711595925036818, 2592272.550591709557921 ], [ 2512182.711595925036818, 2592318.919606819283217 ], [ 2512182.711595925036818, 2592365.288621929008514 ], [ 2512182.711595925036818, 2592411.656670876778662 ], [ 2512229.079699646681547, 2592411.656670876778662 ], [ 2512275.447803368326277, 2592411.656670876778662 ], [ 2512321.816873233299702, 2592411.656670876778662 ], [ 2512368.18497695447877, 2592411.656670876778662 ], [ 2512414.5530806761235, 2592411.656670876778662 ], [ 2512460.921184397768229, 2592411.656670876778662 ], [ 2512460.921184397768229, 2592458.02568598696962 ], [ 2512507.289288119412959, 2592458.02568598696962 ], [ 2512368.18497695447877, 2592597.131765154656023 ], [ 2512182.711595925036818, 2592782.606859432067722 ], [ 2512136.343492203392088, 2592782.606859432067722 ], [ 2512043.60728476010263, 2592782.606859432067722 ], [ 2511950.870111173950136, 2592782.606859432067722 ], [ 2511904.502007452305406, 2592782.606859432067722 ], [ 2511858.133903730660677, 2592782.606859432067722 ], [ 2511765.396730144508183, 2592875.344889651518315 ], [ 2511719.028626422863454, 2592968.081953709479421 ], [ 2511719.028626422863454, 2593060.819983929395676 ], [ 2511811.765800009015948, 2593107.188032877165824 ], [ 2511858.133903730660677, 2593107.188032877165824 ], [ 2511950.870111173950136, 2593014.450968819204718 ], [ 2512043.60728476010263, 2592968.081953709479421 ], [ 2512089.975388481747359, 2593060.819983929395676 ], [ 2512089.975388481747359, 2593153.557047986891121 ], [ 2511904.502007452305406, 2593431.769206322263926 ], [ 2511904.502007452305406, 2593524.507236541714519 ], [ 2511904.502007452305406, 2593570.876251651905477 ], [ 2511950.870111173950136, 2593663.613315709400922 ], [ 2511997.238214895594865, 2593709.98233081959188 ], [ 2512089.975388481747359, 2593709.98233081959188 ], [ 2512136.343492203392088, 2593709.98233081959188 ], [ 2512136.343492203392088, 2593617.244300599675626 ], [ 2512136.343492203392088, 2593524.507236541714519 ], [ 2512182.711595925036818, 2593478.138221431989223 ], [ 2512229.079699646681547, 2593478.138221431989223 ], [ 2512275.447803368326277, 2593524.507236541714519 ], [ 2512229.079699646681547, 2593756.350379767362028 ], [ 2512275.447803368326277, 2593756.350379767362028 ], [ 2512321.816873233299702, 2593849.088409986812621 ], [ 2512460.921184397768229, 2593849.088409986812621 ], [ 2512507.289288119412959, 2593802.719394877087325 ], [ 2512460.921184397768229, 2593478.138221431989223 ], [ 2512507.289288119412959, 2593339.03214226430282 ], [ 2512646.394565427675843, 2593292.663127154577523 ], [ 2512739.130772870965302, 2593339.03214226430282 ], [ 2512785.49887659214437, 2593431.769206322263926 ], [ 2512785.49887659214437, 2593570.876251651905477 ], [ 2512878.236050178762525, 2593709.98233081959188 ], [ 2512924.604153900407255, 2593709.98233081959188 ], [ 2512970.972257622051984, 2593709.98233081959188 ], [ 2512970.972257622051984, 2593663.613315709400922 ], [ 2513017.340361343696713, 2593570.876251651905477 ], [ 2513063.709431208204478, 2593524.507236541714519 ], [ 2513110.077534929849207, 2593478.138221431989223 ], [ 2513202.813742373138666, 2593385.401157374493778 ], [ 2513202.813742373138666, 2593339.03214226430282 ], [ 2513202.813742373138666, 2593246.294112044852227 ], [ 2513110.077534929849207, 2593153.557047986891121 ], [ 2513063.709431208204478, 2593107.188032877165824 ], [ 2513063.709431208204478, 2593014.450968819204718 ], [ 2513110.077534929849207, 2592968.081953709479421 ], [ 2513110.077534929849207, 2592921.712938599754125 ], [ 2513156.445638651493937, 2592875.344889651518315 ], [ 2513202.813742373138666, 2592875.344889651518315 ], [ 2513249.181846094783396, 2592875.344889651518315 ], [ 2513249.181846094783396, 2592921.712938599754125 ], [ 2513249.181846094783396, 2592968.081953709479421 ], [ 2513249.181846094783396, 2593014.450968819204718 ], [ 2513202.813742373138666, 2593014.450968819204718 ], [ 2513202.813742373138666, 2593060.819983929395676 ], [ 2513202.813742373138666, 2593107.188032877165824 ], [ 2513249.181846094783396, 2593107.188032877165824 ], [ 2513249.181846094783396, 2593153.557047986891121 ], [ 2513295.55091595929116, 2593153.557047986891121 ], [ 2513295.55091595929116, 2593107.188032877165824 ], [ 2513341.919019680935889, 2593107.188032877165824 ], [ 2513388.287123402580619, 2593107.188032877165824 ], [ 2513434.655227124225348, 2593107.188032877165824 ], [ 2513481.023330845870078, 2593107.188032877165824 ], [ 2513527.391434567514807, 2593107.188032877165824 ], [ 2513573.760504432022572, 2593107.188032877165824 ], [ 2513573.760504432022572, 2593153.557047986891121 ], [ 2513620.128608153667301, 2593153.557047986891121 ], [ 2513620.128608153667301, 2593199.926063096616417 ], [ 2513666.49671187531203, 2593199.926063096616417 ], [ 2513712.86481559695676, 2593199.926063096616417 ], [ 2513759.232919318601489, 2593199.926063096616417 ], [ 2513805.601989183109254, 2593199.926063096616417 ], [ 2513805.601989183109254, 2593246.294112044852227 ], [ 2513851.970092904753983, 2593246.294112044852227 ], [ 2513851.970092904753983, 2593292.663127154577523 ], [ 2513851.970092904753983, 2593339.03214226430282 ], [ 2513898.338196626398712, 2593339.03214226430282 ], [ 2513898.338196626398712, 2593385.401157374493778 ], [ 2513944.706300348043442, 2593431.769206322263926 ], [ 2513991.074404069688171, 2593431.769206322263926 ], [ 2513991.074404069688171, 2593478.138221431989223 ], [ 2514037.443473934661597, 2593478.138221431989223 ], [ 2514083.811577656306326, 2593478.138221431989223 ], [ 2514130.179681377951056, 2593478.138221431989223 ], [ 2514130.179681377951056, 2593431.769206322263926 ], [ 2514176.547785099595785, 2593431.769206322263926 ], [ 2514222.915888820774853, 2593431.769206322263926 ], [ 2514269.283992542419583, 2593431.769206322263926 ], [ 2514269.283992542419583, 2593385.401157374493778 ], [ 2514315.653062407393008, 2593385.401157374493778 ], [ 2514315.653062407393008, 2593339.03214226430282 ], [ 2514315.653062407393008, 2593292.663127154577523 ], [ 2514269.283992542419583, 2593292.663127154577523 ], [ 2514269.283992542419583, 2593246.294112044852227 ], [ 2514269.283992542419583, 2593199.926063096616417 ], [ 2514269.283992542419583, 2593153.557047986891121 ], [ 2514315.653062407393008, 2593153.557047986891121 ], [ 2514362.021166129037738, 2593153.557047986891121 ], [ 2514362.021166129037738, 2593199.926063096616417 ], [ 2514408.389269850682467, 2593199.926063096616417 ], [ 2514454.757373572327197, 2593199.926063096616417 ], [ 2514501.125477293971926, 2593199.926063096616417 ], [ 2514547.494547158479691, 2593199.926063096616417 ], [ 2514593.86265088012442, 2593199.926063096616417 ], [ 2514640.230754601769149, 2593199.926063096616417 ], [ 2514640.230754601769149, 2593153.557047986891121 ], [ 2514686.598858323413879, 2593153.557047986891121 ], [ 2514732.966962045058608, 2593153.557047986891121 ], [ 2514779.336031909566373, 2593153.557047986891121 ], [ 2514825.704135631211102, 2593153.557047986891121 ], [ 2514872.072239352855831, 2593153.557047986891121 ], [ 2514872.072239352855831, 2593107.188032877165824 ], [ 2514918.440343074500561, 2593107.188032877165824 ], [ 2514918.440343074500561, 2593060.819983929395676 ], [ 2514964.80844679614529, 2593060.819983929395676 ], [ 2514964.80844679614529, 2593014.450968819204718 ], [ 2514964.80844679614529, 2592968.081953709479421 ], [ 2514918.440343074500561, 2592968.081953709479421 ], [ 2514918.440343074500561, 2592921.712938599754125 ], [ 2514872.072239352855831, 2592921.712938599754125 ], [ 2514872.072239352855831, 2592875.344889651518315 ], [ 2514825.704135631211102, 2592875.344889651518315 ], [ 2514779.336031909566373, 2592875.344889651518315 ], [ 2514779.336031909566373, 2592828.975874541793019 ], [ 2514779.336031909566373, 2592782.606859432067722 ], [ 2514779.336031909566373, 2592736.237844321876764 ], [ 2514825.704135631211102, 2592736.237844321876764 ], [ 2514872.072239352855831, 2592736.237844321876764 ], [ 2514918.440343074500561, 2592736.237844321876764 ], [ 2514964.80844679614529, 2592736.237844321876764 ], [ 2514964.80844679614529, 2592689.869795374106616 ], [ 2514964.80844679614529, 2592643.500780264381319 ], [ 2515011.17655051779002, 2592643.500780264381319 ], [ 2515011.17655051779002, 2592597.131765154656023 ], [ 2514964.80844679614529, 2592597.131765154656023 ], [ 2514964.80844679614529, 2592550.762750044465065 ], [ 2514918.440343074500561, 2592550.762750044465065 ], [ 2514918.440343074500561, 2592504.394701096694916 ], [ 2514918.440343074500561, 2592458.02568598696962 ], [ 2514872.072239352855831, 2592458.02568598696962 ], [ 2514918.440343074500561, 2592458.02568598696962 ], [ 2514918.440343074500561, 2592411.656670876778662 ], [ 2514918.440343074500561, 2592365.288621929008514 ], [ 2514918.440343074500561, 2592318.919606819283217 ], [ 2514964.80844679614529, 2592318.919606819283217 ], [ 2515011.17655051779002, 2592318.919606819283217 ], [ 2515057.545620382297784, 2592318.919606819283217 ], [ 2515103.913724103942513, 2592318.919606819283217 ], [ 2515103.913724103942513, 2592365.288621929008514 ], [ 2515289.387105133384466, 2592550.762750044465065 ], [ 2515428.491416298318654, 2592643.500780264381319 ], [ 2515521.22858988493681, 2592643.500780264381319 ], [ 2515567.596693606581539, 2592597.131765154656023 ], [ 2515567.596693606581539, 2592504.394701096694916 ], [ 2515521.22858988493681, 2592458.02568598696962 ], [ 2515335.755208855029196, 2592411.656670876778662 ], [ 2515243.018035268876702, 2592318.919606819283217 ], [ 2515196.649931547231972, 2592226.181576599366963 ], [ 2515243.018035268876702, 2592226.181576599366963 ], [ 2515243.018035268876702, 2592179.813527651596814 ], [ 2515289.387105133384466, 2592179.813527651596814 ], [ 2515335.755208855029196, 2592133.444512541871518 ], [ 2515474.859520019963384, 2592272.550591709557921 ], [ 2515567.596693606581539, 2592365.288621929008514 ], [ 2515706.701004771050066, 2592365.288621929008514 ], [ 2515753.069108492694795, 2592272.550591709557921 ], [ 2515753.069108492694795, 2592179.813527651596814 ], [ 2515660.332901049405336, 2592133.444512541871518 ], [ 2515567.596693606581539, 2592133.444512541871518 ], [ 2515521.22858988493681, 2592133.444512541871518 ], [ 2515474.859520019963384, 2592087.07549743168056 ], [ 2515474.859520019963384, 2592040.706482321955264 ], [ 2515521.22858988493681, 2592040.706482321955264 ], [ 2515521.22858988493681, 2591994.338433374185115 ], [ 2515567.596693606581539, 2591994.338433374185115 ], [ 2515567.596693606581539, 2591947.969418264459819 ], [ 2515567.596693606581539, 2591901.600403154268861 ], [ 2515567.596693606581539, 2591855.231388044543564 ], [ 2515521.22858988493681, 2591855.231388044543564 ], [ 2515521.22858988493681, 2591808.863339096773416 ], [ 2515521.22858988493681, 2591762.494323986582458 ], [ 2515521.22858988493681, 2591716.125308876857162 ], [ 2515521.22858988493681, 2591669.757259929087013 ], [ 2515521.22858988493681, 2591623.388244819361717 ], [ 2515521.22858988493681, 2591577.019229709170759 ], [ 2515474.859520019963384, 2591577.019229709170759 ], [ 2515474.859520019963384, 2591530.650214599445462 ], [ 2515474.859520019963384, 2591484.282165651675314 ], [ 2515474.859520019963384, 2591437.913150541484356 ], [ 2515474.859520019963384, 2591391.544135431759059 ], [ 2515521.22858988493681, 2591345.175120322033763 ], [ 2515521.22858988493681, 2591298.807071374263614 ], [ 2515567.596693606581539, 2591298.807071374263614 ], [ 2515567.596693606581539, 2591252.438056264072657 ], [ 2515567.596693606581539, 2591206.06904115434736 ], [ 2515613.964797327760607, 2591206.06904115434736 ], [ 2515613.964797327760607, 2591159.700992206577212 ], [ 2515660.332901049405336, 2591159.700992206577212 ], [ 2515660.332901049405336, 2591113.331977096386254 ], [ 2515660.332901049405336, 2591066.962961986660957 ], [ 2515706.701004771050066, 2591066.962961986660957 ], [ 2515753.069108492694795, 2591020.593946876935661 ], [ 2515799.438178357668221, 2591020.593946876935661 ], [ 2515799.438178357668221, 2590974.225897929165512 ], [ 2515845.80628207931295, 2590974.225897929165512 ], [ 2515845.80628207931295, 2590927.856882818974555 ], [ 2515845.80628207931295, 2590881.487867709249258 ], [ 2515845.80628207931295, 2590835.118852599523962 ], [ 2515845.80628207931295, 2590788.750803651288152 ], [ 2515892.17438580095768, 2590788.750803651288152 ], [ 2515892.17438580095768, 2590742.381788541562855 ], [ 2515938.542489522602409, 2590788.750803651288152 ], [ 2515938.542489522602409, 2590835.118852599523962 ], [ 2515938.542489522602409, 2590881.487867709249258 ], [ 2515984.910593244247139, 2590881.487867709249258 ], [ 2515984.910593244247139, 2590927.856882818974555 ], [ 2515984.910593244247139, 2590974.225897929165512 ], [ 2516031.279663108754903, 2590974.225897929165512 ], [ 2516077.647766830399632, 2590974.225897929165512 ], [ 2516124.015870552044362, 2590974.225897929165512 ], [ 2516124.015870552044362, 2590927.856882818974555 ], [ 2516124.015870552044362, 2590881.487867709249258 ], [ 2516170.383974273689091, 2590881.487867709249258 ], [ 2516170.383974273689091, 2590835.118852599523962 ], [ 2516216.752077995333821, 2590835.118852599523962 ], [ 2516216.752077995333821, 2590788.750803651288152 ], [ 2516263.121147859841585, 2590788.750803651288152 ], [ 2516263.121147859841585, 2590742.381788541562855 ], [ 2516309.489251581486315, 2590742.381788541562855 ], [ 2516309.489251581486315, 2590696.012773431837559 ], [ 2516309.489251581486315, 2590649.643758321646601 ], [ 2516309.489251581486315, 2590603.275709373876452 ], [ 2516263.121147859841585, 2590603.275709373876452 ], [ 2516263.121147859841585, 2590556.906694264151156 ], [ 2516309.489251581486315, 2590510.537679154425859 ], [ 2516309.489251581486315, 2590464.16963020619005 ], [ 2516355.857355303131044, 2590464.16963020619005 ], [ 2516355.857355303131044, 2590417.800615096464753 ], [ 2516402.225459024775773, 2590417.800615096464753 ], [ 2516448.593562746420503, 2590417.800615096464753 ], [ 2516494.961666468065232, 2590417.800615096464753 ], [ 2516494.961666468065232, 2590464.16963020619005 ], [ 2516541.330736332572997, 2590464.16963020619005 ], [ 2516541.330736332572997, 2590510.537679154425859 ], [ 2516541.330736332572997, 2590556.906694264151156 ], [ 2516541.330736332572997, 2590603.275709373876452 ], [ 2516541.330736332572997, 2590649.643758321646601 ], [ 2516587.698840054217726, 2590649.643758321646601 ], [ 2516587.698840054217726, 2590696.012773431837559 ], [ 2516541.330736332572997, 2590696.012773431837559 ], [ 2516541.330736332572997, 2590742.381788541562855 ], [ 2516541.330736332572997, 2590788.750803651288152 ], [ 2516494.961666468065232, 2590788.750803651288152 ], [ 2516448.593562746420503, 2590788.750803651288152 ], [ 2516402.225459024775773, 2590788.750803651288152 ], [ 2516402.225459024775773, 2590835.118852599523962 ], [ 2516355.857355303131044, 2590835.118852599523962 ], [ 2516355.857355303131044, 2590881.487867709249258 ], [ 2516309.489251581486315, 2590881.487867709249258 ], [ 2516309.489251581486315, 2590927.856882818974555 ], [ 2516309.489251581486315, 2590974.225897929165512 ], [ 2516263.121147859841585, 2590974.225897929165512 ], [ 2516263.121147859841585, 2591020.593946876935661 ], [ 2516216.752077995333821, 2591020.593946876935661 ], [ 2516216.752077995333821, 2591066.962961986660957 ], [ 2516263.121147859841585, 2591066.962961986660957 ], [ 2516263.121147859841585, 2591113.331977096386254 ], [ 2516263.121147859841585, 2591159.700992206577212 ], [ 2516263.121147859841585, 2591206.06904115434736 ], [ 2516309.489251581486315, 2591206.06904115434736 ], [ 2516355.857355303131044, 2591206.06904115434736 ], [ 2516402.225459024775773, 2591206.06904115434736 ], [ 2516448.593562746420503, 2591159.700992206577212 ], [ 2516494.961666468065232, 2591159.700992206577212 ], [ 2516541.330736332572997, 2591113.331977096386254 ], [ 2516587.698840054217726, 2591113.331977096386254 ], [ 2516634.066943775862455, 2591113.331977096386254 ], [ 2516634.066943775862455, 2591159.700992206577212 ], [ 2516680.435047497507185, 2591159.700992206577212 ], [ 2516726.803151219151914, 2591159.700992206577212 ], [ 2516773.172221083659679, 2591159.700992206577212 ], [ 2516819.540324805304408, 2591159.700992206577212 ], [ 2516819.540324805304408, 2591113.331977096386254 ], [ 2516865.908428526949137, 2591113.331977096386254 ], [ 2516865.908428526949137, 2591066.962961986660957 ], [ 2516912.276532248593867, 2591066.962961986660957 ], [ 2516912.276532248593867, 2591020.593946876935661 ], [ 2516958.644635970238596, 2591020.593946876935661 ], [ 2516958.644635970238596, 2590974.225897929165512 ], [ 2517005.012739691883326, 2590974.225897929165512 ], [ 2517051.38180955639109, 2590974.225897929165512 ], [ 2517097.74991327803582, 2590974.225897929165512 ], [ 2517144.118016999680549, 2590974.225897929165512 ], [ 2517144.118016999680549, 2591020.593946876935661 ], [ 2517190.486120721325278, 2591020.593946876935661 ], [ 2517236.854224442970008, 2591020.593946876935661 ], [ 2517283.223294307943434, 2591020.593946876935661 ], [ 2517329.591398029588163, 2591020.593946876935661 ], [ 2517329.591398029588163, 2591066.962961986660957 ], [ 2517375.959501751232892, 2591066.962961986660957 ], [ 2517375.959501751232892, 2591113.331977096386254 ], [ 2517422.327605472877622, 2591113.331977096386254 ], [ 2517422.327605472877622, 2591159.700992206577212 ], [ 2517468.69570919405669, 2591206.06904115434736 ], [ 2517468.69570919405669, 2591252.438056264072657 ], [ 2517468.69570919405669, 2591298.807071374263614 ], [ 2517515.064779059030116, 2591298.807071374263614 ], [ 2517515.064779059030116, 2591345.175120322033763 ], [ 2517515.064779059030116, 2591391.544135431759059 ], [ 2517561.432882780674845, 2591391.544135431759059 ], [ 2517561.432882780674845, 2591437.913150541484356 ], [ 2517561.432882780674845, 2591484.282165651675314 ], [ 2517607.800986502319574, 2591484.282165651675314 ], [ 2517607.800986502319574, 2591530.650214599445462 ], [ 2517654.169090223964304, 2591530.650214599445462 ], [ 2517654.169090223964304, 2591577.019229709170759 ], [ 2517607.800986502319574, 2591577.019229709170759 ], [ 2517607.800986502319574, 2591623.388244819361717 ], [ 2517607.800986502319574, 2591669.757259929087013 ], [ 2517561.432882780674845, 2591669.757259929087013 ], [ 2517515.064779059030116, 2591669.757259929087013 ], [ 2517468.69570919405669, 2591669.757259929087013 ], [ 2517468.69570919405669, 2591623.388244819361717 ], [ 2517422.327605472877622, 2591623.388244819361717 ], [ 2517422.327605472877622, 2591577.019229709170759 ], [ 2517375.959501751232892, 2591577.019229709170759 ], [ 2517375.959501751232892, 2591530.650214599445462 ], [ 2517329.591398029588163, 2591530.650214599445462 ], [ 2517283.223294307943434, 2591530.650214599445462 ], [ 2517236.854224442970008, 2591530.650214599445462 ], [ 2517236.854224442970008, 2591484.282165651675314 ], [ 2517190.486120721325278, 2591484.282165651675314 ], [ 2517190.486120721325278, 2591437.913150541484356 ], [ 2517144.118016999680549, 2591437.913150541484356 ], [ 2517097.74991327803582, 2591437.913150541484356 ], [ 2517051.38180955639109, 2591484.282165651675314 ], [ 2517005.012739691883326, 2591484.282165651675314 ], [ 2516958.644635970238596, 2591484.282165651675314 ], [ 2516912.276532248593867, 2591484.282165651675314 ], [ 2516912.276532248593867, 2591530.650214599445462 ], [ 2516865.908428526949137, 2591530.650214599445462 ], [ 2516865.908428526949137, 2591577.019229709170759 ], [ 2516865.908428526949137, 2591623.388244819361717 ], [ 2516912.276532248593867, 2591623.388244819361717 ], [ 2516912.276532248593867, 2591669.757259929087013 ], [ 2516958.644635970238596, 2591669.757259929087013 ], [ 2516958.644635970238596, 2591716.125308876857162 ], [ 2517005.012739691883326, 2591716.125308876857162 ], [ 2517051.38180955639109, 2591716.125308876857162 ], [ 2517097.74991327803582, 2591716.125308876857162 ], [ 2517097.74991327803582, 2591762.494323986582458 ], [ 2517144.118016999680549, 2591762.494323986582458 ], [ 2517144.118016999680549, 2591808.863339096773416 ], [ 2517144.118016999680549, 2591855.231388044543564 ], [ 2517144.118016999680549, 2591901.600403154268861 ], [ 2517190.486120721325278, 2591901.600403154268861 ], [ 2517190.486120721325278, 2591947.969418264459819 ], [ 2517190.486120721325278, 2591994.338433374185115 ], [ 2517190.486120721325278, 2592040.706482321955264 ], [ 2517144.118016999680549, 2592040.706482321955264 ], [ 2517144.118016999680549, 2592087.07549743168056 ], [ 2517097.74991327803582, 2592087.07549743168056 ], [ 2517097.74991327803582, 2592133.444512541871518 ], [ 2517097.74991327803582, 2592179.813527651596814 ], [ 2517051.38180955639109, 2592179.813527651596814 ], [ 2517051.38180955639109, 2592226.181576599366963 ], [ 2517051.38180955639109, 2592272.550591709557921 ], [ 2517051.38180955639109, 2592318.919606819283217 ], [ 2517051.38180955639109, 2592365.288621929008514 ], [ 2517005.012739691883326, 2592365.288621929008514 ], [ 2517005.012739691883326, 2592411.656670876778662 ], [ 2516958.644635970238596, 2592411.656670876778662 ], [ 2516958.644635970238596, 2592458.02568598696962 ], [ 2516958.644635970238596, 2592504.394701096694916 ], [ 2516958.644635970238596, 2592550.762750044465065 ], [ 2517005.012739691883326, 2592597.131765154656023 ], [ 2517005.012739691883326, 2592643.500780264381319 ], [ 2517051.38180955639109, 2592643.500780264381319 ], [ 2517097.74991327803582, 2592643.500780264381319 ], [ 2517097.74991327803582, 2592597.131765154656023 ], [ 2517144.118016999680549, 2592597.131765154656023 ], [ 2517144.118016999680549, 2592550.762750044465065 ], [ 2517190.486120721325278, 2592550.762750044465065 ], [ 2517236.854224442970008, 2592550.762750044465065 ], [ 2517283.223294307943434, 2592550.762750044465065 ], [ 2517329.591398029588163, 2592550.762750044465065 ], [ 2517375.959501751232892, 2592550.762750044465065 ], [ 2517422.327605472877622, 2592550.762750044465065 ], [ 2517468.69570919405669, 2592550.762750044465065 ], [ 2517515.064779059030116, 2592550.762750044465065 ], [ 2517561.432882780674845, 2592550.762750044465065 ], [ 2517607.800986502319574, 2592550.762750044465065 ], [ 2517607.800986502319574, 2592504.394701096694916 ], [ 2517654.169090223964304, 2592504.394701096694916 ], [ 2517700.537193945609033, 2592504.394701096694916 ], [ 2517746.905297667253762, 2592504.394701096694916 ], [ 2517793.274367531761527, 2592504.394701096694916 ], [ 2517793.274367531761527, 2592550.762750044465065 ], [ 2517839.642471253406256, 2592550.762750044465065 ], [ 2517839.642471253406256, 2592597.131765154656023 ], [ 2517839.642471253406256, 2592643.500780264381319 ], [ 2517839.642471253406256, 2592689.869795374106616 ], [ 2517839.642471253406256, 2592736.237844321876764 ], [ 2517839.642471253406256, 2592782.606859432067722 ], [ 2517793.274367531761527, 2592782.606859432067722 ], [ 2517746.905297667253762, 2592782.606859432067722 ], [ 2517700.537193945609033, 2592782.606859432067722 ], [ 2517654.169090223964304, 2592782.606859432067722 ], [ 2517607.800986502319574, 2592828.975874541793019 ], [ 2517561.432882780674845, 2592782.606859432067722 ], [ 2517515.064779059030116, 2592782.606859432067722 ], [ 2517515.064779059030116, 2592736.237844321876764 ], [ 2517468.69570919405669, 2592736.237844321876764 ], [ 2517422.327605472877622, 2592736.237844321876764 ], [ 2517375.959501751232892, 2592736.237844321876764 ], [ 2517329.591398029588163, 2592736.237844321876764 ], [ 2517329.591398029588163, 2592782.606859432067722 ], [ 2517329.591398029588163, 2592828.975874541793019 ], [ 2517329.591398029588163, 2592875.344889651518315 ], [ 2517329.591398029588163, 2592921.712938599754125 ], [ 2517329.591398029588163, 2592968.081953709479421 ], [ 2517375.959501751232892, 2592968.081953709479421 ], [ 2517375.959501751232892, 2593014.450968819204718 ], [ 2517375.959501751232892, 2593060.819983929395676 ], [ 2517375.959501751232892, 2593107.188032877165824 ], [ 2517375.959501751232892, 2593153.557047986891121 ], [ 2517375.959501751232892, 2593199.926063096616417 ], [ 2517422.327605472877622, 2593246.294112044852227 ], [ 2517422.327605472877622, 2593292.663127154577523 ], [ 2517468.69570919405669, 2593292.663127154577523 ], [ 2517515.064779059030116, 2593292.663127154577523 ], [ 2517561.432882780674845, 2593339.03214226430282 ], [ 2517607.800986502319574, 2593339.03214226430282 ], [ 2517654.169090223964304, 2593339.03214226430282 ], [ 2517700.537193945609033, 2593385.401157374493778 ], [ 2517746.905297667253762, 2593385.401157374493778 ], [ 2517746.905297667253762, 2593431.769206322263926 ], [ 2517793.274367531761527, 2593431.769206322263926 ], [ 2517839.642471253406256, 2593478.138221431989223 ], [ 2517886.010574975050986, 2593478.138221431989223 ], [ 2517932.378678696695715, 2593478.138221431989223 ], [ 2517978.746782418340445, 2593478.138221431989223 ], [ 2518025.115852282848209, 2593478.138221431989223 ], [ 2518071.483956004492939, 2593478.138221431989223 ], [ 2518071.483956004492939, 2593431.769206322263926 ], [ 2518071.483956004492939, 2593385.401157374493778 ], [ 2518071.483956004492939, 2593339.03214226430282 ], [ 2518025.115852282848209, 2593339.03214226430282 ], [ 2518025.115852282848209, 2593292.663127154577523 ], [ 2517978.746782418340445, 2593292.663127154577523 ], [ 2517932.378678696695715, 2593246.294112044852227 ], [ 2517886.010574975050986, 2593246.294112044852227 ], [ 2517839.642471253406256, 2593199.926063096616417 ], [ 2517793.274367531761527, 2593199.926063096616417 ], [ 2517793.274367531761527, 2593153.557047986891121 ], [ 2517746.905297667253762, 2593153.557047986891121 ], [ 2517700.537193945609033, 2593153.557047986891121 ], [ 2517654.169090223964304, 2593153.557047986891121 ], [ 2517654.169090223964304, 2593107.188032877165824 ], [ 2517607.800986502319574, 2593107.188032877165824 ], [ 2517607.800986502319574, 2593060.819983929395676 ], [ 2517561.432882780674845, 2593014.450968819204718 ], [ 2517561.432882780674845, 2592968.081953709479421 ], [ 2517561.432882780674845, 2592921.712938599754125 ], [ 2517607.800986502319574, 2592921.712938599754125 ], [ 2517654.169090223964304, 2592921.712938599754125 ], [ 2517700.537193945609033, 2592968.081953709479421 ], [ 2517746.905297667253762, 2592968.081953709479421 ], [ 2517746.905297667253762, 2593014.450968819204718 ], [ 2517793.274367531761527, 2593014.450968819204718 ], [ 2517839.642471253406256, 2593014.450968819204718 ], [ 2517839.642471253406256, 2593060.819983929395676 ], [ 2517886.010574975050986, 2593060.819983929395676 ], [ 2517932.378678696695715, 2593060.819983929395676 ], [ 2517978.746782418340445, 2593060.819983929395676 ], [ 2517978.746782418340445, 2593107.188032877165824 ], [ 2518025.115852282848209, 2593107.188032877165824 ], [ 2518071.483956004492939, 2593107.188032877165824 ], [ 2518071.483956004492939, 2593060.819983929395676 ], [ 2518117.852059726137668, 2593060.819983929395676 ], [ 2518164.220163447782397, 2593060.819983929395676 ], [ 2518210.588267169427127, 2593060.819983929395676 ], [ 2518256.957337033934891, 2593060.819983929395676 ], [ 2518303.325440755579621, 2593060.819983929395676 ], [ 2518303.325440755579621, 2593014.450968819204718 ], [ 2518349.69354447722435, 2593014.450968819204718 ], [ 2518349.69354447722435, 2592968.081953709479421 ], [ 2518349.69354447722435, 2592921.712938599754125 ] ] } },
{ "type": "Feature", "properties": { }, "geometry": { "type": "LineString", "coordinates": [ [ 2475134.452767033595592, 2600201.607732045464218 ], [ 2475134.452767033595592, 2600155.23871693527326 ], [ 2475180.820870755240321, 2600155.23871693527326 ], [ 2475180.820870755240321, 2600108.870667987503111 ], [ 2475227.188974476885051, 2600108.870667987503111 ], [ 2475227.188974476885051, 2600062.501652877777815 ], [ 2475273.55707819852978, 2600062.501652877777815 ], [ 2475273.55707819852978, 2600016.132637767586857 ], [ 2475273.55707819852978, 2599969.764588819816709 ], [ 2475273.55707819852978, 2599923.395573710091412 ], [ 2475227.188974476885051, 2599923.395573710091412 ], [ 2475180.820870755240321, 2599923.395573710091412 ], [ 2475180.820870755240321, 2599877.026558600366116 ], [ 2475134.452767033595592, 2599877.026558600366116 ] ] } },
{ "type": "Feature", "properties": { }, "geometry": { "type": "LineString", "coordinates": [ [ 2475134.452767033595592, 2598300.488740322645754 ], [ 2475134.452767033595592, 2598346.85775543237105 ], [ 2475180.820870755240321, 2598346.85775543237105 ], [ 2475180.820870755240321, 2598393.226770542562008 ], [ 2475227.188974476885051, 2598393.226770542562008 ], [ 2475227.188974476885051, 2598439.594819490332156 ], [ 2475273.55707819852978, 2598439.594819490332156 ], [ 2475273.55707819852978, 2598393.226770542562008 ], [ 2475273.55707819852978, 2598346.85775543237105 ], [ 2475273.55707819852978, 2598300.488740322645754 ], [ 2475273.55707819852978, 2598254.119725212920457 ], [ 2475227.188974476885051, 2598207.751676264684647 ], [ 2475227.188974476885051, 2598161.382661154959351 ], [ 2475227.188974476885051, 2598115.013646045234054 ], [ 2475227.188974476885051, 2598068.645597097463906 ], [ 2475273.55707819852978, 2598022.276581987272948 ], [ 2475273.55707819852978, 2597975.907566877547652 ], [ 2475273.55707819852978, 2597929.538551767822355 ], [ 2475319.925181920174509, 2597929.538551767822355 ], [ 2475319.925181920174509, 2597883.170502819586545 ], [ 2475366.294251784682274, 2597883.170502819586545 ], [ 2475366.294251784682274, 2597836.801487709861249 ], [ 2475412.662355506327003, 2597836.801487709861249 ], [ 2475459.030459227971733, 2597836.801487709861249 ], [ 2475505.398562949616462, 2597836.801487709861249 ], [ 2475505.398562949616462, 2597883.170502819586545 ], [ 2475551.766666671261191, 2597883.170502819586545 ], [ 2475598.135736535768956, 2597883.170502819586545 ], [ 2475598.135736535768956, 2597929.538551767822355 ], [ 2475644.503840257413685, 2597929.538551767822355 ], [ 2475690.871943979058415, 2597929.538551767822355 ], [ 2475737.240047700703144, 2597929.538551767822355 ], [ 2475783.608151422347873, 2597929.538551767822355 ], [ 2475829.977221287321299, 2597929.538551767822355 ], [ 2475876.345325008966029, 2597929.538551767822355 ], [ 2475922.713428730610758, 2597929.538551767822355 ], [ 2475969.081532451789826, 2597929.538551767822355 ], [ 2476015.449636173434556, 2597929.538551767822355 ], [ 2476061.817739895079285, 2597929.538551767822355 ], [ 2476061.817739895079285, 2597975.907566877547652 ], [ 2476108.186809760052711, 2597975.907566877547652 ], [ 2476108.186809760052711, 2598022.276581987272948 ], [ 2476154.55491348169744, 2598022.276581987272948 ], [ 2476154.55491348169744, 2598068.645597097463906 ], [ 2476154.55491348169744, 2598115.013646045234054 ], [ 2476154.55491348169744, 2598161.382661154959351 ], [ 2476108.186809760052711, 2598161.382661154959351 ], [ 2476108.186809760052711, 2598207.751676264684647 ], [ 2476061.817739895079285, 2598254.119725212920457 ], [ 2476015.449636173434556, 2598300.488740322645754 ], [ 2475969.081532451789826, 2598346.85775543237105 ], [ 2475922.713428730610758, 2598346.85775543237105 ], [ 2475922.713428730610758, 2598393.226770542562008 ], [ 2475876.345325008966029, 2598393.226770542562008 ], [ 2475829.977221287321299, 2598439.594819490332156 ], [ 2475783.608151422347873, 2598485.963834600057453 ], [ 2475783.608151422347873, 2598532.332849709782749 ], [ 2475829.977221287321299, 2598532.332849709782749 ], [ 2475876.345325008966029, 2598532.332849709782749 ], [ 2475922.713428730610758, 2598532.332849709782749 ], [ 2475922.713428730610758, 2598578.701864819973707 ], [ 2475969.081532451789826, 2598578.701864819973707 ], [ 2476015.449636173434556, 2598578.701864819973707 ], [ 2476061.817739895079285, 2598625.069913767743856 ], [ 2476108.186809760052711, 2598625.069913767743856 ], [ 2476108.186809760052711, 2598671.438928877469152 ], [ 2476154.55491348169744, 2598671.438928877469152 ], [ 2476200.92301720334217, 2598717.80794398766011 ], [ 2476247.291120924986899, 2598764.176959097385406 ], [ 2476293.659224646631628, 2598810.545008045155555 ], [ 2476340.028294511139393, 2598810.545008045155555 ], [ 2476386.396398232784122, 2598810.545008045155555 ], [ 2476386.396398232784122, 2598856.914023154880852 ], [ 2476432.764501954428852, 2598856.914023154880852 ], [ 2476432.764501954428852, 2598903.283038265071809 ], [ 2476479.132605676073581, 2598903.283038265071809 ], [ 2476525.50070939771831, 2598903.283038265071809 ], [ 2476525.50070939771831, 2598949.651087212841958 ], [ 2476571.86881311936304, 2598949.651087212841958 ], [ 2476618.237882983870804, 2598996.020102322567254 ], [ 2476664.605986705515534, 2598996.020102322567254 ], [ 2476710.974090427160263, 2598996.020102322567254 ], [ 2476710.974090427160263, 2598949.651087212841958 ], [ 2476757.342194148804992, 2598949.651087212841958 ], [ 2476803.710297870449722, 2598903.283038265071809 ], [ 2476850.079367734957486, 2598903.283038265071809 ], [ 2476896.447471456602216, 2598903.283038265071809 ], [ 2476896.447471456602216, 2598856.914023154880852 ], [ 2476896.447471456602216, 2598810.545008045155555 ], [ 2476942.815575178246945, 2598810.545008045155555 ], [ 2476896.447471456602216, 2598764.176959097385406 ], [ 2476942.815575178246945, 2598764.176959097385406 ], [ 2476896.447471456602216, 2598764.176959097385406 ], [ 2476896.447471456602216, 2598717.80794398766011 ], [ 2476896.447471456602216, 2598671.438928877469152 ], [ 2476896.447471456602216, 2598625.069913767743856 ], [ 2476896.447471456602216, 2598578.701864819973707 ], [ 2476896.447471456602216, 2598532.332849709782749 ], [ 2476896.447471456602216, 2598485.963834600057453 ], [ 2476896.447471456602216, 2598439.594819490332156 ], [ 2476942.815575178246945, 2598439.594819490332156 ], [ 2476942.815575178246945, 2598393.226770542562008 ], [ 2476942.815575178246945, 2598346.85775543237105 ], [ 2476989.183678899891675, 2598346.85775543237105 ], [ 2476989.183678899891675, 2598300.488740322645754 ], [ 2476989.183678899891675, 2598254.119725212920457 ], [ 2476989.183678899891675, 2598207.751676264684647 ], [ 2476989.183678899891675, 2598161.382661154959351 ], [ 2476989.183678899891675, 2598115.013646045234054 ], [ 2476989.183678899891675, 2598068.645597097463906 ], [ 2477035.551782621536404, 2598022.276581987272948 ], [ 2477035.551782621536404, 2597975.907566877547652 ], [ 2477035.551782621536404, 2597929.538551767822355 ], [ 2477081.920852486044168, 2597929.538551767822355 ], [ 2477128.288956207688898, 2597883.170502819586545 ], [ 2477128.288956207688898, 2597836.801487709861249 ], [ 2477174.657059929333627, 2597790.432472600135952 ], [ 2477174.657059929333627, 2597744.063457489944994 ], [ 2477221.025163650978357, 2597697.695408542174846 ], [ 2477221.025163650978357, 2597651.326393432449549 ], [ 2477221.025163650978357, 2597604.957378322724253 ], [ 2477267.393267372623086, 2597512.220314264763147 ], [ 2477267.393267372623086, 2597419.482284044846892 ], [ 2477313.761371094267815, 2597419.482284044846892 ], [ 2477360.130440959241241, 2597419.482284044846892 ], [ 2477406.498544680420309, 2597419.482284044846892 ], [ 2477499.234752123709768, 2597419.482284044846892 ], [ 2477545.602855845354497, 2597419.482284044846892 ], [ 2477591.971925710327923, 2597419.482284044846892 ], [ 2477731.076236875262111, 2597373.114235097076744 ], [ 2477731.076236875262111, 2597326.745219987351447 ], [ 2477777.44434059644118, 2597326.745219987351447 ], [ 2477823.813410461414605, 2597326.745219987351447 ], [ 2477870.181514183059335, 2597326.745219987351447 ], [ 2477870.181514183059335, 2597373.114235097076744 ], [ 2477916.549617904704064, 2597373.114235097076744 ], [ 2477962.917721626348794, 2597419.482284044846892 ], [ 2477962.917721626348794, 2597465.85129915503785 ], [ 2478009.285825347993523, 2597512.220314264763147 ], [ 2478009.285825347993523, 2597558.588363212533295 ], [ 2478009.285825347993523, 2597604.957378322724253 ], [ 2478009.285825347993523, 2597651.326393432449549 ], [ 2478055.653929069638252, 2597697.695408542174846 ], [ 2478102.022998934146017, 2597744.063457489944994 ], [ 2478148.391102655790746, 2597744.063457489944994 ], [ 2478194.759206377435476, 2597744.063457489944994 ], [ 2478241.127310099080205, 2597744.063457489944994 ], [ 2478287.495413820724934, 2597744.063457489944994 ], [ 2478333.864483685232699, 2597744.063457489944994 ], [ 2478380.232587406877428, 2597744.063457489944994 ], [ 2478426.600691128522158, 2597744.063457489944994 ], [ 2478472.968794850166887, 2597744.063457489944994 ], [ 2478519.336898571811616, 2597744.063457489944994 ], [ 2478519.336898571811616, 2597697.695408542174846 ], [ 2478565.705968436319381, 2597697.695408542174846 ], [ 2478612.07407215796411, 2597651.326393432449549 ], [ 2478658.44217587960884, 2597651.326393432449549 ], [ 2478704.810279601253569, 2597651.326393432449549 ], [ 2478751.178383322898299, 2597651.326393432449549 ], [ 2478797.546487044543028, 2597651.326393432449549 ], [ 2478843.915556909050792, 2597697.695408542174846 ], [ 2478890.283660630695522, 2597697.695408542174846 ], [ 2478936.651764352340251, 2597744.063457489944994 ], [ 2478983.019868073984981, 2597790.432472600135952 ], [ 2478983.019868073984981, 2597836.801487709861249 ], [ 2479029.38797179562971, 2597836.801487709861249 ], [ 2479029.38797179562971, 2597883.170502819586545 ], [ 2479075.757041660603136, 2597883.170502819586545 ], [ 2479075.757041660603136, 2597929.538551767822355 ], [ 2479075.757041660603136, 2597975.907566877547652 ], [ 2479122.125145382247865, 2597975.907566877547652 ], [ 2479122.125145382247865, 2598022.276581987272948 ], [ 2479122.125145382247865, 2598068.645597097463906 ], [ 2479168.493249103892595, 2598068.645597097463906 ], [ 2479214.861352825071663, 2598068.645597097463906 ], [ 2479261.229456546716392, 2598068.645597097463906 ], [ 2479307.598526411689818, 2598068.645597097463906 ], [ 2479353.966630133334547, 2598068.645597097463906 ], [ 2479400.334733854979277, 2598068.645597097463906 ], [ 2479446.702837576624006, 2598068.645597097463906 ], [ 2479493.070941298268735, 2598022.276581987272948 ], [ 2479493.070941298268735, 2597975.907566877547652 ], [ 2479493.070941298268735, 2597929.538551767822355 ], [ 2479446.702837576624006, 2597929.538551767822355 ], [ 2479446.702837576624006, 2597883.170502819586545 ], [ 2479400.334733854979277, 2597883.170502819586545 ], [ 2479400.334733854979277, 2597836.801487709861249 ], [ 2479400.334733854979277, 2597790.432472600135952 ], [ 2479400.334733854979277, 2597744.063457489944994 ], [ 2479400.334733854979277, 2597697.695408542174846 ], [ 2479400.334733854979277, 2597651.326393432449549 ], [ 2479446.702837576624006, 2597651.326393432449549 ], [ 2479446.702837576624006, 2597604.957378322724253 ], [ 2479493.070941298268735, 2597604.957378322724253 ], [ 2479539.439045019913465, 2597604.957378322724253 ], [ 2479539.439045019913465, 2597558.588363212533295 ], [ 2479585.808114884421229, 2597558.588363212533295 ], [ 2479632.176218606065959, 2597512.220314264763147 ], [ 2479632.176218606065959, 2597465.85129915503785 ], [ 2479632.176218606065959, 2597419.482284044846892 ], [ 2479632.176218606065959, 2597373.114235097076744 ], [ 2479585.808114884421229, 2597373.114235097076744 ], [ 2479585.808114884421229, 2597326.745219987351447 ], [ 2479585.808114884421229, 2597280.376204877626151 ], [ 2479585.808114884421229, 2597234.007189767435193 ], [ 2479585.808114884421229, 2597187.639140819665045 ], [ 2479585.808114884421229, 2597141.270125709939748 ], [ 2479585.808114884421229, 2597094.90111059974879 ], [ 2479585.808114884421229, 2597048.532095490023494 ], [ 2479632.176218606065959, 2597048.532095490023494 ], [ 2479632.176218606065959, 2597002.164046542253345 ], [ 2479678.544322327710688, 2596955.795031432528049 ], [ 2479678.544322327710688, 2596909.426016322337091 ], [ 2479724.912426049355417, 2596909.426016322337091 ], [ 2479724.912426049355417, 2596863.057967374566942 ], [ 2479724.912426049355417, 2596816.688952264841646 ], [ 2479771.280529771000147, 2596816.688952264841646 ], [ 2479771.280529771000147, 2596770.319937154650688 ], [ 2479771.280529771000147, 2596723.950922044925392 ], [ 2479817.649599635507911, 2596723.950922044925392 ], [ 2479817.649599635507911, 2596677.582873097155243 ], [ 2479817.649599635507911, 2596631.213857987429947 ], [ 2479864.017703357152641, 2596631.213857987429947 ], [ 2479864.017703357152641, 2596584.844842877238989 ], [ 2479910.38580707879737, 2596538.475827767513692 ], [ 2479956.7539108004421, 2596538.475827767513692 ], [ 2480003.122014522086829, 2596538.475827767513692 ], [ 2480049.491084386594594, 2596538.475827767513692 ], [ 2480049.491084386594594, 2596584.844842877238989 ], [ 2480095.859188108239323, 2596584.844842877238989 ], [ 2480142.227291829884052, 2596631.213857987429947 ], [ 2480188.595395551528782, 2596631.213857987429947 ], [ 2480188.595395551528782, 2596677.582873097155243 ], [ 2480234.963499273173511, 2596677.582873097155243 ], [ 2480281.332569137681276, 2596723.950922044925392 ], [ 2480327.700672859326005, 2596723.950922044925392 ], [ 2480374.068776580970734, 2596723.950922044925392 ], [ 2480466.804984024260193, 2596723.950922044925392 ], [ 2480513.173087745904922, 2596723.950922044925392 ], [ 2480559.542157610878348, 2596723.950922044925392 ], [ 2480605.910261332523078, 2596723.950922044925392 ], [ 2480652.278365053702146, 2596723.950922044925392 ], [ 2480698.646468775346875, 2596723.950922044925392 ], [ 2480745.014572496991605, 2596723.950922044925392 ], [ 2480745.014572496991605, 2596770.319937154650688 ], [ 2480791.38364236196503, 2596770.319937154650688 ], [ 2480837.75174608360976, 2596770.319937154650688 ], [ 2480837.75174608360976, 2596816.688952264841646 ], [ 2480884.119849805254489, 2596816.688952264841646 ], [ 2480884.119849805254489, 2596863.057967374566942 ], [ 2480930.487953526899219, 2596909.426016322337091 ], [ 2480930.487953526899219, 2596955.795031432528049 ], [ 2480930.487953526899219, 2597002.164046542253345 ], [ 2480930.487953526899219, 2597048.532095490023494 ], [ 2480930.487953526899219, 2597094.90111059974879 ], [ 2480884.119849805254489, 2597141.270125709939748 ], [ 2480837.75174608360976, 2597187.639140819665045 ], [ 2480791.38364236196503, 2597187.639140819665045 ], [ 2480791.38364236196503, 2597234.007189767435193 ], [ 2480745.014572496991605, 2597234.007189767435193 ], [ 2480745.014572496991605, 2597280.376204877626151 ], [ 2480698.646468775346875, 2597280.376204877626151 ], [ 2480698.646468775346875, 2597326.745219987351447 ], [ 2480652.278365053702146, 2597326.745219987351447 ], [ 2480652.278365053702146, 2597373.114235097076744 ], [ 2480698.646468775346875, 2597373.114235097076744 ], [ 2480745.014572496991605, 2597373.114235097076744 ], [ 2480745.014572496991605, 2597419.482284044846892 ], [ 2480791.38364236196503, 2597419.482284044846892 ], [ 2480837.75174608360976, 2597419.482284044846892 ], [ 2480837.75174608360976, 2597465.85129915503785 ], [ 2480884.119849805254489, 2597465.85129915503785 ], [ 2480930.487953526899219, 2597465.85129915503785 ], [ 2480976.856057248543948, 2597465.85129915503785 ], [ 2480976.856057248543948, 2597419.482284044846892 ], [ 2481023.225127113051713, 2597419.482284044846892 ], [ 2481023.225127113051713, 2597373.114235097076744 ], [ 2481069.593230834696442, 2597373.114235097076744 ], [ 2481069.593230834696442, 2597326.745219987351447 ], [ 2481115.961334556341171, 2597326.745219987351447 ], [ 2481162.329438277985901, 2597280.376204877626151 ], [ 2481208.69754199963063, 2597280.376204877626151 ], [ 2481255.065645721275359, 2597280.376204877626151 ], [ 2481255.065645721275359, 2597326.745219987351447 ], [ 2481301.434715585783124, 2597326.745219987351447 ], [ 2481301.434715585783124, 2597373.114235097076744 ], [ 2481301.434715585783124, 2597419.482284044846892 ], [ 2481301.434715585783124, 2597465.85129915503785 ], [ 2481301.434715585783124, 2597512.220314264763147 ], [ 2481347.802819307427853, 2597512.220314264763147 ], [ 2481347.802819307427853, 2597558.588363212533295 ], [ 2481347.802819307427853, 2597604.957378322724253 ], [ 2481347.802819307427853, 2597651.326393432449549 ], [ 2481394.170923029072583, 2597697.695408542174846 ], [ 2481394.170923029072583, 2597744.063457489944994 ], [ 2481440.539026750717312, 2597744.063457489944994 ], [ 2481440.539026750717312, 2597790.432472600135952 ], [ 2481440.539026750717312, 2597836.801487709861249 ], [ 2481486.907130472362041, 2597836.801487709861249 ], [ 2481486.907130472362041, 2597883.170502819586545 ], [ 2481533.276200336869806, 2597929.538551767822355 ], [ 2481579.644304058514535, 2598022.276581987272948 ], [ 2481626.012407780159265, 2598022.276581987272948 ], [ 2481626.012407780159265, 2598068.645597097463906 ], [ 2481672.380511501803994, 2598161.382661154959351 ], [ 2481672.380511501803994, 2598207.751676264684647 ], [ 2481672.380511501803994, 2598254.119725212920457 ], [ 2481718.748615223448724, 2598300.488740322645754 ], [ 2481765.117685087956488, 2598346.85775543237105 ], [ 2481811.485788809601218, 2598346.85775543237105 ], [ 2481857.853892531245947, 2598393.226770542562008 ], [ 2481904.221996252890676, 2598393.226770542562008 ], [ 2481950.590099974535406, 2598393.226770542562008 ], [ 2481950.590099974535406, 2598346.85775543237105 ], [ 2481996.958203696180135, 2598346.85775543237105 ], [ 2482043.327273561153561, 2598300.488740322645754 ], [ 2482043.327273561153561, 2598254.119725212920457 ], [ 2482043.327273561153561, 2598207.751676264684647 ], [ 2482043.327273561153561, 2598161.382661154959351 ], [ 2482043.327273561153561, 2598115.013646045234054 ], [ 2481996.958203696180135, 2598068.645597097463906 ], [ 2481950.590099974535406, 2598068.645597097463906 ], [ 2481904.221996252890676, 2598022.276581987272948 ], [ 2481857.853892531245947, 2598022.276581987272948 ], [ 2481811.485788809601218, 2598022.276581987272948 ], [ 2481765.117685087956488, 2598022.276581987272948 ], [ 2481718.748615223448724, 2598022.276581987272948 ], [ 2481672.380511501803994, 2598022.276581987272948 ], [ 2481672.380511501803994, 2597975.907566877547652 ], [ 2481626.012407780159265, 2597975.907566877547652 ], [ 2481626.012407780159265, 2597883.170502819586545 ], [ 2481579.644304058514535, 2597836.801487709861249 ], [ 2481626.012407780159265, 2597836.801487709861249 ], [ 2481626.012407780159265, 2597790.432472600135952 ], [ 2481626.012407780159265, 2597744.063457489944994 ], [ 2481672.380511501803994, 2597744.063457489944994 ], [ 2481672.380511501803994, 2597697.695408542174846 ], [ 2481672.380511501803994, 2597651.326393432449549 ], [ 2481718.748615223448724, 2597651.326393432449549 ], [ 2481718.748615223448724, 2597604.957378322724253 ], [ 2481765.117685087956488, 2597604.957378322724253 ], [ 2481811.485788809601218, 2597604.957378322724253 ], [ 2481857.853892531245947, 2597604.957378322724253 ], [ 2481904.221996252890676, 2597604.957378322724253 ], [ 2481950.590099974535406, 2597651.326393432449549 ], [ 2481996.958203696180135, 2597651.326393432449549 ], [ 2482043.327273561153561, 2597651.326393432449549 ], [ 2482089.695377282332629, 2597651.326393432449549 ], [ 2482136.063481003977358, 2597651.326393432449549 ], [ 2482136.063481003977358, 2597604.957378322724253 ], [ 2482182.431584725622088, 2597604.957378322724253 ], [ 2482182.431584725622088, 2597558.588363212533295 ], [ 2482228.799688447266817, 2597558.588363212533295 ], [ 2482228.799688447266817, 2597512.220314264763147 ], [ 2482228.799688447266817, 2597465.85129915503785 ], [ 2482228.799688447266817, 2597419.482284044846892 ], [ 2482275.168758312240243, 2597419.482284044846892 ], [ 2482275.168758312240243, 2597373.114235097076744 ], [ 2482275.168758312240243, 2597326.745219987351447 ], [ 2482321.536862033884972, 2597326.745219987351447 ], [ 2482321.536862033884972, 2597280.376204877626151 ], [ 2482367.904965755529702, 2597280.376204877626151 ], [ 2482414.273069477174431, 2597234.007189767435193 ], [ 2482460.641173198353499, 2597234.007189767435193 ], [ 2482460.641173198353499, 2597187.639140819665045 ], [ 2482507.010243063326925, 2597187.639140819665045 ], [ 2482553.378346784971654, 2597187.639140819665045 ], [ 2482599.746450506616384, 2597187.639140819665045 ], [ 2482646.114554228261113, 2597187.639140819665045 ], [ 2482692.482657949905843, 2597187.639140819665045 ], [ 2482692.482657949905843, 2597234.007189767435193 ], [ 2482738.850761671550572, 2597234.007189767435193 ], [ 2482785.219831536058336, 2597234.007189767435193 ], [ 2482785.219831536058336, 2597280.376204877626151 ], [ 2482785.219831536058336, 2597326.745219987351447 ], [ 2482831.587935257703066, 2597326.745219987351447 ], [ 2482831.587935257703066, 2597373.114235097076744 ], [ 2482831.587935257703066, 2597419.482284044846892 ], [ 2482831.587935257703066, 2597465.85129915503785 ], [ 2482831.587935257703066, 2597512.220314264763147 ], [ 2482831.587935257703066, 2597558.588363212533295 ], [ 2482831.587935257703066, 2597604.957378322724253 ], [ 2482831.587935257703066, 2597651.326393432449549 ], [ 2482831.587935257703066, 2597697.695408542174846 ], [ 2482877.956038979347795, 2597744.063457489944994 ], [ 2482877.956038979347795, 2597790.432472600135952 ], [ 2482877.956038979347795, 2597836.801487709861249 ], [ 2482924.324142700992525, 2597883.170502819586545 ], [ 2482970.692246422637254, 2597929.538551767822355 ], [ 2483017.061316287145019, 2597975.907566877547652 ], [ 2483063.429420008789748, 2598022.276581987272948 ], [ 2483109.797523730434477, 2598068.645597097463906 ], [ 2483156.165627452079207, 2598115.013646045234054 ], [ 2483202.533731173723936, 2598161.382661154959351 ], [ 2483202.533731173723936, 2598207.751676264684647 ], [ 2483202.533731173723936, 2598254.119725212920457 ], [ 2483202.533731173723936, 2598300.488740322645754 ], [ 2483202.533731173723936, 2598346.85775543237105 ], [ 2483202.533731173723936, 2598393.226770542562008 ], [ 2483156.165627452079207, 2598393.226770542562008 ], [ 2483156.165627452079207, 2598439.594819490332156 ], [ 2483109.797523730434477, 2598439.594819490332156 ], [ 2483063.429420008789748, 2598439.594819490332156 ], [ 2483017.061316287145019, 2598439.594819490332156 ], [ 2482970.692246422637254, 2598439.594819490332156 ], [ 2482924.324142700992525, 2598439.594819490332156 ], [ 2482924.324142700992525, 2598393.226770542562008 ], [ 2482877.956038979347795, 2598393.226770542562008 ], [ 2482831.587935257703066, 2598393.226770542562008 ], [ 2482785.219831536058336, 2598393.226770542562008 ], [ 2482785.219831536058336, 2598346.85775543237105 ], [ 2482738.850761671550572, 2598346.85775543237105 ], [ 2482692.482657949905843, 2598346.85775543237105 ], [ 2482646.114554228261113, 2598346.85775543237105 ], [ 2482646.114554228261113, 2598393.226770542562008 ], [ 2482646.114554228261113, 2598439.594819490332156 ], [ 2482646.114554228261113, 2598485.963834600057453 ], [ 2482692.482657949905843, 2598485.963834600057453 ], [ 2482692.482657949905843, 2598532.332849709782749 ], [ 2482692.482657949905843, 2598578.701864819973707 ], [ 2482692.482657949905843, 2598625.069913767743856 ], [ 2482692.482657949905843, 2598671.438928877469152 ], [ 2482692.482657949905843, 2598717.80794398766011 ], [ 2482692.482657949905843, 2598764.176959097385406 ], [ 2482692.482657949905843, 2598810.545008045155555 ], [ 2482646.114554228261113, 2598810.545008045155555 ], [ 2482646.114554228261113, 2598856.914023154880852 ], [ 2482599.746450506616384, 2598856.914023154880852 ], [ 2482599.746450506616384, 2598903.283038265071809 ], [ 2482553.378346784971654, 2598949.651087212841958 ], [ 2482553.378346784971654, 2598996.020102322567254 ], [ 2482599.746450506616384, 2598996.020102322567254 ], [ 2482599.746450506616384, 2599042.389117432758212 ], [ 2482646.114554228261113, 2599042.389117432758212 ], [ 2482692.482657949905843, 2599042.389117432758212 ], [ 2482738.850761671550572, 2598996.020102322567254 ], [ 2482785.219831536058336, 2598949.651087212841958 ], [ 2482831.587935257703066, 2598903.283038265071809 ], [ 2482877.956038979347795, 2598903.283038265071809 ], [ 2482924.324142700992525, 2598856.914023154880852 ], [ 2482970.692246422637254, 2598856.914023154880852 ], [ 2483017.061316287145019, 2598856.914023154880852 ], [ 2483063.429420008789748, 2598810.545008045155555 ], [ 2483063.429420008789748, 2598764.176959097385406 ], [ 2483109.797523730434477, 2598764.176959097385406 ], [ 2483156.165627452079207, 2598717.80794398766011 ], [ 2483156.165627452079207, 2598671.438928877469152 ], [ 2483202.533731173723936, 2598671.438928877469152 ], [ 2483248.902801038231701, 2598671.438928877469152 ], [ 2483295.27090475987643, 2598671.438928877469152 ], [ 2483295.27090475987643, 2598625.069913767743856 ], [ 2483341.639008481521159, 2598625.069913767743856 ], [ 2483388.007112203165889, 2598671.438928877469152 ], [ 2483434.375215924810618, 2598671.438928877469152 ], [ 2483434.375215924810618, 2598717.80794398766011 ], [ 2483480.743319646455348, 2598717.80794398766011 ], [ 2483480.743319646455348, 2598764.176959097385406 ], [ 2483480.743319646455348, 2598810.545008045155555 ], [ 2483480.743319646455348, 2598856.914023154880852 ], [ 2483434.375215924810618, 2598856.914023154880852 ], [ 2483388.007112203165889, 2598903.283038265071809 ], [ 2483341.639008481521159, 2598949.651087212841958 ], [ 2483341.639008481521159, 2598996.020102322567254 ], [ 2483295.27090475987643, 2598996.020102322567254 ], [ 2483295.27090475987643, 2599042.389117432758212 ], [ 2483248.902801038231701, 2599042.389117432758212 ], [ 2483202.533731173723936, 2599088.758132542483509 ], [ 2483156.165627452079207, 2599135.126181490253657 ], [ 2483156.165627452079207, 2599181.495196599978954 ], [ 2483109.797523730434477, 2599227.864211710169911 ], [ 2483063.429420008789748, 2599274.233226819895208 ], [ 2483063.429420008789748, 2599320.601275767665356 ], [ 2483017.061316287145019, 2599320.601275767665356 ], [ 2483017.061316287145019, 2599366.970290877856314 ], [ 2482970.692246422637254, 2599366.970290877856314 ], [ 2482970.692246422637254, 2599413.339305987581611 ], [ 2482924.324142700992525, 2599413.339305987581611 ], [ 2482924.324142700992525, 2599459.707354935351759 ], [ 2482877.956038979347795, 2599506.076370045077056 ], [ 2482877.956038979347795, 2599552.445385155268013 ], [ 2482924.324142700992525, 2599598.81440026499331 ], [ 2482970.692246422637254, 2599598.81440026499331 ], [ 2483017.061316287145019, 2599598.81440026499331 ], [ 2483063.429420008789748, 2599598.81440026499331 ], [ 2483063.429420008789748, 2599552.445385155268013 ], [ 2483109.797523730434477, 2599552.445385155268013 ], [ 2483156.165627452079207, 2599552.445385155268013 ], [ 2483156.165627452079207, 2599506.076370045077056 ], [ 2483202.533731173723936, 2599506.076370045077056 ], [ 2483202.533731173723936, 2599459.707354935351759 ], [ 2483248.902801038231701, 2599459.707354935351759 ], [ 2483295.27090475987643, 2599459.707354935351759 ], [ 2483295.27090475987643, 2599413.339305987581611 ], [ 2483341.639008481521159, 2599413.339305987581611 ], [ 2483388.007112203165889, 2599413.339305987581611 ], [ 2483388.007112203165889, 2599366.970290877856314 ], [ 2483434.375215924810618, 2599366.970290877856314 ], [ 2483480.743319646455348, 2599366.970290877856314 ], [ 2483480.743319646455348, 2599320.601275767665356 ], [ 2483527.112389510963112, 2599320.601275767665356 ], [ 2483527.112389510963112, 2599274.233226819895208 ], [ 2483573.480493232607841, 2599274.233226819895208 ], [ 2483573.480493232607841, 2599227.864211710169911 ], [ 2483573.480493232607841, 2599181.495196599978954 ], [ 2483573.480493232607841, 2599135.126181490253657 ], [ 2483619.848596954252571, 2599135.126181490253657 ], [ 2483619.848596954252571, 2599088.758132542483509 ], [ 2483619.848596954252571, 2599042.389117432758212 ], [ 2483666.2167006758973, 2599042.389117432758212 ], [ 2483666.2167006758973, 2598996.020102322567254 ], [ 2483712.58480439754203, 2598996.020102322567254 ], [ 2483758.953874262515455, 2598949.651087212841958 ], [ 2483805.321977984160185, 2598949.651087212841958 ], [ 2483851.690081705804914, 2598996.020102322567254 ], [ 2483898.058185426983982, 2599042.389117432758212 ], [ 2483898.058185426983982, 2599088.758132542483509 ], [ 2483898.058185426983982, 2599135.126181490253657 ], [ 2483898.058185426983982, 2599181.495196599978954 ], [ 2483944.426289148628712, 2599181.495196599978954 ], [ 2483944.426289148628712, 2599227.864211710169911 ], [ 2483990.794392870273441, 2599274.233226819895208 ], [ 2484037.163462735246867, 2599320.601275767665356 ], [ 2484037.163462735246867, 2599366.970290877856314 ], [ 2484083.531566456891596, 2599413.339305987581611 ], [ 2484083.531566456891596, 2599459.707354935351759 ], [ 2484083.531566456891596, 2599506.076370045077056 ], [ 2484129.899670178536326, 2599506.076370045077056 ], [ 2484129.899670178536326, 2599552.445385155268013 ], [ 2484176.267773900181055, 2599552.445385155268013 ], [ 2484222.635877621825784, 2599552.445385155268013 ], [ 2484269.004947486333549, 2599552.445385155268013 ], [ 2484315.373051207978278, 2599552.445385155268013 ], [ 2484361.741154929623008, 2599552.445385155268013 ], [ 2484408.109258651267737, 2599552.445385155268013 ], [ 2484500.846432237420231, 2599552.445385155268013 ], [ 2484547.21453595906496, 2599552.445385155268013 ], [ 2484593.58263968070969, 2599506.076370045077056 ], [ 2484639.950743402354419, 2599506.076370045077056 ], [ 2484686.318847123999149, 2599506.076370045077056 ], [ 2484686.318847123999149, 2599552.445385155268013 ], [ 2484732.686950845643878, 2599506.076370045077056 ], [ 2484732.686950845643878, 2599459.707354935351759 ], [ 2484732.686950845643878, 2599413.339305987581611 ], [ 2484732.686950845643878, 2599366.970290877856314 ], [ 2484779.056020710151643, 2599366.970290877856314 ], [ 2484779.056020710151643, 2599320.601275767665356 ], [ 2484825.424124431796372, 2599320.601275767665356 ], [ 2484871.792228153441101, 2599320.601275767665356 ], [ 2484918.160331875085831, 2599320.601275767665356 ], [ 2484964.52843559673056, 2599320.601275767665356 ], [ 2484964.52843559673056, 2599366.970290877856314 ], [ 2485010.897505461238325, 2599366.970290877856314 ], [ 2485010.897505461238325, 2599413.339305987581611 ], [ 2485010.897505461238325, 2599459.707354935351759 ], [ 2485010.897505461238325, 2599506.076370045077056 ], [ 2485057.265609182883054, 2599506.076370045077056 ], [ 2485057.265609182883054, 2599552.445385155268013 ], [ 2485103.633712904527783, 2599552.445385155268013 ], [ 2485150.001816626172513, 2599552.445385155268013 ], [ 2485150.001816626172513, 2599598.81440026499331 ], [ 2485196.369920347817242, 2599598.81440026499331 ], [ 2485242.738990212790668, 2599598.81440026499331 ], [ 2485335.475197655614465, 2599598.81440026499331 ], [ 2485381.843301377259195, 2599598.81440026499331 ], [ 2485428.211405098903924, 2599598.81440026499331 ], [ 2485474.579508820548654, 2599645.182449212763458 ], [ 2485520.948578685522079, 2599645.182449212763458 ], [ 2485567.316682407166809, 2599645.182449212763458 ], [ 2485613.684786128811538, 2599645.182449212763458 ], [ 2485660.052889850456268, 2599645.182449212763458 ], [ 2485706.420993571635336, 2599645.182449212763458 ], [ 2485752.790063436608762, 2599645.182449212763458 ], [ 2485799.158167158253491, 2599645.182449212763458 ], [ 2485799.158167158253491, 2599598.81440026499331 ], [ 2485799.158167158253491, 2599552.445385155268013 ], [ 2485799.158167158253491, 2599506.076370045077056 ], [ 2485799.158167158253491, 2599459.707354935351759 ], [ 2485752.790063436608762, 2599459.707354935351759 ], [ 2485752.790063436608762, 2599413.339305987581611 ], [ 2485752.790063436608762, 2599366.970290877856314 ], [ 2485752.790063436608762, 2599320.601275767665356 ], [ 2485752.790063436608762, 2599274.233226819895208 ], [ 2485799.158167158253491, 2599227.864211710169911 ], [ 2485799.158167158253491, 2599181.495196599978954 ], [ 2485845.52627087989822, 2599181.495196599978954 ], [ 2485845.52627087989822, 2599135.126181490253657 ], [ 2485891.89437460154295, 2599135.126181490253657 ], [ 2485938.262478323187679, 2599135.126181490253657 ], [ 2485938.262478323187679, 2599088.758132542483509 ], [ 2485984.631548187695444, 2599042.389117432758212 ], [ 2485984.631548187695444, 2598996.020102322567254 ], [ 2486030.999651909340173, 2598996.020102322567254 ], [ 2486030.999651909340173, 2598949.651087212841958 ], [ 2486077.367755630984902, 2598903.283038265071809 ], [ 2486077.367755630984902, 2598856.914023154880852 ], [ 2486123.735859352629632, 2598856.914023154880852 ], [ 2486123.735859352629632, 2598810.545008045155555 ], [ 2486170.103963074274361, 2598810.545008045155555 ], [ 2486216.472066795919091, 2598810.545008045155555 ], [ 2486262.841136660426855, 2598810.545008045155555 ], [ 2486309.209240382071584, 2598810.545008045155555 ], [ 2486355.577344103716314, 2598810.545008045155555 ], [ 2486401.945447825361043, 2598856.914023154880852 ], [ 2486448.313551547005773, 2598903.283038265071809 ], [ 2486448.313551547005773, 2598949.651087212841958 ], [ 2486494.682621411513537, 2598949.651087212841958 ], [ 2486494.682621411513537, 2598996.020102322567254 ], [ 2486448.313551547005773, 2598996.020102322567254 ], [ 2486448.313551547005773, 2599042.389117432758212 ], [ 2486448.313551547005773, 2599088.758132542483509 ], [ 2486401.945447825361043, 2599088.758132542483509 ], [ 2486355.577344103716314, 2599088.758132542483509 ], [ 2486309.209240382071584, 2599088.758132542483509 ], [ 2486309.209240382071584, 2599042.389117432758212 ], [ 2486262.841136660426855, 2599042.389117432758212 ], [ 2486216.472066795919091, 2599042.389117432758212 ], [ 2486216.472066795919091, 2599088.758132542483509 ], [ 2486216.472066795919091, 2599135.126181490253657 ], [ 2486216.472066795919091, 2599181.495196599978954 ], [ 2486262.841136660426855, 2599181.495196599978954 ], [ 2486262.841136660426855, 2599227.864211710169911 ], [ 2486309.209240382071584, 2599227.864211710169911 ], [ 2486309.209240382071584, 2599274.233226819895208 ], [ 2486309.209240382071584, 2599320.601275767665356 ], [ 2486355.577344103716314, 2599320.601275767665356 ], [ 2486355.577344103716314, 2599366.970290877856314 ], [ 2486355.577344103716314, 2599413.339305987581611 ], [ 2486355.577344103716314, 2599459.707354935351759 ], [ 2486355.577344103716314, 2599506.076370045077056 ], [ 2486401.945447825361043, 2599506.076370045077056 ], [ 2486401.945447825361043, 2599552.445385155268013 ], [ 2486401.945447825361043, 2599598.81440026499331 ], [ 2486448.313551547005773, 2599598.81440026499331 ], [ 2486494.682621411513537, 2599552.445385155268013 ], [ 2486541.050725133158267, 2599552.445385155268013 ], [ 2486541.050725133158267, 2599506.076370045077056 ], [ 2486541.050725133158267, 2599459.707354935351759 ], [ 2486587.418828854802996, 2599459.707354935351759 ], [ 2486587.418828854802996, 2599413.339305987581611 ], [ 2486587.418828854802996, 2599366.970290877856314 ], [ 2486541.050725133158267, 2599366.970290877856314 ], [ 2486541.050725133158267, 2599320.601275767665356 ], [ 2486541.050725133158267, 2599274.233226819895208 ], [ 2486541.050725133158267, 2599227.864211710169911 ], [ 2486541.050725133158267, 2599181.495196599978954 ], [ 2486587.418828854802996, 2599181.495196599978954 ], [ 2486587.418828854802996, 2599135.126181490253657 ], [ 2486587.418828854802996, 2599088.758132542483509 ], [ 2486633.786932576447725, 2599088.758132542483509 ], [ 2486680.155036298092455, 2599088.758132542483509 ], [ 2486726.524106163065881, 2599088.758132542483509 ], [ 2486772.892209884244949, 2599088.758132542483509 ], [ 2486772.892209884244949, 2599135.126181490253657 ], [ 2486772.892209884244949, 2599181.495196599978954 ], [ 2486772.892209884244949, 2599227.864211710169911 ], [ 2486726.524106163065881, 2599227.864211710169911 ], [ 2486726.524106163065881, 2599274.233226819895208 ], [ 2486726.524106163065881, 2599320.601275767665356 ], [ 2486680.155036298092455, 2599320.601275767665356 ], [ 2486680.155036298092455, 2599366.970290877856314 ], [ 2486680.155036298092455, 2599413.339305987581611 ], [ 2486680.155036298092455, 2599459.707354935351759 ], [ 2486726.524106163065881, 2599459.707354935351759 ], [ 2486726.524106163065881, 2599506.076370045077056 ], [ 2486772.892209884244949, 2599506.076370045077056 ], [ 2486772.892209884244949, 2599552.445385155268013 ], [ 2486819.260313605889678, 2599552.445385155268013 ], [ 2486865.628417327534407, 2599552.445385155268013 ], [ 2486911.996521049179137, 2599552.445385155268013 ], [ 2486911.996521049179137, 2599506.076370045077056 ], [ 2486958.364624770823866, 2599506.076370045077056 ], [ 2487004.733694635797292, 2599506.076370045077056 ], [ 2487051.101798357442021, 2599506.076370045077056 ], [ 2487051.101798357442021, 2599459.707354935351759 ], [ 2487097.469902079086751, 2599459.707354935351759 ], [ 2487143.838005800265819, 2599459.707354935351759 ], [ 2487143.838005800265819, 2599506.076370045077056 ], [ 2487190.206109521910548, 2599506.076370045077056 ], [ 2487190.206109521910548, 2599552.445385155268013 ], [ 2487190.206109521910548, 2599598.81440026499331 ], [ 2487236.575179386883974, 2599598.81440026499331 ], [ 2487236.575179386883974, 2599645.182449212763458 ], [ 2487236.575179386883974, 2599691.551464322488755 ], [ 2487236.575179386883974, 2599737.920479432679713 ], [ 2487236.575179386883974, 2599784.289494542405009 ], [ 2487236.575179386883974, 2599830.657543490175158 ], [ 2487236.575179386883974, 2599877.026558600366116 ], [ 2487236.575179386883974, 2599923.395573710091412 ], [ 2487236.575179386883974, 2599969.764588819816709 ], [ 2487190.206109521910548, 2599969.764588819816709 ], [ 2487190.206109521910548, 2600016.132637767586857 ], [ 2487143.838005800265819, 2600016.132637767586857 ], [ 2487097.469902079086751, 2600016.132637767586857 ], [ 2487051.101798357442021, 2600016.132637767586857 ], [ 2487004.733694635797292, 2600016.132637767586857 ], [ 2487004.733694635797292, 2600062.501652877777815 ], [ 2486958.364624770823866, 2600062.501652877777815 ], [ 2486911.996521049179137, 2600062.501652877777815 ], [ 2486865.628417327534407, 2600062.501652877777815 ], [ 2486865.628417327534407, 2600016.132637767586857 ], [ 2486819.260313605889678, 2600016.132637767586857 ], [ 2486772.892209884244949, 2599969.764588819816709 ], [ 2486772.892209884244949, 2599923.395573710091412 ], [ 2486726.524106163065881, 2599923.395573710091412 ], [ 2486680.155036298092455, 2599923.395573710091412 ], [ 2486633.786932576447725, 2599923.395573710091412 ], [ 2486587.418828854802996, 2599877.026558600366116 ], [ 2486587.418828854802996, 2599923.395573710091412 ], [ 2486541.050725133158267, 2599923.395573710091412 ], [ 2486494.682621411513537, 2599877.026558600366116 ], [ 2486494.682621411513537, 2599923.395573710091412 ], [ 2486494.682621411513537, 2599877.026558600366116 ], [ 2486494.682621411513537, 2599923.395573710091412 ], [ 2486448.313551547005773, 2599923.395573710091412 ], [ 2486448.313551547005773, 2599969.764588819816709 ], [ 2486448.313551547005773, 2600016.132637767586857 ], [ 2486494.682621411513537, 2600062.501652877777815 ], [ 2486494.682621411513537, 2600108.870667987503111 ], [ 2486541.050725133158267, 2600108.870667987503111 ], [ 2486541.050725133158267, 2600155.23871693527326 ], [ 2486587.418828854802996, 2600155.23871693527326 ], [ 2486587.418828854802996, 2600201.607732045464218 ], [ 2486633.786932576447725, 2600201.607732045464218 ], [ 2486633.786932576447725, 2600247.976747155189514 ], [ 2486633.786932576447725, 2600294.345762264914811 ] ] } },
{ "type": "Feature", "properties": { }, "geometry": { "type": "LineString", "coordinates": [ [ 2493310.819954352453351, 2600294.345762264914811 ], [ 2493310.819954352453351, 2600247.976747155189514 ], [ 2493264.451850630808622, 2600247.976747155189514 ], [ 2493264.451850630808622, 2600201.607732045464218 ], [ 2493218.083746909629554, 2600201.607732045464218 ], [ 2493171.714677044656128, 2600155.23871693527326 ], [ 2493171.714677044656128, 2600108.870667987503111 ], [ 2493171.714677044656128, 2600062.501652877777815 ], [ 2493171.714677044656128, 2600016.132637767586857 ], [ 2493171.714677044656128, 2599969.764588819816709 ], [ 2493171.714677044656128, 2599923.395573710091412 ], [ 2493218.083746909629554, 2599923.395573710091412 ], [ 2493264.451850630808622, 2599923.395573710091412 ], [ 2493310.819954352453351, 2599923.395573710091412 ], [ 2493357.18805807409808, 2599923.395573710091412 ], [ 2493357.18805807409808, 2599877.026558600366116 ], [ 2493403.55616179574281, 2599877.026558600366116 ], [ 2493449.925231660716236, 2599830.657543490175158 ], [ 2493496.293335382360965, 2599830.657543490175158 ], [ 2493542.661439104005694, 2599830.657543490175158 ], [ 2493589.029542825650424, 2599830.657543490175158 ], [ 2493589.029542825650424, 2599877.026558600366116 ], [ 2493635.397646546829492, 2599877.026558600366116 ], [ 2493681.766716411802918, 2599877.026558600366116 ], [ 2493728.134820133447647, 2599877.026558600366116 ], [ 2493728.134820133447647, 2599830.657543490175158 ], [ 2493728.134820133447647, 2599784.289494542405009 ], [ 2493681.766716411802918, 2599784.289494542405009 ], [ 2493681.766716411802918, 2599737.920479432679713 ], [ 2493635.397646546829492, 2599737.920479432679713 ], [ 2493635.397646546829492, 2599691.551464322488755 ], [ 2493635.397646546829492, 2599645.182449212763458 ], [ 2493589.029542825650424, 2599645.182449212763458 ], [ 2493589.029542825650424, 2599598.81440026499331 ], [ 2493589.029542825650424, 2599552.445385155268013 ], [ 2493542.661439104005694, 2599552.445385155268013 ], [ 2493542.661439104005694, 2599506.076370045077056 ], [ 2493542.661439104005694, 2599459.707354935351759 ], [ 2493496.293335382360965, 2599459.707354935351759 ], [ 2493496.293335382360965, 2599413.339305987581611 ], [ 2493449.925231660716236, 2599413.339305987581611 ], [ 2493449.925231660716236, 2599366.970290877856314 ], [ 2493449.925231660716236, 2599320.601275767665356 ], [ 2493403.55616179574281, 2599320.601275767665356 ], [ 2493403.55616179574281, 2599274.233226819895208 ], [ 2493403.55616179574281, 2599227.864211710169911 ], [ 2493449.925231660716236, 2599227.864211710169911 ], [ 2493496.293335382360965, 2599227.864211710169911 ], [ 2493496.293335382360965, 2599274.233226819895208 ], [ 2493542.661439104005694, 2599274.233226819895208 ], [ 2493589.029542825650424, 2599274.233226819895208 ], [ 2493589.029542825650424, 2599320.601275767665356 ], [ 2493635.397646546829492, 2599320.601275767665356 ], [ 2493635.397646546829492, 2599366.970290877856314 ], [ 2493681.766716411802918, 2599366.970290877856314 ], [ 2493728.134820133447647, 2599366.970290877856314 ], [ 2493774.502923855092376, 2599366.970290877856314 ], [ 2493820.871027576737106, 2599366.970290877856314 ], [ 2493867.239131298381835, 2599366.970290877856314 ], [ 2493913.607235020026565, 2599366.970290877856314 ], [ 2493913.607235020026565, 2599320.601275767665356 ], [ 2493959.976304884534329, 2599320.601275767665356 ], [ 2493959.976304884534329, 2599274.233226819895208 ], [ 2493959.976304884534329, 2599227.864211710169911 ], [ 2493913.607235020026565, 2599181.495196599978954 ], [ 2493913.607235020026565, 2599135.126181490253657 ], [ 2493867.239131298381835, 2599088.758132542483509 ], [ 2493867.239131298381835, 2599042.389117432758212 ], [ 2493867.239131298381835, 2598996.020102322567254 ], [ 2493820.871027576737106, 2598996.020102322567254 ], [ 2493820.871027576737106, 2598949.651087212841958 ], [ 2493820.871027576737106, 2598903.283038265071809 ], [ 2493774.502923855092376, 2598903.283038265071809 ], [ 2493774.502923855092376, 2598856.914023154880852 ], [ 2493820.871027576737106, 2598856.914023154880852 ], [ 2493820.871027576737106, 2598810.545008045155555 ], [ 2493867.239131298381835, 2598810.545008045155555 ], [ 2493867.239131298381835, 2598764.176959097385406 ], [ 2493913.607235020026565, 2598764.176959097385406 ], [ 2493959.976304884534329, 2598764.176959097385406 ], [ 2493959.976304884534329, 2598810.545008045155555 ], [ 2494006.344408606179059, 2598810.545008045155555 ], [ 2494052.712512327823788, 2598810.545008045155555 ], [ 2494052.712512327823788, 2598856.914023154880852 ], [ 2494099.080616049468517, 2598856.914023154880852 ], [ 2494145.448719771113247, 2598856.914023154880852 ], [ 2494191.817789635621011, 2598856.914023154880852 ], [ 2494238.185893357265741, 2598856.914023154880852 ], [ 2494284.55399707891047, 2598856.914023154880852 ], [ 2494284.55399707891047, 2598810.545008045155555 ], [ 2494284.55399707891047, 2598764.176959097385406 ], [ 2494330.922100800555199, 2598764.176959097385406 ], [ 2494330.922100800555199, 2598717.80794398766011 ], [ 2494377.290204522199929, 2598671.438928877469152 ], [ 2494377.290204522199929, 2598625.069913767743856 ], [ 2494423.659274386707693, 2598625.069913767743856 ], [ 2494470.027378108352423, 2598578.701864819973707 ], [ 2494470.027378108352423, 2598532.332849709782749 ], [ 2494516.395481829997152, 2598485.963834600057453 ], [ 2494516.395481829997152, 2598439.594819490332156 ], [ 2494516.395481829997152, 2598393.226770542562008 ], [ 2494516.395481829997152, 2598346.85775543237105 ], [ 2494562.763585551641881, 2598346.85775543237105 ], [ 2494609.131689273286611, 2598346.85775543237105 ], [ 2494609.131689273286611, 2598393.226770542562008 ], [ 2494609.131689273286611, 2598439.594819490332156 ], [ 2494655.49979299493134, 2598439.594819490332156 ], [ 2494655.49979299493134, 2598485.963834600057453 ], [ 2494655.49979299493134, 2598532.332849709782749 ], [ 2494701.868862859439105, 2598532.332849709782749 ], [ 2494748.236966581083834, 2598578.701864819973707 ], [ 2494748.236966581083834, 2598625.069913767743856 ], [ 2494748.236966581083834, 2598671.438928877469152 ], [ 2494794.605070302728564, 2598671.438928877469152 ], [ 2494794.605070302728564, 2598717.80794398766011 ], [ 2494794.605070302728564, 2598764.176959097385406 ], [ 2494840.973174024373293, 2598764.176959097385406 ], [ 2494887.341277746018022, 2598810.545008045155555 ], [ 2494887.341277746018022, 2598764.176959097385406 ], [ 2494933.710347610991448, 2598764.176959097385406 ], [ 2494933.710347610991448, 2598717.80794398766011 ], [ 2494980.078451332636178, 2598717.80794398766011 ], [ 2494980.078451332636178, 2598671.438928877469152 ], [ 2495026.446555054280907, 2598671.438928877469152 ], [ 2495072.814658775459975, 2598625.069913767743856 ], [ 2495119.182762497104704, 2598625.069913767743856 ], [ 2495119.182762497104704, 2598578.701864819973707 ], [ 2495165.55183236207813, 2598578.701864819973707 ], [ 2495211.91993608372286, 2598578.701864819973707 ], [ 2495211.91993608372286, 2598532.332849709782749 ], [ 2495258.288039805367589, 2598532.332849709782749 ], [ 2495258.288039805367589, 2598485.963834600057453 ], [ 2495304.656143527012318, 2598485.963834600057453 ], [ 2495351.024247248657048, 2598439.594819490332156 ], [ 2495351.024247248657048, 2598393.226770542562008 ], [ 2495397.392350970301777, 2598393.226770542562008 ], [ 2495443.761420834809542, 2598393.226770542562008 ], [ 2495443.761420834809542, 2598346.85775543237105 ], [ 2495490.129524556454271, 2598346.85775543237105 ], [ 2495536.497628278099, 2598346.85775543237105 ], [ 2495582.86573199974373, 2598300.488740322645754 ], [ 2495629.233835721388459, 2598300.488740322645754 ], [ 2495675.602905585896224, 2598300.488740322645754 ], [ 2495721.971009307540953, 2598346.85775543237105 ], [ 2495768.339113029185683, 2598346.85775543237105 ], [ 2495814.707216750830412, 2598346.85775543237105 ], [ 2495814.707216750830412, 2598393.226770542562008 ], [ 2495861.075320472475141, 2598393.226770542562008 ], [ 2495861.075320472475141, 2598439.594819490332156 ], [ 2495861.075320472475141, 2598485.963834600057453 ], [ 2495907.443424194119871, 2598532.332849709782749 ], [ 2495907.443424194119871, 2598578.701864819973707 ], [ 2495907.443424194119871, 2598625.069913767743856 ], [ 2495907.443424194119871, 2598671.438928877469152 ], [ 2495953.812494058627635, 2598717.80794398766011 ], [ 2495953.812494058627635, 2598764.176959097385406 ], [ 2496000.180597780272365, 2598764.176959097385406 ], [ 2496000.180597780272365, 2598810.545008045155555 ], [ 2496046.548701501917094, 2598810.545008045155555 ], [ 2496046.548701501917094, 2598856.914023154880852 ], [ 2496046.548701501917094, 2598903.283038265071809 ], [ 2496092.916805223561823, 2598903.283038265071809 ], [ 2496092.916805223561823, 2598949.651087212841958 ], [ 2496139.284908945206553, 2598996.020102322567254 ], [ 2496185.653978809714317, 2598996.020102322567254 ], [ 2496185.653978809714317, 2599042.389117432758212 ], [ 2496232.022082531359047, 2599042.389117432758212 ], [ 2496278.390186253003776, 2599088.758132542483509 ], [ 2496324.758289974648505, 2599088.758132542483509 ], [ 2496324.758289974648505, 2599135.126181490253657 ], [ 2496371.126393696293235, 2599135.126181490253657 ], [ 2496417.495463561266661, 2599088.758132542483509 ], [ 2496417.495463561266661, 2599042.389117432758212 ], [ 2496463.86356728291139, 2599042.389117432758212 ], [ 2496463.86356728291139, 2598996.020102322567254 ], [ 2496463.86356728291139, 2598949.651087212841958 ], [ 2496510.231671004090458, 2598903.283038265071809 ], [ 2496510.231671004090458, 2598856.914023154880852 ], [ 2496510.231671004090458, 2598810.545008045155555 ], [ 2496556.599774725735188, 2598810.545008045155555 ], [ 2496602.967878447379917, 2598810.545008045155555 ], [ 2496649.335982169024646, 2598810.545008045155555 ], [ 2496649.335982169024646, 2598764.176959097385406 ], [ 2496695.705052033998072, 2598764.176959097385406 ], [ 2496742.073155755642802, 2598764.176959097385406 ], [ 2496788.441259477287531, 2598764.176959097385406 ], [ 2496834.80936319893226, 2598764.176959097385406 ], [ 2496881.17746692057699, 2598764.176959097385406 ], [ 2496927.546536785084754, 2598764.176959097385406 ], [ 2496973.914640506729484, 2598764.176959097385406 ], [ 2496973.914640506729484, 2598717.80794398766011 ], [ 2497020.282744228374213, 2598717.80794398766011 ], [ 2497020.282744228374213, 2598671.438928877469152 ], [ 2497066.650847950018942, 2598671.438928877469152 ], [ 2497066.650847950018942, 2598625.069913767743856 ], [ 2497066.650847950018942, 2598578.701864819973707 ], [ 2497020.282744228374213, 2598578.701864819973707 ], [ 2496973.914640506729484, 2598578.701864819973707 ], [ 2496927.546536785084754, 2598578.701864819973707 ], [ 2496927.546536785084754, 2598625.069913767743856 ], [ 2496881.17746692057699, 2598625.069913767743856 ], [ 2496834.80936319893226, 2598625.069913767743856 ], [ 2496788.441259477287531, 2598625.069913767743856 ], [ 2496788.441259477287531, 2598578.701864819973707 ], [ 2496742.073155755642802, 2598578.701864819973707 ], [ 2496742.073155755642802, 2598532.332849709782749 ], [ 2496695.705052033998072, 2598532.332849709782749 ], [ 2496649.335982169024646, 2598485.963834600057453 ], [ 2496649.335982169024646, 2598439.594819490332156 ], [ 2496649.335982169024646, 2598393.226770542562008 ], [ 2496695.705052033998072, 2598393.226770542562008 ], [ 2496742.073155755642802, 2598393.226770542562008 ], [ 2496788.441259477287531, 2598393.226770542562008 ], [ 2496834.80936319893226, 2598393.226770542562008 ], [ 2496881.17746692057699, 2598393.226770542562008 ], [ 2496927.546536785084754, 2598393.226770542562008 ], [ 2496973.914640506729484, 2598393.226770542562008 ], [ 2497020.282744228374213, 2598346.85775543237105 ], [ 2497020.282744228374213, 2598300.488740322645754 ], [ 2496973.914640506729484, 2598254.119725212920457 ], [ 2496927.546536785084754, 2598254.119725212920457 ], [ 2496881.17746692057699, 2598254.119725212920457 ], [ 2496834.80936319893226, 2598254.119725212920457 ], [ 2496788.441259477287531, 2598254.119725212920457 ], [ 2496788.441259477287531, 2598207.751676264684647 ], [ 2496742.073155755642802, 2598207.751676264684647 ], [ 2496695.705052033998072, 2598207.751676264684647 ], [ 2496695.705052033998072, 2598161.382661154959351 ], [ 2496695.705052033998072, 2598115.013646045234054 ], [ 2496695.705052033998072, 2598068.645597097463906 ], [ 2496742.073155755642802, 2598022.276581987272948 ], [ 2496788.441259477287531, 2598022.276581987272948 ], [ 2496834.80936319893226, 2598022.276581987272948 ], [ 2496881.17746692057699, 2598022.276581987272948 ], [ 2496927.546536785084754, 2598022.276581987272948 ], [ 2496973.914640506729484, 2598022.276581987272948 ], [ 2496973.914640506729484, 2597975.907566877547652 ], [ 2497020.282744228374213, 2597975.907566877547652 ], [ 2497020.282744228374213, 2597929.538551767822355 ], [ 2497020.282744228374213, 2597883.170502819586545 ], [ 2497020.282744228374213, 2597836.801487709861249 ], [ 2497020.282744228374213, 2597790.432472600135952 ], [ 2497066.650847950018942, 2597790.432472600135952 ], [ 2497066.650847950018942, 2597744.063457489944994 ], [ 2497066.650847950018942, 2597697.695408542174846 ], [ 2497113.018951671663672, 2597697.695408542174846 ], [ 2497113.018951671663672, 2597651.326393432449549 ], [ 2497159.388021536171436, 2597651.326393432449549 ], [ 2497159.388021536171436, 2597604.957378322724253 ], [ 2497205.756125257816166, 2597604.957378322724253 ], [ 2497252.124228979460895, 2597604.957378322724253 ], [ 2497298.492332701105624, 2597604.957378322724253 ], [ 2497344.860436422750354, 2597651.326393432449549 ], [ 2497391.228540144395083, 2597651.326393432449549 ], [ 2497391.228540144395083, 2597697.695408542174846 ], [ 2497437.597610008902848, 2597697.695408542174846 ], [ 2497437.597610008902848, 2597744.063457489944994 ], [ 2497483.965713730547577, 2597744.063457489944994 ], [ 2497530.333817452192307, 2597744.063457489944994 ], [ 2497576.701921173837036, 2597744.063457489944994 ], [ 2497623.070024895481765, 2597744.063457489944994 ], [ 2497669.43909475998953, 2597744.063457489944994 ], [ 2497715.807198481634259, 2597744.063457489944994 ], [ 2497762.175302203278989, 2597744.063457489944994 ], [ 2497762.175302203278989, 2597697.695408542174846 ], [ 2497762.175302203278989, 2597651.326393432449549 ], [ 2497715.807198481634259, 2597604.957378322724253 ], [ 2497715.807198481634259, 2597558.588363212533295 ], [ 2497669.43909475998953, 2597512.220314264763147 ], [ 2497669.43909475998953, 2597465.85129915503785 ], [ 2497623.070024895481765, 2597465.85129915503785 ], [ 2497623.070024895481765, 2597419.482284044846892 ], [ 2497623.070024895481765, 2597373.114235097076744 ], [ 2497576.701921173837036, 2597326.745219987351447 ], [ 2497576.701921173837036, 2597280.376204877626151 ], [ 2497530.333817452192307, 2597280.376204877626151 ], [ 2497530.333817452192307, 2597234.007189767435193 ], [ 2497530.333817452192307, 2597187.639140819665045 ], [ 2497530.333817452192307, 2597141.270125709939748 ], [ 2497483.965713730547577, 2597141.270125709939748 ], [ 2497483.965713730547577, 2597094.90111059974879 ], [ 2497483.965713730547577, 2597048.532095490023494 ], [ 2497483.965713730547577, 2597002.164046542253345 ], [ 2497530.333817452192307, 2597002.164046542253345 ], [ 2497576.701921173837036, 2596955.795031432528049 ], [ 2497623.070024895481765, 2596955.795031432528049 ], [ 2497669.43909475998953, 2596955.795031432528049 ], [ 2497715.807198481634259, 2596955.795031432528049 ], [ 2497715.807198481634259, 2597002.164046542253345 ], [ 2497715.807198481634259, 2597048.532095490023494 ], [ 2497762.175302203278989, 2597048.532095490023494 ], [ 2497762.175302203278989, 2597094.90111059974879 ], [ 2497808.543405924923718, 2597094.90111059974879 ], [ 2497854.911509646568447, 2597094.90111059974879 ], [ 2497901.280579511541873, 2597094.90111059974879 ], [ 2497947.648683232720941, 2597094.90111059974879 ], [ 2497994.016786954365671, 2597094.90111059974879 ], [ 2497994.016786954365671, 2597048.532095490023494 ], [ 2498040.3848906760104, 2597048.532095490023494 ], [ 2498086.752994397655129, 2597048.532095490023494 ], [ 2498086.752994397655129, 2597002.164046542253345 ], [ 2498133.121098119299859, 2597002.164046542253345 ], [ 2498133.121098119299859, 2596955.795031432528049 ], [ 2498179.490167984273285, 2596955.795031432528049 ], [ 2498225.858271705918014, 2596909.426016322337091 ], [ 2498272.226375427562743, 2596909.426016322337091 ], [ 2498272.226375427562743, 2596863.057967374566942 ], [ 2498318.594479148741812, 2596863.057967374566942 ], [ 2498364.962582870386541, 2596863.057967374566942 ], [ 2498411.331652735359967, 2596863.057967374566942 ], [ 2498411.331652735359967, 2596909.426016322337091 ], [ 2498364.962582870386541, 2596909.426016322337091 ], [ 2498364.962582870386541, 2596955.795031432528049 ], [ 2498318.594479148741812, 2597002.164046542253345 ], [ 2498272.226375427562743, 2597002.164046542253345 ], [ 2498272.226375427562743, 2597048.532095490023494 ], [ 2498225.858271705918014, 2597048.532095490023494 ], [ 2498225.858271705918014, 2597094.90111059974879 ], [ 2498179.490167984273285, 2597094.90111059974879 ], [ 2498179.490167984273285, 2597141.270125709939748 ], [ 2498133.121098119299859, 2597141.270125709939748 ], [ 2498133.121098119299859, 2597187.639140819665045 ], [ 2498133.121098119299859, 2597234.007189767435193 ], [ 2498179.490167984273285, 2597234.007189767435193 ], [ 2498179.490167984273285, 2597280.376204877626151 ], [ 2498225.858271705918014, 2597280.376204877626151 ], [ 2498272.226375427562743, 2597280.376204877626151 ], [ 2498318.594479148741812, 2597234.007189767435193 ], [ 2498318.594479148741812, 2597187.639140819665045 ], [ 2498364.962582870386541, 2597187.639140819665045 ], [ 2498364.962582870386541, 2597141.270125709939748 ], [ 2498364.962582870386541, 2597094.90111059974879 ], [ 2498411.331652735359967, 2597094.90111059974879 ], [ 2498411.331652735359967, 2597048.532095490023494 ], [ 2498457.699756457004696, 2597048.532095490023494 ], [ 2498457.699756457004696, 2597002.164046542253345 ], [ 2498504.067860178649426, 2597002.164046542253345 ], [ 2498550.435963900294155, 2597002.164046542253345 ], [ 2498596.804067621938884, 2597002.164046542253345 ], [ 2498596.804067621938884, 2597048.532095490023494 ], [ 2498643.173137486446649, 2597048.532095490023494 ], [ 2498643.173137486446649, 2597094.90111059974879 ], [ 2498689.541241208091378, 2597141.270125709939748 ], [ 2498689.541241208091378, 2597187.639140819665045 ], [ 2498643.173137486446649, 2597187.639140819665045 ], [ 2498643.173137486446649, 2597234.007189767435193 ], [ 2498596.804067621938884, 2597234.007189767435193 ], [ 2498596.804067621938884, 2597280.376204877626151 ], [ 2498550.435963900294155, 2597280.376204877626151 ], [ 2498550.435963900294155, 2597326.745219987351447 ], [ 2498504.067860178649426, 2597373.114235097076744 ], [ 2498504.067860178649426, 2597419.482284044846892 ], [ 2498504.067860178649426, 2597465.85129915503785 ], [ 2498550.435963900294155, 2597465.85129915503785 ], [ 2498550.435963900294155, 2597512.220314264763147 ], [ 2498596.804067621938884, 2597512.220314264763147 ], [ 2498643.173137486446649, 2597512.220314264763147 ], [ 2498643.173137486446649, 2597558.588363212533295 ], [ 2498689.541241208091378, 2597558.588363212533295 ], [ 2498735.909344929736108, 2597558.588363212533295 ], [ 2498782.277448651380837, 2597558.588363212533295 ], [ 2498782.277448651380837, 2597604.957378322724253 ], [ 2498828.645552373025566, 2597604.957378322724253 ], [ 2498828.645552373025566, 2597651.326393432449549 ], [ 2498828.645552373025566, 2597697.695408542174846 ], [ 2498782.277448651380837, 2597697.695408542174846 ], [ 2498782.277448651380837, 2597744.063457489944994 ], [ 2498735.909344929736108, 2597744.063457489944994 ], [ 2498735.909344929736108, 2597790.432472600135952 ], [ 2498735.909344929736108, 2597836.801487709861249 ], [ 2498782.277448651380837, 2597836.801487709861249 ], [ 2498782.277448651380837, 2597883.170502819586545 ], [ 2498828.645552373025566, 2597883.170502819586545 ], [ 2498875.013656094670296, 2597883.170502819586545 ], [ 2498921.38272595917806, 2597929.538551767822355 ], [ 2498921.38272595917806, 2597975.907566877547652 ], [ 2498967.75082968082279, 2597975.907566877547652 ], [ 2498967.75082968082279, 2598022.276581987272948 ], [ 2498967.75082968082279, 2598068.645597097463906 ], [ 2498967.75082968082279, 2598115.013646045234054 ], [ 2499014.118933402467519, 2598115.013646045234054 ], [ 2499014.118933402467519, 2598161.382661154959351 ], [ 2499014.118933402467519, 2598207.751676264684647 ], [ 2499060.487037124112248, 2598207.751676264684647 ], [ 2499060.487037124112248, 2598254.119725212920457 ], [ 2499106.855140845756978, 2598254.119725212920457 ], [ 2499153.224210710264742, 2598300.488740322645754 ], [ 2499199.592314431909472, 2598300.488740322645754 ], [ 2499245.960418153554201, 2598300.488740322645754 ], [ 2499292.328521875198931, 2598300.488740322645754 ], [ 2499338.69662559684366, 2598300.488740322645754 ], [ 2499385.065695461351424, 2598300.488740322645754 ], [ 2499431.433799182996154, 2598300.488740322645754 ], [ 2499477.801902904640883, 2598300.488740322645754 ], [ 2499477.801902904640883, 2598254.119725212920457 ], [ 2499524.170006626285613, 2598254.119725212920457 ], [ 2499570.538110347930342, 2598254.119725212920457 ], [ 2499616.906214069575071, 2598254.119725212920457 ], [ 2499616.906214069575071, 2598207.751676264684647 ], [ 2499616.906214069575071, 2598161.382661154959351 ], [ 2499570.538110347930342, 2598161.382661154959351 ], [ 2499524.170006626285613, 2598161.382661154959351 ], [ 2499477.801902904640883, 2598161.382661154959351 ], [ 2499477.801902904640883, 2598115.013646045234054 ], [ 2499431.433799182996154, 2598115.013646045234054 ], [ 2499385.065695461351424, 2598115.013646045234054 ], [ 2499385.065695461351424, 2598068.645597097463906 ], [ 2499338.69662559684366, 2598068.645597097463906 ], [ 2499338.69662559684366, 2598022.276581987272948 ], [ 2499338.69662559684366, 2597975.907566877547652 ], [ 2499292.328521875198931, 2597975.907566877547652 ], [ 2499292.328521875198931, 2597929.538551767822355 ], [ 2499292.328521875198931, 2597883.170502819586545 ], [ 2499292.328521875198931, 2597836.801487709861249 ], [ 2499292.328521875198931, 2597790.432472600135952 ], [ 2499338.69662559684366, 2597790.432472600135952 ], [ 2499385.065695461351424, 2597790.432472600135952 ], [ 2499431.433799182996154, 2597790.432472600135952 ], [ 2499477.801902904640883, 2597744.063457489944994 ], [ 2499524.170006626285613, 2597744.063457489944994 ], [ 2499524.170006626285613, 2597697.695408542174846 ], [ 2499524.170006626285613, 2597651.326393432449549 ], [ 2499524.170006626285613, 2597604.957378322724253 ], [ 2499524.170006626285613, 2597558.588363212533295 ], [ 2499570.538110347930342, 2597558.588363212533295 ], [ 2499570.538110347930342, 2597512.220314264763147 ], [ 2499570.538110347930342, 2597465.85129915503785 ], [ 2499570.538110347930342, 2597419.482284044846892 ], [ 2499524.170006626285613, 2597419.482284044846892 ], [ 2499524.170006626285613, 2597373.114235097076744 ], [ 2499477.801902904640883, 2597373.114235097076744 ], [ 2499477.801902904640883, 2597326.745219987351447 ], [ 2499431.433799182996154, 2597326.745219987351447 ], [ 2499385.065695461351424, 2597280.376204877626151 ], [ 2499385.065695461351424, 2597234.007189767435193 ], [ 2499385.065695461351424, 2597187.639140819665045 ], [ 2499431.433799182996154, 2597187.639140819665045 ], [ 2499431.433799182996154, 2597141.270125709939748 ], [ 2499477.801902904640883, 2597141.270125709939748 ], [ 2499477.801902904640883, 2597187.639140819665045 ], [ 2499524.170006626285613, 2597187.639140819665045 ], [ 2499570.538110347930342, 2597187.639140819665045 ], [ 2499616.906214069575071, 2597187.639140819665045 ], [ 2499663.275283934548497, 2597187.639140819665045 ], [ 2499663.275283934548497, 2597141.270125709939748 ], [ 2499709.643387656193227, 2597141.270125709939748 ], [ 2499709.643387656193227, 2597094.90111059974879 ], [ 2499756.011491377372295, 2597094.90111059974879 ], [ 2499756.011491377372295, 2597048.532095490023494 ], [ 2499802.379595099017024, 2597048.532095490023494 ], [ 2499802.379595099017024, 2597002.164046542253345 ], [ 2499848.747698820661753, 2597002.164046542253345 ], [ 2499848.747698820661753, 2596955.795031432528049 ], [ 2499848.747698820661753, 2596909.426016322337091 ], [ 2499848.747698820661753, 2596863.057967374566942 ], [ 2499895.116768685635179, 2596863.057967374566942 ], [ 2499895.116768685635179, 2596816.688952264841646 ], [ 2499895.116768685635179, 2596770.319937154650688 ], [ 2499895.116768685635179, 2596723.950922044925392 ], [ 2499941.484872407279909, 2596677.582873097155243 ], [ 2499987.852976128924638, 2596677.582873097155243 ], [ 2500034.221079850569367, 2596631.213857987429947 ], [ 2500080.589183572214097, 2596631.213857987429947 ], [ 2500080.589183572214097, 2596677.582873097155243 ], [ 2500126.957287293858826, 2596677.582873097155243 ], [ 2500126.957287293858826, 2596723.950922044925392 ], [ 2500173.326357158366591, 2596723.950922044925392 ], [ 2500219.69446088001132, 2596723.950922044925392 ], [ 2500266.062564601656049, 2596723.950922044925392 ], [ 2500312.430668323300779, 2596723.950922044925392 ], [ 2500312.430668323300779, 2596677.582873097155243 ], [ 2500358.798772044945508, 2596677.582873097155243 ], [ 2500358.798772044945508, 2596631.213857987429947 ], [ 2500358.798772044945508, 2596584.844842877238989 ], [ 2500358.798772044945508, 2596538.475827767513692 ], [ 2500358.798772044945508, 2596492.107778819743544 ], [ 2500358.798772044945508, 2596445.738763709552586 ], [ 2500312.430668323300779, 2596445.738763709552586 ], [ 2500312.430668323300779, 2596399.36974859982729 ], [ 2500266.062564601656049, 2596399.36974859982729 ], [ 2500219.69446088001132, 2596353.000733490101993 ], [ 2500219.69446088001132, 2596306.632684542331845 ], [ 2500173.326357158366591, 2596306.632684542331845 ], [ 2500173.326357158366591, 2596260.263669432140887 ], [ 2500126.957287293858826, 2596260.263669432140887 ], [ 2500126.957287293858826, 2596213.89465432241559 ], [ 2500080.589183572214097, 2596213.89465432241559 ], [ 2500080.589183572214097, 2596167.526605374645442 ], [ 2500034.221079850569367, 2596167.526605374645442 ], [ 2499987.852976128924638, 2596167.526605374645442 ], [ 2499941.484872407279909, 2596167.526605374645442 ], [ 2499941.484872407279909, 2596121.157590264454484 ], [ 2499895.116768685635179, 2596074.788575154729187 ], [ 2499895.116768685635179, 2596028.419560045003891 ], [ 2499941.484872407279909, 2596028.419560045003891 ], [ 2499941.484872407279909, 2595982.051511097233742 ], [ 2499941.484872407279909, 2596028.419560045003891 ], [ 2499987.852976128924638, 2596028.419560045003891 ], [ 2500034.221079850569367, 2596028.419560045003891 ], [ 2500034.221079850569367, 2596074.788575154729187 ], [ 2500080.589183572214097, 2596074.788575154729187 ], [ 2500126.957287293858826, 2596074.788575154729187 ], [ 2500126.957287293858826, 2596028.419560045003891 ], [ 2500173.326357158366591, 2596028.419560045003891 ], [ 2500173.326357158366591, 2595982.051511097233742 ], [ 2500219.69446088001132, 2595982.051511097233742 ], [ 2500219.69446088001132, 2595935.682495987042785 ], [ 2500219.69446088001132, 2595889.313480877317488 ], [ 2500173.326357158366591, 2595889.313480877317488 ], [ 2500173.326357158366591, 2595842.944465767592192 ], [ 2500126.957287293858826, 2595796.576416819356382 ], [ 2500126.957287293858826, 2595750.207401709631085 ], [ 2500080.589183572214097, 2595750.207401709631085 ], [ 2500080.589183572214097, 2595703.838386599905789 ], [ 2500034.221079850569367, 2595703.838386599905789 ], [ 2500034.221079850569367, 2595657.469371489714831 ], [ 2500034.221079850569367, 2595611.101322541944683 ], [ 2500080.589183572214097, 2595564.732307432219386 ], [ 2500080.589183572214097, 2595518.36329232249409 ], [ 2500080.589183572214097, 2595471.99524337425828 ], [ 2500126.957287293858826, 2595471.99524337425828 ], [ 2500173.326357158366591, 2595425.626228264532983 ], [ 2500219.69446088001132, 2595425.626228264532983 ], [ 2500266.062564601656049, 2595425.626228264532983 ], [ 2500312.430668323300779, 2595471.99524337425828 ], [ 2500358.798772044945508, 2595518.36329232249409 ], [ 2500358.798772044945508, 2595564.732307432219386 ], [ 2500358.798772044945508, 2595611.101322541944683 ], [ 2500312.430668323300779, 2595611.101322541944683 ], [ 2500312.430668323300779, 2595657.469371489714831 ], [ 2500266.062564601656049, 2595657.469371489714831 ], [ 2500266.062564601656049, 2595703.838386599905789 ], [ 2500266.062564601656049, 2595750.207401709631085 ], [ 2500266.062564601656049, 2595796.576416819356382 ], [ 2500312.430668323300779, 2595796.576416819356382 ], [ 2500358.798772044945508, 2595842.944465767592192 ], [ 2500358.798772044945508, 2595796.576416819356382 ], [ 2500405.167841909453273, 2595796.576416819356382 ], [ 2500405.167841909453273, 2595750.207401709631085 ], [ 2500451.535945631098002, 2595750.207401709631085 ], [ 2500451.535945631098002, 2595703.838386599905789 ], [ 2500497.904049352742732, 2595703.838386599905789 ], [ 2500544.272153074387461, 2595703.838386599905789 ], [ 2500590.64025679603219, 2595703.838386599905789 ], [ 2500637.009326660539955, 2595703.838386599905789 ], [ 2500683.377430382184684, 2595703.838386599905789 ], [ 2500729.745534103829414, 2595657.469371489714831 ], [ 2500776.113637825474143, 2595657.469371489714831 ], [ 2500822.481741547118872, 2595657.469371489714831 ], [ 2500822.481741547118872, 2595611.101322541944683 ], [ 2500868.849845268763602, 2595611.101322541944683 ], [ 2500915.218915133271366, 2595611.101322541944683 ], [ 2500961.587018854916096, 2595611.101322541944683 ], [ 2500961.587018854916096, 2595564.732307432219386 ], [ 2501007.955122576560825, 2595564.732307432219386 ], [ 2501054.323226298205554, 2595564.732307432219386 ], [ 2501054.323226298205554, 2595518.36329232249409 ], [ 2501100.691330019850284, 2595518.36329232249409 ], [ 2501100.691330019850284, 2595471.99524337425828 ], [ 2501100.691330019850284, 2595425.626228264532983 ], [ 2501054.323226298205554, 2595425.626228264532983 ], [ 2501054.323226298205554, 2595379.257213154807687 ], [ 2501007.955122576560825, 2595379.257213154807687 ], [ 2500961.587018854916096, 2595379.257213154807687 ], [ 2500915.218915133271366, 2595379.257213154807687 ], [ 2500868.849845268763602, 2595379.257213154807687 ], [ 2500868.849845268763602, 2595332.888198044616729 ], [ 2500822.481741547118872, 2595332.888198044616729 ], [ 2500822.481741547118872, 2595286.520149096846581 ], [ 2500868.849845268763602, 2595240.151133987121284 ], [ 2500915.218915133271366, 2595193.782118877395988 ], [ 2500915.218915133271366, 2595147.41310376720503 ], [ 2500961.587018854916096, 2595147.41310376720503 ], [ 2500961.587018854916096, 2595101.045054819434881 ], [ 2501007.955122576560825, 2595101.045054819434881 ], [ 2501007.955122576560825, 2595054.676039709709585 ], [ 2501054.323226298205554, 2595008.307024599518627 ], [ 2501054.323226298205554, 2594961.938975651748478 ], [ 2501100.691330019850284, 2594961.938975651748478 ], [ 2501100.691330019850284, 2594915.569960542023182 ], [ 2501147.06039988482371, 2594915.569960542023182 ], [ 2501147.06039988482371, 2594869.200945432297885 ], [ 2501147.06039988482371, 2594822.831930322106928 ], [ 2501147.06039988482371, 2594776.463881374336779 ], [ 2501147.06039988482371, 2594730.094866264611483 ], [ 2501100.691330019850284, 2594730.094866264611483 ], [ 2501100.691330019850284, 2594683.725851154886186 ], [ 2501054.323226298205554, 2594683.725851154886186 ], [ 2501007.955122576560825, 2594683.725851154886186 ], [ 2501007.955122576560825, 2594637.356836044695228 ], [ 2501007.955122576560825, 2594590.98878709692508 ], [ 2501007.955122576560825, 2594544.619771987199783 ], [ 2501007.955122576560825, 2594498.250756877008826 ], [ 2501007.955122576560825, 2594451.881741767283529 ], [ 2500961.587018854916096, 2594451.881741767283529 ], [ 2500961.587018854916096, 2594405.513692819513381 ], [ 2500961.587018854916096, 2594359.144677709788084 ], [ 2500915.218915133271366, 2594312.775662599597126 ], [ 2500961.587018854916096, 2594312.775662599597126 ], [ 2500961.587018854916096, 2594220.038598542101681 ], [ 2501007.955122576560825, 2594220.038598542101681 ], [ 2501007.955122576560825, 2594173.669583431910723 ], [ 2501054.323226298205554, 2594173.669583431910723 ], [ 2501054.323226298205554, 2594220.038598542101681 ], [ 2501100.691330019850284, 2594220.038598542101681 ], [ 2501147.06039988482371, 2594220.038598542101681 ], [ 2501193.428503606002778, 2594220.038598542101681 ], [ 2501193.428503606002778, 2594173.669583431910723 ], [ 2501239.796607327647507, 2594173.669583431910723 ], [ 2501286.164711049292237, 2594173.669583431910723 ], [ 2501286.164711049292237, 2594127.300568322185427 ], [ 2501286.164711049292237, 2594080.932519374415278 ], [ 2501332.532814770936966, 2594080.932519374415278 ], [ 2501332.532814770936966, 2594034.563504264689982 ], [ 2501286.164711049292237, 2594034.563504264689982 ], [ 2501286.164711049292237, 2593988.194489154499024 ], [ 2501239.796607327647507, 2593988.194489154499024 ], [ 2501239.796607327647507, 2593941.825474044773728 ], [ 2501193.428503606002778, 2593941.825474044773728 ], [ 2501147.06039988482371, 2593941.825474044773728 ], [ 2501100.691330019850284, 2593941.825474044773728 ], [ 2501054.323226298205554, 2593941.825474044773728 ], [ 2501007.955122576560825, 2593895.457425097003579 ], [ 2501007.955122576560825, 2593849.088409986812621 ], [ 2500961.587018854916096, 2593849.088409986812621 ], [ 2500961.587018854916096, 2593802.719394877087325 ], [ 2500961.587018854916096, 2593756.350379767362028 ], [ 2501007.955122576560825, 2593709.98233081959188 ], [ 2501007.955122576560825, 2593663.613315709400922 ], [ 2501007.955122576560825, 2593617.244300599675626 ], [ 2501007.955122576560825, 2593570.876251651905477 ], [ 2501007.955122576560825, 2593524.507236541714519 ], [ 2501054.323226298205554, 2593524.507236541714519 ], [ 2501054.323226298205554, 2593478.138221431989223 ], [ 2501054.323226298205554, 2593431.769206322263926 ], [ 2501100.691330019850284, 2593431.769206322263926 ], [ 2501100.691330019850284, 2593385.401157374493778 ], [ 2501147.06039988482371, 2593339.03214226430282 ], [ 2501193.428503606002778, 2593339.03214226430282 ], [ 2501193.428503606002778, 2593292.663127154577523 ], [ 2501193.428503606002778, 2593246.294112044852227 ], [ 2501239.796607327647507, 2593199.926063096616417 ], [ 2501239.796607327647507, 2593153.557047986891121 ], [ 2501286.164711049292237, 2593107.188032877165824 ], [ 2501332.532814770936966, 2593060.819983929395676 ], [ 2501378.901884635910392, 2593060.819983929395676 ], [ 2501425.269988357555121, 2593014.450968819204718 ], [ 2501471.638092079199851, 2593014.450968819204718 ], [ 2501518.00619580084458, 2593014.450968819204718 ], [ 2501564.374299522489309, 2593014.450968819204718 ], [ 2501564.374299522489309, 2593060.819983929395676 ], [ 2501610.742403243668377, 2593060.819983929395676 ], [ 2501610.742403243668377, 2593107.188032877165824 ], [ 2501657.111473108641803, 2593107.188032877165824 ], [ 2501657.111473108641803, 2593153.557047986891121 ], [ 2501657.111473108641803, 2593199.926063096616417 ], [ 2501610.742403243668377, 2593199.926063096616417 ], [ 2501610.742403243668377, 2593246.294112044852227 ], [ 2501610.742403243668377, 2593292.663127154577523 ], [ 2501564.374299522489309, 2593292.663127154577523 ], [ 2501518.00619580084458, 2593292.663127154577523 ], [ 2501471.638092079199851, 2593292.663127154577523 ], [ 2501471.638092079199851, 2593339.03214226430282 ], [ 2501425.269988357555121, 2593339.03214226430282 ], [ 2501425.269988357555121, 2593385.401157374493778 ], [ 2501378.901884635910392, 2593385.401157374493778 ], [ 2501378.901884635910392, 2593431.769206322263926 ], [ 2501378.901884635910392, 2593478.138221431989223 ], [ 2501378.901884635910392, 2593524.507236541714519 ], [ 2501425.269988357555121, 2593570.876251651905477 ], [ 2501425.269988357555121, 2593617.244300599675626 ], [ 2501425.269988357555121, 2593663.613315709400922 ], [ 2501425.269988357555121, 2593709.98233081959188 ], [ 2501471.638092079199851, 2593709.98233081959188 ], [ 2501471.638092079199851, 2593756.350379767362028 ], [ 2501518.00619580084458, 2593756.350379767362028 ], [ 2501564.374299522489309, 2593756.350379767362028 ], [ 2501610.742403243668377, 2593756.350379767362028 ], [ 2501610.742403243668377, 2593802.719394877087325 ], [ 2501657.111473108641803, 2593756.350379767362028 ], [ 2501703.479576830286533, 2593756.350379767362028 ], [ 2501749.847680551931262, 2593756.350379767362028 ], [ 2501749.847680551931262, 2593709.98233081959188 ], [ 2501749.847680551931262, 2593663.613315709400922 ], [ 2501749.847680551931262, 2593617.244300599675626 ], [ 2501749.847680551931262, 2593570.876251651905477 ], [ 2501749.847680551931262, 2593524.507236541714519 ], [ 2501796.215784273575991, 2593524.507236541714519 ], [ 2501796.215784273575991, 2593478.138221431989223 ], [ 2501796.215784273575991, 2593431.769206322263926 ], [ 2501842.583887995220721, 2593431.769206322263926 ], [ 2501842.583887995220721, 2593385.401157374493778 ], [ 2501888.952957859728485, 2593385.401157374493778 ], [ 2501888.952957859728485, 2593339.03214226430282 ], [ 2501888.952957859728485, 2593292.663127154577523 ], [ 2501935.321061581373215, 2593292.663127154577523 ], [ 2501981.689165303017944, 2593292.663127154577523 ], [ 2501981.689165303017944, 2593246.294112044852227 ], [ 2502028.057269024662673, 2593246.294112044852227 ], [ 2502074.425372746307403, 2593246.294112044852227 ], [ 2502120.794442610815167, 2593246.294112044852227 ], [ 2502120.794442610815167, 2593292.663127154577523 ], [ 2502167.162546332459897, 2593292.663127154577523 ], [ 2502167.162546332459897, 2593339.03214226430282 ], [ 2502167.162546332459897, 2593385.401157374493778 ], [ 2502167.162546332459897, 2593431.769206322263926 ], [ 2502120.794442610815167, 2593431.769206322263926 ], [ 2502120.794442610815167, 2593478.138221431989223 ], [ 2502074.425372746307403, 2593478.138221431989223 ], [ 2502028.057269024662673, 2593478.138221431989223 ], [ 2502028.057269024662673, 2593524.507236541714519 ], [ 2501981.689165303017944, 2593524.507236541714519 ], [ 2501981.689165303017944, 2593570.876251651905477 ], [ 2501935.321061581373215, 2593570.876251651905477 ], [ 2501935.321061581373215, 2593617.244300599675626 ], [ 2501935.321061581373215, 2593663.613315709400922 ], [ 2501935.321061581373215, 2593709.98233081959188 ], [ 2501888.952957859728485, 2593756.350379767362028 ], [ 2501888.952957859728485, 2593802.719394877087325 ], [ 2501935.321061581373215, 2593849.088409986812621 ], [ 2501935.321061581373215, 2593895.457425097003579 ], [ 2501981.689165303017944, 2593895.457425097003579 ], [ 2501981.689165303017944, 2593941.825474044773728 ], [ 2502028.057269024662673, 2593941.825474044773728 ], [ 2502074.425372746307403, 2593941.825474044773728 ], [ 2502120.794442610815167, 2593941.825474044773728 ], [ 2502120.794442610815167, 2593895.457425097003579 ], [ 2502167.162546332459897, 2593895.457425097003579 ], [ 2502167.162546332459897, 2593849.088409986812621 ], [ 2502213.530650054104626, 2593849.088409986812621 ], [ 2502213.530650054104626, 2593802.719394877087325 ], [ 2502259.898753775749356, 2593802.719394877087325 ], [ 2502306.266857497394085, 2593756.350379767362028 ], [ 2502352.634961219038814, 2593756.350379767362028 ], [ 2502399.004031083546579, 2593802.719394877087325 ], [ 2502445.372134805191308, 2593802.719394877087325 ], [ 2502491.740238526836038, 2593849.088409986812621 ], [ 2502491.740238526836038, 2593895.457425097003579 ], [ 2502491.740238526836038, 2593941.825474044773728 ], [ 2502491.740238526836038, 2593988.194489154499024 ], [ 2502538.108342248480767, 2593988.194489154499024 ], [ 2502491.740238526836038, 2594034.563504264689982 ], [ 2502491.740238526836038, 2594080.932519374415278 ], [ 2502491.740238526836038, 2594127.300568322185427 ], [ 2502491.740238526836038, 2594173.669583431910723 ], [ 2502445.372134805191308, 2594220.038598542101681 ], [ 2502445.372134805191308, 2594266.407613651826978 ], [ 2502445.372134805191308, 2594312.775662599597126 ], [ 2502445.372134805191308, 2594359.144677709788084 ], [ 2502445.372134805191308, 2594405.513692819513381 ], [ 2502445.372134805191308, 2594451.881741767283529 ], [ 2502491.740238526836038, 2594451.881741767283529 ], [ 2502491.740238526836038, 2594498.250756877008826 ], [ 2502538.108342248480767, 2594498.250756877008826 ], [ 2502538.108342248480767, 2594544.619771987199783 ], [ 2502584.476445970125496, 2594544.619771987199783 ], [ 2502630.845515834633261, 2594544.619771987199783 ], [ 2502630.845515834633261, 2594498.250756877008826 ], [ 2502677.21361955627799, 2594498.250756877008826 ], [ 2502677.21361955627799, 2594451.881741767283529 ], [ 2502723.58172327792272, 2594451.881741767283529 ], [ 2502723.58172327792272, 2594405.513692819513381 ], [ 2502723.58172327792272, 2594359.144677709788084 ], [ 2502723.58172327792272, 2594312.775662599597126 ], [ 2502769.949826999567449, 2594312.775662599597126 ], [ 2502769.949826999567449, 2594266.407613651826978 ], [ 2502769.949826999567449, 2594220.038598542101681 ], [ 2502769.949826999567449, 2594173.669583431910723 ], [ 2502769.949826999567449, 2594127.300568322185427 ], [ 2502816.317930721212178, 2594127.300568322185427 ], [ 2502816.317930721212178, 2594080.932519374415278 ], [ 2502816.317930721212178, 2594034.563504264689982 ], [ 2502816.317930721212178, 2593988.194489154499024 ], [ 2502769.949826999567449, 2593988.194489154499024 ], [ 2502769.949826999567449, 2593941.825474044773728 ], [ 2502723.58172327792272, 2593941.825474044773728 ], [ 2502677.21361955627799, 2593895.457425097003579 ], [ 2502677.21361955627799, 2593849.088409986812621 ], [ 2502677.21361955627799, 2593802.719394877087325 ], [ 2502677.21361955627799, 2593756.350379767362028 ], [ 2502677.21361955627799, 2593709.98233081959188 ], [ 2502723.58172327792272, 2593709.98233081959188 ], [ 2502769.949826999567449, 2593663.613315709400922 ], [ 2502769.949826999567449, 2593709.98233081959188 ], [ 2502816.317930721212178, 2593709.98233081959188 ], [ 2502862.687000586185604, 2593709.98233081959188 ], [ 2502909.055104307830334, 2593709.98233081959188 ], [ 2502955.423208029475063, 2593756.350379767362028 ], [ 2503001.791311750654131, 2593802.719394877087325 ], [ 2503001.791311750654131, 2593849.088409986812621 ], [ 2503001.791311750654131, 2593895.457425097003579 ], [ 2502955.423208029475063, 2593895.457425097003579 ], [ 2502955.423208029475063, 2593941.825474044773728 ], [ 2502909.055104307830334, 2593941.825474044773728 ], [ 2502909.055104307830334, 2593988.194489154499024 ], [ 2502909.055104307830334, 2594034.563504264689982 ], [ 2502955.423208029475063, 2594034.563504264689982 ], [ 2503001.791311750654131, 2594034.563504264689982 ], [ 2503048.159415472298861, 2594034.563504264689982 ], [ 2503094.52751919394359, 2594034.563504264689982 ], [ 2503094.52751919394359, 2594080.932519374415278 ], [ 2503140.896589058917016, 2594080.932519374415278 ], [ 2503187.264692780561745, 2594080.932519374415278 ], [ 2503233.632796502206475, 2594080.932519374415278 ], [ 2503233.632796502206475, 2594127.300568322185427 ], [ 2503280.000900223851204, 2594127.300568322185427 ], [ 2503280.000900223851204, 2594080.932519374415278 ], [ 2503326.369003945495933, 2594080.932519374415278 ], [ 2503372.738073810003698, 2594080.932519374415278 ], [ 2503372.738073810003698, 2594034.563504264689982 ], [ 2503372.738073810003698, 2593988.194489154499024 ], [ 2503372.738073810003698, 2593941.825474044773728 ], [ 2503326.369003945495933, 2593941.825474044773728 ], [ 2503280.000900223851204, 2593941.825474044773728 ], [ 2503233.632796502206475, 2593941.825474044773728 ], [ 2503233.632796502206475, 2593895.457425097003579 ], [ 2503233.632796502206475, 2593849.088409986812621 ], [ 2503187.264692780561745, 2593849.088409986812621 ], [ 2503187.264692780561745, 2593802.719394877087325 ], [ 2503187.264692780561745, 2593756.350379767362028 ], [ 2503187.264692780561745, 2593709.98233081959188 ], [ 2503233.632796502206475, 2593709.98233081959188 ], [ 2503233.632796502206475, 2593663.613315709400922 ], [ 2503280.000900223851204, 2593663.613315709400922 ], [ 2503280.000900223851204, 2593709.98233081959188 ], [ 2503326.369003945495933, 2593709.98233081959188 ], [ 2503326.369003945495933, 2593756.350379767362028 ], [ 2503372.738073810003698, 2593756.350379767362028 ], [ 2503372.738073810003698, 2593802.719394877087325 ], [ 2503419.106177531648427, 2593802.719394877087325 ], [ 2503465.474281253293157, 2593849.088409986812621 ], [ 2503511.842384974937886, 2593849.088409986812621 ], [ 2503558.210488696582615, 2593849.088409986812621 ], [ 2503604.57955856109038, 2593849.088409986812621 ], [ 2503604.57955856109038, 2593802.719394877087325 ], [ 2503604.57955856109038, 2593756.350379767362028 ], [ 2503511.842384974937886, 2593663.613315709400922 ], [ 2503465.474281253293157, 2593524.507236541714519 ], [ 2503465.474281253293157, 2593431.769206322263926 ], [ 2503465.474281253293157, 2593385.401157374493778 ], [ 2503558.210488696582615, 2593339.03214226430282 ], [ 2503650.947662282735109, 2593339.03214226430282 ], [ 2503697.315766004379839, 2593385.401157374493778 ], [ 2503697.315766004379839, 2593478.138221431989223 ], [ 2503650.947662282735109, 2593617.244300599675626 ], [ 2503697.315766004379839, 2593663.613315709400922 ], [ 2503697.315766004379839, 2593709.98233081959188 ], [ 2503697.315766004379839, 2593756.350379767362028 ], [ 2503743.683869726024568, 2593756.350379767362028 ], [ 2503790.051973447669297, 2593756.350379767362028 ], [ 2503836.420077169314027, 2593756.350379767362028 ], [ 2503836.420077169314027, 2593709.98233081959188 ], [ 2503836.420077169314027, 2593663.613315709400922 ], [ 2503836.420077169314027, 2593617.244300599675626 ], [ 2503836.420077169314027, 2593570.876251651905477 ], [ 2503836.420077169314027, 2593524.507236541714519 ], [ 2503836.420077169314027, 2593478.138221431989223 ], [ 2503882.789147033821791, 2593478.138221431989223 ], [ 2503929.157250755466521, 2593478.138221431989223 ], [ 2503929.157250755466521, 2593524.507236541714519 ], [ 2503975.52535447711125, 2593524.507236541714519 ], [ 2503975.52535447711125, 2593570.876251651905477 ], [ 2504021.89345819875598, 2593570.876251651905477 ], [ 2504021.89345819875598, 2593617.244300599675626 ], [ 2504068.261561920400709, 2593617.244300599675626 ], [ 2504114.630631784908473, 2593617.244300599675626 ], [ 2504160.998735506553203, 2593617.244300599675626 ], [ 2504207.366839228197932, 2593617.244300599675626 ], [ 2504207.366839228197932, 2593570.876251651905477 ], [ 2504207.366839228197932, 2593524.507236541714519 ], [ 2504207.366839228197932, 2593478.138221431989223 ], [ 2504207.366839228197932, 2593431.769206322263926 ], [ 2504207.366839228197932, 2593385.401157374493778 ], [ 2504160.998735506553203, 2593385.401157374493778 ], [ 2504160.998735506553203, 2593339.03214226430282 ], [ 2504114.630631784908473, 2593339.03214226430282 ], [ 2504114.630631784908473, 2593292.663127154577523 ], [ 2504068.261561920400709, 2593292.663127154577523 ], [ 2504068.261561920400709, 2593246.294112044852227 ], [ 2504068.261561920400709, 2593199.926063096616417 ], [ 2504068.261561920400709, 2593153.557047986891121 ], [ 2504068.261561920400709, 2593107.188032877165824 ], [ 2504114.630631784908473, 2593107.188032877165824 ], [ 2504114.630631784908473, 2593060.819983929395676 ], [ 2504160.998735506553203, 2593060.819983929395676 ], [ 2504160.998735506553203, 2593014.450968819204718 ], [ 2504207.366839228197932, 2593014.450968819204718 ], [ 2504253.734942949842662, 2593014.450968819204718 ], [ 2504300.103046671487391, 2592968.081953709479421 ], [ 2504346.47115039313212, 2592968.081953709479421 ], [ 2504392.840220258105546, 2592968.081953709479421 ], [ 2504439.208323979284614, 2592968.081953709479421 ], [ 2504485.576427700929344, 2592968.081953709479421 ], [ 2504531.944531422574073, 2592968.081953709479421 ], [ 2504578.312635144218802, 2592968.081953709479421 ], [ 2504624.681705009192228, 2592968.081953709479421 ], [ 2504671.049808730836958, 2592921.712938599754125 ], [ 2504717.417912452481687, 2592921.712938599754125 ], [ 2504763.786016174126416, 2592921.712938599754125 ], [ 2504763.786016174126416, 2592875.344889651518315 ], [ 2504763.786016174126416, 2592828.975874541793019 ], [ 2504810.154119895771146, 2592828.975874541793019 ], [ 2504810.154119895771146, 2592782.606859432067722 ], [ 2504856.52318976027891, 2592736.237844321876764 ], [ 2504902.89129348192364, 2592736.237844321876764 ], [ 2504902.89129348192364, 2592689.869795374106616 ], [ 2504949.259397203568369, 2592736.237844321876764 ], [ 2504995.627500925213099, 2592736.237844321876764 ], [ 2504995.627500925213099, 2592782.606859432067722 ], [ 2504995.627500925213099, 2592828.975874541793019 ], [ 2504995.627500925213099, 2592875.344889651518315 ], [ 2504995.627500925213099, 2592921.712938599754125 ], [ 2505041.995604646857828, 2592921.712938599754125 ], [ 2505041.995604646857828, 2592968.081953709479421 ], [ 2505088.363708368502557, 2592968.081953709479421 ], [ 2505134.732778233010322, 2592968.081953709479421 ], [ 2505134.732778233010322, 2592921.712938599754125 ], [ 2505181.100881954655051, 2592921.712938599754125 ], [ 2505134.732778233010322, 2592921.712938599754125 ], [ 2505134.732778233010322, 2592875.344889651518315 ], [ 2505134.732778233010322, 2592828.975874541793019 ], [ 2505134.732778233010322, 2592782.606859432067722 ], [ 2505134.732778233010322, 2592736.237844321876764 ], [ 2505181.100881954655051, 2592736.237844321876764 ], [ 2505227.468985676299781, 2592689.869795374106616 ], [ 2505227.468985676299781, 2592736.237844321876764 ], [ 2505273.83708939794451, 2592736.237844321876764 ], [ 2505320.205193119589239, 2592736.237844321876764 ], [ 2505320.205193119589239, 2592782.606859432067722 ], [ 2505366.574262984097004, 2592782.606859432067722 ], [ 2505412.942366705741733, 2592782.606859432067722 ], [ 2505459.310470427386463, 2592736.237844321876764 ], [ 2505505.678574149031192, 2592736.237844321876764 ], [ 2505505.678574149031192, 2592689.869795374106616 ], [ 2505552.046677870675921, 2592689.869795374106616 ], [ 2505552.046677870675921, 2592643.500780264381319 ], [ 2505552.046677870675921, 2592597.131765154656023 ], [ 2505505.678574149031192, 2592597.131765154656023 ], [ 2505505.678574149031192, 2592550.762750044465065 ], [ 2505459.310470427386463, 2592550.762750044465065 ], [ 2505459.310470427386463, 2592504.394701096694916 ], [ 2505459.310470427386463, 2592458.02568598696962 ], [ 2505412.942366705741733, 2592458.02568598696962 ], [ 2505412.942366705741733, 2592411.656670876778662 ], [ 2505412.942366705741733, 2592365.288621929008514 ], [ 2505459.310470427386463, 2592318.919606819283217 ], [ 2505459.310470427386463, 2592272.550591709557921 ], [ 2505459.310470427386463, 2592226.181576599366963 ], [ 2505459.310470427386463, 2592179.813527651596814 ], [ 2505459.310470427386463, 2592133.444512541871518 ], [ 2505459.310470427386463, 2592087.07549743168056 ], [ 2505459.310470427386463, 2592040.706482321955264 ], [ 2505505.678574149031192, 2592040.706482321955264 ], [ 2505505.678574149031192, 2591994.338433374185115 ], [ 2505552.046677870675921, 2591994.338433374185115 ], [ 2505552.046677870675921, 2591947.969418264459819 ], [ 2505598.415747735183686, 2591947.969418264459819 ], [ 2505644.783851456828415, 2591947.969418264459819 ], [ 2505691.151955178473145, 2591947.969418264459819 ], [ 2505691.151955178473145, 2591994.338433374185115 ], [ 2505737.520058900117874, 2591994.338433374185115 ], [ 2505737.520058900117874, 2592040.706482321955264 ], [ 2505737.520058900117874, 2592087.07549743168056 ], [ 2505691.151955178473145, 2592133.444512541871518 ], [ 2505691.151955178473145, 2592179.813527651596814 ], [ 2505644.783851456828415, 2592226.181576599366963 ], [ 2505644.783851456828415, 2592272.550591709557921 ], [ 2505644.783851456828415, 2592318.919606819283217 ], [ 2505644.783851456828415, 2592365.288621929008514 ], [ 2505691.151955178473145, 2592365.288621929008514 ], [ 2505691.151955178473145, 2592411.656670876778662 ], [ 2505737.520058900117874, 2592411.656670876778662 ], [ 2505783.888162621762604, 2592365.288621929008514 ], [ 2505830.256266343407333, 2592365.288621929008514 ], [ 2505830.256266343407333, 2592318.919606819283217 ], [ 2505830.256266343407333, 2592272.550591709557921 ], [ 2505830.256266343407333, 2592226.181576599366963 ], [ 2505876.625336207915097, 2592226.181576599366963 ], [ 2505830.256266343407333, 2592226.181576599366963 ], [ 2505876.625336207915097, 2592226.181576599366963 ], [ 2505876.625336207915097, 2592179.813527651596814 ], [ 2505876.625336207915097, 2592133.444512541871518 ], [ 2505922.993439929559827, 2592133.444512541871518 ], [ 2505969.361543651204556, 2592133.444512541871518 ], [ 2506015.729647372849286, 2592133.444512541871518 ], [ 2506062.097751094494015, 2592179.813527651596814 ], [ 2506108.466820959467441, 2592179.813527651596814 ], [ 2506108.466820959467441, 2592226.181576599366963 ], [ 2506108.466820959467441, 2592272.550591709557921 ], [ 2506154.83492468111217, 2592272.550591709557921 ], [ 2506201.2030284027569, 2592318.919606819283217 ], [ 2506201.2030284027569, 2592365.288621929008514 ], [ 2506247.571132123935968, 2592365.288621929008514 ], [ 2506247.571132123935968, 2592411.656670876778662 ], [ 2506247.571132123935968, 2592458.02568598696962 ], [ 2506247.571132123935968, 2592504.394701096694916 ], [ 2506247.571132123935968, 2592550.762750044465065 ], [ 2506293.939235845580697, 2592550.762750044465065 ], [ 2506293.939235845580697, 2592597.131765154656023 ], [ 2506340.308305710554123, 2592597.131765154656023 ], [ 2506386.676409432198852, 2592597.131765154656023 ], [ 2506433.044513153843582, 2592597.131765154656023 ], [ 2506479.412616875488311, 2592597.131765154656023 ], [ 2506525.78072059713304, 2592597.131765154656023 ], [ 2506525.78072059713304, 2592643.500780264381319 ], [ 2506572.14882431877777, 2592643.500780264381319 ], [ 2506572.14882431877777, 2592689.869795374106616 ], [ 2506618.517894183285534, 2592689.869795374106616 ], [ 2506618.517894183285534, 2592736.237844321876764 ], [ 2506664.885997904930264, 2592736.237844321876764 ], [ 2506711.254101626574993, 2592736.237844321876764 ], [ 2506757.622205348219723, 2592736.237844321876764 ], [ 2506757.622205348219723, 2592689.869795374106616 ], [ 2506803.990309069864452, 2592689.869795374106616 ], [ 2506850.359378934372216, 2592689.869795374106616 ], [ 2506896.727482656016946, 2592643.500780264381319 ], [ 2506943.095586377661675, 2592689.869795374106616 ], [ 2506989.463690099306405, 2592689.869795374106616 ], [ 2506989.463690099306405, 2592736.237844321876764 ], [ 2506989.463690099306405, 2592782.606859432067722 ], [ 2506943.095586377661675, 2592782.606859432067722 ], [ 2506943.095586377661675, 2592828.975874541793019 ], [ 2506896.727482656016946, 2592828.975874541793019 ], [ 2506896.727482656016946, 2592875.344889651518315 ] ] } },
{ "type": "Feature", "properties": { }, "geometry": { "type": "LineString", "coordinates": [ [ 2506896.727482656016946, 2592875.344889651518315 ], [ 2506896.727482656016946, 2592921.712938599754125 ], [ 2506896.727482656016946, 2592968.081953709479421 ], [ 2506896.727482656016946, 2593014.450968819204718 ], [ 2506943.095586377661675, 2593014.450968819204718 ], [ 2506989.463690099306405, 2593014.450968819204718 ], [ 2507035.831793820951134, 2593014.450968819204718 ], [ 2507035.831793820951134, 2592968.081953709479421 ], [ 2507082.200863685458899, 2592968.081953709479421 ], [ 2507082.200863685458899, 2592921.712938599754125 ], [ 2507082.200863685458899, 2592875.344889651518315 ], [ 2507128.568967407103628, 2592875.344889651518315 ], [ 2507128.568967407103628, 2592828.975874541793019 ], [ 2507128.568967407103628, 2592782.606859432067722 ], [ 2507128.568967407103628, 2592736.237844321876764 ], [ 2507128.568967407103628, 2592689.869795374106616 ], [ 2507128.568967407103628, 2592643.500780264381319 ], [ 2507174.937071128748357, 2592643.500780264381319 ], [ 2507174.937071128748357, 2592597.131765154656023 ], [ 2507221.305174850393087, 2592597.131765154656023 ], [ 2507267.673278572037816, 2592597.131765154656023 ], [ 2507314.041382293682545, 2592597.131765154656023 ], [ 2507360.41045215819031, 2592597.131765154656023 ], [ 2507360.41045215819031, 2592643.500780264381319 ], [ 2507406.778555879835039, 2592643.500780264381319 ], [ 2507406.778555879835039, 2592689.869795374106616 ], [ 2507406.778555879835039, 2592736.237844321876764 ], [ 2507406.778555879835039, 2592782.606859432067722 ], [ 2507406.778555879835039, 2592828.975874541793019 ], [ 2507406.778555879835039, 2592875.344889651518315 ], [ 2507453.146659601479769, 2592921.712938599754125 ], [ 2507453.146659601479769, 2592968.081953709479421 ], [ 2507499.514763323124498, 2592968.081953709479421 ], [ 2507545.882867044769228, 2592968.081953709479421 ], [ 2507592.251936909742653, 2592968.081953709479421 ], [ 2507638.620040631387383, 2592968.081953709479421 ], [ 2507684.988144352566451, 2592968.081953709479421 ], [ 2507731.35624807421118, 2592968.081953709479421 ], [ 2507777.72435179585591, 2592968.081953709479421 ], [ 2507777.72435179585591, 2593014.450968819204718 ], [ 2507824.093421660829335, 2593107.188032877165824 ], [ 2507870.461525382474065, 2593199.926063096616417 ], [ 2507870.461525382474065, 2593246.294112044852227 ], [ 2507916.829629104118794, 2593339.03214226430282 ], [ 2507963.197732825763524, 2593385.401157374493778 ], [ 2508055.933940269052982, 2593431.769206322263926 ], [ 2508102.303010133560747, 2593478.138221431989223 ], [ 2508195.039217576850206, 2593431.769206322263926 ], [ 2508241.407321298494935, 2593431.769206322263926 ], [ 2508287.775425020139664, 2593385.401157374493778 ], [ 2508287.775425020139664, 2593292.663127154577523 ], [ 2508287.775425020139664, 2593246.294112044852227 ], [ 2508241.407321298494935, 2593199.926063096616417 ], [ 2508148.671113855205476, 2593199.926063096616417 ], [ 2508055.933940269052982, 2593153.557047986891121 ], [ 2508009.565836547408253, 2593107.188032877165824 ], [ 2508009.565836547408253, 2593060.819983929395676 ], [ 2508009.565836547408253, 2593014.450968819204718 ], [ 2508055.933940269052982, 2592968.081953709479421 ], [ 2508102.303010133560747, 2592968.081953709479421 ], [ 2508102.303010133560747, 2593014.450968819204718 ], [ 2508148.671113855205476, 2593014.450968819204718 ], [ 2508148.671113855205476, 2593060.819983929395676 ], [ 2508195.039217576850206, 2593060.819983929395676 ], [ 2508241.407321298494935, 2593060.819983929395676 ], [ 2508287.775425020139664, 2593060.819983929395676 ], [ 2508287.775425020139664, 2593014.450968819204718 ], [ 2508334.144494884647429, 2593014.450968819204718 ], [ 2508334.144494884647429, 2592968.081953709479421 ], [ 2508334.144494884647429, 2592921.712938599754125 ], [ 2508380.512598606292158, 2592921.712938599754125 ], [ 2508380.512598606292158, 2592875.344889651518315 ], [ 2508380.512598606292158, 2592828.975874541793019 ], [ 2508426.880702327936888, 2592828.975874541793019 ], [ 2508426.880702327936888, 2592782.606859432067722 ], [ 2508473.248806049581617, 2592736.237844321876764 ], [ 2508473.248806049581617, 2592689.869795374106616 ], [ 2508519.616909771226346, 2592689.869795374106616 ], [ 2508519.616909771226346, 2592643.500780264381319 ], [ 2508565.985013492871076, 2592643.500780264381319 ], [ 2508612.35408335737884, 2592643.500780264381319 ], [ 2508658.72218707902357, 2592643.500780264381319 ], [ 2508705.090290800668299, 2592643.500780264381319 ], [ 2508705.090290800668299, 2592689.869795374106616 ], [ 2508751.458394522313029, 2592689.869795374106616 ], [ 2508797.826498243957758, 2592689.869795374106616 ], [ 2508797.826498243957758, 2592736.237844321876764 ], [ 2508844.195568108465523, 2592736.237844321876764 ], [ 2508890.563671830110252, 2592736.237844321876764 ], [ 2508890.563671830110252, 2592782.606859432067722 ], [ 2508936.931775551754981, 2592782.606859432067722 ], [ 2508983.299879273399711, 2592782.606859432067722 ], [ 2509029.66798299504444, 2592782.606859432067722 ], [ 2509076.037052860017866, 2592782.606859432067722 ], [ 2509076.037052860017866, 2592736.237844321876764 ], [ 2509122.405156581196934, 2592736.237844321876764 ], [ 2509122.405156581196934, 2592689.869795374106616 ], [ 2509122.405156581196934, 2592643.500780264381319 ], [ 2509168.773260302841663, 2592643.500780264381319 ], [ 2509168.773260302841663, 2592597.131765154656023 ], [ 2509122.405156581196934, 2592597.131765154656023 ], [ 2509122.405156581196934, 2592550.762750044465065 ], [ 2509122.405156581196934, 2592504.394701096694916 ], [ 2509076.037052860017866, 2592504.394701096694916 ], [ 2509122.405156581196934, 2592504.394701096694916 ], [ 2509076.037052860017866, 2592504.394701096694916 ], [ 2509076.037052860017866, 2592458.02568598696962 ], [ 2509076.037052860017866, 2592411.656670876778662 ], [ 2509122.405156581196934, 2592411.656670876778662 ], [ 2509122.405156581196934, 2592365.288621929008514 ], [ 2509168.773260302841663, 2592365.288621929008514 ], [ 2509215.141364024486393, 2592365.288621929008514 ], [ 2509261.509467746131122, 2592365.288621929008514 ], [ 2509307.877571467775851, 2592365.288621929008514 ], [ 2509354.246641332749277, 2592365.288621929008514 ], [ 2509400.614745054394007, 2592365.288621929008514 ], [ 2509400.614745054394007, 2592318.919606819283217 ], [ 2509446.982848776038736, 2592318.919606819283217 ], [ 2509446.982848776038736, 2592272.550591709557921 ], [ 2509446.982848776038736, 2592226.181576599366963 ], [ 2509493.350952497683465, 2592226.181576599366963 ], [ 2509493.350952497683465, 2592179.813527651596814 ], [ 2509539.719056218862534, 2592179.813527651596814 ], [ 2509586.088126083835959, 2592179.813527651596814 ], [ 2509586.088126083835959, 2592226.181576599366963 ], [ 2509632.456229805480689, 2592226.181576599366963 ], [ 2509632.456229805480689, 2592272.550591709557921 ], [ 2509632.456229805480689, 2592318.919606819283217 ], [ 2509678.824333527125418, 2592318.919606819283217 ], [ 2509678.824333527125418, 2592365.288621929008514 ], [ 2509725.192437248770148, 2592365.288621929008514 ], [ 2509725.192437248770148, 2592411.656670876778662 ], [ 2509864.297714556567371, 2592458.02568598696962 ], [ 2509910.6658182782121, 2592458.02568598696962 ], [ 2509957.03392199985683, 2592458.02568598696962 ], [ 2510003.402025721501559, 2592458.02568598696962 ], [ 2510049.770129443146288, 2592458.02568598696962 ], [ 2510096.139199307654053, 2592411.656670876778662 ], [ 2510142.507303029298782, 2592411.656670876778662 ], [ 2510142.507303029298782, 2592365.288621929008514 ], [ 2510142.507303029298782, 2592318.919606819283217 ], [ 2510188.875406750943512, 2592318.919606819283217 ], [ 2510188.875406750943512, 2592272.550591709557921 ], [ 2510188.875406750943512, 2592226.181576599366963 ], [ 2510188.875406750943512, 2592179.813527651596814 ], [ 2510235.243510472588241, 2592179.813527651596814 ], [ 2510235.243510472588241, 2592133.444512541871518 ], [ 2510235.243510472588241, 2592087.07549743168056 ], [ 2510281.61161419423297, 2592087.07549743168056 ], [ 2510281.61161419423297, 2592040.706482321955264 ], [ 2510281.61161419423297, 2591994.338433374185115 ], [ 2510281.61161419423297, 2591947.969418264459819 ], [ 2510235.243510472588241, 2591947.969418264459819 ], [ 2510235.243510472588241, 2591901.600403154268861 ], [ 2510188.875406750943512, 2591901.600403154268861 ], [ 2510188.875406750943512, 2591855.231388044543564 ], [ 2510142.507303029298782, 2591855.231388044543564 ], [ 2510142.507303029298782, 2591808.863339096773416 ], [ 2510142.507303029298782, 2591762.494323986582458 ], [ 2510142.507303029298782, 2591716.125308876857162 ], [ 2510188.875406750943512, 2591716.125308876857162 ], [ 2510188.875406750943512, 2591669.757259929087013 ], [ 2510235.243510472588241, 2591623.388244819361717 ], [ 2510235.243510472588241, 2591577.019229709170759 ], [ 2510235.243510472588241, 2591530.650214599445462 ], [ 2510235.243510472588241, 2591484.282165651675314 ], [ 2510235.243510472588241, 2591437.913150541484356 ], [ 2510281.61161419423297, 2591391.544135431759059 ], [ 2510327.980684058740735, 2591391.544135431759059 ], [ 2510327.980684058740735, 2591345.175120322033763 ], [ 2510374.348787780385464, 2591345.175120322033763 ], [ 2510420.716891502030194, 2591391.544135431759059 ], [ 2510467.084995223674923, 2591391.544135431759059 ], [ 2510513.453098945319653, 2591391.544135431759059 ], [ 2510559.822168809827417, 2591391.544135431759059 ], [ 2510606.190272531472147, 2591391.544135431759059 ], [ 2510652.558376253116876, 2591345.175120322033763 ], [ 2510652.558376253116876, 2591298.807071374263614 ], [ 2510698.926479974761605, 2591298.807071374263614 ], [ 2510698.926479974761605, 2591252.438056264072657 ], [ 2510698.926479974761605, 2591206.06904115434736 ], [ 2510745.294583696406335, 2591206.06904115434736 ], [ 2510745.294583696406335, 2591159.700992206577212 ], [ 2510745.294583696406335, 2591113.331977096386254 ], [ 2510791.662687418051064, 2591113.331977096386254 ], [ 2510791.662687418051064, 2591066.962961986660957 ], [ 2510838.03175728302449, 2591066.962961986660957 ], [ 2510838.03175728302449, 2591020.593946876935661 ], [ 2510884.399861004669219, 2591020.593946876935661 ], [ 2510930.767964725848287, 2591020.593946876935661 ], [ 2510977.136068447493017, 2591020.593946876935661 ], [ 2511023.504172169137746, 2591020.593946876935661 ], [ 2511069.873242034111172, 2591020.593946876935661 ], [ 2511069.873242034111172, 2591066.962961986660957 ], [ 2511069.873242034111172, 2591113.331977096386254 ], [ 2511069.873242034111172, 2591159.700992206577212 ], [ 2511116.241345755755901, 2591206.06904115434736 ], [ 2511116.241345755755901, 2591252.438056264072657 ], [ 2511116.241345755755901, 2591298.807071374263614 ], [ 2511162.609449477400631, 2591345.175120322033763 ], [ 2511208.97755319904536, 2591345.175120322033763 ], [ 2511208.97755319904536, 2591298.807071374263614 ], [ 2511255.345656920690089, 2591298.807071374263614 ], [ 2511208.97755319904536, 2591298.807071374263614 ], [ 2511255.345656920690089, 2591298.807071374263614 ], [ 2511255.345656920690089, 2591252.438056264072657 ], [ 2511255.345656920690089, 2591206.06904115434736 ], [ 2511255.345656920690089, 2591159.700992206577212 ], [ 2511255.345656920690089, 2591113.331977096386254 ], [ 2511301.714726785197854, 2591113.331977096386254 ], [ 2511301.714726785197854, 2591066.962961986660957 ], [ 2511301.714726785197854, 2591020.593946876935661 ], [ 2511348.082830506842583, 2591020.593946876935661 ], [ 2511348.082830506842583, 2590974.225897929165512 ], [ 2511348.082830506842583, 2590927.856882818974555 ], [ 2511394.450934228487313, 2590927.856882818974555 ], [ 2511394.450934228487313, 2590881.487867709249258 ], [ 2511394.450934228487313, 2590835.118852599523962 ], [ 2511394.450934228487313, 2590788.750803651288152 ], [ 2511394.450934228487313, 2590742.381788541562855 ], [ 2511394.450934228487313, 2590696.012773431837559 ], [ 2511440.819037950132042, 2590696.012773431837559 ], [ 2511440.819037950132042, 2590649.643758321646601 ], [ 2511487.187141671776772, 2590649.643758321646601 ], [ 2511533.555245393421501, 2590649.643758321646601 ], [ 2511579.924315257929265, 2590649.643758321646601 ], [ 2511626.292418979573995, 2590649.643758321646601 ], [ 2511626.292418979573995, 2590696.012773431837559 ], [ 2511626.292418979573995, 2590742.381788541562855 ], [ 2511626.292418979573995, 2590788.750803651288152 ], [ 2511672.660522701218724, 2590788.750803651288152 ], [ 2511672.660522701218724, 2590835.118852599523962 ], [ 2511672.660522701218724, 2590881.487867709249258 ], [ 2511719.028626422863454, 2590881.487867709249258 ], [ 2511765.396730144508183, 2590881.487867709249258 ], [ 2511811.765800009015948, 2590881.487867709249258 ], [ 2511858.133903730660677, 2590927.856882818974555 ], [ 2511858.133903730660677, 2590464.16963020619005 ], [ 2511858.133903730660677, 2590371.431599986739457 ], [ 2511858.133903730660677, 2590325.062584876548499 ], [ 2511858.133903730660677, 2588887.631811928935349 ], [ 2511858.133903730660677, 2588423.943593154195696 ], [ 2511858.133903730660677, 2587913.887325431685895 ], [ 2511858.133903730660677, 2587867.519276483450085 ], [ 2511858.133903730660677, 2587542.937136876396835 ], [ 2511858.133903730660677, 2587079.24988426361233 ], [ 2511858.133903730660677, 2586847.405774876475334 ], [ 2511858.133903730660677, 2586012.768333708867431 ], [ 2511858.133903730660677, 2585966.400284761097282 ], [ 2511858.133903730660677, 2585920.031269650906324 ], [ 2511858.133903730660677, 2585641.818145153578371 ], [ 2511858.133903730660677, 2584575.33756076078862 ], [ 2511858.133903730660677, 2584528.968545651063323 ], [ 2511858.133903730660677, 2584297.124436263460666 ], [ 2511858.133903730660677, 2583277.011900818441063 ], [ 2511858.133903730660677, 2583184.274836760479957 ], [ 2511858.133903730660677, 2583137.90582165075466 ], [ 2511858.133903730660677, 2582674.218569037970155 ], [ 2511858.133903730660677, 2581839.580161708407104 ], [ 2511858.133903730660677, 2581051.311735650524497 ], [ 2511858.133903730660677, 2581004.942720540799201 ], [ 2511858.133903730660677, 2580170.305279373191297 ], [ 2511858.133903730660677, 2579752.987041870132089 ], [ 2511858.133903730660677, 2579428.404902263078839 ], [ 2511858.133903730660677, 2579382.03685331530869 ], [ 2512275.447803368326277, 2579382.03685331530869 ], [ 2513295.55091595929116, 2579382.03685331530869 ], [ 2513341.919019680935889, 2579382.03685331530869 ], [ 2513527.391434567514807, 2579382.03685331530869 ], [ 2513481.023330845870078, 2578871.980585592798889 ], [ 2513481.023330845870078, 2578593.767461095470935 ], [ 2513481.023330845870078, 2578408.292366818059236 ], [ 2513481.023330845870078, 2578176.449223592411727 ], [ 2513481.023330845870078, 2578083.711193372961134 ], [ 2513481.023330845870078, 2577759.130019927863032 ], [ 2513481.023330845870078, 2577434.54884648276493 ], [ 2513481.023330845870078, 2577202.704737095162272 ], [ 2513481.023330845870078, 2577063.59865792747587 ], [ 2513481.023330845870078, 2577017.229642817750573 ], [ 2513481.023330845870078, 2576599.911405315157026 ], [ 2513481.023330845870078, 2576136.223186540417373 ], [ 2513481.023330845870078, 2575533.429854759946465 ], [ 2513481.023330845870078, 2575347.954760482534766 ], [ 2513481.023330845870078, 2575116.110651094932109 ], [ 2513481.023330845870078, 2574930.63555681752041 ], [ 2513481.023330845870078, 2574652.423398482613266 ], [ 2513481.023330845870078, 2574606.054383372422308 ], [ 2513481.023330845870078, 2574559.686334424652159 ], [ 2513481.023330845870078, 2574513.317319314926863 ], [ 2513481.023330845870078, 2574281.473209927324206 ], [ 2513481.023330845870078, 2574188.736145869828761 ], [ 2513481.023330845870078, 2573956.892036482226104 ], [ 2513481.023330845870078, 2573910.523021372500807 ], [ 2513481.023330845870078, 2573817.785957314539701 ], [ 2513481.023330845870078, 2573678.679878147318959 ], [ 2513481.023330845870078, 2573400.466753649991006 ], [ 2513481.023330845870078, 2573168.623610424343497 ], [ 2513481.023330845870078, 2572890.410485927481204 ], [ 2512553.658357984386384, 2572890.410485927481204 ], [ 2512414.5530806761235, 2572890.410485927481204 ], [ 2511904.502007452305406, 2572890.410485927481204 ], [ 2511858.133903730660677, 2572890.410485927481204 ], [ 2511208.97755319904536, 2572890.410485927481204 ], [ 2510652.558376253116876, 2572890.410485927481204 ], [ 2510235.243510472588241, 2572890.410485927481204 ], [ 2510049.770129443146288, 2572890.410485927481204 ], [ 2509817.929610834922642, 2572890.410485927481204 ], [ 2509446.982848776038736, 2572890.410485927481204 ], [ 2509400.614745054394007, 2572890.410485927481204 ], [ 2509354.246641332749277, 2572936.779501037206501 ], [ 2509307.877571467775851, 2572890.410485927481204 ], [ 2509029.66798299504444, 2572890.410485927481204 ], [ 2508797.826498243957758, 2572890.410485927481204 ], [ 2508705.090290800668299, 2572890.410485927481204 ], [ 2508473.248806049581617, 2572890.410485927481204 ], [ 2508380.512598606292158, 2572890.410485927481204 ], [ 2508055.933940269052982, 2572890.410485927481204 ], [ 2507684.988144352566451, 2572890.410485927481204 ], [ 2507638.620040631387383, 2572890.410485927481204 ], [ 2507499.514763323124498, 2572890.410485927481204 ], [ 2506850.359378934372216, 2572890.410485927481204 ], [ 2506433.044513153843582, 2572890.410485927481204 ], [ 2506293.939235845580697, 2572890.410485927481204 ], [ 2506062.097751094494015, 2572890.410485927481204 ], [ 2505552.046677870675921, 2572890.410485927481204 ], [ 2505273.83708939794451, 2572890.410485927481204 ], [ 2504902.89129348192364, 2572890.410485927481204 ], [ 2504021.89345819875598, 2572890.410485927481204 ], [ 2503511.842384974937886, 2572890.410485927481204 ], [ 2502862.687000586185604, 2572890.410485927481204 ], [ 2502862.687000586185604, 2572658.567342701833695 ], [ 2502862.687000586185604, 2572426.723233314696699 ], [ 2502862.687000586185604, 2572333.985203094780445 ], [ 2502862.687000586185604, 2571963.035980701912194 ], [ 2502862.687000586185604, 2571916.666965592186898 ], [ 2502862.687000586185604, 2571870.29795048199594 ], [ 2502862.687000586185604, 2571823.928935372270644 ], [ 2502816.317930721212178, 2571777.560886424500495 ], [ 2502816.317930721212178, 2571731.191871314309537 ], [ 2502816.317930721212178, 2571684.822856204584241 ], [ 2502862.687000586185604, 2571638.453841094858944 ], [ 2502862.687000586185604, 2571592.085792147088796 ], [ 2502862.687000586185604, 2571267.504618701990694 ], [ 2502862.687000586185604, 2570618.34130564937368 ], [ 2502862.687000586185604, 2570247.39208325650543 ], [ 2502862.687000586185604, 2569922.80994364945218 ], [ 2502862.687000586185604, 2569644.597785314545035 ], [ 2502862.687000586185604, 2569598.228770204354078 ], [ 2502862.687000586185604, 2569551.860721256583929 ], [ 2502862.687000586185604, 2569134.541517591569573 ], [ 2502862.687000586185604, 2568439.010155591648072 ], [ 2502862.687000586185604, 2568299.904076423961669 ], [ 2502862.687000586185604, 2568021.690951926633716 ], [ 2502862.687000586185604, 2567975.322902978863567 ], [ 2502862.687000586185604, 2567233.42252586921677 ], [ 2502862.687000586185604, 2567187.053510759025812 ], [ 2502862.687000586185604, 2566723.366258146241307 ], [ 2502862.687000586185604, 2565239.5664700884372 ], [ 2502862.687000586185604, 2563987.609825256280601 ], [ 2502862.687000586185604, 2563663.028651811182499 ], [ 2502862.687000586185604, 2563616.659636700991541 ], [ 2502862.687000586185604, 2562040.121818423271179 ], [ 2502862.687000586185604, 2560417.214985035825521 ], [ 2502862.687000586185604, 2559999.896747533231974 ], [ 2502862.687000586185604, 2559953.527732423506677 ], [ 2502862.687000586185604, 2559860.790668365545571 ], [ 2502862.687000586185604, 2558794.30911781033501 ], [ 2502862.687000586185604, 2558469.727944365236908 ], [ 2502862.687000586185604, 2557727.827567255590111 ], [ 2502862.687000586185604, 2557217.77129953308031 ], [ 2502862.687000586185604, 2556754.084046920295805 ], [ 2502862.687000586185604, 2556522.239937532693148 ], [ 2502862.687000586185604, 2555594.86446614516899 ], [ 2504485.576427700929344, 2555594.86446614516899 ], [ 2506108.466820959467441, 2555594.86446614516899 ], [ 2507777.72435179585591, 2555594.86446614516899 ], [ 2508565.985013492871076, 2555594.86446614516899 ], [ 2508612.35408335737884, 2555594.86446614516899 ], [ 2510096.139199307654053, 2555594.86446614516899 ], [ 2510142.507303029298782, 2555594.86446614516899 ], [ 2510188.875406750943512, 2555594.86446614516899 ], [ 2510188.875406750943512, 2555548.496417197398841 ], [ 2510235.243510472588241, 2555594.86446614516899 ], [ 2510652.558376253116876, 2555594.86446614516899 ], [ 2510745.294583696406335, 2555594.86446614516899 ], [ 2510838.03175728302449, 2555594.86446614516899 ], [ 2510884.399861004669219, 2555594.86446614516899 ], [ 2511162.609449477400631, 2555594.86446614516899 ], [ 2511811.765800009015948, 2555594.86446614516899 ], [ 2512043.60728476010263, 2555594.86446614516899 ], [ 2512229.079699646681547, 2555594.86446614516899 ], [ 2512553.658357984386384, 2555594.86446614516899 ], [ 2512600.026461706031114, 2555594.86446614516899 ], [ 2513434.655227124225348, 2555594.86446614516899 ], [ 2513434.655227124225348, 2554435.645851532462984 ], [ 2513434.655227124225348, 2553971.958598920144141 ], [ 2513434.655227124225348, 2553925.589583809953183 ], [ 2513527.391434567514807, 2553786.48350464226678 ], [ 2513573.760504432022572, 2553786.48350464226678 ], [ 2513573.760504432022572, 2552488.157844699919224 ], [ 2513573.760504432022572, 2552441.789795752149075 ], [ 2513898.338196626398712, 2552256.314701474737376 ], [ 2513944.706300348043442, 2552209.945686365012079 ], [ 2513991.074404069688171, 2552209.945686365012079 ], [ 2514130.179681377951056, 2552117.207656145095825 ], [ 2513898.338196626398712, 2551560.783339474815875 ], [ 2513805.601989183109254, 2551375.308245196938515 ], [ 2513805.601989183109254, 2551328.939230087213218 ], [ 2513805.601989183109254, 2551282.570214977487922 ], [ 2513805.601989183109254, 2551236.202166029717773 ], [ 2513851.970092904753983, 2551050.727071751840413 ], [ 2513851.970092904753983, 2551004.358056642115116 ], [ 2513759.232919318601489, 2550726.144932144787163 ], [ 2513759.232919318601489, 2550679.776883197017014 ], [ 2513759.232919318601489, 2550633.407868087291718 ], [ 2513759.232919318601489, 2550123.351600364781916 ], [ 2513759.232919318601489, 2549937.876506086904556 ], [ 2513759.232919318601489, 2549103.239064919296652 ], [ 2513759.232919318601489, 2549056.870049809571356 ], [ 2513805.601989183109254, 2549010.501034699846059 ], [ 2513851.970092904753983, 2548964.132985752075911 ], [ 2513851.970092904753983, 2548917.763970641884953 ], [ 2513851.970092904753983, 2548871.394955532159656 ], [ 2513481.023330845870078, 2548825.02594042243436 ], [ 2513434.655227124225348, 2548825.02594042243436 ], [ 2513434.655227124225348, 2548778.65789147419855 ], [ 2513434.655227124225348, 2548268.601623751688749 ], [ 2513434.655227124225348, 2548222.232608641963452 ], [ 2513434.655227124225348, 2548083.126529474277049 ], [ 2513434.655227124225348, 2547433.964182584080845 ], [ 2513434.655227124225348, 2545811.057349196635187 ], [ 2511765.396730144508183, 2545811.057349196635187 ], [ 2511765.396730144508183, 2545764.68833408690989 ], [ 2511765.396730144508183, 2545671.951270028948784 ], [ 2511719.028626422863454, 2545671.951270028948784 ], [ 2511533.555245393421501, 2545532.845190861262381 ], [ 2511487.187141671776772, 2545486.476175751537085 ], [ 2511440.819037950132042, 2545486.476175751537085 ], [ 2511440.819037950132042, 2545440.107160641811788 ], [ 2511440.819037950132042, 2545393.73814553162083 ], [ 2511440.819037950132042, 2545347.370096583850682 ], [ 2511765.396730144508183, 2544790.944813751615584 ], [ 2511811.765800009015948, 2544744.575798641424626 ], [ 2511858.133903730660677, 2544698.20678353169933 ], [ 2511811.765800009015948, 2544651.838734583929181 ], [ 2511811.765800009015948, 2544605.469719474203885 ], [ 2511811.765800009015948, 2544559.100704364012927 ], [ 2511765.396730144508183, 2544559.100704364012927 ], [ 2511765.396730144508183, 2544512.73168925428763 ], [ 2511765.396730144508183, 2544466.363640306517482 ], [ 2511811.765800009015948, 2544419.994625196326524 ], [ 2511811.765800009015948, 2544327.257561138831079 ], [ 2511811.765800009015948, 2543631.726199138909578 ], [ 2511811.765800009015948, 2543538.988168918993324 ], [ 2511765.396730144508183, 2543492.619153809268028 ], [ 2511811.765800009015948, 2543492.619153809268028 ], [ 2511811.765800009015948, 2543446.251104861032218 ], [ 2511811.765800009015948, 2543353.513074641581625 ], [ 2511811.765800009015948, 2543260.776010583620518 ], [ 2511765.396730144508183, 2543260.776010583620518 ], [ 2511719.028626422863454, 2543214.406995473895222 ], [ 2511811.765800009015948, 2543168.037980364169925 ], [ 2511811.765800009015948, 2542982.562886086292565 ], [ 2511765.396730144508183, 2542982.562886086292565 ], [ 2511765.396730144508183, 2542936.194837138522416 ], [ 2511811.765800009015948, 2542565.244648583699018 ], [ 2511811.765800009015948, 2542287.031524086371064 ], [ 2511811.765800009015948, 2542240.663475138600916 ], [ 2511765.396730144508183, 2541962.450350641272962 ], [ 2511765.396730144508183, 2541776.975256363861263 ], [ 2511765.396730144508183, 2541406.025067809037864 ], [ 2511765.396730144508183, 2541359.657018860802054 ], [ 2511765.396730144508183, 2541081.443894363939762 ], [ 2511765.396730144508183, 2541035.075845415703952 ], [ 2511765.396730144508183, 2540988.706830305978656 ], [ 2511765.396730144508183, 2540942.337815196253359 ], [ 2511765.396730144508183, 2540895.968800086062402 ], [ 2511765.396730144508183, 2540849.600751138292253 ], [ 2511719.028626422863454, 2540849.600751138292253 ], [ 2511719.028626422863454, 2540803.231736028566957 ], [ 2511719.028626422863454, 2540756.86272091884166 ], [ 2511719.028626422863454, 2540617.756641751155257 ], [ 2511719.028626422863454, 2540571.387626640964299 ], [ 2511719.028626422863454, 2540525.019577693194151 ], [ 2511672.660522701218724, 2540478.650562583468854 ], [ 2511626.292418979573995, 2540385.9125323635526 ], [ 2511626.292418979573995, 2540339.544483415782452 ], [ 2511626.292418979573995, 2540293.175468306057155 ], [ 2511626.292418979573995, 2540246.806453196331859 ], [ 2511626.292418979573995, 2540200.437438086140901 ], [ 2511672.660522701218724, 2540107.700374028645456 ], [ 2511672.660522701218724, 2540061.331358918454498 ], [ 2511672.660522701218724, 2540014.962343808729202 ], [ 2511719.028626422863454, 2539968.594294860959053 ], [ 2511719.028626422863454, 2539922.225279751233757 ], [ 2511719.028626422863454, 2539829.48821569327265 ], [ 2511719.028626422863454, 2539783.119200583547354 ], [ 2511765.396730144508183, 2539783.119200583547354 ], [ 2511765.396730144508183, 2539736.750185473356396 ], [ 2511765.396730144508183, 2539690.381170363631099 ], [ 2511765.396730144508183, 2539644.013121415860951 ], [ 2511765.396730144508183, 2539597.644106306135654 ], [ 2511765.396730144508183, 2539504.9060760862194 ], [ 2511765.396730144508183, 2539458.538027138449252 ], [ 2511765.396730144508183, 2539412.169012028258294 ], [ 2511765.396730144508183, 2539365.799996918532997 ], [ 2511765.396730144508183, 2539273.062932861037552 ], [ 2511811.765800009015948, 2539273.062932861037552 ], [ 2511765.396730144508183, 2539226.693917750846595 ], [ 2511765.396730144508183, 2539180.324902641121298 ], [ 2511765.396730144508183, 2539087.587838583160192 ], [ 2511765.396730144508183, 2538994.849808363709599 ], [ 2511811.765800009015948, 2538809.374714086297899 ], [ 2511811.765800009015948, 2538623.900585970841348 ], [ 2511811.765800009015948, 2538531.162555750925094 ], [ 2511811.765800009015948, 2538484.793540641199797 ], [ 2511811.765800009015948, 2538438.425491692963988 ], [ 2511811.765800009015948, 2538345.687461473513395 ], [ 2511811.765800009015948, 2538206.581382305826992 ], [ 2511811.765800009015948, 2538067.475303138140589 ], [ 2511811.765800009015948, 2538021.106288028415293 ], [ 2511811.765800009015948, 2537974.737272918224335 ], [ 2511811.765800009015948, 2537928.369223970454186 ], [ 2511811.765800009015948, 2537882.00020886072889 ], [ 2511811.765800009015948, 2537835.631193751003593 ], [ 2511811.765800009015948, 2537789.262178640812635 ], [ 2511811.765800009015948, 2537742.894129693042487 ], [ 2511811.765800009015948, 2537696.52511458331719 ], [ 2511811.765800009015948, 2537650.156099473126233 ], [ 2511765.396730144508183, 2537650.156099473126233 ], [ 2511765.396730144508183, 2537603.787084363400936 ], [ 2511765.396730144508183, 2537557.419035415630788 ], [ 2511765.396730144508183, 2537511.050020305905491 ], [ 2511765.396730144508183, 2537464.681005195714533 ], [ 2511765.396730144508183, 2537418.311990085989237 ], [ 2511765.396730144508183, 2537371.943941138219088 ], [ 2511765.396730144508183, 2537325.574926028028131 ], [ 2511765.396730144508183, 2537279.205910918302834 ], [ 2511765.396730144508183, 2537232.837861970532686 ], [ 2511765.396730144508183, 2537186.468846860807389 ], [ 2511765.396730144508183, 2537140.099831750616431 ], [ 2511765.396730144508183, 2537093.730816640891135 ], [ 2511765.396730144508183, 2537047.362767693120986 ], [ 2511765.396730144508183, 2537000.993752582930028 ], [ 2511765.396730144508183, 2536954.624737473204732 ], [ 2511765.396730144508183, 2536908.255722363479435 ], [ 2511765.396730144508183, 2536815.518658305518329 ], [ 2511765.396730144508183, 2536769.149643195793033 ], [ 2511765.396730144508183, 2536676.412579137831926 ], [ 2511765.396730144508183, 2536630.04356402810663 ], [ 2511765.396730144508183, 2536537.306499970611185 ], [ 2511765.396730144508183, 2536444.568469750694931 ], [ 2511765.396730144508183, 2536398.199454640969634 ], [ 2511765.396730144508183, 2536305.462390583008528 ], [ 2511765.396730144508183, 2536027.250232247635722 ], [ 2511487.187141671776772, 2536027.250232247635722 ], [ 2511301.714726785197854, 2536027.250232247635722 ], [ 2511255.345656920690089, 2536027.250232247635722 ], [ 2511208.97755319904536, 2536027.250232247635722 ], [ 2511162.609449477400631, 2535980.881217137910426 ], [ 2510559.822168809827417, 2535980.881217137910426 ], [ 2509957.03392199985683, 2536027.250232247635722 ], [ 2509446.982848776038736, 2536027.250232247635722 ], [ 2508751.458394522313029, 2536027.250232247635722 ], [ 2508519.616909771226346, 2536027.250232247635722 ], [ 2507870.461525382474065, 2536027.250232247635722 ], [ 2507824.093421660829335, 2536027.250232247635722 ], [ 2507777.72435179585591, 2536027.250232247635722 ], [ 2507731.35624807421118, 2536027.250232247635722 ], [ 2507731.35624807421118, 2536073.618281195871532 ], [ 2507684.988144352566451, 2536073.618281195871532 ], [ 2507592.251936909742653, 2536119.987296305596828 ], [ 2507499.514763323124498, 2536212.724360363092273 ], [ 2507035.831793820951134, 2536537.306499970611185 ], [ 2506943.095586377661675, 2536583.674548918381333 ], [ 2506850.359378934372216, 2536676.412579137831926 ], [ 2506711.254101626574993, 2536769.149643195793033 ], [ 2506433.044513153843582, 2536954.624737473204732 ], [ 2506386.676409432198852, 2537000.993752582930028 ], [ 2506340.308305710554123, 2537000.993752582930028 ], [ 2506247.571132123935968, 2537047.362767693120986 ], [ 2506201.2030284027569, 2537093.730816640891135 ], [ 2506108.466820959467441, 2537186.468846860807389 ], [ 2506062.097751094494015, 2537186.468846860807389 ], [ 2506015.729647372849286, 2537232.837861970532686 ], [ 2505969.361543651204556, 2537279.205910918302834 ], [ 2505876.625336207915097, 2537325.574926028028131 ], [ 2505830.256266343407333, 2537371.943941138219088 ], [ 2505737.520058900117874, 2537418.311990085989237 ], [ 2505737.520058900117874, 2537464.681005195714533 ], [ 2505691.151955178473145, 2537464.681005195714533 ], [ 2505644.783851456828415, 2537464.681005195714533 ], [ 2505598.415747735183686, 2537511.050020305905491 ], [ 2505552.046677870675921, 2537557.419035415630788 ], [ 2505552.046677870675921, 2537603.787084363400936 ], [ 2505505.678574149031192, 2537603.787084363400936 ], [ 2505459.310470427386463, 2537650.156099473126233 ], [ 2505412.942366705741733, 2537696.52511458331719 ], [ 2505366.574262984097004, 2537696.52511458331719 ], [ 2505320.205193119589239, 2537742.894129693042487 ], [ 2505273.83708939794451, 2537742.894129693042487 ], [ 2505227.468985676299781, 2537789.262178640812635 ], [ 2505181.100881954655051, 2537835.631193751003593 ], [ 2505134.732778233010322, 2537835.631193751003593 ], [ 2505134.732778233010322, 2537882.00020886072889 ], [ 2505041.995604646857828, 2537928.369223970454186 ], [ 2504995.627500925213099, 2537974.737272918224335 ], [ 2504949.259397203568369, 2537974.737272918224335 ], [ 2504902.89129348192364, 2538021.106288028415293 ], [ 2504902.89129348192364, 2538067.475303138140589 ], [ 2504856.52318976027891, 2538067.475303138140589 ], [ 2504856.52318976027891, 2538113.843352085910738 ], [ 2504856.52318976027891, 2538160.212367196101695 ], [ 2504856.52318976027891, 2538206.581382305826992 ], [ 2504856.52318976027891, 2538299.318446363322437 ], [ 2504856.52318976027891, 2538345.687461473513395 ], [ 2504856.52318976027891, 2538392.056476583238691 ], [ 2504810.154119895771146, 2538438.425491692963988 ], [ 2504763.786016174126416, 2538484.793540641199797 ], [ 2504763.786016174126416, 2538531.162555750925094 ], [ 2504717.417912452481687, 2538531.162555750925094 ], [ 2504671.049808730836958, 2538577.53157086065039 ], [ 2504624.681705009192228, 2538577.53157086065039 ], [ 2504578.312635144218802, 2538623.900585970841348 ], [ 2504531.944531422574073, 2538623.900585970841348 ], [ 2504531.944531422574073, 2538670.268634918611497 ], [ 2504485.576427700929344, 2538670.268634918611497 ], [ 2504439.208323979284614, 2538716.637650028336793 ], [ 2504392.840220258105546, 2538763.00666513806209 ], [ 2504392.840220258105546, 2538809.374714086297899 ], [ 2504346.47115039313212, 2538809.374714086297899 ], [ 2504346.47115039313212, 2538855.743729196023196 ], [ 2504300.103046671487391, 2538855.743729196023196 ], [ 2504253.734942949842662, 2538855.743729196023196 ], [ 2504253.734942949842662, 2538809.374714086297899 ], [ 2504207.366839228197932, 2538809.374714086297899 ], [ 2504160.998735506553203, 2538809.374714086297899 ], [ 2504160.998735506553203, 2538763.00666513806209 ], [ 2504114.630631784908473, 2538763.00666513806209 ], [ 2504114.630631784908473, 2538716.637650028336793 ], [ 2504068.261561920400709, 2538670.268634918611497 ], [ 2504021.89345819875598, 2538670.268634918611497 ], [ 2503975.52535447711125, 2538670.268634918611497 ], [ 2503929.157250755466521, 2538670.268634918611497 ], [ 2503929.157250755466521, 2538623.900585970841348 ], [ 2503882.789147033821791, 2538623.900585970841348 ], [ 2503836.420077169314027, 2538623.900585970841348 ], [ 2503836.420077169314027, 2538670.268634918611497 ], [ 2503790.051973447669297, 2538716.637650028336793 ], [ 2503790.051973447669297, 2538763.00666513806209 ], [ 2503743.683869726024568, 2538763.00666513806209 ], [ 2503697.315766004379839, 2538809.374714086297899 ], [ 2503697.315766004379839, 2538763.00666513806209 ], [ 2503650.947662282735109, 2538763.00666513806209 ], [ 2503650.947662282735109, 2538716.637650028336793 ], [ 2503650.947662282735109, 2538670.268634918611497 ], [ 2503650.947662282735109, 2538623.900585970841348 ], [ 2503604.57955856109038, 2538577.53157086065039 ], [ 2503604.57955856109038, 2538531.162555750925094 ], [ 2503650.947662282735109, 2538484.793540641199797 ], [ 2503650.947662282735109, 2538438.425491692963988 ], [ 2503650.947662282735109, 2538392.056476583238691 ], [ 2503697.315766004379839, 2538392.056476583238691 ], [ 2503650.947662282735109, 2538345.687461473513395 ], [ 2503650.947662282735109, 2538299.318446363322437 ], [ 2503650.947662282735109, 2538252.950397415552288 ], [ 2503604.57955856109038, 2538206.581382305826992 ], [ 2503604.57955856109038, 2538160.212367196101695 ], [ 2503650.947662282735109, 2538160.212367196101695 ], [ 2503650.947662282735109, 2538113.843352085910738 ], [ 2503650.947662282735109, 2538067.475303138140589 ], [ 2503650.947662282735109, 2538021.106288028415293 ], [ 2503650.947662282735109, 2537974.737272918224335 ], [ 2503650.947662282735109, 2537928.369223970454186 ], [ 2503650.947662282735109, 2537882.00020886072889 ], [ 2503650.947662282735109, 2537835.631193751003593 ], [ 2503650.947662282735109, 2537789.262178640812635 ], [ 2503650.947662282735109, 2537742.894129693042487 ], [ 2503650.947662282735109, 2537696.52511458331719 ], [ 2503604.57955856109038, 2537650.156099473126233 ], [ 2503604.57955856109038, 2537603.787084363400936 ], [ 2503604.57955856109038, 2537557.419035415630788 ], [ 2503604.57955856109038, 2537511.050020305905491 ], [ 2503558.210488696582615, 2537464.681005195714533 ], [ 2503558.210488696582615, 2537418.311990085989237 ], [ 2503558.210488696582615, 2537371.943941138219088 ], [ 2503558.210488696582615, 2537325.574926028028131 ], [ 2503511.842384974937886, 2537279.205910918302834 ], [ 2503511.842384974937886, 2537186.468846860807389 ], [ 2503511.842384974937886, 2537093.730816640891135 ], [ 2503465.474281253293157, 2537000.993752582930028 ], [ 2503465.474281253293157, 2536861.887673415709287 ], [ 2503419.106177531648427, 2536769.149643195793033 ], [ 2503372.738073810003698, 2536630.04356402810663 ], [ 2503372.738073810003698, 2536583.674548918381333 ], [ 2503372.738073810003698, 2536537.306499970611185 ], [ 2503326.369003945495933, 2536537.306499970611185 ], [ 2503326.369003945495933, 2536490.937484860420227 ], [ 2503326.369003945495933, 2536444.568469750694931 ], [ 2503326.369003945495933, 2536398.199454640969634 ], [ 2503372.738073810003698, 2536398.199454640969634 ], [ 2503419.106177531648427, 2536351.831405692733824 ], [ 2503465.474281253293157, 2536351.831405692733824 ], [ 2503511.842384974937886, 2536351.831405692733824 ], [ 2503558.210488696582615, 2536351.831405692733824 ], [ 2503604.57955856109038, 2536351.831405692733824 ], [ 2503650.947662282735109, 2536398.199454640969634 ], [ 2503697.315766004379839, 2536398.199454640969634 ], [ 2503743.683869726024568, 2536398.199454640969634 ], [ 2503790.051973447669297, 2536351.831405692733824 ], [ 2503790.051973447669297, 2536305.462390583008528 ], [ 2503790.051973447669297, 2536212.724360363092273 ], [ 2503743.683869726024568, 2536119.987296305596828 ], [ 2503743.683869726024568, 2536027.250232247635722 ], [ 2503790.051973447669297, 2535980.881217137910426 ], [ 2503790.051973447669297, 2535934.512202028185129 ], [ 2503790.051973447669297, 2535888.143186917994171 ], [ 2503790.051973447669297, 2535795.406122860498726 ], [ 2503790.051973447669297, 2535749.03710775077343 ], [ 2503790.051973447669297, 2535702.668092640582472 ], [ 2503790.051973447669297, 2535656.300043692812324 ], [ 2503790.051973447669297, 2535609.931028583087027 ], [ 2503790.051973447669297, 2535563.562013473361731 ], [ 2503790.051973447669297, 2535517.193964525125921 ], [ 2503790.051973447669297, 2535470.824949415400624 ], [ 2503790.051973447669297, 2535424.455934305675328 ], [ 2503790.051973447669297, 2535378.08691919548437 ], [ 2503790.051973447669297, 2535331.718870247714221 ], [ 2503790.051973447669297, 2535285.349855137988925 ], [ 2503836.420077169314027, 2535285.349855137988925 ], [ 2503419.106177531648427, 2535285.349855137988925 ], [ 2502167.162546332459897, 2535285.349855137988925 ], [ 2501842.583887995220721, 2535285.349855137988925 ], [ 2501518.00619580084458, 2535888.143186917994171 ], [ 2501518.00619580084458, 2535934.512202028185129 ], [ 2501518.00619580084458, 2535980.881217137910426 ], [ 2501518.00619580084458, 2536027.250232247635722 ], [ 2501471.638092079199851, 2536027.250232247635722 ], [ 2501471.638092079199851, 2536073.618281195871532 ], [ 2501471.638092079199851, 2536166.356311415322125 ], [ 2501518.00619580084458, 2536259.093375473283231 ], [ 2501518.00619580084458, 2536630.04356402810663 ], [ 2501564.374299522489309, 2536769.149643195793033 ], [ 2501518.00619580084458, 2536769.149643195793033 ], [ 2501193.428503606002778, 2536351.831405692733824 ], [ 2501193.428503606002778, 2536305.462390583008528 ], [ 2501147.06039988482371, 2536259.093375473283231 ], [ 2501054.323226298205554, 2536212.724360363092273 ], [ 2501007.955122576560825, 2536166.356311415322125 ], [ 2500961.587018854916096, 2536119.987296305596828 ], [ 2500868.849845268763602, 2536027.250232247635722 ], [ 2500822.481741547118872, 2535980.881217137910426 ], [ 2500776.113637825474143, 2535934.512202028185129 ], [ 2500683.377430382184684, 2535841.775137970224023 ], [ 2500312.430668323300779, 2535331.718870247714221 ], [ 2500126.957287293858826, 2535099.874760860577226 ], [ 2500034.221079850569367, 2535007.136730640660971 ], [ 2499987.852976128924638, 2534960.768681692890823 ], [ 2499941.484872407279909, 2534868.030651472974569 ], [ 2499848.747698820661753, 2534821.66260252520442 ], [ 2499802.379595099017024, 2534775.293587415479124 ], [ 2499756.011491377372295, 2534682.555557195562869 ], [ 2499663.275283934548497, 2534589.818493138067424 ], [ 2499570.538110347930342, 2534497.08046291815117 ], [ 2499524.170006626285613, 2534404.343398860190064 ], [ 2499477.801902904640883, 2534357.974383750464767 ], [ 2499385.065695461351424, 2534265.237319692969322 ], [ 2499338.69662559684366, 2534172.499289473053068 ], [ 2499292.328521875198931, 2534126.131240525282919 ], [ 2499292.328521875198931, 2534079.762225415091962 ], [ 2499245.960418153554201, 2534079.762225415091962 ], [ 2499199.592314431909472, 2533987.024195195641369 ], [ 2499106.855140845756978, 2533894.287131137680262 ], [ 2499014.118933402467519, 2533801.549100918229669 ], [ 2498921.38272595917806, 2533708.812036860268563 ], [ 2498875.013656094670296, 2533662.443021750543267 ], [ 2498875.013656094670296, 2533616.074972802773118 ], [ 2498828.645552373025566, 2533569.70595769258216 ], [ 2498782.277448651380837, 2533523.336942582856864 ], [ 2498689.541241208091378, 2533476.967927473131567 ], [ 2498689.541241208091378, 2533430.599878524895757 ], [ 2498596.804067621938884, 2533337.861848305445164 ], [ 2494562.763585551641881, 2533337.861848305445164 ], [ 2493959.976304884534329, 2533337.861848305445164 ], [ 2493959.976304884534329, 2532642.330486305058002 ], [ 2493959.976304884534329, 2532549.593422247562557 ], [ 2493959.976304884534329, 2530555.7364003052935 ], [ 2493959.976304884534329, 2530323.893257079645991 ], [ 2493913.607235020026565, 2529350.148770582396537 ], [ 2493913.607235020026565, 2529303.779755472671241 ], [ 2493913.607235020026565, 2529257.411706524901092 ], [ 2493913.607235020026565, 2528608.248393472284079 ], [ 2493913.607235020026565, 2528515.511329414788634 ], [ 2493913.607235020026565, 2527959.086046582087874 ], [ 2489879.566752949729562, 2527773.610952304676175 ], [ 2489833.198649228084832, 2527773.610952304676175 ], [ 2488859.464606502093375, 2527727.242903356906027 ], [ 2488720.360295337159187, 2527727.242903356906027 ], [ 2488673.991225472185761, 2527727.242903356906027 ], [ 2487932.098667497280985, 2527680.87388824718073 ], [ 2486772.892209884244949, 2527634.504873136989772 ], [ 2486726.524106163065881, 2527634.504873136989772 ], [ 2486262.841136660426855, 2527634.504873136989772 ], [ 2485613.684786128811538, 2527634.504873136989772 ], [ 2484593.58263968070969, 2527634.504873136989772 ], [ 2483341.639008481521159, 2527634.504873136989772 ], [ 2482367.904965755529702, 2527634.504873136989772 ], [ 2481950.590099974535406, 2527634.504873136989772 ], [ 2481672.380511501803994, 2527634.504873136989772 ], [ 2481626.012407780159265, 2527634.504873136989772 ], [ 2481301.434715585783124, 2527634.504873136989772 ], [ 2481255.065645721275359, 2527634.504873136989772 ], [ 2481162.329438277985901, 2527634.504873136989772 ], [ 2481115.961334556341171, 2527634.504873136989772 ], [ 2481069.593230834696442, 2527634.504873136989772 ], [ 2481023.225127113051713, 2527634.504873136989772 ], [ 2480930.487953526899219, 2527634.504873136989772 ], [ 2480884.119849805254489, 2527634.504873136989772 ], [ 2480791.38364236196503, 2527634.504873136989772 ], [ 2480466.804984024260193, 2527634.504873136989772 ], [ 2479910.38580707879737, 2527634.504873136989772 ], [ 2479632.176218606065959, 2527588.135858027264476 ], [ 2479585.808114884421229, 2527588.135858027264476 ], [ 2479539.439045019913465, 2527588.135858027264476 ], [ 2479493.070941298268735, 2527588.135858027264476 ], [ 2479493.070941298268735, 2527634.504873136989772 ], [ 2479539.439045019913465, 2527634.504873136989772 ], [ 2479539.439045019913465, 2527680.87388824718073 ], [ 2479539.439045019913465, 2527727.242903356906027 ], [ 2479585.808114884421229, 2527773.610952304676175 ], [ 2479632.176218606065959, 2527819.979967414867133 ], [ 2479585.808114884421229, 2527819.979967414867133 ], [ 2479539.439045019913465, 2527819.979967414867133 ], [ 2479539.439045019913465, 2527773.610952304676175 ], [ 2479493.070941298268735, 2527773.610952304676175 ], [ 2479539.439045019913465, 2527819.979967414867133 ], [ 2479493.070941298268735, 2527819.979967414867133 ], [ 2479446.702837576624006, 2527866.348982524592429 ], [ 2479400.334733854979277, 2527866.348982524592429 ], [ 2479168.493249103892595, 2528005.455061692278832 ], [ 2479122.125145382247865, 2527959.086046582087874 ], [ 2478936.651764352340251, 2527819.979967414867133 ], [ 2478890.283660630695522, 2527819.979967414867133 ], [ 2478843.915556909050792, 2527773.610952304676175 ], [ 2478797.546487044543028, 2527727.242903356906027 ], [ 2478751.178383322898299, 2527727.242903356906027 ], [ 2478704.810279601253569, 2527727.242903356906027 ], [ 2478658.44217587960884, 2527727.242903356906027 ], [ 2478380.232587406877428, 2527680.87388824718073 ], [ 2478333.864483685232699, 2527680.87388824718073 ], [ 2478333.864483685232699, 2527727.242903356906027 ], [ 2478287.495413820724934, 2527680.87388824718073 ], [ 2478241.127310099080205, 2527634.504873136989772 ], [ 2478194.759206377435476, 2527588.135858027264476 ], [ 2478148.391102655790746, 2527541.767809079494327 ], [ 2478102.022998934146017, 2527541.767809079494327 ], [ 2478102.022998934146017, 2527495.398793969769031 ], [ 2478055.653929069638252, 2527495.398793969769031 ], [ 2478055.653929069638252, 2527449.029778859578073 ], [ 2478009.285825347993523, 2527449.029778859578073 ], [ 2478009.285825347993523, 2527402.660763749852777 ], [ 2477962.917721626348794, 2527402.660763749852777 ], [ 2477916.549617904704064, 2527356.292714802082628 ], [ 2477870.181514183059335, 2527309.92369969189167 ], [ 2477870.181514183059335, 2527263.554684582166374 ], [ 2477823.813410461414605, 2527263.554684582166374 ], [ 2477823.813410461414605, 2527217.186635634396225 ], [ 2477823.813410461414605, 2527170.817620524670929 ], [ 2477777.44434059644118, 2527124.448605414479971 ], [ 2477731.076236875262111, 2526892.604496027342975 ], [ 2477499.234752123709768, 2526938.973511137068272 ], [ 2477267.393267372623086, 2526985.342526246793568 ], [ 2477128.288956207688898, 2527031.711541356984526 ], [ 2476989.183678899891675, 2527031.711541356984526 ], [ 2476896.447471456602216, 2527078.079590304754674 ], [ 2476850.079367734957486, 2527078.079590304754674 ], [ 2476850.079367734957486, 2527031.711541356984526 ], [ 2476803.710297870449722, 2527031.711541356984526 ], [ 2476757.342194148804992, 2526985.342526246793568 ], [ 2476710.974090427160263, 2526938.973511137068272 ], [ 2476664.605986705515534, 2526892.604496027342975 ], [ 2476618.237882983870804, 2526892.604496027342975 ], [ 2476571.86881311936304, 2526846.236447079572827 ], [ 2476479.132605676073581, 2526799.867431969381869 ], [ 2476386.396398232784122, 2526753.498416859656572 ], [ 2476293.659224646631628, 2526753.498416859656572 ], [ 2476247.291120924986899, 2526753.498416859656572 ], [ 2476200.92301720334217, 2526753.498416859656572 ], [ 2476108.186809760052711, 2526753.498416859656572 ], [ 2476061.817739895079285, 2526753.498416859656572 ], [ 2475969.081532451789826, 2526753.498416859656572 ], [ 2475922.713428730610758, 2526799.867431969381869 ], [ 2475876.345325008966029, 2526799.867431969381869 ], [ 2475829.977221287321299, 2526799.867431969381869 ], [ 2475783.608151422347873, 2526799.867431969381869 ], [ 2475783.608151422347873, 2526753.498416859656572 ], [ 2475737.240047700703144, 2526707.129401749931276 ], [ 2475644.503840257413685, 2526660.761352801695466 ], [ 2475598.135736535768956, 2526614.39233769197017 ], [ 2475319.925181920174509, 2526521.655273634474725 ], [ 2475273.55707819852978, 2526475.286258524283767 ], [ 2475227.188974476885051, 2526475.286258524283767 ], [ 2475180.820870755240321, 2526475.286258524283767 ], [ 2475134.452767033595592, 2526475.286258524283767 ] ] } },
{ "type": "Feature", "properties": { }, "geometry": { "type": "LineString", "coordinates": [ [ 2475134.452767033595592, 2526475.286258524283767 ], [ 2475180.820870755240321, 2526475.286258524283767 ], [ 2475227.188974476885051, 2526475.286258524283767 ], [ 2475273.55707819852978, 2526475.286258524283767 ], [ 2475319.925181920174509, 2526521.655273634474725 ], [ 2475598.135736535768956, 2526614.39233769197017 ], [ 2475644.503840257413685, 2526660.761352801695466 ], [ 2475737.240047700703144, 2526707.129401749931276 ], [ 2475783.608151422347873, 2526753.498416859656572 ], [ 2475783.608151422347873, 2526799.867431969381869 ], [ 2475829.977221287321299, 2526799.867431969381869 ], [ 2475876.345325008966029, 2526799.867431969381869 ], [ 2475922.713428730610758, 2526799.867431969381869 ], [ 2475969.081532451789826, 2526753.498416859656572 ], [ 2476061.817739895079285, 2526753.498416859656572 ], [ 2476108.186809760052711, 2526753.498416859656572 ], [ 2476200.92301720334217, 2526753.498416859656572 ], [ 2476247.291120924986899, 2526753.498416859656572 ], [ 2476293.659224646631628, 2526753.498416859656572 ], [ 2476386.396398232784122, 2526753.498416859656572 ], [ 2476479.132605676073581, 2526799.867431969381869 ], [ 2476571.86881311936304, 2526846.236447079572827 ], [ 2476618.237882983870804, 2526892.604496027342975 ], [ 2476664.605986705515534, 2526892.604496027342975 ], [ 2476710.974090427160263, 2526938.973511137068272 ], [ 2476757.342194148804992, 2526985.342526246793568 ], [ 2476803.710297870449722, 2527031.711541356984526 ], [ 2476850.079367734957486, 2527031.711541356984526 ], [ 2476850.079367734957486, 2527078.079590304754674 ], [ 2476896.447471456602216, 2527078.079590304754674 ], [ 2476989.183678899891675, 2527031.711541356984526 ], [ 2477128.288956207688898, 2527031.711541356984526 ], [ 2477267.393267372623086, 2526985.342526246793568 ], [ 2477499.234752123709768, 2526938.973511137068272 ], [ 2477731.076236875262111, 2526892.604496027342975 ], [ 2477777.44434059644118, 2527124.448605414479971 ], [ 2477823.813410461414605, 2527170.817620524670929 ], [ 2477823.813410461414605, 2527217.186635634396225 ], [ 2477823.813410461414605, 2527263.554684582166374 ], [ 2477870.181514183059335, 2527263.554684582166374 ], [ 2477870.181514183059335, 2527309.92369969189167 ], [ 2477916.549617904704064, 2527356.292714802082628 ], [ 2477962.917721626348794, 2527402.660763749852777 ], [ 2478009.285825347993523, 2527402.660763749852777 ], [ 2478009.285825347993523, 2527449.029778859578073 ], [ 2478055.653929069638252, 2527449.029778859578073 ], [ 2478055.653929069638252, 2527495.398793969769031 ], [ 2478102.022998934146017, 2527495.398793969769031 ], [ 2478102.022998934146017, 2527541.767809079494327 ], [ 2478148.391102655790746, 2527541.767809079494327 ], [ 2478194.759206377435476, 2527588.135858027264476 ], [ 2478241.127310099080205, 2527634.504873136989772 ], [ 2478287.495413820724934, 2527680.87388824718073 ], [ 2478333.864483685232699, 2527727.242903356906027 ], [ 2478333.864483685232699, 2527680.87388824718073 ], [ 2478380.232587406877428, 2527680.87388824718073 ], [ 2478658.44217587960884, 2527727.242903356906027 ], [ 2478704.810279601253569, 2527727.242903356906027 ], [ 2478751.178383322898299, 2527727.242903356906027 ], [ 2478797.546487044543028, 2527727.242903356906027 ], [ 2478843.915556909050792, 2527773.610952304676175 ], [ 2478890.283660630695522, 2527819.979967414867133 ], [ 2478936.651764352340251, 2527819.979967414867133 ], [ 2479122.125145382247865, 2527959.086046582087874 ], [ 2479168.493249103892595, 2528005.455061692278832 ], [ 2479400.334733854979277, 2527866.348982524592429 ], [ 2479446.702837576624006, 2527866.348982524592429 ], [ 2479493.070941298268735, 2527819.979967414867133 ], [ 2479539.439045019913465, 2527819.979967414867133 ], [ 2479493.070941298268735, 2527773.610952304676175 ], [ 2479539.439045019913465, 2527773.610952304676175 ], [ 2479539.439045019913465, 2527819.979967414867133 ], [ 2479585.808114884421229, 2527819.979967414867133 ], [ 2479632.176218606065959, 2527819.979967414867133 ], [ 2479585.808114884421229, 2527773.610952304676175 ], [ 2479539.439045019913465, 2527727.242903356906027 ], [ 2479539.439045019913465, 2527680.87388824718073 ], [ 2479539.439045019913465, 2527634.504873136989772 ], [ 2479493.070941298268735, 2527634.504873136989772 ], [ 2479493.070941298268735, 2527588.135858027264476 ], [ 2479539.439045019913465, 2527588.135858027264476 ], [ 2479585.808114884421229, 2527588.135858027264476 ], [ 2479632.176218606065959, 2527588.135858027264476 ], [ 2479910.38580707879737, 2527634.504873136989772 ], [ 2480466.804984024260193, 2527634.504873136989772 ], [ 2480791.38364236196503, 2527634.504873136989772 ], [ 2480884.119849805254489, 2527634.504873136989772 ], [ 2480930.487953526899219, 2527634.504873136989772 ], [ 2481023.225127113051713, 2527634.504873136989772 ], [ 2481069.593230834696442, 2527634.504873136989772 ], [ 2481115.961334556341171, 2527634.504873136989772 ], [ 2481162.329438277985901, 2527634.504873136989772 ], [ 2481255.065645721275359, 2527634.504873136989772 ], [ 2481301.434715585783124, 2527634.504873136989772 ], [ 2481626.012407780159265, 2527634.504873136989772 ], [ 2481672.380511501803994, 2527634.504873136989772 ], [ 2481672.380511501803994, 2527588.135858027264476 ], [ 2481672.380511501803994, 2527541.767809079494327 ], [ 2481672.380511501803994, 2527495.398793969769031 ], [ 2481672.380511501803994, 2527449.029778859578073 ], [ 2481672.380511501803994, 2527402.660763749852777 ], [ 2481672.380511501803994, 2527309.92369969189167 ], [ 2481672.380511501803994, 2527263.554684582166374 ], [ 2481626.012407780159265, 2527217.186635634396225 ], [ 2481533.276200336869806, 2527124.448605414479971 ], [ 2481486.907130472362041, 2527078.079590304754674 ], [ 2481486.907130472362041, 2527031.711541356984526 ], [ 2481486.907130472362041, 2526985.342526246793568 ], [ 2481533.276200336869806, 2526985.342526246793568 ], [ 2481533.276200336869806, 2526938.973511137068272 ], [ 2481626.012407780159265, 2526892.604496027342975 ], [ 2481672.380511501803994, 2526846.236447079572827 ], [ 2481672.380511501803994, 2526475.286258524283767 ] ] } },
{ "type": "Feature", "properties": { }, "geometry": { "type": "LineString", "coordinates": [ [ 2566433.604535552673042, 2562457.441022088285536 ], [ 2566479.97263927385211, 2562457.441022088285536 ], [ 2566479.97263927385211, 2562411.072006978560239 ], [ 2566526.340742995496839, 2562411.072006978560239 ], [ 2566572.708846717141569, 2562411.072006978560239 ], [ 2566572.708846717141569, 2562457.441022088285536 ], [ 2566619.076950438786298, 2562457.441022088285536 ], [ 2566665.446020303759724, 2562457.441022088285536 ], [ 2566665.446020303759724, 2562503.809071036055684 ], [ 2566665.446020303759724, 2562550.178086146246642 ], [ 2566711.814124025404453, 2562550.178086146246642 ], [ 2566758.182227747049183, 2562550.178086146246642 ], [ 2566804.550331468693912, 2562550.178086146246642 ], [ 2566850.91843518987298, 2562503.809071036055684 ], [ 2566897.287505054846406, 2562503.809071036055684 ], [ 2566943.655608776491135, 2562503.809071036055684 ], [ 2566943.655608776491135, 2562550.178086146246642 ], [ 2566943.655608776491135, 2562596.547101255971938 ], [ 2566990.023712498135865, 2562596.547101255971938 ], [ 2566990.023712498135865, 2562550.178086146246642 ], [ 2567036.391816219780594, 2562550.178086146246642 ], [ 2567036.391816219780594, 2562503.809071036055684 ], [ 2567082.759919941425323, 2562503.809071036055684 ], [ 2567082.759919941425323, 2562457.441022088285536 ], [ 2567129.128023663070053, 2562457.441022088285536 ], [ 2567129.128023663070053, 2562503.809071036055684 ], [ 2567129.128023663070053, 2562457.441022088285536 ], [ 2567175.497093527577817, 2562457.441022088285536 ], [ 2567221.865197249222547, 2562457.441022088285536 ], [ 2567221.865197249222547, 2562411.072006978560239 ], [ 2567268.233300970867276, 2562411.072006978560239 ], [ 2567268.233300970867276, 2562364.702991868369281 ], [ 2567314.601404692512006, 2562364.702991868369281 ], [ 2567360.969508414156735, 2562364.702991868369281 ], [ 2567360.969508414156735, 2562411.072006978560239 ], [ 2567407.3385782786645, 2562411.072006978560239 ], [ 2567407.3385782786645, 2562364.702991868369281 ], [ 2567453.706682000309229, 2562364.702991868369281 ], [ 2567453.706682000309229, 2562318.333976758643985 ], [ 2567500.074785721953958, 2562318.333976758643985 ], [ 2567546.442889443598688, 2562318.333976758643985 ], [ 2567592.810993165243417, 2562318.333976758643985 ], [ 2567592.810993165243417, 2562364.702991868369281 ], [ 2567639.179096886888146, 2562364.702991868369281 ], [ 2567685.548166751395911, 2562411.072006978560239 ], [ 2567731.91627047304064, 2562411.072006978560239 ], [ 2567778.28437419468537, 2562411.072006978560239 ], [ 2567824.652477916330099, 2562411.072006978560239 ], [ 2567871.020581637974828, 2562411.072006978560239 ], [ 2567917.389651502482593, 2562411.072006978560239 ], [ 2567917.389651502482593, 2562457.441022088285536 ], [ 2567963.757755224127322, 2562457.441022088285536 ], [ 2567963.757755224127322, 2562411.072006978560239 ], [ 2568010.125858945772052, 2562411.072006978560239 ], [ 2568010.125858945772052, 2562364.702991868369281 ], [ 2568056.493962667416781, 2562364.702991868369281 ], [ 2568102.862066389061511, 2562364.702991868369281 ], [ 2568149.231136254034936, 2562364.702991868369281 ], [ 2568195.599239975679666, 2562364.702991868369281 ], [ 2568195.599239975679666, 2562318.333976758643985 ], [ 2568241.967343697324395, 2562318.333976758643985 ], [ 2568241.967343697324395, 2562271.965927810873836 ], [ 2568288.335447418503463, 2562271.965927810873836 ], [ 2568334.703551140148193, 2562271.965927810873836 ], [ 2568381.071654861792922, 2562271.965927810873836 ], [ 2568381.071654861792922, 2562318.333976758643985 ], [ 2568427.440724726766348, 2562318.333976758643985 ], [ 2568473.808828448411077, 2562318.333976758643985 ], [ 2568520.176932170055807, 2562318.333976758643985 ], [ 2568520.176932170055807, 2562271.965927810873836 ], [ 2568566.545035891700536, 2562271.965927810873836 ], [ 2568612.913139613345265, 2562271.965927810873836 ], [ 2568612.913139613345265, 2562225.59691270114854 ], [ 2568659.28220947785303, 2562225.59691270114854 ], [ 2568659.28220947785303, 2562179.227897590957582 ], [ 2568659.28220947785303, 2562132.858882481232285 ], [ 2568612.913139613345265, 2562132.858882481232285 ], [ 2568612.913139613345265, 2562086.490833533462137 ], [ 2568566.545035891700536, 2562086.490833533462137 ], [ 2568566.545035891700536, 2562040.121818423271179 ], [ 2568566.545035891700536, 2561993.752803313545883 ], [ 2568566.545035891700536, 2561947.384754365775734 ], [ 2568612.913139613345265, 2561947.384754365775734 ], [ 2568612.913139613345265, 2561901.015739256050438 ], [ 2568659.28220947785303, 2561901.015739256050438 ], [ 2568659.28220947785303, 2561854.64672414585948 ], [ 2568659.28220947785303, 2561808.277709036134183 ], [ 2568659.28220947785303, 2561761.909660088364035 ], [ 2568659.28220947785303, 2561715.540644978173077 ], [ 2568705.650313199497759, 2561715.540644978173077 ], [ 2568705.650313199497759, 2561669.171629868447781 ], [ 2568752.018416921142489, 2561669.171629868447781 ], [ 2568798.386520642787218, 2561669.171629868447781 ], [ 2568798.386520642787218, 2561715.540644978173077 ], [ 2568844.754624364431947, 2561715.540644978173077 ], [ 2568891.123694228939712, 2561715.540644978173077 ], [ 2568891.123694228939712, 2561669.171629868447781 ], [ 2568891.123694228939712, 2561622.802614758722484 ], [ 2568891.123694228939712, 2561576.434565810952336 ], [ 2568937.491797950584441, 2561576.434565810952336 ], [ 2568983.859901672229171, 2561576.434565810952336 ], [ 2568983.859901672229171, 2561530.065550700761378 ], [ 2569030.2280053938739, 2561530.065550700761378 ], [ 2569030.2280053938739, 2561483.696535591036081 ], [ 2569076.59610911551863, 2561483.696535591036081 ], [ 2569076.59610911551863, 2561437.328486643265933 ], [ 2569122.964212837163359, 2561437.328486643265933 ], [ 2569122.964212837163359, 2561390.959471533074975 ], [ 2569122.964212837163359, 2561344.590456423349679 ], [ 2569169.333282701671124, 2561344.590456423349679 ], [ 2569215.701386423315853, 2561344.590456423349679 ], [ 2569262.069490144960582, 2561344.590456423349679 ], [ 2569308.437593866605312, 2561344.590456423349679 ], [ 2569354.805697588250041, 2561344.590456423349679 ], [ 2569354.805697588250041, 2561390.959471533074975 ], [ 2569401.174767452757806, 2561390.959471533074975 ], [ 2569401.174767452757806, 2561437.328486643265933 ], [ 2569401.174767452757806, 2561483.696535591036081 ], [ 2569447.542871174402535, 2561483.696535591036081 ], [ 2569493.910974896047264, 2561483.696535591036081 ], [ 2569540.279078617691994, 2561483.696535591036081 ], [ 2569540.279078617691994, 2561437.328486643265933 ], [ 2569586.647182339336723, 2561437.328486643265933 ], [ 2569633.016252204310149, 2561437.328486643265933 ], [ 2569633.016252204310149, 2561390.959471533074975 ], [ 2569633.016252204310149, 2561344.590456423349679 ], [ 2569633.016252204310149, 2561298.221441313624382 ], [ 2569633.016252204310149, 2561251.853392365854234 ], [ 2569586.647182339336723, 2561251.853392365854234 ], [ 2569586.647182339336723, 2561205.484377255663276 ], [ 2569633.016252204310149, 2561205.484377255663276 ], [ 2569633.016252204310149, 2561159.115362145937979 ], [ 2569679.384355925954878, 2561159.115362145937979 ], [ 2569679.384355925954878, 2561205.484377255663276 ], [ 2569725.752459647133946, 2561205.484377255663276 ], [ 2569725.752459647133946, 2561251.853392365854234 ], [ 2569772.120563368778676, 2561205.484377255663276 ], [ 2569772.120563368778676, 2561159.115362145937979 ], [ 2569772.120563368778676, 2561112.746347036212683 ], [ 2569772.120563368778676, 2561066.378298087976873 ], [ 2569772.120563368778676, 2561020.009282978251576 ], [ 2569725.752459647133946, 2561020.009282978251576 ], [ 2569679.384355925954878, 2561066.378298087976873 ], [ 2569633.016252204310149, 2561066.378298087976873 ], [ 2569586.647182339336723, 2561066.378298087976873 ], [ 2569540.279078617691994, 2561020.009282978251576 ], [ 2569540.279078617691994, 2560973.64026786852628 ], [ 2569586.647182339336723, 2560973.64026786852628 ], [ 2569633.016252204310149, 2560973.64026786852628 ], [ 2569633.016252204310149, 2560927.271252758335322 ], [ 2569679.384355925954878, 2560927.271252758335322 ], [ 2569679.384355925954878, 2560880.903203810565174 ], [ 2569679.384355925954878, 2560927.271252758335322 ], [ 2569679.384355925954878, 2560880.903203810565174 ], [ 2569725.752459647133946, 2560927.271252758335322 ], [ 2569725.752459647133946, 2560973.64026786852628 ], [ 2569772.120563368778676, 2560973.64026786852628 ], [ 2569818.488667090423405, 2561020.009282978251576 ], [ 2569818.488667090423405, 2561066.378298087976873 ], [ 2569864.856770812068135, 2561066.378298087976873 ], [ 2569864.856770812068135, 2561112.746347036212683 ], [ 2569911.22584067704156, 2561112.746347036212683 ], [ 2569957.59394439868629, 2561112.746347036212683 ], [ 2569957.59394439868629, 2561066.378298087976873 ], [ 2569957.59394439868629, 2561020.009282978251576 ], [ 2570003.962048120331019, 2561020.009282978251576 ], [ 2570050.330151841975749, 2561020.009282978251576 ], [ 2570050.330151841975749, 2560973.64026786852628 ], [ 2570050.330151841975749, 2560927.271252758335322 ], [ 2570096.698255563154817, 2560927.271252758335322 ], [ 2570143.067325428128242, 2560927.271252758335322 ], [ 2570143.067325428128242, 2560973.64026786852628 ], [ 2570189.435429149772972, 2560973.64026786852628 ], [ 2570235.803532871417701, 2560973.64026786852628 ], [ 2570235.803532871417701, 2560927.271252758335322 ], [ 2570282.171636593062431, 2560927.271252758335322 ], [ 2570328.53974031470716, 2560927.271252758335322 ], [ 2570328.53974031470716, 2560973.64026786852628 ], [ 2570282.171636593062431, 2561020.009282978251576 ], [ 2570328.53974031470716, 2561020.009282978251576 ], [ 2570328.53974031470716, 2561066.378298087976873 ], [ 2570374.908810179214925, 2561066.378298087976873 ], [ 2570374.908810179214925, 2561020.009282978251576 ], [ 2570421.276913900859654, 2561020.009282978251576 ], [ 2570467.645017622504383, 2561020.009282978251576 ], [ 2570467.645017622504383, 2561066.378298087976873 ], [ 2570514.013121344149113, 2561066.378298087976873 ], [ 2570514.013121344149113, 2561112.746347036212683 ], [ 2570560.381225065793842, 2561112.746347036212683 ], [ 2570606.749328787438571, 2561066.378298087976873 ], [ 2570653.118398651946336, 2561066.378298087976873 ], [ 2570653.118398651946336, 2561020.009282978251576 ], [ 2570699.486502373591065, 2561020.009282978251576 ], [ 2570745.854606095235795, 2561020.009282978251576 ], [ 2570745.854606095235795, 2561066.378298087976873 ], [ 2570792.222709816880524, 2561066.378298087976873 ], [ 2570838.590813538525254, 2561066.378298087976873 ], [ 2570838.590813538525254, 2561020.009282978251576 ], [ 2570838.590813538525254, 2560973.64026786852628 ], [ 2570838.590813538525254, 2560927.271252758335322 ], [ 2570884.959883403033018, 2560927.271252758335322 ], [ 2570884.959883403033018, 2560880.903203810565174 ], [ 2570931.327987124677747, 2560880.903203810565174 ], [ 2570977.696090846322477, 2560880.903203810565174 ], [ 2571024.064194567967206, 2560880.903203810565174 ], [ 2571024.064194567967206, 2560834.534188700839877 ], [ 2571024.064194567967206, 2560788.165173591114581 ], [ 2571024.064194567967206, 2560741.797124642878771 ], [ 2571070.432298289611936, 2560741.797124642878771 ], [ 2571070.432298289611936, 2560695.428109533153474 ], [ 2571116.801368154585361, 2560695.428109533153474 ], [ 2571116.801368154585361, 2560649.059094423428178 ], [ 2571163.16947187576443, 2560649.059094423428178 ], [ 2571163.16947187576443, 2560602.69007931323722 ], [ 2571116.801368154585361, 2560556.322030365467072 ], [ 2571116.801368154585361, 2560509.953015255741775 ], [ 2571070.432298289611936, 2560509.953015255741775 ], [ 2571070.432298289611936, 2560463.584000146016479 ], [ 2571070.432298289611936, 2560417.214985035825521 ], [ 2571116.801368154585361, 2560417.214985035825521 ], [ 2571116.801368154585361, 2560370.846936088055372 ], [ 2571163.16947187576443, 2560370.846936088055372 ], [ 2571209.537575597409159, 2560370.846936088055372 ], [ 2571209.537575597409159, 2560417.214985035825521 ], [ 2571255.905679319053888, 2560417.214985035825521 ], [ 2571255.905679319053888, 2560463.584000146016479 ], [ 2571302.273783040698618, 2560463.584000146016479 ], [ 2571348.641886762343347, 2560463.584000146016479 ], [ 2571348.641886762343347, 2560417.214985035825521 ], [ 2571348.641886762343347, 2560370.846936088055372 ], [ 2571348.641886762343347, 2560324.477920978330076 ], [ 2571348.641886762343347, 2560278.108905868139118 ], [ 2571302.273783040698618, 2560278.108905868139118 ], [ 2571255.905679319053888, 2560278.108905868139118 ], [ 2571209.537575597409159, 2560231.739890758413821 ], [ 2571163.16947187576443, 2560231.739890758413821 ], [ 2571163.16947187576443, 2560185.371841810643673 ], [ 2571163.16947187576443, 2560139.002826700918376 ], [ 2571163.16947187576443, 2560092.633811590727419 ], [ 2571209.537575597409159, 2560092.633811590727419 ], [ 2571209.537575597409159, 2560046.26576264295727 ], [ 2571255.905679319053888, 2560046.26576264295727 ], [ 2571255.905679319053888, 2560092.633811590727419 ], [ 2571302.273783040698618, 2560092.633811590727419 ], [ 2571348.641886762343347, 2560092.633811590727419 ], [ 2571395.010956627316773, 2560092.633811590727419 ], [ 2571441.379060348961502, 2560092.633811590727419 ], [ 2571487.747164070606232, 2560092.633811590727419 ], [ 2571487.747164070606232, 2560046.26576264295727 ], [ 2571441.379060348961502, 2560046.26576264295727 ], [ 2571441.379060348961502, 2559999.896747533231974 ], [ 2571441.379060348961502, 2559953.527732423506677 ], [ 2571441.379060348961502, 2559907.158717313315719 ], [ 2571487.747164070606232, 2559907.158717313315719 ], [ 2571534.1152677917853, 2559907.158717313315719 ], [ 2571580.483371513430029, 2559907.158717313315719 ], [ 2571580.483371513430029, 2559860.790668365545571 ], [ 2571580.483371513430029, 2559814.421653255820274 ], [ 2571626.852441378403455, 2559814.421653255820274 ], [ 2571580.483371513430029, 2559814.421653255820274 ], [ 2571580.483371513430029, 2559768.052638145629317 ], [ 2571580.483371513430029, 2559721.68362303590402 ], [ 2571626.852441378403455, 2559721.68362303590402 ], [ 2571626.852441378403455, 2559675.315574088133872 ], [ 2571673.220545100048184, 2559675.315574088133872 ], [ 2571719.588648821692914, 2559675.315574088133872 ], [ 2571765.956752543337643, 2559675.315574088133872 ], [ 2571812.324856264982373, 2559675.315574088133872 ], [ 2571858.692959986627102, 2559675.315574088133872 ], [ 2571858.692959986627102, 2559721.68362303590402 ], [ 2571858.692959986627102, 2559768.052638145629317 ], [ 2571812.324856264982373, 2559768.052638145629317 ], [ 2571812.324856264982373, 2559814.421653255820274 ], [ 2571812.324856264982373, 2559860.790668365545571 ], [ 2571765.956752543337643, 2559860.790668365545571 ], [ 2571765.956752543337643, 2559907.158717313315719 ], [ 2571812.324856264982373, 2559907.158717313315719 ], [ 2571812.324856264982373, 2559953.527732423506677 ], [ 2571812.324856264982373, 2559999.896747533231974 ], [ 2571812.324856264982373, 2560046.26576264295727 ], [ 2571858.692959986627102, 2560046.26576264295727 ], [ 2571858.692959986627102, 2559999.896747533231974 ], [ 2571905.062029851134866, 2559999.896747533231974 ], [ 2571905.062029851134866, 2559953.527732423506677 ], [ 2571905.062029851134866, 2559907.158717313315719 ], [ 2571905.062029851134866, 2559860.790668365545571 ], [ 2571951.430133572779596, 2559860.790668365545571 ], [ 2571951.430133572779596, 2559814.421653255820274 ], [ 2571997.798237294424325, 2559814.421653255820274 ], [ 2571997.798237294424325, 2559860.790668365545571 ], [ 2571997.798237294424325, 2559907.158717313315719 ], [ 2571997.798237294424325, 2559953.527732423506677 ], [ 2572044.166341016069055, 2559953.527732423506677 ], [ 2572090.534444737713784, 2559953.527732423506677 ], [ 2572090.534444737713784, 2559907.158717313315719 ], [ 2572136.903514602221549, 2559907.158717313315719 ], [ 2572183.271618323866278, 2559907.158717313315719 ], [ 2572229.639722045511007, 2559907.158717313315719 ], [ 2572229.639722045511007, 2559953.527732423506677 ], [ 2572276.007825767155737, 2559953.527732423506677 ], [ 2572276.007825767155737, 2559999.896747533231974 ], [ 2572276.007825767155737, 2560046.26576264295727 ], [ 2572322.375929488800466, 2560046.26576264295727 ], [ 2572322.375929488800466, 2560092.633811590727419 ], [ 2572368.744999353308231, 2560092.633811590727419 ], [ 2572368.744999353308231, 2560139.002826700918376 ], [ 2572415.11310307495296, 2560139.002826700918376 ], [ 2572415.11310307495296, 2560092.633811590727419 ], [ 2572461.481206796597689, 2560092.633811590727419 ], [ 2572461.481206796597689, 2560046.26576264295727 ], [ 2572507.849310518242419, 2560046.26576264295727 ], [ 2572554.217414239887148, 2560046.26576264295727 ], [ 2572600.585517961531878, 2560046.26576264295727 ], [ 2572646.954587826039642, 2560046.26576264295727 ], [ 2572693.322691547684371, 2560046.26576264295727 ], [ 2572739.690795269329101, 2560046.26576264295727 ], [ 2572739.690795269329101, 2560092.633811590727419 ], [ 2572786.05889899097383, 2560092.633811590727419 ], [ 2572786.05889899097383, 2560139.002826700918376 ], [ 2572832.42700271261856, 2560139.002826700918376 ], [ 2572832.42700271261856, 2560092.633811590727419 ], [ 2572878.796072577591985, 2560092.633811590727419 ], [ 2572878.796072577591985, 2560046.26576264295727 ], [ 2572878.796072577591985, 2559999.896747533231974 ], [ 2572925.164176299236715, 2559999.896747533231974 ], [ 2572925.164176299236715, 2559953.527732423506677 ], [ 2572971.532280020415783, 2559953.527732423506677 ], [ 2573017.900383742060512, 2559953.527732423506677 ], [ 2573064.268487463705242, 2559953.527732423506677 ], [ 2573064.268487463705242, 2559907.158717313315719 ], [ 2573110.637557328678668, 2559907.158717313315719 ], [ 2573157.005661050323397, 2559907.158717313315719 ], [ 2573157.005661050323397, 2559953.527732423506677 ], [ 2573203.373764771968126, 2559953.527732423506677 ], [ 2573203.373764771968126, 2559999.896747533231974 ], [ 2573249.741868493612856, 2559999.896747533231974 ], [ 2573249.741868493612856, 2560046.26576264295727 ], [ 2573296.109972215257585, 2560046.26576264295727 ], [ 2573342.478075936436653, 2560046.26576264295727 ], [ 2573388.847145801410079, 2560046.26576264295727 ], [ 2573435.215249523054808, 2560046.26576264295727 ], [ 2573481.583353244699538, 2560046.26576264295727 ], [ 2573481.583353244699538, 2559999.896747533231974 ], [ 2573527.951456966344267, 2559999.896747533231974 ], [ 2573574.319560687988997, 2559999.896747533231974 ], [ 2573620.688630552496761, 2559999.896747533231974 ], [ 2573667.05673427414149, 2560046.26576264295727 ], [ 2573713.42483799578622, 2560046.26576264295727 ], [ 2573713.42483799578622, 2560092.633811590727419 ], [ 2573713.42483799578622, 2560139.002826700918376 ], [ 2573713.42483799578622, 2560185.371841810643673 ], [ 2573713.42483799578622, 2560231.739890758413821 ], [ 2573759.792941717430949, 2560231.739890758413821 ], [ 2573806.161045439075679, 2560231.739890758413821 ], [ 2573806.161045439075679, 2560278.108905868139118 ], [ 2573806.161045439075679, 2560231.739890758413821 ], [ 2573759.792941717430949, 2558701.571087590884417 ], [ 2573759.792941717430949, 2557866.933646423276514 ], [ 2573759.792941717430949, 2556985.927190145477653 ], [ 2573759.792941717430949, 2556058.552684919908643 ], [ 2573759.792941717430949, 2555270.283292700070888 ], [ 2573759.792941717430949, 2554064.695662977639586 ], [ 2573713.42483799578622, 2553183.689206700306386 ], [ 2573713.42483799578622, 2553137.321157752070576 ], [ 2573620.688630552496761, 2553137.321157752070576 ], [ 2573574.319560687988997, 2553090.952142642345279 ], [ 2573574.319560687988997, 2553044.583127532619983 ], [ 2573574.319560687988997, 2552998.214112422429025 ], [ 2573620.688630552496761, 2552905.47704836493358 ], [ 2573667.05673427414149, 2552859.108033255208284 ], [ 2573713.42483799578622, 2552859.108033255208284 ], [ 2573713.42483799578622, 2551838.99549780972302 ], [ 2573713.42483799578622, 2551792.626482699997723 ], [ 2573713.42483799578622, 2551607.151388422586024 ], [ 2573713.42483799578622, 2551328.939230087213218 ], [ 2573713.42483799578622, 2551189.833150919526815 ], [ 2573713.42483799578622, 2551050.727071751840413 ], [ 2573713.42483799578622, 2550216.088664422277361 ], [ 2573713.42483799578622, 2550169.720615474507213 ], [ 2573620.688630552496761, 2549798.770426919683814 ], [ 2573574.319560687988997, 2549381.451223254669458 ], [ 2573481.583353244699538, 2549010.501034699846059 ], [ 2573342.478075936436653, 2548129.495544584002346 ], [ 2574779.895088165067136, 2547851.282420087140054 ], [ 2574919.000365473330021, 2547851.282420087140054 ], [ 2574965.36846919497475, 2547851.282420087140054 ], [ 2575799.997234613168985, 2547665.807325809262693 ], [ 2576541.889792588539422, 2547573.070261751767248 ], [ 2576541.889792588539422, 2547433.964182584080845 ], [ 2576541.889792588539422, 2547341.226152364164591 ], [ 2576495.521688866894692, 2547202.120073196943849 ], [ 2576449.153585145249963, 2546877.538899751845747 ], [ 2576402.785481423605233, 2546784.800869531929493 ], [ 2576402.785481423605233, 2546692.063805473968387 ], [ 2576263.680204115342349, 2545950.163428364321589 ], [ 2576124.575892950873822, 2544976.419908029027283 ], [ 2576078.206823085900396, 2544883.681877809111029 ], [ 2576078.206823085900396, 2544744.575798641424626 ], [ 2576078.206823085900396, 2544698.20678353169933 ], [ 2575985.470615642610937, 2544280.888546029105783 ], [ 2575846.366304477676749, 2543585.357184028718621 ], [ 2575707.261027169879526, 2542750.719742861110717 ], [ 2575475.419542418792844, 2541452.394082918763161 ], [ 2575799.997234613168985, 2541406.025067809037864 ], [ 2576078.206823085900396, 2541313.288003751076758 ], [ 2575939.102511920966208, 2540525.019577693194151 ], [ 2575892.734408199321479, 2540200.437438086140901 ], [ 2575892.734408199321479, 2540154.069389138370752 ], [ 2575846.366304477676749, 2540014.962343808729202 ], [ 2575846.366304477676749, 2539829.48821569327265 ], [ 2575799.997234613168985, 2539736.750185473356396 ], [ 2575799.997234613168985, 2539597.644106306135654 ], [ 2575799.997234613168985, 2539504.9060760862194 ], [ 2575799.997234613168985, 2539458.538027138449252 ], [ 2575753.629130891524255, 2539412.169012028258294 ], [ 2575568.155749862082303, 2538345.687461473513395 ], [ 2575011.73657291661948, 2538438.425491692963988 ], [ 2574779.895088165067136, 2538021.106288028415293 ], [ 2574779.895088165067136, 2537603.787084363400936 ], [ 2574919.000365473330021, 2537418.311990085989237 ], [ 2574919.000365473330021, 2537325.574926028028131 ], [ 2575011.73657291661948, 2536722.781594248022884 ], [ 2575011.73657291661948, 2536537.306499970611185 ], [ 2574779.895088165067136, 2536027.250232247635722 ], [ 2574408.949292249046266, 2535702.668092640582472 ], [ 2574362.581188527867198, 2535609.931028583087027 ], [ 2574316.212118662893772, 2535609.931028583087027 ], [ 2574269.844014941249043, 2535563.562013473361731 ], [ 2574223.475911219604313, 2535517.193964525125921 ], [ 2574223.475911219604313, 2535470.824949415400624 ], [ 2574177.107807497959584, 2535470.824949415400624 ], [ 2574130.739703776314855, 2535424.455934305675328 ], [ 2574084.37063391180709, 2535424.455934305675328 ], [ 2574038.002530190162361, 2535424.455934305675328 ], [ 2573991.634426468517631, 2535378.08691919548437 ], [ 2573945.266322746872902, 2535378.08691919548437 ], [ 2573945.266322746872902, 2535331.718870247714221 ], [ 2573945.266322746872902, 2535285.349855137988925 ], [ 2573945.266322746872902, 2535238.980840028263628 ], [ 2573898.898219025228173, 2535192.611824918072671 ], [ 2573898.898219025228173, 2535146.243775970302522 ], [ 2573852.530115303583443, 2535146.243775970302522 ], [ 2573806.161045439075679, 2535099.874760860577226 ], [ 2573759.792941717430949, 2535099.874760860577226 ], [ 2573759.792941717430949, 2535053.505745750386268 ], [ 2573713.42483799578622, 2535053.505745750386268 ], [ 2573713.42483799578622, 2535007.136730640660971 ], [ 2573713.42483799578622, 2534960.768681692890823 ], [ 2573667.05673427414149, 2534960.768681692890823 ], [ 2573667.05673427414149, 2534914.399666583165526 ], [ 2573667.05673427414149, 2534868.030651472974569 ], [ 2573667.05673427414149, 2534821.66260252520442 ], [ 2573667.05673427414149, 2534775.293587415479124 ], [ 2573713.42483799578622, 2534775.293587415479124 ], [ 2573713.42483799578622, 2534682.555557195562869 ], [ 2573713.42483799578622, 2534636.187508247792721 ], [ 2573759.792941717430949, 2534636.187508247792721 ], [ 2573759.792941717430949, 2534589.818493138067424 ], [ 2573759.792941717430949, 2534543.449478027876467 ], [ 2573806.161045439075679, 2534497.08046291815117 ], [ 2573806.161045439075679, 2534450.712413970381021 ], [ 2573852.530115303583443, 2534450.712413970381021 ], [ 2573852.530115303583443, 2534404.343398860190064 ], [ 2573852.530115303583443, 2534357.974383750464767 ], [ 2573898.898219025228173, 2534357.974383750464767 ], [ 2573898.898219025228173, 2534311.605368640739471 ], [ 2573898.898219025228173, 2534265.237319692969322 ], [ 2573898.898219025228173, 2534218.868304582778364 ], [ 2573852.530115303583443, 2534218.868304582778364 ], [ 2573852.530115303583443, 2534172.499289473053068 ], [ 2573898.898219025228173, 2534172.499289473053068 ], [ 2573898.898219025228173, 2534126.131240525282919 ], [ 2573898.898219025228173, 2534033.393210305366665 ], [ 2573898.898219025228173, 2533987.024195195641369 ], [ 2573852.530115303583443, 2533987.024195195641369 ], [ 2573806.161045439075679, 2533940.65614624787122 ], [ 2573806.161045439075679, 2533894.287131137680262 ], [ 2573806.161045439075679, 2533847.918116027954966 ], [ 2573806.161045439075679, 2533801.549100918229669 ], [ 2573806.161045439075679, 2533755.18105196999386 ], [ 2573759.792941717430949, 2533755.18105196999386 ], [ 2573759.792941717430949, 2533708.812036860268563 ], [ 2573759.792941717430949, 2533662.443021750543267 ], [ 2573713.42483799578622, 2533662.443021750543267 ], [ 2573713.42483799578622, 2533616.074972802773118 ], [ 2573713.42483799578622, 2533569.70595769258216 ], [ 2573667.05673427414149, 2533523.336942582856864 ], [ 2573667.05673427414149, 2533476.967927473131567 ], [ 2573620.688630552496761, 2533476.967927473131567 ], [ 2573620.688630552496761, 2533430.599878524895757 ], [ 2573620.688630552496761, 2533384.230863415170461 ], [ 2573620.688630552496761, 2533337.861848305445164 ], [ 2573574.319560687988997, 2533337.861848305445164 ], [ 2573574.319560687988997, 2533291.492833195254207 ], [ 2573574.319560687988997, 2533245.124784247484058 ], [ 2573574.319560687988997, 2533198.755769137758762 ], [ 2573527.951456966344267, 2533152.386754028033465 ], [ 2573574.319560687988997, 2533152.386754028033465 ], [ 2573574.319560687988997, 2533106.017738917842507 ], [ 2573527.951456966344267, 2533106.017738917842507 ], [ 2573527.951456966344267, 2533059.649689970072359 ], [ 2573527.951456966344267, 2533013.280674860347062 ], [ 2573527.951456966344267, 2532966.911659750156105 ], [ 2573527.951456966344267, 2532920.543610802385956 ], [ 2573527.951456966344267, 2532874.17459569266066 ], [ 2573527.951456966344267, 2532827.805580582935363 ], [ 2573574.319560687988997, 2532827.805580582935363 ], [ 2573574.319560687988997, 2532781.436565472744405 ], [ 2573620.688630552496761, 2532735.068516524974257 ], [ 2573667.05673427414149, 2532688.69950141524896 ], [ 2573667.05673427414149, 2532642.330486305058002 ], [ 2573667.05673427414149, 2532595.961471195332706 ], [ 2573620.688630552496761, 2532549.593422247562557 ], [ 2573620.688630552496761, 2532503.224407137837261 ], [ 2573667.05673427414149, 2532503.224407137837261 ], [ 2573667.05673427414149, 2532456.855392027646303 ], [ 2573667.05673427414149, 2532410.486376917921007 ], [ 2573713.42483799578622, 2532364.118327970150858 ], [ 2573713.42483799578622, 2532317.7493128599599 ], [ 2573713.42483799578622, 2532271.380297750234604 ], [ 2573713.42483799578622, 2532225.012248802464455 ], [ 2573713.42483799578622, 2532178.643233692739159 ], [ 2573713.42483799578622, 2532132.274218582548201 ], [ 2573667.05673427414149, 2532132.274218582548201 ], [ 2573620.688630552496761, 2532132.274218582548201 ], [ 2573620.688630552496761, 2532085.905203472822905 ], [ 2573481.583353244699538, 2531900.430109195411205 ], [ 2573481.583353244699538, 2531854.062060247641057 ], [ 2573435.215249523054808, 2531761.324030027724802 ], [ 2573388.847145801410079, 2531714.955981079954654 ], [ 2573296.109972215257585, 2531575.848935750313103 ], [ 2573296.109972215257585, 2531529.480886802542955 ], [ 2573249.741868493612856, 2531483.111871692351997 ], [ 2573249.741868493612856, 2531390.373841472901404 ], [ 2573203.373764771968126, 2531297.636777414940298 ], [ 2573203.373764771968126, 2531204.898747195024043 ], [ 2573203.373764771968126, 2531158.530698247253895 ], [ 2573203.373764771968126, 2531065.792668027803302 ], [ 2573157.005661050323397, 2530973.055603969842196 ], [ 2573157.005661050323397, 2530926.686588860116899 ], [ 2573157.005661050323397, 2530880.317573749925941 ], [ 2573110.637557328678668, 2530833.949524802155793 ], [ 2573064.268487463705242, 2530787.580509692430496 ], [ 2573064.268487463705242, 2530741.2114945827052 ], [ 2573064.268487463705242, 2530648.474430524744093 ], [ 2573017.900383742060512, 2530602.105415415018797 ], [ 2573017.900383742060512, 2530555.7364003052935 ], [ 2573017.900383742060512, 2530509.367385195102543 ], [ 2572971.532280020415783, 2530416.630321137607098 ], [ 2572925.164176299236715, 2530323.893257079645991 ], [ 2572925.164176299236715, 2530231.155226860195398 ], [ 2572878.796072577591985, 2530184.786211750004441 ], [ 2572878.796072577591985, 2530138.418162802234292 ], [ 2572832.42700271261856, 2530092.049147692508996 ], [ 2572786.05889899097383, 2529999.311117472592741 ], [ 2572739.690795269329101, 2529906.574053415097296 ], [ 2572739.690795269329101, 2529860.205038304906338 ], [ 2572693.322691547684371, 2529813.83698935713619 ], [ 2572646.954587826039642, 2529721.098959137219936 ], [ 2572600.585517961531878, 2529628.361895079724491 ], [ 2572600.585517961531878, 2529581.992879969999194 ], [ 2572600.585517961531878, 2529489.25484975008294 ], [ 2572554.217414239887148, 2529211.042691414710134 ], [ 2572554.217414239887148, 2529118.305627357214689 ], [ 2572554.217414239887148, 2529071.936612247023731 ], [ 2572554.217414239887148, 2529025.567597137298435 ], [ 2572554.217414239887148, 2528979.198582027573138 ], [ 2572646.954587826039642, 2528886.461517969612032 ], [ 2572646.954587826039642, 2528840.092502859886736 ], [ 2572646.954587826039642, 2528793.723487750161439 ], [ 2572646.954587826039642, 2528747.355438801925629 ], [ 2572646.954587826039642, 2528700.986423692200333 ], [ 2572646.954587826039642, 2528654.617408582475036 ], [ 2572600.585517961531878, 2528608.248393472284079 ], [ 2572554.217414239887148, 2528515.511329414788634 ], [ 2572693.322691547684371, 2528190.930155969690531 ], [ 2572739.690795269329101, 2527912.717997634317726 ], [ 2573203.373764771968126, 2527541.767809079494327 ], [ 2573342.478075936436653, 2527309.92369969189167 ], [ 2573388.847145801410079, 2527217.186635634396225 ], [ 2573435.215249523054808, 2527217.186635634396225 ], [ 2573435.215249523054808, 2527124.448605414479971 ], [ 2573481.583353244699538, 2527031.711541356984526 ], [ 2573481.583353244699538, 2526985.342526246793568 ], [ 2573481.583353244699538, 2526938.973511137068272 ], [ 2573481.583353244699538, 2526799.867431969381869 ], [ 2573435.215249523054808, 2526568.023322582244873 ], [ 2573435.215249523054808, 2526521.655273634474725 ], [ 2573435.215249523054808, 2526475.286258524283767 ] ] } },
{ "type": "Feature", "properties": { }, "geometry": { "type": "LineString", "coordinates": [ [ 2481672.380511501803994, 2526475.286258524283767 ], [ 2481672.380511501803994, 2526846.236447079572827 ], [ 2481626.012407780159265, 2526892.604496027342975 ], [ 2481533.276200336869806, 2526938.973511137068272 ], [ 2481533.276200336869806, 2526985.342526246793568 ], [ 2481486.907130472362041, 2526985.342526246793568 ], [ 2481486.907130472362041, 2527031.711541356984526 ], [ 2481486.907130472362041, 2527078.079590304754674 ], [ 2481533.276200336869806, 2527124.448605414479971 ], [ 2481626.012407780159265, 2527217.186635634396225 ], [ 2481672.380511501803994, 2527263.554684582166374 ], [ 2481672.380511501803994, 2527309.92369969189167 ], [ 2481672.380511501803994, 2527402.660763749852777 ], [ 2481672.380511501803994, 2527449.029778859578073 ], [ 2481672.380511501803994, 2527495.398793969769031 ], [ 2481672.380511501803994, 2527541.767809079494327 ], [ 2481672.380511501803994, 2527588.135858027264476 ], [ 2481672.380511501803994, 2527634.504873136989772 ], [ 2481950.590099974535406, 2527634.504873136989772 ], [ 2482367.904965755529702, 2527634.504873136989772 ], [ 2483341.639008481521159, 2527634.504873136989772 ], [ 2484593.58263968070969, 2527634.504873136989772 ], [ 2485613.684786128811538, 2527634.504873136989772 ], [ 2486262.841136660426855, 2527634.504873136989772 ], [ 2486726.524106163065881, 2527634.504873136989772 ], [ 2486772.892209884244949, 2527634.504873136989772 ], [ 2487932.098667497280985, 2527680.87388824718073 ], [ 2488673.991225472185761, 2527727.242903356906027 ], [ 2488720.360295337159187, 2527727.242903356906027 ], [ 2488859.464606502093375, 2527727.242903356906027 ], [ 2489833.198649228084832, 2527773.610952304676175 ], [ 2489879.566752949729562, 2527773.610952304676175 ], [ 2493913.607235020026565, 2527959.086046582087874 ], [ 2493913.607235020026565, 2528515.511329414788634 ], [ 2493913.607235020026565, 2528608.248393472284079 ], [ 2493913.607235020026565, 2529257.411706524901092 ], [ 2493913.607235020026565, 2529303.779755472671241 ], [ 2493913.607235020026565, 2529350.148770582396537 ], [ 2493959.976304884534329, 2530323.893257079645991 ], [ 2493959.976304884534329, 2530555.7364003052935 ], [ 2493959.976304884534329, 2532549.593422247562557 ], [ 2493959.976304884534329, 2532642.330486305058002 ], [ 2493959.976304884534329, 2533337.861848305445164 ], [ 2494562.763585551641881, 2533337.861848305445164 ], [ 2498596.804067621938884, 2533337.861848305445164 ], [ 2498689.541241208091378, 2533430.599878524895757 ], [ 2498689.541241208091378, 2533476.967927473131567 ], [ 2498782.277448651380837, 2533523.336942582856864 ], [ 2498828.645552373025566, 2533569.70595769258216 ], [ 2498875.013656094670296, 2533616.074972802773118 ], [ 2498875.013656094670296, 2533662.443021750543267 ], [ 2498921.38272595917806, 2533708.812036860268563 ], [ 2499014.118933402467519, 2533801.549100918229669 ], [ 2499106.855140845756978, 2533894.287131137680262 ], [ 2499199.592314431909472, 2533987.024195195641369 ], [ 2499245.960418153554201, 2534079.762225415091962 ], [ 2499292.328521875198931, 2534079.762225415091962 ], [ 2499292.328521875198931, 2534126.131240525282919 ], [ 2499338.69662559684366, 2534172.499289473053068 ], [ 2499385.065695461351424, 2534265.237319692969322 ], [ 2499477.801902904640883, 2534357.974383750464767 ], [ 2499524.170006626285613, 2534404.343398860190064 ], [ 2499570.538110347930342, 2534497.08046291815117 ], [ 2499663.275283934548497, 2534589.818493138067424 ], [ 2499756.011491377372295, 2534682.555557195562869 ], [ 2499802.379595099017024, 2534775.293587415479124 ], [ 2499848.747698820661753, 2534821.66260252520442 ], [ 2499941.484872407279909, 2534868.030651472974569 ], [ 2499987.852976128924638, 2534960.768681692890823 ], [ 2500034.221079850569367, 2535007.136730640660971 ], [ 2500126.957287293858826, 2535099.874760860577226 ], [ 2500312.430668323300779, 2535331.718870247714221 ], [ 2500683.377430382184684, 2535841.775137970224023 ], [ 2500776.113637825474143, 2535934.512202028185129 ], [ 2500822.481741547118872, 2535980.881217137910426 ], [ 2500868.849845268763602, 2536027.250232247635722 ], [ 2500961.587018854916096, 2536119.987296305596828 ], [ 2501007.955122576560825, 2536166.356311415322125 ], [ 2501054.323226298205554, 2536212.724360363092273 ], [ 2501147.06039988482371, 2536259.093375473283231 ], [ 2501193.428503606002778, 2536305.462390583008528 ], [ 2501193.428503606002778, 2536351.831405692733824 ], [ 2501518.00619580084458, 2536769.149643195793033 ], [ 2501564.374299522489309, 2536769.149643195793033 ], [ 2501518.00619580084458, 2536630.04356402810663 ], [ 2501518.00619580084458, 2536259.093375473283231 ], [ 2501471.638092079199851, 2536166.356311415322125 ], [ 2501471.638092079199851, 2536073.618281195871532 ], [ 2501471.638092079199851, 2536027.250232247635722 ], [ 2501518.00619580084458, 2536027.250232247635722 ], [ 2501518.00619580084458, 2535980.881217137910426 ], [ 2501518.00619580084458, 2535934.512202028185129 ], [ 2501518.00619580084458, 2535888.143186917994171 ], [ 2501842.583887995220721, 2535285.349855137988925 ], [ 2502167.162546332459897, 2535285.349855137988925 ], [ 2503419.106177531648427, 2535285.349855137988925 ], [ 2503836.420077169314027, 2535285.349855137988925 ], [ 2503790.051973447669297, 2535285.349855137988925 ], [ 2503790.051973447669297, 2535331.718870247714221 ], [ 2503790.051973447669297, 2535378.08691919548437 ], [ 2503790.051973447669297, 2535424.455934305675328 ], [ 2503790.051973447669297, 2535470.824949415400624 ], [ 2503790.051973447669297, 2535517.193964525125921 ], [ 2503790.051973447669297, 2535563.562013473361731 ], [ 2503790.051973447669297, 2535609.931028583087027 ], [ 2503790.051973447669297, 2535656.300043692812324 ], [ 2503790.051973447669297, 2535702.668092640582472 ], [ 2503790.051973447669297, 2535749.03710775077343 ], [ 2503790.051973447669297, 2535795.406122860498726 ], [ 2503790.051973447669297, 2535888.143186917994171 ], [ 2503790.051973447669297, 2535934.512202028185129 ], [ 2503790.051973447669297, 2535980.881217137910426 ], [ 2503743.683869726024568, 2536027.250232247635722 ], [ 2503743.683869726024568, 2536119.987296305596828 ], [ 2503790.051973447669297, 2536212.724360363092273 ], [ 2503790.051973447669297, 2536305.462390583008528 ], [ 2503790.051973447669297, 2536351.831405692733824 ], [ 2503743.683869726024568, 2536398.199454640969634 ], [ 2503697.315766004379839, 2536398.199454640969634 ], [ 2503650.947662282735109, 2536398.199454640969634 ], [ 2503604.57955856109038, 2536351.831405692733824 ], [ 2503558.210488696582615, 2536351.831405692733824 ], [ 2503511.842384974937886, 2536351.831405692733824 ], [ 2503465.474281253293157, 2536351.831405692733824 ], [ 2503419.106177531648427, 2536351.831405692733824 ], [ 2503372.738073810003698, 2536398.199454640969634 ], [ 2503326.369003945495933, 2536398.199454640969634 ], [ 2503326.369003945495933, 2536444.568469750694931 ], [ 2503326.369003945495933, 2536490.937484860420227 ], [ 2503326.369003945495933, 2536537.306499970611185 ], [ 2503372.738073810003698, 2536537.306499970611185 ], [ 2503372.738073810003698, 2536583.674548918381333 ], [ 2503372.738073810003698, 2536630.04356402810663 ], [ 2503419.106177531648427, 2536769.149643195793033 ], [ 2503465.474281253293157, 2536861.887673415709287 ], [ 2503465.474281253293157, 2537000.993752582930028 ], [ 2503511.842384974937886, 2537093.730816640891135 ], [ 2503511.842384974937886, 2537186.468846860807389 ], [ 2503511.842384974937886, 2537279.205910918302834 ], [ 2503558.210488696582615, 2537325.574926028028131 ], [ 2503558.210488696582615, 2537371.943941138219088 ], [ 2503558.210488696582615, 2537418.311990085989237 ], [ 2503558.210488696582615, 2537464.681005195714533 ], [ 2503604.57955856109038, 2537511.050020305905491 ], [ 2503604.57955856109038, 2537557.419035415630788 ], [ 2503604.57955856109038, 2537603.787084363400936 ], [ 2503604.57955856109038, 2537650.156099473126233 ], [ 2503650.947662282735109, 2537696.52511458331719 ], [ 2503650.947662282735109, 2537742.894129693042487 ], [ 2503650.947662282735109, 2537789.262178640812635 ], [ 2503650.947662282735109, 2537835.631193751003593 ], [ 2503650.947662282735109, 2537882.00020886072889 ], [ 2503650.947662282735109, 2537928.369223970454186 ], [ 2503650.947662282735109, 2537974.737272918224335 ], [ 2503650.947662282735109, 2538021.106288028415293 ], [ 2503650.947662282735109, 2538067.475303138140589 ], [ 2503650.947662282735109, 2538113.843352085910738 ], [ 2503650.947662282735109, 2538160.212367196101695 ], [ 2503604.57955856109038, 2538160.212367196101695 ], [ 2503604.57955856109038, 2538206.581382305826992 ], [ 2503650.947662282735109, 2538252.950397415552288 ], [ 2503650.947662282735109, 2538299.318446363322437 ], [ 2503650.947662282735109, 2538345.687461473513395 ], [ 2503697.315766004379839, 2538392.056476583238691 ], [ 2503650.947662282735109, 2538392.056476583238691 ], [ 2503650.947662282735109, 2538438.425491692963988 ], [ 2503650.947662282735109, 2538484.793540641199797 ], [ 2503604.57955856109038, 2538531.162555750925094 ], [ 2503604.57955856109038, 2538577.53157086065039 ], [ 2503650.947662282735109, 2538623.900585970841348 ], [ 2503650.947662282735109, 2538670.268634918611497 ], [ 2503650.947662282735109, 2538716.637650028336793 ], [ 2503650.947662282735109, 2538763.00666513806209 ], [ 2503697.315766004379839, 2538763.00666513806209 ], [ 2503697.315766004379839, 2538809.374714086297899 ], [ 2503743.683869726024568, 2538763.00666513806209 ], [ 2503790.051973447669297, 2538763.00666513806209 ], [ 2503790.051973447669297, 2538716.637650028336793 ], [ 2503836.420077169314027, 2538670.268634918611497 ], [ 2503836.420077169314027, 2538623.900585970841348 ], [ 2503882.789147033821791, 2538623.900585970841348 ], [ 2503929.157250755466521, 2538623.900585970841348 ], [ 2503929.157250755466521, 2538670.268634918611497 ], [ 2503975.52535447711125, 2538670.268634918611497 ], [ 2504021.89345819875598, 2538670.268634918611497 ], [ 2504068.261561920400709, 2538670.268634918611497 ], [ 2504114.630631784908473, 2538716.637650028336793 ], [ 2504114.630631784908473, 2538763.00666513806209 ], [ 2504160.998735506553203, 2538763.00666513806209 ], [ 2504160.998735506553203, 2538809.374714086297899 ], [ 2504207.366839228197932, 2538809.374714086297899 ], [ 2504253.734942949842662, 2538809.374714086297899 ], [ 2504253.734942949842662, 2538855.743729196023196 ], [ 2504300.103046671487391, 2538855.743729196023196 ], [ 2504346.47115039313212, 2538855.743729196023196 ], [ 2504346.47115039313212, 2538809.374714086297899 ], [ 2504392.840220258105546, 2538809.374714086297899 ], [ 2504392.840220258105546, 2538763.00666513806209 ], [ 2504439.208323979284614, 2538716.637650028336793 ], [ 2504485.576427700929344, 2538670.268634918611497 ], [ 2504531.944531422574073, 2538670.268634918611497 ], [ 2504531.944531422574073, 2538623.900585970841348 ], [ 2504578.312635144218802, 2538623.900585970841348 ], [ 2504624.681705009192228, 2538577.53157086065039 ], [ 2504671.049808730836958, 2538577.53157086065039 ], [ 2504717.417912452481687, 2538531.162555750925094 ], [ 2504763.786016174126416, 2538531.162555750925094 ], [ 2504763.786016174126416, 2538484.793540641199797 ], [ 2504810.154119895771146, 2538438.425491692963988 ], [ 2504856.52318976027891, 2538392.056476583238691 ], [ 2504856.52318976027891, 2538345.687461473513395 ], [ 2504856.52318976027891, 2538299.318446363322437 ], [ 2504856.52318976027891, 2538206.581382305826992 ], [ 2504856.52318976027891, 2538160.212367196101695 ], [ 2504856.52318976027891, 2538113.843352085910738 ], [ 2504856.52318976027891, 2538067.475303138140589 ], [ 2504902.89129348192364, 2538067.475303138140589 ], [ 2504902.89129348192364, 2538021.106288028415293 ], [ 2504949.259397203568369, 2537974.737272918224335 ], [ 2504995.627500925213099, 2537974.737272918224335 ], [ 2505041.995604646857828, 2537928.369223970454186 ], [ 2505134.732778233010322, 2537882.00020886072889 ], [ 2505134.732778233010322, 2537835.631193751003593 ], [ 2505181.100881954655051, 2537835.631193751003593 ], [ 2505227.468985676299781, 2537789.262178640812635 ], [ 2505273.83708939794451, 2537742.894129693042487 ], [ 2505320.205193119589239, 2537742.894129693042487 ], [ 2505366.574262984097004, 2537696.52511458331719 ], [ 2505412.942366705741733, 2537696.52511458331719 ], [ 2505459.310470427386463, 2537650.156099473126233 ], [ 2505505.678574149031192, 2537603.787084363400936 ], [ 2505552.046677870675921, 2537603.787084363400936 ], [ 2505552.046677870675921, 2537557.419035415630788 ], [ 2505598.415747735183686, 2537511.050020305905491 ], [ 2505644.783851456828415, 2537464.681005195714533 ], [ 2505691.151955178473145, 2537464.681005195714533 ], [ 2505737.520058900117874, 2537464.681005195714533 ], [ 2505737.520058900117874, 2537418.311990085989237 ], [ 2505830.256266343407333, 2537371.943941138219088 ], [ 2505876.625336207915097, 2537325.574926028028131 ], [ 2505969.361543651204556, 2537279.205910918302834 ], [ 2506015.729647372849286, 2537232.837861970532686 ], [ 2506062.097751094494015, 2537186.468846860807389 ], [ 2506108.466820959467441, 2537186.468846860807389 ], [ 2506201.2030284027569, 2537093.730816640891135 ], [ 2506247.571132123935968, 2537047.362767693120986 ], [ 2506340.308305710554123, 2537000.993752582930028 ], [ 2506386.676409432198852, 2537000.993752582930028 ], [ 2506433.044513153843582, 2536954.624737473204732 ], [ 2506711.254101626574993, 2536769.149643195793033 ], [ 2506850.359378934372216, 2536676.412579137831926 ], [ 2506943.095586377661675, 2536583.674548918381333 ], [ 2507035.831793820951134, 2536537.306499970611185 ], [ 2507499.514763323124498, 2536212.724360363092273 ], [ 2507592.251936909742653, 2536119.987296305596828 ], [ 2507684.988144352566451, 2536073.618281195871532 ], [ 2507731.35624807421118, 2536073.618281195871532 ], [ 2507731.35624807421118, 2536027.250232247635722 ], [ 2507777.72435179585591, 2536027.250232247635722 ], [ 2507824.093421660829335, 2536027.250232247635722 ], [ 2507870.461525382474065, 2536027.250232247635722 ], [ 2508519.616909771226346, 2536027.250232247635722 ], [ 2508751.458394522313029, 2536027.250232247635722 ], [ 2509446.982848776038736, 2536027.250232247635722 ], [ 2509957.03392199985683, 2536027.250232247635722 ], [ 2510559.822168809827417, 2535980.881217137910426 ], [ 2511162.609449477400631, 2535980.881217137910426 ], [ 2511208.97755319904536, 2536027.250232247635722 ], [ 2511255.345656920690089, 2536027.250232247635722 ], [ 2511301.714726785197854, 2536027.250232247635722 ], [ 2511487.187141671776772, 2536027.250232247635722 ], [ 2511765.396730144508183, 2536027.250232247635722 ], [ 2512414.5530806761235, 2535980.881217137910426 ], [ 2513434.655227124225348, 2536027.250232247635722 ], [ 2514686.598858323413879, 2536027.250232247635722 ], [ 2514732.966962045058608, 2536027.250232247635722 ], [ 2514779.336031909566373, 2536027.250232247635722 ], [ 2515057.545620382297784, 2536027.250232247635722 ], [ 2515103.913724103942513, 2536027.250232247635722 ], [ 2515057.545620382297784, 2535980.881217137910426 ], [ 2515057.545620382297784, 2534682.555557195562869 ], [ 2515057.545620382297784, 2534357.974383750464767 ], [ 2515103.913724103942513, 2534357.974383750464767 ], [ 2515382.123312576673925, 2534357.974383750464767 ], [ 2515845.80628207931295, 2534357.974383750464767 ], [ 2515892.17438580095768, 2534357.974383750464767 ], [ 2515660.332901049405336, 2534126.131240525282919 ], [ 2515613.964797327760607, 2534079.762225415091962 ], [ 2515613.964797327760607, 2534033.393210305366665 ], [ 2515567.596693606581539, 2534033.393210305366665 ], [ 2515567.596693606581539, 2533987.024195195641369 ], [ 2515521.22858988493681, 2533894.287131137680262 ], [ 2515521.22858988493681, 2533801.549100918229669 ], [ 2515474.859520019963384, 2533708.812036860268563 ], [ 2515428.491416298318654, 2533616.074972802773118 ], [ 2515382.123312576673925, 2533569.70595769258216 ], [ 2515521.22858988493681, 2533476.967927473131567 ], [ 2515567.596693606581539, 2533476.967927473131567 ], [ 2515567.596693606581539, 2533430.599878524895757 ], [ 2515892.17438580095768, 2533245.124784247484058 ], [ 2515938.542489522602409, 2533198.755769137758762 ], [ 2516124.015870552044362, 2533291.492833195254207 ], [ 2516216.752077995333821, 2533337.861848305445164 ], [ 2516216.752077995333821, 2533384.230863415170461 ], [ 2516263.121147859841585, 2533384.230863415170461 ], [ 2516309.489251581486315, 2533384.230863415170461 ], [ 2516355.857355303131044, 2533384.230863415170461 ], [ 2516355.857355303131044, 2533430.599878524895757 ], [ 2516402.225459024775773, 2533430.599878524895757 ], [ 2516402.225459024775773, 2533476.967927473131567 ], [ 2516448.593562746420503, 2533476.967927473131567 ], [ 2516448.593562746420503, 2533523.336942582856864 ], [ 2516448.593562746420503, 2533569.70595769258216 ], [ 2516448.593562746420503, 2533616.074972802773118 ], [ 2516448.593562746420503, 2533662.443021750543267 ], [ 2516448.593562746420503, 2533708.812036860268563 ], [ 2516448.593562746420503, 2533755.18105196999386 ], [ 2516402.225459024775773, 2533755.18105196999386 ], [ 2516402.225459024775773, 2533801.549100918229669 ], [ 2516355.857355303131044, 2533801.549100918229669 ], [ 2516355.857355303131044, 2533847.918116027954966 ], [ 2516309.489251581486315, 2533847.918116027954966 ], [ 2516309.489251581486315, 2533894.287131137680262 ], [ 2516263.121147859841585, 2533894.287131137680262 ], [ 2516263.121147859841585, 2533940.65614624787122 ], [ 2516263.121147859841585, 2533987.024195195641369 ], [ 2516216.752077995333821, 2534033.393210305366665 ], [ 2516216.752077995333821, 2534079.762225415091962 ], [ 2516216.752077995333821, 2534126.131240525282919 ], [ 2516216.752077995333821, 2534172.499289473053068 ], [ 2516216.752077995333821, 2534218.868304582778364 ], [ 2516263.121147859841585, 2534265.237319692969322 ], [ 2516263.121147859841585, 2534311.605368640739471 ], [ 2516309.489251581486315, 2534357.974383750464767 ], [ 2516355.857355303131044, 2534357.974383750464767 ], [ 2516355.857355303131044, 2534404.343398860190064 ], [ 2516402.225459024775773, 2534404.343398860190064 ], [ 2516402.225459024775773, 2534450.712413970381021 ], [ 2516402.225459024775773, 2534497.08046291815117 ], [ 2516448.593562746420503, 2534497.08046291815117 ], [ 2516448.593562746420503, 2534543.449478027876467 ], [ 2516448.593562746420503, 2534589.818493138067424 ], [ 2516494.961666468065232, 2534589.818493138067424 ], [ 2516494.961666468065232, 2534636.187508247792721 ], [ 2516494.961666468065232, 2534682.555557195562869 ], [ 2516494.961666468065232, 2534728.924572305288166 ], [ 2516494.961666468065232, 2534775.293587415479124 ], [ 2516541.330736332572997, 2534775.293587415479124 ], [ 2516541.330736332572997, 2534821.66260252520442 ], [ 2516587.698840054217726, 2534821.66260252520442 ], [ 2516634.066943775862455, 2534821.66260252520442 ], [ 2516680.435047497507185, 2534821.66260252520442 ], [ 2516726.803151219151914, 2534821.66260252520442 ], [ 2516773.172221083659679, 2534821.66260252520442 ], [ 2516819.540324805304408, 2534821.66260252520442 ], [ 2516865.908428526949137, 2534821.66260252520442 ], [ 2516912.276532248593867, 2534821.66260252520442 ], [ 2516958.644635970238596, 2534821.66260252520442 ], [ 2517005.012739691883326, 2534821.66260252520442 ], [ 2517051.38180955639109, 2534821.66260252520442 ], [ 2517051.38180955639109, 2534775.293587415479124 ], [ 2517097.74991327803582, 2534775.293587415479124 ], [ 2517144.118016999680549, 2534775.293587415479124 ], [ 2517190.486120721325278, 2534775.293587415479124 ], [ 2517236.854224442970008, 2534775.293587415479124 ], [ 2517283.223294307943434, 2534775.293587415479124 ], [ 2517329.591398029588163, 2534775.293587415479124 ], [ 2517375.959501751232892, 2534775.293587415479124 ], [ 2517422.327605472877622, 2534775.293587415479124 ], [ 2517468.69570919405669, 2534775.293587415479124 ], [ 2517515.064779059030116, 2534775.293587415479124 ], [ 2517561.432882780674845, 2534775.293587415479124 ], [ 2517607.800986502319574, 2534775.293587415479124 ], [ 2517654.169090223964304, 2534821.66260252520442 ], [ 2517700.537193945609033, 2534821.66260252520442 ], [ 2517746.905297667253762, 2534821.66260252520442 ], [ 2517746.905297667253762, 2534868.030651472974569 ], [ 2517793.274367531761527, 2534868.030651472974569 ], [ 2517839.642471253406256, 2534868.030651472974569 ], [ 2517886.010574975050986, 2534868.030651472974569 ], [ 2517932.378678696695715, 2534868.030651472974569 ], [ 2517978.746782418340445, 2534868.030651472974569 ], [ 2518025.115852282848209, 2534868.030651472974569 ], [ 2518071.483956004492939, 2534868.030651472974569 ], [ 2518117.852059726137668, 2534868.030651472974569 ], [ 2518117.852059726137668, 2534821.66260252520442 ], [ 2518164.220163447782397, 2534821.66260252520442 ], [ 2518210.588267169427127, 2534821.66260252520442 ], [ 2518256.957337033934891, 2534821.66260252520442 ], [ 2518303.325440755579621, 2534821.66260252520442 ], [ 2518349.69354447722435, 2534821.66260252520442 ], [ 2518396.061648198869079, 2534821.66260252520442 ], [ 2518442.429751920513809, 2534821.66260252520442 ], [ 2518488.797855642158538, 2534821.66260252520442 ], [ 2518535.166925506666303, 2534821.66260252520442 ], [ 2518581.535029228311032, 2534821.66260252520442 ], [ 2518627.903132949955761, 2534821.66260252520442 ], [ 2518674.271236671600491, 2534821.66260252520442 ], [ 2518720.63934039324522, 2534821.66260252520442 ], [ 2518767.008410258218646, 2534821.66260252520442 ], [ 2518813.376513979863375, 2534821.66260252520442 ], [ 2518859.744617701042444, 2534868.030651472974569 ], [ 2518906.112721422687173, 2534868.030651472974569 ], [ 2518952.480825144331902, 2534868.030651472974569 ], [ 2518998.849895009305328, 2534868.030651472974569 ], [ 2519045.217998730950058, 2534868.030651472974569 ], [ 2519045.217998730950058, 2534821.66260252520442 ], [ 2519091.586102452594787, 2534821.66260252520442 ], [ 2519137.954206174239516, 2534821.66260252520442 ], [ 2519184.322309895884246, 2534821.66260252520442 ], [ 2519230.690413617528975, 2534821.66260252520442 ], [ 2519277.05948348203674, 2534821.66260252520442 ], [ 2519323.427587203681469, 2534821.66260252520442 ], [ 2519369.795690925326198, 2534821.66260252520442 ], [ 2519416.163794646970928, 2534775.293587415479124 ], [ 2519462.531898368615657, 2534775.293587415479124 ], [ 2519508.900968233123422, 2534775.293587415479124 ], [ 2519555.269071954768151, 2534775.293587415479124 ], [ 2519555.269071954768151, 2534728.924572305288166 ], [ 2519601.63717567641288, 2534728.924572305288166 ], [ 2519648.00527939805761, 2534728.924572305288166 ], [ 2519694.373383119702339, 2534728.924572305288166 ], [ 2519694.373383119702339, 2534682.555557195562869 ], [ 2519740.742452984210104, 2534682.555557195562869 ], [ 2519787.110556705854833, 2534682.555557195562869 ], [ 2519833.478660427499563, 2534682.555557195562869 ], [ 2519879.846764149144292, 2534682.555557195562869 ], [ 2519879.846764149144292, 2534728.924572305288166 ], [ 2519926.214867870789021, 2534728.924572305288166 ], [ 2519926.214867870789021, 2534775.293587415479124 ], [ 2519972.582971592433751, 2534821.66260252520442 ], [ 2519972.582971592433751, 2534868.030651472974569 ], [ 2519972.582971592433751, 2534914.399666583165526 ], [ 2519972.582971592433751, 2534960.768681692890823 ], [ 2519972.582971592433751, 2535007.136730640660971 ], [ 2519926.214867870789021, 2535007.136730640660971 ], [ 2519926.214867870789021, 2535053.505745750386268 ], [ 2519926.214867870789021, 2535099.874760860577226 ], [ 2519926.214867870789021, 2535146.243775970302522 ], [ 2519879.846764149144292, 2535146.243775970302522 ], [ 2519879.846764149144292, 2535192.611824918072671 ], [ 2519879.846764149144292, 2535238.980840028263628 ], [ 2519833.478660427499563, 2535238.980840028263628 ], [ 2519833.478660427499563, 2535285.349855137988925 ], [ 2519787.110556705854833, 2535331.718870247714221 ], [ 2519787.110556705854833, 2535378.08691919548437 ], [ 2519740.742452984210104, 2535378.08691919548437 ], [ 2519740.742452984210104, 2535424.455934305675328 ], [ 2519740.742452984210104, 2535470.824949415400624 ], [ 2519694.373383119702339, 2535470.824949415400624 ], [ 2519694.373383119702339, 2535563.562013473361731 ], [ 2519694.373383119702339, 2535656.300043692812324 ], [ 2519740.742452984210104, 2535702.668092640582472 ], [ 2519787.110556705854833, 2535795.406122860498726 ], [ 2519879.846764149144292, 2535841.775137970224023 ], [ 2519926.214867870789021, 2535888.143186917994171 ], [ 2519972.582971592433751, 2535888.143186917994171 ], [ 2519972.582971592433751, 2535934.512202028185129 ], [ 2519972.582971592433751, 2535980.881217137910426 ], [ 2519972.582971592433751, 2536027.250232247635722 ], [ 2519926.214867870789021, 2536073.618281195871532 ], [ 2519879.846764149144292, 2536073.618281195871532 ], [ 2519879.846764149144292, 2536119.987296305596828 ], [ 2519833.478660427499563, 2536166.356311415322125 ], [ 2519833.478660427499563, 2536212.724360363092273 ], [ 2519787.110556705854833, 2536212.724360363092273 ], [ 2519740.742452984210104, 2536259.093375473283231 ], [ 2519740.742452984210104, 2536305.462390583008528 ], [ 2519694.373383119702339, 2536351.831405692733824 ], [ 2519694.373383119702339, 2536444.568469750694931 ], [ 2519740.742452984210104, 2536537.306499970611185 ], [ 2519694.373383119702339, 2536583.674548918381333 ], [ 2519694.373383119702339, 2536630.04356402810663 ], [ 2519648.00527939805761, 2536630.04356402810663 ], [ 2519648.00527939805761, 2536676.412579137831926 ], [ 2519601.63717567641288, 2536676.412579137831926 ], [ 2519601.63717567641288, 2536630.04356402810663 ], [ 2519555.269071954768151, 2536630.04356402810663 ], [ 2519508.900968233123422, 2536630.04356402810663 ], [ 2519462.531898368615657, 2536630.04356402810663 ], [ 2519462.531898368615657, 2536583.674548918381333 ], [ 2519416.163794646970928, 2536583.674548918381333 ], [ 2519369.795690925326198, 2536630.04356402810663 ], [ 2519323.427587203681469, 2536630.04356402810663 ], [ 2519277.05948348203674, 2536630.04356402810663 ], [ 2519277.05948348203674, 2536676.412579137831926 ], [ 2519277.05948348203674, 2536722.781594248022884 ], [ 2519230.690413617528975, 2536722.781594248022884 ], [ 2519230.690413617528975, 2536815.518658305518329 ], [ 2519230.690413617528975, 2536861.887673415709287 ], [ 2519230.690413617528975, 2536908.255722363479435 ], [ 2519184.322309895884246, 2536954.624737473204732 ], [ 2519184.322309895884246, 2537000.993752582930028 ], [ 2519137.954206174239516, 2537047.362767693120986 ], [ 2519091.586102452594787, 2537093.730816640891135 ], [ 2519091.586102452594787, 2537140.099831750616431 ], [ 2519045.217998730950058, 2537140.099831750616431 ], [ 2519045.217998730950058, 2537186.468846860807389 ], [ 2518998.849895009305328, 2537186.468846860807389 ], [ 2518998.849895009305328, 2537232.837861970532686 ], [ 2518998.849895009305328, 2537279.205910918302834 ], [ 2518998.849895009305328, 2537325.574926028028131 ], [ 2518952.480825144331902, 2537325.574926028028131 ], [ 2518906.112721422687173, 2537371.943941138219088 ], [ 2518859.744617701042444, 2537371.943941138219088 ], [ 2518813.376513979863375, 2537371.943941138219088 ], [ 2518767.008410258218646, 2537371.943941138219088 ], [ 2518720.63934039324522, 2537371.943941138219088 ], [ 2518674.271236671600491, 2537371.943941138219088 ], [ 2518674.271236671600491, 2537418.311990085989237 ], [ 2518627.903132949955761, 2537418.311990085989237 ], [ 2518581.535029228311032, 2537418.311990085989237 ], [ 2518535.166925506666303, 2537418.311990085989237 ], [ 2518535.166925506666303, 2537464.681005195714533 ], [ 2518488.797855642158538, 2537464.681005195714533 ], [ 2518442.429751920513809, 2537464.681005195714533 ], [ 2518396.061648198869079, 2537464.681005195714533 ], [ 2518349.69354447722435, 2537464.681005195714533 ], [ 2518303.325440755579621, 2537464.681005195714533 ], [ 2518256.957337033934891, 2537511.050020305905491 ], [ 2518210.588267169427127, 2537557.419035415630788 ], [ 2518256.957337033934891, 2537603.787084363400936 ], [ 2518256.957337033934891, 2537650.156099473126233 ], [ 2518303.325440755579621, 2537696.52511458331719 ], [ 2518396.061648198869079, 2537696.52511458331719 ], [ 2518442.429751920513809, 2537742.894129693042487 ], [ 2518488.797855642158538, 2537742.894129693042487 ], [ 2518535.166925506666303, 2537742.894129693042487 ], [ 2518581.535029228311032, 2537696.52511458331719 ], [ 2518627.903132949955761, 2537650.156099473126233 ], [ 2518674.271236671600491, 2537650.156099473126233 ], [ 2518720.63934039324522, 2537603.787084363400936 ], [ 2518767.008410258218646, 2537603.787084363400936 ], [ 2518813.376513979863375, 2537603.787084363400936 ], [ 2518813.376513979863375, 2537650.156099473126233 ], [ 2518859.744617701042444, 2537650.156099473126233 ], [ 2518906.112721422687173, 2537650.156099473126233 ], [ 2518952.480825144331902, 2537650.156099473126233 ], [ 2518952.480825144331902, 2537696.52511458331719 ], [ 2518952.480825144331902, 2537742.894129693042487 ], [ 2518906.112721422687173, 2537789.262178640812635 ], [ 2518859.744617701042444, 2537789.262178640812635 ], [ 2518859.744617701042444, 2537835.631193751003593 ], [ 2518813.376513979863375, 2537835.631193751003593 ], [ 2518813.376513979863375, 2537882.00020886072889 ], [ 2518767.008410258218646, 2537928.369223970454186 ], [ 2518720.63934039324522, 2537928.369223970454186 ], [ 2518720.63934039324522, 2537974.737272918224335 ], [ 2518674.271236671600491, 2537974.737272918224335 ], [ 2518627.903132949955761, 2537974.737272918224335 ], [ 2518581.535029228311032, 2537974.737272918224335 ], [ 2518581.535029228311032, 2538021.106288028415293 ], [ 2518535.166925506666303, 2538021.106288028415293 ], [ 2518488.797855642158538, 2538067.475303138140589 ], [ 2518442.429751920513809, 2538113.843352085910738 ], [ 2518442.429751920513809, 2538160.212367196101695 ], [ 2518396.061648198869079, 2538160.212367196101695 ], [ 2518396.061648198869079, 2538206.581382305826992 ], [ 2518349.69354447722435, 2538206.581382305826992 ], [ 2518349.69354447722435, 2538252.950397415552288 ], [ 2518303.325440755579621, 2538252.950397415552288 ], [ 2518303.325440755579621, 2538299.318446363322437 ], [ 2518349.69354447722435, 2538299.318446363322437 ], [ 2518349.69354447722435, 2538345.687461473513395 ], [ 2518396.061648198869079, 2538345.687461473513395 ], [ 2518442.429751920513809, 2538345.687461473513395 ], [ 2518442.429751920513809, 2538392.056476583238691 ], [ 2518488.797855642158538, 2538392.056476583238691 ], [ 2518535.166925506666303, 2538392.056476583238691 ], [ 2518535.166925506666303, 2538438.425491692963988 ], [ 2518581.535029228311032, 2538438.425491692963988 ], [ 2518627.903132949955761, 2538438.425491692963988 ], [ 2518627.903132949955761, 2538484.793540641199797 ], [ 2518674.271236671600491, 2538484.793540641199797 ], [ 2518674.271236671600491, 2538531.162555750925094 ], [ 2518720.63934039324522, 2538531.162555750925094 ], [ 2518720.63934039324522, 2538577.53157086065039 ], [ 2518767.008410258218646, 2538577.53157086065039 ], [ 2518767.008410258218646, 2538623.900585970841348 ], [ 2518767.008410258218646, 2538670.268634918611497 ], [ 2518767.008410258218646, 2538716.637650028336793 ], [ 2518813.376513979863375, 2538716.637650028336793 ], [ 2518813.376513979863375, 2538763.00666513806209 ], [ 2518813.376513979863375, 2538809.374714086297899 ], [ 2518813.376513979863375, 2538855.743729196023196 ], [ 2518859.744617701042444, 2538855.743729196023196 ], [ 2518859.744617701042444, 2538902.112744305748492 ], [ 2518859.744617701042444, 2538948.48175941593945 ], [ 2518906.112721422687173, 2538948.48175941593945 ], [ 2518906.112721422687173, 2538994.849808363709599 ], [ 2518952.480825144331902, 2538994.849808363709599 ], [ 2518952.480825144331902, 2539041.218823473434895 ], [ 2518998.849895009305328, 2539041.218823473434895 ], [ 2519045.217998730950058, 2539041.218823473434895 ], [ 2519091.586102452594787, 2539041.218823473434895 ], [ 2519091.586102452594787, 2539087.587838583160192 ], [ 2519137.954206174239516, 2539087.587838583160192 ], [ 2519137.954206174239516, 2539041.218823473434895 ], [ 2519184.322309895884246, 2539041.218823473434895 ], [ 2519230.690413617528975, 2539041.218823473434895 ], [ 2519230.690413617528975, 2538994.849808363709599 ], [ 2519277.05948348203674, 2538994.849808363709599 ], [ 2519277.05948348203674, 2538948.48175941593945 ], [ 2519323.427587203681469, 2538948.48175941593945 ], [ 2519369.795690925326198, 2538948.48175941593945 ], [ 2519416.163794646970928, 2538948.48175941593945 ], [ 2519462.531898368615657, 2538948.48175941593945 ], [ 2519462.531898368615657, 2538994.849808363709599 ], [ 2519508.900968233123422, 2538994.849808363709599 ], [ 2519508.900968233123422, 2539041.218823473434895 ], [ 2519508.900968233123422, 2539087.587838583160192 ], [ 2519508.900968233123422, 2539133.95685369335115 ], [ 2519462.531898368615657, 2539180.324902641121298 ], [ 2519508.900968233123422, 2539180.324902641121298 ], [ 2520436.265941094607115, 2539180.324902641121298 ], [ 2520436.265941094607115, 2539226.693917750846595 ], [ 2520436.265941094607115, 2539690.381170363631099 ], [ 2521456.368087542708963, 2539690.381170363631099 ], [ 2521502.737157407216728, 2539690.381170363631099 ], [ 2521827.314849601592869, 2539690.381170363631099 ], [ 2522012.788230631500483, 2539690.381170363631099 ], [ 2522198.260645517613739, 2539690.381170363631099 ], [ 2523032.89037707913667, 2539690.381170363631099 ], [ 2524470.307389307767153, 2539690.381170363631099 ], [ 2524655.77980419434607, 2539690.381170363631099 ], [ 2525351.304258448071778, 2539690.381170363631099 ], [ 2525397.672362169250846, 2539690.381170363631099 ], [ 2525444.040465890895575, 2539783.119200583547354 ], [ 2525490.409535755869001, 2539736.750185473356396 ], [ 2525536.777639477513731, 2539736.750185473356396 ], [ 2525536.777639477513731, 2539690.381170363631099 ], [ 2525583.14574319915846, 2539690.381170363631099 ], [ 2525583.14574319915846, 2539644.013121415860951 ], [ 2525629.513846920803189, 2539644.013121415860951 ], [ 2525675.881950642447919, 2539644.013121415860951 ], [ 2525722.251020506955683, 2539644.013121415860951 ], [ 2525768.619124228600413, 2539644.013121415860951 ], [ 2525954.092505258042365, 2539690.381170363631099 ], [ 2526000.460608979687095, 2539690.381170363631099 ], [ 2526649.615993368439376, 2539690.381170363631099 ], [ 2527020.562755427788943, 2539690.381170363631099 ], [ 2527020.562755427788943, 2539736.750185473356396 ], [ 2527066.930859149433672, 2539736.750185473356396 ], [ 2527066.930859149433672, 2539783.119200583547354 ], [ 2527066.930859149433672, 2539829.48821569327265 ], [ 2527020.562755427788943, 2539829.48821569327265 ], [ 2527020.562755427788943, 2539875.856264641042799 ], [ 2526974.194651706144214, 2539922.225279751233757 ], [ 2526927.825581841170788, 2539968.594294860959053 ], [ 2526927.825581841170788, 2540014.962343808729202 ], [ 2526881.457478119526058, 2540014.962343808729202 ], [ 2526881.457478119526058, 2540061.331358918454498 ], [ 2526835.089374397881329, 2540061.331358918454498 ], [ 2526835.089374397881329, 2540014.962343808729202 ], [ 2526788.7212706762366, 2540014.962343808729202 ], [ 2526742.353166955057532, 2540014.962343808729202 ], [ 2526695.985063233412802, 2540014.962343808729202 ], [ 2526695.985063233412802, 2539968.594294860959053 ], [ 2526649.615993368439376, 2539968.594294860959053 ], [ 2526649.615993368439376, 2540014.962343808729202 ], [ 2526649.615993368439376, 2540061.331358918454498 ], [ 2526695.985063233412802, 2540061.331358918454498 ], [ 2526649.615993368439376, 2540107.700374028645456 ], [ 2526603.247889646794647, 2540107.700374028645456 ], [ 2526603.247889646794647, 2540154.069389138370752 ], [ 2526556.879785925149918, 2540154.069389138370752 ], [ 2526556.879785925149918, 2540200.437438086140901 ], [ 2526603.247889646794647, 2540200.437438086140901 ], [ 2526603.247889646794647, 2540246.806453196331859 ], [ 2526603.247889646794647, 2540293.175468306057155 ], [ 2526649.615993368439376, 2540293.175468306057155 ], [ 2526603.247889646794647, 2540293.175468306057155 ], [ 2526603.247889646794647, 2540339.544483415782452 ], [ 2526603.247889646794647, 2540385.9125323635526 ], [ 2526649.615993368439376, 2540432.281547473743558 ], [ 2526649.615993368439376, 2540385.9125323635526 ], [ 2526649.615993368439376, 2540432.281547473743558 ], [ 2526695.985063233412802, 2540432.281547473743558 ], [ 2526695.985063233412802, 2540478.650562583468854 ], [ 2526649.615993368439376, 2540478.650562583468854 ], [ 2526603.247889646794647, 2540478.650562583468854 ], [ 2526603.247889646794647, 2540525.019577693194151 ], [ 2526649.615993368439376, 2540525.019577693194151 ], [ 2526695.985063233412802, 2540525.019577693194151 ], [ 2526742.353166955057532, 2540525.019577693194151 ], [ 2526788.7212706762366, 2540525.019577693194151 ], [ 2526788.7212706762366, 2540571.387626640964299 ], [ 2526742.353166955057532, 2540571.387626640964299 ], [ 2526742.353166955057532, 2540617.756641751155257 ], [ 2526788.7212706762366, 2540617.756641751155257 ], [ 2526788.7212706762366, 2540664.125656860880554 ], [ 2526835.089374397881329, 2540664.125656860880554 ], [ 2526835.089374397881329, 2540617.756641751155257 ], [ 2526835.089374397881329, 2540571.387626640964299 ], [ 2526835.089374397881329, 2540617.756641751155257 ], [ 2526881.457478119526058, 2540617.756641751155257 ], [ 2526881.457478119526058, 2540664.125656860880554 ], [ 2526927.825581841170788, 2540664.125656860880554 ], [ 2526974.194651706144214, 2540664.125656860880554 ], [ 2527020.562755427788943, 2540664.125656860880554 ], [ 2527066.930859149433672, 2540664.125656860880554 ], [ 2527066.930859149433672, 2540710.493705808650702 ], [ 2527113.298962871078402, 2540710.493705808650702 ], [ 2527159.667066592723131, 2540710.493705808650702 ], [ 2527159.667066592723131, 2540756.86272091884166 ], [ 2527206.036136457230896, 2540756.86272091884166 ], [ 2527252.404240178875625, 2540756.86272091884166 ], [ 2527252.404240178875625, 2540710.493705808650702 ], [ 2527252.404240178875625, 2540756.86272091884166 ], [ 2527298.772343900520355, 2540756.86272091884166 ], [ 2527298.772343900520355, 2540803.231736028566957 ], [ 2527298.772343900520355, 2540756.86272091884166 ], [ 2527345.140447622165084, 2540756.86272091884166 ], [ 2527345.140447622165084, 2540710.493705808650702 ], [ 2527298.772343900520355, 2540710.493705808650702 ], [ 2527298.772343900520355, 2540664.125656860880554 ], [ 2527345.140447622165084, 2540664.125656860880554 ], [ 2527345.140447622165084, 2540710.493705808650702 ], [ 2527391.508551343809813, 2540710.493705808650702 ], [ 2527391.508551343809813, 2540664.125656860880554 ], [ 2527391.508551343809813, 2540710.493705808650702 ], [ 2527437.877621208317578, 2540710.493705808650702 ], [ 2527437.877621208317578, 2540756.86272091884166 ], [ 2527437.877621208317578, 2540803.231736028566957 ], [ 2527391.508551343809813, 2540803.231736028566957 ], [ 2527391.508551343809813, 2540849.600751138292253 ], [ 2527345.140447622165084, 2540849.600751138292253 ], [ 2527345.140447622165084, 2540895.968800086062402 ], [ 2527391.508551343809813, 2540895.968800086062402 ], [ 2527437.877621208317578, 2540895.968800086062402 ], [ 2527437.877621208317578, 2540942.337815196253359 ], [ 2527437.877621208317578, 2540988.706830305978656 ], [ 2527484.245724929962307, 2540988.706830305978656 ], [ 2527530.613828651607037, 2540988.706830305978656 ], [ 2527530.613828651607037, 2541035.075845415703952 ], [ 2527530.613828651607037, 2541081.443894363939762 ], [ 2527576.981932373251766, 2541081.443894363939762 ], [ 2527623.350036094896495, 2541081.443894363939762 ], [ 2527623.350036094896495, 2541127.812909473665059 ], [ 2527623.350036094896495, 2541174.181924583390355 ], [ 2527623.350036094896495, 2541220.549973531160504 ], [ 2527576.981932373251766, 2541220.549973531160504 ], [ 2527576.981932373251766, 2541266.918988641351461 ], [ 2527576.981932373251766, 2541313.288003751076758 ], [ 2527623.350036094896495, 2541313.288003751076758 ], [ 2527623.350036094896495, 2541359.657018860802054 ], [ 2527623.350036094896495, 2541406.025067809037864 ], [ 2527623.350036094896495, 2541452.394082918763161 ], [ 2527623.350036094896495, 2541498.763098028488457 ], [ 2527623.350036094896495, 2541545.132113138679415 ], [ 2527669.718139816541225, 2541545.132113138679415 ], [ 2527669.718139816541225, 2541591.500162086449564 ], [ 2527669.718139816541225, 2541545.132113138679415 ], [ 2527669.718139816541225, 2541591.500162086449564 ], [ 2527669.718139816541225, 2541637.86917719617486 ], [ 2527669.718139816541225, 2541591.500162086449564 ], [ 2527623.350036094896495, 2541591.500162086449564 ], [ 2527623.350036094896495, 2541637.86917719617486 ], [ 2527576.981932373251766, 2541637.86917719617486 ], [ 2527576.981932373251766, 2541684.238192305900156 ], [ 2527576.981932373251766, 2541730.607207416091114 ], [ 2527530.613828651607037, 2541730.607207416091114 ], [ 2527530.613828651607037, 2541776.975256363861263 ], [ 2527484.245724929962307, 2541776.975256363861263 ], [ 2527484.245724929962307, 2541823.344271473586559 ], [ 2527484.245724929962307, 2541776.975256363861263 ], [ 2527530.613828651607037, 2541776.975256363861263 ], [ 2527530.613828651607037, 2541823.344271473586559 ], [ 2527484.245724929962307, 2541823.344271473586559 ], [ 2527484.245724929962307, 2541869.713286583777517 ], [ 2527437.877621208317578, 2541869.713286583777517 ], [ 2527391.508551343809813, 2541869.713286583777517 ], [ 2527437.877621208317578, 2541916.081335531547666 ], [ 2527484.245724929962307, 2541916.081335531547666 ], [ 2527484.245724929962307, 2541962.450350641272962 ], [ 2527484.245724929962307, 2542008.819365750998259 ], [ 2527484.245724929962307, 2542055.188380861189216 ], [ 2527484.245724929962307, 2542101.556429808959365 ], [ 2527437.877621208317578, 2542101.556429808959365 ], [ 2527437.877621208317578, 2542147.925444918684661 ], [ 2527484.245724929962307, 2542147.925444918684661 ], [ 2527530.613828651607037, 2542147.925444918684661 ], [ 2527530.613828651607037, 2542194.294460028875619 ], [ 2527576.981932373251766, 2542194.294460028875619 ], [ 2527576.981932373251766, 2542240.663475138600916 ], [ 2527623.350036094896495, 2542240.663475138600916 ], [ 2527623.350036094896495, 2542287.031524086371064 ], [ 2527623.350036094896495, 2542333.400539196096361 ], [ 2527623.350036094896495, 2542379.769554306287318 ], [ 2527576.981932373251766, 2542379.769554306287318 ], [ 2527530.613828651607037, 2542379.769554306287318 ], [ 2527484.245724929962307, 2542379.769554306287318 ], [ 2527484.245724929962307, 2542333.400539196096361 ], [ 2527530.613828651607037, 2542333.400539196096361 ], [ 2527484.245724929962307, 2542333.400539196096361 ], [ 2527437.877621208317578, 2542333.400539196096361 ], [ 2527437.877621208317578, 2542379.769554306287318 ], [ 2527391.508551343809813, 2542379.769554306287318 ], [ 2527391.508551343809813, 2542426.138569416012615 ], [ 2527391.508551343809813, 2542472.506618363782763 ], [ 2527437.877621208317578, 2542472.506618363782763 ], [ 2527437.877621208317578, 2542518.875633473973721 ], [ 2527484.245724929962307, 2542518.875633473973721 ], [ 2527484.245724929962307, 2542565.244648583699018 ], [ 2527530.613828651607037, 2542565.244648583699018 ], [ 2527576.981932373251766, 2542565.244648583699018 ], [ 2527623.350036094896495, 2542565.244648583699018 ], [ 2527623.350036094896495, 2542611.612697531469166 ], [ 2527669.718139816541225, 2542611.612697531469166 ], [ 2527669.718139816541225, 2542657.981712641194463 ], [ 2527716.087209681048989, 2542657.981712641194463 ], [ 2527762.455313402693719, 2542657.981712641194463 ], [ 2527762.455313402693719, 2542704.350727751385421 ], [ 2527808.823417124338448, 2542704.350727751385421 ], [ 2527855.191520845983177, 2542704.350727751385421 ], [ 2527855.191520845983177, 2542750.719742861110717 ], [ 2527855.191520845983177, 2542797.087791808880866 ], [ 2527808.823417124338448, 2542797.087791808880866 ], [ 2527762.455313402693719, 2542797.087791808880866 ], [ 2527762.455313402693719, 2542843.456806919071823 ], [ 2527716.087209681048989, 2542843.456806919071823 ], [ 2527669.718139816541225, 2542843.456806919071823 ], [ 2527669.718139816541225, 2542889.82582202879712 ], [ 2527623.350036094896495, 2542889.82582202879712 ], [ 2527576.981932373251766, 2542889.82582202879712 ], [ 2527576.981932373251766, 2542843.456806919071823 ], [ 2527530.613828651607037, 2542843.456806919071823 ], [ 2527530.613828651607037, 2542797.087791808880866 ], [ 2527484.245724929962307, 2542797.087791808880866 ], [ 2527437.877621208317578, 2542797.087791808880866 ], [ 2527391.508551343809813, 2542797.087791808880866 ], [ 2527345.140447622165084, 2542797.087791808880866 ], [ 2527298.772343900520355, 2542797.087791808880866 ], [ 2527252.404240178875625, 2542797.087791808880866 ], [ 2527252.404240178875625, 2542843.456806919071823 ], [ 2527298.772343900520355, 2542889.82582202879712 ], [ 2527345.140447622165084, 2542889.82582202879712 ], [ 2527391.508551343809813, 2542889.82582202879712 ], [ 2527437.877621208317578, 2542889.82582202879712 ], [ 2527484.245724929962307, 2542936.194837138522416 ], [ 2527576.981932373251766, 2542936.194837138522416 ], [ 2527623.350036094896495, 2542936.194837138522416 ], [ 2527669.718139816541225, 2542936.194837138522416 ], [ 2527855.191520845983177, 2542936.194837138522416 ], [ 2527901.559624567627907, 2542936.194837138522416 ], [ 2527947.928694432135671, 2542936.194837138522416 ], [ 2528133.401109318714589, 2542936.194837138522416 ], [ 2528272.506386626511812, 2542982.562886086292565 ], [ 2528318.874490348156542, 2542982.562886086292565 ], [ 2528457.979767656419426, 2542982.562886086292565 ], [ 2528504.347871378064156, 2542982.562886086292565 ], [ 2528504.347871378064156, 2543028.931901196483523 ], [ 2528550.715975099708885, 2543168.037980364169925 ], [ 2528504.347871378064156, 2543168.037980364169925 ], [ 2528689.821252407506108, 2543399.882089751306921 ], [ 2528782.557459850795567, 2543538.988168918993324 ], [ 2528875.293667294085026, 2543678.094248086679727 ], [ 2528921.66273715859279, 2543863.569342364091426 ], [ 2529199.872325631324202, 2544373.625610086601228 ], [ 2529431.713810382410884, 2544883.681877809111029 ], [ 2529570.818121547345072, 2545161.895002306438982 ], [ 2529849.027710020076483, 2545625.582254919223487 ], [ 2530034.501091049984097, 2545996.532443474046886 ], [ 2530822.761752746533602, 2547573.070261751767248 ], [ 2531100.971341219265014, 2548129.495544584002346 ], [ 2531100.971341219265014, 2548175.863593532238156 ], [ 2531611.022414443083107, 2549149.60808002948761 ], [ 2531611.022414443083107, 2549195.976128977257758 ], [ 2531657.391484308056533, 2549195.976128977257758 ], [ 2531750.127691751345992, 2549195.976128977257758 ], [ 2531889.232002915814519, 2549195.976128977257758 ], [ 2532167.442557531874627, 2549195.976128977257758 ], [ 2532584.756457169540226, 2549195.976128977257758 ], [ 2532723.86173447733745, 2549195.976128977257758 ], [ 2532955.703219228424132, 2549195.976128977257758 ], [ 2533326.649015144445002, 2549195.976128977257758 ], [ 2533697.595777203794569, 2549195.976128977257758 ], [ 2534439.488335178699344, 2549195.976128977257758 ], [ 2534485.856438900344074, 2549195.976128977257758 ], [ 2535552.326689070090652, 2549195.976128977257758 ], [ 2536108.745866015553474, 2549195.976128977257758 ], [ 2536572.428835517726839, 2549195.976128977257758 ], [ 2538380.792609805706888, 2549149.60808002948761 ], [ 2538427.160713527351618, 2549149.60808002948761 ], [ 2538659.0021982784383, 2549149.60808002948761 ], [ 2539169.053271502256393, 2549149.60808002948761 ], [ 2539215.421375223901123, 2549149.60808002948761 ], [ 2539261.789478945545852, 2549149.60808002948761 ], [ 2539308.157582667190582, 2549149.60808002948761 ], [ 2539354.526652532164007, 2549149.60808002948761 ], [ 2539771.840552169829607, 2549149.60808002948761 ], [ 2539910.94582947762683, 2549149.60808002948761 ], [ 2539957.31393319927156, 2549149.60808002948761 ], [ 2540560.101213866379112, 2549149.60808002948761 ], [ 2541348.362841706257313, 2549149.60808002948761 ], [ 2543110.357546129263937, 2549149.60808002948761 ], [ 2543203.093753572553396, 2549149.60808002948761 ], [ 2543759.512930518016219, 2549149.60808002948761 ], [ 2543805.881034239660949, 2549149.60808002948761 ], [ 2544362.301177328452468, 2549149.60808002948761 ], [ 2544501.405488492920995, 2549149.60808002948761 ], [ 2544640.510765801183879, 2549149.60808002948761 ], [ 2544965.08845799556002, 2549149.60808002948761 ], [ 2545799.718189557082951, 2549149.60808002948761 ], [ 2546124.295881751459092, 2549149.60808002948761 ], [ 2546170.663985473103821, 2549149.60808002948761 ], [ 2546727.083162418566644, 2549149.60808002948761 ], [ 2547608.080997701734304, 2549103.239064919296652 ], [ 2549416.443805846385658, 2549103.239064919296652 ], [ 2550668.387437045108527, 2549103.239064919296652 ], [ 2551642.121479771565646, 2549103.239064919296652 ], [ 2551734.857687214855105, 2549103.239064919296652 ], [ 2551781.226757079362869, 2549103.239064919296652 ], [ 2551781.226757079362869, 2549242.345144086983055 ], [ 2551827.594860801007599, 2549288.714159197174013 ], [ 2551873.962964522652328, 2549288.714159197174013 ], [ 2551873.962964522652328, 2549335.083174306899309 ], [ 2551873.962964522652328, 2549381.451223254669458 ], [ 2551920.331068244297057, 2549335.083174306899309 ], [ 2551920.331068244297057, 2549288.714159197174013 ], [ 2551966.699171965941787, 2549335.083174306899309 ], [ 2552013.068241830449551, 2549335.083174306899309 ], [ 2552013.068241830449551, 2549288.714159197174013 ], [ 2551966.699171965941787, 2549288.714159197174013 ], [ 2551966.699171965941787, 2549242.345144086983055 ], [ 2551920.331068244297057, 2549242.345144086983055 ], [ 2551920.331068244297057, 2549195.976128977257758 ], [ 2551966.699171965941787, 2549195.976128977257758 ], [ 2552013.068241830449551, 2549149.60808002948761 ], [ 2552013.068241830449551, 2549195.976128977257758 ], [ 2552059.436345552094281, 2549195.976128977257758 ], [ 2552059.436345552094281, 2549149.60808002948761 ], [ 2552059.436345552094281, 2549103.239064919296652 ], [ 2552105.80444927373901, 2549103.239064919296652 ], [ 2552105.80444927373901, 2549149.60808002948761 ], [ 2552152.172552995383739, 2549149.60808002948761 ], [ 2552198.540656717028469, 2549149.60808002948761 ], [ 2552198.540656717028469, 2549103.239064919296652 ], [ 2552244.908760438673198, 2549103.239064919296652 ], [ 2552291.277830303646624, 2549149.60808002948761 ], [ 2552337.645934025291353, 2549149.60808002948761 ], [ 2552384.014037746936083, 2549149.60808002948761 ], [ 2552430.382141468115151, 2549149.60808002948761 ], [ 2552430.382141468115151, 2549103.239064919296652 ], [ 2552430.382141468115151, 2549056.870049809571356 ], [ 2552430.382141468115151, 2549010.501034699846059 ], [ 2552476.75024518975988, 2549010.501034699846059 ], [ 2552523.119315054733306, 2549010.501034699846059 ], [ 2552569.487418776378036, 2549010.501034699846059 ], [ 2552569.487418776378036, 2548964.132985752075911 ], [ 2552523.119315054733306, 2548917.763970641884953 ], [ 2552569.487418776378036, 2548871.394955532159656 ], [ 2552569.487418776378036, 2548825.02594042243436 ], [ 2552615.855522498022765, 2548825.02594042243436 ], [ 2552662.223626219667494, 2548825.02594042243436 ], [ 2552708.591729941312224, 2548825.02594042243436 ], [ 2552708.591729941312224, 2548778.65789147419855 ], [ 2552754.960799805819988, 2548732.288876364473253 ], [ 2552801.328903527464718, 2548732.288876364473253 ], [ 2552801.328903527464718, 2548685.919861254747957 ], [ 2552847.697007249109447, 2548685.919861254747957 ], [ 2552847.697007249109447, 2548639.551812306977808 ], [ 2552894.065110970754176, 2548639.551812306977808 ], [ 2552894.065110970754176, 2548593.182797196786851 ], [ 2552940.433214692398906, 2548546.813782087061554 ], [ 2552940.433214692398906, 2548500.444766977336258 ], [ 2552940.433214692398906, 2548454.076718029100448 ], [ 2552940.433214692398906, 2548407.707702919375151 ], [ 2552940.433214692398906, 2548361.338687809649855 ], [ 2552986.801318414043635, 2548314.969672699458897 ], [ 2553033.1703882785514, 2548314.969672699458897 ], [ 2553033.1703882785514, 2548268.601623751688749 ], [ 2553450.484287916216999, 2548268.601623751688749 ], [ 2553682.325772667303681, 2548268.601623751688749 ], [ 2553728.693876388948411, 2548268.601623751688749 ], [ 2553775.062946253921837, 2548268.601623751688749 ], [ 2554563.323607950471342, 2548268.601623751688749 ], [ 2555027.006577452644706, 2548268.601623751688749 ], [ 2556047.108723900746554, 2548268.601623751688749 ], [ 2556557.159797124564648, 2548268.601623751688749 ], [ 2556557.159797124564648, 2548685.919861254747957 ], [ 2556557.159797124564648, 2549659.664347751997411 ], [ 2556557.159797124564648, 2551050.727071751840413 ], [ 2556557.159797124564648, 2551282.570214977487922 ], [ 2556557.159797124564648, 2552998.214112422429025 ], [ 2556557.159797124564648, 2555223.914277590345591 ], [ 2556603.527900846209377, 2555409.389371867757291 ], [ 2558226.418294104281813, 2555363.021322919987142 ], [ 2559802.939617497846484, 2555363.021322919987142 ], [ 2560683.936486638151109, 2555363.021322919987142 ], [ 2562260.458776174578816, 2555363.021322919987142 ], [ 2562909.614160563331097, 2555363.021322919987142 ], [ 2563883.348203289788216, 2555363.021322919987142 ], [ 2564254.294965348672122, 2555316.652307810261846 ], [ 2564300.663069070316851, 2555363.021322919987142 ], [ 2564347.031172791961581, 2555409.389371867757291 ], [ 2564393.39927651360631, 2555409.389371867757291 ], [ 2564393.39927651360631, 2555363.021322919987142 ], [ 2564439.768346378114074, 2555363.021322919987142 ], [ 2564486.136450099758804, 2555363.021322919987142 ], [ 2564486.136450099758804, 2555316.652307810261846 ], [ 2564578.872657543048263, 2555316.652307810261846 ], [ 2565598.974803991150111, 2555316.652307810261846 ], [ 2565598.974803991150111, 2555826.708575532771647 ], [ 2565598.974803991150111, 2556151.289748977869749 ], [ 2565598.974803991150111, 2556244.027779197786003 ], [ 2565598.974803991150111, 2556336.764843255281448 ], [ 2565598.974803991150111, 2556661.34601670037955 ], [ 2565598.974803991150111, 2556707.715031810104847 ], [ 2565598.974803991150111, 2556754.084046920295805 ], [ 2565552.606700269505382, 2556893.190126087982208 ], [ 2565552.606700269505382, 2556939.559141197707504 ], [ 2565506.238596547860652, 2557310.508363590575755 ], [ 2565552.606700269505382, 2557913.30266153300181 ], [ 2565552.606700269505382, 2559489.840479810722172 ], [ 2565552.606700269505382, 2559999.896747533231974 ], [ 2565552.606700269505382, 2561251.853392365854234 ], [ 2565552.606700269505382, 2561483.696535591036081 ], [ 2565552.606700269505382, 2561530.065550700761378 ], [ 2565552.606700269505382, 2561576.434565810952336 ], [ 2565552.606700269505382, 2561622.802614758722484 ], [ 2565506.238596547860652, 2561669.171629868447781 ], [ 2565506.238596547860652, 2561715.540644978173077 ], [ 2564996.187523324042559, 2562457.441022088285536 ] ] } },
{ "type": "Feature", "properties": { }, "geometry": { "type": "LineString", "coordinates": [ [ 2564996.187523324042559, 2562457.441022088285536 ], [ 2564949.819419602397829, 2562503.809071036055684 ], [ 2564949.819419602397829, 2562550.178086146246642 ], [ 2564949.819419602397829, 2562596.547101255971938 ], [ 2564949.819419602397829, 2562642.916116365697235 ], [ 2564949.819419602397829, 2563245.709448146168143 ], [ 2564949.819419602397829, 2563384.815527313854545 ], [ 2564949.819419602397829, 2563431.184542423579842 ], [ 2564949.819419602397829, 2563477.553557533305138 ], [ 2564949.819419602397829, 2563523.921606481540948 ], [ 2564949.819419602397829, 2563570.290621591266245 ], [ 2564949.819419602397829, 2563616.659636700991541 ], [ 2564949.819419602397829, 2563663.028651811182499 ], [ 2564949.819419602397829, 2563709.396700758952647 ], [ 2564996.187523324042559, 2563663.028651811182499 ], [ 2565042.555627045221627, 2563663.028651811182499 ], [ 2565042.555627045221627, 2563616.659636700991541 ], [ 2565088.923730766866356, 2563616.659636700991541 ], [ 2565135.291834488511086, 2563616.659636700991541 ], [ 2565135.291834488511086, 2563570.290621591266245 ], [ 2565181.660904353484511, 2563570.290621591266245 ], [ 2565181.660904353484511, 2563523.921606481540948 ], [ 2565228.029008075129241, 2563523.921606481540948 ], [ 2565274.39711179677397, 2563523.921606481540948 ], [ 2565320.7652155184187, 2563523.921606481540948 ], [ 2565367.133319240063429, 2563523.921606481540948 ], [ 2565413.502389104571193, 2563523.921606481540948 ], [ 2565459.870492826215923, 2563523.921606481540948 ], [ 2565506.238596547860652, 2563523.921606481540948 ], [ 2565506.238596547860652, 2563570.290621591266245 ], [ 2565552.606700269505382, 2563570.290621591266245 ], [ 2565598.974803991150111, 2563570.290621591266245 ], [ 2565598.974803991150111, 2563523.921606481540948 ], [ 2565645.34290771279484, 2563523.921606481540948 ], [ 2565645.34290771279484, 2563477.553557533305138 ], [ 2565691.711977577302605, 2563477.553557533305138 ], [ 2565738.080081298947334, 2563477.553557533305138 ], [ 2565784.448185020592064, 2563477.553557533305138 ], [ 2565784.448185020592064, 2563523.921606481540948 ], [ 2565830.816288742236793, 2563523.921606481540948 ], [ 2565877.184392463881522, 2563477.553557533305138 ], [ 2565923.553462328389287, 2563477.553557533305138 ], [ 2565923.553462328389287, 2563431.184542423579842 ], [ 2565969.921566050034016, 2563384.815527313854545 ], [ 2565969.921566050034016, 2563338.447478366084397 ], [ 2566016.289669771678746, 2563338.447478366084397 ], [ 2566016.289669771678746, 2563292.078463255893439 ], [ 2566016.289669771678746, 2563245.709448146168143 ], [ 2566062.657773493323475, 2563245.709448146168143 ], [ 2566109.025877214968204, 2563199.340433036442846 ], [ 2566155.394947079475969, 2563199.340433036442846 ], [ 2566201.763050801120698, 2563199.340433036442846 ], [ 2566248.131154522765428, 2563152.972384088207036 ], [ 2566294.499258244410157, 2563106.60336897848174 ], [ 2566294.499258244410157, 2563060.234353868756443 ], [ 2566294.499258244410157, 2563013.865338758565485 ], [ 2566340.867361966054887, 2562967.497289810795337 ], [ 2566340.867361966054887, 2562921.12827470107004 ], [ 2566340.867361966054887, 2562874.759259591344744 ], [ 2566387.235465687699616, 2562874.759259591344744 ], [ 2566387.235465687699616, 2562828.390244481153786 ], [ 2566387.235465687699616, 2562782.022195533383638 ], [ 2566387.235465687699616, 2562735.653180423658341 ], [ 2566340.867361966054887, 2562735.653180423658341 ], [ 2566340.867361966054887, 2562689.284165313467383 ], [ 2566294.499258244410157, 2562689.284165313467383 ], [ 2566294.499258244410157, 2562642.916116365697235 ], [ 2566248.131154522765428, 2562642.916116365697235 ], [ 2566248.131154522765428, 2562596.547101255971938 ], [ 2566248.131154522765428, 2562550.178086146246642 ], [ 2566294.499258244410157, 2562550.178086146246642 ], [ 2566340.867361966054887, 2562503.809071036055684 ], [ 2566387.235465687699616, 2562503.809071036055684 ], [ 2566433.604535552673042, 2562503.809071036055684 ], [ 2566433.604535552673042, 2562457.441022088285536 ] ] } }
]
}
