{
"type": "FeatureCollection",
"name": "fdp",
"crs": { "type": "name", "properties": { "name": "urn:ogc:def:crs:EPSG::3111" } },
"features": [
{ "type": "Feature", "properties": { }, "geometry": { "type": "LineString", "coordinates": [ [ 2328584.446780453436077, 2481880.867393878754228 ], [ 2329068.855477713979781, 2481792.792251837439835 ], [ 2329465.189282473176718, 2481748.754222020041198 ], [ 2329421.152295007836074, 2481572.60302034439519 ], [ 2329597.301162439864129, 2481616.641050161793828 ], [ 2329773.450029872357845, 2481792.792251837439835 ], [ 2329817.487017337698489, 2481792.792251837439835 ], [ 2330389.969689528923482, 2481088.187445134390146 ], [ 2330434.007594564929605, 2481088.187445134390146 ], [ 2330874.378386789467186, 2481044.149415317457169 ], [ 2331050.527254221495241, 2481044.149415317457169 ], [ 2331094.564241686835885, 2481000.112303093075752 ], [ 2331270.713109119329602, 2481000.112303093075752 ], [ 2331314.750096584670246, 2481000.112303093075752 ], [ 2331358.78708405001089, 2481000.112303093075752 ], [ 2331402.824989086017013, 2481000.112303093075752 ], [ 2331446.861976551357657, 2481000.112303093075752 ], [ 2331446.861976551357657, 2480956.074273275677115 ], [ 2331490.898964016698301, 2480956.074273275677115 ], [ 2332195.493516175076365, 2480912.036243458744138 ], [ 2332239.53050364041701, 2480867.998213641811162 ], [ 2332283.567491105757654, 2480867.998213641811162 ], [ 2332327.605396142229438, 2480867.998213641811162 ], [ 2332371.642383607570082, 2480867.998213641811162 ], [ 2332415.679371072445065, 2480867.998213641811162 ], [ 2332459.716358537785709, 2480867.998213641811162 ], [ 2332459.716358537785709, 2480823.961101417429745 ], [ 2332503.753346003126353, 2480823.961101417429745 ], [ 2332503.753346003126353, 2480779.923071600031108 ], [ 2332503.753346003126353, 2480735.885041783098131 ], [ 2332547.791251039598137, 2480735.885041783098131 ], [ 2332547.791251039598137, 2480691.847011965699494 ], [ 2332547.791251039598137, 2480647.809899741783738 ], [ 2332503.753346003126353, 2480647.809899741783738 ], [ 2332503.753346003126353, 2480603.771869924385101 ], [ 2332503.753346003126353, 2480559.733840107452124 ], [ 2332547.791251039598137, 2480515.695810290053487 ], [ 2332547.791251039598137, 2480471.65869806567207 ], [ 2332591.828238504938781, 2480471.65869806567207 ], [ 2332635.865225970279425, 2480471.65869806567207 ], [ 2332635.865225970279425, 2480427.620668248739094 ], [ 2332679.90221343562007, 2480427.620668248739094 ], [ 2332723.939200900960714, 2480383.582638431806117 ], [ 2332767.976188366301358, 2480383.582638431806117 ], [ 2332767.976188366301358, 2480339.5455262074247 ], [ 2332812.014093402773142, 2480295.507496390026063 ], [ 2332856.051080868113786, 2480251.469466573093086 ], [ 2332900.088068332988769, 2480207.431436755694449 ], [ 2332900.088068332988769, 2480163.394324531778693 ], [ 2332944.125055798329413, 2480119.356294714380056 ], [ 2332944.125055798329413, 2480075.318264897447079 ], [ 2332988.162043263670057, 2480031.280235080048442 ], [ 2332988.162043263670057, 2479987.243122855667025 ], [ 2333032.199948300141841, 2479987.243122855667025 ], [ 2333032.199948300141841, 2479943.205093038734049 ], [ 2333032.199948300141841, 2479899.167063221801072 ], [ 2333076.236935765482485, 2479899.167063221801072 ], [ 2333076.236935765482485, 2479855.129950997419655 ], [ 2333120.273923230823129, 2479811.091921180021018 ], [ 2333164.310910696163774, 2479767.053891363088042 ], [ 2333164.310910696163774, 2479723.015861545689404 ], [ 2333208.347898161504418, 2479723.015861545689404 ], [ 2333252.385803197976202, 2479678.978749321307987 ], [ 2333296.422790663316846, 2479678.978749321307987 ], [ 2333340.45977812865749, 2479678.978749321307987 ], [ 2333340.45977812865749, 2479634.940719504375011 ], [ 2333384.496765593532473, 2479590.902689687442034 ], [ 2333384.496765593532473, 2479546.864659870043397 ], [ 2333428.533753058873117, 2479546.864659870043397 ], [ 2333428.533753058873117, 2479502.82754764566198 ], [ 2333472.571658095344901, 2479502.82754764566198 ], [ 2333472.571658095344901, 2479546.864659870043397 ], [ 2333516.608645560685545, 2479590.902689687442034 ], [ 2333560.645633026026189, 2479546.864659870043397 ], [ 2333560.645633026026189, 2479502.82754764566198 ], [ 2333560.645633026026189, 2479458.789517828729004 ], [ 2333560.645633026026189, 2479414.751488011330366 ], [ 2333604.682620491366833, 2479370.71345819439739 ], [ 2333604.682620491366833, 2479326.676345970015973 ], [ 2333648.719607956707478, 2479326.676345970015973 ], [ 2333648.719607956707478, 2479282.638316153082997 ], [ 2333692.756595422048122, 2479282.638316153082997 ], [ 2333692.756595422048122, 2479238.600286335684359 ], [ 2333648.719607956707478, 2479238.600286335684359 ], [ 2333648.719607956707478, 2479194.563174111302942 ], [ 2333648.719607956707478, 2479150.525144294369966 ], [ 2333692.756595422048122, 2479150.525144294369966 ], [ 2333736.794500458519906, 2479150.525144294369966 ], [ 2333780.83148792386055, 2479106.48711447743699 ], [ 2333824.868475389201194, 2479150.525144294369966 ], [ 2333824.868475389201194, 2479194.563174111302942 ], [ 2333868.905462854076177, 2479194.563174111302942 ], [ 2333912.942450319416821, 2479194.563174111302942 ], [ 2333912.942450319416821, 2479150.525144294369966 ], [ 2333956.980355355888605, 2479106.48711447743699 ], [ 2334001.017342821229249, 2479106.48711447743699 ], [ 2334001.017342821229249, 2479062.449084660038352 ], [ 2334045.054330286569893, 2479062.449084660038352 ], [ 2334089.091317751910537, 2479062.449084660038352 ], [ 2334089.091317751910537, 2479018.411972435656935 ], [ 2334133.128305217251182, 2479018.411972435656935 ], [ 2334177.166210253722966, 2479018.411972435656935 ], [ 2334221.20319771906361, 2478974.373942618723959 ], [ 2334265.240185184404254, 2478974.373942618723959 ], [ 2334265.240185184404254, 2479018.411972435656935 ], [ 2334309.277172649744898, 2479018.411972435656935 ], [ 2334309.277172649744898, 2479062.449084660038352 ], [ 2334353.314160115085542, 2479062.449084660038352 ], [ 2334397.351147579960525, 2479018.411972435656935 ], [ 2334441.389052616432309, 2479018.411972435656935 ], [ 2334485.426040081772953, 2479062.449084660038352 ], [ 2334529.463027547113597, 2479018.411972435656935 ], [ 2334573.500015012454242, 2479018.411972435656935 ], [ 2334617.537002477794886, 2479018.411972435656935 ], [ 2334617.537002477794886, 2479062.449084660038352 ], [ 2334617.537002477794886, 2479106.48711447743699 ], [ 2334661.57490751426667, 2479150.525144294369966 ], [ 2334617.537002477794886, 2479150.525144294369966 ], [ 2334617.537002477794886, 2479194.563174111302942 ], [ 2334617.537002477794886, 2479238.600286335684359 ], [ 2334573.500015012454242, 2479282.638316153082997 ], [ 2334573.500015012454242, 2479326.676345970015973 ], [ 2334617.537002477794886, 2479326.676345970015973 ], [ 2334661.57490751426667, 2479282.638316153082997 ], [ 2334705.611894979607314, 2479282.638316153082997 ], [ 2334705.611894979607314, 2479326.676345970015973 ], [ 2334661.57490751426667, 2479326.676345970015973 ], [ 2334661.57490751426667, 2479370.71345819439739 ], [ 2334705.611894979607314, 2479370.71345819439739 ], [ 2334705.611894979607314, 2479414.751488011330366 ], [ 2334749.648882444947958, 2479414.751488011330366 ], [ 2334793.685869910288602, 2479414.751488011330366 ], [ 2334837.722857375629246, 2479370.71345819439739 ], [ 2334793.685869910288602, 2479370.71345819439739 ], [ 2334793.685869910288602, 2479326.676345970015973 ], [ 2334837.722857375629246, 2479326.676345970015973 ], [ 2334881.760762411635369, 2479282.638316153082997 ], [ 2334881.760762411635369, 2479238.600286335684359 ], [ 2334925.797749876976013, 2479238.600286335684359 ], [ 2334969.834737342316657, 2479282.638316153082997 ], [ 2335013.871724807657301, 2479282.638316153082997 ], [ 2335101.94569973833859, 2479282.638316153082997 ], [ 2335145.983604774810374, 2479282.638316153082997 ], [ 2335234.057579705491662, 2479282.638316153082997 ], [ 2335234.057579705491662, 2479326.676345970015973 ], [ 2335278.094567170832306, 2479326.676345970015973 ], [ 2335322.13155463617295, 2479326.676345970015973 ], [ 2335366.169459672179073, 2479326.676345970015973 ], [ 2335366.169459672179073, 2479282.638316153082997 ], [ 2335410.206447137519717, 2479282.638316153082997 ], [ 2335454.243434602860361, 2479282.638316153082997 ], [ 2335542.31740953354165, 2479370.71345819439739 ], [ 2335586.355314570013434, 2479370.71345819439739 ], [ 2335586.355314570013434, 2479414.751488011330366 ], [ 2335630.392302035354078, 2479414.751488011330366 ], [ 2335630.392302035354078, 2479458.789517828729004 ], [ 2335674.429289500694722, 2479458.789517828729004 ], [ 2335718.466276966035366, 2479458.789517828729004 ], [ 2335762.50326443137601, 2479458.789517828729004 ], [ 2335806.540251896716654, 2479458.789517828729004 ], [ 2335806.540251896716654, 2479414.751488011330366 ], [ 2335806.540251896716654, 2479370.71345819439739 ], [ 2335806.540251896716654, 2479326.676345970015973 ], [ 2335850.578156932722777, 2479326.676345970015973 ], [ 2335894.615144398063421, 2479326.676345970015973 ], [ 2335894.615144398063421, 2479370.71345819439739 ], [ 2335938.652131863404065, 2479326.676345970015973 ], [ 2335938.652131863404065, 2479282.638316153082997 ], [ 2335894.615144398063421, 2479282.638316153082997 ], [ 2335894.615144398063421, 2479238.600286335684359 ], [ 2335894.615144398063421, 2479194.563174111302942 ], [ 2335938.652131863404065, 2479194.563174111302942 ], [ 2335938.652131863404065, 2479150.525144294369966 ], [ 2335938.652131863404065, 2479106.48711447743699 ], [ 2335894.615144398063421, 2479106.48711447743699 ], [ 2335894.615144398063421, 2479062.449084660038352 ], [ 2335938.652131863404065, 2479062.449084660038352 ], [ 2335938.652131863404065, 2479018.411972435656935 ], [ 2335982.689119328744709, 2479062.449084660038352 ], [ 2336026.726106794085354, 2479018.411972435656935 ], [ 2336070.764011830557138, 2479018.411972435656935 ], [ 2336070.764011830557138, 2478974.373942618723959 ], [ 2336070.764011830557138, 2479018.411972435656935 ], [ 2336114.800999295897782, 2479018.411972435656935 ], [ 2336114.800999295897782, 2478974.373942618723959 ], [ 2336114.800999295897782, 2478930.335912801325321 ], [ 2336158.837986761238426, 2478930.335912801325321 ], [ 2336114.800999295897782, 2478930.335912801325321 ], [ 2336114.800999295897782, 2478886.297882984392345 ], [ 2336158.837986761238426, 2478886.297882984392345 ], [ 2336202.87497422657907, 2478886.297882984392345 ], [ 2336202.87497422657907, 2478842.260770760010928 ], [ 2336246.911961691919714, 2478842.260770760010928 ], [ 2336246.911961691919714, 2478798.222740943077952 ], [ 2336202.87497422657907, 2478798.222740943077952 ], [ 2336246.911961691919714, 2478798.222740943077952 ], [ 2336246.911961691919714, 2478754.184711125679314 ], [ 2336246.911961691919714, 2478710.146681308746338 ], [ 2336290.949866727925837, 2478754.184711125679314 ], [ 2336334.986854193266481, 2478754.184711125679314 ], [ 2336379.023841658607125, 2478754.184711125679314 ], [ 2336379.023841658607125, 2478710.146681308746338 ], [ 2336423.060829123947769, 2478710.146681308746338 ], [ 2336467.097816589288414, 2478710.146681308746338 ], [ 2336467.097816589288414, 2478754.184711125679314 ], [ 2336511.134804054629058, 2478754.184711125679314 ], [ 2336555.172709091100842, 2478754.184711125679314 ], [ 2336555.172709091100842, 2478710.146681308746338 ], [ 2336555.172709091100842, 2478666.109569084364921 ], [ 2336599.209696556441486, 2478666.109569084364921 ], [ 2336599.209696556441486, 2478622.071539266966283 ], [ 2336643.24668402178213, 2478622.071539266966283 ], [ 2336643.24668402178213, 2478578.033509450033307 ], [ 2336687.283671487122774, 2478578.033509450033307 ], [ 2336731.320658952463418, 2478578.033509450033307 ], [ 2336731.320658952463418, 2478533.99639722565189 ], [ 2336775.358563988469541, 2478533.99639722565189 ], [ 2336819.395551453810185, 2478489.958367408718914 ], [ 2336819.395551453810185, 2478533.99639722565189 ], [ 2336819.395551453810185, 2478489.958367408718914 ], [ 2336863.432538919150829, 2478489.958367408718914 ], [ 2336863.432538919150829, 2478445.920337591320276 ], [ 2336907.469526384491473, 2478445.920337591320276 ], [ 2336951.506513849832118, 2478445.920337591320276 ], [ 2336951.506513849832118, 2478489.958367408718914 ], [ 2336995.543501315172762, 2478489.958367408718914 ], [ 2337039.581406351644546, 2478489.958367408718914 ], [ 2337039.581406351644546, 2478533.99639722565189 ], [ 2337039.581406351644546, 2478578.033509450033307 ], [ 2337039.581406351644546, 2478622.071539266966283 ], [ 2337083.61839381698519, 2478622.071539266966283 ], [ 2337127.655381282325834, 2478622.071539266966283 ], [ 2337127.655381282325834, 2478578.033509450033307 ], [ 2337127.655381282325834, 2478622.071539266966283 ], [ 2337171.692368747666478, 2478622.071539266966283 ], [ 2337171.692368747666478, 2478666.109569084364921 ], [ 2337215.729356213007122, 2478666.109569084364921 ], [ 2337259.767261249013245, 2478666.109569084364921 ], [ 2337259.767261249013245, 2478710.146681308746338 ], [ 2337303.804248714353889, 2478710.146681308746338 ], [ 2337303.804248714353889, 2478666.109569084364921 ], [ 2337347.841236179694533, 2478666.109569084364921 ], [ 2337347.841236179694533, 2478622.071539266966283 ], [ 2337347.841236179694533, 2478578.033509450033307 ], [ 2337347.841236179694533, 2478533.99639722565189 ], [ 2337347.841236179694533, 2478489.958367408718914 ], [ 2337347.841236179694533, 2478445.920337591320276 ], [ 2337303.804248714353889, 2478401.8823077743873 ], [ 2337303.804248714353889, 2478357.845195550005883 ], [ 2337303.804248714353889, 2478313.807165733072907 ], [ 2337347.841236179694533, 2478269.769135915674269 ], [ 2337347.841236179694533, 2478225.731106098741293 ], [ 2337391.878223645035177, 2478225.731106098741293 ], [ 2337435.915211110375822, 2478225.731106098741293 ], [ 2337435.915211110375822, 2478269.769135915674269 ], [ 2337435.915211110375822, 2478313.807165733072907 ], [ 2337479.953116146847606, 2478269.769135915674269 ], [ 2337523.99010361218825, 2478269.769135915674269 ], [ 2337523.99010361218825, 2478225.731106098741293 ], [ 2337479.953116146847606, 2478181.693993874359876 ], [ 2337435.915211110375822, 2478181.693993874359876 ], [ 2337435.915211110375822, 2478137.655964056961238 ], [ 2337435.915211110375822, 2478093.617934240028262 ], [ 2337391.878223645035177, 2478093.617934240028262 ], [ 2337435.915211110375822, 2478049.580822015646845 ], [ 2337435.915211110375822, 2478005.542792198713869 ], [ 2337479.953116146847606, 2478005.542792198713869 ], [ 2337479.953116146847606, 2478049.580822015646845 ], [ 2337523.99010361218825, 2478049.580822015646845 ], [ 2337568.027091077528894, 2478049.580822015646845 ], [ 2337612.064078542869538, 2478049.580822015646845 ], [ 2337656.101066008210182, 2478049.580822015646845 ], [ 2337656.101066008210182, 2478005.542792198713869 ], [ 2337700.138053473550826, 2478005.542792198713869 ], [ 2337700.138053473550826, 2477961.504762381315231 ], [ 2337656.101066008210182, 2477961.504762381315231 ], [ 2337656.101066008210182, 2477917.466732564382255 ], [ 2337700.138053473550826, 2477917.466732564382255 ], [ 2337744.175958509556949, 2477917.466732564382255 ], [ 2337744.175958509556949, 2477873.429620340000838 ], [ 2337788.212945974897593, 2477873.429620340000838 ], [ 2337832.249933440238237, 2477873.429620340000838 ], [ 2337876.286920905578882, 2477917.466732564382255 ], [ 2337876.286920905578882, 2477873.429620340000838 ], [ 2337920.323908370919526, 2477873.429620340000838 ], [ 2337964.36181340739131, 2477873.429620340000838 ], [ 2337964.36181340739131, 2477829.391590523067862 ], [ 2337964.36181340739131, 2477785.353560705669224 ], [ 2337964.36181340739131, 2477741.315530888736248 ], [ 2338008.398800872731954, 2477741.315530888736248 ], [ 2338052.435788338072598, 2477741.315530888736248 ], [ 2338096.472775803413242, 2477741.315530888736248 ], [ 2338140.509763268753886, 2477785.353560705669224 ], [ 2338184.54766830522567, 2477785.353560705669224 ], [ 2338228.584655770100653, 2477785.353560705669224 ], [ 2338228.584655770100653, 2477741.315530888736248 ], [ 2338272.621643235441297, 2477697.278418664354831 ], [ 2338316.658630700781941, 2477653.240388846956193 ], [ 2338360.695618166122586, 2477653.240388846956193 ], [ 2338404.73260563146323, 2477653.240388846956193 ], [ 2338448.770510667935014, 2477653.240388846956193 ], [ 2338448.770510667935014, 2477609.202359030023217 ], [ 2338404.73260563146323, 2477609.202359030023217 ], [ 2338404.73260563146323, 2477565.164329213090241 ], [ 2338448.770510667935014, 2477565.164329213090241 ], [ 2338448.770510667935014, 2477521.127216988708824 ], [ 2338492.807498133275658, 2477521.127216988708824 ], [ 2338536.844485598616302, 2477521.127216988708824 ], [ 2338580.881473063956946, 2477521.127216988708824 ], [ 2338624.91846052929759, 2477521.127216988708824 ], [ 2338668.956365565769374, 2477521.127216988708824 ], [ 2338712.993353030644357, 2477565.164329213090241 ], [ 2338757.030340495985001, 2477565.164329213090241 ], [ 2338757.030340495985001, 2477521.127216988708824 ], [ 2338801.067327961325645, 2477521.127216988708824 ], [ 2338845.10431542666629, 2477521.127216988708824 ], [ 2338889.142220463138074, 2477521.127216988708824 ], [ 2338889.142220463138074, 2477565.164329213090241 ], [ 2338889.142220463138074, 2477609.202359030023217 ], [ 2338889.142220463138074, 2477653.240388846956193 ], [ 2338889.142220463138074, 2477697.278418664354831 ], [ 2338889.142220463138074, 2477653.240388846956193 ], [ 2338845.10431542666629, 2477697.278418664354831 ], [ 2338801.067327961325645, 2477741.315530888736248 ], [ 2338801.067327961325645, 2477785.353560705669224 ], [ 2338801.067327961325645, 2477829.391590523067862 ], [ 2338801.067327961325645, 2477873.429620340000838 ], [ 2338801.067327961325645, 2477917.466732564382255 ], [ 2338845.10431542666629, 2477917.466732564382255 ], [ 2338889.142220463138074, 2477961.504762381315231 ], [ 2338889.142220463138074, 2478005.542792198713869 ], [ 2338889.142220463138074, 2478049.580822015646845 ], [ 2338933.179207928478718, 2478049.580822015646845 ], [ 2338933.179207928478718, 2478093.617934240028262 ], [ 2338977.216195393819362, 2478093.617934240028262 ], [ 2338933.179207928478718, 2478093.617934240028262 ], [ 2338933.179207928478718, 2478137.655964056961238 ], [ 2338977.216195393819362, 2478137.655964056961238 ], [ 2339021.253182859160006, 2478137.655964056961238 ], [ 2339021.253182859160006, 2478181.693993874359876 ], [ 2339065.29017032450065, 2478181.693993874359876 ], [ 2339109.327157789841294, 2478181.693993874359876 ], [ 2339153.365062826313078, 2478181.693993874359876 ], [ 2339197.402050291188061, 2478181.693993874359876 ], [ 2339197.402050291188061, 2478225.731106098741293 ], [ 2339241.439037756528705, 2478269.769135915674269 ], [ 2339285.476025221869349, 2478269.769135915674269 ], [ 2339329.513012687209994, 2478269.769135915674269 ], [ 2339329.513012687209994, 2478313.807165733072907 ], [ 2339373.550917723681778, 2478313.807165733072907 ], [ 2339417.587905189022422, 2478313.807165733072907 ], [ 2339461.624892654363066, 2478357.845195550005883 ], [ 2339417.587905189022422, 2478357.845195550005883 ], [ 2339417.587905189022422, 2478401.8823077743873 ], [ 2339417.587905189022422, 2478445.920337591320276 ], [ 2339417.587905189022422, 2478489.958367408718914 ], [ 2339373.550917723681778, 2478533.99639722565189 ], [ 2339373.550917723681778, 2478578.033509450033307 ], [ 2339373.550917723681778, 2478622.071539266966283 ], [ 2339373.550917723681778, 2478666.109569084364921 ], [ 2339417.587905189022422, 2478666.109569084364921 ], [ 2339461.624892654363066, 2478710.146681308746338 ], [ 2339461.624892654363066, 2478666.109569084364921 ], [ 2339505.66188011970371, 2478666.109569084364921 ], [ 2339549.698867585044354, 2478622.071539266966283 ], [ 2339593.736772621516138, 2478622.071539266966283 ], [ 2339637.773760086856782, 2478666.109569084364921 ], [ 2339681.810747552197427, 2478666.109569084364921 ], [ 2339725.847735017072409, 2478666.109569084364921 ], [ 2339725.847735017072409, 2478710.146681308746338 ], [ 2339725.847735017072409, 2478754.184711125679314 ], [ 2339769.884722482413054, 2478754.184711125679314 ], [ 2339813.921709947753698, 2478754.184711125679314 ], [ 2339813.921709947753698, 2478798.222740943077952 ], [ 2339813.921709947753698, 2478842.260770760010928 ], [ 2339769.884722482413054, 2478842.260770760010928 ], [ 2339769.884722482413054, 2478886.297882984392345 ], [ 2339725.847735017072409, 2478930.335912801325321 ], [ 2339725.847735017072409, 2478974.373942618723959 ], [ 2339681.810747552197427, 2478974.373942618723959 ], [ 2339681.810747552197427, 2479018.411972435656935 ], [ 2339637.773760086856782, 2479018.411972435656935 ], [ 2339637.773760086856782, 2479062.449084660038352 ], [ 2339593.736772621516138, 2479062.449084660038352 ], [ 2339549.698867585044354, 2479062.449084660038352 ], [ 2339505.66188011970371, 2479106.48711447743699 ], [ 2339461.624892654363066, 2479106.48711447743699 ], [ 2339461.624892654363066, 2479150.525144294369966 ], [ 2339461.624892654363066, 2479194.563174111302942 ], [ 2339417.587905189022422, 2479238.600286335684359 ], [ 2339417.587905189022422, 2479282.638316153082997 ], [ 2339461.624892654363066, 2479282.638316153082997 ], [ 2339461.624892654363066, 2479326.676345970015973 ], [ 2339461.624892654363066, 2479370.71345819439739 ], [ 2339505.66188011970371, 2479370.71345819439739 ], [ 2339505.66188011970371, 2479414.751488011330366 ], [ 2339505.66188011970371, 2479458.789517828729004 ], [ 2339505.66188011970371, 2479502.82754764566198 ], [ 2339505.66188011970371, 2479546.864659870043397 ], [ 2339549.698867585044354, 2479546.864659870043397 ], [ 2339549.698867585044354, 2479590.902689687442034 ], [ 2339593.736772621516138, 2479590.902689687442034 ], [ 2339637.773760086856782, 2479546.864659870043397 ], [ 2339681.810747552197427, 2479546.864659870043397 ], [ 2339725.847735017072409, 2479546.864659870043397 ], [ 2339769.884722482413054, 2479546.864659870043397 ], [ 2339813.921709947753698, 2479546.864659870043397 ], [ 2339813.921709947753698, 2479502.82754764566198 ], [ 2339857.959614984225482, 2479502.82754764566198 ], [ 2339901.996602449566126, 2479502.82754764566198 ], [ 2339946.03358991490677, 2479458.789517828729004 ], [ 2339946.03358991490677, 2479502.82754764566198 ], [ 2339990.070577380247414, 2479502.82754764566198 ], [ 2339990.070577380247414, 2479546.864659870043397 ], [ 2339990.070577380247414, 2479590.902689687442034 ], [ 2339946.03358991490677, 2479590.902689687442034 ], [ 2339946.03358991490677, 2479634.940719504375011 ], [ 2339946.03358991490677, 2479678.978749321307987 ], [ 2339990.070577380247414, 2479678.978749321307987 ], [ 2339990.070577380247414, 2479723.015861545689404 ], [ 2339990.070577380247414, 2479767.053891363088042 ], [ 2339990.070577380247414, 2479811.091921180021018 ], [ 2339946.03358991490677, 2479811.091921180021018 ], [ 2339946.03358991490677, 2479855.129950997419655 ], [ 2339990.070577380247414, 2479855.129950997419655 ], [ 2339990.070577380247414, 2479899.167063221801072 ], [ 2339990.070577380247414, 2479943.205093038734049 ], [ 2339990.070577380247414, 2479987.243122855667025 ], [ 2340034.107564845588058, 2479987.243122855667025 ], [ 2340078.145469882059842, 2479987.243122855667025 ], [ 2340078.145469882059842, 2480031.280235080048442 ], [ 2340122.182457347400486, 2480031.280235080048442 ], [ 2340166.219444812741131, 2480031.280235080048442 ], [ 2340166.219444812741131, 2480075.318264897447079 ], [ 2340210.256432277616113, 2480075.318264897447079 ], [ 2340254.293419742956758, 2480075.318264897447079 ], [ 2340298.331324779428542, 2480075.318264897447079 ], [ 2340298.331324779428542, 2480119.356294714380056 ], [ 2340342.368312244769186, 2480119.356294714380056 ], [ 2340342.368312244769186, 2480163.394324531778693 ], [ 2340386.40529971010983, 2480163.394324531778693 ], [ 2340386.40529971010983, 2480207.431436755694449 ], [ 2340430.442287175450474, 2480207.431436755694449 ], [ 2340430.442287175450474, 2480251.469466573093086 ], [ 2340386.40529971010983, 2480251.469466573093086 ], [ 2340386.40529971010983, 2480295.507496390026063 ], [ 2340342.368312244769186, 2480295.507496390026063 ], [ 2340342.368312244769186, 2480339.5455262074247 ], [ 2340298.331324779428542, 2480339.5455262074247 ], [ 2340298.331324779428542, 2480383.582638431806117 ], [ 2340298.331324779428542, 2480427.620668248739094 ], [ 2340298.331324779428542, 2480471.65869806567207 ], [ 2340342.368312244769186, 2480471.65869806567207 ], [ 2340342.368312244769186, 2480515.695810290053487 ], [ 2340342.368312244769186, 2480559.733840107452124 ], [ 2340342.368312244769186, 2480603.771869924385101 ], [ 2340386.40529971010983, 2480647.809899741783738 ], [ 2340386.40529971010983, 2480603.771869924385101 ], [ 2340430.442287175450474, 2480603.771869924385101 ], [ 2340430.442287175450474, 2480559.733840107452124 ], [ 2340474.479274640791118, 2480559.733840107452124 ], [ 2340518.516262106131762, 2480559.733840107452124 ], [ 2340562.554167142603546, 2480559.733840107452124 ], [ 2340606.591154607944191, 2480559.733840107452124 ], [ 2340606.591154607944191, 2480603.771869924385101 ], [ 2340606.591154607944191, 2480647.809899741783738 ], [ 2340606.591154607944191, 2480691.847011965699494 ], [ 2340606.591154607944191, 2480735.885041783098131 ], [ 2340606.591154607944191, 2480779.923071600031108 ], [ 2340650.628142073284835, 2480823.961101417429745 ], [ 2340694.665129538159817, 2480779.923071600031108 ], [ 2340738.702117003500462, 2480779.923071600031108 ], [ 2340738.702117003500462, 2480735.885041783098131 ], [ 2340782.740022039972246, 2480735.885041783098131 ], [ 2340826.77700950531289, 2480735.885041783098131 ], [ 2340870.813996970653534, 2480735.885041783098131 ], [ 2340914.850984435994178, 2480735.885041783098131 ], [ 2340958.887971901334822, 2480735.885041783098131 ], [ 2340958.887971901334822, 2480779.923071600031108 ], [ 2340958.887971901334822, 2480823.961101417429745 ], [ 2341002.924959366675466, 2480823.961101417429745 ], [ 2341046.96286440314725, 2480823.961101417429745 ], [ 2341090.999851868487895, 2480867.998213641811162 ], [ 2341090.999851868487895, 2480912.036243458744138 ], [ 2341135.036839333828539, 2480956.074273275677115 ], [ 2341135.036839333828539, 2481000.112303093075752 ], [ 2341179.073826798703521, 2481000.112303093075752 ], [ 2341179.073826798703521, 2481044.149415317457169 ], [ 2341223.110814264044166, 2481044.149415317457169 ], [ 2341267.14871930051595, 2481088.187445134390146 ], [ 2341311.185706765856594, 2481088.187445134390146 ], [ 2341355.222694231197238, 2481088.187445134390146 ], [ 2341399.259681696537882, 2481132.225474951788783 ], [ 2341443.296669161878526, 2481132.225474951788783 ], [ 2341443.296669161878526, 2481176.2625871761702 ], [ 2341487.33457419835031, 2481176.2625871761702 ], [ 2341531.371561663690954, 2481220.300616993103176 ], [ 2341575.408549129031599, 2481264.338646810036153 ], [ 2341619.445536594372243, 2481308.37667662743479 ], [ 2341619.445536594372243, 2481352.413788851816207 ], [ 2341619.445536594372243, 2481396.451818668749183 ], [ 2341663.482524059712887, 2481396.451818668749183 ], [ 2341663.482524059712887, 2481440.489848486147821 ], [ 2341707.51951152458787, 2481484.527878303080797 ], [ 2341751.557416561059654, 2481484.527878303080797 ], [ 2341795.594404026400298, 2481484.527878303080797 ], [ 2341795.594404026400298, 2481440.489848486147821 ], [ 2341839.631391491740942, 2481440.489848486147821 ], [ 2341839.631391491740942, 2481484.527878303080797 ], [ 2341883.668378957081586, 2481484.527878303080797 ], [ 2341927.70536642242223, 2481484.527878303080797 ], [ 2341971.743271458894014, 2481484.527878303080797 ], [ 2341971.743271458894014, 2481528.564990527462214 ], [ 2341971.743271458894014, 2481572.60302034439519 ], [ 2342015.780258924234658, 2481572.60302034439519 ], [ 2342015.780258924234658, 2481616.641050161793828 ], [ 2342059.817246389575303, 2481616.641050161793828 ], [ 2342059.817246389575303, 2481572.60302034439519 ], [ 2342147.891221320256591, 2481528.564990527462214 ], [ 2342191.929126356262714, 2481484.527878303080797 ], [ 2342235.966113821603358, 2481484.527878303080797 ], [ 2342280.003101286944002, 2481484.527878303080797 ], [ 2342324.040088752284646, 2481484.527878303080797 ], [ 2342324.040088752284646, 2481440.489848486147821 ], [ 2342368.07707621762529, 2481396.451818668749183 ], [ 2342412.114063682965934, 2481352.413788851816207 ], [ 2342456.151968719437718, 2481352.413788851816207 ], [ 2342456.151968719437718, 2481308.37667662743479 ], [ 2342456.151968719437718, 2481264.338646810036153 ], [ 2342500.188956184778363, 2481264.338646810036153 ], [ 2342544.225943650119007, 2481264.338646810036153 ], [ 2342544.225943650119007, 2481220.300616993103176 ], [ 2342544.225943650119007, 2481176.2625871761702 ], [ 2342588.262931115459651, 2481132.225474951788783 ], [ 2342632.299918580800295, 2481132.225474951788783 ], [ 2342632.299918580800295, 2481088.187445134390146 ], [ 2342676.337823616806418, 2481088.187445134390146 ], [ 2342720.374811082147062, 2481088.187445134390146 ], [ 2342764.411798547487706, 2481088.187445134390146 ], [ 2342764.411798547487706, 2481044.149415317457169 ], [ 2342808.44878601282835, 2481044.149415317457169 ], [ 2342852.485773478168994, 2481044.149415317457169 ], [ 2342896.523678514640778, 2481000.112303093075752 ], [ 2342896.523678514640778, 2480956.074273275677115 ], [ 2342940.560665979981422, 2480956.074273275677115 ], [ 2342940.560665979981422, 2480912.036243458744138 ], [ 2342984.597653445322067, 2480912.036243458744138 ], [ 2342984.597653445322067, 2480867.998213641811162 ], [ 2342940.560665979981422, 2480867.998213641811162 ], [ 2342940.560665979981422, 2480823.961101417429745 ], [ 2342984.597653445322067, 2480823.961101417429745 ], [ 2342984.597653445322067, 2480779.923071600031108 ], [ 2342984.597653445322067, 2480735.885041783098131 ], [ 2343028.634640910662711, 2480735.885041783098131 ], [ 2343028.634640910662711, 2480691.847011965699494 ], [ 2343072.671628376003355, 2480691.847011965699494 ], [ 2343116.708615841343999, 2480691.847011965699494 ], [ 2343160.746520877350122, 2480691.847011965699494 ], [ 2343160.746520877350122, 2480647.809899741783738 ], [ 2343160.746520877350122, 2480603.771869924385101 ], [ 2343160.746520877350122, 2480559.733840107452124 ], [ 2343160.746520877350122, 2480515.695810290053487 ], [ 2343116.708615841343999, 2480471.65869806567207 ], [ 2343116.708615841343999, 2480427.620668248739094 ], [ 2343072.671628376003355, 2480427.620668248739094 ], [ 2343072.671628376003355, 2480383.582638431806117 ], [ 2343072.671628376003355, 2480339.5455262074247 ], [ 2343028.634640910662711, 2480339.5455262074247 ], [ 2343028.634640910662711, 2480295.507496390026063 ], [ 2343072.671628376003355, 2480295.507496390026063 ], [ 2343072.671628376003355, 2480251.469466573093086 ], [ 2343116.708615841343999, 2480251.469466573093086 ], [ 2343116.708615841343999, 2480207.431436755694449 ], [ 2343116.708615841343999, 2480163.394324531778693 ], [ 2343116.708615841343999, 2480119.356294714380056 ], [ 2343116.708615841343999, 2480075.318264897447079 ], [ 2343160.746520877350122, 2480075.318264897447079 ], [ 2343160.746520877350122, 2480031.280235080048442 ], [ 2343204.783508342690766, 2480031.280235080048442 ], [ 2343204.783508342690766, 2479987.243122855667025 ], [ 2343160.746520877350122, 2479943.205093038734049 ], [ 2343160.746520877350122, 2479899.167063221801072 ], [ 2343160.746520877350122, 2479855.129950997419655 ], [ 2343204.783508342690766, 2479855.129950997419655 ], [ 2343204.783508342690766, 2479811.091921180021018 ], [ 2343248.82049580803141, 2479811.091921180021018 ], [ 2343292.857483273372054, 2479855.129950997419655 ], [ 2343336.894470738712698, 2479811.091921180021018 ], [ 2343380.932375775184482, 2479767.053891363088042 ], [ 2343424.969363240525126, 2479767.053891363088042 ], [ 2343424.969363240525126, 2479723.015861545689404 ], [ 2343469.006350705865771, 2479723.015861545689404 ], [ 2343469.006350705865771, 2479678.978749321307987 ], [ 2343513.043338171206415, 2479634.940719504375011 ], [ 2343513.043338171206415, 2479590.902689687442034 ], [ 2343557.080325636547059, 2479546.864659870043397 ], [ 2343557.080325636547059, 2479590.902689687442034 ], [ 2343557.080325636547059, 2479546.864659870043397 ], [ 2343557.080325636547059, 2479502.82754764566198 ], [ 2343601.118230672553182, 2479502.82754764566198 ], [ 2343645.155218137893826, 2479502.82754764566198 ], [ 2343689.19220560323447, 2479502.82754764566198 ], [ 2343733.229193068575114, 2479458.789517828729004 ], [ 2343733.229193068575114, 2479414.751488011330366 ], [ 2343777.266180533915758, 2479414.751488011330366 ], [ 2343821.303167999256402, 2479414.751488011330366 ], [ 2343865.341073035728186, 2479370.71345819439739 ], [ 2343909.37806050106883, 2479370.71345819439739 ], [ 2343953.415047966409475, 2479370.71345819439739 ], [ 2343997.452035431750119, 2479370.71345819439739 ], [ 2344041.489022897090763, 2479370.71345819439739 ], [ 2344041.489022897090763, 2479414.751488011330366 ], [ 2344085.526927933096886, 2479414.751488011330366 ], [ 2344129.56391539843753, 2479458.789517828729004 ], [ 2344173.600902863778174, 2479458.789517828729004 ], [ 2344173.600902863778174, 2479502.82754764566198 ], [ 2344217.637890329118818, 2479502.82754764566198 ], [ 2344261.674877794459462, 2479502.82754764566198 ], [ 2344261.674877794459462, 2479546.864659870043397 ], [ 2344305.711865259800106, 2479546.864659870043397 ], [ 2344349.74977029627189, 2479546.864659870043397 ], [ 2344393.786757761612535, 2479546.864659870043397 ], [ 2344437.823745226953179, 2479546.864659870043397 ], [ 2344481.860732692293823, 2479546.864659870043397 ], [ 2344525.897720157634467, 2479546.864659870043397 ], [ 2344569.93562519364059, 2479546.864659870043397 ], [ 2344569.93562519364059, 2479502.82754764566198 ], [ 2344569.93562519364059, 2479458.789517828729004 ], [ 2344569.93562519364059, 2479414.751488011330366 ], [ 2344569.93562519364059, 2479370.71345819439739 ], [ 2344613.972612658981234, 2479370.71345819439739 ], [ 2344613.972612658981234, 2479326.676345970015973 ], [ 2344613.972612658981234, 2479282.638316153082997 ], [ 2344658.009600124321878, 2479282.638316153082997 ], [ 2344702.046587589662522, 2479282.638316153082997 ], [ 2344702.046587589662522, 2479238.600286335684359 ], [ 2344746.083575055003166, 2479238.600286335684359 ], [ 2344746.083575055003166, 2479194.563174111302942 ], [ 2344746.083575055003166, 2479150.525144294369966 ], [ 2344746.083575055003166, 2479106.48711447743699 ], [ 2344790.12148009147495, 2479106.48711447743699 ], [ 2344790.12148009147495, 2479062.449084660038352 ], [ 2344790.12148009147495, 2479018.411972435656935 ], [ 2344834.158467556815594, 2479018.411972435656935 ], [ 2344834.158467556815594, 2478974.373942618723959 ], [ 2344834.158467556815594, 2478930.335912801325321 ], [ 2344878.195455022156239, 2478930.335912801325321 ], [ 2344922.232442487496883, 2478886.297882984392345 ], [ 2344966.269429952837527, 2478886.297882984392345 ], [ 2345010.306417418178171, 2478886.297882984392345 ], [ 2345054.344322454184294, 2478886.297882984392345 ], [ 2345054.344322454184294, 2478842.260770760010928 ], [ 2345098.381309919524938, 2478842.260770760010928 ], [ 2345142.418297384865582, 2478842.260770760010928 ], [ 2345142.418297384865582, 2478798.222740943077952 ], [ 2345142.418297384865582, 2478754.184711125679314 ], [ 2345186.455284850206226, 2478754.184711125679314 ], [ 2345230.49227231554687, 2478710.146681308746338 ], [ 2345274.530177352018654, 2478666.109569084364921 ], [ 2345318.567164817359298, 2478666.109569084364921 ], [ 2345318.567164817359298, 2478622.071539266966283 ], [ 2345362.604152282699943, 2478622.071539266966283 ], [ 2345406.641139748040587, 2478622.071539266966283 ], [ 2345406.641139748040587, 2478578.033509450033307 ], [ 2345450.678127213381231, 2478622.071539266966283 ], [ 2345450.678127213381231, 2478578.033509450033307 ], [ 2345494.716032249853015, 2478578.033509450033307 ], [ 2345538.753019714727998, 2478578.033509450033307 ], [ 2345582.790007180068642, 2478578.033509450033307 ], [ 2345582.790007180068642, 2478533.99639722565189 ], [ 2345626.826994645409286, 2478533.99639722565189 ], [ 2345670.86398211074993, 2478533.99639722565189 ], [ 2345670.86398211074993, 2478489.958367408718914 ], [ 2345714.900969576090574, 2478489.958367408718914 ], [ 2345758.938874612562358, 2478489.958367408718914 ], [ 2345802.975862077903003, 2478445.920337591320276 ], [ 2345847.012849543243647, 2478401.8823077743873 ], [ 2345802.975862077903003, 2478357.845195550005883 ], [ 2345847.012849543243647, 2478357.845195550005883 ], [ 2345847.012849543243647, 2478313.807165733072907 ], [ 2345891.049837008584291, 2478313.807165733072907 ], [ 2345891.049837008584291, 2478269.769135915674269 ], [ 2345935.086824473924935, 2478269.769135915674269 ], [ 2345935.086824473924935, 2478225.731106098741293 ], [ 2345935.086824473924935, 2478181.693993874359876 ], [ 2345935.086824473924935, 2478137.655964056961238 ], [ 2345935.086824473924935, 2478093.617934240028262 ], [ 2345935.086824473924935, 2478049.580822015646845 ], [ 2345935.086824473924935, 2478005.542792198713869 ], [ 2345935.086824473924935, 2477961.504762381315231 ], [ 2345935.086824473924935, 2477917.466732564382255 ], [ 2345891.049837008584291, 2477873.429620340000838 ], [ 2345891.049837008584291, 2477829.391590523067862 ], [ 2345891.049837008584291, 2477785.353560705669224 ], [ 2345891.049837008584291, 2477741.315530888736248 ], [ 2345935.086824473924935, 2477741.315530888736248 ], [ 2345979.124729510396719, 2477697.278418664354831 ], [ 2345979.124729510396719, 2477653.240388846956193 ], [ 2345979.124729510396719, 2477609.202359030023217 ], [ 2345979.124729510396719, 2477565.164329213090241 ], [ 2346023.161716975271702, 2477565.164329213090241 ], [ 2346067.198704440612346, 2477521.127216988708824 ], [ 2346067.198704440612346, 2477477.089187171310186 ], [ 2346067.198704440612346, 2477433.05115735437721 ], [ 2346111.23569190595299, 2477389.014045129995793 ], [ 2346111.23569190595299, 2477344.976015312597156 ], [ 2346155.272679371293634, 2477344.976015312597156 ], [ 2346155.272679371293634, 2477300.937985495664179 ], [ 2346199.310584407765418, 2477300.937985495664179 ], [ 2346287.384559338446707, 2477256.899955678731203 ], [ 2346287.384559338446707, 2477212.862843454349786 ], [ 2346331.421546803787351, 2477212.862843454349786 ], [ 2346331.421546803787351, 2477168.824813636951149 ], [ 2346375.458534269127995, 2477124.786783820018172 ], [ 2346419.495521734468639, 2477080.748754003085196 ], [ 2346463.533426770940423, 2477036.711641778703779 ], [ 2346463.533426770940423, 2476992.673611961305141 ], [ 2346507.570414235815406, 2476992.673611961305141 ], [ 2346463.533426770940423, 2476948.635582144372165 ], [ 2346507.570414235815406, 2476904.597552326973528 ], [ 2346507.570414235815406, 2476860.560440102592111 ], [ 2346507.570414235815406, 2476816.522410285659134 ], [ 2346507.570414235815406, 2476772.484380468726158 ], [ 2346507.570414235815406, 2476728.447268244344741 ], [ 2346507.570414235815406, 2476684.409238426946104 ], [ 2346463.533426770940423, 2476640.371208610013127 ], [ 2346419.495521734468639, 2476640.371208610013127 ], [ 2346419.495521734468639, 2476596.33317879261449 ], [ 2346375.458534269127995, 2476552.296066568233073 ], [ 2346331.421546803787351, 2476552.296066568233073 ], [ 2346331.421546803787351, 2476508.258036751300097 ], [ 2346375.458534269127995, 2476464.22000693436712 ], [ 2346375.458534269127995, 2476420.181977116968483 ], [ 2346375.458534269127995, 2476376.144864892587066 ], [ 2346331.421546803787351, 2476376.144864892587066 ], [ 2346331.421546803787351, 2476332.106835075654089 ], [ 2346287.384559338446707, 2476332.106835075654089 ], [ 2346243.347571873106062, 2476332.106835075654089 ], [ 2346243.347571873106062, 2476288.068805258721113 ], [ 2346243.347571873106062, 2476244.031693034339696 ], [ 2346243.347571873106062, 2476199.993663216941059 ], [ 2346243.347571873106062, 2476155.955633400008082 ], [ 2346199.310584407765418, 2476155.955633400008082 ], [ 2346199.310584407765418, 2476111.917603582609445 ], [ 2346243.347571873106062, 2476067.880491358228028 ], [ 2346243.347571873106062, 2476023.842461541295052 ], [ 2346287.384559338446707, 2475979.804431724362075 ], [ 2346287.384559338446707, 2475935.766401906963438 ], [ 2346287.384559338446707, 2475891.729289682582021 ], [ 2346331.421546803787351, 2475847.691259865649045 ], [ 2346331.421546803787351, 2475803.653230048716068 ], [ 2346331.421546803787351, 2475759.615200231317431 ], [ 2346375.458534269127995, 2475759.615200231317431 ], [ 2346419.495521734468639, 2475759.615200231317431 ], [ 2346419.495521734468639, 2475715.578088006936014 ], [ 2346419.495521734468639, 2475671.540058190003037 ], [ 2346419.495521734468639, 2475627.5020283726044 ], [ 2346463.533426770940423, 2475627.5020283726044 ], [ 2346463.533426770940423, 2475583.464916148222983 ], [ 2346419.495521734468639, 2475539.426886331290007 ], [ 2346419.495521734468639, 2475495.38885651435703 ], [ 2346419.495521734468639, 2475451.350826696958393 ], [ 2346419.495521734468639, 2475407.313714472576976 ], [ 2346419.495521734468639, 2475363.275684655644 ], [ 2346419.495521734468639, 2475319.237654838245362 ], [ 2346419.495521734468639, 2475275.199625021312386 ], [ 2346463.533426770940423, 2475275.199625021312386 ], [ 2346463.533426770940423, 2475231.162512796930969 ], [ 2346463.533426770940423, 2475187.124482979997993 ], [ 2346507.570414235815406, 2475187.124482979997993 ], [ 2346507.570414235815406, 2475143.086453162599355 ], [ 2346551.60740170115605, 2475143.086453162599355 ], [ 2346551.60740170115605, 2475099.049340938217938 ], [ 2346595.644389166496694, 2475055.011311121284962 ], [ 2346639.681376631837338, 2475055.011311121284962 ], [ 2346639.681376631837338, 2475010.973281304351985 ], [ 2346639.681376631837338, 2474966.935251486953348 ], [ 2346683.719281668309122, 2474966.935251486953348 ], [ 2346683.719281668309122, 2474922.898139262571931 ], [ 2346639.681376631837338, 2474878.860109445638955 ], [ 2346595.644389166496694, 2474878.860109445638955 ], [ 2346595.644389166496694, 2474834.822079628240317 ], [ 2346595.644389166496694, 2474790.784049811307341 ], [ 2346595.644389166496694, 2474746.746937586925924 ], [ 2346595.644389166496694, 2474702.708907769992948 ], [ 2346639.681376631837338, 2474702.708907769992948 ], [ 2346639.681376631837338, 2474658.67087795259431 ], [ 2346639.681376631837338, 2474614.632848135661334 ], [ 2346639.681376631837338, 2474570.595735911279917 ], [ 2346639.681376631837338, 2474526.557706093881279 ], [ 2346683.719281668309122, 2474526.557706093881279 ], [ 2346683.719281668309122, 2474482.519676276948303 ], [ 2346727.756269133649766, 2474482.519676276948303 ], [ 2346727.756269133649766, 2474438.482564052566886 ], [ 2346771.793256598990411, 2474438.482564052566886 ], [ 2346771.793256598990411, 2474394.44453423563391 ], [ 2346815.830244064331055, 2474394.44453423563391 ], [ 2346815.830244064331055, 2474350.406504418235272 ], [ 2346859.867231529671699, 2474306.368474601302296 ], [ 2346859.867231529671699, 2474262.331362376920879 ], [ 2346903.905136566143483, 2474262.331362376920879 ], [ 2346903.905136566143483, 2474218.293332559987903 ], [ 2346947.942124031484127, 2474218.293332559987903 ], [ 2346947.942124031484127, 2474174.255302742589265 ], [ 2346991.979111496824771, 2474130.217272925656289 ], [ 2347036.016098961699754, 2474130.217272925656289 ], [ 2347036.016098961699754, 2474086.180160701274872 ], [ 2347080.053086427040398, 2474086.180160701274872 ], [ 2347080.053086427040398, 2474042.142130883876234 ], [ 2347124.090073892381042, 2474042.142130883876234 ], [ 2347124.090073892381042, 2473998.104101066943258 ], [ 2347124.090073892381042, 2473954.066071250010282 ], [ 2347124.090073892381042, 2473910.028959025628865 ], [ 2347168.127978928852826, 2473910.028959025628865 ], [ 2347168.127978928852826, 2473865.990929208230227 ], [ 2347212.16496639419347, 2473865.990929208230227 ], [ 2347256.201953859534115, 2473865.990929208230227 ], [ 2347256.201953859534115, 2473821.952899391297251 ], [ 2347256.201953859534115, 2473777.915787166915834 ], [ 2347300.238941324874759, 2473777.915787166915834 ], [ 2347300.238941324874759, 2473733.877757349982858 ], [ 2347344.275928790215403, 2473733.877757349982858 ], [ 2347388.313833826687187, 2473733.877757349982858 ], [ 2347388.313833826687187, 2473689.83972753258422 ], [ 2347432.350821292027831, 2473689.83972753258422 ], [ 2347432.350821292027831, 2473645.801697715651244 ], [ 2347432.350821292027831, 2473689.83972753258422 ], [ 2347476.387808757368475, 2473645.801697715651244 ], [ 2347520.424796222243458, 2473645.801697715651244 ], [ 2347520.424796222243458, 2473601.764585491269827 ], [ 2347520.424796222243458, 2473557.726555673871189 ], [ 2347564.461783687584102, 2473557.726555673871189 ], [ 2347564.461783687584102, 2473513.688525856938213 ], [ 2347608.499688724055886, 2473513.688525856938213 ], [ 2347608.499688724055886, 2473469.650496039539576 ], [ 2347608.499688724055886, 2473425.61338381562382 ], [ 2347608.499688724055886, 2473381.575353998225182 ], [ 2347652.53667618939653, 2473381.575353998225182 ], [ 2347652.53667618939653, 2473337.537324181292206 ], [ 2347696.573663654737175, 2473337.537324181292206 ], [ 2347696.573663654737175, 2473293.500211956910789 ], [ 2347696.573663654737175, 2473249.462182139512151 ], [ 2347740.610651120077819, 2473249.462182139512151 ], [ 2347740.610651120077819, 2473205.424152322579175 ], [ 2347740.610651120077819, 2473161.386122505646199 ], [ 2347740.610651120077819, 2473117.349010281264782 ], [ 2347740.610651120077819, 2473073.310980463866144 ], [ 2347784.647638585418463, 2473029.272950646933168 ], [ 2347784.647638585418463, 2472985.234920829534531 ], [ 2347784.647638585418463, 2472941.197808605618775 ], [ 2347784.647638585418463, 2472897.159778788220137 ], [ 2347828.684626050759107, 2472897.159778788220137 ], [ 2347828.684626050759107, 2472853.121748971287161 ], [ 2347828.684626050759107, 2472809.083719153888524 ], [ 2347828.684626050759107, 2472765.046606929507107 ], [ 2347828.684626050759107, 2472721.00857711257413 ], [ 2347784.647638585418463, 2472721.00857711257413 ], [ 2347828.684626050759107, 2472721.00857711257413 ], [ 2347828.684626050759107, 2472676.970547295641154 ], [ 2347872.722531087230891, 2472632.933435071259737 ], [ 2347872.722531087230891, 2472588.895405253861099 ], [ 2347916.759518552571535, 2472588.895405253861099 ], [ 2347916.759518552571535, 2472544.857375436928123 ], [ 2347916.759518552571535, 2472500.819345619529486 ], [ 2347916.759518552571535, 2472456.782233395148069 ], [ 2347916.759518552571535, 2472412.744203578215092 ], [ 2347916.759518552571535, 2472368.706173761282116 ], [ 2347916.759518552571535, 2472324.668143943883479 ], [ 2347960.796506017912179, 2472324.668143943883479 ], [ 2347960.796506017912179, 2472280.631031719502062 ], [ 2347960.796506017912179, 2472236.593001902569085 ], [ 2347960.796506017912179, 2472192.554972085170448 ], [ 2347960.796506017912179, 2472148.516942268237472 ], [ 2347916.759518552571535, 2472104.479830043856055 ], [ 2347960.796506017912179, 2472104.479830043856055 ], [ 2347960.796506017912179, 2472060.441800226923078 ], [ 2347960.796506017912179, 2472016.403770409524441 ], [ 2347960.796506017912179, 2471972.366658185143024 ], [ 2347960.796506017912179, 2471928.328628368210047 ], [ 2347960.796506017912179, 2471884.290598551277071 ], [ 2347960.796506017912179, 2471840.252568733878434 ], [ 2347960.796506017912179, 2471796.215456509497017 ], [ 2347960.796506017912179, 2471752.17742669256404 ], [ 2347916.759518552571535, 2471752.17742669256404 ], [ 2347916.759518552571535, 2471708.139396875165403 ], [ 2347916.759518552571535, 2471664.101367058232427 ], [ 2347916.759518552571535, 2471620.06425483385101 ], [ 2347916.759518552571535, 2471576.026225016918033 ], [ 2347960.796506017912179, 2471576.026225016918033 ], [ 2347960.796506017912179, 2471531.988195199519396 ], [ 2347960.796506017912179, 2471487.951082975137979 ], [ 2347960.796506017912179, 2471443.913053158205003 ], [ 2347960.796506017912179, 2471399.875023341272026 ], [ 2348004.833493482787162, 2471355.836993523873389 ], [ 2348004.833493482787162, 2471311.799881299491972 ], [ 2347960.796506017912179, 2471311.799881299491972 ], [ 2347960.796506017912179, 2471267.761851482558995 ], [ 2347960.796506017912179, 2471223.723821665160358 ], [ 2347960.796506017912179, 2471179.685791848227382 ], [ 2347960.796506017912179, 2471135.648679623845965 ], [ 2347916.759518552571535, 2471135.648679623845965 ], [ 2347960.796506017912179, 2471135.648679623845965 ], [ 2347960.796506017912179, 2471091.610649806912988 ], [ 2347916.759518552571535, 2471091.610649806912988 ], [ 2347916.759518552571535, 2471047.572619989514351 ], [ 2347960.796506017912179, 2471047.572619989514351 ], [ 2347916.759518552571535, 2471047.572619989514351 ], [ 2347916.759518552571535, 2471003.534590172581375 ], [ 2347916.759518552571535, 2470959.497477948199958 ], [ 2347872.722531087230891, 2470959.497477948199958 ], [ 2347872.722531087230891, 2470915.45944813080132 ], [ 2347872.722531087230891, 2470871.421418313868344 ], [ 2347872.722531087230891, 2470827.384306089486927 ], [ 2347872.722531087230891, 2470783.346276272553951 ], [ 2347872.722531087230891, 2470739.308246455155313 ], [ 2347828.684626050759107, 2470739.308246455155313 ], [ 2347828.684626050759107, 2470695.270216638222337 ], [ 2347828.684626050759107, 2470651.23310441384092 ], [ 2347784.647638585418463, 2470651.23310441384092 ], [ 2347784.647638585418463, 2470607.195074596907943 ], [ 2347784.647638585418463, 2470563.157044779509306 ], [ 2347784.647638585418463, 2470519.11901496257633 ], [ 2347784.647638585418463, 2470475.081902738194913 ], [ 2347740.610651120077819, 2470475.081902738194913 ], [ 2347784.647638585418463, 2470475.081902738194913 ], [ 2347784.647638585418463, 2470431.043872920796275 ], [ 2347740.610651120077819, 2470431.043872920796275 ], [ 2347740.610651120077819, 2470387.005843103863299 ], [ 2347740.610651120077819, 2470342.967813286930323 ], [ 2347696.573663654737175, 2470342.967813286930323 ], [ 2347696.573663654737175, 2470298.930701062548906 ], [ 2347696.573663654737175, 2470254.892671245150268 ], [ 2347696.573663654737175, 2470210.854641428217292 ], [ 2347696.573663654737175, 2470166.817529203835875 ], [ 2347696.573663654737175, 2470122.779499386437237 ], [ 2347696.573663654737175, 2470078.741469569504261 ], [ 2347740.610651120077819, 2470078.741469569504261 ], [ 2347740.610651120077819, 2470034.703439752571285 ], [ 2347740.610651120077819, 2469990.666327528189868 ], [ 2347784.647638585418463, 2469990.666327528189868 ], [ 2347784.647638585418463, 2469946.62829771079123 ], [ 2347784.647638585418463, 2469902.590267893858254 ], [ 2347784.647638585418463, 2469858.552238076925278 ], [ 2347784.647638585418463, 2469814.515125852543861 ], [ 2347740.610651120077819, 2469814.515125852543861 ], [ 2347740.610651120077819, 2469770.477096035145223 ], [ 2347740.610651120077819, 2469726.439066218212247 ], [ 2347740.610651120077819, 2469682.40195399383083 ], [ 2347784.647638585418463, 2469726.439066218212247 ], [ 2347784.647638585418463, 2469682.40195399383083 ], [ 2347828.684626050759107, 2469638.363924176432192 ], [ 2347784.647638585418463, 2469638.363924176432192 ], [ 2347784.647638585418463, 2469594.325894359499216 ], [ 2347828.684626050759107, 2469594.325894359499216 ], [ 2347828.684626050759107, 2469550.28786454256624 ], [ 2347828.684626050759107, 2469506.250752318184823 ], [ 2347872.722531087230891, 2469506.250752318184823 ], [ 2347872.722531087230891, 2469462.212722500786185 ], [ 2347828.684626050759107, 2469462.212722500786185 ], [ 2347872.722531087230891, 2469418.174692683853209 ], [ 2347872.722531087230891, 2469374.136662866454571 ], [ 2347828.684626050759107, 2469374.136662866454571 ], [ 2347828.684626050759107, 2469330.099550642538816 ], [ 2347872.722531087230891, 2469286.061520825140178 ], [ 2347872.722531087230891, 2469242.023491008207202 ], [ 2347916.759518552571535, 2469197.985461190808564 ], [ 2347960.796506017912179, 2469197.985461190808564 ], [ 2347960.796506017912179, 2469153.948348966427147 ], [ 2348004.833493482787162, 2469153.948348966427147 ], [ 2348004.833493482787162, 2469109.910319149494171 ], [ 2348004.833493482787162, 2469065.872289332561195 ], [ 2348004.833493482787162, 2469021.835177108179778 ], [ 2348048.870480948127806, 2469021.835177108179778 ], [ 2348048.870480948127806, 2468977.79714729078114 ], [ 2348048.870480948127806, 2468889.721087656449527 ], [ 2348048.870480948127806, 2468845.68397543206811 ], [ 2348092.90838598459959, 2468845.68397543206811 ], [ 2348136.945373449940234, 2468801.645945615135133 ], [ 2348180.982360915280879, 2468757.607915798202157 ], [ 2348180.982360915280879, 2468669.532773756422102 ], [ 2348225.019348380621523, 2468669.532773756422102 ], [ 2348225.019348380621523, 2468625.494743939489126 ], [ 2348225.019348380621523, 2468581.45671412255615 ], [ 2348269.056335845962167, 2468537.418684305157512 ], [ 2348269.056335845962167, 2468493.381572080776095 ], [ 2348269.056335845962167, 2468449.343542263843119 ], [ 2348269.056335845962167, 2468405.305512446444482 ], [ 2348269.056335845962167, 2468273.192340588197112 ], [ 2348269.056335845962167, 2468229.154310770798475 ], [ 2348269.056335845962167, 2468185.117198546417058 ], [ 2348269.056335845962167, 2468141.079168729484081 ], [ 2348269.056335845962167, 2468097.041138912085444 ], [ 2348313.093323311302811, 2468053.003109095152467 ], [ 2348313.093323311302811, 2468008.96599687077105 ], [ 2348357.131228347774595, 2467920.889937236439437 ], [ 2348357.131228347774595, 2467832.814795195125043 ], [ 2348401.168215813115239, 2467744.73873556079343 ], [ 2348401.168215813115239, 2467700.701623336412013 ], [ 2348445.205203278455883, 2467656.663593519479036 ], [ 2348489.242190743796527, 2467612.625563702080399 ], [ 2348489.242190743796527, 2467568.587533885147423 ], [ 2348489.242190743796527, 2467524.550421660766006 ], [ 2348489.242190743796527, 2467480.512391843833029 ], [ 2348445.205203278455883, 2467392.436332209501415 ], [ 2348445.205203278455883, 2467348.399219985119998 ], [ 2348489.242190743796527, 2467128.209988492075354 ], [ 2348269.056335845962167, 2467040.134846450760961 ], [ 2348225.019348380621523, 2466996.096816633827984 ], [ 2348180.982360915280879, 2466996.096816633827984 ], [ 2348136.945373449940234, 2466996.096816633827984 ], [ 2348136.945373449940234, 2466952.058786816429347 ], [ 2348092.90838598459959, 2466952.058786816429347 ], [ 2348048.870480948127806, 2466908.020756999496371 ], [ 2348004.833493482787162, 2466863.983644775114954 ], [ 2347960.796506017912179, 2466819.945614957716316 ], [ 2347916.759518552571535, 2466819.945614957716316 ], [ 2347872.722531087230891, 2466819.945614957716316 ], [ 2347828.684626050759107, 2466819.945614957716316 ], [ 2347784.647638585418463, 2466819.945614957716316 ], [ 2347740.610651120077819, 2466819.945614957716316 ], [ 2347740.610651120077819, 2466863.983644775114954 ], [ 2347696.573663654737175, 2466863.983644775114954 ], [ 2347652.53667618939653, 2466863.983644775114954 ], [ 2347608.499688724055886, 2466863.983644775114954 ] ] } },
{ "type": "Feature", "properties": { }, "geometry": { "type": "LineString", "coordinates": [ [ 2347608.499688724055886, 2466863.983644775114954 ], [ 2347564.461783687584102, 2466863.983644775114954 ], [ 2347564.461783687584102, 2466819.945614957716316 ], [ 2347520.424796222243458, 2466819.945614957716316 ], [ 2347476.387808757368475, 2466819.945614957716316 ], [ 2347432.350821292027831, 2466819.945614957716316 ], [ 2347388.313833826687187, 2466863.983644775114954 ], [ 2347388.313833826687187, 2466908.020756999496371 ], [ 2347344.275928790215403, 2466908.020756999496371 ], [ 2347344.275928790215403, 2466952.058786816429347 ], [ 2347300.238941324874759, 2466952.058786816429347 ], [ 2347256.201953859534115, 2466952.058786816429347 ], [ 2347212.16496639419347, 2466996.096816633827984 ], [ 2347168.127978928852826, 2466996.096816633827984 ], [ 2347124.090073892381042, 2467040.134846450760961 ], [ 2347080.053086427040398, 2467084.171958675142378 ], [ 2347036.016098961699754, 2467084.171958675142378 ], [ 2346947.942124031484127, 2467084.171958675142378 ], [ 2346903.905136566143483, 2467084.171958675142378 ], [ 2346859.867231529671699, 2467084.171958675142378 ], [ 2346815.830244064331055, 2467084.171958675142378 ], [ 2346727.756269133649766, 2467128.209988492075354 ], [ 2346683.719281668309122, 2467128.209988492075354 ], [ 2346639.681376631837338, 2467128.209988492075354 ], [ 2346595.644389166496694, 2467128.209988492075354 ], [ 2346507.570414235815406, 2467172.248018309473991 ], [ 2346463.533426770940423, 2467172.248018309473991 ], [ 2346419.495521734468639, 2467172.248018309473991 ], [ 2346375.458534269127995, 2467172.248018309473991 ], [ 2346331.421546803787351, 2467172.248018309473991 ], [ 2346331.421546803787351, 2467216.286048126406968 ], [ 2346243.347571873106062, 2467216.286048126406968 ], [ 2346155.272679371293634, 2467216.286048126406968 ], [ 2346111.23569190595299, 2467260.323160350788385 ], [ 2346023.161716975271702, 2467304.361190167721361 ], [ 2345979.124729510396719, 2467348.399219985119998 ], [ 2345935.086824473924935, 2467392.436332209501415 ], [ 2345891.049837008584291, 2467436.474362026434392 ], [ 2345847.012849543243647, 2467436.474362026434392 ], [ 2345847.012849543243647, 2467480.512391843833029 ], [ 2345802.975862077903003, 2467480.512391843833029 ], [ 2345758.938874612562358, 2467480.512391843833029 ], [ 2345714.900969576090574, 2467524.550421660766006 ], [ 2345670.86398211074993, 2467524.550421660766006 ], [ 2345626.826994645409286, 2467524.550421660766006 ], [ 2345582.790007180068642, 2467524.550421660766006 ], [ 2345538.753019714727998, 2467524.550421660766006 ], [ 2345494.716032249853015, 2467524.550421660766006 ], [ 2345494.716032249853015, 2467480.512391843833029 ], [ 2345450.678127213381231, 2467524.550421660766006 ], [ 2345450.678127213381231, 2467480.512391843833029 ], [ 2345450.678127213381231, 2467436.474362026434392 ], [ 2345450.678127213381231, 2467392.436332209501415 ], [ 2345406.641139748040587, 2467392.436332209501415 ], [ 2345362.604152282699943, 2467392.436332209501415 ], [ 2345362.604152282699943, 2467348.399219985119998 ], [ 2345274.530177352018654, 2467348.399219985119998 ], [ 2345230.49227231554687, 2467304.361190167721361 ], [ 2345142.418297384865582, 2467304.361190167721361 ], [ 2345054.344322454184294, 2467260.323160350788385 ], [ 2345010.306417418178171, 2467260.323160350788385 ], [ 2344966.269429952837527, 2467216.286048126406968 ], [ 2344922.232442487496883, 2467216.286048126406968 ], [ 2344834.158467556815594, 2467172.248018309473991 ], [ 2344790.12148009147495, 2467172.248018309473991 ], [ 2344746.083575055003166, 2467128.209988492075354 ], [ 2344702.046587589662522, 2467128.209988492075354 ], [ 2344658.009600124321878, 2467084.171958675142378 ], [ 2344613.972612658981234, 2467084.171958675142378 ], [ 2344569.93562519364059, 2467040.134846450760961 ], [ 2344525.897720157634467, 2467084.171958675142378 ], [ 2344437.823745226953179, 2467084.171958675142378 ], [ 2344437.823745226953179, 2467128.209988492075354 ], [ 2344393.786757761612535, 2467172.248018309473991 ], [ 2344305.711865259800106, 2467172.248018309473991 ], [ 2344261.674877794459462, 2467128.209988492075354 ], [ 2344217.637890329118818, 2467128.209988492075354 ], [ 2344173.600902863778174, 2467084.171958675142378 ], [ 2344129.56391539843753, 2467084.171958675142378 ], [ 2344085.526927933096886, 2467084.171958675142378 ], [ 2344041.489022897090763, 2467084.171958675142378 ], [ 2343997.452035431750119, 2467040.134846450760961 ], [ 2343953.415047966409475, 2466996.096816633827984 ], [ 2343953.415047966409475, 2466952.058786816429347 ], [ 2343909.37806050106883, 2466952.058786816429347 ], [ 2343821.303167999256402, 2466908.020756999496371 ], [ 2343733.229193068575114, 2466908.020756999496371 ], [ 2343601.118230672553182, 2466908.020756999496371 ], [ 2343557.080325636547059, 2466863.983644775114954 ], [ 2343513.043338171206415, 2466863.983644775114954 ], [ 2343424.969363240525126, 2466819.945614957716316 ], [ 2343336.894470738712698, 2466731.869555323850363 ], [ 2343248.82049580803141, 2466687.832443099468946 ], [ 2343160.746520877350122, 2466599.756383465137333 ], [ 2343028.634640910662711, 2466511.681241423822939 ], [ 2342984.597653445322067, 2466511.681241423822939 ] ] } },
{ "type": "Feature", "properties": { }, "geometry": { "type": "LineString", "coordinates": [ [ 2381164.814432382117957, 2529838.013927636202425 ], [ 2381164.814432382117957, 2529705.900755777489394 ], [ 2381164.814432382117957, 2529617.82469614315778 ], [ 2381120.777444916777313, 2529485.711524284444749 ], [ 2381076.73953988077119, 2529221.485180567484349 ], [ 2381032.702552415430546, 2528913.220807033125311 ], [ 2380856.554602554067969, 2528208.616000330075622 ], [ 2380812.516697517596185, 2527900.351626795716584 ], [ 2381605.186142177321017, 2527768.238454937469214 ], [ 2381649.223129642661661, 2527768.238454937469214 ], [ 2381605.186142177321017, 2527504.011193627491593 ], [ 2381561.149154712446034, 2527107.671678051352501 ], [ 2381561.149154712446034, 2526975.557588600087911 ], [ 2381649.223129642661661, 2526975.557588600087911 ], [ 2381649.223129642661661, 2526931.520476375706494 ], [ 2381605.186142177321017, 2526799.406386924441904 ], [ 2381517.11124967597425, 2526843.444416741840541 ], [ 2381429.037274745292962, 2526138.840527631342411 ], [ 2381252.888407312799245, 2526182.877639855723828 ], [ 2381120.777444916777313, 2526182.877639855723828 ], [ 2381032.702552415430546, 2526226.915669673122466 ], [ 2381296.925394778139889, 2525698.462064645718783 ], [ 2381429.037274745292962, 2525390.197691111359745 ], [ 2381517.11124967597425, 2525214.046489435713738 ], [ 2381605.186142177321017, 2525081.933317577000707 ], [ 2381649.223129642661661, 2524993.857257943134755 ], [ 2381693.260117108002305, 2524861.744086084421724 ], [ 2381693.260117108002305, 2524817.706973860040307 ], [ 2381737.297104573342949, 2524641.5557721843943 ], [ 2381781.334092038683593, 2524421.366540691349655 ], [ 2381781.334092038683593, 2524333.291398650035262 ], [ 2381781.334092038683593, 2524289.253368832636625 ], [ 2381825.371997075155377, 2524113.102167156990618 ], [ 2381825.371997075155377, 2524069.064137340057641 ], [ 2381825.371997075155377, 2523936.95096548134461 ], [ 2381869.408984540496022, 2523716.761733988765627 ], [ 2381913.445972005836666, 2523496.573420088272542 ], [ 2381913.445972005836666, 2523408.497360454406589 ], [ 2381913.445972005836666, 2523320.422218412626535 ], [ 2381957.48295947117731, 2523144.271016736980528 ], [ 2381957.48295947117731, 2523056.194957102648914 ], [ 2382001.519946936517954, 2522880.043755427002907 ], [ 2382045.557851972989738, 2522836.00664320262149 ], [ 2382045.557851972989738, 2522791.968613385688514 ], [ 2382089.594839437864721, 2522395.628180216997862 ], [ 2382133.631826903205365, 2522175.439866316970438 ], [ 2382133.631826903205365, 2522043.325776865705848 ], [ 2382177.668814368546009, 2521911.212605006992817 ], [ 2382177.668814368546009, 2521779.099433148279786 ], [ 2382221.705801833886653, 2521514.873089431319386 ], [ 2382221.705801833886653, 2521470.835059613920748 ], [ 2382221.705801833886653, 2521294.683857938274741 ], [ 2382177.668814368546009, 2521206.608715896960348 ], [ 2382133.631826903205365, 2521030.457514221314341 ], [ 2382133.631826903205365, 2520986.419484403915703 ], [ 2382133.631826903205365, 2520942.381454586982727 ], [ 2382133.631826903205365, 2520854.306312545668334 ], [ 2382133.631826903205365, 2520810.268282728269696 ], [ 2382089.594839437864721, 2520590.079051235690713 ], [ 2382045.557851972989738, 2520590.079051235690713 ], [ 2382045.557851972989738, 2520546.041939011309296 ], [ 2382045.557851972989738, 2520502.003909193910658 ], [ 2382001.519946936517954, 2520325.852707518264651 ], [ 2381957.48295947117731, 2520237.776647883933038 ], [ 2381957.48295947117731, 2520193.73953565955162 ], [ 2381957.48295947117731, 2520149.701505842618644 ], [ 2381957.48295947117731, 2520105.663476025685668 ], [ 2381957.48295947117731, 2520061.626363801304251 ], [ 2382001.519946936517954, 2519929.512274349574 ], [ 2382001.519946936517954, 2519885.475162125192583 ], [ 2382001.519946936517954, 2519841.437132308259606 ], [ 2382045.557851972989738, 2519753.361072673927993 ], [ 2382089.594839437864721, 2519753.361072673927993 ], [ 2382089.594839437864721, 2519709.323960449546576 ], [ 2382133.631826903205365, 2519665.285930632613599 ], [ 2382133.631826903205365, 2519621.247900815680623 ], [ 2382177.668814368546009, 2519621.247900815680623 ], [ 2382221.705801833886653, 2519577.209870998281986 ], [ 2382221.705801833886653, 2519533.172758773900568 ], [ 2382265.743706870358437, 2519533.172758773900568 ], [ 2382309.780694335699081, 2519489.134728956967592 ], [ 2382485.928644197061658, 2519401.059586915187538 ], [ 2382662.077511629089713, 2519312.983527281321585 ], [ 2382706.114499094430357, 2519268.945497463922948 ], [ 2382750.152404130902141, 2519268.945497463922948 ], [ 2382750.152404130902141, 2519224.908385239541531 ], [ 2382794.189391596242785, 2519224.908385239541531 ], [ 2383058.41223395941779, 2519136.832325605209917 ], [ 2383234.561101391445845, 2519092.794295788276941 ], [ 2383366.672063787467778, 2519048.757183563895524 ], [ 2383586.857918684836477, 2519004.719153746962547 ], [ 2383674.932811186648905, 2518960.68112392956391 ], [ 2383807.043773582670838, 2518960.68112392956391 ], [ 2383939.15565354982391, 2518916.644011705182493 ], [ 2383983.192641015164554, 2518872.605981888249516 ], [ 2384027.229628480505198, 2518872.605981888249516 ], [ 2384071.266615945380181, 2518872.605981888249516 ], [ 2384115.303603410720825, 2518828.56795207131654 ], [ 2384159.341508447192609, 2518828.56795207131654 ], [ 2384203.378495912533253, 2518828.56795207131654 ], [ 2384247.415483377873898, 2518784.529922253917903 ], [ 2384291.452470843214542, 2518740.492810029536486 ], [ 2384291.452470843214542, 2518696.454780212603509 ], [ 2384423.564350810367614, 2518564.341608353890479 ], [ 2384555.675313206389546, 2518432.227518902625889 ], [ 2384687.787193173076957, 2518344.152376860845834 ], [ 2384731.824180638417602, 2518300.114347043912858 ], [ 2384863.936060605570674, 2518123.963145368266851 ], [ 2384996.047023001592606, 2518035.888003326952457 ], [ 2385040.08401046693325, 2517947.811943692620844 ], [ 2385128.158902968280017, 2517903.774831468239427 ], [ 2385216.232877898961306, 2517815.698771833907813 ], [ 2385304.306852829642594, 2517683.585599975194782 ], [ 2385524.492707727476954, 2517507.434398299548775 ], [ 2385568.530612763483077, 2517463.396368482615799 ], [ 2385612.567600228823721, 2517419.359256258234382 ], [ 2385612.567600228823721, 2517375.321226440835744 ], [ 2385656.604587694164366, 2517243.208054582588375 ], [ 2385920.82743005733937, 2517199.170024765189737 ], [ 2385964.864417522680014, 2517199.170024765189737 ], [ 2386008.901404988020658, 2517199.170024765189737 ], [ 2386229.087259885389358, 2517155.131994948256761 ], [ 2386405.236127317883074, 2517155.131994948256761 ], [ 2386405.236127317883074, 2517111.094882723875344 ], [ 2386713.495957145933062, 2517067.056852906476706 ], [ 2386757.533862182404846, 2517067.056852906476706 ], [ 2386801.57084964774549, 2517067.056852906476706 ], [ 2386977.719717079773545, 2517023.01882308954373 ], [ 2387065.793692010454834, 2517023.01882308954373 ], [ 2387109.830679475795478, 2517023.01882308954373 ], [ 2387241.94255944294855, 2516978.980793272610754 ], [ 2387241.94255944294855, 2517023.01882308954373 ], [ 2387241.94255944294855, 2516934.943681048229337 ], [ 2387418.090509304311126, 2516934.943681048229337 ], [ 2387418.090509304311126, 2516978.980793272610754 ], [ 2387506.165401805657893, 2516934.943681048229337 ], [ 2387814.425231634173542, 2516890.905651230830699 ], [ 2387858.462219099514186, 2516890.905651230830699 ], [ 2388210.759953964035958, 2516890.905651230830699 ], [ 2389311.688310881145298, 2516714.754449555184692 ], [ 2389267.651323415804654, 2516318.41401638649404 ], [ 2389179.577348485123366, 2516318.41401638649404 ], [ 2389135.540361019782722, 2515966.111613035202026 ], [ 2389003.42848105262965, 2515085.35652224952355 ], [ 2389003.42848105262965, 2515041.318492432124913 ], [ 2389003.42848105262965, 2514997.280462615191936 ], [ 2389047.465468517970294, 2514909.205320573877543 ], [ 2389047.465468517970294, 2514821.129260939545929 ], [ 2389091.502455983310938, 2514777.092148715164512 ], [ 2388959.391493587289006, 2514733.054118897765875 ], [ 2388915.354506121948361, 2514689.016089080832899 ], [ 2388959.391493587289006, 2514644.978976856451482 ], [ 2389003.42848105262965, 2514600.940947039518505 ], [ 2389003.42848105262965, 2514556.902917222119868 ], [ 2389003.42848105262965, 2514468.827775180805475 ], [ 2389047.465468517970294, 2514424.789745363872498 ], [ 2389091.502455983310938, 2514380.751715546473861 ], [ 2389091.502455983310938, 2514292.676573505159467 ], [ 2389135.540361019782722, 2514204.600513870827854 ], [ 2389135.540361019782722, 2514160.562484053894877 ], [ 2389135.540361019782722, 2514072.487342012114823 ], [ 2389135.540361019782722, 2514028.449312195181847 ], [ 2389135.540361019782722, 2513984.41219997080043 ], [ 2389135.540361019782722, 2513940.374170153867453 ], [ 2389179.577348485123366, 2513940.374170153867453 ], [ 2389223.61433595046401, 2513940.374170153867453 ], [ 2389267.651323415804654, 2513940.374170153867453 ], [ 2389311.688310881145298, 2513940.374170153867453 ], [ 2389443.80019084783271, 2513940.374170153867453 ], [ 2389531.874165778513998, 2513940.374170153867453 ], [ 2389619.949058280326426, 2513940.374170153867453 ], [ 2389708.023033211007714, 2513896.336140336468816 ], [ 2389752.060020676348358, 2513896.336140336468816 ], [ 2389796.097008141689003, 2513896.336140336468816 ], [ 2389840.134913178160787, 2513896.336140336468816 ], [ 2389884.171900643035769, 2513896.336140336468816 ], [ 2389928.208888108376414, 2513896.336140336468816 ], [ 2389972.245875573717058, 2513852.29811051953584 ], [ 2390016.282863039057702, 2513852.29811051953584 ], [ 2390060.320768075529486, 2513852.29811051953584 ], [ 2390104.35775554087013, 2513852.29811051953584 ], [ 2390148.394743006210774, 2513852.29811051953584 ], [ 2390192.431730471551418, 2513852.29811051953584 ], [ 2390280.506622973363847, 2513808.260998295154423 ], [ 2390324.543610438704491, 2513808.260998295154423 ], [ 2391205.28611245797947, 2513499.996624760795385 ], [ 2391381.434979890007526, 2513455.958594943396747 ], [ 2391469.509872391819954, 2513455.958594943396747 ], [ 2391557.583847322501242, 2513411.920565126463771 ], [ 2391689.695727289654315, 2513367.882535309530795 ], [ 2391777.769702220335603, 2513367.882535309530795 ], [ 2391953.918569652363658, 2513279.80739326775074 ], [ 2391997.955557117704302, 2513279.80739326775074 ], [ 2392086.02953204838559, 2513235.769363450817764 ], [ 2392130.066519513726234, 2513235.769363450817764 ], [ 2392174.104424550198019, 2513235.769363450817764 ], [ 2392262.178399480879307, 2513235.769363450817764 ], [ 2392306.215386946219951, 2513235.769363450817764 ], [ 2392350.252374411560595, 2513235.769363450817764 ], [ 2392438.327266912907362, 2513235.769363450817764 ], [ 2392526.40124184358865, 2513235.769363450817764 ], [ 2392658.513121810741723, 2513279.80739326775074 ], [ 2392790.624084206763655, 2513279.80739326775074 ], [ 2392966.77295163879171, 2513279.80739326775074 ], [ 2393054.846926569472998, 2513323.845423085149378 ], [ 2393186.958806536626071, 2513323.845423085149378 ], [ 2393275.032781467307359, 2513323.845423085149378 ], [ 2393363.107673968654126, 2513279.80739326775074 ], [ 2393407.14466143399477, 2513279.80739326775074 ], [ 2393451.181648899335414, 2513279.80739326775074 ], [ 2393583.293528866488487, 2513235.769363450817764 ], [ 2393847.51637122919783, 2513191.731333633419126 ], [ 2394111.739213592372835, 2513103.656191592104733 ], [ 2394375.962055955082178, 2513059.618161775171757 ], [ 2394552.110923387575895, 2513015.580131957773119 ], [ 2394684.221885783597827, 2513015.580131957773119 ], [ 2394772.296778284944594, 2512971.543019733391702 ], [ 2394816.333765750285238, 2512971.543019733391702 ], [ 2394860.370753215625882, 2512971.543019733391702 ], [ 2394904.407740680966526, 2512971.543019733391702 ], [ 2394948.44472814630717, 2512971.543019733391702 ], [ 2395212.667570509482175, 2512927.504989916458726 ], [ 2395432.853425406850874, 2512883.46696009952575 ], [ 2395520.928317908663303, 2512883.46696009952575 ], [ 2395829.18814773671329, 2512839.429847875144333 ], [ 2395873.225135202053934, 2512839.429847875144333 ], [ 2396005.337015169207007, 2512795.391818057745695 ], [ 2396401.670819927938282, 2512751.353788240812719 ], [ 2396445.708724964410067, 2512751.353788240812719 ], [ 2396533.782699895091355, 2512751.353788240812719 ], [ 2396709.93156732711941, 2512707.315758423414081 ], [ 2396886.080434759613127, 2512707.315758423414081 ], [ 2397150.303277122788131, 2512663.278646199032664 ], [ 2397194.340264588128775, 2512619.240616382099688 ], [ 2397238.377252053003758, 2512575.202586565166712 ], [ 2397282.414239518344402, 2512531.164556747768074 ], [ 2397326.451226983685046, 2512487.127444523386657 ], [ 2397326.451226983685046, 2512443.089414706453681 ], [ 2397370.489132020156831, 2512310.97624284774065 ], [ 2397414.526119485497475, 2512222.900183213409036 ], [ 2397414.526119485497475, 2512178.863070989027619 ], [ 2397502.600094416178763, 2512178.863070989027619 ], [ 2397546.637081881519407, 2512178.863070989027619 ], [ 2397590.674986917991191, 2512178.863070989027619 ], [ 2397678.748961848672479, 2512178.863070989027619 ], [ 2397766.822936778888106, 2512178.863070989027619 ], [ 2397942.971804211381823, 2512134.825041172094643 ], [ 2398119.120671643875539, 2512134.825041172094643 ], [ 2398207.194646574091166, 2512090.787011355161667 ], [ 2398251.23163403943181, 2512046.748981537763029 ], [ 2398251.23163403943181, 2512002.711869313381612 ], [ 2398031.045779142063111, 2510505.427113866433501 ], [ 2398647.566356369759887, 2510417.351054232101887 ], [ 2398955.826186197809875, 2510373.31394200772047 ], [ 2398999.864091234281659, 2510373.31394200772047 ], [ 2398955.826186197809875, 2510373.31394200772047 ], [ 2398955.826186197809875, 2510329.275912190787494 ], [ 2398955.826186197809875, 2510285.237882373388857 ], [ 2398911.789198732469231, 2510241.19985255645588 ], [ 2398955.826186197809875, 2510197.162740332074463 ], [ 2398955.826186197809875, 2510153.124710514675826 ], [ 2398911.789198732469231, 2510153.124710514675826 ], [ 2398911.789198732469231, 2510109.08668069774285 ], [ 2398911.789198732469231, 2510065.048650880809873 ], [ 2398911.789198732469231, 2510021.011538656428456 ], [ 2398955.826186197809875, 2510021.011538656428456 ], [ 2398955.826186197809875, 2509976.973508839029819 ], [ 2398999.864091234281659, 2509976.973508839029819 ], [ 2398999.864091234281659, 2509932.935479022096843 ], [ 2398999.864091234281659, 2509888.898366797715425 ], [ 2399043.901078699622303, 2509888.898366797715425 ], [ 2399043.901078699622303, 2509844.860336980316788 ], [ 2399043.901078699622303, 2509800.822307163383812 ], [ 2399087.938066164962947, 2509800.822307163383812 ], [ 2399087.938066164962947, 2509756.784277346450835 ], [ 2399087.938066164962947, 2509712.747165122069418 ], [ 2399043.901078699622303, 2509712.747165122069418 ], [ 2398999.864091234281659, 2509668.709135304670781 ], [ 2398955.826186197809875, 2509668.709135304670781 ], [ 2398911.789198732469231, 2509668.709135304670781 ], [ 2398867.752211267128587, 2509668.709135304670781 ], [ 2398867.752211267128587, 2509624.671105487737805 ], [ 2398823.715223801787943, 2509580.633075670339167 ], [ 2398823.715223801787943, 2509536.595963446423411 ], [ 2398779.678236336447299, 2509536.595963446423411 ], [ 2398779.678236336447299, 2509492.557933629024774 ], [ 2398735.640331299975514, 2509492.557933629024774 ], [ 2398735.640331299975514, 2509448.519903812091798 ], [ 2398691.603343835100532, 2509404.48187399469316 ], [ 2398691.603343835100532, 2509360.444761770311743 ], [ 2398691.603343835100532, 2509316.406731953378767 ], [ 2398691.603343835100532, 2509272.368702136445791 ], [ 2398691.603343835100532, 2509228.331589912064373 ], [ 2398691.603343835100532, 2509184.293560094665736 ], [ 2398691.603343835100532, 2509140.25553027773276 ], [ 2398691.603343835100532, 2509096.217500460334122 ], [ 2398691.603343835100532, 2509052.180388235952705 ], [ 2398691.603343835100532, 2509008.142358419019729 ], [ 2398691.603343835100532, 2508964.104328602086753 ], [ 2398691.603343835100532, 2508920.066298784688115 ], [ 2398691.603343835100532, 2508876.029186560306698 ], [ 2398691.603343835100532, 2508831.991156743373722 ], [ 2398691.603343835100532, 2508787.953126926440746 ], [ 2398647.566356369759887, 2508787.953126926440746 ], [ 2398603.529368904419243, 2508787.953126926440746 ], [ 2398559.492381439078599, 2508787.953126926440746 ], [ 2398559.492381439078599, 2508743.916014702059329 ], [ 2398515.454476402606815, 2508743.916014702059329 ], [ 2398471.417488937266171, 2508743.916014702059329 ], [ 2398427.380501471925527, 2508743.916014702059329 ], [ 2398383.343514006584883, 2508743.916014702059329 ], [ 2398339.306526541244239, 2508743.916014702059329 ], [ 2398295.269539075903594, 2508743.916014702059329 ], [ 2398295.269539075903594, 2508699.877984884660691 ], [ 2398251.23163403943181, 2508699.877984884660691 ], [ 2398207.194646574091166, 2508699.877984884660691 ], [ 2398207.194646574091166, 2508655.839955067727715 ], [ 2398163.157659109216183, 2508655.839955067727715 ], [ 2398163.157659109216183, 2508611.801925250329077 ], [ 2398119.120671643875539, 2508611.801925250329077 ], [ 2398163.157659109216183, 2508611.801925250329077 ], [ 2398163.157659109216183, 2508567.76481302594766 ], [ 2398119.120671643875539, 2508567.76481302594766 ], [ 2398163.157659109216183, 2508523.726783209014684 ], [ 2398119.120671643875539, 2508479.688753392081708 ], [ 2398119.120671643875539, 2508435.65072357468307 ], [ 2398119.120671643875539, 2508391.613611350301653 ], [ 2398075.083684178534895, 2508391.613611350301653 ], [ 2398075.083684178534895, 2508347.575581533368677 ], [ 2398031.045779142063111, 2508347.575581533368677 ], [ 2397987.008791676722467, 2508259.499521899037063 ], [ 2397987.008791676722467, 2508215.462409674655646 ], [ 2397942.971804211381823, 2508171.42437985772267 ], [ 2397942.971804211381823, 2508127.386350040324032 ], [ 2397942.971804211381823, 2508083.349237815942615 ], [ 2397942.971804211381823, 2508039.311207999009639 ], [ 2397898.934816746041179, 2507995.273178182076663 ], [ 2397854.897829280700535, 2507995.273178182076663 ], [ 2397854.897829280700535, 2507951.235148364678025 ], [ 2397810.85992424422875, 2507951.235148364678025 ], [ 2397810.85992424422875, 2507907.198036140296608 ], [ 2397766.822936778888106, 2507907.198036140296608 ], [ 2397766.822936778888106, 2507863.160006323363632 ], [ 2397722.785949313547462, 2507863.160006323363632 ], [ 2397722.785949313547462, 2507819.121976505964994 ], [ 2397722.785949313547462, 2507775.083946689032018 ], [ 2397678.748961848672479, 2507775.083946689032018 ], [ 2397678.748961848672479, 2507731.046834464650601 ], [ 2397634.711974383331835, 2507731.046834464650601 ], [ 2397634.711974383331835, 2507687.008804647717625 ], [ 2397590.674986917991191, 2507687.008804647717625 ], [ 2397590.674986917991191, 2507642.970774830318987 ], [ 2397546.637081881519407, 2507642.970774830318987 ], [ 2397502.600094416178763, 2507598.932745013386011 ], [ 2397458.563106950838119, 2507598.932745013386011 ], [ 2397414.526119485497475, 2507598.932745013386011 ], [ 2397414.526119485497475, 2507554.895632789004594 ], [ 2397370.489132020156831, 2507554.895632789004594 ], [ 2397370.489132020156831, 2507510.857602971605957 ], [ 2397370.489132020156831, 2507466.81957315467298 ], [ 2397326.451226983685046, 2507466.81957315467298 ], [ 2397326.451226983685046, 2507422.782460930291563 ], [ 2397282.414239518344402, 2507422.782460930291563 ], [ 2397282.414239518344402, 2507378.744431113358587 ], [ 2397282.414239518344402, 2507334.706401295959949 ], [ 2397282.414239518344402, 2507290.668371479026973 ], [ 2397326.451226983685046, 2507290.668371479026973 ], [ 2397326.451226983685046, 2507246.631259254645556 ], [ 2397370.489132020156831, 2507246.631259254645556 ], [ 2397370.489132020156831, 2507202.59322943771258 ], [ 2397414.526119485497475, 2507202.59322943771258 ], [ 2397414.526119485497475, 2507158.555199620313942 ], [ 2397458.563106950838119, 2507158.555199620313942 ], [ 2397502.600094416178763, 2507158.555199620313942 ], [ 2397546.637081881519407, 2507158.555199620313942 ], [ 2397546.637081881519407, 2507114.517169803380966 ], [ 2397546.637081881519407, 2507070.480057578999549 ], [ 2397546.637081881519407, 2507026.442027761600912 ], [ 2397546.637081881519407, 2506982.403997944667935 ], [ 2397546.637081881519407, 2506938.366885720286518 ], [ 2397502.600094416178763, 2506938.366885720286518 ], [ 2397502.600094416178763, 2506894.328855903353542 ], [ 2397502.600094416178763, 2506850.290826085954905 ], [ 2397458.563106950838119, 2506850.290826085954905 ], [ 2397458.563106950838119, 2506806.252796269021928 ], [ 2397458.563106950838119, 2506762.215684044640511 ], [ 2397458.563106950838119, 2506718.177654227241874 ], [ 2397458.563106950838119, 2506674.139624410308897 ], [ 2397458.563106950838119, 2506630.101594593375921 ], [ 2397458.563106950838119, 2506586.064482368994504 ], [ 2397502.600094416178763, 2506586.064482368994504 ], [ 2397546.637081881519407, 2506586.064482368994504 ], [ 2397546.637081881519407, 2506542.026452551595867 ], [ 2397590.674986917991191, 2506542.026452551595867 ], [ 2397634.711974383331835, 2506542.026452551595867 ], [ 2397634.711974383331835, 2506497.98842273466289 ], [ 2397678.748961848672479, 2506497.98842273466289 ], [ 2397678.748961848672479, 2506453.950392917729914 ], [ 2397722.785949313547462, 2506453.950392917729914 ], [ 2397722.785949313547462, 2506409.913280693348497 ], [ 2397766.822936778888106, 2506409.913280693348497 ], [ 2397766.822936778888106, 2506365.87525087594986 ], [ 2397766.822936778888106, 2506321.837221059016883 ], [ 2397810.85992424422875, 2506277.800108834635466 ], [ 2397810.85992424422875, 2506233.762079017236829 ], [ 2397854.897829280700535, 2506189.724049200303853 ], [ 2397854.897829280700535, 2506145.686019383370876 ], [ 2397854.897829280700535, 2506101.648907158989459 ], [ 2397898.934816746041179, 2506057.610877341590822 ], [ 2397898.934816746041179, 2506013.572847524657845 ], [ 2397898.934816746041179, 2505969.534817707724869 ], [ 2397942.971804211381823, 2505969.534817707724869 ], [ 2397942.971804211381823, 2505925.497705483343452 ], [ 2397942.971804211381823, 2505881.459675665944815 ], [ 2397987.008791676722467, 2505837.421645849011838 ], [ 2397987.008791676722467, 2505793.383616031613201 ], [ 2398031.045779142063111, 2505793.383616031613201 ], [ 2398031.045779142063111, 2505749.346503807231784 ], [ 2398031.045779142063111, 2505705.308473990298808 ], [ 2398075.083684178534895, 2505705.308473990298808 ], [ 2398075.083684178534895, 2505661.270444173365831 ], [ 2398075.083684178534895, 2505617.233331948984414 ], [ 2398075.083684178534895, 2505573.195302131585777 ], [ 2398075.083684178534895, 2505529.157272314652801 ], [ 2398119.120671643875539, 2505529.157272314652801 ], [ 2398119.120671643875539, 2505485.119242497254163 ], [ 2398119.120671643875539, 2505441.082130272872746 ], [ 2398119.120671643875539, 2505397.04410045593977 ], [ 2398119.120671643875539, 2505353.006070639006793 ], [ 2398075.083684178534895, 2505353.006070639006793 ], [ 2398075.083684178534895, 2505308.968040821608156 ], [ 2398075.083684178534895, 2505264.930928597226739 ], [ 2398075.083684178534895, 2505220.892898780293763 ], [ 2398119.120671643875539, 2505220.892898780293763 ], [ 2398163.157659109216183, 2505220.892898780293763 ], [ 2398163.157659109216183, 2505176.854868963360786 ], [ 2398207.194646574091166, 2505176.854868963360786 ], [ 2398207.194646574091166, 2505132.817756738979369 ], [ 2398251.23163403943181, 2505132.817756738979369 ], [ 2398295.269539075903594, 2505132.817756738979369 ], [ 2398295.269539075903594, 2505088.779726921580732 ], [ 2398339.306526541244239, 2505088.779726921580732 ], [ 2398383.343514006584883, 2505088.779726921580732 ], [ 2398427.380501471925527, 2505088.779726921580732 ], [ 2398471.417488937266171, 2505088.779726921580732 ], [ 2398471.417488937266171, 2505044.741697104647756 ], [ 2398471.417488937266171, 2505000.703667287249118 ], [ 2398471.417488937266171, 2504956.666555062867701 ], [ 2398471.417488937266171, 2504912.628525245934725 ], [ 2398427.380501471925527, 2504912.628525245934725 ], [ 2398427.380501471925527, 2504868.590495429001749 ], [ 2398383.343514006584883, 2504868.590495429001749 ], [ 2398383.343514006584883, 2504824.552465611603111 ], [ 2398339.306526541244239, 2504824.552465611603111 ], [ 2398339.306526541244239, 2504780.515353387221694 ], [ 2398295.269539075903594, 2504736.477323570288718 ], [ 2398295.269539075903594, 2504692.43929375289008 ], [ 2398251.23163403943181, 2504692.43929375289008 ], [ 2398251.23163403943181, 2504648.401263935957104 ], [ 2398207.194646574091166, 2504604.364151711575687 ], [ 2398163.157659109216183, 2504604.364151711575687 ], [ 2398163.157659109216183, 2504560.326121894642711 ], [ 2398119.120671643875539, 2504560.326121894642711 ], [ 2398119.120671643875539, 2504516.288092077244073 ], [ 2398075.083684178534895, 2504516.288092077244073 ], [ 2398031.045779142063111, 2504516.288092077244073 ], [ 2398031.045779142063111, 2504472.250979852862656 ], [ 2398031.045779142063111, 2504428.21295003592968 ], [ 2398031.045779142063111, 2504384.174920218996704 ], [ 2398031.045779142063111, 2504340.136890401598066 ], [ 2397987.008791676722467, 2504340.136890401598066 ], [ 2397942.971804211381823, 2504340.136890401598066 ], [ 2397942.971804211381823, 2504384.174920218996704 ], [ 2397942.971804211381823, 2504340.136890401598066 ], [ 2397898.934816746041179, 2504340.136890401598066 ], [ 2397898.934816746041179, 2504296.099778177216649 ], [ 2397854.897829280700535, 2504296.099778177216649 ], [ 2397854.897829280700535, 2504252.061748360283673 ], [ 2397854.897829280700535, 2504208.023718542885035 ], [ 2397810.85992424422875, 2504208.023718542885035 ], [ 2397810.85992424422875, 2504163.985688725952059 ], [ 2397810.85992424422875, 2504119.948576501570642 ], [ 2397766.822936778888106, 2504119.948576501570642 ], [ 2397766.822936778888106, 2504075.910546684637666 ], [ 2397722.785949313547462, 2504075.910546684637666 ], [ 2397678.748961848672479, 2504075.910546684637666 ], [ 2397634.711974383331835, 2504075.910546684637666 ], [ 2397590.674986917991191, 2504075.910546684637666 ], [ 2397546.637081881519407, 2504075.910546684637666 ], [ 2397502.600094416178763, 2504075.910546684637666 ], [ 2397458.563106950838119, 2504075.910546684637666 ], [ 2397414.526119485497475, 2504075.910546684637666 ], [ 2397370.489132020156831, 2504075.910546684637666 ], [ 2397326.451226983685046, 2504075.910546684637666 ], [ 2397282.414239518344402, 2504075.910546684637666 ], [ 2397282.414239518344402, 2504031.872516867239028 ], [ 2397282.414239518344402, 2503987.834487050306052 ], [ 2397282.414239518344402, 2503943.797374825924635 ], [ 2397326.451226983685046, 2503943.797374825924635 ], [ 2397326.451226983685046, 2503899.759345008525997 ], [ 2397370.489132020156831, 2503899.759345008525997 ], [ 2397370.489132020156831, 2503855.721315191593021 ], [ 2397326.451226983685046, 2503811.684202967211604 ], [ 2397326.451226983685046, 2503767.646173150278628 ], [ 2397282.414239518344402, 2503723.60814333287999 ], [ 2397238.377252053003758, 2503723.60814333287999 ], [ 2397238.377252053003758, 2503679.570113515947014 ], [ 2397238.377252053003758, 2503635.533001291565597 ], [ 2397238.377252053003758, 2503591.494971474632621 ], [ 2397238.377252053003758, 2503547.456941657233983 ], [ 2397238.377252053003758, 2503503.418911840301007 ], [ 2397194.340264588128775, 2503503.418911840301007 ], [ 2397150.303277122788131, 2503503.418911840301007 ], [ 2397106.265372086316347, 2503547.456941657233983 ], [ 2397106.265372086316347, 2503503.418911840301007 ], [ 2397062.228384620975703, 2503503.418911840301007 ], [ 2397062.228384620975703, 2503547.456941657233983 ], [ 2397018.191397155635059, 2503547.456941657233983 ], [ 2397018.191397155635059, 2503591.494971474632621 ], [ 2396974.154409690294415, 2503591.494971474632621 ], [ 2396930.117422224953771, 2503591.494971474632621 ], [ 2396930.117422224953771, 2503547.456941657233983 ], [ 2396886.080434759613127, 2503591.494971474632621 ], [ 2396842.042529723141342, 2503591.494971474632621 ], [ 2396798.005542257800698, 2503591.494971474632621 ], [ 2396753.968554792460054, 2503591.494971474632621 ], [ 2396709.93156732711941, 2503591.494971474632621 ], [ 2396709.93156732711941, 2503547.456941657233983 ], [ 2396665.894579862244427, 2503547.456941657233983 ], [ 2396709.93156732711941, 2503547.456941657233983 ], [ 2396709.93156732711941, 2503503.418911840301007 ], [ 2396665.894579862244427, 2503503.418911840301007 ], [ 2396665.894579862244427, 2503459.38179961591959 ], [ 2396621.856674825772643, 2503459.38179961591959 ], [ 2396577.819687360431999, 2503459.38179961591959 ], [ 2396577.819687360431999, 2503503.418911840301007 ], [ 2396533.782699895091355, 2503459.38179961591959 ], [ 2396489.745712429750711, 2503459.38179961591959 ], [ 2396445.708724964410067, 2503459.38179961591959 ], [ 2396401.670819927938282, 2503459.38179961591959 ], [ 2396357.633832462597638, 2503415.343769798520952 ], [ 2396357.633832462597638, 2503371.305739981587976 ], [ 2396357.633832462597638, 2503327.268627757206559 ], [ 2396401.670819927938282, 2503327.268627757206559 ], [ 2396401.670819927938282, 2503283.230597940273583 ], [ 2396401.670819927938282, 2503239.192568122874945 ], [ 2396401.670819927938282, 2503195.154538305941969 ], [ 2396357.633832462597638, 2503195.154538305941969 ], [ 2396357.633832462597638, 2503151.117426081560552 ], [ 2396313.596844997256994, 2503151.117426081560552 ], [ 2396313.596844997256994, 2503107.079396264627576 ], [ 2396269.55985753191635, 2503107.079396264627576 ], [ 2396269.55985753191635, 2503063.041366447228938 ], [ 2396313.596844997256994, 2503063.041366447228938 ], [ 2396313.596844997256994, 2503019.003336630295962 ], [ 2396269.55985753191635, 2503019.003336630295962 ], [ 2396269.55985753191635, 2502974.966224405914545 ], [ 2396269.55985753191635, 2502930.928194588515908 ], [ 2396269.55985753191635, 2502886.890164771582931 ], [ 2396269.55985753191635, 2502842.852134954649955 ], [ 2396313.596844997256994, 2502842.852134954649955 ], [ 2396357.633832462597638, 2502842.852134954649955 ], [ 2396401.670819927938282, 2502842.852134954649955 ], [ 2396401.670819927938282, 2502798.815022730268538 ], [ 2396401.670819927938282, 2502754.7769929128699 ], [ 2396445.708724964410067, 2502754.7769929128699 ], [ 2396401.670819927938282, 2502754.7769929128699 ], [ 2396401.670819927938282, 2502710.738963095936924 ], [ 2396401.670819927938282, 2502666.701850871555507 ], [ 2396401.670819927938282, 2502622.66382105415687 ], [ 2396445.708724964410067, 2502622.66382105415687 ], [ 2396445.708724964410067, 2502578.625791237223893 ], [ 2396445.708724964410067, 2502534.587761420290917 ], [ 2396489.745712429750711, 2502490.5506491959095 ], [ 2396445.708724964410067, 2502490.5506491959095 ], [ 2396445.708724964410067, 2502446.512619378510863 ], [ 2396401.670819927938282, 2502446.512619378510863 ], [ 2396357.633832462597638, 2502446.512619378510863 ], [ 2396313.596844997256994, 2502446.512619378510863 ], [ 2396269.55985753191635, 2502446.512619378510863 ], [ 2396269.55985753191635, 2502358.436559744179249 ], [ 2396225.522870066575706, 2502358.436559744179249 ], [ 2396225.522870066575706, 2502314.399447520263493 ], [ 2396225.522870066575706, 2502270.361417702864856 ], [ 2396225.522870066575706, 2502226.323387885931879 ], [ 2396225.522870066575706, 2502182.285358068533242 ], [ 2396225.522870066575706, 2502138.248245844151825 ], [ 2396269.55985753191635, 2502138.248245844151825 ], [ 2396269.55985753191635, 2502094.210216027218848 ], [ 2396225.522870066575706, 2502094.210216027218848 ], [ 2396225.522870066575706, 2502050.172186210285872 ], [ 2396225.522870066575706, 2502006.135073985904455 ], [ 2396269.55985753191635, 2502006.135073985904455 ], [ 2396313.596844997256994, 2502006.135073985904455 ], [ 2396313.596844997256994, 2501962.097044168505818 ], [ 2396313.596844997256994, 2501918.059014351572841 ], [ 2396357.633832462597638, 2501918.059014351572841 ], [ 2396357.633832462597638, 2501874.020984534174204 ], [ 2396313.596844997256994, 2501874.020984534174204 ], [ 2396313.596844997256994, 2501829.983872310258448 ], [ 2396357.633832462597638, 2501829.983872310258448 ], [ 2396357.633832462597638, 2501785.945842492859811 ], [ 2396401.670819927938282, 2501785.945842492859811 ], [ 2396401.670819927938282, 2501741.907812675926834 ], [ 2396357.633832462597638, 2501741.907812675926834 ], [ 2396357.633832462597638, 2501697.869782858528197 ], [ 2396313.596844997256994, 2501697.869782858528197 ], [ 2396313.596844997256994, 2501653.83267063414678 ], [ 2396313.596844997256994, 2501609.794640817213804 ], [ 2396269.55985753191635, 2501609.794640817213804 ], [ 2396225.522870066575706, 2501609.794640817213804 ], [ 2396225.522870066575706, 2501565.756611000280827 ], [ 2396181.485882601700723, 2501565.756611000280827 ], [ 2396181.485882601700723, 2501521.71949877589941 ], [ 2396137.447977565228939, 2501521.71949877589941 ], [ 2396093.410990099888295, 2501521.71949877589941 ], [ 2396049.374002634547651, 2501521.71949877589941 ], [ 2396005.337015169207007, 2501521.71949877589941 ], [ 2395961.300027703866363, 2501521.71949877589941 ], [ 2395917.262122667394578, 2501521.71949877589941 ], [ 2395917.262122667394578, 2501477.681468958500773 ], [ 2397458.563106950838119, 2501301.530267282854766 ], [ 2397502.600094416178763, 2501301.530267282854766 ], [ 2397590.674986917991191, 2501301.530267282854766 ], [ 2397987.008791676722467, 2501257.492237465921789 ], [ 2398207.194646574091166, 2501213.454207648523152 ], [ 2398559.492381439078599, 2501169.417095424141735 ], [ 2398779.678236336447299, 2501169.417095424141735 ], [ 2399043.901078699622303, 2501125.379065607208759 ], [ 2399087.938066164962947, 2501125.379065607208759 ], [ 2399440.234883458353579, 2501081.341035789810121 ], [ 2400629.238132877275348, 2500949.227863931562752 ], [ 2400673.276037913281471, 2500949.227863931562752 ], [ 2400497.127170481253415, 2499584.05628034286201 ], [ 2401289.795697569847107, 2499407.905078667216003 ], [ 2401862.279287332203239, 2499407.905078667216003 ], [ 2401906.316274797543883, 2499407.905078667216003 ], [ 2401950.353262262884527, 2499407.905078667216003 ], [ 2402082.465142229571939, 2499363.867966442834586 ], [ 2402038.427237193565816, 2499363.867966442834586 ], [ 2401950.353262262884527, 2498571.187100105453283 ], [ 2401906.316274797543883, 2498086.771524895448238 ], [ 2401906.316274797543883, 2498042.734412671066821 ], [ 2401862.279287332203239, 2497866.583210995420814 ], [ 2401862.279287332203239, 2497646.39397950284183 ], [ 2401774.204394830390811, 2497073.903262251056731 ], [ 2401774.204394830390811, 2496853.714030758477747 ], [ 2401730.167407365050167, 2496809.67600094107911 ], [ 2401862.279287332203239, 2496897.752060575410724 ], [ 2402082.465142229571939, 2497073.903262251056731 ], [ 2402126.502129694912583, 2497073.903262251056731 ], [ 2403799.914076374378055, 2496853.714030758477747 ], [ 2404592.582603462971747, 2496765.637971124146134 ], [ 2405385.25204812316224, 2496633.524799265433103 ], [ 2406970.589102300815284, 2496457.373597589787096 ], [ 2407366.9238246306777, 2496369.298455548472703 ], [ 2407366.9238246306777, 2496413.336485365405679 ], [ 2408467.853099118452519, 2496281.222395914141089 ], [ 2408688.03895401628688, 2496237.185283689759672 ], [ 2408644.001048979815096, 2496193.147253872361034 ], [ 2408732.075941481627524, 2496016.996052196715027 ], [ 2408776.112928946968168, 2495928.920910155400634 ], [ 2408820.149916412308812, 2495840.84485052106902 ], [ 2408864.186903877649456, 2495796.806820704136044 ], [ 2408952.261796378996223, 2495708.731678662355989 ], [ 2408996.298783844336867, 2495708.731678662355989 ], [ 2409084.372758775018156, 2495664.693648845423013 ], [ 2409172.447651276830584, 2495620.655619028490037 ], [ 2409260.521626207511872, 2495532.580476986709982 ], [ 2409304.558613672852516, 2495532.580476986709982 ], [ 2409348.59560113819316, 2495444.505334945395589 ], [ 2409392.633506174199283, 2495444.505334945395589 ], [ 2409392.633506174199283, 2495400.467305127996951 ], [ 2409436.670493639539927, 2495224.316103452350944 ], [ 2409436.670493639539927, 2495136.240043818019331 ], [ 2409436.670493639539927, 2495092.202931594103575 ], [ 2409480.707481104880571, 2495048.164901776704937 ], [ 2409480.707481104880571, 2494960.088842142373323 ], [ 2409524.744468570221215, 2494916.051729917991906 ], [ 2409568.78145603556186, 2494827.975670284125954 ], [ 2409612.819361072033644, 2494783.938558059744537 ], [ 2409656.856348537374288, 2494695.862498425412923 ], [ 2409656.856348537374288, 2494651.824468608014286 ], [ 2409700.893336002714932, 2494651.824468608014286 ], [ 2409744.930323468055576, 2494607.787356383632869 ], [ 2409833.004298398736864, 2494519.711296749766916 ], [ 2409965.116178365424275, 2494431.636154707986861 ], [ 2410053.190153296105564, 2494387.598124891053885 ], [ 2410097.228058332577348, 2494299.522982849739492 ], [ 2410185.302033263258636, 2494211.446923215407878 ], [ 2410229.33902072859928, 2494167.408893398009241 ], [ 2410229.33902072859928, 2494123.371781173627824 ], [ 2410229.33902072859928, 2494079.333751356694847 ], [ 2410273.376008193939924, 2494035.295721539761871 ], [ 2410273.376008193939924, 2493991.257691722363234 ], [ 2410273.376008193939924, 2493947.220579497981817 ], [ 2410317.413913230411708, 2493859.144519863650203 ], [ 2410361.450900695286691, 2493815.106490046717227 ], [ 2410361.450900695286691, 2493771.069377822335809 ], [ 2410317.413913230411708, 2493638.956205963622779 ], [ 2410361.450900695286691, 2493506.842116512358189 ], [ 2410449.524875625967979, 2493462.805004287976772 ], [ 2410581.636755593121052, 2493418.766974471043795 ], [ 2410801.822610490955412, 2493242.615772795397788 ], [ 2410845.859597955830395, 2493242.615772795397788 ], [ 2410977.970560351852328, 2493154.539713161066175 ], [ 2411022.008465388324112, 2493154.539713161066175 ], [ 2411066.045452853664756, 2493110.502600936684757 ], [ 2411154.119427784346044, 2493110.502600936684757 ], [ 2411242.193402715027332, 2493110.502600936684757 ], [ 2411374.305282681714743, 2492978.389429077971727 ], [ 2411418.342270147055387, 2492934.35139926103875 ], [ 2411462.379257612396032, 2492934.35139926103875 ], [ 2411594.491137579549104, 2492934.35139926103875 ], [ 2411638.528125044889748, 2492890.313369443640113 ], [ 2411726.603017546702176, 2492802.23822740232572 ], [ 2411770.64000501204282, 2492714.162167767994106 ], [ 2411770.64000501204282, 2492670.12413795106113 ], [ 2411858.713979942258447, 2492538.010966092348099 ], [ 2411990.82585990941152, 2492405.897794233635068 ], [ 2412034.862847374752164, 2492317.822652192320675 ], [ 2412255.048702272586524, 2492097.63342069927603 ], [ 2412343.122677202802151, 2491965.520248841028661 ], [ 2412387.159664668142796, 2491877.444189206697047 ], [ 2412387.159664668142796, 2491789.369047164916992 ], [ 2412387.159664668142796, 2491701.29298753105104 ], [ 2412387.159664668142796, 2491657.255875306669623 ], [ 2412387.159664668142796, 2491613.217845489270985 ], [ 2412343.122677202802151, 2491437.066643813624978 ], [ 2412343.122677202802151, 2491393.028613996692002 ], [ 2412343.122677202802151, 2491348.990584179293364 ], [ 2412343.122677202802151, 2491304.953471954911947 ], [ 2412299.085689737461507, 2491216.877412321045995 ], [ 2412255.048702272586524, 2491172.840300096664578 ], [ 2412211.01171480724588, 2491040.726210644934326 ], [ 2412211.01171480724588, 2490776.499866927973926 ], [ 2411286.231307751499116, 2490776.499866927973926 ], [ 2411242.193402715027332, 2490776.499866927973926 ], [ 2411198.156415249686688, 2490776.499866927973926 ], [ 2411154.119427784346044, 2490776.499866927973926 ], [ 2411066.045452853664756, 2490776.499866927973926 ], [ 2411066.045452853664756, 2490732.46183711104095 ], [ 2411022.008465388324112, 2490732.46183711104095 ], [ 2410933.933572886511683, 2490556.310635434929281 ], [ 2410933.933572886511683, 2490468.235493393614888 ], [ 2410845.859597955830395, 2490424.197463576681912 ], [ 2410801.822610490955412, 2490380.159433759283274 ], [ 2410713.747717989142984, 2490336.122321534901857 ], [ 2410669.71073052380234, 2490292.084291717968881 ], [ 2410669.71073052380234, 2490204.008232083637267 ], [ 2410669.71073052380234, 2490115.933090042322874 ], [ 2410625.673743058461696, 2490115.933090042322874 ], [ 2410537.598850556649268, 2490071.895060224924237 ], [ 2410493.561863091308624, 2490071.895060224924237 ], [ 2410449.524875625967979, 2490027.857948000542819 ], [ 2410405.487888160627335, 2490027.857948000542819 ], [ 2410361.450900695286691, 2490027.857948000542819 ], [ 2410317.413913230411708, 2490027.857948000542819 ], [ 2410229.33902072859928, 2490027.857948000542819 ], [ 2410185.302033263258636, 2489983.819918183609843 ], [ 2410097.228058332577348, 2489983.819918183609843 ], [ 2410053.190153296105564, 2489983.819918183609843 ], [ 2410009.15316583076492, 2489939.781888366676867 ], [ 2409965.116178365424275, 2489939.781888366676867 ], [ 2409921.079190900083631, 2489983.819918183609843 ], [ 2409877.042203434742987, 2489983.819918183609843 ], [ 2409833.004298398736864, 2489939.781888366676867 ], [ 2409833.004298398736864, 2489851.706746324896812 ], [ 2409788.96731093339622, 2489807.668716507963836 ], [ 2409744.930323468055576, 2489763.630686690565199 ], [ 2409744.930323468055576, 2489675.555544649250805 ], [ 2409700.893336002714932, 2489631.517514832317829 ], [ 2409612.819361072033644, 2489499.404342973604798 ], [ 2409524.744468570221215, 2489367.291171114891768 ], [ 2409524.744468570221215, 2489323.253141297958791 ], [ 2409480.707481104880571, 2489323.253141297958791 ], [ 2409480.707481104880571, 2489235.177081663627177 ], [ 2409436.670493639539927, 2489191.13996943924576 ], [ 2409436.670493639539927, 2489103.063909804914147 ], [ 2409436.670493639539927, 2489059.02587998798117 ], [ 2409480.707481104880571, 2489014.988767763599753 ], [ 2409568.78145603556186, 2488926.91270812926814 ], [ 2409568.78145603556186, 2488882.875595904886723 ], [ 2409524.744468570221215, 2488882.875595904886723 ], [ 2409480.707481104880571, 2488838.837566087953746 ], [ 2409436.670493639539927, 2488750.761506453622133 ], [ 2409436.670493639539927, 2488706.724394229240716 ], [ 2409392.633506174199283, 2488662.686364412307739 ], [ 2409392.633506174199283, 2488574.610304777976125 ], [ 2409392.633506174199283, 2488530.573192553594708 ], [ 2409392.633506174199283, 2488486.535162736196071 ], [ 2409348.59560113819316, 2488442.497132919263095 ], [ 2409304.558613672852516, 2488398.459103102330118 ], [ 2409260.521626207511872, 2488398.459103102330118 ], [ 2409260.521626207511872, 2488442.497132919263095 ], [ 2409216.484638742171228, 2488442.497132919263095 ], [ 2409216.484638742171228, 2488486.535162736196071 ], [ 2409172.447651276830584, 2488486.535162736196071 ], [ 2409172.447651276830584, 2488530.573192553594708 ], [ 2409128.4097462403588, 2488574.610304777976125 ], [ 2409128.4097462403588, 2488618.648334594909102 ], [ 2409084.372758775018156, 2488662.686364412307739 ], [ 2409040.335771309677511, 2488706.724394229240716 ], [ 2409040.335771309677511, 2488750.761506453622133 ], [ 2408996.298783844336867, 2488750.761506453622133 ], [ 2408996.298783844336867, 2488794.799536270555109 ], [ 2408996.298783844336867, 2488838.837566087953746 ], [ 2408952.261796378996223, 2488838.837566087953746 ], [ 2408952.261796378996223, 2488882.875595904886723 ], [ 2408952.261796378996223, 2488926.91270812926814 ], [ 2408952.261796378996223, 2488970.950737946201116 ], [ 2408952.261796378996223, 2489014.988767763599753 ], [ 2408952.261796378996223, 2489059.02587998798117 ], [ 2408908.224808913655579, 2489059.02587998798117 ], [ 2408908.224808913655579, 2489103.063909804914147 ], [ 2408864.186903877649456, 2489147.101939622312784 ], [ 2408820.149916412308812, 2489147.101939622312784 ], [ 2408820.149916412308812, 2489191.13996943924576 ], [ 2408776.112928946968168, 2489191.13996943924576 ], [ 2408732.075941481627524, 2489235.177081663627177 ], [ 2408688.03895401628688, 2489235.177081663627177 ], [ 2408688.03895401628688, 2489279.215111480560154 ], [ 2408688.03895401628688, 2489323.253141297958791 ], [ 2408644.001048979815096, 2489323.253141297958791 ], [ 2408644.001048979815096, 2489279.215111480560154 ], [ 2408599.964061514474452, 2489279.215111480560154 ], [ 2408599.964061514474452, 2489235.177081663627177 ], [ 2408555.927074049133807, 2489191.13996943924576 ], [ 2408511.890086583793163, 2489191.13996943924576 ], [ 2408467.853099118452519, 2489191.13996943924576 ], [ 2408467.853099118452519, 2489147.101939622312784 ], [ 2408467.853099118452519, 2489103.063909804914147 ], [ 2408467.853099118452519, 2489059.02587998798117 ], [ 2408423.815194082446396, 2489059.02587998798117 ], [ 2408423.815194082446396, 2489014.988767763599753 ], [ 2408423.815194082446396, 2488970.950737946201116 ], [ 2408467.853099118452519, 2488970.950737946201116 ], [ 2408467.853099118452519, 2488926.91270812926814 ], [ 2408467.853099118452519, 2488882.875595904886723 ], [ 2408467.853099118452519, 2488838.837566087953746 ], [ 2408467.853099118452519, 2488794.799536270555109 ], [ 2408467.853099118452519, 2488750.761506453622133 ], [ 2408467.853099118452519, 2488706.724394229240716 ], [ 2408423.815194082446396, 2488706.724394229240716 ], [ 2408423.815194082446396, 2488662.686364412307739 ], [ 2408379.778206617105752, 2488662.686364412307739 ], [ 2408379.778206617105752, 2488618.648334594909102 ], [ 2408335.741219151765108, 2488618.648334594909102 ], [ 2408335.741219151765108, 2488574.610304777976125 ], [ 2408291.704231686424464, 2488574.610304777976125 ], [ 2408291.704231686424464, 2488530.573192553594708 ], [ 2408247.66724422108382, 2488530.573192553594708 ], [ 2408247.66724422108382, 2488486.535162736196071 ], [ 2408247.66724422108382, 2488442.497132919263095 ], [ 2408203.630256755743176, 2488398.459103102330118 ], [ 2408159.592351719271392, 2488398.459103102330118 ], [ 2408115.555364253930748, 2488398.459103102330118 ], [ 2408115.555364253930748, 2488354.421990877948701 ], [ 2408115.555364253930748, 2488398.459103102330118 ], [ 2408071.518376788590103, 2488398.459103102330118 ], [ 2408071.518376788590103, 2488354.421990877948701 ], [ 2408027.481389323249459, 2488354.421990877948701 ], [ 2407983.444401857908815, 2488354.421990877948701 ], [ 2407983.444401857908815, 2488310.383961060550064 ], [ 2407983.444401857908815, 2488266.345931243617088 ], [ 2407983.444401857908815, 2488222.308819019235671 ], [ 2407983.444401857908815, 2488178.270789201837033 ], [ 2408027.481389323249459, 2488134.232759384904057 ], [ 2408027.481389323249459, 2488090.194729567971081 ], [ 2408027.481389323249459, 2488046.157617343589664 ], [ 2408071.518376788590103, 2488046.157617343589664 ], [ 2408071.518376788590103, 2488002.119587526191026 ], [ 2408071.518376788590103, 2487958.08155770925805 ], [ 2408115.555364253930748, 2487958.08155770925805 ], [ 2408071.518376788590103, 2487958.08155770925805 ], [ 2408071.518376788590103, 2487914.043527891859412 ], [ 2408071.518376788590103, 2487870.006415667943656 ], [ 2408071.518376788590103, 2487825.968385850545019 ], [ 2408071.518376788590103, 2487781.930356033612043 ], [ 2408027.481389323249459, 2487781.930356033612043 ], [ 2408027.481389323249459, 2487737.892326216213405 ], [ 2407983.444401857908815, 2487693.855213991831988 ], [ 2407939.406496821902692, 2487693.855213991831988 ], [ 2407939.406496821902692, 2487649.817184174899012 ], [ 2407895.369509356562048, 2487649.817184174899012 ], [ 2407895.369509356562048, 2487605.779154357966036 ], [ 2407851.332521891221404, 2487605.779154357966036 ], [ 2407851.332521891221404, 2487561.742042133584619 ], [ 2407851.332521891221404, 2487517.704012316185981 ], [ 2407895.369509356562048, 2487517.704012316185981 ], [ 2407895.369509356562048, 2487473.665982499253005 ], [ 2407895.369509356562048, 2487429.627952681854367 ], [ 2407939.406496821902692, 2487385.590840457938612 ], [ 2407939.406496821902692, 2487341.552810640539974 ], [ 2407983.444401857908815, 2487341.552810640539974 ], [ 2407983.444401857908815, 2487297.514780823606998 ], [ 2408027.481389323249459, 2487297.514780823606998 ], [ 2408027.481389323249459, 2487253.47675100620836 ], [ 2408071.518376788590103, 2487253.47675100620836 ], [ 2408071.518376788590103, 2487209.439638781826943 ], [ 2408027.481389323249459, 2487165.401608964893967 ], [ 2407983.444401857908815, 2487165.401608964893967 ], [ 2407939.406496821902692, 2487165.401608964893967 ], [ 2407939.406496821902692, 2487121.363579147960991 ], [ 2407895.369509356562048, 2487121.363579147960991 ], [ 2407895.369509356562048, 2487077.326466923579574 ], [ 2407939.406496821902692, 2487033.288437106180936 ], [ 2407939.406496821902692, 2486989.25040728924796 ], [ 2407939.406496821902692, 2486945.212377471849322 ], [ 2407939.406496821902692, 2486901.175265247467905 ], [ 2407895.369509356562048, 2486901.175265247467905 ], [ 2407895.369509356562048, 2486857.137235430534929 ], [ 2407851.332521891221404, 2486857.137235430534929 ], [ 2407851.332521891221404, 2486901.175265247467905 ], [ 2407851.332521891221404, 2486857.137235430534929 ], [ 2407851.332521891221404, 2486901.175265247467905 ], [ 2407851.332521891221404, 2486857.137235430534929 ], [ 2407807.29553442588076, 2486857.137235430534929 ], [ 2407807.29553442588076, 2486813.099205613601953 ], [ 2407807.29553442588076, 2486769.061175796203315 ], [ 2407807.29553442588076, 2486725.024063571821898 ], [ 2407763.258546960540116, 2486725.024063571821898 ], [ 2407763.258546960540116, 2486680.986033754888922 ], [ 2407763.258546960540116, 2486636.948003937490284 ], [ 2407763.258546960540116, 2486592.909974120557308 ], [ 2407763.258546960540116, 2486548.872861896175891 ], [ 2407763.258546960540116, 2486504.834832079242915 ], [ 2407807.29553442588076, 2486504.834832079242915 ], [ 2407807.29553442588076, 2486460.796802261844277 ], [ 2407807.29553442588076, 2486416.75969003746286 ], [ 2407807.29553442588076, 2486372.721660220529884 ], [ 2407807.29553442588076, 2486328.683630403596908 ], [ 2407763.258546960540116, 2486328.683630403596908 ], [ 2407763.258546960540116, 2486284.64560058619827 ], [ 2407763.258546960540116, 2486240.608488361816853 ], [ 2407763.258546960540116, 2486196.570458544883877 ], [ 2407719.221559495199472, 2486152.53242872748524 ], [ 2407719.221559495199472, 2486108.494398910552263 ], [ 2407719.221559495199472, 2486064.457286686170846 ], [ 2407763.258546960540116, 2486064.457286686170846 ], [ 2407763.258546960540116, 2486020.41925686923787 ], [ 2407763.258546960540116, 2485976.381227051839232 ], [ 2407719.221559495199472, 2485976.381227051839232 ], [ 2407719.221559495199472, 2485932.343197234906256 ], [ 2407719.221559495199472, 2485888.306085010524839 ], [ 2407719.221559495199472, 2485844.268055193591863 ], [ 2407719.221559495199472, 2485800.230025376193225 ], [ 2407675.183654458727688, 2485800.230025376193225 ], [ 2407675.183654458727688, 2485756.192913151811808 ], [ 2407719.221559495199472, 2485756.192913151811808 ], [ 2407719.221559495199472, 2485712.154883334878832 ], [ 2407719.221559495199472, 2485668.116853517480195 ], [ 2407675.183654458727688, 2485668.116853517480195 ], [ 2407719.221559495199472, 2485668.116853517480195 ], [ 2407675.183654458727688, 2485668.116853517480195 ], [ 2407675.183654458727688, 2485624.078823700547218 ], [ 2407675.183654458727688, 2485580.041711476165801 ], [ 2407719.221559495199472, 2485580.041711476165801 ], [ 2407763.258546960540116, 2485536.003681659232825 ], [ 2407763.258546960540116, 2485491.965651841834188 ], [ 2407763.258546960540116, 2485447.927622024901211 ], [ 2407807.29553442588076, 2485447.927622024901211 ], [ 2407807.29553442588076, 2485403.890509800519794 ], [ 2407807.29553442588076, 2485359.852479983121157 ], [ 2407807.29553442588076, 2485315.81445016618818 ], [ 2407807.29553442588076, 2485271.777337941806763 ], [ 2407807.29553442588076, 2485227.739308124873787 ], [ 2407807.29553442588076, 2485183.70127830747515 ], [ 2407851.332521891221404, 2485183.70127830747515 ], [ 2407851.332521891221404, 2485139.663248490542173 ], [ 2407807.29553442588076, 2485139.663248490542173 ], [ 2407807.29553442588076, 2485095.626136266160756 ], [ 2407763.258546960540116, 2485095.626136266160756 ], [ 2407719.221559495199472, 2485095.626136266160756 ], [ 2407719.221559495199472, 2485051.58810644922778 ], [ 2407675.183654458727688, 2485051.58810644922778 ], [ 2407675.183654458727688, 2485007.550076631829143 ], [ 2407675.183654458727688, 2484963.512046814896166 ], [ 2407675.183654458727688, 2484919.474934590514749 ], [ 2407631.146666993387043, 2484919.474934590514749 ], [ 2407631.146666993387043, 2484875.436904773116112 ], [ 2407587.109679528046399, 2484875.436904773116112 ], [ 2407631.146666993387043, 2484875.436904773116112 ], [ 2407631.146666993387043, 2484831.398874956183136 ], [ 2407675.183654458727688, 2484831.398874956183136 ], [ 2407675.183654458727688, 2484787.360845139250159 ], [ 2407675.183654458727688, 2484743.323732914868742 ], [ 2407631.146666993387043, 2484743.323732914868742 ], [ 2407587.109679528046399, 2484743.323732914868742 ], [ 2407587.109679528046399, 2484699.285703097470105 ], [ 2407587.109679528046399, 2484655.247673280537128 ], [ 2407587.109679528046399, 2484611.210561056155711 ], [ 2407587.109679528046399, 2484567.172531238757074 ], [ 2407587.109679528046399, 2484523.134501421824098 ], [ 2407543.072692062705755, 2484523.134501421824098 ], [ 2407543.072692062705755, 2484479.096471604891121 ], [ 2407499.035704597365111, 2484479.096471604891121 ], [ 2407499.035704597365111, 2484435.059359380509704 ], [ 2407454.997799561358988, 2484435.059359380509704 ], [ 2407454.997799561358988, 2484391.021329563111067 ], [ 2407454.997799561358988, 2484346.983299746178091 ], [ 2407454.997799561358988, 2484302.945269929245114 ], [ 2407454.997799561358988, 2484258.908157704863697 ], [ 2407454.997799561358988, 2484214.87012788746506 ], [ 2407410.960812096018344, 2484214.87012788746506 ], [ 2407366.9238246306777, 2484214.87012788746506 ], [ 2407322.886837165337056, 2484214.87012788746506 ], [ 2407322.886837165337056, 2484170.832098070532084 ], [ 2407278.849849699996412, 2484126.794068253133446 ], [ 2407278.849849699996412, 2484082.756956028752029 ], [ 2407234.811944663524628, 2484082.756956028752029 ], [ 2407234.811944663524628, 2484038.718926211819053 ], [ 2407190.774957198183984, 2483994.680896394886076 ], [ 2407190.774957198183984, 2483950.643784170504659 ], [ 2407190.774957198183984, 2483906.605754353106022 ], [ 2407234.811944663524628, 2483906.605754353106022 ], [ 2407234.811944663524628, 2483862.567724536173046 ], [ 2407278.849849699996412, 2483862.567724536173046 ], [ 2407322.886837165337056, 2483862.567724536173046 ], [ 2407322.886837165337056, 2483818.529694718774408 ], [ 2407366.9238246306777, 2483818.529694718774408 ], [ 2407366.9238246306777, 2483774.492582494858652 ], [ 2407366.9238246306777, 2483730.454552677460015 ], [ 2407410.960812096018344, 2483730.454552677460015 ] ] } },
{ "type": "Feature", "properties": { }, "geometry": { "type": "LineString", "coordinates": [ [ 2407410.960812096018344, 2483730.454552677460015 ], [ 2407410.960812096018344, 2483686.416522860527039 ], [ 2407454.997799561358988, 2483686.416522860527039 ], [ 2407454.997799561358988, 2483642.378493043128401 ], [ 2407454.997799561358988, 2483598.341380818746984 ], [ 2407410.960812096018344, 2483598.341380818746984 ], [ 2407410.960812096018344, 2483554.303351001814008 ], [ 2407410.960812096018344, 2483510.265321184881032 ], [ 2407454.997799561358988, 2483510.265321184881032 ], [ 2407499.035704597365111, 2483466.228208960499614 ], [ 2407499.035704597365111, 2483422.190179143100977 ], [ 2407543.072692062705755, 2483422.190179143100977 ], [ 2407587.109679528046399, 2483422.190179143100977 ], [ 2407587.109679528046399, 2483378.152149326168001 ], [ 2407631.146666993387043, 2483378.152149326168001 ], [ 2407675.183654458727688, 2483378.152149326168001 ], [ 2407675.183654458727688, 2483422.190179143100977 ], [ 2407719.221559495199472, 2483422.190179143100977 ], [ 2407719.221559495199472, 2483378.152149326168001 ], [ 2407719.221559495199472, 2483334.114119508769363 ], [ 2407763.258546960540116, 2483334.114119508769363 ], [ 2407763.258546960540116, 2483290.077007284387946 ], [ 2407763.258546960540116, 2483246.03897746745497 ], [ 2407763.258546960540116, 2483202.000947650521994 ], [ 2407719.221559495199472, 2483202.000947650521994 ], [ 2407763.258546960540116, 2483202.000947650521994 ], [ 2407763.258546960540116, 2483157.962917833123356 ], [ 2407763.258546960540116, 2483113.925805608741939 ], [ 2407763.258546960540116, 2483069.887775791808963 ], [ 2407807.29553442588076, 2483069.887775791808963 ], [ 2407851.332521891221404, 2483069.887775791808963 ], [ 2407851.332521891221404, 2483025.849745974410325 ], [ 2407895.369509356562048, 2483025.849745974410325 ], [ 2407895.369509356562048, 2482981.811716157477349 ], [ 2407895.369509356562048, 2482937.774603933095932 ], [ 2407851.332521891221404, 2482937.774603933095932 ], [ 2407895.369509356562048, 2482937.774603933095932 ], [ 2407895.369509356562048, 2482893.736574116162956 ], [ 2407895.369509356562048, 2482849.698544298764318 ], [ 2407895.369509356562048, 2482805.661432074382901 ], [ 2407851.332521891221404, 2482805.661432074382901 ], [ 2407851.332521891221404, 2482761.623402257449925 ], [ 2407851.332521891221404, 2482717.585372440516949 ], [ 2407851.332521891221404, 2482673.547342623118311 ], [ 2407895.369509356562048, 2482673.547342623118311 ], [ 2407895.369509356562048, 2482629.510230398736894 ], [ 2407895.369509356562048, 2482585.472200581803918 ], [ 2407895.369509356562048, 2482541.43417076440528 ], [ 2407939.406496821902692, 2482541.43417076440528 ], [ 2407939.406496821902692, 2482497.396140947472304 ], [ 2407939.406496821902692, 2482453.359028723090887 ], [ 2407895.369509356562048, 2482453.359028723090887 ], [ 2407895.369509356562048, 2482409.320998906157911 ], [ 2407851.332521891221404, 2482409.320998906157911 ], [ 2407807.29553442588076, 2482365.282969088759273 ], [ 2407807.29553442588076, 2482321.244939271826297 ], [ 2407851.332521891221404, 2482321.244939271826297 ], [ 2407851.332521891221404, 2482277.20782704744488 ], [ 2407807.29553442588076, 2482277.20782704744488 ], [ 2407763.258546960540116, 2482277.20782704744488 ], [ 2407763.258546960540116, 2482233.169797230511904 ], [ 2407807.29553442588076, 2482233.169797230511904 ], [ 2407807.29553442588076, 2482189.131767413113266 ], [ 2407807.29553442588076, 2482145.094655188731849 ], [ 2407851.332521891221404, 2482145.094655188731849 ], [ 2407851.332521891221404, 2482101.056625371798873 ], [ 2407851.332521891221404, 2482057.018595554400235 ], [ 2407895.369509356562048, 2482057.018595554400235 ], [ 2407895.369509356562048, 2482012.980565737467259 ], [ 2407895.369509356562048, 2481968.943453513085842 ], [ 2407939.406496821902692, 2481968.943453513085842 ], [ 2407939.406496821902692, 2481924.905423696152866 ], [ 2407939.406496821902692, 2481880.867393878754228 ], [ 2407939.406496821902692, 2481836.829364061821252 ], [ 2407895.369509356562048, 2481836.829364061821252 ], [ 2407895.369509356562048, 2481792.792251837439835 ], [ 2407939.406496821902692, 2481792.792251837439835 ], [ 2407939.406496821902692, 2481748.754222020041198 ], [ 2407939.406496821902692, 2481704.716192203108221 ], [ 2407939.406496821902692, 2481660.679079978726804 ], [ 2407895.369509356562048, 2481660.679079978726804 ], [ 2407895.369509356562048, 2481616.641050161793828 ], [ 2407895.369509356562048, 2481572.60302034439519 ], [ 2407939.406496821902692, 2481572.60302034439519 ], [ 2407939.406496821902692, 2481528.564990527462214 ], [ 2407939.406496821902692, 2481484.527878303080797 ], [ 2407983.444401857908815, 2481440.489848486147821 ], [ 2407983.444401857908815, 2481396.451818668749183 ], [ 2407983.444401857908815, 2481352.413788851816207 ], [ 2407939.406496821902692, 2481352.413788851816207 ], [ 2407939.406496821902692, 2481308.37667662743479 ], [ 2407895.369509356562048, 2481308.37667662743479 ], [ 2407851.332521891221404, 2481308.37667662743479 ], [ 2407851.332521891221404, 2481264.338646810036153 ], [ 2407807.29553442588076, 2481264.338646810036153 ], [ 2407763.258546960540116, 2481264.338646810036153 ], [ 2407719.221559495199472, 2481264.338646810036153 ], [ 2407719.221559495199472, 2481220.300616993103176 ], [ 2407675.183654458727688, 2481176.2625871761702 ], [ 2407675.183654458727688, 2481132.225474951788783 ], [ 2407675.183654458727688, 2481088.187445134390146 ], [ 2407675.183654458727688, 2481044.149415317457169 ], [ 2407631.146666993387043, 2481044.149415317457169 ], [ 2407631.146666993387043, 2481000.112303093075752 ], [ 2407631.146666993387043, 2480956.074273275677115 ], [ 2407587.109679528046399, 2480956.074273275677115 ], [ 2407587.109679528046399, 2480912.036243458744138 ], [ 2407587.109679528046399, 2480867.998213641811162 ], [ 2407543.072692062705755, 2480867.998213641811162 ], [ 2407543.072692062705755, 2480823.961101417429745 ], [ 2407543.072692062705755, 2480779.923071600031108 ], [ 2407543.072692062705755, 2480735.885041783098131 ], [ 2407587.109679528046399, 2480735.885041783098131 ], [ 2407587.109679528046399, 2480691.847011965699494 ], [ 2407631.146666993387043, 2480691.847011965699494 ], [ 2407675.183654458727688, 2480691.847011965699494 ], [ 2407675.183654458727688, 2480647.809899741783738 ], [ 2407719.221559495199472, 2480647.809899741783738 ], [ 2407719.221559495199472, 2480603.771869924385101 ], [ 2407763.258546960540116, 2480647.809899741783738 ], [ 2407763.258546960540116, 2480603.771869924385101 ], [ 2407807.29553442588076, 2480603.771869924385101 ], [ 2407807.29553442588076, 2480559.733840107452124 ], [ 2407763.258546960540116, 2480559.733840107452124 ], [ 2407763.258546960540116, 2480515.695810290053487 ], [ 2407719.221559495199472, 2480515.695810290053487 ], [ 2407719.221559495199472, 2480559.733840107452124 ], [ 2407675.183654458727688, 2480559.733840107452124 ], [ 2407631.146666993387043, 2480559.733840107452124 ], [ 2407631.146666993387043, 2480515.695810290053487 ], [ 2407631.146666993387043, 2480471.65869806567207 ], [ 2407587.109679528046399, 2480471.65869806567207 ], [ 2407587.109679528046399, 2480427.620668248739094 ], [ 2407631.146666993387043, 2480427.620668248739094 ], [ 2407587.109679528046399, 2480427.620668248739094 ], [ 2407587.109679528046399, 2480383.582638431806117 ], [ 2407587.109679528046399, 2480339.5455262074247 ], [ 2407587.109679528046399, 2480295.507496390026063 ], [ 2407631.146666993387043, 2480295.507496390026063 ], [ 2407631.146666993387043, 2480251.469466573093086 ], [ 2407675.183654458727688, 2480251.469466573093086 ], [ 2407719.221559495199472, 2480251.469466573093086 ], [ 2407719.221559495199472, 2480295.507496390026063 ], [ 2407763.258546960540116, 2480295.507496390026063 ], [ 2407807.29553442588076, 2480295.507496390026063 ], [ 2407807.29553442588076, 2480251.469466573093086 ], [ 2407851.332521891221404, 2480251.469466573093086 ], [ 2407851.332521891221404, 2480207.431436755694449 ], [ 2407851.332521891221404, 2480163.394324531778693 ], [ 2407851.332521891221404, 2480119.356294714380056 ], [ 2407807.29553442588076, 2480119.356294714380056 ], [ 2407807.29553442588076, 2480075.318264897447079 ], [ 2407807.29553442588076, 2480031.280235080048442 ], [ 2407851.332521891221404, 2480031.280235080048442 ], [ 2407851.332521891221404, 2479987.243122855667025 ], [ 2407895.369509356562048, 2479987.243122855667025 ], [ 2407895.369509356562048, 2479943.205093038734049 ], [ 2407895.369509356562048, 2479899.167063221801072 ], [ 2407895.369509356562048, 2479855.129950997419655 ], [ 2407851.332521891221404, 2479855.129950997419655 ], [ 2407807.29553442588076, 2479855.129950997419655 ], [ 2407807.29553442588076, 2479811.091921180021018 ], [ 2407807.29553442588076, 2479767.053891363088042 ], [ 2407763.258546960540116, 2479767.053891363088042 ], [ 2407763.258546960540116, 2479723.015861545689404 ], [ 2407807.29553442588076, 2479723.015861545689404 ], [ 2407807.29553442588076, 2479678.978749321307987 ], [ 2407807.29553442588076, 2479634.940719504375011 ], [ 2407807.29553442588076, 2479590.902689687442034 ], [ 2407763.258546960540116, 2479590.902689687442034 ], [ 2407763.258546960540116, 2479546.864659870043397 ], [ 2407719.221559495199472, 2479546.864659870043397 ], [ 2407719.221559495199472, 2479502.82754764566198 ], [ 2407675.183654458727688, 2479458.789517828729004 ], [ 2407675.183654458727688, 2479414.751488011330366 ], [ 2407675.183654458727688, 2479370.71345819439739 ], [ 2407675.183654458727688, 2479326.676345970015973 ], [ 2407719.221559495199472, 2479326.676345970015973 ], [ 2407719.221559495199472, 2479282.638316153082997 ], [ 2407719.221559495199472, 2479238.600286335684359 ], [ 2407675.183654458727688, 2479238.600286335684359 ], [ 2407631.146666993387043, 2479194.563174111302942 ], [ 2407587.109679528046399, 2479194.563174111302942 ], [ 2407543.072692062705755, 2479194.563174111302942 ], [ 2407499.035704597365111, 2479194.563174111302942 ], [ 2407454.997799561358988, 2479194.563174111302942 ], [ 2407410.960812096018344, 2479194.563174111302942 ], [ 2407366.9238246306777, 2479194.563174111302942 ], [ 2407366.9238246306777, 2479150.525144294369966 ], [ 2407366.9238246306777, 2479106.48711447743699 ], [ 2407322.886837165337056, 2479106.48711447743699 ], [ 2407322.886837165337056, 2479062.449084660038352 ], [ 2407322.886837165337056, 2479018.411972435656935 ], [ 2407322.886837165337056, 2478974.373942618723959 ], [ 2407322.886837165337056, 2478930.335912801325321 ], [ 2407278.849849699996412, 2478930.335912801325321 ], [ 2407234.811944663524628, 2478930.335912801325321 ], [ 2407234.811944663524628, 2478886.297882984392345 ], [ 2407190.774957198183984, 2478886.297882984392345 ], [ 2407190.774957198183984, 2478930.335912801325321 ], [ 2407190.774957198183984, 2478886.297882984392345 ], [ 2407146.737969732843339, 2478886.297882984392345 ], [ 2407146.737969732843339, 2478842.260770760010928 ], [ 2407190.774957198183984, 2478842.260770760010928 ], [ 2407190.774957198183984, 2478798.222740943077952 ], [ 2407190.774957198183984, 2478754.184711125679314 ], [ 2407190.774957198183984, 2478710.146681308746338 ], [ 2407234.811944663524628, 2478710.146681308746338 ], [ 2407234.811944663524628, 2478666.109569084364921 ], [ 2407234.811944663524628, 2478622.071539266966283 ], [ 2407278.849849699996412, 2478622.071539266966283 ], [ 2407234.811944663524628, 2478622.071539266966283 ], [ 2407234.811944663524628, 2478578.033509450033307 ], [ 2407190.774957198183984, 2478578.033509450033307 ], [ 2407190.774957198183984, 2478533.99639722565189 ], [ 2407146.737969732843339, 2478533.99639722565189 ], [ 2407102.700982267502695, 2478533.99639722565189 ], [ 2407102.700982267502695, 2478489.958367408718914 ], [ 2407102.700982267502695, 2478533.99639722565189 ], [ 2407058.663994802162051, 2478533.99639722565189 ], [ 2407058.663994802162051, 2478489.958367408718914 ], [ 2407014.627007336821407, 2478489.958367408718914 ], [ 2407058.663994802162051, 2478445.920337591320276 ], [ 2407058.663994802162051, 2478401.8823077743873 ], [ 2407014.627007336821407, 2478401.8823077743873 ], [ 2406970.589102300815284, 2478401.8823077743873 ], [ 2406970.589102300815284, 2478357.845195550005883 ], [ 2406970.589102300815284, 2478313.807165733072907 ], [ 2406926.55211483547464, 2478313.807165733072907 ], [ 2406926.55211483547464, 2478269.769135915674269 ], [ 2406926.55211483547464, 2478225.731106098741293 ], [ 2406926.55211483547464, 2478181.693993874359876 ], [ 2406926.55211483547464, 2478137.655964056961238 ], [ 2406926.55211483547464, 2478093.617934240028262 ], [ 2406926.55211483547464, 2478049.580822015646845 ], [ 2406926.55211483547464, 2478005.542792198713869 ], [ 2406882.515127370133996, 2477961.504762381315231 ], [ 2406838.478139904793352, 2477961.504762381315231 ], [ 2406838.478139904793352, 2477917.466732564382255 ], [ 2406794.441152439452708, 2477917.466732564382255 ], [ 2406750.403247402980924, 2477917.466732564382255 ], [ 2406706.36625993764028, 2477917.466732564382255 ], [ 2406706.36625993764028, 2477873.429620340000838 ], [ 2406662.329272472299635, 2477873.429620340000838 ], [ 2406662.329272472299635, 2477829.391590523067862 ], [ 2406618.292285006958991, 2477785.353560705669224 ], [ 2406618.292285006958991, 2477741.315530888736248 ], [ 2406618.292285006958991, 2477697.278418664354831 ], [ 2406574.255297541618347, 2477697.278418664354831 ], [ 2406574.255297541618347, 2477653.240388846956193 ], [ 2406618.292285006958991, 2477653.240388846956193 ], [ 2406618.292285006958991, 2477609.202359030023217 ], [ 2406662.329272472299635, 2477609.202359030023217 ], [ 2406662.329272472299635, 2477565.164329213090241 ], [ 2406706.36625993764028, 2477565.164329213090241 ], [ 2406706.36625993764028, 2477521.127216988708824 ], [ 2406618.292285006958991, 2477477.089187171310186 ], [ 2406530.217392505146563, 2477389.014045129995793 ], [ 2406354.069442644249648, 2477829.391590523067862 ], [ 2406221.957562677096575, 2477873.429620340000838 ], [ 2406045.808695244602859, 2477873.429620340000838 ], [ 2405869.660745383705944, 2477521.127216988708824 ], [ 2405781.585852881893516, 2477653.240388846956193 ], [ 2405737.548865416552871, 2477653.240388846956193 ], [ 2405649.474890485871583, 2477873.429620340000838 ], [ 2405517.363010518718511, 2478049.580822015646845 ], [ 2405517.363010518718511, 2478093.617934240028262 ], [ 2404064.136918737087399, 2478269.769135915674269 ], [ 2403976.062943806871772, 2478313.807165733072907 ], [ 2403887.988051305059344, 2478313.807165733072907 ], [ 2402919.170656783971936, 2478445.920337591320276 ], [ 2402875.133669318631291, 2478445.920337591320276 ], [ 2402875.133669318631291, 2478401.8823077743873 ], [ 2402875.133669318631291, 2478357.845195550005883 ], [ 2402566.873839490115643, 2478401.8823077743873 ], [ 2402126.502129694912583, 2478445.920337591320276 ], [ 2401333.832685035187751, 2478578.033509450033307 ], [ 2400144.829435616731644, 2478754.184711125679314 ], [ 2400100.792448151391, 2478710.146681308746338 ], [ 2400100.792448151391, 2478666.109569084364921 ], [ 2400012.718473220709711, 2478578.033509450033307 ], [ 2399704.458643392194062, 2478137.655964056961238 ], [ 2399484.272788494825363, 2477873.429620340000838 ], [ 2399484.272788494825363, 2477829.391590523067862 ], [ 2399484.272788494825363, 2477785.353560705669224 ], [ 2399440.234883458353579, 2477741.315530888736248 ], [ 2399440.234883458353579, 2477653.240388846956193 ], [ 2399352.160908527672291, 2477036.711641778703779 ], [ 2399220.049028560519218, 2475891.729289682582021 ], [ 2399131.975053630303591, 2475451.350826696958393 ], [ 2399131.975053630303591, 2475231.162512796930969 ], [ 2398999.864091234281659, 2474482.519676276948303 ], [ 2398867.752211267128587, 2473469.650496039539576 ], [ 2398867.752211267128587, 2473381.575353998225182 ], [ 2398691.603343835100532, 2473293.500211956910789 ], [ 2398515.454476402606815, 2473293.500211956910789 ], [ 2398295.269539075903594, 2473337.537324181292206 ], [ 2397238.377252053003758, 2473469.650496039539576 ], [ 2397194.340264588128775, 2473469.650496039539576 ], [ 2397062.228384620975703, 2473513.688525856938213 ], [ 2397018.191397155635059, 2473513.688525856938213 ], [ 2396930.117422224953771, 2473513.688525856938213 ], [ 2396886.080434759613127, 2473513.688525856938213 ], [ 2396842.042529723141342, 2473513.688525856938213 ], [ 2396798.005542257800698, 2473513.688525856938213 ], [ 2396798.005542257800698, 2473557.726555673871189 ], [ 2396798.005542257800698, 2473601.764585491269827 ], [ 2396753.968554792460054, 2473645.801697715651244 ], [ 2396665.894579862244427, 2473777.915787166915834 ], [ 2396665.894579862244427, 2473865.990929208230227 ], [ 2396665.894579862244427, 2473998.104101066943258 ], [ 2396621.856674825772643, 2474086.180160701274872 ], [ 2396621.856674825772643, 2474130.217272925656289 ], [ 2396621.856674825772643, 2474174.255302742589265 ], [ 2396577.819687360431999, 2474174.255302742589265 ], [ 2396577.819687360431999, 2474218.293332559987903 ], [ 2396533.782699895091355, 2474218.293332559987903 ], [ 2396489.745712429750711, 2474218.293332559987903 ], [ 2396445.708724964410067, 2474218.293332559987903 ], [ 2396357.633832462597638, 2474174.255302742589265 ], [ 2396269.55985753191635, 2474130.217272925656289 ], [ 2396269.55985753191635, 2474174.255302742589265 ], [ 2396005.337015169207007, 2474174.255302742589265 ], [ 2395961.300027703866363, 2474218.293332559987903 ], [ 2395873.225135202053934, 2474218.293332559987903 ], [ 2395476.891330443322659, 2474262.331362376920879 ], [ 2395432.853425406850874, 2474174.255302742589265 ], [ 2395344.779450476169586, 2473425.61338381562382 ], [ 2395300.742463010828942, 2473381.575353998225182 ], [ 2395300.742463010828942, 2473337.537324181292206 ], [ 2395256.705475545488298, 2473293.500211956910789 ], [ 2395212.667570509482175, 2473293.500211956910789 ], [ 2395168.630583044141531, 2473293.500211956910789 ], [ 2395124.593595578800887, 2473293.500211956910789 ], [ 2394728.258873248938471, 2473337.537324181292206 ], [ 2394508.07301835110411, 2473381.575353998225182 ], [ 2394287.88808102440089, 2473425.61338381562382 ], [ 2393935.590346159879118, 2473469.650496039539576 ], [ 2393715.404491262510419, 2473469.650496039539576 ], [ 2393671.367503797169775, 2473513.688525856938213 ], [ 2393539.255623830016702, 2473513.688525856938213 ], [ 2393495.218636364676058, 2473513.688525856938213 ], [ 2393451.181648899335414, 2473513.688525856938213 ], [ 2392218.141412015538663, 2473689.83972753258422 ], [ 2391953.918569652363658, 2473733.877757349982858 ], [ 2391909.880664615891874, 2473777.915787166915834 ], [ 2391293.361004959791899, 2473865.990929208230227 ], [ 2391249.324017494451255, 2473865.990929208230227 ], [ 2390985.10117513127625, 2473865.990929208230227 ], [ 2390676.840427732095122, 2473954.066071250010282 ], [ 2390544.72946533607319, 2473954.066071250010282 ], [ 2390500.691560299601406, 2473954.066071250010282 ], [ 2390368.580597903579473, 2473910.028959025628865 ], [ 2390324.543610438704491, 2473910.028959025628865 ], [ 2390280.506622973363847, 2473513.688525856938213 ], [ 2389972.245875573717058, 2473557.726555673871189 ], [ 2389928.208888108376414, 2473381.575353998225182 ], [ 2389884.171900643035769, 2473425.61338381562382 ], [ 2389884.171900643035769, 2473381.575353998225182 ], [ 2389840.134913178160787, 2473381.575353998225182 ], [ 2389840.134913178160787, 2473425.61338381562382 ], [ 2389796.097008141689003, 2473469.650496039539576 ], [ 2389796.097008141689003, 2473513.688525856938213 ], [ 2389796.097008141689003, 2473557.726555673871189 ], [ 2389752.060020676348358, 2473601.764585491269827 ], [ 2389708.023033211007714, 2473645.801697715651244 ], [ 2389663.98604574566707, 2473645.801697715651244 ], [ 2389575.912070814985782, 2473645.801697715651244 ], [ 2389531.874165778513998, 2473645.801697715651244 ], [ 2389487.837178313173354, 2473645.801697715651244 ], [ 2389443.80019084783271, 2473645.801697715651244 ], [ 2389399.763203382492065, 2473645.801697715651244 ], [ 2389355.726215917617083, 2473733.877757349982858 ], [ 2389311.688310881145298, 2473777.915787166915834 ], [ 2389311.688310881145298, 2473821.952899391297251 ], [ 2389267.651323415804654, 2473865.990929208230227 ], [ 2389223.61433595046401, 2473865.990929208230227 ], [ 2389223.61433595046401, 2473910.028959025628865 ], [ 2389179.577348485123366, 2473954.066071250010282 ], [ 2389135.540361019782722, 2474042.142130883876234 ], [ 2389091.502455983310938, 2474086.180160701274872 ], [ 2389091.502455983310938, 2474130.217272925656289 ], [ 2389047.465468517970294, 2474218.293332559987903 ], [ 2389003.42848105262965, 2474262.331362376920879 ], [ 2388959.391493587289006, 2474306.368474601302296 ], [ 2388959.391493587289006, 2474350.406504418235272 ], [ 2388871.317518657073379, 2474438.482564052566886 ], [ 2388739.205638689920306, 2474570.595735911279917 ], [ 2388695.168651224579662, 2474614.632848135661334 ], [ 2388607.093758722767234, 2474702.708907769992948 ], [ 2388563.05677125742659, 2474746.746937586925924 ], [ 2388519.019783792085946, 2474746.746937586925924 ], [ 2388474.982796326745301, 2474790.784049811307341 ], [ 2388386.907903825398535, 2474878.860109445638955 ], [ 2388342.87091636005789, 2474922.898139262571931 ], [ 2388298.833928894717246, 2474922.898139262571931 ], [ 2388122.68506146222353, 2475055.011311121284962 ], [ 2387946.537111600860953, 2475143.086453162599355 ], [ 2387726.351256703492254, 2475275.199625021312386 ], [ 2387682.31426923815161, 2475275.199625021312386 ], [ 2387638.276364201679826, 2475319.237654838245362 ], [ 2387550.202389270998538, 2475407.313714472576976 ], [ 2387506.165401805657893, 2475451.350826696958393 ], [ 2387462.128414340317249, 2475451.350826696958393 ], [ 2387241.94255944294855, 2475495.38885651435703 ], [ 2387197.904654406476766, 2475495.38885651435703 ], [ 2387197.904654406476766, 2475363.275684655644 ], [ 2387153.867666941136122, 2475363.275684655644 ], [ 2387109.830679475795478, 2475407.313714472576976 ], [ 2387109.830679475795478, 2475451.350826696958393 ], [ 2387065.793692010454834, 2475451.350826696958393 ], [ 2387065.793692010454834, 2475495.38885651435703 ], [ 2387021.756704545114189, 2475495.38885651435703 ], [ 2387021.756704545114189, 2475539.426886331290007 ], [ 2386977.719717079773545, 2475539.426886331290007 ], [ 2386933.681812043767422, 2475495.38885651435703 ], [ 2386889.644824578426778, 2475495.38885651435703 ], [ 2386889.644824578426778, 2475451.350826696958393 ], [ 2386845.607837113086134, 2475451.350826696958393 ], [ 2386845.607837113086134, 2475407.313714472576976 ], [ 2386801.57084964774549, 2475407.313714472576976 ], [ 2386801.57084964774549, 2475363.275684655644 ], [ 2386757.533862182404846, 2475363.275684655644 ], [ 2386757.533862182404846, 2475319.237654838245362 ], [ 2386757.533862182404846, 2475275.199625021312386 ], [ 2386757.533862182404846, 2475231.162512796930969 ], [ 2386713.495957145933062, 2475231.162512796930969 ], [ 2386713.495957145933062, 2475187.124482979997993 ], [ 2386713.495957145933062, 2475143.086453162599355 ], [ 2386669.458969680592418, 2475143.086453162599355 ], [ 2386669.458969680592418, 2475099.049340938217938 ], [ 2386669.458969680592418, 2475055.011311121284962 ], [ 2386713.495957145933062, 2475010.973281304351985 ], [ 2386757.533862182404846, 2474966.935251486953348 ], [ 2386757.533862182404846, 2474922.898139262571931 ], [ 2386801.57084964774549, 2474922.898139262571931 ], [ 2386801.57084964774549, 2474878.860109445638955 ], [ 2386801.57084964774549, 2474834.822079628240317 ], [ 2386801.57084964774549, 2474790.784049811307341 ], [ 2386801.57084964774549, 2474746.746937586925924 ], [ 2386801.57084964774549, 2474702.708907769992948 ], [ 2386757.533862182404846, 2474702.708907769992948 ], [ 2386713.495957145933062, 2474658.67087795259431 ], [ 2386669.458969680592418, 2474658.67087795259431 ], [ 2386625.421982215251774, 2474658.67087795259431 ], [ 2386581.384994749911129, 2474658.67087795259431 ], [ 2386581.384994749911129, 2474614.632848135661334 ], [ 2386537.348007284570485, 2474614.632848135661334 ], [ 2386537.348007284570485, 2474658.67087795259431 ], [ 2386493.310102248564363, 2474658.67087795259431 ], [ 2386449.273114783223718, 2474658.67087795259431 ], [ 2386449.273114783223718, 2474614.632848135661334 ], [ 2386405.236127317883074, 2474614.632848135661334 ], [ 2386405.236127317883074, 2474570.595735911279917 ], [ 2386405.236127317883074, 2474526.557706093881279 ], [ 2386449.273114783223718, 2474526.557706093881279 ], [ 2386449.273114783223718, 2474482.519676276948303 ], [ 2386449.273114783223718, 2474438.482564052566886 ], [ 2386405.236127317883074, 2474438.482564052566886 ], [ 2386405.236127317883074, 2474394.44453423563391 ], [ 2386361.19913985254243, 2474394.44453423563391 ], [ 2386361.19913985254243, 2474350.406504418235272 ], [ 2386317.162152387201786, 2474350.406504418235272 ], [ 2386273.125164921861142, 2474350.406504418235272 ], [ 2386229.087259885389358, 2474350.406504418235272 ], [ 2386229.087259885389358, 2474306.368474601302296 ], [ 2386185.050272420048714, 2474306.368474601302296 ], [ 2386141.01328495470807, 2474306.368474601302296 ], [ 2386096.976297489367425, 2474306.368474601302296 ], [ 2386096.976297489367425, 2474262.331362376920879 ], [ 2386052.939310024026781, 2474262.331362376920879 ], [ 2386052.939310024026781, 2474218.293332559987903 ], [ 2386052.939310024026781, 2474174.255302742589265 ], [ 2386096.976297489367425, 2474174.255302742589265 ], [ 2386096.976297489367425, 2474130.217272925656289 ], [ 2386096.976297489367425, 2474086.180160701274872 ], [ 2386141.01328495470807, 2474086.180160701274872 ], [ 2386141.01328495470807, 2474042.142130883876234 ], [ 2386141.01328495470807, 2473998.104101066943258 ], [ 2386141.01328495470807, 2473954.066071250010282 ], [ 2386096.976297489367425, 2473954.066071250010282 ], [ 2386052.939310024026781, 2473954.066071250010282 ], [ 2386008.901404988020658, 2473954.066071250010282 ], [ 2386008.901404988020658, 2473998.104101066943258 ], [ 2385964.864417522680014, 2473998.104101066943258 ], [ 2385964.864417522680014, 2473954.066071250010282 ], [ 2385920.82743005733937, 2473954.066071250010282 ], [ 2385920.82743005733937, 2473910.028959025628865 ], [ 2385920.82743005733937, 2473865.990929208230227 ], [ 2385920.82743005733937, 2473821.952899391297251 ], [ 2385920.82743005733937, 2473777.915787166915834 ], [ 2385920.82743005733937, 2473733.877757349982858 ], [ 2385920.82743005733937, 2473689.83972753258422 ], [ 2385876.790442591998726, 2473689.83972753258422 ], [ 2385876.790442591998726, 2473645.801697715651244 ], [ 2385832.753455126658082, 2473645.801697715651244 ], [ 2385788.715550090186298, 2473645.801697715651244 ], [ 2385744.678562624845654, 2473645.801697715651244 ], [ 2385700.64157515950501, 2473645.801697715651244 ], [ 2385700.64157515950501, 2473601.764585491269827 ], [ 2385656.604587694164366, 2473601.764585491269827 ], [ 2385612.567600228823721, 2473601.764585491269827 ], [ 2385568.530612763483077, 2473601.764585491269827 ], [ 2385524.492707727476954, 2473601.764585491269827 ], [ 2385480.45572026213631, 2473601.764585491269827 ], [ 2385436.418732796795666, 2473601.764585491269827 ], [ 2385436.418732796795666, 2473645.801697715651244 ], [ 2385436.418732796795666, 2473689.83972753258422 ], [ 2385436.418732796795666, 2473733.877757349982858 ], [ 2385392.381745331455022, 2473733.877757349982858 ], [ 2385392.381745331455022, 2473777.915787166915834 ], [ 2385348.344757866114378, 2473777.915787166915834 ], [ 2385304.306852829642594, 2473733.877757349982858 ], [ 2385304.306852829642594, 2473689.83972753258422 ], [ 2385260.26986536430195, 2473689.83972753258422 ], [ 2385260.26986536430195, 2473645.801697715651244 ], [ 2385216.232877898961306, 2473645.801697715651244 ], [ 2385172.195890433620661, 2473645.801697715651244 ], [ 2385128.158902968280017, 2473645.801697715651244 ], [ 2385084.120997931808233, 2473645.801697715651244 ], [ 2385084.120997931808233, 2473601.764585491269827 ], [ 2385040.08401046693325, 2473601.764585491269827 ], [ 2385040.08401046693325, 2473645.801697715651244 ], [ 2384996.047023001592606, 2473645.801697715651244 ], [ 2384996.047023001592606, 2473689.83972753258422 ], [ 2384952.010035536251962, 2473689.83972753258422 ], [ 2384952.010035536251962, 2473733.877757349982858 ], [ 2384907.973048070911318, 2473733.877757349982858 ], [ 2384863.936060605570674, 2473733.877757349982858 ], [ 2384863.936060605570674, 2473689.83972753258422 ], [ 2384819.89815556909889, 2473689.83972753258422 ], [ 2384775.861168103758246, 2473689.83972753258422 ], [ 2384775.861168103758246, 2473645.801697715651244 ], [ 2384775.861168103758246, 2473689.83972753258422 ], [ 2384731.824180638417602, 2473689.83972753258422 ], [ 2384687.787193173076957, 2473689.83972753258422 ], [ 2384687.787193173076957, 2473645.801697715651244 ], [ 2384643.750205707736313, 2473645.801697715651244 ], [ 2384599.712300671264529, 2473645.801697715651244 ], [ 2384555.675313206389546, 2473645.801697715651244 ], [ 2384555.675313206389546, 2473601.764585491269827 ], [ 2384599.712300671264529, 2473601.764585491269827 ], [ 2384555.675313206389546, 2473601.764585491269827 ], [ 2384511.638325741048902, 2473601.764585491269827 ], [ 2384511.638325741048902, 2473645.801697715651244 ], [ 2384467.601338275708258, 2473645.801697715651244 ], [ 2384423.564350810367614, 2473645.801697715651244 ], [ 2384379.52644577389583, 2473645.801697715651244 ], [ 2384335.489458308555186, 2473601.764585491269827 ], [ 2384335.489458308555186, 2473557.726555673871189 ], [ 2384291.452470843214542, 2473513.688525856938213 ], [ 2384247.415483377873898, 2473513.688525856938213 ], [ 2384247.415483377873898, 2473469.650496039539576 ], [ 2384203.378495912533253, 2473469.650496039539576 ], [ 2384159.341508447192609, 2473469.650496039539576 ], [ 2384115.303603410720825, 2473469.650496039539576 ], [ 2384071.266615945380181, 2473469.650496039539576 ], [ 2384071.266615945380181, 2473425.61338381562382 ], [ 2384027.229628480505198, 2473425.61338381562382 ], [ 2383983.192641015164554, 2473425.61338381562382 ], [ 2383939.15565354982391, 2473425.61338381562382 ], [ 2383939.15565354982391, 2473469.650496039539576 ], [ 2383895.117748513352126, 2473469.650496039539576 ], [ 2383895.117748513352126, 2473513.688525856938213 ], [ 2383895.117748513352126, 2473557.726555673871189 ], [ 2383895.117748513352126, 2473601.764585491269827 ], [ 2383851.080761048011482, 2473601.764585491269827 ], [ 2383851.080761048011482, 2473645.801697715651244 ], [ 2383807.043773582670838, 2473645.801697715651244 ], [ 2383807.043773582670838, 2473689.83972753258422 ], [ 2383807.043773582670838, 2473733.877757349982858 ], [ 2383763.006786117330194, 2473733.877757349982858 ], [ 2383763.006786117330194, 2473777.915787166915834 ], [ 2383718.969798651989549, 2473777.915787166915834 ], [ 2383718.969798651989549, 2473733.877757349982858 ], [ 2383674.932811186648905, 2473733.877757349982858 ], [ 2383630.894906150177121, 2473733.877757349982858 ], [ 2383630.894906150177121, 2473777.915787166915834 ], [ 2383586.857918684836477, 2473777.915787166915834 ], [ 2383542.820931219961494, 2473777.915787166915834 ], [ 2383498.78394375462085, 2473777.915787166915834 ], [ 2383498.78394375462085, 2473733.877757349982858 ], [ 2383454.746956289280206, 2473733.877757349982858 ], [ 2383454.746956289280206, 2473689.83972753258422 ], [ 2383410.709051252808422, 2473689.83972753258422 ], [ 2383410.709051252808422, 2473645.801697715651244 ], [ 2383366.672063787467778, 2473645.801697715651244 ], [ 2383322.635076322127134, 2473645.801697715651244 ], [ 2383322.635076322127134, 2473601.764585491269827 ], [ 2383278.598088856786489, 2473557.726555673871189 ], [ 2383278.598088856786489, 2473513.688525856938213 ], [ 2383278.598088856786489, 2473469.650496039539576 ], [ 2383278.598088856786489, 2473425.61338381562382 ], [ 2383278.598088856786489, 2473381.575353998225182 ], [ 2383234.561101391445845, 2473381.575353998225182 ], [ 2383234.561101391445845, 2473337.537324181292206 ], [ 2383190.523196354974061, 2473337.537324181292206 ], [ 2383146.486208889633417, 2473337.537324181292206 ], [ 2383102.449221424292773, 2473337.537324181292206 ], [ 2383058.41223395941779, 2473337.537324181292206 ], [ 2383058.41223395941779, 2473293.500211956910789 ], [ 2383058.41223395941779, 2473249.462182139512151 ], [ 2383058.41223395941779, 2473205.424152322579175 ], [ 2383014.375246494077146, 2473205.424152322579175 ], [ 2383014.375246494077146, 2473249.462182139512151 ], [ 2382970.338259028736502, 2473205.424152322579175 ], [ 2382926.300353992264718, 2473205.424152322579175 ], [ 2382926.300353992264718, 2473249.462182139512151 ], [ 2382926.300353992264718, 2473293.500211956910789 ], [ 2382882.263366526924074, 2473293.500211956910789 ], [ 2382882.263366526924074, 2473337.537324181292206 ], [ 2382838.22637906158343, 2473337.537324181292206 ], [ 2382838.22637906158343, 2473381.575353998225182 ], [ 2382794.189391596242785, 2473381.575353998225182 ], [ 2382750.152404130902141, 2473337.537324181292206 ], [ 2382706.114499094430357, 2473337.537324181292206 ], [ 2382706.114499094430357, 2473293.500211956910789 ], [ 2382662.077511629089713, 2473293.500211956910789 ], [ 2382662.077511629089713, 2473249.462182139512151 ], [ 2382618.040524163749069, 2473205.424152322579175 ], [ 2382574.003536698408425, 2473205.424152322579175 ], [ 2382529.966549233533442, 2473205.424152322579175 ], [ 2382485.928644197061658, 2473205.424152322579175 ], [ 2382485.928644197061658, 2473161.386122505646199 ], [ 2382485.928644197061658, 2473205.424152322579175 ], [ 2382441.891656731721014, 2473205.424152322579175 ], [ 2382397.85466926638037, 2473205.424152322579175 ], [ 2382353.817681801039726, 2473205.424152322579175 ], [ 2382309.780694335699081, 2473249.462182139512151 ], [ 2382265.743706870358437, 2473249.462182139512151 ], [ 2382221.705801833886653, 2473249.462182139512151 ], [ 2382177.668814368546009, 2473293.500211956910789 ], [ 2382133.631826903205365, 2473293.500211956910789 ], [ 2382133.631826903205365, 2473249.462182139512151 ], [ 2382089.594839437864721, 2473249.462182139512151 ], [ 2382089.594839437864721, 2473205.424152322579175 ], [ 2382045.557851972989738, 2473161.386122505646199 ], [ 2382045.557851972989738, 2473117.349010281264782 ], [ 2382001.519946936517954, 2473073.310980463866144 ], [ 2381957.48295947117731, 2473073.310980463866144 ], [ 2381913.445972005836666, 2473029.272950646933168 ], [ 2381869.408984540496022, 2473029.272950646933168 ], [ 2381825.371997075155377, 2473029.272950646933168 ], [ 2381781.334092038683593, 2473029.272950646933168 ], [ 2381737.297104573342949, 2473029.272950646933168 ], [ 2381693.260117108002305, 2472985.234920829534531 ], [ 2381649.223129642661661, 2472985.234920829534531 ], [ 2381605.186142177321017, 2472985.234920829534531 ], [ 2381605.186142177321017, 2472941.197808605618775 ], [ 2381605.186142177321017, 2472897.159778788220137 ], [ 2381561.149154712446034, 2472897.159778788220137 ], [ 2381605.186142177321017, 2473161.386122505646199 ], [ 2381561.149154712446034, 2473161.386122505646199 ], [ 2380944.628577484749258, 2473249.462182139512151 ], [ 2380900.591590019408613, 2473249.462182139512151 ], [ 2380680.405735121574253, 2473293.500211956910789 ], [ 2380636.368747656233609, 2473293.500211956910789 ], [ 2380372.144987722393125, 2473337.537324181292206 ], [ 2380240.034025326371193, 2473337.537324181292206 ], [ 2380019.848170429002494, 2473381.575353998225182 ], [ 2379975.811182963661849, 2473381.575353998225182 ], [ 2379711.588340600486845, 2473425.61338381562382 ], [ 2379667.551353135146201, 2473425.61338381562382 ], [ 2379006.993788442574441, 2473513.688525856938213 ], [ 2379006.993788442574441, 2473557.726555673871189 ], [ 2379227.179643339943141, 2475187.124482979997993 ], [ 2379271.216630805283785, 2475363.275684655644 ], [ 2379315.253618270624429, 2475759.615200231317431 ], [ 2379359.290605735965073, 2476023.842461541295052 ], [ 2379315.253618270624429, 2476023.842461541295052 ], [ 2379183.141738303937018, 2476023.842461541295052 ], [ 2379183.141738303937018, 2476067.880491358228028 ], [ 2379139.104750838596374, 2476067.880491358228028 ], [ 2379095.06776337325573, 2476067.880491358228028 ], [ 2379051.030775907915086, 2476067.880491358228028 ], [ 2379006.993788442574441, 2476067.880491358228028 ], [ 2378918.918895940762013, 2476067.880491358228028 ], [ 2378830.844921010080725, 2476067.880491358228028 ], [ 2378786.807933544740081, 2476067.880491358228028 ], [ 2378698.733041043393314, 2476067.880491358228028 ], [ 2378522.585091182030737, 2476111.917603582609445 ], [ 2378434.510198680218309, 2476111.917603582609445 ], [ 2378390.473211214877665, 2476111.917603582609445 ], [ 2378346.436223749537021, 2476155.955633400008082 ], [ 2378302.399236284196377, 2476155.955633400008082 ], [ 2378170.287356317508966, 2476155.955633400008082 ], [ 2378126.250368852168322, 2476155.955633400008082 ], [ 2378082.213381386827677, 2476155.955633400008082 ], [ 2378038.176393921487033, 2476155.955633400008082 ], [ 2377862.027526488993317, 2476199.993663216941059 ], [ 2377729.915646522305906, 2476244.031693034339696 ], [ 2377597.804684126283973, 2476244.031693034339696 ], [ 2377289.543936726637185, 2476288.068805258721113 ], [ 2377069.358081829268485, 2476288.068805258721113 ], [ 2376893.210131967905909, 2476332.106835075654089 ], [ 2376496.875409638043493, 2476376.144864892587066 ], [ 2375043.649317856412381, 2476552.296066568233073 ], [ 2374999.612330391071737, 2476552.296066568233073 ], [ 2374691.351582991890609, 2476596.33317879261449 ], [ 2374162.905898266006261, 2476684.409238426946104 ], [ 2374162.905898266006261, 2476728.447268244344741 ], [ 2374162.905898266006261, 2476772.484380468726158 ], [ 2374162.905898266006261, 2476816.522410285659134 ], [ 2374206.942885731346905, 2476948.635582144372165 ], [ 2374206.942885731346905, 2477036.711641778703779 ], [ 2374206.942885731346905, 2477124.786783820018172 ], [ 2374295.017778232693672, 2477609.202359030023217 ], [ 2374295.017778232693672, 2477697.278418664354831 ], [ 2374427.128740628715605, 2478578.033509450033307 ], [ 2374383.09175316337496, 2478578.033509450033307 ], [ 2373854.646068437490612, 2478666.109569084364921 ], [ 2373810.609080972149968, 2478666.109569084364921 ], [ 2373810.609080972149968, 2478710.146681308746338 ], [ 2373810.609080972149968, 2478754.184711125679314 ], [ 2373766.571175936143845, 2478754.184711125679314 ], [ 2373766.571175936143845, 2478798.222740943077952 ], [ 2373722.534188470803201, 2478798.222740943077952 ], [ 2373678.497201005462557, 2478798.222740943077952 ], [ 2373634.460213540121913, 2478798.222740943077952 ], [ 2373590.423226074781269, 2478798.222740943077952 ], [ 2373546.386238609440625, 2478798.222740943077952 ], [ 2373502.348333572968841, 2478798.222740943077952 ], [ 2373502.348333572968841, 2478754.184711125679314 ], [ 2373458.311346107628196, 2478754.184711125679314 ], [ 2373414.274358642287552, 2478754.184711125679314 ], [ 2373370.237371176946908, 2478754.184711125679314 ], [ 2373370.237371176946908, 2478710.146681308746338 ], [ 2372533.530939051881433, 2478842.260770760010928 ], [ 2372489.493951586540788, 2478842.260770760010928 ], [ 2371828.936386893969029, 2478930.335912801325321 ], [ 2371388.564677098765969, 2478974.373942618723959 ], [ 2371344.527689633425325, 2478974.373942618723959 ], [ 2371344.527689633425325, 2479018.411972435656935 ], [ 2371344.527689633425325, 2479062.449084660038352 ], [ 2371344.527689633425325, 2479106.48711447743699 ], [ 2371388.564677098765969, 2479150.525144294369966 ], [ 2371388.564677098765969, 2479194.563174111302942 ], [ 2371388.564677098765969, 2479238.600286335684359 ], [ 2371388.564677098765969, 2479282.638316153082997 ], [ 2371432.602582134772092, 2479282.638316153082997 ], [ 2371432.602582134772092, 2479326.676345970015973 ], [ 2371432.602582134772092, 2479370.71345819439739 ], [ 2371432.602582134772092, 2479414.751488011330366 ], [ 2371388.564677098765969, 2479414.751488011330366 ], [ 2371388.564677098765969, 2479458.789517828729004 ], [ 2371388.564677098765969, 2479502.82754764566198 ], [ 2371432.602582134772092, 2479546.864659870043397 ], [ 2371432.602582134772092, 2479590.902689687442034 ], [ 2371432.602582134772092, 2479634.940719504375011 ], [ 2371432.602582134772092, 2479678.978749321307987 ], [ 2371432.602582134772092, 2479723.015861545689404 ], [ 2371432.602582134772092, 2479767.053891363088042 ], [ 2371476.639569600112736, 2479811.091921180021018 ], [ 2371476.639569600112736, 2479855.129950997419655 ], [ 2371476.639569600112736, 2479899.167063221801072 ], [ 2371476.639569600112736, 2479943.205093038734049 ], [ 2371476.639569600112736, 2479987.243122855667025 ], [ 2371520.67655706545338, 2479987.243122855667025 ], [ 2371520.67655706545338, 2480031.280235080048442 ], [ 2371564.713544530794024, 2480075.318264897447079 ], [ 2371564.713544530794024, 2480119.356294714380056 ], [ 2371520.67655706545338, 2480119.356294714380056 ], [ 2371476.639569600112736, 2480163.394324531778693 ], [ 2371432.602582134772092, 2480163.394324531778693 ], [ 2371432.602582134772092, 2480207.431436755694449 ], [ 2371388.564677098765969, 2480207.431436755694449 ], [ 2371388.564677098765969, 2480251.469466573093086 ], [ 2371388.564677098765969, 2480295.507496390026063 ], [ 2371344.527689633425325, 2480295.507496390026063 ], [ 2371344.527689633425325, 2480339.5455262074247 ], [ 2371344.527689633425325, 2480383.582638431806117 ], [ 2371344.527689633425325, 2480427.620668248739094 ], [ 2371344.527689633425325, 2480471.65869806567207 ], [ 2371344.527689633425325, 2480515.695810290053487 ], [ 2371344.527689633425325, 2480559.733840107452124 ], [ 2371344.527689633425325, 2480603.771869924385101 ], [ 2371388.564677098765969, 2480603.771869924385101 ], [ 2371432.602582134772092, 2480647.809899741783738 ], [ 2371476.639569600112736, 2480691.847011965699494 ], [ 2371476.639569600112736, 2480735.885041783098131 ], [ 2371476.639569600112736, 2480823.961101417429745 ], [ 2371432.602582134772092, 2480823.961101417429745 ], [ 2371432.602582134772092, 2480867.998213641811162 ], [ 2371476.639569600112736, 2480867.998213641811162 ], [ 2371476.639569600112736, 2480912.036243458744138 ], [ 2371520.67655706545338, 2480912.036243458744138 ], [ 2371520.67655706545338, 2480956.074273275677115 ], [ 2371520.67655706545338, 2481000.112303093075752 ], [ 2371520.67655706545338, 2481044.149415317457169 ], [ 2371476.639569600112736, 2481088.187445134390146 ], [ 2371476.639569600112736, 2481132.225474951788783 ], [ 2371432.602582134772092, 2481132.225474951788783 ], [ 2371432.602582134772092, 2481176.2625871761702 ], [ 2371432.602582134772092, 2481220.300616993103176 ], [ 2371388.564677098765969, 2481264.338646810036153 ], [ 2371388.564677098765969, 2481308.37667662743479 ], [ 2371344.527689633425325, 2481308.37667662743479 ], [ 2371344.527689633425325, 2481352.413788851816207 ], [ 2371344.527689633425325, 2481396.451818668749183 ], [ 2371388.564677098765969, 2481396.451818668749183 ], [ 2371388.564677098765969, 2481440.489848486147821 ], [ 2371432.602582134772092, 2481440.489848486147821 ], [ 2371476.639569600112736, 2481440.489848486147821 ], [ 2371520.67655706545338, 2481440.489848486147821 ], [ 2371520.67655706545338, 2481396.451818668749183 ], [ 2371564.713544530794024, 2481396.451818668749183 ], [ 2371564.713544530794024, 2481352.413788851816207 ], [ 2371564.713544530794024, 2481396.451818668749183 ], [ 2371564.713544530794024, 2481352.413788851816207 ], [ 2371608.750531996134669, 2481352.413788851816207 ], [ 2371652.788437032606453, 2481352.413788851816207 ], [ 2371696.825424497947097, 2481352.413788851816207 ], [ 2371740.862411963287741, 2481396.451818668749183 ], [ 2371740.862411963287741, 2481440.489848486147821 ], [ 2371784.899399428628385, 2481440.489848486147821 ], [ 2371784.899399428628385, 2481484.527878303080797 ], [ 2371784.899399428628385, 2481528.564990527462214 ], [ 2371784.899399428628385, 2481572.60302034439519 ], [ 2371784.899399428628385, 2481616.641050161793828 ], [ 2371828.936386893969029, 2481616.641050161793828 ], [ 2371828.936386893969029, 2481660.679079978726804 ], [ 2371828.936386893969029, 2481704.716192203108221 ], [ 2371872.973374359309673, 2481704.716192203108221 ], [ 2371872.973374359309673, 2481748.754222020041198 ], [ 2371917.011279395315796, 2481748.754222020041198 ], [ 2371917.011279395315796, 2481792.792251837439835 ], [ 2371961.04826686065644, 2481792.792251837439835 ], [ 2372005.085254325997084, 2481792.792251837439835 ], [ 2372049.122241791337729, 2481836.829364061821252 ], [ 2372093.159229256678373, 2481836.829364061821252 ], [ 2372137.197134293150157, 2481880.867393878754228 ], [ 2372181.234121758490801, 2481880.867393878754228 ], [ 2372225.271109223831445, 2481924.905423696152866 ], [ 2372225.271109223831445, 2481968.943453513085842 ], [ 2372269.308096689172089, 2481968.943453513085842 ], [ 2372269.308096689172089, 2482012.980565737467259 ], [ 2372313.345084154512733, 2482012.980565737467259 ], [ 2372313.345084154512733, 2482057.018595554400235 ], [ 2372357.382071619853377, 2482057.018595554400235 ], [ 2372357.382071619853377, 2482101.056625371798873 ], [ 2372357.382071619853377, 2482145.094655188731849 ], [ 2372401.4199766558595, 2482145.094655188731849 ], [ 2372401.4199766558595, 2482189.131767413113266 ], [ 2372445.456964121200144, 2482189.131767413113266 ], [ 2372489.493951586540788, 2482189.131767413113266 ], [ 2372489.493951586540788, 2482145.094655188731849 ], [ 2372533.530939051881433, 2482145.094655188731849 ], [ 2372577.567926517222077, 2482145.094655188731849 ], [ 2372577.567926517222077, 2482101.056625371798873 ], [ 2372621.605831553693861, 2482101.056625371798873 ], [ 2372665.642819019034505, 2482101.056625371798873 ], [ 2372709.679806484375149, 2482101.056625371798873 ], [ 2372709.679806484375149, 2482145.094655188731849 ], [ 2372753.716793949715793, 2482145.094655188731849 ], [ 2372753.716793949715793, 2482189.131767413113266 ], [ 2372797.753781415056437, 2482189.131767413113266 ], [ 2372797.753781415056437, 2482233.169797230511904 ], [ 2372797.753781415056437, 2482277.20782704744488 ], [ 2372841.79168645106256, 2482277.20782704744488 ], [ 2372841.79168645106256, 2482321.244939271826297 ], [ 2372885.828673916403204, 2482321.244939271826297 ], [ 2372929.865661381743848, 2482321.244939271826297 ], [ 2372973.902648847084492, 2482365.282969088759273 ], [ 2373017.939636312425137, 2482365.282969088759273 ], [ 2373017.939636312425137, 2482409.320998906157911 ], [ 2373061.976623777765781, 2482409.320998906157911 ], [ 2373061.976623777765781, 2482453.359028723090887 ], [ 2373106.014528814237565, 2482453.359028723090887 ], [ 2373106.014528814237565, 2482497.396140947472304 ], [ 2373106.014528814237565, 2482541.43417076440528 ], [ 2373150.051516279578209, 2482541.43417076440528 ], [ 2373150.051516279578209, 2482585.472200581803918 ], [ 2373150.051516279578209, 2482629.510230398736894 ], [ 2373194.088503744918853, 2482629.510230398736894 ], [ 2373194.088503744918853, 2482673.547342623118311 ], [ 2373194.088503744918853, 2482717.585372440516949 ], [ 2373194.088503744918853, 2482761.623402257449925 ], [ 2373194.088503744918853, 2482805.661432074382901 ], [ 2373238.125491210259497, 2482805.661432074382901 ], [ 2373238.125491210259497, 2482849.698544298764318 ], [ 2373238.125491210259497, 2482893.736574116162956 ], [ 2373238.125491210259497, 2482937.774603933095932 ], [ 2373238.125491210259497, 2482981.811716157477349 ], [ 2373238.125491210259497, 2483025.849745974410325 ], [ 2373282.162478675600141, 2483069.887775791808963 ], [ 2373282.162478675600141, 2483113.925805608741939 ], [ 2373282.162478675600141, 2483157.962917833123356 ], [ 2373282.162478675600141, 2483202.000947650521994 ], [ 2373326.200383711606264, 2483202.000947650521994 ], [ 2373326.200383711606264, 2483246.03897746745497 ], [ 2373370.237371176946908, 2483290.077007284387946 ], [ 2373414.274358642287552, 2483334.114119508769363 ], [ 2373458.311346107628196, 2483334.114119508769363 ], [ 2373458.311346107628196, 2483378.152149326168001 ], [ 2373502.348333572968841, 2483378.152149326168001 ], [ 2373546.386238609440625, 2483378.152149326168001 ], [ 2373590.423226074781269, 2483378.152149326168001 ], [ 2373590.423226074781269, 2483422.190179143100977 ], [ 2373634.460213540121913, 2483422.190179143100977 ], [ 2373678.497201005462557, 2483466.228208960499614 ], [ 2373722.534188470803201, 2483466.228208960499614 ], [ 2373722.534188470803201, 2483510.265321184881032 ], [ 2373766.571175936143845, 2483510.265321184881032 ], [ 2373766.571175936143845, 2483554.303351001814008 ], [ 2373810.609080972149968, 2483554.303351001814008 ], [ 2373854.646068437490612, 2483598.341380818746984 ], [ 2373898.683055902831256, 2483598.341380818746984 ], [ 2373898.683055902831256, 2483642.378493043128401 ], [ 2373898.683055902831256, 2483686.416522860527039 ], [ 2373898.683055902831256, 2483730.454552677460015 ], [ 2373898.683055902831256, 2483774.492582494858652 ], [ 2373898.683055902831256, 2483818.529694718774408 ], [ 2373942.720043368171901, 2483818.529694718774408 ], [ 2373942.720043368171901, 2483862.567724536173046 ], [ 2373942.720043368171901, 2483906.605754353106022 ], [ 2373942.720043368171901, 2483994.680896394886076 ], [ 2373942.720043368171901, 2484038.718926211819053 ], [ 2373986.757030833512545, 2484038.718926211819053 ], [ 2374030.794935869984329, 2484038.718926211819053 ], [ 2374030.794935869984329, 2484082.756956028752029 ], [ 2373986.757030833512545, 2484082.756956028752029 ], [ 2373986.757030833512545, 2484126.794068253133446 ], [ 2373986.757030833512545, 2484170.832098070532084 ], [ 2374030.794935869984329, 2484170.832098070532084 ], [ 2374030.794935869984329, 2484214.87012788746506 ], [ 2374030.794935869984329, 2484258.908157704863697 ], [ 2374030.794935869984329, 2484302.945269929245114 ], [ 2374030.794935869984329, 2484346.983299746178091 ], [ 2374030.794935869984329, 2484391.021329563111067 ], [ 2374074.831923335324973, 2484391.021329563111067 ], [ 2374074.831923335324973, 2484435.059359380509704 ], [ 2374118.868910800665617, 2484435.059359380509704 ], [ 2374074.831923335324973, 2484479.096471604891121 ], [ 2374074.831923335324973, 2484523.134501421824098 ], [ 2374030.794935869984329, 2484523.134501421824098 ], [ 2374074.831923335324973, 2484567.172531238757074 ], [ 2374074.831923335324973, 2484611.210561056155711 ], [ 2374074.831923335324973, 2484655.247673280537128 ], [ 2374074.831923335324973, 2484699.285703097470105 ], [ 2374030.794935869984329, 2484699.285703097470105 ], [ 2374030.794935869984329, 2484743.323732914868742 ], [ 2373986.757030833512545, 2484743.323732914868742 ], [ 2373942.720043368171901, 2484743.323732914868742 ], [ 2373942.720043368171901, 2484787.360845139250159 ], [ 2373898.683055902831256, 2484787.360845139250159 ], [ 2373898.683055902831256, 2484831.398874956183136 ], [ 2373898.683055902831256, 2484875.436904773116112 ], [ 2373898.683055902831256, 2484919.474934590514749 ], [ 2373942.720043368171901, 2484919.474934590514749 ], [ 2373942.720043368171901, 2484963.512046814896166 ], [ 2373986.757030833512545, 2484963.512046814896166 ], [ 2373986.757030833512545, 2485007.550076631829143 ], [ 2373942.720043368171901, 2485007.550076631829143 ], [ 2373942.720043368171901, 2485051.58810644922778 ], [ 2373942.720043368171901, 2485095.626136266160756 ], [ 2373986.757030833512545, 2485095.626136266160756 ], [ 2373986.757030833512545, 2485139.663248490542173 ], [ 2373986.757030833512545, 2485183.70127830747515 ], [ 2373942.720043368171901, 2485183.70127830747515 ], [ 2373898.683055902831256, 2485183.70127830747515 ], [ 2373854.646068437490612, 2485183.70127830747515 ], [ 2373854.646068437490612, 2485227.739308124873787 ], [ 2373810.609080972149968, 2485227.739308124873787 ], [ 2373766.571175936143845, 2485271.777337941806763 ], [ 2373766.571175936143845, 2485315.81445016618818 ], [ 2373766.571175936143845, 2485359.852479983121157 ], [ 2373722.534188470803201, 2485359.852479983121157 ], [ 2373722.534188470803201, 2485403.890509800519794 ], [ 2373722.534188470803201, 2485447.927622024901211 ], [ 2373722.534188470803201, 2485491.965651841834188 ], [ 2373722.534188470803201, 2485536.003681659232825 ], [ 2373722.534188470803201, 2485580.041711476165801 ], [ 2373678.497201005462557, 2485580.041711476165801 ], [ 2373678.497201005462557, 2485624.078823700547218 ], [ 2373678.497201005462557, 2485668.116853517480195 ], [ 2373722.534188470803201, 2485668.116853517480195 ], [ 2373722.534188470803201, 2485712.154883334878832 ], [ 2373722.534188470803201, 2485756.192913151811808 ], [ 2373722.534188470803201, 2485800.230025376193225 ], [ 2373722.534188470803201, 2485844.268055193591863 ], [ 2373678.497201005462557, 2485888.306085010524839 ], [ 2373634.460213540121913, 2485888.306085010524839 ], [ 2373634.460213540121913, 2485932.343197234906256 ], [ 2373678.497201005462557, 2485976.381227051839232 ], [ 2373634.460213540121913, 2486020.41925686923787 ], [ 2373634.460213540121913, 2486064.457286686170846 ], [ 2373678.497201005462557, 2486108.494398910552263 ], [ 2373678.497201005462557, 2486152.53242872748524 ], [ 2373678.497201005462557, 2486196.570458544883877 ], [ 2373678.497201005462557, 2486240.608488361816853 ], [ 2373634.460213540121913, 2486240.608488361816853 ], [ 2373634.460213540121913, 2486284.64560058619827 ], [ 2373634.460213540121913, 2486328.683630403596908 ], [ 2373590.423226074781269, 2486328.683630403596908 ], [ 2373546.386238609440625, 2486328.683630403596908 ], [ 2373546.386238609440625, 2486372.721660220529884 ], [ 2373502.348333572968841, 2486372.721660220529884 ], [ 2373458.311346107628196, 2486372.721660220529884 ], [ 2373458.311346107628196, 2486416.75969003746286 ], [ 2373414.274358642287552, 2486416.75969003746286 ], [ 2373370.237371176946908, 2486416.75969003746286 ], [ 2373370.237371176946908, 2486460.796802261844277 ], [ 2373326.200383711606264, 2486460.796802261844277 ], [ 2373282.162478675600141, 2486460.796802261844277 ], [ 2373282.162478675600141, 2486504.834832079242915 ], [ 2373238.125491210259497, 2486504.834832079242915 ], [ 2373194.088503744918853, 2486504.834832079242915 ], [ 2373194.088503744918853, 2486460.796802261844277 ], [ 2373194.088503744918853, 2486416.75969003746286 ], [ 2373194.088503744918853, 2486372.721660220529884 ], [ 2373150.051516279578209, 2486372.721660220529884 ], [ 2373150.051516279578209, 2486328.683630403596908 ], [ 2373150.051516279578209, 2486284.64560058619827 ], [ 2373150.051516279578209, 2486240.608488361816853 ], [ 2373150.051516279578209, 2486196.570458544883877 ], [ 2373106.014528814237565, 2486196.570458544883877 ], [ 2373061.976623777765781, 2486196.570458544883877 ], [ 2373061.976623777765781, 2486152.53242872748524 ], [ 2373017.939636312425137, 2486152.53242872748524 ], [ 2372973.902648847084492, 2486152.53242872748524 ], [ 2372929.865661381743848, 2486152.53242872748524 ], [ 2372929.865661381743848, 2486196.570458544883877 ], [ 2372929.865661381743848, 2486240.608488361816853 ], [ 2372929.865661381743848, 2486284.64560058619827 ] ] } },
{ "type": "Feature", "properties": { }, "geometry": { "type": "LineString", "coordinates": [ [ 2372929.865661381743848, 2486284.64560058619827 ], [ 2372929.865661381743848, 2486328.683630403596908 ], [ 2372929.865661381743848, 2486372.721660220529884 ], [ 2372885.828673916403204, 2486372.721660220529884 ], [ 2372885.828673916403204, 2486416.75969003746286 ], [ 2372841.79168645106256, 2486416.75969003746286 ], [ 2372841.79168645106256, 2486460.796802261844277 ], [ 2372797.753781415056437, 2486460.796802261844277 ], [ 2372797.753781415056437, 2486504.834832079242915 ], [ 2372753.716793949715793, 2486504.834832079242915 ], [ 2372709.679806484375149, 2486504.834832079242915 ], [ 2372665.642819019034505, 2486504.834832079242915 ], [ 2372621.605831553693861, 2486504.834832079242915 ], [ 2372621.605831553693861, 2486460.796802261844277 ], [ 2372577.567926517222077, 2486416.75969003746286 ], [ 2372533.530939051881433, 2486416.75969003746286 ], [ 2372489.493951586540788, 2486416.75969003746286 ], [ 2372489.493951586540788, 2486372.721660220529884 ], [ 2372445.456964121200144, 2486372.721660220529884 ], [ 2372445.456964121200144, 2486328.683630403596908 ], [ 2372401.4199766558595, 2486328.683630403596908 ], [ 2372401.4199766558595, 2486284.64560058619827 ], [ 2372445.456964121200144, 2486284.64560058619827 ], [ 2372445.456964121200144, 2486240.608488361816853 ], [ 2372445.456964121200144, 2486196.570458544883877 ], [ 2372445.456964121200144, 2486152.53242872748524 ], [ 2372445.456964121200144, 2486108.494398910552263 ], [ 2372401.4199766558595, 2486064.457286686170846 ], [ 2372357.382071619853377, 2486064.457286686170846 ], [ 2372313.345084154512733, 2486064.457286686170846 ], [ 2372269.308096689172089, 2486064.457286686170846 ], [ 2372269.308096689172089, 2486108.494398910552263 ], [ 2372269.308096689172089, 2486152.53242872748524 ], [ 2372269.308096689172089, 2486196.570458544883877 ], [ 2372269.308096689172089, 2486240.608488361816853 ], [ 2372269.308096689172089, 2486284.64560058619827 ], [ 2372269.308096689172089, 2486328.683630403596908 ], [ 2372269.308096689172089, 2486372.721660220529884 ], [ 2372269.308096689172089, 2486416.75969003746286 ], [ 2372269.308096689172089, 2486460.796802261844277 ], [ 2372225.271109223831445, 2486460.796802261844277 ], [ 2372225.271109223831445, 2486504.834832079242915 ], [ 2372225.271109223831445, 2486548.872861896175891 ], [ 2372181.234121758490801, 2486548.872861896175891 ], [ 2372181.234121758490801, 2486592.909974120557308 ], [ 2372181.234121758490801, 2486636.948003937490284 ], [ 2372137.197134293150157, 2486680.986033754888922 ], [ 2372137.197134293150157, 2486725.024063571821898 ], [ 2372093.159229256678373, 2486725.024063571821898 ], [ 2372093.159229256678373, 2486769.061175796203315 ], [ 2372093.159229256678373, 2486813.099205613601953 ], [ 2372093.159229256678373, 2486857.137235430534929 ], [ 2372093.159229256678373, 2486901.175265247467905 ], [ 2372049.122241791337729, 2486901.175265247467905 ], [ 2372049.122241791337729, 2486945.212377471849322 ], [ 2372005.085254325997084, 2486989.25040728924796 ], [ 2372005.085254325997084, 2487033.288437106180936 ], [ 2372005.085254325997084, 2487077.326466923579574 ], [ 2372049.122241791337729, 2487077.326466923579574 ], [ 2372049.122241791337729, 2487121.363579147960991 ], [ 2372049.122241791337729, 2487165.401608964893967 ], [ 2372093.159229256678373, 2487165.401608964893967 ], [ 2372093.159229256678373, 2487209.439638781826943 ], [ 2372093.159229256678373, 2487253.47675100620836 ], [ 2372049.122241791337729, 2487253.47675100620836 ], [ 2372049.122241791337729, 2487297.514780823606998 ], [ 2372049.122241791337729, 2487341.552810640539974 ], [ 2372005.085254325997084, 2487341.552810640539974 ], [ 2372005.085254325997084, 2487385.590840457938612 ], [ 2372049.122241791337729, 2487429.627952681854367 ], [ 2372049.122241791337729, 2487473.665982499253005 ], [ 2372049.122241791337729, 2487517.704012316185981 ], [ 2372049.122241791337729, 2487561.742042133584619 ], [ 2372093.159229256678373, 2487561.742042133584619 ], [ 2372137.197134293150157, 2487561.742042133584619 ], [ 2372137.197134293150157, 2487605.779154357966036 ], [ 2372137.197134293150157, 2487649.817184174899012 ], [ 2372137.197134293150157, 2487693.855213991831988 ], [ 2372137.197134293150157, 2487737.892326216213405 ], [ 2372137.197134293150157, 2487781.930356033612043 ], [ 2372137.197134293150157, 2487825.968385850545019 ], [ 2372181.234121758490801, 2487870.006415667943656 ], [ 2372181.234121758490801, 2487914.043527891859412 ], [ 2372181.234121758490801, 2487958.08155770925805 ], [ 2372181.234121758490801, 2488002.119587526191026 ], [ 2372181.234121758490801, 2488046.157617343589664 ], [ 2372137.197134293150157, 2488046.157617343589664 ], [ 2372137.197134293150157, 2488090.194729567971081 ], [ 2372093.159229256678373, 2488090.194729567971081 ], [ 2372049.122241791337729, 2488090.194729567971081 ], [ 2372049.122241791337729, 2488134.232759384904057 ], [ 2372049.122241791337729, 2488178.270789201837033 ], [ 2372093.159229256678373, 2488178.270789201837033 ], [ 2372093.159229256678373, 2488222.308819019235671 ], [ 2372137.197134293150157, 2488266.345931243617088 ], [ 2372181.234121758490801, 2488266.345931243617088 ], [ 2372181.234121758490801, 2488222.308819019235671 ], [ 2372225.271109223831445, 2488222.308819019235671 ], [ 2372269.308096689172089, 2488266.345931243617088 ], [ 2372313.345084154512733, 2488310.383961060550064 ], [ 2372357.382071619853377, 2488310.383961060550064 ], [ 2372357.382071619853377, 2488354.421990877948701 ], [ 2372357.382071619853377, 2488398.459103102330118 ], [ 2372401.4199766558595, 2488442.497132919263095 ], [ 2371300.490702168084681, 2488574.610304777976125 ], [ 2371388.564677098765969, 2489411.328283339273185 ], [ 2371520.67655706545338, 2490512.273523210547864 ], [ 2371740.862411963287741, 2492317.822652192320675 ], [ 2371828.936386893969029, 2492758.200197585392743 ], [ 2371828.936386893969029, 2492802.23822740232572 ], [ 2371872.973374359309673, 2493374.728944653645158 ], [ 2372005.085254325997084, 2494299.522982849739492 ], [ 2372137.197134293150157, 2495312.391245494130999 ], [ 2372137.197134293150157, 2495356.429275311063975 ], [ 2372137.197134293150157, 2495312.391245494130999 ], [ 2372181.234121758490801, 2495312.391245494130999 ], [ 2373017.939636312425137, 2495400.467305127996951 ], [ 2373106.014528814237565, 2495400.467305127996951 ], [ 2373150.051516279578209, 2495444.505334945395589 ], [ 2373194.088503744918853, 2495444.505334945395589 ], [ 2373282.162478675600141, 2495532.580476986709982 ], [ 2373414.274358642287552, 2496413.336485365405679 ], [ 2373502.348333572968841, 2497206.016434109769762 ], [ 2373634.460213540121913, 2497998.696382854133844 ], [ 2374074.831923335324973, 2497954.658353037200868 ], [ 2374691.351582991890609, 2497866.583210995420814 ], [ 2374735.389488028362393, 2497866.583210995420814 ], [ 2374867.500450423918664, 2499187.716764767188579 ], [ 2374867.500450423918664, 2499231.753876991569996 ], [ 2375572.095002582296729, 2499143.678734949789941 ], [ 2375616.131990047637373, 2499143.678734949789941 ], [ 2375616.131990047637373, 2499319.829936625435948 ], [ 2375660.169895084109157, 2499540.019168118480593 ], [ 2375660.169895084109157, 2499716.1703697941266 ], [ 2375704.206882549449801, 2499936.358683694154024 ], [ 2375704.206882549449801, 2500156.547915187198669 ], [ 2375704.206882549449801, 2500200.585945004131645 ], [ 2374999.612330391071737, 2500288.661087045446038 ], [ 2374955.575342925731093, 2500288.661087045446038 ], [ 2374911.537437889259309, 2500332.699116862844676 ], [ 2374867.500450423918664, 2500332.699116862844676 ], [ 2374779.426475493237376, 2500376.736229087226093 ], [ 2374647.314595526549965, 2500464.812288721557707 ], [ 2374383.09175316337496, 2500596.925460579805076 ], [ 2373722.534188470803201, 2500949.227863931562752 ], [ 2373678.497201005462557, 2500993.265893748495728 ], [ 2373590.423226074781269, 2500993.265893748495728 ], [ 2373546.386238609440625, 2501037.303005972877145 ], [ 2373502.348333572968841, 2501037.303005972877145 ], [ 2373370.237371176946908, 2501081.341035789810121 ], [ 2373326.200383711606264, 2501081.341035789810121 ], [ 2373282.162478675600141, 2501081.341035789810121 ], [ 2373238.125491210259497, 2501081.341035789810121 ], [ 2373194.088503744918853, 2501125.379065607208759 ], [ 2373194.088503744918853, 2501213.454207648523152 ], [ 2373238.125491210259497, 2501213.454207648523152 ], [ 2373238.125491210259497, 2501257.492237465921789 ], [ 2373238.125491210259497, 2501301.530267282854766 ], [ 2373238.125491210259497, 2501389.605409324169159 ], [ 2373282.162478675600141, 2501477.681468958500773 ], [ 2373282.162478675600141, 2501521.71949877589941 ], [ 2373282.162478675600141, 2501565.756611000280827 ], [ 2373282.162478675600141, 2501609.794640817213804 ], [ 2373282.162478675600141, 2501697.869782858528197 ], [ 2373282.162478675600141, 2501741.907812675926834 ], [ 2373326.200383711606264, 2501829.983872310258448 ], [ 2373326.200383711606264, 2501918.059014351572841 ], [ 2373326.200383711606264, 2501962.097044168505818 ], [ 2373326.200383711606264, 2502006.135073985904455 ], [ 2373326.200383711606264, 2502050.172186210285872 ], [ 2373326.200383711606264, 2502094.210216027218848 ], [ 2373370.237371176946908, 2502138.248245844151825 ], [ 2373370.237371176946908, 2502182.285358068533242 ], [ 2373370.237371176946908, 2502226.323387885931879 ], [ 2373150.051516279578209, 2502490.5506491959095 ], [ 2373106.014528814237565, 2502490.5506491959095 ], [ 2374647.314595526549965, 2503855.721315191593021 ], [ 2374779.426475493237376, 2503943.797374825924635 ], [ 2374735.389488028362393, 2503943.797374825924635 ], [ 2374118.868910800665617, 2504692.43929375289008 ], [ 2373722.534188470803201, 2505132.817756738979369 ], [ 2373722.534188470803201, 2505176.854868963360786 ], [ 2373678.497201005462557, 2505132.817756738979369 ], [ 2373370.237371176946908, 2504868.590495429001749 ], [ 2373326.200383711606264, 2504824.552465611603111 ], [ 2373282.162478675600141, 2504824.552465611603111 ], [ 2373282.162478675600141, 2504868.590495429001749 ], [ 2370992.230872339569032, 2505132.817756738979369 ], [ 2370992.230872339569032, 2505176.854868963360786 ], [ 2370948.193884874228388, 2505176.854868963360786 ], [ 2370904.155979838222265, 2505176.854868963360786 ], [ 2370860.118992372881621, 2505176.854868963360786 ], [ 2370772.045017442200333, 2505176.854868963360786 ], [ 2370728.008029976859689, 2505176.854868963360786 ], [ 2370683.970124940387905, 2505176.854868963360786 ], [ 2370639.933137475047261, 2505220.892898780293763 ], [ 2370595.896150009706616, 2505220.892898780293763 ], [ 2370551.859162544365972, 2505220.892898780293763 ], [ 2370507.822175079025328, 2505220.892898780293763 ], [ 2370463.784270042553544, 2505220.892898780293763 ], [ 2370419.747282577678561, 2505220.892898780293763 ], [ 2370375.710295112337917, 2505220.892898780293763 ], [ 2370331.673307646997273, 2505264.930928597226739 ], [ 2370287.636320181656629, 2505220.892898780293763 ], [ 2370243.599332716315985, 2505132.817756738979369 ], [ 2370243.599332716315985, 2504868.590495429001749 ], [ 2370199.561427679844201, 2504736.477323570288718 ], [ 2370199.561427679844201, 2504692.43929375289008 ], [ 2370199.561427679844201, 2504648.401263935957104 ], [ 2370155.524440214503556, 2504648.401263935957104 ], [ 2370067.450465283822268, 2504648.401263935957104 ], [ 2369935.338585317134857, 2504692.43929375289008 ], [ 2369671.115742953959852, 2504736.477323570288718 ], [ 2369362.855913125909865, 2504736.477323570288718 ], [ 2369098.63307076273486, 2504780.515353387221694 ], [ 2368834.410228400025517, 2504824.552465611603111 ], [ 2368658.2613609675318, 2504824.552465611603111 ], [ 2368570.186468465719372, 2504868.590495429001749 ], [ 2368526.149481000378728, 2504868.590495429001749 ], [ 2368261.926638637669384, 2504912.628525245934725 ], [ 2367997.70379627449438, 2504912.628525245934725 ], [ 2367953.666808809153736, 2504912.628525245934725 ], [ 2366984.849414288066328, 2505000.703667287249118 ], [ 2367028.886401753406972, 2505308.968040821608156 ], [ 2366984.849414288066328, 2505308.968040821608156 ], [ 2366412.365824526175857, 2505397.04410045593977 ], [ 2364606.842915450688452, 2505617.233331948984414 ], [ 2364562.805010414682329, 2505617.233331948984414 ], [ 2363990.322338223457336, 2505705.308473990298808 ], [ 2363946.285350758116692, 2505705.308473990298808 ], [ 2363946.285350758116692, 2505749.346503807231784 ], [ 2363946.285350758116692, 2505793.383616031613201 ], [ 2363902.248363292776048, 2505837.421645849011838 ], [ 2363946.285350758116692, 2505837.421645849011838 ], [ 2363902.248363292776048, 2505837.421645849011838 ], [ 2363946.285350758116692, 2505837.421645849011838 ], [ 2363946.285350758116692, 2505881.459675665944815 ], [ 2363902.248363292776048, 2505881.459675665944815 ], [ 2363902.248363292776048, 2505925.497705483343452 ], [ 2363902.248363292776048, 2505969.534817707724869 ], [ 2363858.210458256304264, 2505969.534817707724869 ], [ 2363858.210458256304264, 2506013.572847524657845 ], [ 2363814.17347079096362, 2506013.572847524657845 ], [ 2363814.17347079096362, 2506057.610877341590822 ], [ 2363814.17347079096362, 2506101.648907158989459 ], [ 2363770.136483325622976, 2506145.686019383370876 ], [ 2363770.136483325622976, 2506189.724049200303853 ], [ 2363770.136483325622976, 2506233.762079017236829 ], [ 2363726.099495860282332, 2506233.762079017236829 ], [ 2363726.099495860282332, 2506277.800108834635466 ], [ 2363770.136483325622976, 2506277.800108834635466 ], [ 2363770.136483325622976, 2506321.837221059016883 ], [ 2363770.136483325622976, 2506365.87525087594986 ], [ 2363726.099495860282332, 2506365.87525087594986 ], [ 2363726.099495860282332, 2506409.913280693348497 ], [ 2363726.099495860282332, 2506453.950392917729914 ], [ 2363726.099495860282332, 2506497.98842273466289 ], [ 2363726.099495860282332, 2506542.026452551595867 ], [ 2363682.062508394941688, 2506542.026452551595867 ], [ 2363638.025520929601043, 2506586.064482368994504 ], [ 2363593.987615893594921, 2506586.064482368994504 ], [ 2363549.950628428254277, 2506586.064482368994504 ], [ 2363505.913640962913632, 2506586.064482368994504 ], [ 2363461.876653497572988, 2506586.064482368994504 ], [ 2363417.839666032232344, 2506586.064482368994504 ], [ 2363417.839666032232344, 2506630.101594593375921 ], [ 2363417.839666032232344, 2506674.139624410308897 ], [ 2363417.839666032232344, 2506718.177654227241874 ], [ 2363417.839666032232344, 2506762.215684044640511 ], [ 2363417.839666032232344, 2506806.252796269021928 ], [ 2363461.876653497572988, 2506806.252796269021928 ], [ 2363461.876653497572988, 2506850.290826085954905 ], [ 2363461.876653497572988, 2506894.328855903353542 ], [ 2363505.913640962913632, 2506894.328855903353542 ], [ 2363505.913640962913632, 2506938.366885720286518 ], [ 2363505.913640962913632, 2506982.403997944667935 ], [ 2363505.913640962913632, 2507026.442027761600912 ], [ 2363505.913640962913632, 2507070.480057578999549 ], [ 2363549.950628428254277, 2507070.480057578999549 ], [ 2363593.987615893594921, 2507070.480057578999549 ], [ 2363593.987615893594921, 2507114.517169803380966 ], [ 2363593.987615893594921, 2507158.555199620313942 ], [ 2363638.025520929601043, 2507158.555199620313942 ], [ 2363593.987615893594921, 2507202.59322943771258 ], [ 2363593.987615893594921, 2507246.631259254645556 ], [ 2363638.025520929601043, 2507246.631259254645556 ], [ 2363638.025520929601043, 2507290.668371479026973 ], [ 2363593.987615893594921, 2507290.668371479026973 ], [ 2363593.987615893594921, 2507334.706401295959949 ], [ 2363593.987615893594921, 2507378.744431113358587 ], [ 2363593.987615893594921, 2507422.782460930291563 ], [ 2363593.987615893594921, 2507466.81957315467298 ], [ 2363593.987615893594921, 2507510.857602971605957 ], [ 2363549.950628428254277, 2507510.857602971605957 ], [ 2363549.950628428254277, 2507554.895632789004594 ], [ 2363549.950628428254277, 2507598.932745013386011 ], [ 2363505.913640962913632, 2507642.970774830318987 ], [ 2363505.913640962913632, 2507687.008804647717625 ], [ 2363505.913640962913632, 2507731.046834464650601 ], [ 2363461.876653497572988, 2507775.083946689032018 ], [ 2363461.876653497572988, 2507819.121976505964994 ], [ 2363461.876653497572988, 2507863.160006323363632 ], [ 2363461.876653497572988, 2507907.198036140296608 ], [ 2363461.876653497572988, 2507951.235148364678025 ], [ 2363461.876653497572988, 2507995.273178182076663 ], [ 2363461.876653497572988, 2508039.311207999009639 ], [ 2363417.839666032232344, 2508039.311207999009639 ], [ 2363417.839666032232344, 2508083.349237815942615 ], [ 2363417.839666032232344, 2508127.386350040324032 ], [ 2363417.839666032232344, 2508171.42437985772267 ], [ 2363417.839666032232344, 2508215.462409674655646 ], [ 2363461.876653497572988, 2508215.462409674655646 ], [ 2363461.876653497572988, 2508259.499521899037063 ], [ 2363505.913640962913632, 2508259.499521899037063 ], [ 2363505.913640962913632, 2508303.537551715970039 ], [ 2363505.913640962913632, 2508347.575581533368677 ], [ 2363461.876653497572988, 2508391.613611350301653 ], [ 2363461.876653497572988, 2508435.65072357468307 ], [ 2363417.839666032232344, 2508435.65072357468307 ], [ 2363417.839666032232344, 2508479.688753392081708 ], [ 2363417.839666032232344, 2508523.726783209014684 ], [ 2363417.839666032232344, 2508567.76481302594766 ], [ 2363417.839666032232344, 2508611.801925250329077 ], [ 2363461.876653497572988, 2508611.801925250329077 ], [ 2363461.876653497572988, 2508655.839955067727715 ], [ 2363461.876653497572988, 2508699.877984884660691 ], [ 2363417.839666032232344, 2508699.877984884660691 ], [ 2363417.839666032232344, 2508743.916014702059329 ], [ 2363461.876653497572988, 2508743.916014702059329 ], [ 2363461.876653497572988, 2508787.953126926440746 ], [ 2363505.913640962913632, 2508787.953126926440746 ], [ 2363549.950628428254277, 2508831.991156743373722 ], [ 2363593.987615893594921, 2508831.991156743373722 ], [ 2363638.025520929601043, 2508831.991156743373722 ], [ 2363682.062508394941688, 2508831.991156743373722 ], [ 2363726.099495860282332, 2508831.991156743373722 ], [ 2363770.136483325622976, 2508831.991156743373722 ], [ 2363770.136483325622976, 2508876.029186560306698 ], [ 2363814.17347079096362, 2508876.029186560306698 ], [ 2363858.210458256304264, 2508876.029186560306698 ], [ 2363902.248363292776048, 2508876.029186560306698 ], [ 2363902.248363292776048, 2508831.991156743373722 ], [ 2363946.285350758116692, 2508831.991156743373722 ], [ 2363990.322338223457336, 2508831.991156743373722 ], [ 2363990.322338223457336, 2508876.029186560306698 ], [ 2364034.359325688797981, 2508876.029186560306698 ], [ 2364078.396313154138625, 2508876.029186560306698 ], [ 2364078.396313154138625, 2508920.066298784688115 ], [ 2364078.396313154138625, 2508964.104328602086753 ], [ 2364122.434218190144747, 2508964.104328602086753 ], [ 2364122.434218190144747, 2509008.142358419019729 ], [ 2364166.471205655485392, 2509008.142358419019729 ], [ 2364210.508193120826036, 2509008.142358419019729 ], [ 2364210.508193120826036, 2509052.180388235952705 ], [ 2364254.54518058616668, 2509052.180388235952705 ], [ 2364254.54518058616668, 2509096.217500460334122 ], [ 2364210.508193120826036, 2509140.25553027773276 ], [ 2364210.508193120826036, 2509184.293560094665736 ], [ 2364210.508193120826036, 2509228.331589912064373 ], [ 2364166.471205655485392, 2509228.331589912064373 ], [ 2364166.471205655485392, 2509272.368702136445791 ], [ 2364122.434218190144747, 2509272.368702136445791 ], [ 2364122.434218190144747, 2509316.406731953378767 ], [ 2364166.471205655485392, 2509316.406731953378767 ], [ 2364166.471205655485392, 2509360.444761770311743 ], [ 2364166.471205655485392, 2509404.48187399469316 ], [ 2364210.508193120826036, 2509404.48187399469316 ], [ 2364210.508193120826036, 2509360.444761770311743 ], [ 2364254.54518058616668, 2509360.444761770311743 ], [ 2364254.54518058616668, 2509404.48187399469316 ], [ 2364298.582168051507324, 2509404.48187399469316 ], [ 2364298.582168051507324, 2509448.519903812091798 ], [ 2364342.619155516847968, 2509448.519903812091798 ], [ 2364386.657060553319752, 2509448.519903812091798 ], [ 2364386.657060553319752, 2509492.557933629024774 ], [ 2364430.694048018660396, 2509492.557933629024774 ], [ 2364430.694048018660396, 2509536.595963446423411 ], [ 2364474.73103548400104, 2509536.595963446423411 ], [ 2364474.73103548400104, 2509492.557933629024774 ], [ 2364518.768022949341685, 2509492.557933629024774 ], [ 2364518.768022949341685, 2509536.595963446423411 ], [ 2364562.805010414682329, 2509536.595963446423411 ], [ 2364562.805010414682329, 2509580.633075670339167 ], [ 2364606.842915450688452, 2509580.633075670339167 ], [ 2364606.842915450688452, 2509624.671105487737805 ], [ 2364650.879902916029096, 2509668.709135304670781 ], [ 2364694.91689038136974, 2509668.709135304670781 ], [ 2364694.91689038136974, 2509712.747165122069418 ], [ 2364738.953877846710384, 2509712.747165122069418 ], [ 2364782.990865312051028, 2509712.747165122069418 ], [ 2364782.990865312051028, 2509756.784277346450835 ], [ 2364782.990865312051028, 2509800.822307163383812 ], [ 2364827.028770348522812, 2509800.822307163383812 ], [ 2364827.028770348522812, 2509844.860336980316788 ], [ 2364827.028770348522812, 2509888.898366797715425 ], [ 2364871.065757813863456, 2509888.898366797715425 ], [ 2364871.065757813863456, 2509932.935479022096843 ], [ 2364915.1027452792041, 2509932.935479022096843 ], [ 2364915.1027452792041, 2509888.898366797715425 ], [ 2364915.1027452792041, 2509932.935479022096843 ], [ 2364959.139732744544744, 2509932.935479022096843 ], [ 2364959.139732744544744, 2509976.973508839029819 ], [ 2365003.176720209885389, 2509976.973508839029819 ], [ 2365003.176720209885389, 2510021.011538656428456 ], [ 2365003.176720209885389, 2510065.048650880809873 ], [ 2364959.139732744544744, 2510065.048650880809873 ], [ 2364959.139732744544744, 2510109.08668069774285 ], [ 2364959.139732744544744, 2510153.124710514675826 ], [ 2364915.1027452792041, 2510153.124710514675826 ], [ 2364915.1027452792041, 2510197.162740332074463 ], [ 2364915.1027452792041, 2510241.19985255645588 ], [ 2364915.1027452792041, 2510285.237882373388857 ], [ 2364871.065757813863456, 2510285.237882373388857 ], [ 2364871.065757813863456, 2510329.275912190787494 ], [ 2364827.028770348522812, 2510329.275912190787494 ], [ 2364827.028770348522812, 2510373.31394200772047 ], [ 2364782.990865312051028, 2510373.31394200772047 ], [ 2364782.990865312051028, 2510417.351054232101887 ], [ 2364738.953877846710384, 2510461.389084049034864 ], [ 2364738.953877846710384, 2510505.427113866433501 ], [ 2364738.953877846710384, 2510549.465143683366477 ], [ 2364738.953877846710384, 2510593.502255907747895 ], [ 2364782.990865312051028, 2510593.502255907747895 ], [ 2364827.028770348522812, 2510593.502255907747895 ], [ 2364871.065757813863456, 2510637.540285724680871 ], [ 2364915.1027452792041, 2510637.540285724680871 ], [ 2364915.1027452792041, 2510681.578315542079508 ], [ 2364915.1027452792041, 2510725.615427766460925 ], [ 2364915.1027452792041, 2510681.578315542079508 ], [ 2364959.139732744544744, 2510681.578315542079508 ], [ 2365003.176720209885389, 2510681.578315542079508 ], [ 2365047.213707675226033, 2510681.578315542079508 ], [ 2365047.213707675226033, 2510725.615427766460925 ], [ 2365091.251612711232156, 2510725.615427766460925 ], [ 2365091.251612711232156, 2510769.653457583393902 ], [ 2365091.251612711232156, 2510813.691487400792539 ], [ 2365047.213707675226033, 2510813.691487400792539 ], [ 2365047.213707675226033, 2510857.729517217725515 ], [ 2365047.213707675226033, 2510901.766629442106932 ], [ 2365091.251612711232156, 2510901.766629442106932 ], [ 2365135.2886001765728, 2510901.766629442106932 ], [ 2365135.2886001765728, 2510945.804659259039909 ], [ 2365179.325587641913444, 2510945.804659259039909 ], [ 2365179.325587641913444, 2510901.766629442106932 ], [ 2365179.325587641913444, 2510945.804659259039909 ], [ 2365223.362575107254088, 2510945.804659259039909 ], [ 2365223.362575107254088, 2510989.842689076438546 ], [ 2365223.362575107254088, 2511033.880718893371522 ], [ 2365267.399562572594732, 2511033.880718893371522 ], [ 2365267.399562572594732, 2511077.917831117752939 ], [ 2365267.399562572594732, 2511121.955860934685916 ], [ 2365223.362575107254088, 2511121.955860934685916 ], [ 2365223.362575107254088, 2511165.993890752084553 ], [ 2365179.325587641913444, 2511165.993890752084553 ], [ 2365179.325587641913444, 2511210.03100297646597 ], [ 2365223.362575107254088, 2511254.069032793398947 ], [ 2365223.362575107254088, 2511298.107062610797584 ], [ 2365267.399562572594732, 2511298.107062610797584 ], [ 2365267.399562572594732, 2511342.14509242773056 ], [ 2365311.437467609066516, 2511342.14509242773056 ], [ 2365355.47445507440716, 2511342.14509242773056 ], [ 2365355.47445507440716, 2511298.107062610797584 ], [ 2365399.511442539747804, 2511298.107062610797584 ], [ 2365443.548430005088449, 2511298.107062610797584 ], [ 2365443.548430005088449, 2511254.069032793398947 ], [ 2365487.585417470429093, 2511254.069032793398947 ], [ 2365443.548430005088449, 2511210.03100297646597 ], [ 2365487.585417470429093, 2511210.03100297646597 ], [ 2365487.585417470429093, 2511165.993890752084553 ], [ 2365531.623322506435215, 2511165.993890752084553 ], [ 2365531.623322506435215, 2511121.955860934685916 ], [ 2365575.66030997177586, 2511121.955860934685916 ], [ 2365575.66030997177586, 2511077.917831117752939 ], [ 2365619.697297437116504, 2511077.917831117752939 ], [ 2365619.697297437116504, 2511033.880718893371522 ], [ 2365663.734284902457148, 2511033.880718893371522 ], [ 2365707.771272367797792, 2511033.880718893371522 ], [ 2365751.808259833138436, 2511033.880718893371522 ], [ 2365751.808259833138436, 2511077.917831117752939 ], [ 2365795.84616486961022, 2511077.917831117752939 ], [ 2365795.84616486961022, 2511033.880718893371522 ], [ 2365839.883152334950864, 2511033.880718893371522 ], [ 2365883.920139800291508, 2511033.880718893371522 ], [ 2365927.957127265632153, 2511033.880718893371522 ], [ 2365971.994114730972797, 2511033.880718893371522 ], [ 2365971.994114730972797, 2511077.917831117752939 ], [ 2365971.994114730972797, 2511121.955860934685916 ], [ 2365971.994114730972797, 2511165.993890752084553 ], [ 2366016.03201976697892, 2511165.993890752084553 ], [ 2366016.03201976697892, 2511210.03100297646597 ], [ 2366060.069007232319564, 2511210.03100297646597 ], [ 2366060.069007232319564, 2511254.069032793398947 ], [ 2366104.105994697660208, 2511254.069032793398947 ], [ 2366104.105994697660208, 2511210.03100297646597 ], [ 2366148.142982163000852, 2511210.03100297646597 ], [ 2366192.179969628341496, 2511210.03100297646597 ], [ 2366192.179969628341496, 2511254.069032793398947 ], [ 2366236.21787466481328, 2511254.069032793398947 ], [ 2366236.21787466481328, 2511298.107062610797584 ], [ 2366280.254862130153924, 2511298.107062610797584 ], [ 2366280.254862130153924, 2511342.14509242773056 ], [ 2366324.291849595494568, 2511342.14509242773056 ], [ 2366368.328837060835212, 2511342.14509242773056 ], [ 2366368.328837060835212, 2511386.182204652111977 ], [ 2366412.365824526175857, 2511386.182204652111977 ], [ 2366412.365824526175857, 2511430.220234469044954 ], [ 2366456.402811991516501, 2511430.220234469044954 ], [ 2366500.440717027522624, 2511430.220234469044954 ], [ 2366500.440717027522624, 2511474.258264286443591 ], [ 2366500.440717027522624, 2511518.296294103376567 ], [ 2366500.440717027522624, 2511562.333406327757984 ], [ 2366544.477704492863268, 2511606.371436145156622 ], [ 2366544.477704492863268, 2511650.409465962089598 ], [ 2366544.477704492863268, 2511694.447495779022574 ], [ 2366588.514691958203912, 2511694.447495779022574 ], [ 2366588.514691958203912, 2511738.484608003403991 ], [ 2366632.551679423544556, 2511738.484608003403991 ], [ 2366632.551679423544556, 2511782.522637820802629 ], [ 2366632.551679423544556, 2511826.560667637735605 ], [ 2366632.551679423544556, 2511870.597779862117022 ], [ 2366632.551679423544556, 2511914.635809679049999 ], [ 2366632.551679423544556, 2511958.673839496448636 ], [ 2366632.551679423544556, 2512002.711869313381612 ], [ 2366676.5886668888852, 2512002.711869313381612 ], [ 2366720.626571925356984, 2512002.711869313381612 ], [ 2366720.626571925356984, 2512046.748981537763029 ], [ 2366764.663559390697628, 2512046.748981537763029 ], [ 2366764.663559390697628, 2512090.787011355161667 ], [ 2366720.626571925356984, 2512090.787011355161667 ], [ 2366764.663559390697628, 2512090.787011355161667 ], [ 2366764.663559390697628, 2512134.825041172094643 ], [ 2366808.700546856038272, 2512134.825041172094643 ], [ 2366808.700546856038272, 2512178.863070989027619 ], [ 2366808.700546856038272, 2512222.900183213409036 ], [ 2366764.663559390697628, 2512222.900183213409036 ], [ 2366720.626571925356984, 2512222.900183213409036 ], [ 2366720.626571925356984, 2512266.938213030807674 ], [ 2366720.626571925356984, 2512310.97624284774065 ], [ 2366764.663559390697628, 2512310.97624284774065 ], [ 2366808.700546856038272, 2512310.97624284774065 ], [ 2366808.700546856038272, 2512355.013355072122067 ], [ 2366808.700546856038272, 2512310.97624284774065 ], [ 2366852.737534321378917, 2512310.97624284774065 ], [ 2366896.774521786719561, 2512310.97624284774065 ], [ 2366896.774521786719561, 2512355.013355072122067 ], [ 2366940.812426823191345, 2512355.013355072122067 ], [ 2366984.849414288066328, 2512355.013355072122067 ], [ 2366984.849414288066328, 2512399.051384889520705 ], [ 2367028.886401753406972, 2512399.051384889520705 ], [ 2367028.886401753406972, 2512443.089414706453681 ], [ 2366984.849414288066328, 2512443.089414706453681 ], [ 2366984.849414288066328, 2512487.127444523386657 ], [ 2366984.849414288066328, 2512531.164556747768074 ], [ 2366984.849414288066328, 2512575.202586565166712 ], [ 2366940.812426823191345, 2512575.202586565166712 ], [ 2366940.812426823191345, 2512619.240616382099688 ], [ 2366984.849414288066328, 2512619.240616382099688 ], [ 2367028.886401753406972, 2512619.240616382099688 ], [ 2367028.886401753406972, 2512663.278646199032664 ], [ 2366984.849414288066328, 2512707.315758423414081 ], [ 2366940.812426823191345, 2512707.315758423414081 ], [ 2366940.812426823191345, 2512751.353788240812719 ], [ 2366984.849414288066328, 2512751.353788240812719 ], [ 2366984.849414288066328, 2512795.391818057745695 ], [ 2366940.812426823191345, 2512795.391818057745695 ], [ 2366940.812426823191345, 2512839.429847875144333 ], [ 2366940.812426823191345, 2512883.46696009952575 ], [ 2366984.849414288066328, 2512883.46696009952575 ], [ 2367028.886401753406972, 2512883.46696009952575 ], [ 2367028.886401753406972, 2512927.504989916458726 ], [ 2366984.849414288066328, 2512927.504989916458726 ], [ 2366940.812426823191345, 2512927.504989916458726 ], [ 2366940.812426823191345, 2512971.543019733391702 ], [ 2366984.849414288066328, 2512971.543019733391702 ], [ 2367028.886401753406972, 2513015.580131957773119 ], [ 2367072.923389218747616, 2513015.580131957773119 ], [ 2367072.923389218747616, 2513059.618161775171757 ], [ 2367028.886401753406972, 2513059.618161775171757 ], [ 2367028.886401753406972, 2513103.656191592104733 ], [ 2367028.886401753406972, 2513147.694221409503371 ], [ 2367028.886401753406972, 2513191.731333633419126 ], [ 2367072.923389218747616, 2513191.731333633419126 ], [ 2367072.923389218747616, 2513235.769363450817764 ], [ 2367072.923389218747616, 2513279.80739326775074 ], [ 2367072.923389218747616, 2513323.845423085149378 ], [ 2367072.923389218747616, 2513367.882535309530795 ], [ 2367116.96037668408826, 2513367.882535309530795 ], [ 2367116.96037668408826, 2513411.920565126463771 ], [ 2367116.96037668408826, 2513455.958594943396747 ], [ 2367160.997364149428904, 2513455.958594943396747 ], [ 2367160.997364149428904, 2513499.996624760795385 ], [ 2367205.035269185900688, 2513499.996624760795385 ], [ 2367205.035269185900688, 2513544.033736985176802 ], [ 2367205.035269185900688, 2513588.071766802109778 ], [ 2367160.997364149428904, 2513588.071766802109778 ], [ 2367116.96037668408826, 2513588.071766802109778 ], [ 2367116.96037668408826, 2513632.109796619508415 ], [ 2367116.96037668408826, 2513676.146908843889832 ], [ 2367072.923389218747616, 2513676.146908843889832 ], [ 2367072.923389218747616, 2513720.184938660822809 ], [ 2367028.886401753406972, 2513720.184938660822809 ], [ 2367028.886401753406972, 2513764.222968477755785 ], [ 2367028.886401753406972, 2513808.260998295154423 ], [ 2367028.886401753406972, 2513852.29811051953584 ], [ 2367028.886401753406972, 2513896.336140336468816 ], [ 2367028.886401753406972, 2513940.374170153867453 ], [ 2366984.849414288066328, 2513940.374170153867453 ], [ 2366984.849414288066328, 2513984.41219997080043 ], [ 2366984.849414288066328, 2514028.449312195181847 ], [ 2366984.849414288066328, 2514072.487342012114823 ], [ 2366984.849414288066328, 2514116.52537182951346 ], [ 2366940.812426823191345, 2514116.52537182951346 ], [ 2366940.812426823191345, 2514160.562484053894877 ], [ 2366940.812426823191345, 2514204.600513870827854 ], [ 2366940.812426823191345, 2514248.63854368776083 ], [ 2366940.812426823191345, 2514292.676573505159467 ], [ 2366940.812426823191345, 2514336.713685729540884 ], [ 2366984.849414288066328, 2514336.713685729540884 ], [ 2366984.849414288066328, 2514380.751715546473861 ], [ 2367028.886401753406972, 2514380.751715546473861 ], [ 2367072.923389218747616, 2514380.751715546473861 ], [ 2367072.923389218747616, 2514424.789745363872498 ], [ 2367116.96037668408826, 2514424.789745363872498 ], [ 2367116.96037668408826, 2514468.827775180805475 ], [ 2367116.96037668408826, 2514512.864887405186892 ], [ 2367160.997364149428904, 2514512.864887405186892 ], [ 2367160.997364149428904, 2514556.902917222119868 ], [ 2367205.035269185900688, 2514556.902917222119868 ], [ 2367205.035269185900688, 2514600.940947039518505 ], [ 2367249.072256651241332, 2514600.940947039518505 ], [ 2367249.072256651241332, 2514644.978976856451482 ], [ 2367249.072256651241332, 2514689.016089080832899 ], [ 2367249.072256651241332, 2514733.054118897765875 ], [ 2367249.072256651241332, 2514777.092148715164512 ], [ 2367205.035269185900688, 2514777.092148715164512 ], [ 2367205.035269185900688, 2514821.129260939545929 ], [ 2367205.035269185900688, 2514865.167290756478906 ], [ 2367249.072256651241332, 2514865.167290756478906 ], [ 2367249.072256651241332, 2514909.205320573877543 ], [ 2367249.072256651241332, 2514953.243350390810519 ], [ 2367249.072256651241332, 2514997.280462615191936 ], [ 2367205.035269185900688, 2514997.280462615191936 ], [ 2367205.035269185900688, 2515041.318492432124913 ], [ 2367205.035269185900688, 2515085.35652224952355 ], [ 2367160.997364149428904, 2515085.35652224952355 ], [ 2367160.997364149428904, 2515129.394552066456527 ], [ 2367160.997364149428904, 2515173.431664290837944 ], [ 2367160.997364149428904, 2515217.469694108236581 ], [ 2367116.96037668408826, 2515217.469694108236581 ], [ 2367116.96037668408826, 2515261.507723925169557 ], [ 2367160.997364149428904, 2515261.507723925169557 ], [ 2367160.997364149428904, 2515305.545753742102534 ], [ 2367160.997364149428904, 2515349.582865966483951 ], [ 2367116.96037668408826, 2515349.582865966483951 ], [ 2367116.96037668408826, 2515393.620895783882588 ], [ 2367072.923389218747616, 2515393.620895783882588 ], [ 2367072.923389218747616, 2515437.658925600815564 ], [ 2367116.96037668408826, 2515437.658925600815564 ], [ 2367116.96037668408826, 2515481.696037825196981 ], [ 2367160.997364149428904, 2515481.696037825196981 ], [ 2367160.997364149428904, 2515525.734067642129958 ], [ 2367160.997364149428904, 2515569.772097459528595 ], [ 2367116.96037668408826, 2515613.810127276461571 ], [ 2367116.96037668408826, 2515657.847239500842988 ], [ 2367160.997364149428904, 2515657.847239500842988 ], [ 2367160.997364149428904, 2515701.885269318241626 ], [ 2367160.997364149428904, 2515745.923299135174602 ], [ 2367116.96037668408826, 2515789.961328952107579 ], [ 2367116.96037668408826, 2515833.998441176488996 ], [ 2367072.923389218747616, 2515833.998441176488996 ], [ 2367072.923389218747616, 2515878.036470993887633 ], [ 2367028.886401753406972, 2515878.036470993887633 ], [ 2367028.886401753406972, 2515922.074500810820609 ], [ 2366984.849414288066328, 2515922.074500810820609 ], [ 2366940.812426823191345, 2515922.074500810820609 ], [ 2366940.812426823191345, 2515966.111613035202026 ], [ 2366940.812426823191345, 2516010.149642852600664 ], [ 2366896.774521786719561, 2516054.18767266953364 ], [ 2366896.774521786719561, 2516098.225702486466616 ], [ 2366896.774521786719561, 2516142.262814710848033 ], [ 2366852.737534321378917, 2516142.262814710848033 ], [ 2366852.737534321378917, 2516186.300844528246671 ], [ 2366808.700546856038272, 2516230.338874345179647 ], [ 2366808.700546856038272, 2516274.376904162112623 ], [ 2366764.663559390697628, 2516274.376904162112623 ], [ 2366720.626571925356984, 2516274.376904162112623 ], [ 2366720.626571925356984, 2516318.41401638649404 ], [ 2366720.626571925356984, 2516362.452046203892678 ], [ 2366676.5886668888852, 2516362.452046203892678 ], [ 2366676.5886668888852, 2516406.490076020825654 ], [ 2366632.551679423544556, 2516450.528105838224292 ], [ 2366632.551679423544556, 2516494.565218062605709 ], [ 2366588.514691958203912, 2516538.603247879538685 ], [ 2366588.514691958203912, 2516582.641277696471661 ], [ 2366544.477704492863268, 2516582.641277696471661 ], [ 2366544.477704492863268, 2516626.678389920853078 ], [ 2366500.440717027522624, 2516626.678389920853078 ], [ 2366500.440717027522624, 2516670.716419738251716 ], [ 2366456.402811991516501, 2516670.716419738251716 ], [ 2366412.365824526175857, 2516714.754449555184692 ], [ 2366412.365824526175857, 2516758.79247937258333 ], [ 2366368.328837060835212, 2516758.79247937258333 ], [ 2366368.328837060835212, 2516802.829591596499085 ], [ 2366324.291849595494568, 2516802.829591596499085 ], [ 2366280.254862130153924, 2516846.867621413897723 ], [ 2366280.254862130153924, 2516890.905651230830699 ], [ 2366236.21787466481328, 2516890.905651230830699 ], [ 2366236.21787466481328, 2516934.943681048229337 ], [ 2366236.21787466481328, 2516978.980793272610754 ], [ 2366236.21787466481328, 2517023.01882308954373 ], [ 2366236.21787466481328, 2517067.056852906476706 ], [ 2366236.21787466481328, 2517111.094882723875344 ], [ 2366192.179969628341496, 2517111.094882723875344 ], [ 2366192.179969628341496, 2517155.131994948256761 ], [ 2366192.179969628341496, 2517199.170024765189737 ], [ 2366192.179969628341496, 2517243.208054582588375 ], [ 2366192.179969628341496, 2517287.245166806969792 ], [ 2366236.21787466481328, 2517287.245166806969792 ], [ 2366236.21787466481328, 2517331.283196623902768 ], [ 2366280.254862130153924, 2517331.283196623902768 ], [ 2366280.254862130153924, 2517375.321226440835744 ], [ 2366280.254862130153924, 2517419.359256258234382 ], [ 2366280.254862130153924, 2517463.396368482615799 ], [ 2366280.254862130153924, 2517507.434398299548775 ], [ 2366280.254862130153924, 2517551.472428116947412 ], [ 2366280.254862130153924, 2517595.510457933880389 ], [ 2366324.291849595494568, 2517595.510457933880389 ], [ 2366324.291849595494568, 2517639.547570158261806 ], [ 2366324.291849595494568, 2517683.585599975194782 ], [ 2366324.291849595494568, 2517727.62362979259342 ], [ 2366324.291849595494568, 2517771.660742016974837 ], [ 2366280.254862130153924, 2517815.698771833907813 ], [ 2366280.254862130153924, 2517859.736801650840789 ], [ 2366236.21787466481328, 2517903.774831468239427 ], [ 2366192.179969628341496, 2517947.811943692620844 ], [ 2366148.142982163000852, 2517947.811943692620844 ], [ 2366148.142982163000852, 2517991.84997350955382 ], [ 2366148.142982163000852, 2518035.888003326952457 ], [ 2366148.142982163000852, 2518079.926033143885434 ], [ 2366148.142982163000852, 2518123.963145368266851 ], [ 2366104.105994697660208, 2518123.963145368266851 ], [ 2366104.105994697660208, 2518168.001175185199827 ], [ 2366104.105994697660208, 2518212.039205002598464 ], [ 2366104.105994697660208, 2518256.077234819531441 ], [ 2366104.105994697660208, 2518300.114347043912858 ], [ 2366104.105994697660208, 2518344.152376860845834 ], [ 2366104.105994697660208, 2518388.190406678244472 ], [ 2366104.105994697660208, 2518432.227518902625889 ], [ 2366104.105994697660208, 2518476.265548719558865 ], [ 2366104.105994697660208, 2518520.303578536957502 ], [ 2366148.142982163000852, 2518520.303578536957502 ], [ 2366148.142982163000852, 2518564.341608353890479 ], [ 2366148.142982163000852, 2518608.378720578271896 ], [ 2366148.142982163000852, 2518652.416750395204872 ], [ 2366104.105994697660208, 2518652.416750395204872 ], [ 2366104.105994697660208, 2518696.454780212603509 ], [ 2366104.105994697660208, 2518740.492810029536486 ], [ 2366104.105994697660208, 2518784.529922253917903 ], [ 2366148.142982163000852, 2518784.529922253917903 ], [ 2366148.142982163000852, 2518828.56795207131654 ], [ 2366192.179969628341496, 2518828.56795207131654 ], [ 2366236.21787466481328, 2518872.605981888249516 ], [ 2366280.254862130153924, 2518872.605981888249516 ], [ 2366280.254862130153924, 2518916.644011705182493 ], [ 2366324.291849595494568, 2518916.644011705182493 ], [ 2366324.291849595494568, 2518960.68112392956391 ], [ 2366324.291849595494568, 2519004.719153746962547 ], [ 2366324.291849595494568, 2519048.757183563895524 ], [ 2366368.328837060835212, 2519048.757183563895524 ], [ 2366412.365824526175857, 2519048.757183563895524 ], [ 2366456.402811991516501, 2519048.757183563895524 ], [ 2366500.440717027522624, 2519092.794295788276941 ], [ 2366544.477704492863268, 2519136.832325605209917 ], [ 2366544.477704492863268, 2519180.870355422608554 ], [ 2366544.477704492863268, 2519224.908385239541531 ], [ 2366544.477704492863268, 2519268.945497463922948 ], [ 2366544.477704492863268, 2519312.983527281321585 ], [ 2366544.477704492863268, 2519357.021557098254561 ], [ 2366544.477704492863268, 2519401.059586915187538 ], [ 2366544.477704492863268, 2519489.134728956967592 ], [ 2366544.477704492863268, 2519533.172758773900568 ], [ 2366544.477704492863268, 2519577.209870998281986 ], [ 2366544.477704492863268, 2519621.247900815680623 ], [ 2366588.514691958203912, 2519621.247900815680623 ], [ 2366632.551679423544556, 2519621.247900815680623 ], [ 2366676.5886668888852, 2519621.247900815680623 ], [ 2366676.5886668888852, 2519665.285930632613599 ], [ 2366676.5886668888852, 2519621.247900815680623 ], [ 2366676.5886668888852, 2519665.285930632613599 ], [ 2366676.5886668888852, 2519621.247900815680623 ], [ 2366676.5886668888852, 2519665.285930632613599 ], [ 2366720.626571925356984, 2519665.285930632613599 ], [ 2366764.663559390697628, 2519665.285930632613599 ], [ 2366808.700546856038272, 2519665.285930632613599 ], [ 2366852.737534321378917, 2519665.285930632613599 ], [ 2366852.737534321378917, 2519709.323960449546576 ], [ 2366852.737534321378917, 2519753.361072673927993 ], [ 2366852.737534321378917, 2519797.39910249132663 ], [ 2366852.737534321378917, 2519841.437132308259606 ], [ 2366852.737534321378917, 2519885.475162125192583 ], [ 2366852.737534321378917, 2519973.550304166972637 ], [ 2366896.774521786719561, 2519973.550304166972637 ], [ 2366896.774521786719561, 2520017.588333983905613 ], [ 2366852.737534321378917, 2520017.588333983905613 ], [ 2366852.737534321378917, 2520061.626363801304251 ], [ 2366852.737534321378917, 2520105.663476025685668 ], [ 2366808.700546856038272, 2520105.663476025685668 ], [ 2366808.700546856038272, 2520149.701505842618644 ], [ 2366764.663559390697628, 2520149.701505842618644 ], [ 2366764.663559390697628, 2520193.73953565955162 ], [ 2366808.700546856038272, 2520193.73953565955162 ], [ 2366808.700546856038272, 2520237.776647883933038 ], [ 2366808.700546856038272, 2520281.814677701331675 ], [ 2366764.663559390697628, 2520281.814677701331675 ], [ 2366808.700546856038272, 2520281.814677701331675 ], [ 2366764.663559390697628, 2520281.814677701331675 ], [ 2366764.663559390697628, 2520325.852707518264651 ], [ 2366720.626571925356984, 2520325.852707518264651 ], [ 2366720.626571925356984, 2520369.890737335663289 ], [ 2366676.5886668888852, 2520369.890737335663289 ], [ 2366676.5886668888852, 2520413.927849559579045 ], [ 2366676.5886668888852, 2520457.965879376977682 ], [ 2366676.5886668888852, 2520502.003909193910658 ], [ 2366676.5886668888852, 2520546.041939011309296 ], [ 2366676.5886668888852, 2520590.079051235690713 ], [ 2366632.551679423544556, 2520634.117081052623689 ], [ 2366588.514691958203912, 2520634.117081052623689 ], [ 2366544.477704492863268, 2520590.079051235690713 ], [ 2366500.440717027522624, 2520590.079051235690713 ], [ 2366500.440717027522624, 2520634.117081052623689 ], [ 2366456.402811991516501, 2520634.117081052623689 ], [ 2366456.402811991516501, 2520678.155110869556665 ], [ 2366412.365824526175857, 2520678.155110869556665 ], [ 2366368.328837060835212, 2520678.155110869556665 ], [ 2366368.328837060835212, 2520722.193140686955303 ], [ 2366368.328837060835212, 2520766.23025291133672 ], [ 2366324.291849595494568, 2520766.23025291133672 ], [ 2366324.291849595494568, 2520810.268282728269696 ], [ 2366324.291849595494568, 2520854.306312545668334 ], [ 2366280.254862130153924, 2520854.306312545668334 ], [ 2366280.254862130153924, 2520898.343424770049751 ], [ 2366280.254862130153924, 2520942.381454586982727 ], [ 2366280.254862130153924, 2520986.419484403915703 ], [ 2366280.254862130153924, 2521030.457514221314341 ], [ 2366324.291849595494568, 2521074.494626445695758 ], [ 2366324.291849595494568, 2521118.532656262628734 ], [ 2366324.291849595494568, 2521162.570686080027372 ], [ 2366324.291849595494568, 2521206.608715896960348 ], [ 2366324.291849595494568, 2521250.645828121341765 ], [ 2366324.291849595494568, 2521294.683857938274741 ], [ 2366280.254862130153924, 2521294.683857938274741 ], [ 2366280.254862130153924, 2521338.721887755673379 ], [ 2366236.21787466481328, 2521338.721887755673379 ], [ 2366236.21787466481328, 2521382.758999980054796 ], [ 2366236.21787466481328, 2521426.797029796987772 ], [ 2366192.179969628341496, 2521426.797029796987772 ], [ 2366192.179969628341496, 2521470.835059613920748 ], [ 2366148.142982163000852, 2521470.835059613920748 ], [ 2366148.142982163000852, 2521514.873089431319386 ], [ 2366104.105994697660208, 2521514.873089431319386 ], [ 2366104.105994697660208, 2521558.910201655700803 ], [ 2366104.105994697660208, 2521602.948231472633779 ], [ 2366060.069007232319564, 2521602.948231472633779 ], [ 2366016.03201976697892, 2521602.948231472633779 ], [ 2366016.03201976697892, 2521646.986261290032417 ], [ 2365971.994114730972797, 2521646.986261290032417 ], [ 2365927.957127265632153, 2521646.986261290032417 ], [ 2365883.920139800291508, 2521646.986261290032417 ], [ 2365839.883152334950864, 2521646.986261290032417 ], [ 2365795.84616486961022, 2521646.986261290032417 ], [ 2365751.808259833138436, 2521646.986261290032417 ], [ 2365707.771272367797792, 2521646.986261290032417 ], [ 2365707.771272367797792, 2521691.024291106965393 ], [ 2365707.771272367797792, 2521735.06140333134681 ], [ 2365707.771272367797792, 2521779.099433148279786 ], [ 2365663.734284902457148, 2521823.137462965678424 ], [ 2365663.734284902457148, 2521867.1754927826114 ], [ 2365663.734284902457148, 2521911.212605006992817 ], [ 2365619.697297437116504, 2521911.212605006992817 ], [ 2365619.697297437116504, 2521955.250634823925793 ], [ 2365619.697297437116504, 2521999.288664641324431 ], [ 2365575.66030997177586, 2521999.288664641324431 ], [ 2365575.66030997177586, 2522043.325776865705848 ], [ 2365531.623322506435215, 2522043.325776865705848 ], [ 2365531.623322506435215, 2522087.363806682638824 ], [ 2365487.585417470429093, 2522087.363806682638824 ], [ 2365487.585417470429093, 2522131.401836500037462 ], [ 2365443.548430005088449, 2522131.401836500037462 ], [ 2365443.548430005088449, 2522175.439866316970438 ], [ 2365399.511442539747804, 2522219.476978541351855 ], [ 2365355.47445507440716, 2522219.476978541351855 ], [ 2365311.437467609066516, 2522263.515008358284831 ], [ 2365267.399562572594732, 2522263.515008358284831 ], [ 2365267.399562572594732, 2522307.553038175683469 ], [ 2365223.362575107254088, 2522307.553038175683469 ], [ 2365223.362575107254088, 2522351.591067992616445 ], [ 2365223.362575107254088, 2522395.628180216997862 ], [ 2365223.362575107254088, 2522439.666210034396499 ], [ 2365223.362575107254088, 2522483.704239851329476 ], [ 2365223.362575107254088, 2522527.742269668262452 ], [ 2365179.325587641913444, 2522527.742269668262452 ], [ 2365179.325587641913444, 2522571.779381892643869 ], [ 2365179.325587641913444, 2522615.817411710042506 ], [ 2365179.325587641913444, 2522659.855441526975483 ], [ 2365135.2886001765728, 2522703.8925537513569 ], [ 2365135.2886001765728, 2522747.930583568289876 ], [ 2365091.251612711232156, 2522747.930583568289876 ], [ 2365091.251612711232156, 2522791.968613385688514 ], [ 2365047.213707675226033, 2522791.968613385688514 ], [ 2365047.213707675226033, 2522836.00664320262149 ], [ 2365047.213707675226033, 2522880.043755427002907 ], [ 2365047.213707675226033, 2522924.081785244401544 ], [ 2365047.213707675226033, 2522968.119815061334521 ], [ 2365091.251612711232156, 2522968.119815061334521 ], [ 2365091.251612711232156, 2523012.157844878267497 ], [ 2365091.251612711232156, 2523056.194957102648914 ], [ 2365091.251612711232156, 2523100.232986920047551 ], [ 2365047.213707675226033, 2523100.232986920047551 ], [ 2365047.213707675226033, 2523144.271016736980528 ], [ 2365047.213707675226033, 2523188.308128961361945 ], [ 2365047.213707675226033, 2523232.346158778760582 ], [ 2365047.213707675226033, 2523276.384188595693558 ], [ 2365003.176720209885389, 2523276.384188595693558 ], [ 2365003.176720209885389, 2523320.422218412626535 ], [ 2365003.176720209885389, 2523364.459330637007952 ], [ 2364959.139732744544744, 2523364.459330637007952 ], [ 2364959.139732744544744, 2523408.497360454406589 ], [ 2364915.1027452792041, 2523408.497360454406589 ], [ 2364915.1027452792041, 2523452.535390271339566 ], [ 2364915.1027452792041, 2523496.573420088272542 ], [ 2364959.139732744544744, 2523496.573420088272542 ], [ 2364915.1027452792041, 2523540.610532312653959 ], [ 2364915.1027452792041, 2523584.648562130052596 ], [ 2364915.1027452792041, 2523628.686591946985573 ], [ 2364871.065757813863456, 2523628.686591946985573 ], [ 2364827.028770348522812, 2523672.72462176438421 ], [ 2364782.990865312051028, 2523672.72462176438421 ], [ 2364738.953877846710384, 2523672.72462176438421 ], [ 2364738.953877846710384, 2523716.761733988765627 ], [ 2364694.91689038136974, 2523716.761733988765627 ], [ 2364694.91689038136974, 2523760.799763805698603 ], [ 2364694.91689038136974, 2523804.83779362263158 ], [ 2364650.879902916029096, 2523804.83779362263158 ], [ 2364650.879902916029096, 2523848.874905847012997 ], [ 2364650.879902916029096, 2523892.912935664411634 ], [ 2364606.842915450688452, 2523892.912935664411634 ], [ 2364562.805010414682329, 2523892.912935664411634 ], [ 2364562.805010414682329, 2523936.95096548134461 ], [ 2364562.805010414682329, 2523892.912935664411634 ], [ 2364562.805010414682329, 2523936.95096548134461 ], [ 2364562.805010414682329, 2523892.912935664411634 ], [ 2364562.805010414682329, 2523936.95096548134461 ], [ 2364562.805010414682329, 2523892.912935664411634 ], [ 2364562.805010414682329, 2523936.95096548134461 ], [ 2364518.768022949341685, 2523936.95096548134461 ], [ 2364474.73103548400104, 2523936.95096548134461 ], [ 2364430.694048018660396, 2523936.95096548134461 ], [ 2364386.657060553319752, 2523936.95096548134461 ], [ 2364386.657060553319752, 2523980.988995298743248 ], [ 2364342.619155516847968, 2523980.988995298743248 ], [ 2364342.619155516847968, 2524025.026107522659004 ], [ 2364342.619155516847968, 2524069.064137340057641 ], [ 2364298.582168051507324, 2524069.064137340057641 ], [ 2364298.582168051507324, 2524113.102167156990618 ], [ 2364298.582168051507324, 2524157.140196974389255 ], [ 2364254.54518058616668, 2524157.140196974389255 ], [ 2364254.54518058616668, 2524201.177309198770672 ], [ 2364254.54518058616668, 2524245.215339015703648 ], [ 2364210.508193120826036, 2524245.215339015703648 ], [ 2364166.471205655485392, 2524245.215339015703648 ], [ 2364166.471205655485392, 2524289.253368832636625 ], [ 2364122.434218190144747, 2524333.291398650035262 ], [ 2364122.434218190144747, 2524377.328510874416679 ], [ 2364122.434218190144747, 2524421.366540691349655 ], [ 2364166.471205655485392, 2524421.366540691349655 ], [ 2364166.471205655485392, 2524465.404570508748293 ], [ 2364210.508193120826036, 2524465.404570508748293 ], [ 2364210.508193120826036, 2524509.44168273312971 ], [ 2364254.54518058616668, 2524509.44168273312971 ], [ 2364254.54518058616668, 2524553.479712550062686 ], [ 2364298.582168051507324, 2524597.517742366995662 ], [ 2364298.582168051507324, 2524641.5557721843943 ], [ 2364298.582168051507324, 2524685.592884408775717 ], [ 2364298.582168051507324, 2524729.630914225708693 ], [ 2364254.54518058616668, 2524729.630914225708693 ], [ 2364254.54518058616668, 2524773.668944043107331 ], [ 2364210.508193120826036, 2524773.668944043107331 ], [ 2364210.508193120826036, 2524817.706973860040307 ], [ 2364166.471205655485392, 2524817.706973860040307 ], [ 2364122.434218190144747, 2524817.706973860040307 ], [ 2364122.434218190144747, 2524861.744086084421724 ], [ 2364078.396313154138625, 2524861.744086084421724 ], [ 2364034.359325688797981, 2524861.744086084421724 ], [ 2363990.322338223457336, 2524861.744086084421724 ], [ 2363946.285350758116692, 2524861.744086084421724 ], [ 2363946.285350758116692, 2524905.7821159013547 ], [ 2363902.248363292776048, 2524905.7821159013547 ], [ 2363902.248363292776048, 2524949.820145718753338 ], [ 2363858.210458256304264, 2524949.820145718753338 ], [ 2363858.210458256304264, 2524993.857257943134755 ], [ 2363858.210458256304264, 2525037.895287760067731 ], [ 2363814.17347079096362, 2525037.895287760067731 ], [ 2363814.17347079096362, 2525081.933317577000707 ], [ 2363770.136483325622976, 2525081.933317577000707 ], [ 2363770.136483325622976, 2525125.971347394399345 ], [ 2363726.099495860282332, 2525125.971347394399345 ], [ 2363682.062508394941688, 2525170.008459618780762 ], [ 2363638.025520929601043, 2525170.008459618780762 ], [ 2363638.025520929601043, 2525214.046489435713738 ], [ 2363593.987615893594921, 2525214.046489435713738 ], [ 2363593.987615893594921, 2525258.084519253112376 ], [ 2363549.950628428254277, 2525258.084519253112376 ], [ 2363549.950628428254277, 2525302.122549070045352 ], [ 2363549.950628428254277, 2525346.159661294426769 ], [ 2363549.950628428254277, 2525390.197691111359745 ], [ 2363549.950628428254277, 2525434.235720928758383 ], [ 2363505.913640962913632, 2525434.235720928758383 ], [ 2363461.876653497572988, 2525434.235720928758383 ], [ 2363417.839666032232344, 2525434.235720928758383 ], [ 2363373.80176099576056, 2525434.235720928758383 ], [ 2363329.764773530419916, 2525434.235720928758383 ], [ 2363285.727786065079272, 2525434.235720928758383 ], [ 2363241.690798599738628, 2525434.235720928758383 ], [ 2363241.690798599738628, 2525390.197691111359745 ] ] } },
{ "type": "Feature", "properties": { }, "geometry": { "type": "LineString", "coordinates": [ [ 2363241.690798599738628, 2525390.197691111359745 ], [ 2363197.653811134397984, 2525390.197691111359745 ], [ 2363197.653811134397984, 2525434.235720928758383 ], [ 2363153.615906097926199, 2525434.235720928758383 ], [ 2363153.615906097926199, 2525478.273750745691359 ], [ 2363109.578918633051217, 2525478.273750745691359 ], [ 2363109.578918633051217, 2525522.310862970072776 ], [ 2363065.541931167710572, 2525522.310862970072776 ], [ 2363021.504943702369928, 2525522.310862970072776 ], [ 2363021.504943702369928, 2525566.348892787005752 ], [ 2363021.504943702369928, 2525610.38692260440439 ], [ 2363021.504943702369928, 2525654.424034828785807 ], [ 2363021.504943702369928, 2525698.462064645718783 ], [ 2362977.467956237029284, 2525698.462064645718783 ], [ 2362977.467956237029284, 2525742.500094463117421 ], [ 2362933.43096877168864, 2525742.500094463117421 ], [ 2362933.43096877168864, 2525786.538124280050397 ], [ 2362933.43096877168864, 2525830.575236504431814 ], [ 2362889.393063735216856, 2525830.575236504431814 ], [ 2362889.393063735216856, 2525874.61326632136479 ], [ 2362889.393063735216856, 2525918.651296138763428 ], [ 2362845.356076269876212, 2525918.651296138763428 ], [ 2362845.356076269876212, 2525962.689325955696404 ], [ 2362845.356076269876212, 2526006.726438180077821 ], [ 2362845.356076269876212, 2526050.764467997476459 ], [ 2362889.393063735216856, 2526006.726438180077821 ], [ 2362977.467956237029284, 2526006.726438180077821 ], [ 2363065.541931167710572, 2526006.726438180077821 ], [ 2363109.578918633051217, 2526006.726438180077821 ], [ 2363153.615906097926199, 2526006.726438180077821 ], [ 2363329.764773530419916, 2526006.726438180077821 ], [ 2363770.136483325622976, 2526050.764467997476459 ], [ 2363946.285350758116692, 2526050.764467997476459 ], [ 2364034.359325688797981, 2526050.764467997476459 ], [ 2364210.508193120826036, 2526050.764467997476459 ], [ 2364298.582168051507324, 2526050.764467997476459 ], [ 2364430.694048018660396, 2526050.764467997476459 ], [ 2364474.73103548400104, 2526050.764467997476459 ], [ 2364518.768022949341685, 2526050.764467997476459 ], [ 2364562.805010414682329, 2526050.764467997476459 ], [ 2364606.842915450688452, 2526050.764467997476459 ], [ 2364650.879902916029096, 2526050.764467997476459 ], [ 2364738.953877846710384, 2526050.764467997476459 ], [ 2364827.028770348522812, 2526050.764467997476459 ], [ 2364871.065757813863456, 2526050.764467997476459 ], [ 2364959.139732744544744, 2526050.764467997476459 ], [ 2365003.176720209885389, 2526050.764467997476459 ], [ 2365047.213707675226033, 2526050.764467997476459 ], [ 2365091.251612711232156, 2526050.764467997476459 ], [ 2365663.734284902457148, 2526050.764467997476459 ], [ 2365663.734284902457148, 2526182.877639855723828 ], [ 2365663.734284902457148, 2526226.915669673122466 ], [ 2365663.734284902457148, 2526314.990811714436859 ], [ 2365663.734284902457148, 2526403.066871348768473 ], [ 2365663.734284902457148, 2526447.104901165701449 ], [ 2365663.734284902457148, 2526535.180043207481503 ], [ 2365663.734284902457148, 2526579.21807302441448 ], [ 2365663.734284902457148, 2526667.293215065728873 ], [ 2365663.734284902457148, 2526755.369274700060487 ], [ 2365663.734284902457148, 2526799.406386924441904 ], [ 2365663.734284902457148, 2526843.444416741840541 ], [ 2365663.734284902457148, 2527107.671678051352501 ], [ 2365663.734284902457148, 2527195.746820093132555 ], [ 2365663.734284902457148, 2527724.200425120070577 ], [ 2365707.771272367797792, 2527680.1623953031376 ], [ 2365795.84616486961022, 2527724.200425120070577 ], [ 2365839.883152334950864, 2527724.200425120070577 ], [ 2365927.957127265632153, 2527680.1623953031376 ], [ 2365971.994114730972797, 2527680.1623953031376 ], [ 2366060.069007232319564, 2527724.200425120070577 ], [ 2366104.105994697660208, 2527680.1623953031376 ], [ 2366148.142982163000852, 2527724.200425120070577 ], [ 2366236.21787466481328, 2527724.200425120070577 ], [ 2366324.291849595494568, 2527724.200425120070577 ], [ 2366368.328837060835212, 2527680.1623953031376 ], [ 2366500.440717027522624, 2527680.1623953031376 ], [ 2366544.477704492863268, 2527680.1623953031376 ], [ 2366632.551679423544556, 2527680.1623953031376 ], [ 2366720.626571925356984, 2527680.1623953031376 ], [ 2366764.663559390697628, 2527680.1623953031376 ], [ 2366852.737534321378917, 2527724.200425120070577 ], [ 2366896.774521786719561, 2527724.200425120070577 ], [ 2366940.812426823191345, 2527724.200425120070577 ], [ 2367028.886401753406972, 2527724.200425120070577 ], [ 2367116.96037668408826, 2527724.200425120070577 ], [ 2367160.997364149428904, 2527724.200425120070577 ], [ 2367249.072256651241332, 2527724.200425120070577 ], [ 2367293.109244116581976, 2527724.200425120070577 ], [ 2367337.146231581922621, 2527724.200425120070577 ], [ 2367381.183219047263265, 2527724.200425120070577 ], [ 2367425.221124083735049, 2527768.238454937469214 ], [ 2367469.258111548610032, 2527768.238454937469214 ], [ 2367557.33208647929132, 2527724.200425120070577 ], [ 2367601.369073944631964, 2527724.200425120070577 ], [ 2367689.443966446444392, 2527724.200425120070577 ], [ 2367733.480953911785036, 2527724.200425120070577 ], [ 2367777.51794137712568, 2527724.200425120070577 ], [ 2367821.554928842466325, 2527724.200425120070577 ], [ 2367909.629821344278753, 2527724.200425120070577 ], [ 2367953.666808809153736, 2527724.200425120070577 ], [ 2367997.70379627449438, 2527724.200425120070577 ], [ 2368041.740783739835024, 2527724.200425120070577 ], [ 2368129.815676241647452, 2527724.200425120070577 ], [ 2368217.88965117232874, 2527724.200425120070577 ], [ 2368261.926638637669384, 2527724.200425120070577 ], [ 2368350.000613568350673, 2527768.238454937469214 ], [ 2368394.038518604822457, 2527768.238454937469214 ], [ 2368438.07550606969744, 2527724.200425120070577 ], [ 2368482.112493535038084, 2527724.200425120070577 ], [ 2368570.186468465719372, 2527768.238454937469214 ], [ 2368658.2613609675318, 2527724.200425120070577 ], [ 2368702.298348432872444, 2527724.200425120070577 ], [ 2368746.335335898213089, 2527724.200425120070577 ], [ 2368790.372323363553733, 2527724.200425120070577 ], [ 2368834.410228400025517, 2527724.200425120070577 ], [ 2368878.447215865366161, 2527724.200425120070577 ], [ 2368878.447215865366161, 2527768.238454937469214 ], [ 2368922.484203330706805, 2527768.238454937469214 ], [ 2369583.041768023278564, 2527812.275567161850631 ], [ 2369627.078755488619208, 2527812.275567161850631 ], [ 2370111.487452749162912, 2527724.200425120070577 ], [ 2370111.487452749162912, 2527636.124365485738963 ], [ 2370331.673307646997273, 2527592.087253261823207 ], [ 2370375.710295112337917, 2527592.087253261823207 ], [ 2370375.710295112337917, 2527548.04922344442457 ], [ 2370419.747282577678561, 2527592.087253261823207 ], [ 2370419.747282577678561, 2527636.124365485738963 ], [ 2370551.859162544365972, 2527900.351626795716584 ], [ 2370595.896150009706616, 2527900.351626795716584 ], [ 2370639.933137475047261, 2527900.351626795716584 ], [ 2370728.008029976859689, 2527856.313596978783607 ], [ 2370772.045017442200333, 2527856.313596978783607 ], [ 2370816.082004907540977, 2527856.313596978783607 ], [ 2370860.118992372881621, 2527856.313596978783607 ], [ 2370948.193884874228388, 2527856.313596978783607 ], [ 2371036.267859804909676, 2527856.313596978783607 ], [ 2371080.30484727025032, 2527812.275567161850631 ], [ 2371168.378822200931609, 2527812.275567161850631 ], [ 2371212.416727237403393, 2527812.275567161850631 ], [ 2371212.416727237403393, 2527768.238454937469214 ], [ 2371652.788437032606453, 2527724.200425120070577 ], [ 2371696.825424497947097, 2527724.200425120070577 ], [ 2371740.862411963287741, 2527724.200425120070577 ], [ 2371784.899399428628385, 2527768.238454937469214 ], [ 2371784.899399428628385, 2527812.275567161850631 ], [ 2371828.936386893969029, 2527812.275567161850631 ], [ 2371872.973374359309673, 2527812.275567161850631 ], [ 2371872.973374359309673, 2527768.238454937469214 ], [ 2371917.011279395315796, 2527768.238454937469214 ], [ 2371961.04826686065644, 2527768.238454937469214 ], [ 2372005.085254325997084, 2527724.200425120070577 ], [ 2372093.159229256678373, 2527724.200425120070577 ], [ 2372137.197134293150157, 2527680.1623953031376 ], [ 2372181.234121758490801, 2527680.1623953031376 ], [ 2372225.271109223831445, 2527812.275567161850631 ], [ 2372269.308096689172089, 2527988.426768837496638 ], [ 2372313.345084154512733, 2528120.539940696209669 ], [ 2372401.4199766558595, 2528296.691142371855676 ], [ 2372445.456964121200144, 2528472.842344047501683 ], [ 2372489.493951586540788, 2528648.99354572314769 ], [ 2372533.530939051881433, 2528825.144747398793697 ], [ 2372577.567926517222077, 2529001.295949074439704 ], [ 2372621.605831553693861, 2529133.409120933152735 ], [ 2373150.051516279578209, 2529045.333978891838342 ], [ 2373678.497201005462557, 2528957.257919257506728 ], [ 2373986.757030833512545, 2528913.220807033125311 ], [ 2374030.794935869984329, 2528913.220807033125311 ], [ 2377509.729791624471545, 2528428.805231823120266 ], [ 2377553.767696660943329, 2528516.880373864434659 ], [ 2377553.767696660943329, 2528560.918403681833297 ], [ 2377553.767696660943329, 2528648.99354572314769 ], [ 2377553.767696660943329, 2528693.031575540080667 ], [ 2377553.767696660943329, 2528737.069605357479304 ], [ 2377597.804684126283973, 2528825.144747398793697 ], [ 2377597.804684126283973, 2528869.182777216192335 ], [ 2377641.841671591624618, 2528913.220807033125311 ], [ 2377685.878659056965262, 2529001.295949074439704 ], [ 2377729.915646522305906, 2529089.372008708771318 ], [ 2377773.952633987180889, 2529089.372008708771318 ], [ 2377773.952633987180889, 2529133.409120933152735 ], [ 2377817.990539023652673, 2529177.447150750085711 ], [ 2377862.027526488993317, 2529221.485180567484349 ], [ 2377906.064513954333961, 2529221.485180567484349 ], [ 2377906.064513954333961, 2529265.522292791865766 ], [ 2377906.064513954333961, 2529309.560322608798742 ], [ 2377906.064513954333961, 2529397.636382243130356 ], [ 2377906.064513954333961, 2529441.673494467511773 ], [ 2377906.064513954333961, 2529485.711524284444749 ], [ 2377862.027526488993317, 2529573.787583918776363 ], [ 2377862.027526488993317, 2529617.82469614315778 ], [ 2377862.027526488993317, 2529661.862725960556418 ], [ 2377862.027526488993317, 2529705.900755777489394 ], [ 2377906.064513954333961, 2529749.93878559442237 ], [ 2377906.064513954333961, 2529793.975897818803787 ], [ 2377906.064513954333961, 2529838.013927636202425 ], [ 2377906.064513954333961, 2529882.051957453135401 ], [ 2377862.027526488993317, 2529926.089069677516818 ], [ 2377862.027526488993317, 2530014.165129311848432 ], [ 2377817.990539023652673, 2530014.165129311848432 ], [ 2377817.990539023652673, 2530058.203159128781408 ], [ 2378170.287356317508966, 2530014.165129311848432 ], [ 2378214.32434378284961, 2530014.165129311848432 ], [ 2378874.881908475421369, 2529926.089069677516818 ], [ 2379095.06776337325573, 2529882.051957453135401 ], [ 2379139.104750838596374, 2529882.051957453135401 ], [ 2379227.179643339943141, 2529882.051957453135401 ], [ 2379535.43947316845879, 2529882.051957453135401 ], [ 2380240.034025326371193, 2529838.013927636202425 ], [ 2380636.368747656233609, 2529838.013927636202425 ], [ 2381164.814432382117957, 2529838.013927636202425 ] ] } },
{ "type": "Feature", "properties": { }, "geometry": { "type": "LineString", "coordinates": [ [ 2418948.696488989517093, 2483069.887775791808963 ], [ 2418992.733476454857737, 2483069.887775791808963 ], [ 2419345.031211319379508, 2482981.811716157477349 ], [ 2419389.068198784720153, 2482981.811716157477349 ], [ 2419477.142173715401441, 2483025.849745974410325 ], [ 2419477.142173715401441, 2482937.774603933095932 ], [ 2419565.217066217213869, 2482981.811716157477349 ], [ 2419565.217066217213869, 2483069.887775791808963 ], [ 2419741.365933649241924, 2483157.962917833123356 ], [ 2419741.365933649241924, 2482981.811716157477349 ], [ 2419741.365933649241924, 2482937.774603933095932 ], [ 2420225.774630909785628, 2482893.736574116162956 ], [ 2420225.774630909785628, 2482849.698544298764318 ], [ 2420269.811618375126272, 2482849.698544298764318 ], [ 2421018.443157998844981, 2482761.623402257449925 ], [ 2421106.517132929526269, 2482761.623402257449925 ], [ 2421282.666000361554325, 2482761.623402257449925 ], [ 2421590.925830190069973, 2482717.585372440516949 ], [ 2421590.925830190069973, 2482673.547342623118311 ], [ 2421723.037710156757385, 2482673.547342623118311 ], [ 2421767.074697622098029, 2482673.547342623118311 ], [ 2421855.148672552779317, 2482629.510230398736894 ], [ 2421987.260552519932389, 2482629.510230398736894 ], [ 2422031.297539985273033, 2482629.510230398736894 ], [ 2422031.297539985273033, 2482453.359028723090887 ], [ 2421987.260552519932389, 2482365.282969088759273 ], [ 2421943.223565054591745, 2482101.056625371798873 ], [ 2421943.223565054591745, 2482057.018595554400235 ], [ 2421943.223565054591745, 2482012.980565737467259 ], [ 2422603.781129747163504, 2481924.905423696152866 ], [ 2422868.003972110338509, 2481880.867393878754228 ], [ 2423572.598524268250912, 2481792.792251837439835 ], [ 2424145.081196459475905, 2481748.754222020041198 ], [ 2424145.081196459475905, 2481660.679079978726804 ], [ 2424189.118183924816549, 2481660.679079978726804 ], [ 2424233.156088961288333, 2481704.716192203108221 ], [ 2424277.193076426628977, 2481704.716192203108221 ], [ 2424849.675748617853969, 2481748.754222020041198 ], [ 2425025.824616049882025, 2481792.792251837439835 ], [ 2425069.861603515222669, 2481792.792251837439835 ], [ 2425113.898590980563313, 2481792.792251837439835 ], [ 2425113.898590980563313, 2481836.829364061821252 ], [ 2425113.898590980563313, 2481792.792251837439835 ], [ 2425113.898590980563313, 2481748.754222020041198 ], [ 2425113.898590980563313, 2481704.716192203108221 ], [ 2425113.898590980563313, 2481660.679079978726804 ], [ 2425113.898590980563313, 2481572.60302034439519 ], [ 2425510.233313310425729, 2481528.564990527462214 ], [ 2425774.456155673600733, 2481484.527878303080797 ], [ 2425774.456155673600733, 2481572.60302034439519 ], [ 2426038.678998036310077, 2481528.564990527462214 ], [ 2426611.162587798666209, 2481484.527878303080797 ], [ 2426787.310537660028785, 2481440.489848486147821 ], [ 2426919.422417627181858, 2481396.451818668749183 ], [ 2427007.496392557397485, 2481352.413788851816207 ], [ 2427007.496392557397485, 2481264.338646810036153 ], [ 2427007.496392557397485, 2481220.300616993103176 ], [ 2427051.534297593869269, 2481132.225474951788783 ], [ 2427095.571285059209913, 2481132.225474951788783 ], [ 2427227.682247455231845, 2481220.300616993103176 ], [ 2427403.831114887725562, 2481176.2625871761702 ], [ 2427447.868102352600545, 2481264.338646810036153 ], [ 2427447.868102352600545, 2481308.37667662743479 ], [ 2427579.979982319753617, 2481176.2625871761702 ], [ 2427624.016969785094261, 2481176.2625871761702 ], [ 2427668.053957250434905, 2481176.2625871761702 ], [ 2427712.090944715775549, 2481176.2625871761702 ], [ 2427756.128849752247334, 2481176.2625871761702 ], [ 2427756.128849752247334, 2481220.300616993103176 ], [ 2427756.128849752247334, 2481264.338646810036153 ], [ 2427800.165837217587978, 2481264.338646810036153 ], [ 2427844.202824682928622, 2481308.37667662743479 ], [ 2427888.239812148269266, 2481308.37667662743479 ], [ 2427888.239812148269266, 2481264.338646810036153 ], [ 2427888.239812148269266, 2481220.300616993103176 ], [ 2427932.27679961360991, 2481220.300616993103176 ], [ 2427932.27679961360991, 2481264.338646810036153 ], [ 2428108.425667045637965, 2481264.338646810036153 ], [ 2428108.425667045637965, 2481176.2625871761702 ], [ 2428108.425667045637965, 2481132.225474951788783 ], [ 2428064.388679580297321, 2480912.036243458744138 ], [ 2428064.388679580297321, 2480823.961101417429745 ], [ 2428020.351692114956677, 2480603.771869924385101 ], [ 2428020.351692114956677, 2480471.65869806567207 ], [ 2427976.313787078484893, 2480427.620668248739094 ], [ 2427932.27679961360991, 2480031.280235080048442 ], [ 2427932.27679961360991, 2479943.205093038734049 ], [ 2427932.27679961360991, 2479899.167063221801072 ], [ 2427800.165837217587978, 2478974.373942618723959 ], [ 2427668.053957250434905, 2478005.542792198713869 ], [ 2427888.239812148269266, 2478005.542792198713869 ], [ 2427888.239812148269266, 2477961.504762381315231 ], [ 2427976.313787078484893, 2478005.542792198713869 ], [ 2428020.351692114956677, 2478093.617934240028262 ], [ 2428108.425667045637965, 2478181.693993874359876 ], [ 2428152.462654510978609, 2478225.731106098741293 ], [ 2428196.499641976319253, 2478181.693993874359876 ], [ 2428240.537547012791038, 2478181.693993874359876 ], [ 2428240.537547012791038, 2477961.504762381315231 ], [ 2428240.537547012791038, 2477917.466732564382255 ], [ 2428724.946244273334742, 2477873.429620340000838 ], [ 2429693.76363879442215, 2477741.315530888736248 ], [ 2430354.321203486993909, 2477653.240388846956193 ], [ 2431587.361440371256322, 2477477.089187171310186 ], [ 2431807.547295268625021, 2477477.089187171310186 ], [ 2431895.621270199306309, 2477433.05115735437721 ], [ 2431983.695245129987597, 2477433.05115735437721 ], [ 2432203.881100027821958, 2477389.014045129995793 ], [ 2432247.919005064293742, 2477389.014045129995793 ], [ 2432424.066954925190657, 2477389.014045129995793 ], [ 2432468.103942390531301, 2477344.976015312597156 ], [ 2432512.141847427003086, 2477344.976015312597156 ], [ 2432732.327702324837446, 2477344.976015312597156 ], [ 2433348.847361980937421, 2477256.899955678731203 ], [ 2433701.145096845924854, 2477212.862843454349786 ], [ 2433745.182084310799837, 2477212.862843454349786 ], [ 2433745.182084310799837, 2477080.748754003085196 ], [ 2433833.256059241481125, 2477080.748754003085196 ], [ 2433877.293046706821769, 2477080.748754003085196 ], [ 2434097.47890160465613, 2477036.711641778703779 ], [ 2434053.441914139315486, 2477168.824813636951149 ], [ 2434097.47890160465613, 2477168.824813636951149 ], [ 2434361.702661538496614, 2477124.786783820018172 ], [ 2434669.962491367012262, 2477080.748754003085196 ], [ 2435242.445163558237255, 2476992.673611961305141 ], [ 2435286.482151023112237, 2476992.673611961305141 ], [ 2435374.557043524924666, 2476992.673611961305141 ], [ 2435682.816873353440315, 2476948.635582144372165 ], [ 2435682.816873353440315, 2476904.597552326973528 ], [ 2435726.853860818780959, 2476816.522410285659134 ], [ 2435726.853860818780959, 2476728.447268244344741 ], [ 2435726.853860818780959, 2476684.409238426946104 ], [ 2435726.853860818780959, 2476640.371208610013127 ], [ 2435770.891765854787081, 2476596.33317879261449 ], [ 2435770.891765854787081, 2476552.296066568233073 ], [ 2435814.928753320127726, 2476596.33317879261449 ], [ 2435858.96574078546837, 2476596.33317879261449 ], [ 2435903.002728250809014, 2476640.371208610013127 ], [ 2435947.039715716149658, 2476640.371208610013127 ], [ 2435991.076703181490302, 2476684.409238426946104 ], [ 2436123.188583148643374, 2476684.409238426946104 ], [ 2436167.225570613984019, 2476728.447268244344741 ], [ 2436255.300463115330786, 2476728.447268244344741 ], [ 2436343.374438046012074, 2476728.447268244344741 ], [ 2436431.448412976693362, 2476684.409238426946104 ], [ 2436475.485400442034006, 2476684.409238426946104 ], [ 2436519.52330547850579, 2477080.748754003085196 ], [ 2436563.560292943846434, 2477477.089187171310186 ], [ 2436607.597280409187078, 2477653.240388846956193 ], [ 2436695.671255339868367, 2478269.769135915674269 ], [ 2436915.857110237237066, 2479899.167063221801072 ], [ 2437003.932002739049494, 2480779.923071600031108 ], [ 2437047.968990204390138, 2480956.074273275677115 ], [ 2437136.042965135071427, 2481528.564990527462214 ], [ 2437136.042965135071427, 2481616.641050161793828 ], [ 2438369.084119589999318, 2481484.527878303080797 ], [ 2438413.121107055339962, 2481484.527878303080797 ], [ 2438545.232069451361895, 2481484.527878303080797 ], [ 2439690.198331404477358, 2481352.413788851816207 ], [ 2440042.496066269464791, 2481308.37667662743479 ], [ 2439998.458161232993007, 2481264.338646810036153 ], [ 2440042.496066269464791, 2481220.300616993103176 ], [ 2440086.533053734339774, 2481264.338646810036153 ], [ 2440130.570041199680418, 2481308.37667662743479 ], [ 2440174.607028665021062, 2481308.37667662743479 ], [ 2440174.607028665021062, 2481352.413788851816207 ], [ 2440218.644016130361706, 2481352.413788851816207 ], [ 2440262.68192116683349, 2481352.413788851816207 ], [ 2440262.68192116683349, 2481308.37667662743479 ], [ 2440306.718908632174134, 2481308.37667662743479 ], [ 2440306.718908632174134, 2481264.338646810036153 ], [ 2440262.68192116683349, 2481220.300616993103176 ], [ 2440306.718908632174134, 2481176.2625871761702 ], [ 2440350.755896097514778, 2481132.225474951788783 ], [ 2440394.792883562855422, 2481132.225474951788783 ], [ 2440394.792883562855422, 2481088.187445134390146 ], [ 2440438.829871028196067, 2481088.187445134390146 ], [ 2440438.829871028196067, 2481044.149415317457169 ], [ 2440438.829871028196067, 2481000.112303093075752 ], [ 2440438.829871028196067, 2480956.074273275677115 ], [ 2440438.829871028196067, 2480912.036243458744138 ], [ 2440438.829871028196067, 2480867.998213641811162 ], [ 2440482.866858493536711, 2480823.961101417429745 ], [ 2440526.904763530008495, 2480779.923071600031108 ], [ 2440570.941750994883478, 2480735.885041783098131 ], [ 2440570.941750994883478, 2480691.847011965699494 ], [ 2440614.978738460224122, 2480691.847011965699494 ], [ 2440614.978738460224122, 2480735.885041783098131 ], [ 2440614.978738460224122, 2480779.923071600031108 ], [ 2440614.978738460224122, 2480823.961101417429745 ], [ 2440614.978738460224122, 2480867.998213641811162 ], [ 2440614.978738460224122, 2480912.036243458744138 ], [ 2440614.978738460224122, 2480956.074273275677115 ], [ 2440659.015725925564766, 2480956.074273275677115 ], [ 2440747.090618427377194, 2481000.112303093075752 ], [ 2440791.127605892717838, 2481000.112303093075752 ], [ 2440835.164593358058482, 2481000.112303093075752 ], [ 2440835.164593358058482, 2481044.149415317457169 ], [ 2440835.164593358058482, 2481088.187445134390146 ], [ 2440879.201580823399127, 2481132.225474951788783 ], [ 2440923.238568288739771, 2481132.225474951788783 ], [ 2440923.238568288739771, 2481176.2625871761702 ], [ 2440923.238568288739771, 2481220.300616993103176 ], [ 2440967.276473325211555, 2481264.338646810036153 ], [ 2441011.313460790552199, 2481264.338646810036153 ], [ 2441055.350448255892843, 2481264.338646810036153 ], [ 2441055.350448255892843, 2481308.37667662743479 ], [ 2441055.350448255892843, 2481352.413788851816207 ], [ 2441099.387435721233487, 2481352.413788851816207 ], [ 2441143.42442318610847, 2481396.451818668749183 ], [ 2441187.461410651449114, 2481396.451818668749183 ], [ 2441231.499315687920898, 2481352.413788851816207 ], [ 2441275.536303153261542, 2481308.37667662743479 ], [ 2441275.536303153261542, 2481264.338646810036153 ], [ 2441319.573290618602186, 2481264.338646810036153 ], [ 2441363.610278083942831, 2481264.338646810036153 ], [ 2441407.647265549283475, 2481264.338646810036153 ], [ 2441407.647265549283475, 2481220.300616993103176 ], [ 2441407.647265549283475, 2481176.2625871761702 ], [ 2441451.685170585755259, 2481176.2625871761702 ], [ 2441495.722158051095903, 2481220.300616993103176 ], [ 2441539.759145516436547, 2481220.300616993103176 ], [ 2441583.796132981777191, 2481220.300616993103176 ], [ 2441583.796132981777191, 2481176.2625871761702 ], [ 2441583.796132981777191, 2481132.225474951788783 ], [ 2441627.833120446652174, 2481088.187445134390146 ], [ 2441627.833120446652174, 2481044.149415317457169 ], [ 2441627.833120446652174, 2481000.112303093075752 ], [ 2441671.871025483123958, 2481000.112303093075752 ], [ 2441715.908012948464602, 2481000.112303093075752 ], [ 2441892.055962809827179, 2481000.112303093075752 ], [ 2441848.018975344486535, 2480956.074273275677115 ], [ 2441892.055962809827179, 2480956.074273275677115 ], [ 2441936.093867846298963, 2480956.074273275677115 ], [ 2443037.022224763408303, 2480779.923071600031108 ], [ 2443125.09711726475507, 2480779.923071600031108 ], [ 2443169.134104730095714, 2480779.923071600031108 ], [ 2443389.319959627930075, 2480735.885041783098131 ], [ 2443433.356947093270719, 2480735.885041783098131 ], [ 2443829.691669423133135, 2480691.847011965699494 ], [ 2444402.174341614358127, 2480603.771869924385101 ], [ 2444446.211329079698771, 2480603.771869924385101 ], [ 2444446.211329079698771, 2480559.733840107452124 ], [ 2444490.248316545039415, 2480559.733840107452124 ], [ 2444534.286221581045538, 2480559.733840107452124 ], [ 2444534.286221581045538, 2480515.695810290053487 ], [ 2444578.323209046386182, 2480515.695810290053487 ], [ 2444578.323209046386182, 2480471.65869806567207 ], [ 2444622.360196511726826, 2480471.65869806567207 ], [ 2444622.360196511726826, 2480427.620668248739094 ], [ 2444666.397183977067471, 2480427.620668248739094 ], [ 2444666.397183977067471, 2480383.582638431806117 ], [ 2444666.397183977067471, 2480339.5455262074247 ], [ 2444666.397183977067471, 2480295.507496390026063 ], [ 2444710.434171442408115, 2480295.507496390026063 ], [ 2444754.472076478879899, 2480295.507496390026063 ], [ 2444798.509063944220543, 2480295.507496390026063 ], [ 2444798.509063944220543, 2480339.5455262074247 ], [ 2444842.546051409561187, 2480339.5455262074247 ], [ 2444842.546051409561187, 2480383.582638431806117 ], [ 2444886.583038874901831, 2480383.582638431806117 ], [ 2444886.583038874901831, 2480427.620668248739094 ], [ 2444930.620026340242475, 2480427.620668248739094 ], [ 2444974.657931376248598, 2480427.620668248739094 ], [ 2444974.657931376248598, 2480383.582638431806117 ], [ 2444974.657931376248598, 2480339.5455262074247 ], [ 2444930.620026340242475, 2480295.507496390026063 ], [ 2444930.620026340242475, 2480251.469466573093086 ], [ 2444886.583038874901831, 2480251.469466573093086 ], [ 2444886.583038874901831, 2480207.431436755694449 ], [ 2444842.546051409561187, 2480207.431436755694449 ], [ 2444842.546051409561187, 2480163.394324531778693 ], [ 2444842.546051409561187, 2480119.356294714380056 ], [ 2444798.509063944220543, 2480119.356294714380056 ], [ 2444798.509063944220543, 2480075.318264897447079 ], [ 2444798.509063944220543, 2480031.280235080048442 ], [ 2444798.509063944220543, 2479987.243122855667025 ], [ 2444754.472076478879899, 2479987.243122855667025 ], [ 2444754.472076478879899, 2479943.205093038734049 ], [ 2444754.472076478879899, 2479899.167063221801072 ], [ 2444710.434171442408115, 2479899.167063221801072 ], [ 2444710.434171442408115, 2479855.129950997419655 ], [ 2444666.397183977067471, 2479855.129950997419655 ], [ 2444622.360196511726826, 2479855.129950997419655 ], [ 2444622.360196511726826, 2479811.091921180021018 ], [ 2444578.323209046386182, 2479811.091921180021018 ], [ 2444534.286221581045538, 2479811.091921180021018 ], [ 2444534.286221581045538, 2479767.053891363088042 ], [ 2444490.248316545039415, 2479767.053891363088042 ], [ 2443609.505814525298774, 2479899.167063221801072 ], [ 2443521.430922023952007, 2479899.167063221801072 ], [ 2443433.356947093270719, 2479899.167063221801072 ], [ 2443433.356947093270719, 2479855.129950997419655 ], [ 2443433.356947093270719, 2479723.015861545689404 ], [ 2443433.356947093270719, 2479678.978749321307987 ], [ 2443389.319959627930075, 2479634.940719504375011 ], [ 2443345.282972162589431, 2479194.563174111302942 ], [ 2443345.282972162589431, 2479106.48711447743699 ], [ 2443257.208079660777003, 2478445.920337591320276 ], [ 2443213.171092195436358, 2478357.845195550005883 ], [ 2443213.171092195436358, 2478313.807165733072907 ], [ 2443213.171092195436358, 2478269.769135915674269 ], [ 2443521.430922023952007, 2478225.731106098741293 ], [ 2443609.505814525298774, 2478225.731106098741293 ], [ 2443829.691669423133135, 2478181.693993874359876 ], [ 2444005.839619284495711, 2478181.693993874359876 ], [ 2444137.951499251183122, 2478137.655964056961238 ], [ 2444358.137354149017483, 2478137.655964056961238 ], [ 2444358.137354149017483, 2478093.617934240028262 ], [ 2444534.286221581045538, 2478093.617934240028262 ], [ 2444578.323209046386182, 2478093.617934240028262 ], [ 2444578.323209046386182, 2478049.580822015646845 ], [ 2444578.323209046386182, 2478005.542792198713869 ], [ 2444578.323209046386182, 2477961.504762381315231 ], [ 2444534.286221581045538, 2477961.504762381315231 ], [ 2444534.286221581045538, 2477917.466732564382255 ], [ 2444534.286221581045538, 2477873.429620340000838 ], [ 2444534.286221581045538, 2477829.391590523067862 ], [ 2444578.323209046386182, 2477785.353560705669224 ], [ 2444578.323209046386182, 2477741.315530888736248 ], [ 2444622.360196511726826, 2477697.278418664354831 ], [ 2444666.397183977067471, 2477653.240388846956193 ], [ 2444710.434171442408115, 2477609.202359030023217 ], [ 2444710.434171442408115, 2477565.164329213090241 ], [ 2444710.434171442408115, 2477521.127216988708824 ], [ 2444710.434171442408115, 2477433.05115735437721 ], [ 2444666.397183977067471, 2477389.014045129995793 ], [ 2444622.360196511726826, 2477344.976015312597156 ], [ 2444622.360196511726826, 2477300.937985495664179 ], [ 2444578.323209046386182, 2477300.937985495664179 ], [ 2444578.323209046386182, 2477256.899955678731203 ], [ 2444534.286221581045538, 2477256.899955678731203 ], [ 2444490.248316545039415, 2477212.862843454349786 ], [ 2444490.248316545039415, 2477168.824813636951149 ], [ 2444446.211329079698771, 2477168.824813636951149 ], [ 2444402.174341614358127, 2477124.786783820018172 ], [ 2444358.137354149017483, 2477080.748754003085196 ], [ 2444314.100366683676839, 2477036.711641778703779 ], [ 2444270.063379218336195, 2477036.711641778703779 ], [ 2444226.025474181864411, 2477036.711641778703779 ], [ 2444181.988486716523767, 2477036.711641778703779 ], [ 2444137.951499251183122, 2476992.673611961305141 ], [ 2444093.914511785842478, 2476992.673611961305141 ], [ 2444049.877524320501834, 2476948.635582144372165 ], [ 2444005.839619284495711, 2476904.597552326973528 ], [ 2443961.802631819155067, 2476860.560440102592111 ], [ 2443917.765644353814423, 2476860.560440102592111 ], [ 2443873.728656888473779, 2476860.560440102592111 ], [ 2443829.691669423133135, 2476816.522410285659134 ], [ 2443785.654681957792491, 2476816.522410285659134 ], [ 2443741.616776921320707, 2476816.522410285659134 ], [ 2443697.579789455980062, 2476816.522410285659134 ], [ 2443653.542801990639418, 2476772.484380468726158 ], [ 2443609.505814525298774, 2476772.484380468726158 ], [ 2443565.46882705995813, 2476728.447268244344741 ], [ 2443521.430922023952007, 2476728.447268244344741 ], [ 2443477.393934558611363, 2476728.447268244344741 ], [ 2443433.356947093270719, 2476684.409238426946104 ], [ 2443389.319959627930075, 2476684.409238426946104 ], [ 2443345.282972162589431, 2476684.409238426946104 ], [ 2443301.245067126117647, 2476596.33317879261449 ], [ 2443257.208079660777003, 2476552.296066568233073 ], [ 2443257.208079660777003, 2476508.258036751300097 ], [ 2443213.171092195436358, 2476508.258036751300097 ], [ 2443213.171092195436358, 2476464.22000693436712 ], [ 2443169.134104730095714, 2476464.22000693436712 ], [ 2443169.134104730095714, 2476420.181977116968483 ], [ 2443125.09711726475507, 2476420.181977116968483 ], [ 2443081.060129799414426, 2476376.144864892587066 ], [ 2442992.985237298067659, 2476376.144864892587066 ], [ 2442992.985237298067659, 2476332.106835075654089 ], [ 2442948.948249832727015, 2476332.106835075654089 ], [ 2442948.948249832727015, 2476288.068805258721113 ], [ 2442904.911262367386371, 2476199.993663216941059 ], [ 2442904.911262367386371, 2476155.955633400008082 ], [ 2442860.874274902045727, 2476111.917603582609445 ], [ 2442816.836369865573943, 2476023.842461541295052 ], [ 2442772.799382400233299, 2475979.804431724362075 ], [ 2442772.799382400233299, 2475935.766401906963438 ], [ 2442728.762394934892654, 2475891.729289682582021 ], [ 2442728.762394934892654, 2475847.691259865649045 ], [ 2442684.72540746955201, 2475847.691259865649045 ], [ 2442684.72540746955201, 2475803.653230048716068 ], [ 2442640.688420004211366, 2475803.653230048716068 ], [ 2442640.688420004211366, 2475759.615200231317431 ], [ 2442640.688420004211366, 2475715.578088006936014 ], [ 2442640.688420004211366, 2475671.540058190003037 ], [ 2442640.688420004211366, 2475627.5020283726044 ], [ 2442596.650514967739582, 2475627.5020283726044 ], [ 2442596.650514967739582, 2475583.464916148222983 ], [ 2442596.650514967739582, 2475539.426886331290007 ], [ 2442552.613527502864599, 2475539.426886331290007 ], [ 2442508.576540037523955, 2475539.426886331290007 ], [ 2442508.576540037523955, 2475495.38885651435703 ], [ 2442464.539552572183311, 2475495.38885651435703 ], [ 2442464.539552572183311, 2475451.350826696958393 ], [ 2442420.502565106842667, 2475451.350826696958393 ], [ 2442464.539552572183311, 2475451.350826696958393 ], [ 2442464.539552572183311, 2475407.313714472576976 ], [ 2442420.502565106842667, 2475407.313714472576976 ], [ 2442420.502565106842667, 2475363.275684655644 ], [ 2442376.465577641502023, 2475363.275684655644 ], [ 2442376.465577641502023, 2475319.237654838245362 ], [ 2442376.465577641502023, 2475275.199625021312386 ], [ 2442332.427672605030239, 2475275.199625021312386 ], [ 2442332.427672605030239, 2475231.162512796930969 ], [ 2442288.390685139689595, 2475231.162512796930969 ], [ 2442288.390685139689595, 2475187.124482979997993 ], [ 2442288.390685139689595, 2475231.162512796930969 ], [ 2442244.35369767434895, 2475231.162512796930969 ], [ 2442244.35369767434895, 2475187.124482979997993 ], [ 2442200.316710209008306, 2475187.124482979997993 ], [ 2442156.279722743667662, 2475187.124482979997993 ], [ 2442156.279722743667662, 2475143.086453162599355 ], [ 2442156.279722743667662, 2475099.049340938217938 ], [ 2442156.279722743667662, 2475055.011311121284962 ], [ 2442200.316710209008306, 2475055.011311121284962 ], [ 2442200.316710209008306, 2475010.973281304351985 ], [ 2442156.279722743667662, 2475010.973281304351985 ], [ 2442156.279722743667662, 2474966.935251486953348 ], [ 2442156.279722743667662, 2474922.898139262571931 ], [ 2442156.279722743667662, 2474878.860109445638955 ], [ 2442112.241817707195878, 2474878.860109445638955 ], [ 2442112.241817707195878, 2474834.822079628240317 ], [ 2442068.204830241855234, 2474834.822079628240317 ], [ 2442024.167842776980251, 2474834.822079628240317 ], [ 2442024.167842776980251, 2474790.784049811307341 ], [ 2441980.130855311639607, 2474790.784049811307341 ], [ 2441980.130855311639607, 2474746.746937586925924 ], [ 2441936.093867846298963, 2474746.746937586925924 ], [ 2441892.055962809827179, 2474746.746937586925924 ], [ 2441848.018975344486535, 2474746.746937586925924 ], [ 2441848.018975344486535, 2474702.708907769992948 ], [ 2441803.98198787914589, 2474702.708907769992948 ], [ 2441759.945000413805246, 2474702.708907769992948 ], [ 2441759.945000413805246, 2474658.67087795259431 ], [ 2441759.945000413805246, 2474614.632848135661334 ], [ 2441759.945000413805246, 2474570.595735911279917 ], [ 2441803.98198787914589, 2474570.595735911279917 ], [ 2441803.98198787914589, 2474526.557706093881279 ], [ 2441759.945000413805246, 2474526.557706093881279 ], [ 2441759.945000413805246, 2474482.519676276948303 ], [ 2441715.908012948464602, 2474482.519676276948303 ], [ 2441759.945000413805246, 2474482.519676276948303 ], [ 2441759.945000413805246, 2474438.482564052566886 ], [ 2441759.945000413805246, 2474394.44453423563391 ], [ 2441759.945000413805246, 2474350.406504418235272 ], [ 2441759.945000413805246, 2474306.368474601302296 ], [ 2441759.945000413805246, 2474262.331362376920879 ], [ 2441759.945000413805246, 2474218.293332559987903 ], [ 2441759.945000413805246, 2474174.255302742589265 ], [ 2441715.908012948464602, 2474174.255302742589265 ], [ 2441715.908012948464602, 2474130.217272925656289 ], [ 2441671.871025483123958, 2474130.217272925656289 ], [ 2441671.871025483123958, 2474086.180160701274872 ], [ 2441671.871025483123958, 2474042.142130883876234 ], [ 2441627.833120446652174, 2474042.142130883876234 ], [ 2441627.833120446652174, 2473998.104101066943258 ], [ 2441627.833120446652174, 2473954.066071250010282 ], [ 2441583.796132981777191, 2473954.066071250010282 ], [ 2441583.796132981777191, 2473910.028959025628865 ], [ 2441583.796132981777191, 2473865.990929208230227 ], [ 2441539.759145516436547, 2473865.990929208230227 ], [ 2441539.759145516436547, 2473821.952899391297251 ], [ 2441495.722158051095903, 2473821.952899391297251 ], [ 2441495.722158051095903, 2473777.915787166915834 ], [ 2441495.722158051095903, 2473733.877757349982858 ], [ 2441495.722158051095903, 2473689.83972753258422 ], [ 2441539.759145516436547, 2473689.83972753258422 ], [ 2441539.759145516436547, 2473645.801697715651244 ], [ 2441539.759145516436547, 2473601.764585491269827 ], [ 2441539.759145516436547, 2473557.726555673871189 ], [ 2441539.759145516436547, 2473513.688525856938213 ], [ 2441495.722158051095903, 2473513.688525856938213 ], [ 2441451.685170585755259, 2473513.688525856938213 ], [ 2441495.722158051095903, 2473513.688525856938213 ], [ 2441451.685170585755259, 2473469.650496039539576 ], [ 2441407.647265549283475, 2473469.650496039539576 ], [ 2441407.647265549283475, 2473425.61338381562382 ], [ 2441451.685170585755259, 2473425.61338381562382 ], [ 2441407.647265549283475, 2473381.575353998225182 ], [ 2441407.647265549283475, 2473337.537324181292206 ], [ 2441407.647265549283475, 2473293.500211956910789 ], [ 2441407.647265549283475, 2473249.462182139512151 ], [ 2441407.647265549283475, 2473205.424152322579175 ], [ 2441363.610278083942831, 2473205.424152322579175 ], [ 2441363.610278083942831, 2473161.386122505646199 ], [ 2441363.610278083942831, 2473117.349010281264782 ], [ 2441363.610278083942831, 2473073.310980463866144 ], [ 2441319.573290618602186, 2473073.310980463866144 ], [ 2441319.573290618602186, 2473029.272950646933168 ], [ 2441319.573290618602186, 2472985.234920829534531 ], [ 2441319.573290618602186, 2472941.197808605618775 ], [ 2441275.536303153261542, 2472941.197808605618775 ], [ 2441275.536303153261542, 2472897.159778788220137 ], [ 2441275.536303153261542, 2472853.121748971287161 ], [ 2441275.536303153261542, 2472809.083719153888524 ], [ 2441275.536303153261542, 2472765.046606929507107 ], [ 2441275.536303153261542, 2472721.00857711257413 ], [ 2441231.499315687920898, 2472721.00857711257413 ], [ 2441231.499315687920898, 2472676.970547295641154 ], [ 2441231.499315687920898, 2472632.933435071259737 ], [ 2441231.499315687920898, 2472588.895405253861099 ], [ 2441275.536303153261542, 2472588.895405253861099 ], [ 2441275.536303153261542, 2472632.933435071259737 ], [ 2441275.536303153261542, 2472588.895405253861099 ], [ 2441275.536303153261542, 2472544.857375436928123 ], [ 2441231.499315687920898, 2472544.857375436928123 ], [ 2441275.536303153261542, 2472500.819345619529486 ], [ 2441275.536303153261542, 2472456.782233395148069 ], [ 2441275.536303153261542, 2472412.744203578215092 ], [ 2441231.499315687920898, 2472412.744203578215092 ], [ 2441231.499315687920898, 2472368.706173761282116 ], [ 2441187.461410651449114, 2472368.706173761282116 ], [ 2441187.461410651449114, 2472324.668143943883479 ], [ 2441143.42442318610847, 2472324.668143943883479 ], [ 2441143.42442318610847, 2472280.631031719502062 ], [ 2441099.387435721233487, 2472280.631031719502062 ], [ 2441055.350448255892843, 2472280.631031719502062 ], [ 2441055.350448255892843, 2472236.593001902569085 ], [ 2441055.350448255892843, 2472192.554972085170448 ], [ 2441099.387435721233487, 2472192.554972085170448 ], [ 2441099.387435721233487, 2472148.516942268237472 ], [ 2441099.387435721233487, 2472104.479830043856055 ], [ 2441055.350448255892843, 2472104.479830043856055 ], [ 2441011.313460790552199, 2472060.441800226923078 ], [ 2441055.350448255892843, 2472060.441800226923078 ], [ 2441055.350448255892843, 2472016.403770409524441 ], [ 2441011.313460790552199, 2472016.403770409524441 ], [ 2441011.313460790552199, 2471972.366658185143024 ], [ 2441011.313460790552199, 2471928.328628368210047 ], [ 2441011.313460790552199, 2471884.290598551277071 ], [ 2441011.313460790552199, 2471840.252568733878434 ], [ 2441011.313460790552199, 2471796.215456509497017 ], [ 2441011.313460790552199, 2471752.17742669256404 ], [ 2441055.350448255892843, 2471752.17742669256404 ], [ 2441011.313460790552199, 2471752.17742669256404 ], [ 2440967.276473325211555, 2471752.17742669256404 ], [ 2440967.276473325211555, 2471708.139396875165403 ], [ 2440923.238568288739771, 2471708.139396875165403 ], [ 2440923.238568288739771, 2471664.101367058232427 ], [ 2440879.201580823399127, 2471664.101367058232427 ], [ 2440835.164593358058482, 2471664.101367058232427 ], [ 2440835.164593358058482, 2471620.06425483385101 ], [ 2440835.164593358058482, 2471576.026225016918033 ], [ 2440835.164593358058482, 2471531.988195199519396 ], [ 2440835.164593358058482, 2471487.951082975137979 ], [ 2440835.164593358058482, 2471443.913053158205003 ], [ 2440879.201580823399127, 2471443.913053158205003 ], [ 2440879.201580823399127, 2471399.875023341272026 ], [ 2440879.201580823399127, 2471355.836993523873389 ], [ 2440879.201580823399127, 2471311.799881299491972 ], [ 2440879.201580823399127, 2471267.761851482558995 ], [ 2440835.164593358058482, 2471267.761851482558995 ], [ 2440791.127605892717838, 2471267.761851482558995 ], [ 2440747.090618427377194, 2471267.761851482558995 ], [ 2440747.090618427377194, 2471311.799881299491972 ], [ 2440703.05271339090541, 2471311.799881299491972 ], [ 2440703.05271339090541, 2471355.836993523873389 ], [ 2440703.05271339090541, 2471399.875023341272026 ], [ 2440659.015725925564766, 2471399.875023341272026 ], [ 2440614.978738460224122, 2471399.875023341272026 ], [ 2440614.978738460224122, 2471443.913053158205003 ], [ 2440570.941750994883478, 2471443.913053158205003 ], [ 2440570.941750994883478, 2471487.951082975137979 ], [ 2440526.904763530008495, 2471487.951082975137979 ], [ 2440482.866858493536711, 2471487.951082975137979 ], [ 2440482.866858493536711, 2471443.913053158205003 ], [ 2440438.829871028196067, 2471443.913053158205003 ], [ 2440438.829871028196067, 2471487.951082975137979 ], [ 2440394.792883562855422, 2471487.951082975137979 ], [ 2440394.792883562855422, 2471443.913053158205003 ], [ 2440350.755896097514778, 2471443.913053158205003 ], [ 2440350.755896097514778, 2471399.875023341272026 ], [ 2440350.755896097514778, 2471355.836993523873389 ], [ 2440350.755896097514778, 2471311.799881299491972 ], [ 2440306.718908632174134, 2471311.799881299491972 ], [ 2440306.718908632174134, 2471267.761851482558995 ], [ 2440262.68192116683349, 2471223.723821665160358 ], [ 2440218.644016130361706, 2471223.723821665160358 ], [ 2440174.607028665021062, 2471223.723821665160358 ], [ 2440174.607028665021062, 2471179.685791848227382 ], [ 2440130.570041199680418, 2471179.685791848227382 ], [ 2440130.570041199680418, 2471135.648679623845965 ], [ 2440174.607028665021062, 2471135.648679623845965 ], [ 2440130.570041199680418, 2471135.648679623845965 ], [ 2440130.570041199680418, 2471091.610649806912988 ], [ 2440130.570041199680418, 2471047.572619989514351 ], [ 2440086.533053734339774, 2471047.572619989514351 ], [ 2440086.533053734339774, 2471003.534590172581375 ], [ 2440042.496066269464791, 2471003.534590172581375 ], [ 2440042.496066269464791, 2470959.497477948199958 ], [ 2440042.496066269464791, 2470915.45944813080132 ], [ 2440042.496066269464791, 2470871.421418313868344 ], [ 2439998.458161232993007, 2470871.421418313868344 ], [ 2439998.458161232993007, 2470827.384306089486927 ], [ 2439998.458161232993007, 2470783.346276272553951 ], [ 2439998.458161232993007, 2470739.308246455155313 ], [ 2439998.458161232993007, 2470695.270216638222337 ], [ 2439998.458161232993007, 2470651.23310441384092 ], [ 2439954.421173767652363, 2470651.23310441384092 ], [ 2439998.458161232993007, 2470651.23310441384092 ], [ 2439998.458161232993007, 2470607.195074596907943 ], [ 2440042.496066269464791, 2470607.195074596907943 ], [ 2439998.458161232993007, 2470607.195074596907943 ], [ 2439998.458161232993007, 2470563.157044779509306 ], [ 2439998.458161232993007, 2470519.11901496257633 ], [ 2439998.458161232993007, 2470475.081902738194913 ], [ 2439998.458161232993007, 2470431.043872920796275 ], [ 2439954.421173767652363, 2470431.043872920796275 ], [ 2439954.421173767652363, 2470387.005843103863299 ], [ 2439910.384186302311718, 2470387.005843103863299 ], [ 2439910.384186302311718, 2470342.967813286930323 ], [ 2439910.384186302311718, 2470298.930701062548906 ], [ 2439866.347198836971074, 2470298.930701062548906 ], [ 2439910.384186302311718, 2470298.930701062548906 ], [ 2439910.384186302311718, 2470254.892671245150268 ], [ 2439866.347198836971074, 2470254.892671245150268 ], [ 2439866.347198836971074, 2470298.930701062548906 ], [ 2439822.31021137163043, 2470298.930701062548906 ], [ 2439822.31021137163043, 2470254.892671245150268 ], [ 2439822.31021137163043, 2470210.854641428217292 ], [ 2439866.347198836971074, 2470210.854641428217292 ], [ 2439822.31021137163043, 2470210.854641428217292 ], [ 2439822.31021137163043, 2470166.817529203835875 ], [ 2439866.347198836971074, 2470166.817529203835875 ], [ 2439866.347198836971074, 2470122.779499386437237 ], [ 2439866.347198836971074, 2470078.741469569504261 ], [ 2439822.31021137163043, 2470078.741469569504261 ], [ 2439822.31021137163043, 2470122.779499386437237 ], [ 2439822.31021137163043, 2470078.741469569504261 ], [ 2439778.273223906289786, 2470078.741469569504261 ], [ 2439734.235318869818002, 2470078.741469569504261 ], [ 2439734.235318869818002, 2470034.703439752571285 ], [ 2439778.273223906289786, 2470034.703439752571285 ], [ 2439778.273223906289786, 2469990.666327528189868 ], [ 2439734.235318869818002, 2469990.666327528189868 ], [ 2439778.273223906289786, 2469990.666327528189868 ], [ 2439734.235318869818002, 2469990.666327528189868 ], [ 2439734.235318869818002, 2469946.62829771079123 ], [ 2439734.235318869818002, 2469902.590267893858254 ], [ 2439778.273223906289786, 2469902.590267893858254 ], [ 2439734.235318869818002, 2469902.590267893858254 ], [ 2439690.198331404477358, 2469902.590267893858254 ], [ 2439734.235318869818002, 2469902.590267893858254 ], [ 2439734.235318869818002, 2469858.552238076925278 ], [ 2439734.235318869818002, 2469814.515125852543861 ], [ 2439690.198331404477358, 2469814.515125852543861 ], [ 2439690.198331404477358, 2469770.477096035145223 ], [ 2439690.198331404477358, 2469726.439066218212247 ], [ 2439690.198331404477358, 2469682.40195399383083 ], [ 2439690.198331404477358, 2469638.363924176432192 ], [ 2439690.198331404477358, 2469594.325894359499216 ], [ 2439690.198331404477358, 2469550.28786454256624 ], [ 2439690.198331404477358, 2469506.250752318184823 ], [ 2439690.198331404477358, 2469462.212722500786185 ], [ 2439690.198331404477358, 2469418.174692683853209 ], [ 2439690.198331404477358, 2469374.136662866454571 ], [ 2439734.235318869818002, 2469374.136662866454571 ], [ 2439734.235318869818002, 2469330.099550642538816 ], [ 2439734.235318869818002, 2469286.061520825140178 ], [ 2439734.235318869818002, 2469242.023491008207202 ], [ 2439778.273223906289786, 2469242.023491008207202 ], [ 2439778.273223906289786, 2469197.985461190808564 ], [ 2439822.31021137163043, 2469197.985461190808564 ], [ 2439822.31021137163043, 2469153.948348966427147 ], [ 2439822.31021137163043, 2469109.910319149494171 ], [ 2439866.347198836971074, 2469109.910319149494171 ], [ 2439866.347198836971074, 2469065.872289332561195 ], [ 2439822.31021137163043, 2469065.872289332561195 ], [ 2439822.31021137163043, 2469021.835177108179778 ], [ 2439822.31021137163043, 2468977.79714729078114 ], [ 2439822.31021137163043, 2468933.759117473848164 ], [ 2439778.273223906289786, 2468933.759117473848164 ], [ 2439822.31021137163043, 2468933.759117473848164 ], [ 2439778.273223906289786, 2468933.759117473848164 ], [ 2439822.31021137163043, 2468933.759117473848164 ], [ 2439778.273223906289786, 2468933.759117473848164 ], [ 2439778.273223906289786, 2468889.721087656449527 ], [ 2439778.273223906289786, 2468845.68397543206811 ], [ 2439778.273223906289786, 2468801.645945615135133 ], [ 2439778.273223906289786, 2468757.607915798202157 ], [ 2439778.273223906289786, 2468713.569885980803519 ], [ 2439734.235318869818002, 2468713.569885980803519 ], [ 2439690.198331404477358, 2468713.569885980803519 ], [ 2439690.198331404477358, 2468669.532773756422102 ], [ 2439646.161343939136714, 2468669.532773756422102 ], [ 2439602.12435647379607, 2468669.532773756422102 ], [ 2439602.12435647379607, 2468713.569885980803519 ], [ 2439558.087369008921087, 2468713.569885980803519 ], [ 2439558.087369008921087, 2468669.532773756422102 ], [ 2439558.087369008921087, 2468625.494743939489126 ], [ 2439514.049463972449303, 2468625.494743939489126 ], [ 2439514.049463972449303, 2468581.45671412255615 ], [ 2439514.049463972449303, 2468537.418684305157512 ], [ 2439514.049463972449303, 2468493.381572080776095 ], [ 2439514.049463972449303, 2468449.343542263843119 ], [ 2439514.049463972449303, 2468405.305512446444482 ], [ 2439514.049463972449303, 2468361.268400222063065 ], [ 2439558.087369008921087, 2468361.268400222063065 ], [ 2439558.087369008921087, 2468317.230370405130088 ], [ 2439602.12435647379607, 2468317.230370405130088 ], [ 2439602.12435647379607, 2468273.192340588197112 ], [ 2439558.087369008921087, 2468273.192340588197112 ], [ 2439514.049463972449303, 2468273.192340588197112 ], [ 2439470.012476507108659, 2468273.192340588197112 ], [ 2439470.012476507108659, 2468317.230370405130088 ], [ 2439470.012476507108659, 2468361.268400222063065 ], [ 2439425.975489041768014, 2468361.268400222063065 ], [ 2439425.975489041768014, 2468405.305512446444482 ], [ 2439381.93850157642737, 2468405.305512446444482 ], [ 2439381.93850157642737, 2468449.343542263843119 ], [ 2439381.93850157642737, 2468493.381572080776095 ], [ 2439337.901514111086726, 2468493.381572080776095 ], [ 2439337.901514111086726, 2468449.343542263843119 ], [ 2439293.863609074614942, 2468449.343542263843119 ], [ 2439293.863609074614942, 2468405.305512446444482 ], [ 2439249.826621609274298, 2468405.305512446444482 ], [ 2439249.826621609274298, 2468361.268400222063065 ], [ 2439249.826621609274298, 2468317.230370405130088 ], [ 2439205.789634143933654, 2468317.230370405130088 ], [ 2439205.789634143933654, 2468273.192340588197112 ], [ 2439249.826621609274298, 2468273.192340588197112 ], [ 2439249.826621609274298, 2468229.154310770798475 ], [ 2439205.789634143933654, 2468185.117198546417058 ], [ 2439249.826621609274298, 2468185.117198546417058 ], [ 2439205.789634143933654, 2468185.117198546417058 ], [ 2439249.826621609274298, 2468185.117198546417058 ], [ 2439249.826621609274298, 2468141.079168729484081 ], [ 2439205.789634143933654, 2468097.041138912085444 ], [ 2439205.789634143933654, 2468053.003109095152467 ], [ 2439205.789634143933654, 2468008.96599687077105 ], [ 2439249.826621609274298, 2468008.96599687077105 ], [ 2439205.789634143933654, 2468008.96599687077105 ], [ 2439205.789634143933654, 2467964.927967053838074 ], [ 2439205.789634143933654, 2467920.889937236439437 ], [ 2439161.75264667859301, 2467920.889937236439437 ], [ 2439161.75264667859301, 2467876.85282501205802 ], [ 2439117.715659213252366, 2467876.85282501205802 ], [ 2439073.678671748377383, 2467876.85282501205802 ], [ 2439073.678671748377383, 2467832.814795195125043 ], [ 2439029.640766711905599, 2467832.814795195125043 ], [ 2438985.603779246564955, 2467832.814795195125043 ], [ 2438985.603779246564955, 2467788.776765378192067 ], [ 2438985.603779246564955, 2467744.73873556079343 ], [ 2439029.640766711905599, 2467744.73873556079343 ], [ 2438985.603779246564955, 2467744.73873556079343 ], [ 2438985.603779246564955, 2467700.701623336412013 ], [ 2438985.603779246564955, 2467656.663593519479036 ], [ 2438985.603779246564955, 2467612.625563702080399 ], [ 2438985.603779246564955, 2467568.587533885147423 ], [ 2438985.603779246564955, 2467524.550421660766006 ], [ 2438941.56679178122431, 2467524.550421660766006 ], [ 2438941.56679178122431, 2467480.512391843833029 ], [ 2438897.529804315883666, 2467436.474362026434392 ], [ 2438897.529804315883666, 2467392.436332209501415 ], [ 2438897.529804315883666, 2467348.399219985119998 ], [ 2438897.529804315883666, 2467304.361190167721361 ], [ 2438897.529804315883666, 2467260.323160350788385 ], [ 2438897.529804315883666, 2467216.286048126406968 ], [ 2438985.603779246564955, 2467128.209988492075354 ], [ 2439073.678671748377383, 2466996.096816633827984 ], [ 2439117.715659213252366, 2466952.058786816429347 ], [ 2439161.75264667859301, 2466908.020756999496371 ], [ 2439205.789634143933654, 2466863.983644775114954 ], [ 2439249.826621609274298, 2466863.983644775114954 ], [ 2439293.863609074614942, 2466819.945614957716316 ], [ 2439337.901514111086726, 2466731.869555323850363 ], [ 2439381.93850157642737, 2466731.869555323850363 ], [ 2439425.975489041768014, 2466687.832443099468946 ], [ 2439470.012476507108659, 2466643.794413282070309 ], [ 2439514.049463972449303, 2466643.794413282070309 ], [ 2439690.198331404477358, 2466555.719271240755916 ], [ 2439778.273223906289786, 2466511.681241423822939 ], [ 2439822.31021137163043, 2466511.681241423822939 ], [ 2439910.384186302311718, 2466511.681241423822939 ], [ 2439954.421173767652363, 2466511.681241423822939 ] ] } },
{ "type": "Feature", "properties": { }, "geometry": { "type": "LineString", "coordinates": [ [ 2380636.368747656233609, 2466511.681241423822939 ], [ 2380680.405735121574253, 2466819.945614957716316 ], [ 2380724.442722586914897, 2467084.171958675142378 ], [ 2380724.442722586914897, 2467128.209988492075354 ], [ 2380724.442722586914897, 2467172.248018309473991 ], [ 2380724.442722586914897, 2467348.399219985119998 ], [ 2380724.442722586914897, 2467392.436332209501415 ], [ 2380900.591590019408613, 2468361.268400222063065 ], [ 2381076.73953988077119, 2469550.28786454256624 ], [ 2381340.963299814611673, 2471576.026225016918033 ], [ 2381473.074262210633606, 2472368.706173761282116 ], [ 2381561.149154712446034, 2472897.159778788220137 ], [ 2381605.186142177321017, 2472897.159778788220137 ], [ 2381605.186142177321017, 2472941.197808605618775 ], [ 2381605.186142177321017, 2472985.234920829534531 ], [ 2381649.223129642661661, 2472985.234920829534531 ], [ 2381693.260117108002305, 2472985.234920829534531 ], [ 2381737.297104573342949, 2473029.272950646933168 ], [ 2381781.334092038683593, 2473029.272950646933168 ], [ 2381825.371997075155377, 2473029.272950646933168 ], [ 2381869.408984540496022, 2473029.272950646933168 ], [ 2381913.445972005836666, 2473029.272950646933168 ], [ 2381957.48295947117731, 2473073.310980463866144 ], [ 2382001.519946936517954, 2473073.310980463866144 ], [ 2382045.557851972989738, 2473117.349010281264782 ], [ 2382045.557851972989738, 2473161.386122505646199 ], [ 2382089.594839437864721, 2473205.424152322579175 ], [ 2382089.594839437864721, 2473249.462182139512151 ], [ 2382133.631826903205365, 2473249.462182139512151 ], [ 2382133.631826903205365, 2473293.500211956910789 ], [ 2382177.668814368546009, 2473293.500211956910789 ], [ 2382221.705801833886653, 2473249.462182139512151 ], [ 2382265.743706870358437, 2473249.462182139512151 ], [ 2382309.780694335699081, 2473249.462182139512151 ], [ 2382353.817681801039726, 2473205.424152322579175 ], [ 2382397.85466926638037, 2473205.424152322579175 ], [ 2382441.891656731721014, 2473205.424152322579175 ], [ 2382485.928644197061658, 2473205.424152322579175 ], [ 2382485.928644197061658, 2473161.386122505646199 ], [ 2382485.928644197061658, 2473205.424152322579175 ], [ 2382529.966549233533442, 2473205.424152322579175 ], [ 2382574.003536698408425, 2473205.424152322579175 ], [ 2382618.040524163749069, 2473205.424152322579175 ], [ 2382662.077511629089713, 2473249.462182139512151 ], [ 2382662.077511629089713, 2473293.500211956910789 ], [ 2382706.114499094430357, 2473293.500211956910789 ], [ 2382706.114499094430357, 2473337.537324181292206 ], [ 2382750.152404130902141, 2473337.537324181292206 ], [ 2382794.189391596242785, 2473381.575353998225182 ], [ 2382838.22637906158343, 2473381.575353998225182 ], [ 2382838.22637906158343, 2473337.537324181292206 ], [ 2382882.263366526924074, 2473337.537324181292206 ], [ 2382882.263366526924074, 2473293.500211956910789 ], [ 2382926.300353992264718, 2473293.500211956910789 ], [ 2382926.300353992264718, 2473249.462182139512151 ], [ 2382926.300353992264718, 2473205.424152322579175 ], [ 2382970.338259028736502, 2473205.424152322579175 ], [ 2383014.375246494077146, 2473249.462182139512151 ], [ 2383014.375246494077146, 2473205.424152322579175 ], [ 2383058.41223395941779, 2473205.424152322579175 ], [ 2383058.41223395941779, 2473249.462182139512151 ], [ 2383058.41223395941779, 2473293.500211956910789 ], [ 2383058.41223395941779, 2473337.537324181292206 ], [ 2383102.449221424292773, 2473337.537324181292206 ], [ 2383146.486208889633417, 2473337.537324181292206 ], [ 2383190.523196354974061, 2473337.537324181292206 ], [ 2383234.561101391445845, 2473337.537324181292206 ], [ 2383234.561101391445845, 2473381.575353998225182 ], [ 2383278.598088856786489, 2473381.575353998225182 ], [ 2383278.598088856786489, 2473425.61338381562382 ], [ 2383278.598088856786489, 2473469.650496039539576 ], [ 2383278.598088856786489, 2473513.688525856938213 ], [ 2383278.598088856786489, 2473557.726555673871189 ], [ 2383322.635076322127134, 2473601.764585491269827 ], [ 2383322.635076322127134, 2473645.801697715651244 ], [ 2383366.672063787467778, 2473645.801697715651244 ], [ 2383410.709051252808422, 2473645.801697715651244 ], [ 2383410.709051252808422, 2473689.83972753258422 ], [ 2383454.746956289280206, 2473689.83972753258422 ], [ 2383454.746956289280206, 2473733.877757349982858 ], [ 2383498.78394375462085, 2473733.877757349982858 ], [ 2383498.78394375462085, 2473777.915787166915834 ], [ 2383542.820931219961494, 2473777.915787166915834 ], [ 2383586.857918684836477, 2473777.915787166915834 ], [ 2383630.894906150177121, 2473777.915787166915834 ], [ 2383630.894906150177121, 2473733.877757349982858 ], [ 2383674.932811186648905, 2473733.877757349982858 ], [ 2383718.969798651989549, 2473733.877757349982858 ], [ 2383718.969798651989549, 2473777.915787166915834 ], [ 2383763.006786117330194, 2473777.915787166915834 ], [ 2383763.006786117330194, 2473733.877757349982858 ], [ 2383807.043773582670838, 2473733.877757349982858 ], [ 2383807.043773582670838, 2473689.83972753258422 ], [ 2383807.043773582670838, 2473645.801697715651244 ], [ 2383851.080761048011482, 2473645.801697715651244 ], [ 2383851.080761048011482, 2473601.764585491269827 ], [ 2383895.117748513352126, 2473601.764585491269827 ], [ 2383895.117748513352126, 2473557.726555673871189 ], [ 2383895.117748513352126, 2473513.688525856938213 ], [ 2383895.117748513352126, 2473469.650496039539576 ], [ 2383939.15565354982391, 2473469.650496039539576 ], [ 2383939.15565354982391, 2473425.61338381562382 ], [ 2383983.192641015164554, 2473425.61338381562382 ], [ 2384027.229628480505198, 2473425.61338381562382 ], [ 2384071.266615945380181, 2473425.61338381562382 ], [ 2384071.266615945380181, 2473469.650496039539576 ], [ 2384115.303603410720825, 2473469.650496039539576 ], [ 2384159.341508447192609, 2473469.650496039539576 ], [ 2384203.378495912533253, 2473469.650496039539576 ], [ 2384247.415483377873898, 2473469.650496039539576 ], [ 2384247.415483377873898, 2473513.688525856938213 ], [ 2384291.452470843214542, 2473513.688525856938213 ], [ 2384335.489458308555186, 2473557.726555673871189 ], [ 2384335.489458308555186, 2473601.764585491269827 ], [ 2384379.52644577389583, 2473645.801697715651244 ], [ 2384423.564350810367614, 2473645.801697715651244 ], [ 2384467.601338275708258, 2473645.801697715651244 ], [ 2384511.638325741048902, 2473645.801697715651244 ], [ 2384511.638325741048902, 2473601.764585491269827 ], [ 2384555.675313206389546, 2473601.764585491269827 ], [ 2384599.712300671264529, 2473601.764585491269827 ], [ 2384555.675313206389546, 2473601.764585491269827 ], [ 2384555.675313206389546, 2473645.801697715651244 ], [ 2384599.712300671264529, 2473645.801697715651244 ], [ 2384643.750205707736313, 2473645.801697715651244 ], [ 2384687.787193173076957, 2473645.801697715651244 ], [ 2384687.787193173076957, 2473689.83972753258422 ], [ 2384731.824180638417602, 2473689.83972753258422 ], [ 2384775.861168103758246, 2473689.83972753258422 ], [ 2384775.861168103758246, 2473645.801697715651244 ], [ 2384775.861168103758246, 2473689.83972753258422 ], [ 2384819.89815556909889, 2473689.83972753258422 ], [ 2384863.936060605570674, 2473689.83972753258422 ], [ 2384863.936060605570674, 2473733.877757349982858 ], [ 2384907.973048070911318, 2473733.877757349982858 ], [ 2384952.010035536251962, 2473733.877757349982858 ], [ 2384952.010035536251962, 2473689.83972753258422 ], [ 2384996.047023001592606, 2473689.83972753258422 ], [ 2384996.047023001592606, 2473645.801697715651244 ], [ 2385040.08401046693325, 2473645.801697715651244 ], [ 2385040.08401046693325, 2473601.764585491269827 ], [ 2385084.120997931808233, 2473601.764585491269827 ], [ 2385084.120997931808233, 2473645.801697715651244 ], [ 2385128.158902968280017, 2473645.801697715651244 ], [ 2385172.195890433620661, 2473645.801697715651244 ], [ 2385216.232877898961306, 2473645.801697715651244 ], [ 2385260.26986536430195, 2473645.801697715651244 ], [ 2385260.26986536430195, 2473689.83972753258422 ], [ 2385304.306852829642594, 2473689.83972753258422 ], [ 2385304.306852829642594, 2473733.877757349982858 ], [ 2385348.344757866114378, 2473777.915787166915834 ], [ 2385392.381745331455022, 2473777.915787166915834 ], [ 2385392.381745331455022, 2473733.877757349982858 ], [ 2385436.418732796795666, 2473733.877757349982858 ], [ 2385436.418732796795666, 2473689.83972753258422 ], [ 2385436.418732796795666, 2473645.801697715651244 ], [ 2385436.418732796795666, 2473601.764585491269827 ], [ 2385480.45572026213631, 2473601.764585491269827 ], [ 2385524.492707727476954, 2473601.764585491269827 ], [ 2385568.530612763483077, 2473601.764585491269827 ], [ 2385612.567600228823721, 2473601.764585491269827 ], [ 2385656.604587694164366, 2473601.764585491269827 ], [ 2385700.64157515950501, 2473601.764585491269827 ], [ 2385700.64157515950501, 2473645.801697715651244 ], [ 2385744.678562624845654, 2473645.801697715651244 ], [ 2385788.715550090186298, 2473645.801697715651244 ], [ 2385832.753455126658082, 2473645.801697715651244 ], [ 2385876.790442591998726, 2473645.801697715651244 ], [ 2385876.790442591998726, 2473689.83972753258422 ], [ 2385920.82743005733937, 2473689.83972753258422 ], [ 2385920.82743005733937, 2473733.877757349982858 ], [ 2385920.82743005733937, 2473777.915787166915834 ], [ 2385920.82743005733937, 2473821.952899391297251 ], [ 2385920.82743005733937, 2473865.990929208230227 ], [ 2385920.82743005733937, 2473910.028959025628865 ], [ 2385920.82743005733937, 2473954.066071250010282 ], [ 2385964.864417522680014, 2473954.066071250010282 ], [ 2385964.864417522680014, 2473998.104101066943258 ], [ 2386008.901404988020658, 2473998.104101066943258 ], [ 2386008.901404988020658, 2473954.066071250010282 ], [ 2386052.939310024026781, 2473954.066071250010282 ], [ 2386096.976297489367425, 2473954.066071250010282 ], [ 2386141.01328495470807, 2473954.066071250010282 ], [ 2386141.01328495470807, 2473998.104101066943258 ], [ 2386141.01328495470807, 2474042.142130883876234 ], [ 2386141.01328495470807, 2474086.180160701274872 ], [ 2386096.976297489367425, 2474086.180160701274872 ], [ 2386096.976297489367425, 2474130.217272925656289 ], [ 2386096.976297489367425, 2474174.255302742589265 ], [ 2386052.939310024026781, 2474174.255302742589265 ], [ 2386052.939310024026781, 2474218.293332559987903 ], [ 2386052.939310024026781, 2474262.331362376920879 ], [ 2386096.976297489367425, 2474262.331362376920879 ], [ 2386096.976297489367425, 2474306.368474601302296 ], [ 2386141.01328495470807, 2474306.368474601302296 ], [ 2386185.050272420048714, 2474306.368474601302296 ], [ 2386229.087259885389358, 2474306.368474601302296 ], [ 2386229.087259885389358, 2474350.406504418235272 ], [ 2386273.125164921861142, 2474350.406504418235272 ], [ 2386317.162152387201786, 2474350.406504418235272 ], [ 2386361.19913985254243, 2474350.406504418235272 ], [ 2386361.19913985254243, 2474394.44453423563391 ], [ 2386405.236127317883074, 2474394.44453423563391 ], [ 2386405.236127317883074, 2474438.482564052566886 ], [ 2386449.273114783223718, 2474438.482564052566886 ], [ 2386449.273114783223718, 2474482.519676276948303 ], [ 2386449.273114783223718, 2474526.557706093881279 ], [ 2386405.236127317883074, 2474526.557706093881279 ], [ 2386405.236127317883074, 2474570.595735911279917 ], [ 2386405.236127317883074, 2474614.632848135661334 ], [ 2386449.273114783223718, 2474614.632848135661334 ], [ 2386449.273114783223718, 2474658.67087795259431 ], [ 2386493.310102248564363, 2474658.67087795259431 ], [ 2386537.348007284570485, 2474658.67087795259431 ], [ 2386537.348007284570485, 2474614.632848135661334 ], [ 2386581.384994749911129, 2474614.632848135661334 ], [ 2386581.384994749911129, 2474658.67087795259431 ], [ 2386625.421982215251774, 2474658.67087795259431 ], [ 2386669.458969680592418, 2474658.67087795259431 ], [ 2386713.495957145933062, 2474658.67087795259431 ], [ 2386757.533862182404846, 2474702.708907769992948 ], [ 2386801.57084964774549, 2474702.708907769992948 ], [ 2386801.57084964774549, 2474746.746937586925924 ], [ 2386801.57084964774549, 2474790.784049811307341 ], [ 2386801.57084964774549, 2474834.822079628240317 ], [ 2386801.57084964774549, 2474878.860109445638955 ], [ 2386801.57084964774549, 2474922.898139262571931 ], [ 2386757.533862182404846, 2474922.898139262571931 ], [ 2386757.533862182404846, 2474966.935251486953348 ], [ 2386713.495957145933062, 2475010.973281304351985 ], [ 2386669.458969680592418, 2475055.011311121284962 ], [ 2386669.458969680592418, 2475099.049340938217938 ], [ 2386669.458969680592418, 2475143.086453162599355 ], [ 2386713.495957145933062, 2475143.086453162599355 ], [ 2386713.495957145933062, 2475187.124482979997993 ], [ 2386713.495957145933062, 2475231.162512796930969 ], [ 2386757.533862182404846, 2475231.162512796930969 ], [ 2386757.533862182404846, 2475275.199625021312386 ], [ 2386757.533862182404846, 2475319.237654838245362 ], [ 2386757.533862182404846, 2475363.275684655644 ], [ 2386801.57084964774549, 2475363.275684655644 ], [ 2386801.57084964774549, 2475407.313714472576976 ], [ 2386845.607837113086134, 2475407.313714472576976 ], [ 2386845.607837113086134, 2475451.350826696958393 ], [ 2386889.644824578426778, 2475451.350826696958393 ], [ 2386889.644824578426778, 2475495.38885651435703 ], [ 2386933.681812043767422, 2475495.38885651435703 ], [ 2386977.719717079773545, 2475539.426886331290007 ], [ 2387021.756704545114189, 2475539.426886331290007 ], [ 2387021.756704545114189, 2475495.38885651435703 ], [ 2387065.793692010454834, 2475495.38885651435703 ], [ 2387065.793692010454834, 2475451.350826696958393 ], [ 2387109.830679475795478, 2475451.350826696958393 ], [ 2387109.830679475795478, 2475407.313714472576976 ], [ 2387153.867666941136122, 2475363.275684655644 ], [ 2387197.904654406476766, 2475363.275684655644 ], [ 2387197.904654406476766, 2475495.38885651435703 ], [ 2387241.94255944294855, 2475495.38885651435703 ], [ 2387462.128414340317249, 2475451.350826696958393 ], [ 2387506.165401805657893, 2475451.350826696958393 ], [ 2387550.202389270998538, 2475407.313714472576976 ], [ 2387638.276364201679826, 2475319.237654838245362 ], [ 2387682.31426923815161, 2475275.199625021312386 ], [ 2387726.351256703492254, 2475275.199625021312386 ], [ 2387946.537111600860953, 2475143.086453162599355 ], [ 2388122.68506146222353, 2475055.011311121284962 ], [ 2388298.833928894717246, 2474922.898139262571931 ], [ 2388342.87091636005789, 2474922.898139262571931 ], [ 2388386.907903825398535, 2474878.860109445638955 ], [ 2388474.982796326745301, 2474790.784049811307341 ], [ 2388519.019783792085946, 2474746.746937586925924 ], [ 2388563.05677125742659, 2474746.746937586925924 ], [ 2388607.093758722767234, 2474702.708907769992948 ], [ 2388695.168651224579662, 2474614.632848135661334 ], [ 2388739.205638689920306, 2474570.595735911279917 ], [ 2388871.317518657073379, 2474438.482564052566886 ], [ 2388959.391493587289006, 2474350.406504418235272 ], [ 2388959.391493587289006, 2474306.368474601302296 ], [ 2389003.42848105262965, 2474262.331362376920879 ], [ 2389047.465468517970294, 2474218.293332559987903 ], [ 2389091.502455983310938, 2474130.217272925656289 ], [ 2389091.502455983310938, 2474086.180160701274872 ], [ 2389135.540361019782722, 2474042.142130883876234 ], [ 2389179.577348485123366, 2473954.066071250010282 ], [ 2389223.61433595046401, 2473910.028959025628865 ], [ 2389223.61433595046401, 2473865.990929208230227 ], [ 2389267.651323415804654, 2473865.990929208230227 ], [ 2389311.688310881145298, 2473821.952899391297251 ], [ 2389311.688310881145298, 2473777.915787166915834 ], [ 2389355.726215917617083, 2473733.877757349982858 ], [ 2389399.763203382492065, 2473645.801697715651244 ], [ 2389443.80019084783271, 2473645.801697715651244 ], [ 2389487.837178313173354, 2473645.801697715651244 ], [ 2389531.874165778513998, 2473645.801697715651244 ], [ 2389575.912070814985782, 2473645.801697715651244 ], [ 2389663.98604574566707, 2473645.801697715651244 ], [ 2389708.023033211007714, 2473645.801697715651244 ], [ 2389752.060020676348358, 2473601.764585491269827 ], [ 2389796.097008141689003, 2473557.726555673871189 ], [ 2389796.097008141689003, 2473513.688525856938213 ], [ 2389796.097008141689003, 2473469.650496039539576 ], [ 2389840.134913178160787, 2473425.61338381562382 ], [ 2389840.134913178160787, 2473381.575353998225182 ], [ 2389884.171900643035769, 2473381.575353998225182 ], [ 2389884.171900643035769, 2473425.61338381562382 ], [ 2389928.208888108376414, 2473381.575353998225182 ], [ 2389972.245875573717058, 2473557.726555673871189 ], [ 2390280.506622973363847, 2473513.688525856938213 ], [ 2390324.543610438704491, 2473910.028959025628865 ], [ 2390368.580597903579473, 2473910.028959025628865 ], [ 2390500.691560299601406, 2473954.066071250010282 ], [ 2390544.72946533607319, 2473954.066071250010282 ], [ 2390676.840427732095122, 2473954.066071250010282 ], [ 2390985.10117513127625, 2473865.990929208230227 ], [ 2391249.324017494451255, 2473865.990929208230227 ], [ 2391293.361004959791899, 2473865.990929208230227 ], [ 2391909.880664615891874, 2473777.915787166915834 ], [ 2391953.918569652363658, 2473733.877757349982858 ], [ 2392218.141412015538663, 2473689.83972753258422 ], [ 2393451.181648899335414, 2473513.688525856938213 ], [ 2393495.218636364676058, 2473513.688525856938213 ], [ 2393539.255623830016702, 2473513.688525856938213 ], [ 2393671.367503797169775, 2473513.688525856938213 ], [ 2393715.404491262510419, 2473469.650496039539576 ], [ 2393935.590346159879118, 2473469.650496039539576 ], [ 2394287.88808102440089, 2473425.61338381562382 ], [ 2394508.07301835110411, 2473381.575353998225182 ], [ 2394728.258873248938471, 2473337.537324181292206 ], [ 2395124.593595578800887, 2473293.500211956910789 ], [ 2395168.630583044141531, 2473293.500211956910789 ], [ 2395212.667570509482175, 2473293.500211956910789 ], [ 2395256.705475545488298, 2473293.500211956910789 ], [ 2395300.742463010828942, 2473337.537324181292206 ], [ 2395300.742463010828942, 2473381.575353998225182 ], [ 2395344.779450476169586, 2473425.61338381562382 ], [ 2395432.853425406850874, 2474174.255302742589265 ], [ 2395476.891330443322659, 2474262.331362376920879 ], [ 2395873.225135202053934, 2474218.293332559987903 ], [ 2395961.300027703866363, 2474218.293332559987903 ], [ 2396005.337015169207007, 2474174.255302742589265 ], [ 2396269.55985753191635, 2474174.255302742589265 ], [ 2396269.55985753191635, 2474130.217272925656289 ], [ 2396357.633832462597638, 2474174.255302742589265 ], [ 2396445.708724964410067, 2474218.293332559987903 ], [ 2396489.745712429750711, 2474218.293332559987903 ], [ 2396533.782699895091355, 2474218.293332559987903 ], [ 2396577.819687360431999, 2474218.293332559987903 ], [ 2396577.819687360431999, 2474174.255302742589265 ], [ 2396621.856674825772643, 2474174.255302742589265 ], [ 2396621.856674825772643, 2474130.217272925656289 ], [ 2396621.856674825772643, 2474086.180160701274872 ], [ 2396665.894579862244427, 2473998.104101066943258 ], [ 2396665.894579862244427, 2473865.990929208230227 ], [ 2396665.894579862244427, 2473777.915787166915834 ], [ 2396753.968554792460054, 2473645.801697715651244 ], [ 2396798.005542257800698, 2473601.764585491269827 ], [ 2396798.005542257800698, 2473557.726555673871189 ], [ 2396798.005542257800698, 2473513.688525856938213 ], [ 2396842.042529723141342, 2473513.688525856938213 ], [ 2396886.080434759613127, 2473513.688525856938213 ], [ 2396930.117422224953771, 2473513.688525856938213 ], [ 2397018.191397155635059, 2473513.688525856938213 ], [ 2397062.228384620975703, 2473513.688525856938213 ], [ 2397194.340264588128775, 2473469.650496039539576 ], [ 2397238.377252053003758, 2473469.650496039539576 ], [ 2398295.269539075903594, 2473337.537324181292206 ], [ 2398515.454476402606815, 2473293.500211956910789 ], [ 2398691.603343835100532, 2473293.500211956910789 ], [ 2398867.752211267128587, 2473381.575353998225182 ], [ 2398867.752211267128587, 2473469.650496039539576 ], [ 2398999.864091234281659, 2474482.519676276948303 ], [ 2399131.975053630303591, 2475231.162512796930969 ], [ 2399131.975053630303591, 2475451.350826696958393 ], [ 2399220.049028560519218, 2475891.729289682582021 ], [ 2399352.160908527672291, 2477036.711641778703779 ], [ 2399440.234883458353579, 2477653.240388846956193 ], [ 2399440.234883458353579, 2477741.315530888736248 ], [ 2399484.272788494825363, 2477785.353560705669224 ], [ 2399484.272788494825363, 2477829.391590523067862 ], [ 2399484.272788494825363, 2477873.429620340000838 ], [ 2399704.458643392194062, 2478137.655964056961238 ], [ 2400012.718473220709711, 2478578.033509450033307 ], [ 2400100.792448151391, 2478666.109569084364921 ], [ 2400100.792448151391, 2478710.146681308746338 ], [ 2400144.829435616731644, 2478754.184711125679314 ], [ 2401333.832685035187751, 2478578.033509450033307 ], [ 2402126.502129694912583, 2478445.920337591320276 ], [ 2402566.873839490115643, 2478401.8823077743873 ], [ 2402875.133669318631291, 2478357.845195550005883 ], [ 2402875.133669318631291, 2478401.8823077743873 ], [ 2402875.133669318631291, 2478445.920337591320276 ], [ 2402919.170656783971936, 2478445.920337591320276 ], [ 2403887.988051305059344, 2478313.807165733072907 ], [ 2403976.062943806871772, 2478313.807165733072907 ], [ 2404064.136918737087399, 2478269.769135915674269 ], [ 2405517.363010518718511, 2478093.617934240028262 ], [ 2405517.363010518718511, 2478049.580822015646845 ], [ 2405649.474890485871583, 2477873.429620340000838 ], [ 2405737.548865416552871, 2477653.240388846956193 ], [ 2405781.585852881893516, 2477653.240388846956193 ], [ 2405869.660745383705944, 2477521.127216988708824 ], [ 2406045.808695244602859, 2477873.429620340000838 ], [ 2406221.957562677096575, 2477873.429620340000838 ], [ 2406354.069442644249648, 2477829.391590523067862 ], [ 2406530.217392505146563, 2477389.014045129995793 ], [ 2406618.292285006958991, 2477477.089187171310186 ], [ 2406706.36625993764028, 2477521.127216988708824 ], [ 2406706.36625993764028, 2477477.089187171310186 ], [ 2406706.36625993764028, 2477433.05115735437721 ], [ 2406706.36625993764028, 2477389.014045129995793 ], [ 2406706.36625993764028, 2477344.976015312597156 ], [ 2406706.36625993764028, 2477300.937985495664179 ], [ 2406662.329272472299635, 2477300.937985495664179 ], [ 2406706.36625993764028, 2477300.937985495664179 ], [ 2406706.36625993764028, 2477256.899955678731203 ], [ 2406706.36625993764028, 2477212.862843454349786 ], [ 2406750.403247402980924, 2477212.862843454349786 ], [ 2406750.403247402980924, 2477168.824813636951149 ], [ 2406750.403247402980924, 2477124.786783820018172 ], [ 2406794.441152439452708, 2477080.748754003085196 ], [ 2406838.478139904793352, 2477080.748754003085196 ], [ 2406838.478139904793352, 2477036.711641778703779 ], [ 2406882.515127370133996, 2477036.711641778703779 ], [ 2406926.55211483547464, 2476992.673611961305141 ], [ 2406926.55211483547464, 2476948.635582144372165 ], [ 2406970.589102300815284, 2476948.635582144372165 ], [ 2406970.589102300815284, 2476904.597552326973528 ], [ 2407014.627007336821407, 2476904.597552326973528 ], [ 2406970.589102300815284, 2476860.560440102592111 ], [ 2406970.589102300815284, 2476816.522410285659134 ], [ 2406970.589102300815284, 2476772.484380468726158 ], [ 2407014.627007336821407, 2476772.484380468726158 ], [ 2407014.627007336821407, 2476816.522410285659134 ], [ 2407014.627007336821407, 2476772.484380468726158 ], [ 2407058.663994802162051, 2476772.484380468726158 ], [ 2407058.663994802162051, 2476728.447268244344741 ], [ 2407014.627007336821407, 2476728.447268244344741 ], [ 2407014.627007336821407, 2476684.409238426946104 ], [ 2406970.589102300815284, 2476684.409238426946104 ], [ 2406970.589102300815284, 2476640.371208610013127 ], [ 2407014.627007336821407, 2476640.371208610013127 ], [ 2407014.627007336821407, 2476596.33317879261449 ], [ 2407014.627007336821407, 2476552.296066568233073 ], [ 2407058.663994802162051, 2476552.296066568233073 ], [ 2407058.663994802162051, 2476508.258036751300097 ], [ 2407058.663994802162051, 2476464.22000693436712 ], [ 2407102.700982267502695, 2476464.22000693436712 ], [ 2407102.700982267502695, 2476420.181977116968483 ], [ 2407146.737969732843339, 2476420.181977116968483 ], [ 2407146.737969732843339, 2476376.144864892587066 ], [ 2407146.737969732843339, 2476332.106835075654089 ], [ 2407146.737969732843339, 2476288.068805258721113 ], [ 2407190.774957198183984, 2476288.068805258721113 ], [ 2407190.774957198183984, 2476244.031693034339696 ], [ 2407190.774957198183984, 2476199.993663216941059 ], [ 2407234.811944663524628, 2476199.993663216941059 ], [ 2407234.811944663524628, 2476155.955633400008082 ], [ 2407234.811944663524628, 2476111.917603582609445 ], [ 2407234.811944663524628, 2476067.880491358228028 ], [ 2407234.811944663524628, 2476023.842461541295052 ], [ 2407278.849849699996412, 2475979.804431724362075 ], [ 2407278.849849699996412, 2475935.766401906963438 ], [ 2407278.849849699996412, 2475891.729289682582021 ], [ 2407278.849849699996412, 2475847.691259865649045 ], [ 2407322.886837165337056, 2475847.691259865649045 ], [ 2407322.886837165337056, 2475803.653230048716068 ], [ 2407366.9238246306777, 2475803.653230048716068 ], [ 2407366.9238246306777, 2475759.615200231317431 ], [ 2407322.886837165337056, 2475715.578088006936014 ], [ 2407322.886837165337056, 2475671.540058190003037 ], [ 2407322.886837165337056, 2475627.5020283726044 ], [ 2407322.886837165337056, 2475583.464916148222983 ], [ 2407322.886837165337056, 2475539.426886331290007 ], [ 2407322.886837165337056, 2475495.38885651435703 ], [ 2407366.9238246306777, 2475495.38885651435703 ], [ 2407410.960812096018344, 2475495.38885651435703 ], [ 2407410.960812096018344, 2475451.350826696958393 ], [ 2407410.960812096018344, 2475407.313714472576976 ], [ 2407454.997799561358988, 2475407.313714472576976 ], [ 2407499.035704597365111, 2475407.313714472576976 ], [ 2407499.035704597365111, 2475363.275684655644 ], [ 2407543.072692062705755, 2475363.275684655644 ], [ 2407543.072692062705755, 2475319.237654838245362 ], [ 2407587.109679528046399, 2475275.199625021312386 ], [ 2407587.109679528046399, 2475231.162512796930969 ], [ 2407543.072692062705755, 2475231.162512796930969 ], [ 2407543.072692062705755, 2475187.124482979997993 ], [ 2407587.109679528046399, 2475187.124482979997993 ], [ 2407587.109679528046399, 2475143.086453162599355 ], [ 2407631.146666993387043, 2475143.086453162599355 ], [ 2407587.109679528046399, 2475143.086453162599355 ], [ 2407587.109679528046399, 2475099.049340938217938 ], [ 2407587.109679528046399, 2475055.011311121284962 ], [ 2407587.109679528046399, 2475010.973281304351985 ], [ 2407631.146666993387043, 2475010.973281304351985 ], [ 2407675.183654458727688, 2475010.973281304351985 ], [ 2407719.221559495199472, 2475010.973281304351985 ], [ 2407719.221559495199472, 2474966.935251486953348 ], [ 2407763.258546960540116, 2474922.898139262571931 ], [ 2407763.258546960540116, 2474878.860109445638955 ], [ 2407807.29553442588076, 2474878.860109445638955 ], [ 2407807.29553442588076, 2474834.822079628240317 ], [ 2407851.332521891221404, 2474834.822079628240317 ], [ 2407851.332521891221404, 2474790.784049811307341 ], [ 2407895.369509356562048, 2474790.784049811307341 ], [ 2407895.369509356562048, 2474746.746937586925924 ], [ 2407939.406496821902692, 2474746.746937586925924 ], [ 2407939.406496821902692, 2474702.708907769992948 ], [ 2407983.444401857908815, 2474746.746937586925924 ], [ 2408027.481389323249459, 2474746.746937586925924 ], [ 2408027.481389323249459, 2474702.708907769992948 ], [ 2408071.518376788590103, 2474702.708907769992948 ], [ 2408115.555364253930748, 2474658.67087795259431 ], [ 2408159.592351719271392, 2474658.67087795259431 ], [ 2408159.592351719271392, 2474614.632848135661334 ], [ 2408203.630256755743176, 2474614.632848135661334 ], [ 2408203.630256755743176, 2474570.595735911279917 ], [ 2408247.66724422108382, 2474570.595735911279917 ], [ 2408247.66724422108382, 2474526.557706093881279 ], [ 2408291.704231686424464, 2474526.557706093881279 ], [ 2408335.741219151765108, 2474526.557706093881279 ], [ 2408335.741219151765108, 2474482.519676276948303 ], [ 2408379.778206617105752, 2474482.519676276948303 ], [ 2408379.778206617105752, 2474438.482564052566886 ], [ 2408423.815194082446396, 2474438.482564052566886 ], [ 2408423.815194082446396, 2474394.44453423563391 ], [ 2408467.853099118452519, 2474394.44453423563391 ], [ 2408511.890086583793163, 2474394.44453423563391 ], [ 2408511.890086583793163, 2474350.406504418235272 ], [ 2408555.927074049133807, 2474350.406504418235272 ], [ 2408555.927074049133807, 2474306.368474601302296 ], [ 2408599.964061514474452, 2474306.368474601302296 ], [ 2408599.964061514474452, 2474262.331362376920879 ], [ 2408644.001048979815096, 2474262.331362376920879 ], [ 2408644.001048979815096, 2474218.293332559987903 ], [ 2408644.001048979815096, 2474174.255302742589265 ], [ 2408688.03895401628688, 2474218.293332559987903 ], [ 2408732.075941481627524, 2474218.293332559987903 ], [ 2408776.112928946968168, 2474218.293332559987903 ], [ 2408820.149916412308812, 2474218.293332559987903 ], [ 2408864.186903877649456, 2474218.293332559987903 ], [ 2408908.224808913655579, 2474218.293332559987903 ], [ 2408952.261796378996223, 2474218.293332559987903 ], [ 2408952.261796378996223, 2474262.331362376920879 ], [ 2408996.298783844336867, 2474262.331362376920879 ], [ 2409040.335771309677511, 2474262.331362376920879 ], [ 2409040.335771309677511, 2474218.293332559987903 ], [ 2409084.372758775018156, 2474218.293332559987903 ], [ 2409084.372758775018156, 2474174.255302742589265 ], [ 2409128.4097462403588, 2474174.255302742589265 ], [ 2409128.4097462403588, 2474130.217272925656289 ], [ 2409128.4097462403588, 2474086.180160701274872 ], [ 2409172.447651276830584, 2474086.180160701274872 ], [ 2409172.447651276830584, 2474042.142130883876234 ], [ 2409216.484638742171228, 2474042.142130883876234 ], [ 2409216.484638742171228, 2473998.104101066943258 ], [ 2409260.521626207511872, 2473998.104101066943258 ], [ 2409304.558613672852516, 2473998.104101066943258 ], [ 2409304.558613672852516, 2474042.142130883876234 ], [ 2409348.59560113819316, 2474042.142130883876234 ], [ 2409348.59560113819316, 2474086.180160701274872 ], [ 2409392.633506174199283, 2474086.180160701274872 ], [ 2409392.633506174199283, 2474130.217272925656289 ], [ 2409436.670493639539927, 2474130.217272925656289 ], [ 2409436.670493639539927, 2474174.255302742589265 ], [ 2409436.670493639539927, 2474218.293332559987903 ], [ 2409480.707481104880571, 2474218.293332559987903 ], [ 2409524.744468570221215, 2474218.293332559987903 ], [ 2409568.78145603556186, 2474174.255302742589265 ], [ 2409568.78145603556186, 2474130.217272925656289 ], [ 2409568.78145603556186, 2474086.180160701274872 ], [ 2409568.78145603556186, 2474042.142130883876234 ], [ 2409568.78145603556186, 2473998.104101066943258 ], [ 2409568.78145603556186, 2473954.066071250010282 ], [ 2409524.744468570221215, 2473954.066071250010282 ], [ 2409524.744468570221215, 2473910.028959025628865 ], [ 2409480.707481104880571, 2473910.028959025628865 ], [ 2409480.707481104880571, 2473865.990929208230227 ], [ 2409524.744468570221215, 2473865.990929208230227 ], [ 2409524.744468570221215, 2473821.952899391297251 ], [ 2409568.78145603556186, 2473821.952899391297251 ], [ 2409612.819361072033644, 2473821.952899391297251 ], [ 2409656.856348537374288, 2473821.952899391297251 ], [ 2409656.856348537374288, 2473865.990929208230227 ], [ 2409656.856348537374288, 2473910.028959025628865 ], [ 2409700.893336002714932, 2473910.028959025628865 ], [ 2409744.930323468055576, 2473865.990929208230227 ], [ 2409744.930323468055576, 2473821.952899391297251 ], [ 2409744.930323468055576, 2473777.915787166915834 ], [ 2409788.96731093339622, 2473777.915787166915834 ], [ 2409788.96731093339622, 2473733.877757349982858 ], [ 2409833.004298398736864, 2473733.877757349982858 ], [ 2409833.004298398736864, 2473689.83972753258422 ], [ 2409833.004298398736864, 2473645.801697715651244 ], [ 2409833.004298398736864, 2473601.764585491269827 ], [ 2409877.042203434742987, 2473601.764585491269827 ], [ 2409877.042203434742987, 2473645.801697715651244 ], [ 2409921.079190900083631, 2473645.801697715651244 ], [ 2409921.079190900083631, 2473689.83972753258422 ], [ 2409921.079190900083631, 2473733.877757349982858 ], [ 2409965.116178365424275, 2473733.877757349982858 ], [ 2410009.15316583076492, 2473733.877757349982858 ], [ 2410009.15316583076492, 2473777.915787166915834 ], [ 2410053.190153296105564, 2473777.915787166915834 ], [ 2410097.228058332577348, 2473777.915787166915834 ], [ 2410141.265045797917992, 2473777.915787166915834 ], [ 2410185.302033263258636, 2473777.915787166915834 ], [ 2410229.33902072859928, 2473777.915787166915834 ], [ 2410229.33902072859928, 2473733.877757349982858 ], [ 2410273.376008193939924, 2473733.877757349982858 ], [ 2410317.413913230411708, 2473733.877757349982858 ], [ 2410317.413913230411708, 2473689.83972753258422 ], [ 2410361.450900695286691, 2473689.83972753258422 ], [ 2410405.487888160627335, 2473645.801697715651244 ], [ 2410449.524875625967979, 2473601.764585491269827 ], [ 2410493.561863091308624, 2473601.764585491269827 ], [ 2410493.561863091308624, 2473645.801697715651244 ], [ 2410537.598850556649268, 2473689.83972753258422 ], [ 2410537.598850556649268, 2473645.801697715651244 ], [ 2410581.636755593121052, 2473645.801697715651244 ], [ 2410581.636755593121052, 2473601.764585491269827 ], [ 2410625.673743058461696, 2473557.726555673871189 ], [ 2410625.673743058461696, 2473513.688525856938213 ], [ 2410625.673743058461696, 2473469.650496039539576 ], [ 2410625.673743058461696, 2473425.61338381562382 ], [ 2410669.71073052380234, 2473381.575353998225182 ], [ 2410669.71073052380234, 2473337.537324181292206 ], [ 2410669.71073052380234, 2473293.500211956910789 ], [ 2410713.747717989142984, 2473293.500211956910789 ], [ 2410713.747717989142984, 2473249.462182139512151 ], [ 2410757.784705454483628, 2473249.462182139512151 ], [ 2410801.822610490955412, 2473249.462182139512151 ], [ 2410801.822610490955412, 2473293.500211956910789 ], [ 2410801.822610490955412, 2473337.537324181292206 ], [ 2410845.859597955830395, 2473337.537324181292206 ], [ 2410845.859597955830395, 2473381.575353998225182 ], [ 2410845.859597955830395, 2473425.61338381562382 ], [ 2410889.896585421171039, 2473425.61338381562382 ], [ 2410933.933572886511683, 2473425.61338381562382 ], [ 2410977.970560351852328, 2473425.61338381562382 ], [ 2411022.008465388324112, 2473425.61338381562382 ], [ 2411022.008465388324112, 2473381.575353998225182 ], [ 2411022.008465388324112, 2473337.537324181292206 ], [ 2411022.008465388324112, 2473293.500211956910789 ], [ 2410977.970560351852328, 2473293.500211956910789 ], [ 2410977.970560351852328, 2473249.462182139512151 ], [ 2410977.970560351852328, 2473205.424152322579175 ], [ 2410977.970560351852328, 2473161.386122505646199 ], [ 2410977.970560351852328, 2473117.349010281264782 ], [ 2411022.008465388324112, 2473117.349010281264782 ], [ 2411022.008465388324112, 2473073.310980463866144 ], [ 2411022.008465388324112, 2473029.272950646933168 ], [ 2411066.045452853664756, 2473029.272950646933168 ], [ 2411066.045452853664756, 2472985.234920829534531 ], [ 2411110.0824403190054, 2472985.234920829534531 ], [ 2411154.119427784346044, 2472985.234920829534531 ], [ 2411198.156415249686688, 2472985.234920829534531 ], [ 2411242.193402715027332, 2472941.197808605618775 ], [ 2411286.231307751499116, 2472941.197808605618775 ], [ 2411286.231307751499116, 2472897.159778788220137 ], [ 2411330.268295216374099, 2472897.159778788220137 ], [ 2411330.268295216374099, 2472853.121748971287161 ], [ 2411330.268295216374099, 2472809.083719153888524 ], [ 2411330.268295216374099, 2472765.046606929507107 ], [ 2411330.268295216374099, 2472721.00857711257413 ], [ 2411330.268295216374099, 2472676.970547295641154 ], [ 2411330.268295216374099, 2472632.933435071259737 ], [ 2411330.268295216374099, 2472676.970547295641154 ], [ 2411286.231307751499116, 2472676.970547295641154 ], [ 2411242.193402715027332, 2472676.970547295641154 ], [ 2411198.156415249686688, 2472676.970547295641154 ], [ 2411198.156415249686688, 2472632.933435071259737 ], [ 2411198.156415249686688, 2472588.895405253861099 ], [ 2411242.193402715027332, 2472544.857375436928123 ], [ 2411242.193402715027332, 2472500.819345619529486 ], [ 2411198.156415249686688, 2472500.819345619529486 ], [ 2411198.156415249686688, 2472456.782233395148069 ], [ 2411154.119427784346044, 2472456.782233395148069 ], [ 2411110.0824403190054, 2472456.782233395148069 ], [ 2411066.045452853664756, 2472500.819345619529486 ], [ 2411066.045452853664756, 2472544.857375436928123 ], [ 2411022.008465388324112, 2472544.857375436928123 ], [ 2410977.970560351852328, 2472544.857375436928123 ], [ 2410933.933572886511683, 2472544.857375436928123 ], [ 2410933.933572886511683, 2472500.819345619529486 ], [ 2410889.896585421171039, 2472500.819345619529486 ], [ 2410845.859597955830395, 2472500.819345619529486 ], [ 2410845.859597955830395, 2472456.782233395148069 ], [ 2410845.859597955830395, 2472412.744203578215092 ], [ 2410889.896585421171039, 2472368.706173761282116 ], [ 2410889.896585421171039, 2472324.668143943883479 ], [ 2410889.896585421171039, 2472280.631031719502062 ], [ 2410933.933572886511683, 2472280.631031719502062 ], [ 2410977.970560351852328, 2472280.631031719502062 ], [ 2410977.970560351852328, 2472236.593001902569085 ], [ 2411022.008465388324112, 2472236.593001902569085 ], [ 2411022.008465388324112, 2472192.554972085170448 ], [ 2411066.045452853664756, 2472192.554972085170448 ], [ 2411066.045452853664756, 2472148.516942268237472 ], [ 2411110.0824403190054, 2472148.516942268237472 ], [ 2411110.0824403190054, 2472104.479830043856055 ], [ 2411154.119427784346044, 2472104.479830043856055 ], [ 2411154.119427784346044, 2472060.441800226923078 ], [ 2411198.156415249686688, 2472016.403770409524441 ], [ 2411198.156415249686688, 2471972.366658185143024 ], [ 2411242.193402715027332, 2471972.366658185143024 ], [ 2411242.193402715027332, 2471928.328628368210047 ], [ 2411242.193402715027332, 2471884.290598551277071 ], [ 2411286.231307751499116, 2471840.252568733878434 ], [ 2411286.231307751499116, 2471796.215456509497017 ], [ 2411330.268295216374099, 2471796.215456509497017 ], [ 2411330.268295216374099, 2471752.17742669256404 ], [ 2411374.305282681714743, 2471752.17742669256404 ], [ 2411374.305282681714743, 2471708.139396875165403 ], [ 2411374.305282681714743, 2471664.101367058232427 ], [ 2411374.305282681714743, 2471620.06425483385101 ], [ 2411418.342270147055387, 2471620.06425483385101 ], [ 2411418.342270147055387, 2471576.026225016918033 ], [ 2411418.342270147055387, 2471531.988195199519396 ], [ 2411462.379257612396032, 2471531.988195199519396 ], [ 2411462.379257612396032, 2471487.951082975137979 ], [ 2411506.417162648867816, 2471443.913053158205003 ], [ 2411506.417162648867816, 2471399.875023341272026 ], [ 2411462.379257612396032, 2471399.875023341272026 ], [ 2411462.379257612396032, 2471355.836993523873389 ], [ 2411418.342270147055387, 2471355.836993523873389 ], [ 2411418.342270147055387, 2471311.799881299491972 ], [ 2411418.342270147055387, 2471267.761851482558995 ], [ 2411374.305282681714743, 2471267.761851482558995 ], [ 2411374.305282681714743, 2471223.723821665160358 ], [ 2411418.342270147055387, 2471223.723821665160358 ], [ 2411462.379257612396032, 2471223.723821665160358 ], [ 2411506.417162648867816, 2471223.723821665160358 ], [ 2411506.417162648867816, 2471179.685791848227382 ], [ 2411550.45415011420846, 2471179.685791848227382 ], [ 2411550.45415011420846, 2471135.648679623845965 ], [ 2411550.45415011420846, 2471091.610649806912988 ], [ 2411594.491137579549104, 2471047.572619989514351 ], [ 2411638.528125044889748, 2471047.572619989514351 ], [ 2411682.565112510230392, 2471047.572619989514351 ], [ 2411682.565112510230392, 2471091.610649806912988 ], [ 2411726.603017546702176, 2471091.610649806912988 ], [ 2411726.603017546702176, 2471135.648679623845965 ], [ 2411770.64000501204282, 2471135.648679623845965 ], [ 2411814.676992476917803, 2471135.648679623845965 ], [ 2411814.676992476917803, 2471179.685791848227382 ], [ 2411858.713979942258447, 2471179.685791848227382 ], [ 2411858.713979942258447, 2471135.648679623845965 ], [ 2411858.713979942258447, 2471091.610649806912988 ], [ 2411858.713979942258447, 2471047.572619989514351 ], [ 2411858.713979942258447, 2471003.534590172581375 ], [ 2411858.713979942258447, 2470959.497477948199958 ], [ 2411858.713979942258447, 2470915.45944813080132 ], [ 2411902.750967407599092, 2470915.45944813080132 ], [ 2411902.750967407599092, 2470871.421418313868344 ], [ 2411946.787954872939736, 2470871.421418313868344 ], [ 2411990.82585990941152, 2470871.421418313868344 ], [ 2411990.82585990941152, 2470827.384306089486927 ], [ 2412034.862847374752164, 2470827.384306089486927 ], [ 2412078.899834840092808, 2470827.384306089486927 ], [ 2412078.899834840092808, 2470871.421418313868344 ], [ 2412122.936822305433452, 2470871.421418313868344 ], [ 2412166.973809770774096, 2470871.421418313868344 ], [ 2412166.973809770774096, 2470915.45944813080132 ], [ 2412211.01171480724588, 2470915.45944813080132 ], [ 2412211.01171480724588, 2470871.421418313868344 ], [ 2412255.048702272586524, 2470871.421418313868344 ], [ 2412255.048702272586524, 2470827.384306089486927 ], [ 2412299.085689737461507, 2470827.384306089486927 ], [ 2412299.085689737461507, 2470783.346276272553951 ], [ 2412343.122677202802151, 2470783.346276272553951 ], [ 2412343.122677202802151, 2470739.308246455155313 ], [ 2412387.159664668142796, 2470739.308246455155313 ], [ 2412387.159664668142796, 2470695.270216638222337 ], [ 2412431.19665213348344, 2470695.270216638222337 ], [ 2412431.19665213348344, 2470651.23310441384092 ], [ 2412431.19665213348344, 2470607.195074596907943 ], [ 2412475.234557169955224, 2470607.195074596907943 ], [ 2412475.234557169955224, 2470563.157044779509306 ], [ 2412519.271544635295868, 2470563.157044779509306 ], [ 2412519.271544635295868, 2470519.11901496257633 ], [ 2412563.308532100636512, 2470519.11901496257633 ], [ 2412607.345519565977156, 2470519.11901496257633 ], [ 2412651.3825070313178, 2470519.11901496257633 ], [ 2412695.420412067789584, 2470519.11901496257633 ], [ 2412695.420412067789584, 2470563.157044779509306 ], [ 2412739.457399533130229, 2470563.157044779509306 ], [ 2412739.457399533130229, 2470607.195074596907943 ], [ 2412783.494386998470873, 2470607.195074596907943 ], [ 2412783.494386998470873, 2470563.157044779509306 ], [ 2412783.494386998470873, 2470519.11901496257633 ], [ 2412783.494386998470873, 2470475.081902738194913 ], [ 2412783.494386998470873, 2470431.043872920796275 ], [ 2412783.494386998470873, 2470387.005843103863299 ], [ 2412739.457399533130229, 2470387.005843103863299 ], [ 2412739.457399533130229, 2470342.967813286930323 ], [ 2412783.494386998470873, 2470342.967813286930323 ], [ 2412827.531374463811517, 2470342.967813286930323 ], [ 2412827.531374463811517, 2470387.005843103863299 ], [ 2412871.5683619286865, 2470387.005843103863299 ], [ 2412915.606266965158284, 2470387.005843103863299 ], [ 2412959.643254430498928, 2470431.043872920796275 ], [ 2412915.606266965158284, 2470431.043872920796275 ], [ 2412915.606266965158284, 2470475.081902738194913 ], [ 2412915.606266965158284, 2470519.11901496257633 ], [ 2412915.606266965158284, 2470563.157044779509306 ], [ 2412915.606266965158284, 2470607.195074596907943 ], [ 2412959.643254430498928, 2470607.195074596907943 ], [ 2412959.643254430498928, 2470563.157044779509306 ], [ 2413003.680241895839572, 2470563.157044779509306 ], [ 2413003.680241895839572, 2470519.11901496257633 ], [ 2413003.680241895839572, 2470475.081902738194913 ], [ 2413003.680241895839572, 2470431.043872920796275 ], [ 2413003.680241895839572, 2470387.005843103863299 ], [ 2412959.643254430498928, 2470387.005843103863299 ], [ 2412959.643254430498928, 2470342.967813286930323 ], [ 2412959.643254430498928, 2470298.930701062548906 ], [ 2413003.680241895839572, 2470298.930701062548906 ], [ 2413003.680241895839572, 2470342.967813286930323 ], [ 2413047.717229361180216, 2470342.967813286930323 ], [ 2413091.75421682652086, 2470342.967813286930323 ], [ 2413091.75421682652086, 2470387.005843103863299 ], [ 2413135.791204291861504, 2470387.005843103863299 ], [ 2413179.829109328333288, 2470387.005843103863299 ], [ 2413223.866096793673933, 2470387.005843103863299 ], [ 2413223.866096793673933, 2470342.967813286930323 ], [ 2413267.903084259014577, 2470342.967813286930323 ], [ 2413267.903084259014577, 2470387.005843103863299 ], [ 2413267.903084259014577, 2470431.043872920796275 ], [ 2413267.903084259014577, 2470475.081902738194913 ], [ 2413311.94007172388956, 2470475.081902738194913 ], [ 2413311.94007172388956, 2470519.11901496257633 ], [ 2413311.94007172388956, 2470563.157044779509306 ], [ 2413355.977059189230204, 2470563.157044779509306 ], [ 2413355.977059189230204, 2470607.195074596907943 ], [ 2413355.977059189230204, 2470651.23310441384092 ], [ 2413355.977059189230204, 2470695.270216638222337 ], [ 2413355.977059189230204, 2470739.308246455155313 ], [ 2413400.014964225701988, 2470739.308246455155313 ], [ 2413444.051951691042632, 2470739.308246455155313 ], [ 2413444.051951691042632, 2470695.270216638222337 ], [ 2413488.088939156383276, 2470695.270216638222337 ], [ 2413488.088939156383276, 2470651.23310441384092 ], [ 2413488.088939156383276, 2470607.195074596907943 ], [ 2413532.12592662172392, 2470607.195074596907943 ], [ 2413532.12592662172392, 2470563.157044779509306 ], [ 2413532.12592662172392, 2470519.11901496257633 ], [ 2413488.088939156383276, 2470519.11901496257633 ], [ 2413532.12592662172392, 2470475.081902738194913 ], [ 2413532.12592662172392, 2470431.043872920796275 ], [ 2413532.12592662172392, 2470387.005843103863299 ], [ 2413576.162914087064564, 2470387.005843103863299 ], [ 2413620.200819123536348, 2470387.005843103863299 ], [ 2413664.237806588876992, 2470387.005843103863299 ], [ 2413664.237806588876992, 2470431.043872920796275 ], [ 2413664.237806588876992, 2470475.081902738194913 ], [ 2413708.274794054217637, 2470519.11901496257633 ], [ 2413752.311781519558281, 2470519.11901496257633 ], [ 2413796.348768984898925, 2470519.11901496257633 ], [ 2413840.385756449773908, 2470519.11901496257633 ], [ 2413884.423661486245692, 2470519.11901496257633 ], [ 2413928.460648951586336, 2470519.11901496257633 ], [ 2413972.49763641692698, 2470519.11901496257633 ], [ 2413972.49763641692698, 2470475.081902738194913 ], [ 2414016.534623882267624, 2470475.081902738194913 ], [ 2414060.571611347608268, 2470475.081902738194913 ], [ 2414104.609516384080052, 2470475.081902738194913 ], [ 2414148.646503849420696, 2470475.081902738194913 ], [ 2414148.646503849420696, 2470431.043872920796275 ], [ 2414192.683491314761341, 2470431.043872920796275 ], [ 2414236.720478780101985, 2470431.043872920796275 ], [ 2414280.757466245442629, 2470431.043872920796275 ], [ 2414280.757466245442629, 2470387.005843103863299 ], [ 2414324.795371281448752, 2470387.005843103863299 ], [ 2414368.832358746789396, 2470387.005843103863299 ], [ 2414368.832358746789396, 2470342.967813286930323 ], [ 2414412.86934621213004, 2470298.930701062548906 ], [ 2414412.86934621213004, 2470254.892671245150268 ], [ 2414456.906333677470684, 2470254.892671245150268 ], [ 2414456.906333677470684, 2470210.854641428217292 ], [ 2414500.943321142811328, 2470210.854641428217292 ], [ 2414500.943321142811328, 2470166.817529203835875 ], [ 2414500.943321142811328, 2470122.779499386437237 ], [ 2414500.943321142811328, 2470078.741469569504261 ], [ 2414456.906333677470684, 2470078.741469569504261 ], [ 2414456.906333677470684, 2470034.703439752571285 ], [ 2414456.906333677470684, 2469990.666327528189868 ], [ 2414456.906333677470684, 2469946.62829771079123 ], [ 2414456.906333677470684, 2469902.590267893858254 ], [ 2414456.906333677470684, 2469858.552238076925278 ], [ 2414500.943321142811328, 2469858.552238076925278 ], [ 2414500.943321142811328, 2469814.515125852543861 ], [ 2414456.906333677470684, 2469814.515125852543861 ], [ 2414456.906333677470684, 2469770.477096035145223 ], [ 2414500.943321142811328, 2469770.477096035145223 ], [ 2414500.943321142811328, 2469726.439066218212247 ], [ 2414544.980308608151972, 2469726.439066218212247 ], [ 2414544.980308608151972, 2469682.40195399383083 ], [ 2414589.018213644623756, 2469682.40195399383083 ], [ 2414589.018213644623756, 2469638.363924176432192 ], [ 2414544.980308608151972, 2469638.363924176432192 ], [ 2414589.018213644623756, 2469638.363924176432192 ], [ 2414589.018213644623756, 2469594.325894359499216 ], [ 2414633.055201109964401, 2469594.325894359499216 ], [ 2414633.055201109964401, 2469638.363924176432192 ], [ 2414633.055201109964401, 2469594.325894359499216 ], [ 2414677.092188575305045, 2469594.325894359499216 ], [ 2414721.129176040645689, 2469594.325894359499216 ], [ 2414765.166163505986333, 2469594.325894359499216 ], [ 2414765.166163505986333, 2469638.363924176432192 ], [ 2414721.129176040645689, 2469638.363924176432192 ], [ 2414721.129176040645689, 2469682.40195399383083 ], [ 2414721.129176040645689, 2469726.439066218212247 ], [ 2414677.092188575305045, 2469858.552238076925278 ], [ 2414677.092188575305045, 2469902.590267893858254 ], [ 2414677.092188575305045, 2469946.62829771079123 ], [ 2414633.055201109964401, 2470122.779499386437237 ], [ 2414633.055201109964401, 2470254.892671245150268 ], [ 2414633.055201109964401, 2470298.930701062548906 ], [ 2414677.092188575305045, 2470342.967813286930323 ], [ 2414765.166163505986333, 2470563.157044779509306 ], [ 2414765.166163505986333, 2470607.195074596907943 ], [ 2414853.2410560073331, 2470739.308246455155313 ], [ 2414853.2410560073331, 2470783.346276272553951 ], [ 2414897.278043472673744, 2470871.421418313868344 ], [ 2414941.315030938014388, 2470959.497477948199958 ], [ 2414941.315030938014388, 2471003.534590172581375 ], [ 2414985.352018403355032, 2471135.648679623845965 ], [ 2415029.389923439826816, 2471179.685791848227382 ], [ 2415249.574860766530037, 2471355.836993523873389 ], [ 2415293.61276580253616, 2471355.836993523873389 ], [ 2415425.723728198558092, 2471487.951082975137979 ], [ 2415513.79862070037052, 2471531.988195199519396 ], [ 2415557.835608165711164, 2471576.026225016918033 ], [ 2415601.872595631051809, 2471620.06425483385101 ], [ 2415645.909583096392453, 2471620.06425483385101 ], [ 2415689.946570561733097, 2471664.101367058232427 ], [ 2415733.98447559773922, 2471708.139396875165403 ], [ 2415822.058450528420508, 2471796.215456509497017 ], [ 2415910.132425459101796, 2471840.252568733878434 ], [ 2415954.16941292444244, 2471840.252568733878434 ], [ 2415998.207317960914224, 2471840.252568733878434 ], [ 2416042.244305426254869, 2471840.252568733878434 ], [ 2416086.281292891595513, 2471884.290598551277071 ], [ 2416130.318280356936157, 2471884.290598551277071 ], [ 2416130.318280356936157, 2471840.252568733878434 ], [ 2416262.430160323623568, 2471840.252568733878434 ], [ 2416262.430160323623568, 2471752.17742669256404 ], [ 2416262.430160323623568, 2471708.139396875165403 ], [ 2416482.616015221457928, 2471664.101367058232427 ], [ 2416834.91283251484856, 2471620.06425483385101 ], [ 2416878.949819980189204, 2471664.101367058232427 ], [ 2416878.949819980189204, 2471708.139396875165403 ], [ 2416878.949819980189204, 2471752.17742669256404 ], [ 2416878.949819980189204, 2471796.215456509497017 ], [ 2416922.987725016660988, 2471840.252568733878434 ], [ 2416922.987725016660988, 2471884.290598551277071 ], [ 2416922.987725016660988, 2471928.328628368210047 ], [ 2416922.987725016660988, 2471972.366658185143024 ], [ 2416922.987725016660988, 2472016.403770409524441 ], [ 2416922.987725016660988, 2472104.479830043856055 ], [ 2417011.061699947342277, 2472148.516942268237472 ], [ 2417011.061699947342277, 2472192.554972085170448 ], [ 2416967.024712482001632, 2472280.631031719502062 ], [ 2416967.024712482001632, 2472324.668143943883479 ], [ 2417011.061699947342277, 2472368.706173761282116 ], [ 2417011.061699947342277, 2472412.744203578215092 ], [ 2417011.061699947342277, 2472456.782233395148069 ], [ 2417011.061699947342277, 2472500.819345619529486 ], [ 2416967.024712482001632, 2472500.819345619529486 ], [ 2416834.91283251484856, 2472721.00857711257413 ], [ 2416834.91283251484856, 2472765.046606929507107 ], [ 2416790.875845049507916, 2472809.083719153888524 ], [ 2416746.838857584167272, 2472853.121748971287161 ], [ 2416746.838857584167272, 2472985.234920829534531 ], [ 2416702.801870118826628, 2473073.310980463866144 ], [ 2416658.763965082820505, 2473117.349010281264782 ], [ 2416658.763965082820505, 2473205.424152322579175 ], [ 2416658.763965082820505, 2473293.500211956910789 ], [ 2416658.763965082820505, 2473381.575353998225182 ], [ 2416790.875845049507916, 2473689.83972753258422 ], [ 2416790.875845049507916, 2473777.915787166915834 ], [ 2416878.949819980189204, 2473954.066071250010282 ], [ 2416967.024712482001632, 2474086.180160701274872 ], [ 2417055.098687412682921, 2474350.406504418235272 ], [ 2417143.172662343364209, 2474614.632848135661334 ], [ 2417143.172662343364209, 2474658.67087795259431 ], [ 2417143.172662343364209, 2474746.746937586925924 ], [ 2417099.135674878023565, 2474834.822079628240317 ], [ 2417099.135674878023565, 2474878.860109445638955 ], [ 2417143.172662343364209, 2475099.049340938217938 ], [ 2417143.172662343364209, 2475143.086453162599355 ], [ 2417099.135674878023565, 2475231.162512796930969 ], [ 2417099.135674878023565, 2475275.199625021312386 ], [ 2417099.135674878023565, 2475319.237654838245362 ], [ 2417055.098687412682921, 2475363.275684655644 ], [ 2417055.098687412682921, 2475407.313714472576976 ], [ 2417011.061699947342277, 2475451.350826696958393 ], [ 2417055.098687412682921, 2475495.38885651435703 ], [ 2417055.098687412682921, 2475759.615200231317431 ], [ 2417099.135674878023565, 2475847.691259865649045 ], [ 2417099.135674878023565, 2475891.729289682582021 ], [ 2417143.172662343364209, 2476023.842461541295052 ], [ 2417187.210567379370332, 2476067.880491358228028 ], [ 2417231.247554844710976, 2476155.955633400008082 ], [ 2417231.247554844710976, 2476199.993663216941059 ], [ 2417231.247554844710976, 2476244.031693034339696 ], [ 2417187.210567379370332, 2476288.068805258721113 ], [ 2417143.172662343364209, 2476288.068805258721113 ], [ 2417099.135674878023565, 2476288.068805258721113 ], [ 2416570.689990152139217, 2476552.296066568233073 ], [ 2416658.763965082820505, 2477168.824813636951149 ], [ 2416922.987725016660988, 2477124.786783820018172 ], [ 2416967.024712482001632, 2477256.899955678731203 ], [ 2416967.024712482001632, 2477300.937985495664179 ], [ 2417011.061699947342277, 2477653.240388846956193 ], [ 2417055.098687412682921, 2477917.466732564382255 ], [ 2417099.135674878023565, 2478181.693993874359876 ], [ 2417099.135674878023565, 2478666.109569084364921 ], [ 2417099.135674878023565, 2478842.260770760010928 ], [ 2417143.172662343364209, 2478930.335912801325321 ], [ 2417143.172662343364209, 2478974.373942618723959 ], [ 2417187.210567379370332, 2479590.902689687442034 ], [ 2417231.247554844710976, 2479590.902689687442034 ] ] } },
{ "type": "Feature", "properties": { }, "geometry": { "type": "LineString", "coordinates": [ [ 2417231.247554844710976, 2479590.902689687442034 ], [ 2417275.28454231005162, 2479634.940719504375011 ], [ 2417275.28454231005162, 2479678.978749321307987 ], [ 2417319.321529775392264, 2480119.356294714380056 ], [ 2417275.28454231005162, 2480163.394324531778693 ], [ 2417231.247554844710976, 2480163.394324531778693 ], [ 2417231.247554844710976, 2480339.5455262074247 ], [ 2417319.321529775392264, 2480779.923071600031108 ], [ 2417319.321529775392264, 2480823.961101417429745 ], [ 2417363.358517240732908, 2481176.2625871761702 ], [ 2417363.358517240732908, 2481220.300616993103176 ], [ 2417407.396422277204692, 2481528.564990527462214 ], [ 2417495.470397207885981, 2481484.527878303080797 ], [ 2417495.470397207885981, 2481616.641050161793828 ], [ 2417495.470397207885981, 2481660.679079978726804 ], [ 2417539.507384673226625, 2481792.792251837439835 ], [ 2417583.544372138567269, 2481836.829364061821252 ], [ 2417583.544372138567269, 2481880.867393878754228 ], [ 2417583.544372138567269, 2482012.980565737467259 ], [ 2417583.544372138567269, 2482057.018595554400235 ], [ 2417627.582277175039053, 2482321.244939271826297 ], [ 2417671.619264639914036, 2482629.510230398736894 ], [ 2417715.65625210525468, 2482629.510230398736894 ], [ 2417759.693239570595324, 2483113.925805608741939 ], [ 2417803.730227035935968, 2483202.000947650521994 ], [ 2417979.879094468429685, 2483202.000947650521994 ], [ 2418023.916081933770329, 2483202.000947650521994 ], [ 2418552.361766659654677, 2483113.925805608741939 ], [ 2418596.399671696126461, 2483113.925805608741939 ], [ 2418948.696488989517093, 2483069.887775791808963 ] ] } },
{ "type": "Feature", "properties": { }, "geometry": { "type": "LineString", "coordinates": [ [ 2401465.944565002340823, 2512487.127444523386657 ], [ 2401509.981552467681468, 2512487.127444523386657 ], [ 2401554.018539933022112, 2512487.127444523386657 ], [ 2401642.093432434368879, 2512487.127444523386657 ], [ 2401686.130419899709523, 2512443.089414706453681 ], [ 2401862.279287332203239, 2512443.089414706453681 ], [ 2401994.390249728225172, 2512399.051384889520705 ], [ 2402258.613092090934515, 2512399.051384889520705 ], [ 2402522.83593445410952, 2512355.013355072122067 ], [ 2402831.096681853290647, 2512310.97624284774065 ], [ 2403051.282536750659347, 2512266.938213030807674 ], [ 2403095.319524216, 2512266.938213030807674 ], [ 2403139.356511681340635, 2512266.938213030807674 ], [ 2403315.505379113834351, 2512222.900183213409036 ], [ 2403447.616341509856284, 2512222.900183213409036 ], [ 2403623.765208941884339, 2512178.863070989027619 ], [ 2403799.914076374378055, 2512178.863070989027619 ], [ 2403932.025038770399988, 2512134.825041172094643 ], [ 2404108.173906202428043, 2512134.825041172094643 ], [ 2404284.322773634921759, 2512090.787011355161667 ], [ 2404372.396748565603048, 2512090.787011355161667 ], [ 2404548.545615997631103, 2512046.748981537763029 ], [ 2404724.694483430124819, 2512046.748981537763029 ], [ 2404812.768458360806108, 2512002.711869313381612 ], [ 2405297.177155621349812, 2511958.673839496448636 ], [ 2405341.214143086690456, 2511958.673839496448636 ], [ 2405385.25204812316224, 2511914.635809679049999 ], [ 2405429.289035588502884, 2511914.635809679049999 ], [ 2405473.326023053843528, 2511870.597779862117022 ], [ 2405429.289035588502884, 2511958.673839496448636 ], [ 2407146.737969732843339, 2511738.484608003403991 ], [ 2407190.774957198183984, 2511694.447495779022574 ], [ 2407278.849849699996412, 2511694.447495779022574 ], [ 2407322.886837165337056, 2511694.447495779022574 ], [ 2407410.960812096018344, 2511694.447495779022574 ], [ 2407499.035704597365111, 2511650.409465962089598 ], [ 2407543.072692062705755, 2511650.409465962089598 ], [ 2407631.146666993387043, 2511650.409465962089598 ], [ 2407719.221559495199472, 2511650.409465962089598 ], [ 2407763.258546960540116, 2511606.371436145156622 ], [ 2407851.332521891221404, 2511606.371436145156622 ], [ 2407895.369509356562048, 2511606.371436145156622 ], [ 2407983.444401857908815, 2511606.371436145156622 ], [ 2408027.481389323249459, 2511606.371436145156622 ], [ 2408071.518376788590103, 2511562.333406327757984 ], [ 2408159.592351719271392, 2511562.333406327757984 ], [ 2408247.66724422108382, 2511562.333406327757984 ], [ 2408291.704231686424464, 2511562.333406327757984 ], [ 2408379.778206617105752, 2511562.333406327757984 ], [ 2408379.778206617105752, 2511518.296294103376567 ], [ 2408467.853099118452519, 2511518.296294103376567 ], [ 2408511.890086583793163, 2511518.296294103376567 ], [ 2408555.927074049133807, 2511518.296294103376567 ], [ 2408599.964061514474452, 2511518.296294103376567 ], [ 2408644.001048979815096, 2511518.296294103376567 ], [ 2408688.03895401628688, 2511518.296294103376567 ], [ 2408732.075941481627524, 2511474.258264286443591 ], [ 2409040.335771309677511, 2511430.220234469044954 ], [ 2409788.96731093339622, 2511342.14509242773056 ], [ 2409965.116178365424275, 2511298.107062610797584 ], [ 2410361.450900695286691, 2511254.069032793398947 ], [ 2410405.487888160627335, 2511254.069032793398947 ], [ 2411066.045452853664756, 2511165.993890752084553 ], [ 2411990.82585990941152, 2511033.880718893371522 ], [ 2412387.159664668142796, 2510989.842689076438546 ], [ 2412475.234557169955224, 2510945.804659259039909 ], [ 2413179.829109328333288, 2510857.729517217725515 ], [ 2413532.12592662172392, 2510813.691487400792539 ], [ 2415117.463898370508105, 2510593.502255907747895 ], [ 2418552.361766659654677, 2510109.08668069774285 ], [ 2420181.736725873313844, 2509888.898366797715425 ], [ 2420357.885593305807561, 2509844.860336980316788 ], [ 2421062.480145464185625, 2509756.784277346450835 ], [ 2421458.814867794048041, 2509668.709135304670781 ], [ 2422075.334527450613678, 2509580.633075670339167 ], [ 2422691.855104677844793, 2509492.557933629024774 ], [ 2422735.892092143185437, 2509492.557933629024774 ], [ 2423044.152839542366564, 2509448.519903812091798 ], [ 2423088.189827007707208, 2509448.519903812091798 ], [ 2423308.375681905541569, 2509404.48187399469316 ], [ 2423484.523631766904145, 2509404.48187399469316 ], [ 2423528.561536802910268, 2509404.48187399469316 ], [ 2423616.635511733591557, 2509360.444761770311743 ], [ 2423660.672499198932201, 2509360.444761770311743 ], [ 2423792.784379166085273, 2509360.444761770311743 ], [ 2423968.93232902744785, 2509316.406731953378767 ], [ 2424057.007221528794616, 2509316.406731953378767 ], [ 2424233.156088961288333, 2509316.406731953378767 ], [ 2424409.304038822650909, 2509272.368702136445791 ], [ 2424453.341026287991554, 2509272.368702136445791 ], [ 2424673.526881185360253, 2509228.331589912064373 ], [ 2424893.712736083194613, 2509184.293560094665736 ], [ 2424981.78762858454138, 2509184.293560094665736 ], [ 2425113.898590980563313, 2509184.293560094665736 ], [ 2425157.935578445903957, 2509184.293560094665736 ], [ 2425201.973483482375741, 2509184.293560094665736 ], [ 2425201.973483482375741, 2509140.25553027773276 ], [ 2425246.010470947716385, 2509140.25553027773276 ], [ 2425290.047458413057029, 2509140.25553027773276 ], [ 2425334.084445878397673, 2509140.25553027773276 ], [ 2425510.233313310425729, 2509140.25553027773276 ], [ 2425554.270300775766373, 2509096.217500460334122 ], [ 2425818.493143138941377, 2509096.217500460334122 ], [ 2425862.530130604282022, 2509052.180388235952705 ], [ 2425994.642010570969433, 2509052.180388235952705 ], [ 2426038.678998036310077, 2509052.180388235952705 ], [ 2426214.827865468803793, 2509008.142358419019729 ], [ 2426258.864852934144437, 2509008.142358419019729 ], [ 2426479.050707831513137, 2509008.142358419019729 ], [ 2426611.162587798666209, 2508964.104328602086753 ], [ 2426699.236562729347497, 2508964.104328602086753 ], [ 2426919.422417627181858, 2508920.066298784688115 ], [ 2427007.496392557397485, 2508920.066298784688115 ], [ 2427139.608272524550557, 2508920.066298784688115 ], [ 2427271.71923492057249, 2508876.029186560306698 ], [ 2427403.831114887725562, 2508876.029186560306698 ], [ 2427447.868102352600545, 2508876.029186560306698 ], [ 2427491.905089817941189, 2508876.029186560306698 ], [ 2427579.979982319753617, 2508831.991156743373722 ], [ 2427624.016969785094261, 2508831.991156743373722 ], [ 2427668.053957250434905, 2508831.991156743373722 ], [ 2427712.090944715775549, 2508831.991156743373722 ], [ 2427844.202824682928622, 2508787.953126926440746 ], [ 2428064.388679580297321, 2508787.953126926440746 ], [ 2428152.462654510978609, 2508787.953126926440746 ], [ 2428240.537547012791038, 2508743.916014702059329 ], [ 2428284.574534478131682, 2508743.916014702059329 ], [ 2428372.64850940881297, 2508743.916014702059329 ], [ 2428504.760389375500381, 2508699.877984884660691 ], [ 2428724.946244273334742, 2508699.877984884660691 ], [ 2428989.169086636044085, 2508655.839955067727715 ], [ 2429077.243061566725373, 2508655.839955067727715 ], [ 2429121.280049032066017, 2508655.839955067727715 ], [ 2429429.540796431247145, 2508611.801925250329077 ], [ 2429473.577783896587789, 2508611.801925250329077 ], [ 2429473.577783896587789, 2508567.76481302594766 ], [ 2429825.874601190444082, 2508523.726783209014684 ], [ 2430354.321203486993909, 2508479.688753392081708 ], [ 2430618.544045850168914, 2508435.65072357468307 ], [ 2430662.581033315509558, 2508435.65072357468307 ], [ 2430794.69199571153149, 2508435.65072357468307 ], [ 2430794.69199571153149, 2508391.613611350301653 ], [ 2430794.69199571153149, 2508347.575581533368677 ], [ 2430838.729900747537613, 2508303.537551715970039 ], [ 2430838.729900747537613, 2508259.499521899037063 ], [ 2430838.729900747537613, 2508215.462409674655646 ], [ 2430882.766888212878257, 2508215.462409674655646 ], [ 2430926.803875678218901, 2508215.462409674655646 ], [ 2430970.840863143559545, 2508259.499521899037063 ], [ 2431102.952743110712618, 2508303.537551715970039 ], [ 2431191.026718041393906, 2508303.537551715970039 ], [ 2431235.06370550673455, 2508347.575581533368677 ], [ 2431279.100692972075194, 2508171.42437985772267 ], [ 2431411.212572938762605, 2507642.970774830318987 ], [ 2431411.212572938762605, 2507554.895632789004594 ], [ 2431455.249560404103249, 2507422.782460930291563 ], [ 2431543.324452905915678, 2507202.59322943771258 ], [ 2431719.472402767278254, 2506938.366885720286518 ], [ 2431763.510307803750038, 2506806.252796269021928 ], [ 2431807.547295268625021, 2506762.215684044640511 ], [ 2431851.584282733965665, 2506630.101594593375921 ], [ 2431895.621270199306309, 2506542.026452551595867 ], [ 2431895.621270199306309, 2506409.913280693348497 ], [ 2431939.658257664646953, 2506233.762079017236829 ], [ 2431983.695245129987597, 2506145.686019383370876 ], [ 2432027.733150166459382, 2506057.610877341590822 ], [ 2432071.770137631800026, 2505925.497705483343452 ], [ 2432291.955992529168725, 2505529.157272314652801 ], [ 2432335.992979994509369, 2505397.04410045593977 ], [ 2432380.029967459850013, 2505264.930928597226739 ], [ 2432380.029967459850013, 2505220.892898780293763 ], [ 2432556.17883489234373, 2505308.968040821608156 ], [ 2432556.17883489234373, 2505264.930928597226739 ], [ 2432600.215822357684374, 2505220.892898780293763 ], [ 2433084.624519618228078, 2505176.854868963360786 ], [ 2433128.661507083568722, 2505132.817756738979369 ], [ 2433216.73639958538115, 2505132.817756738979369 ], [ 2433260.773387050721794, 2505132.817756738979369 ], [ 2433348.847361980937421, 2505132.817756738979369 ], [ 2433392.884349446278065, 2505088.779726921580732 ], [ 2433436.92225448274985, 2505088.779726921580732 ], [ 2433701.145096845924854, 2505088.779726921580732 ], [ 2434317.664756502024829, 2504956.666555062867701 ], [ 2434581.887598865199834, 2504956.666555062867701 ], [ 2434846.111358799040318, 2504912.628525245934725 ], [ 2434934.185333729721606, 2504912.628525245934725 ], [ 2435506.668005920946598, 2504824.552465611603111 ], [ 2435858.96574078546837, 2504736.477323570288718 ], [ 2436475.485400442034006, 2504648.401263935957104 ], [ 2437444.303712534252554, 2504516.288092077244073 ], [ 2437444.303712534252554, 2504560.326121894642711 ], [ 2437664.489567431621253, 2506013.572847524657845 ], [ 2437664.489567431621253, 2506145.686019383370876 ], [ 2437708.526554896961898, 2506145.686019383370876 ], [ 2437928.712409794796258, 2506101.648907158989459 ], [ 2438633.306961952708662, 2506013.572847524657845 ], [ 2438677.343949418049306, 2505969.534817707724869 ], [ 2438765.417924348730594, 2505793.383616031613201 ], [ 2438809.454911814071238, 2505705.308473990298808 ], [ 2438853.492816850543022, 2505705.308473990298808 ], [ 2439117.715659213252366, 2505661.270444173365831 ], [ 2439205.789634143933654, 2505705.308473990298808 ], [ 2439470.012476507108659, 2505749.346503807231784 ], [ 2439690.198331404477358, 2505749.346503807231784 ], [ 2439734.235318869818002, 2505749.346503807231784 ], [ 2439998.458161232993007, 2505705.308473990298808 ], [ 2440086.533053734339774, 2505705.308473990298808 ], [ 2440482.866858493536711, 2505661.270444173365831 ], [ 2440747.090618427377194, 2505617.233331948984414 ], [ 2440791.127605892717838, 2505617.233331948984414 ], [ 2440835.164593358058482, 2505617.233331948984414 ], [ 2440967.276473325211555, 2505573.195302131585777 ], [ 2441055.350448255892843, 2505573.195302131585777 ], [ 2441099.387435721233487, 2505573.195302131585777 ], [ 2441099.387435721233487, 2505529.157272314652801 ], [ 2441143.42442318610847, 2505529.157272314652801 ], [ 2441187.461410651449114, 2505573.195302131585777 ], [ 2441583.796132981777191, 2505485.119242497254163 ], [ 2442288.390685139689595, 2505397.04410045593977 ], [ 2442464.539552572183311, 2505353.006070639006793 ], [ 2442772.799382400233299, 2505353.006070639006793 ], [ 2442772.799382400233299, 2505308.968040821608156 ], [ 2443301.245067126117647, 2505264.930928597226739 ], [ 2443565.46882705995813, 2505220.892898780293763 ], [ 2443785.654681957792491, 2505176.854868963360786 ], [ 2444754.472076478879899, 2505044.741697104647756 ], [ 2444754.472076478879899, 2505000.703667287249118 ], [ 2444666.397183977067471, 2504912.628525245934725 ], [ 2444666.397183977067471, 2504868.590495429001749 ], [ 2444622.360196511726826, 2504824.552465611603111 ], [ 2444622.360196511726826, 2504780.515353387221694 ], [ 2444666.397183977067471, 2504780.515353387221694 ], [ 2444710.434171442408115, 2504780.515353387221694 ], [ 2444710.434171442408115, 2504824.552465611603111 ], [ 2444754.472076478879899, 2504824.552465611603111 ], [ 2444798.509063944220543, 2504824.552465611603111 ], [ 2444798.509063944220543, 2504780.515353387221694 ], [ 2444842.546051409561187, 2504780.515353387221694 ], [ 2444842.546051409561187, 2504736.477323570288718 ], [ 2444842.546051409561187, 2504692.43929375289008 ], [ 2444842.546051409561187, 2504648.401263935957104 ], [ 2444886.583038874901831, 2504648.401263935957104 ], [ 2444886.583038874901831, 2504604.364151711575687 ], [ 2444930.620026340242475, 2504604.364151711575687 ], [ 2444930.620026340242475, 2504560.326121894642711 ], [ 2444974.657931376248598, 2504560.326121894642711 ], [ 2445018.694918841589242, 2504560.326121894642711 ], [ 2445062.731906306929886, 2504560.326121894642711 ], [ 2445106.76889377227053, 2504560.326121894642711 ], [ 2445150.805881237611175, 2504560.326121894642711 ], [ 2445150.805881237611175, 2504604.364151711575687 ], [ 2445194.842868702951819, 2504604.364151711575687 ], [ 2445194.842868702951819, 2504648.401263935957104 ], [ 2445194.842868702951819, 2504692.43929375289008 ], [ 2445194.842868702951819, 2504736.477323570288718 ], [ 2445194.842868702951819, 2504780.515353387221694 ], [ 2445238.880773739423603, 2504780.515353387221694 ], [ 2445238.880773739423603, 2504824.552465611603111 ], [ 2445282.917761204764247, 2504824.552465611603111 ], [ 2445282.917761204764247, 2504868.590495429001749 ], [ 2445326.954748670104891, 2504868.590495429001749 ], [ 2445326.954748670104891, 2504912.628525245934725 ], [ 2445326.954748670104891, 2504956.666555062867701 ], [ 2445370.991736135445535, 2505000.703667287249118 ], [ 2445370.991736135445535, 2505044.741697104647756 ], [ 2445415.028723600786179, 2505044.741697104647756 ], [ 2445459.066628636792302, 2505044.741697104647756 ], [ 2445459.066628636792302, 2505000.703667287249118 ], [ 2445503.103616102132946, 2505000.703667287249118 ], [ 2445547.14060356747359, 2505000.703667287249118 ], [ 2445547.14060356747359, 2504956.666555062867701 ], [ 2445591.177591032814234, 2504956.666555062867701 ], [ 2445635.214578498154879, 2505000.703667287249118 ], [ 2445679.252483534626663, 2505000.703667287249118 ], [ 2445723.289471, 2505000.703667287249118 ], [ 2445723.289471, 2504956.666555062867701 ], [ 2445767.326458465307951, 2504956.666555062867701 ], [ 2445767.326458465307951, 2504912.628525245934725 ], [ 2445767.326458465307951, 2504868.590495429001749 ], [ 2445811.363445930648595, 2504868.590495429001749 ], [ 2445811.363445930648595, 2504824.552465611603111 ], [ 2445811.363445930648595, 2504780.515353387221694 ], [ 2445855.400433395989239, 2504780.515353387221694 ], [ 2445855.400433395989239, 2504736.477323570288718 ], [ 2445899.437420861329883, 2504736.477323570288718 ], [ 2445899.437420861329883, 2504780.515353387221694 ], [ 2445943.475325897336006, 2504780.515353387221694 ], [ 2445987.51231336267665, 2504780.515353387221694 ], [ 2446031.549300828017294, 2504780.515353387221694 ], [ 2446075.586288293357939, 2504780.515353387221694 ], [ 2446119.623275758698583, 2504780.515353387221694 ], [ 2446163.661180795170367, 2504780.515353387221694 ], [ 2446207.698168260511011, 2504780.515353387221694 ], [ 2446251.735155725851655, 2504780.515353387221694 ], [ 2446295.772143191192299, 2504780.515353387221694 ], [ 2446295.772143191192299, 2504824.552465611603111 ], [ 2446295.772143191192299, 2504868.590495429001749 ], [ 2446339.809130656532943, 2504868.590495429001749 ], [ 2446339.809130656532943, 2504912.628525245934725 ], [ 2446339.809130656532943, 2504956.666555062867701 ], [ 2446339.809130656532943, 2505000.703667287249118 ], [ 2446339.809130656532943, 2505044.741697104647756 ], [ 2446383.847035693004727, 2505044.741697104647756 ], [ 2446383.847035693004727, 2505088.779726921580732 ], [ 2446383.847035693004727, 2505132.817756738979369 ], [ 2446339.809130656532943, 2505132.817756738979369 ], [ 2446339.809130656532943, 2505176.854868963360786 ], [ 2446339.809130656532943, 2505220.892898780293763 ], [ 2446339.809130656532943, 2505264.930928597226739 ], [ 2446339.809130656532943, 2505308.968040821608156 ], [ 2446339.809130656532943, 2505353.006070639006793 ], [ 2446383.847035693004727, 2505353.006070639006793 ], [ 2446383.847035693004727, 2505397.04410045593977 ], [ 2446383.847035693004727, 2505441.082130272872746 ], [ 2446383.847035693004727, 2505485.119242497254163 ], [ 2446339.809130656532943, 2505485.119242497254163 ], [ 2446339.809130656532943, 2505529.157272314652801 ], [ 2446383.847035693004727, 2505529.157272314652801 ], [ 2446383.847035693004727, 2505573.195302131585777 ], [ 2446383.847035693004727, 2505617.233331948984414 ], [ 2446383.847035693004727, 2505661.270444173365831 ], [ 2446339.809130656532943, 2505661.270444173365831 ], [ 2446339.809130656532943, 2505705.308473990298808 ], [ 2446383.847035693004727, 2505749.346503807231784 ], [ 2446383.847035693004727, 2505793.383616031613201 ], [ 2446383.847035693004727, 2505837.421645849011838 ], [ 2446427.88402315787971, 2505837.421645849011838 ], [ 2446427.88402315787971, 2505881.459675665944815 ], [ 2446471.921010623220354, 2505881.459675665944815 ], [ 2446471.921010623220354, 2505925.497705483343452 ], [ 2446515.957998088560998, 2505925.497705483343452 ], [ 2446515.957998088560998, 2505969.534817707724869 ], [ 2446515.957998088560998, 2506013.572847524657845 ], [ 2446515.957998088560998, 2506057.610877341590822 ], [ 2446515.957998088560998, 2506101.648907158989459 ], [ 2446515.957998088560998, 2506145.686019383370876 ], [ 2446471.921010623220354, 2506145.686019383370876 ], [ 2446471.921010623220354, 2506189.724049200303853 ], [ 2446427.88402315787971, 2506189.724049200303853 ], [ 2446427.88402315787971, 2506233.762079017236829 ], [ 2446427.88402315787971, 2506277.800108834635466 ], [ 2446427.88402315787971, 2506321.837221059016883 ], [ 2446383.847035693004727, 2506321.837221059016883 ], [ 2446383.847035693004727, 2506365.87525087594986 ], [ 2446427.88402315787971, 2506409.913280693348497 ], [ 2446471.921010623220354, 2506409.913280693348497 ], [ 2446515.957998088560998, 2506453.950392917729914 ], [ 2446559.994985553901643, 2506453.950392917729914 ], [ 2446559.994985553901643, 2506497.98842273466289 ], [ 2446559.994985553901643, 2506542.026452551595867 ], [ 2446559.994985553901643, 2506586.064482368994504 ], [ 2446559.994985553901643, 2506630.101594593375921 ], [ 2446515.957998088560998, 2506630.101594593375921 ], [ 2446515.957998088560998, 2506674.139624410308897 ], [ 2446515.957998088560998, 2506718.177654227241874 ], [ 2446515.957998088560998, 2506762.215684044640511 ], [ 2446515.957998088560998, 2506806.252796269021928 ], [ 2446471.921010623220354, 2506806.252796269021928 ], [ 2446471.921010623220354, 2506850.290826085954905 ], [ 2446427.88402315787971, 2506850.290826085954905 ], [ 2446383.847035693004727, 2506850.290826085954905 ], [ 2446383.847035693004727, 2506894.328855903353542 ], [ 2446339.809130656532943, 2506894.328855903353542 ], [ 2446339.809130656532943, 2506938.366885720286518 ], [ 2446339.809130656532943, 2506982.403997944667935 ], [ 2446339.809130656532943, 2507026.442027761600912 ], [ 2446383.847035693004727, 2507026.442027761600912 ], [ 2446383.847035693004727, 2507070.480057578999549 ], [ 2446383.847035693004727, 2507114.517169803380966 ], [ 2446427.88402315787971, 2507114.517169803380966 ], [ 2446427.88402315787971, 2507158.555199620313942 ], [ 2446471.921010623220354, 2507158.555199620313942 ], [ 2446471.921010623220354, 2507202.59322943771258 ], [ 2446515.957998088560998, 2507202.59322943771258 ], [ 2446515.957998088560998, 2507246.631259254645556 ], [ 2446559.994985553901643, 2507246.631259254645556 ], [ 2446604.031973019242287, 2507246.631259254645556 ], [ 2446604.031973019242287, 2507290.668371479026973 ], [ 2446648.069878055714071, 2507290.668371479026973 ], [ 2446648.069878055714071, 2507334.706401295959949 ], [ 2446648.069878055714071, 2507378.744431113358587 ], [ 2446648.069878055714071, 2507422.782460930291563 ], [ 2446648.069878055714071, 2507466.81957315467298 ], [ 2446604.031973019242287, 2507466.81957315467298 ], [ 2446604.031973019242287, 2507510.857602971605957 ], [ 2446604.031973019242287, 2507554.895632789004594 ], [ 2446648.069878055714071, 2507554.895632789004594 ], [ 2446648.069878055714071, 2507598.932745013386011 ], [ 2446648.069878055714071, 2507642.970774830318987 ], [ 2446692.106865521054715, 2507642.970774830318987 ], [ 2446692.106865521054715, 2507687.008804647717625 ], [ 2446736.143852986395359, 2507687.008804647717625 ], [ 2446780.180840451736003, 2507687.008804647717625 ], [ 2446780.180840451736003, 2507731.046834464650601 ] ] } },
{ "type": "Feature", "properties": { }, "geometry": { "type": "LineString", "coordinates": [ [ 2446780.180840451736003, 2481924.905423696152866 ], [ 2446604.031973019242287, 2481968.943453513085842 ], [ 2446559.994985553901643, 2481968.943453513085842 ], [ 2446471.921010623220354, 2481968.943453513085842 ], [ 2445811.363445930648595, 2482057.018595554400235 ], [ 2444886.583038874901831, 2482189.131767413113266 ], [ 2444842.546051409561187, 2482189.131767413113266 ], [ 2444798.509063944220543, 2482233.169797230511904 ], [ 2444049.877524320501834, 2482321.244939271826297 ], [ 2443829.691669423133135, 2482365.282969088759273 ], [ 2443829.691669423133135, 2482321.244939271826297 ], [ 2443785.654681957792491, 2482321.244939271826297 ], [ 2443785.654681957792491, 2482277.20782704744488 ], [ 2443741.616776921320707, 2482277.20782704744488 ], [ 2443741.616776921320707, 2482233.169797230511904 ], [ 2443741.616776921320707, 2482189.131767413113266 ], [ 2443741.616776921320707, 2482145.094655188731849 ], [ 2443741.616776921320707, 2482101.056625371798873 ], [ 2443741.616776921320707, 2482057.018595554400235 ], [ 2443785.654681957792491, 2482012.980565737467259 ], [ 2443785.654681957792491, 2481968.943453513085842 ], [ 2443785.654681957792491, 2481924.905423696152866 ], [ 2443785.654681957792491, 2481880.867393878754228 ], [ 2443785.654681957792491, 2481836.829364061821252 ], [ 2443741.616776921320707, 2481836.829364061821252 ], [ 2443741.616776921320707, 2481792.792251837439835 ], [ 2443697.579789455980062, 2481792.792251837439835 ], [ 2443697.579789455980062, 2481748.754222020041198 ], [ 2443697.579789455980062, 2481704.716192203108221 ], [ 2443697.579789455980062, 2481660.679079978726804 ], [ 2443741.616776921320707, 2481660.679079978726804 ], [ 2443741.616776921320707, 2481616.641050161793828 ], [ 2443785.654681957792491, 2481572.60302034439519 ], [ 2443829.691669423133135, 2481528.564990527462214 ], [ 2443873.728656888473779, 2481528.564990527462214 ], [ 2443917.765644353814423, 2481528.564990527462214 ], [ 2443917.765644353814423, 2481484.527878303080797 ], [ 2443961.802631819155067, 2481484.527878303080797 ], [ 2443961.802631819155067, 2481440.489848486147821 ], [ 2444005.839619284495711, 2481440.489848486147821 ], [ 2444049.877524320501834, 2481440.489848486147821 ], [ 2444093.914511785842478, 2481396.451818668749183 ], [ 2444181.988486716523767, 2481396.451818668749183 ], [ 2444226.025474181864411, 2481352.413788851816207 ], [ 2444270.063379218336195, 2481308.37667662743479 ], [ 2444270.063379218336195, 2481264.338646810036153 ], [ 2444270.063379218336195, 2481220.300616993103176 ], [ 2444270.063379218336195, 2481176.2625871761702 ], [ 2444270.063379218336195, 2481132.225474951788783 ], [ 2444314.100366683676839, 2481132.225474951788783 ], [ 2444314.100366683676839, 2481088.187445134390146 ], [ 2444314.100366683676839, 2481044.149415317457169 ], [ 2444314.100366683676839, 2481000.112303093075752 ], [ 2444358.137354149017483, 2481000.112303093075752 ], [ 2444358.137354149017483, 2480956.074273275677115 ], [ 2444358.137354149017483, 2480912.036243458744138 ], [ 2444402.174341614358127, 2480912.036243458744138 ], [ 2444402.174341614358127, 2480867.998213641811162 ], [ 2444446.211329079698771, 2480867.998213641811162 ], [ 2444446.211329079698771, 2480823.961101417429745 ], [ 2444446.211329079698771, 2480779.923071600031108 ], [ 2444446.211329079698771, 2480735.885041783098131 ], [ 2444490.248316545039415, 2480735.885041783098131 ], [ 2444446.211329079698771, 2480735.885041783098131 ], [ 2444446.211329079698771, 2480691.847011965699494 ], [ 2444446.211329079698771, 2480647.809899741783738 ], [ 2444446.211329079698771, 2480603.771869924385101 ], [ 2444402.174341614358127, 2480603.771869924385101 ], [ 2443829.691669423133135, 2480691.847011965699494 ], [ 2443433.356947093270719, 2480735.885041783098131 ], [ 2443389.319959627930075, 2480735.885041783098131 ], [ 2443169.134104730095714, 2480779.923071600031108 ], [ 2443125.09711726475507, 2480779.923071600031108 ], [ 2443037.022224763408303, 2480779.923071600031108 ], [ 2441936.093867846298963, 2480956.074273275677115 ], [ 2441892.055962809827179, 2480956.074273275677115 ], [ 2441848.018975344486535, 2480956.074273275677115 ], [ 2441892.055962809827179, 2481000.112303093075752 ], [ 2441715.908012948464602, 2481000.112303093075752 ], [ 2441671.871025483123958, 2481000.112303093075752 ], [ 2441627.833120446652174, 2481000.112303093075752 ], [ 2441627.833120446652174, 2481044.149415317457169 ], [ 2441627.833120446652174, 2481088.187445134390146 ], [ 2441583.796132981777191, 2481132.225474951788783 ], [ 2441583.796132981777191, 2481176.2625871761702 ], [ 2441583.796132981777191, 2481220.300616993103176 ], [ 2441539.759145516436547, 2481220.300616993103176 ], [ 2441495.722158051095903, 2481220.300616993103176 ], [ 2441451.685170585755259, 2481176.2625871761702 ], [ 2441407.647265549283475, 2481176.2625871761702 ], [ 2441407.647265549283475, 2481220.300616993103176 ], [ 2441407.647265549283475, 2481264.338646810036153 ], [ 2441363.610278083942831, 2481264.338646810036153 ], [ 2441319.573290618602186, 2481264.338646810036153 ], [ 2441275.536303153261542, 2481264.338646810036153 ], [ 2441275.536303153261542, 2481308.37667662743479 ], [ 2441231.499315687920898, 2481352.413788851816207 ], [ 2441187.461410651449114, 2481396.451818668749183 ], [ 2441143.42442318610847, 2481396.451818668749183 ], [ 2441099.387435721233487, 2481352.413788851816207 ], [ 2441055.350448255892843, 2481352.413788851816207 ], [ 2441055.350448255892843, 2481308.37667662743479 ], [ 2441055.350448255892843, 2481264.338646810036153 ], [ 2441011.313460790552199, 2481264.338646810036153 ], [ 2440967.276473325211555, 2481264.338646810036153 ], [ 2440923.238568288739771, 2481220.300616993103176 ], [ 2440923.238568288739771, 2481176.2625871761702 ], [ 2440923.238568288739771, 2481132.225474951788783 ], [ 2440879.201580823399127, 2481132.225474951788783 ], [ 2440835.164593358058482, 2481088.187445134390146 ], [ 2440835.164593358058482, 2481044.149415317457169 ], [ 2440835.164593358058482, 2481000.112303093075752 ], [ 2440791.127605892717838, 2481000.112303093075752 ], [ 2440747.090618427377194, 2481000.112303093075752 ], [ 2440659.015725925564766, 2480956.074273275677115 ], [ 2440614.978738460224122, 2480956.074273275677115 ], [ 2440614.978738460224122, 2480912.036243458744138 ], [ 2440614.978738460224122, 2480867.998213641811162 ], [ 2440614.978738460224122, 2480823.961101417429745 ], [ 2440614.978738460224122, 2480779.923071600031108 ], [ 2440614.978738460224122, 2480735.885041783098131 ], [ 2440614.978738460224122, 2480691.847011965699494 ], [ 2440570.941750994883478, 2480691.847011965699494 ], [ 2440570.941750994883478, 2480735.885041783098131 ], [ 2440526.904763530008495, 2480779.923071600031108 ], [ 2440482.866858493536711, 2480823.961101417429745 ], [ 2440438.829871028196067, 2480867.998213641811162 ], [ 2440438.829871028196067, 2480912.036243458744138 ], [ 2440438.829871028196067, 2480956.074273275677115 ], [ 2440438.829871028196067, 2481000.112303093075752 ], [ 2440438.829871028196067, 2481044.149415317457169 ], [ 2440438.829871028196067, 2481088.187445134390146 ], [ 2440394.792883562855422, 2481088.187445134390146 ], [ 2440394.792883562855422, 2481132.225474951788783 ], [ 2440350.755896097514778, 2481132.225474951788783 ], [ 2440306.718908632174134, 2481176.2625871761702 ], [ 2440262.68192116683349, 2481220.300616993103176 ], [ 2440306.718908632174134, 2481264.338646810036153 ], [ 2440306.718908632174134, 2481308.37667662743479 ], [ 2440262.68192116683349, 2481308.37667662743479 ], [ 2440262.68192116683349, 2481352.413788851816207 ], [ 2440218.644016130361706, 2481352.413788851816207 ], [ 2440174.607028665021062, 2481352.413788851816207 ], [ 2440174.607028665021062, 2481308.37667662743479 ], [ 2440130.570041199680418, 2481308.37667662743479 ], [ 2440086.533053734339774, 2481264.338646810036153 ], [ 2440042.496066269464791, 2481220.300616993103176 ], [ 2439998.458161232993007, 2481264.338646810036153 ], [ 2440042.496066269464791, 2481308.37667662743479 ], [ 2439690.198331404477358, 2481352.413788851816207 ], [ 2438545.232069451361895, 2481484.527878303080797 ], [ 2438413.121107055339962, 2481484.527878303080797 ], [ 2438369.084119589999318, 2481484.527878303080797 ], [ 2437136.042965135071427, 2481616.641050161793828 ], [ 2437136.042965135071427, 2481528.564990527462214 ], [ 2437047.968990204390138, 2480956.074273275677115 ], [ 2437003.932002739049494, 2480779.923071600031108 ], [ 2436915.857110237237066, 2479899.167063221801072 ], [ 2436695.671255339868367, 2478269.769135915674269 ], [ 2436607.597280409187078, 2477653.240388846956193 ], [ 2436563.560292943846434, 2477477.089187171310186 ], [ 2436519.52330547850579, 2477080.748754003085196 ], [ 2436475.485400442034006, 2476684.409238426946104 ], [ 2436431.448412976693362, 2476684.409238426946104 ], [ 2436343.374438046012074, 2476728.447268244344741 ], [ 2436255.300463115330786, 2476728.447268244344741 ], [ 2436167.225570613984019, 2476728.447268244344741 ], [ 2436123.188583148643374, 2476684.409238426946104 ], [ 2435991.076703181490302, 2476684.409238426946104 ], [ 2435947.039715716149658, 2476640.371208610013127 ], [ 2435903.002728250809014, 2476640.371208610013127 ], [ 2435858.96574078546837, 2476596.33317879261449 ], [ 2435814.928753320127726, 2476596.33317879261449 ], [ 2435770.891765854787081, 2476552.296066568233073 ], [ 2435770.891765854787081, 2476596.33317879261449 ], [ 2435726.853860818780959, 2476640.371208610013127 ], [ 2435726.853860818780959, 2476684.409238426946104 ], [ 2435726.853860818780959, 2476728.447268244344741 ], [ 2435726.853860818780959, 2476816.522410285659134 ], [ 2435682.816873353440315, 2476904.597552326973528 ], [ 2435682.816873353440315, 2476948.635582144372165 ], [ 2435374.557043524924666, 2476992.673611961305141 ], [ 2435286.482151023112237, 2476992.673611961305141 ], [ 2435242.445163558237255, 2476992.673611961305141 ], [ 2434669.962491367012262, 2477080.748754003085196 ], [ 2434361.702661538496614, 2477124.786783820018172 ], [ 2434097.47890160465613, 2477168.824813636951149 ], [ 2434053.441914139315486, 2477168.824813636951149 ], [ 2434097.47890160465613, 2477036.711641778703779 ], [ 2433877.293046706821769, 2477080.748754003085196 ], [ 2433833.256059241481125, 2477080.748754003085196 ], [ 2433745.182084310799837, 2477080.748754003085196 ], [ 2433745.182084310799837, 2477212.862843454349786 ], [ 2433701.145096845924854, 2477212.862843454349786 ], [ 2433348.847361980937421, 2477256.899955678731203 ], [ 2432732.327702324837446, 2477344.976015312597156 ], [ 2432512.141847427003086, 2477344.976015312597156 ], [ 2432468.103942390531301, 2477344.976015312597156 ], [ 2432424.066954925190657, 2477389.014045129995793 ], [ 2432247.919005064293742, 2477389.014045129995793 ], [ 2432203.881100027821958, 2477389.014045129995793 ], [ 2431983.695245129987597, 2477433.05115735437721 ], [ 2431895.621270199306309, 2477433.05115735437721 ], [ 2431807.547295268625021, 2477477.089187171310186 ], [ 2431587.361440371256322, 2477477.089187171310186 ], [ 2430354.321203486993909, 2477653.240388846956193 ], [ 2429693.76363879442215, 2477741.315530888736248 ], [ 2428724.946244273334742, 2477873.429620340000838 ], [ 2428240.537547012791038, 2477917.466732564382255 ], [ 2428240.537547012791038, 2477961.504762381315231 ], [ 2428240.537547012791038, 2478181.693993874359876 ], [ 2428196.499641976319253, 2478181.693993874359876 ], [ 2428152.462654510978609, 2478225.731106098741293 ], [ 2428108.425667045637965, 2478181.693993874359876 ], [ 2428020.351692114956677, 2478093.617934240028262 ], [ 2427976.313787078484893, 2478005.542792198713869 ], [ 2427888.239812148269266, 2477961.504762381315231 ], [ 2427888.239812148269266, 2478005.542792198713869 ], [ 2427668.053957250434905, 2478005.542792198713869 ], [ 2427800.165837217587978, 2478974.373942618723959 ], [ 2427932.27679961360991, 2479899.167063221801072 ], [ 2427932.27679961360991, 2479943.205093038734049 ], [ 2427932.27679961360991, 2480031.280235080048442 ], [ 2427976.313787078484893, 2480427.620668248739094 ], [ 2428020.351692114956677, 2480471.65869806567207 ], [ 2428020.351692114956677, 2480603.771869924385101 ], [ 2428064.388679580297321, 2480823.961101417429745 ], [ 2428064.388679580297321, 2480912.036243458744138 ], [ 2428108.425667045637965, 2481132.225474951788783 ], [ 2428108.425667045637965, 2481176.2625871761702 ], [ 2428108.425667045637965, 2481264.338646810036153 ], [ 2427932.27679961360991, 2481264.338646810036153 ], [ 2427932.27679961360991, 2481220.300616993103176 ], [ 2427888.239812148269266, 2481220.300616993103176 ], [ 2427888.239812148269266, 2481264.338646810036153 ], [ 2427888.239812148269266, 2481308.37667662743479 ], [ 2427844.202824682928622, 2481308.37667662743479 ], [ 2427800.165837217587978, 2481264.338646810036153 ], [ 2427756.128849752247334, 2481264.338646810036153 ], [ 2427756.128849752247334, 2481220.300616993103176 ], [ 2427756.128849752247334, 2481176.2625871761702 ], [ 2427712.090944715775549, 2481176.2625871761702 ], [ 2427668.053957250434905, 2481176.2625871761702 ], [ 2427624.016969785094261, 2481176.2625871761702 ], [ 2427579.979982319753617, 2481176.2625871761702 ], [ 2427447.868102352600545, 2481308.37667662743479 ], [ 2427447.868102352600545, 2481264.338646810036153 ], [ 2427403.831114887725562, 2481176.2625871761702 ], [ 2427227.682247455231845, 2481220.300616993103176 ], [ 2427095.571285059209913, 2481132.225474951788783 ], [ 2427051.534297593869269, 2481132.225474951788783 ], [ 2427007.496392557397485, 2481220.300616993103176 ], [ 2427007.496392557397485, 2481264.338646810036153 ], [ 2427007.496392557397485, 2481352.413788851816207 ], [ 2426919.422417627181858, 2481396.451818668749183 ], [ 2426787.310537660028785, 2481440.489848486147821 ], [ 2426611.162587798666209, 2481484.527878303080797 ], [ 2426038.678998036310077, 2481528.564990527462214 ], [ 2425774.456155673600733, 2481572.60302034439519 ], [ 2425774.456155673600733, 2481484.527878303080797 ], [ 2425510.233313310425729, 2481528.564990527462214 ], [ 2425113.898590980563313, 2481572.60302034439519 ], [ 2425113.898590980563313, 2481660.679079978726804 ], [ 2425113.898590980563313, 2481704.716192203108221 ], [ 2425113.898590980563313, 2481748.754222020041198 ], [ 2425113.898590980563313, 2481792.792251837439835 ], [ 2425113.898590980563313, 2481836.829364061821252 ], [ 2425113.898590980563313, 2481792.792251837439835 ], [ 2425069.861603515222669, 2481792.792251837439835 ], [ 2425025.824616049882025, 2481792.792251837439835 ], [ 2424849.675748617853969, 2481748.754222020041198 ], [ 2424277.193076426628977, 2481704.716192203108221 ], [ 2424233.156088961288333, 2481704.716192203108221 ], [ 2424189.118183924816549, 2481660.679079978726804 ], [ 2424145.081196459475905, 2481660.679079978726804 ], [ 2424145.081196459475905, 2481748.754222020041198 ], [ 2423572.598524268250912, 2481792.792251837439835 ], [ 2422868.003972110338509, 2481880.867393878754228 ], [ 2422603.781129747163504, 2481924.905423696152866 ], [ 2421943.223565054591745, 2482012.980565737467259 ], [ 2421943.223565054591745, 2482057.018595554400235 ], [ 2421943.223565054591745, 2482101.056625371798873 ], [ 2421987.260552519932389, 2482365.282969088759273 ], [ 2422031.297539985273033, 2482453.359028723090887 ], [ 2422031.297539985273033, 2482629.510230398736894 ], [ 2421987.260552519932389, 2482629.510230398736894 ], [ 2421855.148672552779317, 2482629.510230398736894 ], [ 2421767.074697622098029, 2482673.547342623118311 ], [ 2421723.037710156757385, 2482673.547342623118311 ], [ 2421590.925830190069973, 2482673.547342623118311 ], [ 2421590.925830190069973, 2482717.585372440516949 ], [ 2421282.666000361554325, 2482761.623402257449925 ], [ 2421106.517132929526269, 2482761.623402257449925 ], [ 2421018.443157998844981, 2482761.623402257449925 ], [ 2420269.811618375126272, 2482849.698544298764318 ], [ 2420225.774630909785628, 2482849.698544298764318 ], [ 2420225.774630909785628, 2482893.736574116162956 ], [ 2419741.365933649241924, 2482937.774603933095932 ], [ 2419741.365933649241924, 2482981.811716157477349 ], [ 2419741.365933649241924, 2483157.962917833123356 ], [ 2419565.217066217213869, 2483069.887775791808963 ], [ 2419565.217066217213869, 2482981.811716157477349 ], [ 2419477.142173715401441, 2482937.774603933095932 ], [ 2419477.142173715401441, 2483025.849745974410325 ], [ 2419389.068198784720153, 2482981.811716157477349 ], [ 2419345.031211319379508, 2482981.811716157477349 ], [ 2418992.733476454857737, 2483069.887775791808963 ], [ 2418948.696488989517093, 2483069.887775791808963 ], [ 2418596.399671696126461, 2483113.925805608741939 ], [ 2418552.361766659654677, 2483113.925805608741939 ], [ 2418023.916081933770329, 2483202.000947650521994 ], [ 2417979.879094468429685, 2483202.000947650521994 ], [ 2417803.730227035935968, 2483202.000947650521994 ], [ 2417759.693239570595324, 2483113.925805608741939 ], [ 2417715.65625210525468, 2482629.510230398736894 ], [ 2417671.619264639914036, 2482629.510230398736894 ], [ 2417627.582277175039053, 2482321.244939271826297 ], [ 2417583.544372138567269, 2482057.018595554400235 ], [ 2417583.544372138567269, 2482012.980565737467259 ], [ 2417583.544372138567269, 2481880.867393878754228 ], [ 2417583.544372138567269, 2481836.829364061821252 ], [ 2417539.507384673226625, 2481792.792251837439835 ], [ 2417495.470397207885981, 2481660.679079978726804 ], [ 2417495.470397207885981, 2481616.641050161793828 ], [ 2417495.470397207885981, 2481484.527878303080797 ], [ 2417407.396422277204692, 2481528.564990527462214 ], [ 2417363.358517240732908, 2481220.300616993103176 ], [ 2417363.358517240732908, 2481176.2625871761702 ], [ 2417319.321529775392264, 2480823.961101417429745 ], [ 2417319.321529775392264, 2480779.923071600031108 ], [ 2417231.247554844710976, 2480339.5455262074247 ], [ 2417231.247554844710976, 2480163.394324531778693 ], [ 2417275.28454231005162, 2480163.394324531778693 ], [ 2417319.321529775392264, 2480119.356294714380056 ], [ 2417275.28454231005162, 2479678.978749321307987 ], [ 2417275.28454231005162, 2479634.940719504375011 ], [ 2417231.247554844710976, 2479590.902689687442034 ], [ 2417187.210567379370332, 2479590.902689687442034 ], [ 2417143.172662343364209, 2478974.373942618723959 ], [ 2417143.172662343364209, 2478930.335912801325321 ], [ 2417099.135674878023565, 2478842.260770760010928 ], [ 2417099.135674878023565, 2478666.109569084364921 ], [ 2417099.135674878023565, 2478181.693993874359876 ], [ 2417055.098687412682921, 2477917.466732564382255 ], [ 2417011.061699947342277, 2477653.240388846956193 ], [ 2416967.024712482001632, 2477300.937985495664179 ], [ 2416967.024712482001632, 2477256.899955678731203 ], [ 2416922.987725016660988, 2477124.786783820018172 ], [ 2416658.763965082820505, 2477168.824813636951149 ], [ 2416570.689990152139217, 2476552.296066568233073 ], [ 2417099.135674878023565, 2476288.068805258721113 ], [ 2417143.172662343364209, 2476288.068805258721113 ], [ 2417187.210567379370332, 2476288.068805258721113 ], [ 2417231.247554844710976, 2476244.031693034339696 ], [ 2417231.247554844710976, 2476199.993663216941059 ], [ 2417231.247554844710976, 2476155.955633400008082 ], [ 2417187.210567379370332, 2476067.880491358228028 ], [ 2417143.172662343364209, 2476023.842461541295052 ], [ 2417099.135674878023565, 2475891.729289682582021 ], [ 2417099.135674878023565, 2475847.691259865649045 ], [ 2417055.098687412682921, 2475759.615200231317431 ], [ 2417055.098687412682921, 2475495.38885651435703 ], [ 2417011.061699947342277, 2475451.350826696958393 ], [ 2417055.098687412682921, 2475407.313714472576976 ], [ 2417055.098687412682921, 2475363.275684655644 ], [ 2417099.135674878023565, 2475319.237654838245362 ], [ 2417099.135674878023565, 2475275.199625021312386 ], [ 2417099.135674878023565, 2475231.162512796930969 ], [ 2417143.172662343364209, 2475143.086453162599355 ], [ 2417143.172662343364209, 2475099.049340938217938 ], [ 2417099.135674878023565, 2474878.860109445638955 ], [ 2417099.135674878023565, 2474834.822079628240317 ], [ 2417143.172662343364209, 2474746.746937586925924 ], [ 2417143.172662343364209, 2474658.67087795259431 ], [ 2417143.172662343364209, 2474614.632848135661334 ], [ 2417055.098687412682921, 2474350.406504418235272 ], [ 2416967.024712482001632, 2474086.180160701274872 ], [ 2416878.949819980189204, 2473954.066071250010282 ], [ 2416790.875845049507916, 2473777.915787166915834 ], [ 2416790.875845049507916, 2473689.83972753258422 ], [ 2416658.763965082820505, 2473381.575353998225182 ], [ 2416658.763965082820505, 2473293.500211956910789 ], [ 2416658.763965082820505, 2473205.424152322579175 ], [ 2416658.763965082820505, 2473117.349010281264782 ], [ 2416702.801870118826628, 2473073.310980463866144 ], [ 2416746.838857584167272, 2472985.234920829534531 ], [ 2416746.838857584167272, 2472853.121748971287161 ], [ 2416790.875845049507916, 2472809.083719153888524 ], [ 2416834.91283251484856, 2472765.046606929507107 ], [ 2416834.91283251484856, 2472721.00857711257413 ], [ 2416967.024712482001632, 2472500.819345619529486 ], [ 2417011.061699947342277, 2472500.819345619529486 ], [ 2417011.061699947342277, 2472456.782233395148069 ], [ 2417011.061699947342277, 2472412.744203578215092 ], [ 2417011.061699947342277, 2472368.706173761282116 ], [ 2416967.024712482001632, 2472324.668143943883479 ], [ 2416967.024712482001632, 2472280.631031719502062 ], [ 2417011.061699947342277, 2472192.554972085170448 ], [ 2417011.061699947342277, 2472148.516942268237472 ], [ 2416922.987725016660988, 2472104.479830043856055 ], [ 2416922.987725016660988, 2472016.403770409524441 ], [ 2416922.987725016660988, 2471972.366658185143024 ], [ 2416922.987725016660988, 2471928.328628368210047 ], [ 2416922.987725016660988, 2471884.290598551277071 ], [ 2416922.987725016660988, 2471840.252568733878434 ], [ 2416878.949819980189204, 2471796.215456509497017 ], [ 2416878.949819980189204, 2471752.17742669256404 ], [ 2416878.949819980189204, 2471708.139396875165403 ], [ 2416878.949819980189204, 2471664.101367058232427 ], [ 2416834.91283251484856, 2471620.06425483385101 ], [ 2416482.616015221457928, 2471664.101367058232427 ], [ 2416262.430160323623568, 2471708.139396875165403 ], [ 2416262.430160323623568, 2471752.17742669256404 ], [ 2416262.430160323623568, 2471840.252568733878434 ], [ 2416130.318280356936157, 2471840.252568733878434 ], [ 2416130.318280356936157, 2471884.290598551277071 ], [ 2416086.281292891595513, 2471884.290598551277071 ], [ 2416042.244305426254869, 2471840.252568733878434 ], [ 2415998.207317960914224, 2471840.252568733878434 ], [ 2415954.16941292444244, 2471840.252568733878434 ], [ 2415910.132425459101796, 2471840.252568733878434 ], [ 2415822.058450528420508, 2471796.215456509497017 ], [ 2415733.98447559773922, 2471708.139396875165403 ], [ 2415689.946570561733097, 2471664.101367058232427 ], [ 2415645.909583096392453, 2471620.06425483385101 ], [ 2415601.872595631051809, 2471620.06425483385101 ], [ 2415557.835608165711164, 2471576.026225016918033 ], [ 2415513.79862070037052, 2471531.988195199519396 ], [ 2415425.723728198558092, 2471487.951082975137979 ], [ 2415293.61276580253616, 2471355.836993523873389 ], [ 2415249.574860766530037, 2471355.836993523873389 ], [ 2415029.389923439826816, 2471179.685791848227382 ], [ 2414985.352018403355032, 2471135.648679623845965 ], [ 2414941.315030938014388, 2471003.534590172581375 ], [ 2414941.315030938014388, 2470959.497477948199958 ], [ 2414897.278043472673744, 2470871.421418313868344 ], [ 2414853.2410560073331, 2470783.346276272553951 ], [ 2414853.2410560073331, 2470739.308246455155313 ], [ 2414765.166163505986333, 2470607.195074596907943 ], [ 2414765.166163505986333, 2470563.157044779509306 ], [ 2414677.092188575305045, 2470342.967813286930323 ], [ 2414633.055201109964401, 2470298.930701062548906 ], [ 2414633.055201109964401, 2470254.892671245150268 ], [ 2414633.055201109964401, 2470122.779499386437237 ], [ 2414677.092188575305045, 2469946.62829771079123 ], [ 2414677.092188575305045, 2469902.590267893858254 ], [ 2414677.092188575305045, 2469858.552238076925278 ], [ 2414721.129176040645689, 2469726.439066218212247 ], [ 2414721.129176040645689, 2469682.40195399383083 ], [ 2414721.129176040645689, 2469638.363924176432192 ], [ 2414765.166163505986333, 2469638.363924176432192 ], [ 2414765.166163505986333, 2469594.325894359499216 ], [ 2414721.129176040645689, 2469594.325894359499216 ], [ 2414677.092188575305045, 2469594.325894359499216 ], [ 2414633.055201109964401, 2469594.325894359499216 ], [ 2414633.055201109964401, 2469638.363924176432192 ], [ 2414633.055201109964401, 2469594.325894359499216 ], [ 2414589.018213644623756, 2469594.325894359499216 ], [ 2414589.018213644623756, 2469638.363924176432192 ], [ 2414544.980308608151972, 2469638.363924176432192 ], [ 2414589.018213644623756, 2469638.363924176432192 ], [ 2414589.018213644623756, 2469682.40195399383083 ], [ 2414544.980308608151972, 2469682.40195399383083 ], [ 2414544.980308608151972, 2469726.439066218212247 ], [ 2414500.943321142811328, 2469726.439066218212247 ], [ 2414500.943321142811328, 2469770.477096035145223 ], [ 2414456.906333677470684, 2469770.477096035145223 ], [ 2414456.906333677470684, 2469814.515125852543861 ], [ 2414500.943321142811328, 2469814.515125852543861 ], [ 2414500.943321142811328, 2469858.552238076925278 ], [ 2414456.906333677470684, 2469858.552238076925278 ], [ 2414456.906333677470684, 2469902.590267893858254 ], [ 2414456.906333677470684, 2469946.62829771079123 ], [ 2414456.906333677470684, 2469990.666327528189868 ], [ 2414456.906333677470684, 2470034.703439752571285 ], [ 2414456.906333677470684, 2470078.741469569504261 ], [ 2414500.943321142811328, 2470078.741469569504261 ], [ 2414500.943321142811328, 2470122.779499386437237 ], [ 2414500.943321142811328, 2470166.817529203835875 ], [ 2414500.943321142811328, 2470210.854641428217292 ], [ 2414456.906333677470684, 2470210.854641428217292 ], [ 2414456.906333677470684, 2470254.892671245150268 ], [ 2414412.86934621213004, 2470254.892671245150268 ], [ 2414412.86934621213004, 2470298.930701062548906 ], [ 2414368.832358746789396, 2470342.967813286930323 ], [ 2414368.832358746789396, 2470387.005843103863299 ], [ 2414324.795371281448752, 2470387.005843103863299 ], [ 2414280.757466245442629, 2470387.005843103863299 ], [ 2414280.757466245442629, 2470431.043872920796275 ], [ 2414236.720478780101985, 2470431.043872920796275 ], [ 2414192.683491314761341, 2470431.043872920796275 ], [ 2414148.646503849420696, 2470431.043872920796275 ], [ 2414148.646503849420696, 2470475.081902738194913 ], [ 2414104.609516384080052, 2470475.081902738194913 ], [ 2414060.571611347608268, 2470475.081902738194913 ], [ 2414016.534623882267624, 2470475.081902738194913 ], [ 2413972.49763641692698, 2470475.081902738194913 ], [ 2413972.49763641692698, 2470519.11901496257633 ], [ 2413928.460648951586336, 2470519.11901496257633 ], [ 2413884.423661486245692, 2470519.11901496257633 ], [ 2413840.385756449773908, 2470519.11901496257633 ], [ 2413796.348768984898925, 2470519.11901496257633 ], [ 2413752.311781519558281, 2470519.11901496257633 ], [ 2413708.274794054217637, 2470519.11901496257633 ], [ 2413664.237806588876992, 2470475.081902738194913 ], [ 2413664.237806588876992, 2470431.043872920796275 ], [ 2413664.237806588876992, 2470387.005843103863299 ], [ 2413620.200819123536348, 2470387.005843103863299 ], [ 2413576.162914087064564, 2470387.005843103863299 ], [ 2413532.12592662172392, 2470387.005843103863299 ], [ 2413532.12592662172392, 2470431.043872920796275 ], [ 2413532.12592662172392, 2470475.081902738194913 ], [ 2413488.088939156383276, 2470519.11901496257633 ], [ 2413532.12592662172392, 2470519.11901496257633 ], [ 2413532.12592662172392, 2470563.157044779509306 ], [ 2413532.12592662172392, 2470607.195074596907943 ], [ 2413488.088939156383276, 2470607.195074596907943 ], [ 2413488.088939156383276, 2470651.23310441384092 ], [ 2413488.088939156383276, 2470695.270216638222337 ], [ 2413444.051951691042632, 2470695.270216638222337 ], [ 2413444.051951691042632, 2470739.308246455155313 ], [ 2413400.014964225701988, 2470739.308246455155313 ], [ 2413355.977059189230204, 2470739.308246455155313 ], [ 2413355.977059189230204, 2470695.270216638222337 ], [ 2413355.977059189230204, 2470651.23310441384092 ], [ 2413355.977059189230204, 2470607.195074596907943 ], [ 2413355.977059189230204, 2470563.157044779509306 ], [ 2413311.94007172388956, 2470563.157044779509306 ], [ 2413311.94007172388956, 2470519.11901496257633 ], [ 2413311.94007172388956, 2470475.081902738194913 ], [ 2413267.903084259014577, 2470475.081902738194913 ], [ 2413267.903084259014577, 2470431.043872920796275 ], [ 2413267.903084259014577, 2470387.005843103863299 ], [ 2413267.903084259014577, 2470342.967813286930323 ], [ 2413223.866096793673933, 2470342.967813286930323 ], [ 2413223.866096793673933, 2470387.005843103863299 ], [ 2413179.829109328333288, 2470387.005843103863299 ], [ 2413135.791204291861504, 2470387.005843103863299 ], [ 2413091.75421682652086, 2470387.005843103863299 ], [ 2413091.75421682652086, 2470342.967813286930323 ], [ 2413047.717229361180216, 2470342.967813286930323 ], [ 2413003.680241895839572, 2470342.967813286930323 ], [ 2413003.680241895839572, 2470298.930701062548906 ], [ 2412959.643254430498928, 2470298.930701062548906 ], [ 2412959.643254430498928, 2470342.967813286930323 ], [ 2412959.643254430498928, 2470387.005843103863299 ], [ 2413003.680241895839572, 2470387.005843103863299 ], [ 2413003.680241895839572, 2470431.043872920796275 ], [ 2413003.680241895839572, 2470475.081902738194913 ], [ 2413003.680241895839572, 2470519.11901496257633 ], [ 2413003.680241895839572, 2470563.157044779509306 ], [ 2412959.643254430498928, 2470563.157044779509306 ], [ 2412959.643254430498928, 2470607.195074596907943 ], [ 2412915.606266965158284, 2470607.195074596907943 ], [ 2412915.606266965158284, 2470563.157044779509306 ], [ 2412915.606266965158284, 2470519.11901496257633 ], [ 2412915.606266965158284, 2470475.081902738194913 ], [ 2412915.606266965158284, 2470431.043872920796275 ], [ 2412959.643254430498928, 2470431.043872920796275 ], [ 2412915.606266965158284, 2470387.005843103863299 ], [ 2412871.5683619286865, 2470387.005843103863299 ], [ 2412827.531374463811517, 2470387.005843103863299 ], [ 2412827.531374463811517, 2470342.967813286930323 ], [ 2412783.494386998470873, 2470342.967813286930323 ], [ 2412739.457399533130229, 2470342.967813286930323 ], [ 2412739.457399533130229, 2470387.005843103863299 ], [ 2412783.494386998470873, 2470387.005843103863299 ], [ 2412783.494386998470873, 2470431.043872920796275 ], [ 2412783.494386998470873, 2470475.081902738194913 ], [ 2412783.494386998470873, 2470519.11901496257633 ], [ 2412783.494386998470873, 2470563.157044779509306 ], [ 2412783.494386998470873, 2470607.195074596907943 ], [ 2412739.457399533130229, 2470607.195074596907943 ], [ 2412739.457399533130229, 2470563.157044779509306 ], [ 2412695.420412067789584, 2470563.157044779509306 ], [ 2412695.420412067789584, 2470519.11901496257633 ], [ 2412651.3825070313178, 2470519.11901496257633 ], [ 2412607.345519565977156, 2470519.11901496257633 ], [ 2412563.308532100636512, 2470519.11901496257633 ], [ 2412519.271544635295868, 2470519.11901496257633 ], [ 2412519.271544635295868, 2470563.157044779509306 ], [ 2412475.234557169955224, 2470563.157044779509306 ], [ 2412475.234557169955224, 2470607.195074596907943 ], [ 2412431.19665213348344, 2470607.195074596907943 ], [ 2412431.19665213348344, 2470651.23310441384092 ], [ 2412431.19665213348344, 2470695.270216638222337 ], [ 2412387.159664668142796, 2470695.270216638222337 ], [ 2412387.159664668142796, 2470739.308246455155313 ], [ 2412343.122677202802151, 2470739.308246455155313 ], [ 2412343.122677202802151, 2470783.346276272553951 ], [ 2412299.085689737461507, 2470783.346276272553951 ], [ 2412299.085689737461507, 2470827.384306089486927 ], [ 2412255.048702272586524, 2470827.384306089486927 ], [ 2412255.048702272586524, 2470871.421418313868344 ], [ 2412211.01171480724588, 2470871.421418313868344 ], [ 2412211.01171480724588, 2470915.45944813080132 ], [ 2412166.973809770774096, 2470915.45944813080132 ], [ 2412166.973809770774096, 2470871.421418313868344 ], [ 2412122.936822305433452, 2470871.421418313868344 ], [ 2412078.899834840092808, 2470871.421418313868344 ], [ 2412078.899834840092808, 2470827.384306089486927 ], [ 2412034.862847374752164, 2470827.384306089486927 ], [ 2411990.82585990941152, 2470827.384306089486927 ], [ 2411990.82585990941152, 2470871.421418313868344 ], [ 2411946.787954872939736, 2470871.421418313868344 ], [ 2411902.750967407599092, 2470871.421418313868344 ], [ 2411902.750967407599092, 2470915.45944813080132 ], [ 2411858.713979942258447, 2470915.45944813080132 ], [ 2411858.713979942258447, 2470959.497477948199958 ], [ 2411858.713979942258447, 2471003.534590172581375 ], [ 2411858.713979942258447, 2471047.572619989514351 ], [ 2411858.713979942258447, 2471091.610649806912988 ], [ 2411858.713979942258447, 2471135.648679623845965 ], [ 2411858.713979942258447, 2471179.685791848227382 ], [ 2411814.676992476917803, 2471179.685791848227382 ], [ 2411814.676992476917803, 2471135.648679623845965 ], [ 2411770.64000501204282, 2471135.648679623845965 ], [ 2411726.603017546702176, 2471135.648679623845965 ], [ 2411726.603017546702176, 2471091.610649806912988 ], [ 2411682.565112510230392, 2471091.610649806912988 ], [ 2411682.565112510230392, 2471047.572619989514351 ], [ 2411638.528125044889748, 2471047.572619989514351 ], [ 2411594.491137579549104, 2471047.572619989514351 ], [ 2411550.45415011420846, 2471091.610649806912988 ], [ 2411550.45415011420846, 2471135.648679623845965 ], [ 2411550.45415011420846, 2471179.685791848227382 ], [ 2411506.417162648867816, 2471179.685791848227382 ], [ 2411506.417162648867816, 2471223.723821665160358 ], [ 2411462.379257612396032, 2471223.723821665160358 ], [ 2411418.342270147055387, 2471223.723821665160358 ], [ 2411374.305282681714743, 2471223.723821665160358 ], [ 2411374.305282681714743, 2471267.761851482558995 ], [ 2411418.342270147055387, 2471267.761851482558995 ], [ 2411418.342270147055387, 2471311.799881299491972 ], [ 2411418.342270147055387, 2471355.836993523873389 ], [ 2411462.379257612396032, 2471355.836993523873389 ], [ 2411462.379257612396032, 2471399.875023341272026 ], [ 2411506.417162648867816, 2471399.875023341272026 ], [ 2411506.417162648867816, 2471443.913053158205003 ], [ 2411462.379257612396032, 2471487.951082975137979 ], [ 2411462.379257612396032, 2471531.988195199519396 ], [ 2411418.342270147055387, 2471531.988195199519396 ], [ 2411418.342270147055387, 2471576.026225016918033 ], [ 2411418.342270147055387, 2471620.06425483385101 ], [ 2411374.305282681714743, 2471620.06425483385101 ], [ 2411374.305282681714743, 2471664.101367058232427 ], [ 2411374.305282681714743, 2471708.139396875165403 ], [ 2411374.305282681714743, 2471752.17742669256404 ], [ 2411330.268295216374099, 2471752.17742669256404 ], [ 2411330.268295216374099, 2471796.215456509497017 ], [ 2411286.231307751499116, 2471796.215456509497017 ], [ 2411286.231307751499116, 2471840.252568733878434 ], [ 2411242.193402715027332, 2471884.290598551277071 ], [ 2411242.193402715027332, 2471928.328628368210047 ], [ 2411242.193402715027332, 2471972.366658185143024 ], [ 2411198.156415249686688, 2471972.366658185143024 ], [ 2411198.156415249686688, 2472016.403770409524441 ], [ 2411154.119427784346044, 2472060.441800226923078 ], [ 2411154.119427784346044, 2472104.479830043856055 ], [ 2411110.0824403190054, 2472104.479830043856055 ], [ 2411110.0824403190054, 2472148.516942268237472 ], [ 2411066.045452853664756, 2472148.516942268237472 ], [ 2411066.045452853664756, 2472192.554972085170448 ], [ 2411022.008465388324112, 2472192.554972085170448 ], [ 2411022.008465388324112, 2472236.593001902569085 ], [ 2410977.970560351852328, 2472236.593001902569085 ], [ 2410977.970560351852328, 2472280.631031719502062 ], [ 2410933.933572886511683, 2472280.631031719502062 ], [ 2410889.896585421171039, 2472280.631031719502062 ], [ 2410889.896585421171039, 2472324.668143943883479 ], [ 2410889.896585421171039, 2472368.706173761282116 ], [ 2410845.859597955830395, 2472412.744203578215092 ], [ 2410845.859597955830395, 2472456.782233395148069 ], [ 2410845.859597955830395, 2472500.819345619529486 ], [ 2410889.896585421171039, 2472500.819345619529486 ], [ 2410933.933572886511683, 2472500.819345619529486 ], [ 2410933.933572886511683, 2472544.857375436928123 ], [ 2410977.970560351852328, 2472544.857375436928123 ], [ 2411022.008465388324112, 2472544.857375436928123 ], [ 2411066.045452853664756, 2472544.857375436928123 ], [ 2411066.045452853664756, 2472500.819345619529486 ], [ 2411110.0824403190054, 2472456.782233395148069 ], [ 2411154.119427784346044, 2472456.782233395148069 ], [ 2411198.156415249686688, 2472456.782233395148069 ], [ 2411198.156415249686688, 2472500.819345619529486 ], [ 2411242.193402715027332, 2472500.819345619529486 ], [ 2411242.193402715027332, 2472544.857375436928123 ], [ 2411198.156415249686688, 2472588.895405253861099 ], [ 2411198.156415249686688, 2472632.933435071259737 ], [ 2411198.156415249686688, 2472676.970547295641154 ], [ 2411242.193402715027332, 2472676.970547295641154 ], [ 2411286.231307751499116, 2472676.970547295641154 ], [ 2411330.268295216374099, 2472676.970547295641154 ], [ 2411330.268295216374099, 2472632.933435071259737 ], [ 2411330.268295216374099, 2472676.970547295641154 ], [ 2411330.268295216374099, 2472721.00857711257413 ], [ 2411330.268295216374099, 2472765.046606929507107 ], [ 2411330.268295216374099, 2472809.083719153888524 ], [ 2411330.268295216374099, 2472853.121748971287161 ], [ 2411330.268295216374099, 2472897.159778788220137 ], [ 2411286.231307751499116, 2472897.159778788220137 ], [ 2411286.231307751499116, 2472941.197808605618775 ], [ 2411242.193402715027332, 2472941.197808605618775 ], [ 2411198.156415249686688, 2472985.234920829534531 ], [ 2411154.119427784346044, 2472985.234920829534531 ], [ 2411110.0824403190054, 2472985.234920829534531 ], [ 2411066.045452853664756, 2472985.234920829534531 ], [ 2411066.045452853664756, 2473029.272950646933168 ], [ 2411022.008465388324112, 2473029.272950646933168 ], [ 2411022.008465388324112, 2473073.310980463866144 ], [ 2411022.008465388324112, 2473117.349010281264782 ], [ 2410977.970560351852328, 2473117.349010281264782 ], [ 2410977.970560351852328, 2473161.386122505646199 ], [ 2410977.970560351852328, 2473205.424152322579175 ], [ 2410977.970560351852328, 2473249.462182139512151 ], [ 2410977.970560351852328, 2473293.500211956910789 ], [ 2411022.008465388324112, 2473293.500211956910789 ], [ 2411022.008465388324112, 2473337.537324181292206 ], [ 2411022.008465388324112, 2473381.575353998225182 ], [ 2411022.008465388324112, 2473425.61338381562382 ], [ 2410977.970560351852328, 2473425.61338381562382 ], [ 2410933.933572886511683, 2473425.61338381562382 ], [ 2410889.896585421171039, 2473425.61338381562382 ], [ 2410845.859597955830395, 2473425.61338381562382 ], [ 2410845.859597955830395, 2473381.575353998225182 ], [ 2410845.859597955830395, 2473337.537324181292206 ], [ 2410801.822610490955412, 2473337.537324181292206 ], [ 2410801.822610490955412, 2473293.500211956910789 ], [ 2410801.822610490955412, 2473249.462182139512151 ], [ 2410757.784705454483628, 2473249.462182139512151 ], [ 2410713.747717989142984, 2473249.462182139512151 ], [ 2410713.747717989142984, 2473293.500211956910789 ], [ 2410669.71073052380234, 2473293.500211956910789 ], [ 2410669.71073052380234, 2473337.537324181292206 ], [ 2410669.71073052380234, 2473381.575353998225182 ], [ 2410625.673743058461696, 2473425.61338381562382 ], [ 2410625.673743058461696, 2473469.650496039539576 ], [ 2410625.673743058461696, 2473513.688525856938213 ], [ 2410625.673743058461696, 2473557.726555673871189 ], [ 2410581.636755593121052, 2473601.764585491269827 ], [ 2410581.636755593121052, 2473645.801697715651244 ], [ 2410537.598850556649268, 2473645.801697715651244 ], [ 2410537.598850556649268, 2473689.83972753258422 ], [ 2410493.561863091308624, 2473645.801697715651244 ], [ 2410493.561863091308624, 2473601.764585491269827 ], [ 2410449.524875625967979, 2473601.764585491269827 ], [ 2410405.487888160627335, 2473645.801697715651244 ], [ 2410361.450900695286691, 2473689.83972753258422 ], [ 2410317.413913230411708, 2473689.83972753258422 ], [ 2410317.413913230411708, 2473733.877757349982858 ], [ 2410273.376008193939924, 2473733.877757349982858 ], [ 2410229.33902072859928, 2473733.877757349982858 ], [ 2410229.33902072859928, 2473777.915787166915834 ], [ 2410185.302033263258636, 2473777.915787166915834 ], [ 2410141.265045797917992, 2473777.915787166915834 ], [ 2410097.228058332577348, 2473777.915787166915834 ], [ 2410053.190153296105564, 2473777.915787166915834 ], [ 2410009.15316583076492, 2473777.915787166915834 ], [ 2410009.15316583076492, 2473733.877757349982858 ], [ 2409965.116178365424275, 2473733.877757349982858 ], [ 2409921.079190900083631, 2473733.877757349982858 ], [ 2409921.079190900083631, 2473689.83972753258422 ], [ 2409921.079190900083631, 2473645.801697715651244 ], [ 2409877.042203434742987, 2473645.801697715651244 ], [ 2409877.042203434742987, 2473601.764585491269827 ], [ 2409833.004298398736864, 2473601.764585491269827 ], [ 2409833.004298398736864, 2473645.801697715651244 ], [ 2409833.004298398736864, 2473689.83972753258422 ], [ 2409833.004298398736864, 2473733.877757349982858 ], [ 2409788.96731093339622, 2473733.877757349982858 ], [ 2409788.96731093339622, 2473777.915787166915834 ], [ 2409744.930323468055576, 2473777.915787166915834 ], [ 2409744.930323468055576, 2473821.952899391297251 ], [ 2409744.930323468055576, 2473865.990929208230227 ], [ 2409700.893336002714932, 2473910.028959025628865 ], [ 2409656.856348537374288, 2473910.028959025628865 ], [ 2409656.856348537374288, 2473865.990929208230227 ], [ 2409656.856348537374288, 2473821.952899391297251 ], [ 2409612.819361072033644, 2473821.952899391297251 ], [ 2409568.78145603556186, 2473821.952899391297251 ], [ 2409524.744468570221215, 2473821.952899391297251 ], [ 2409524.744468570221215, 2473865.990929208230227 ], [ 2409480.707481104880571, 2473865.990929208230227 ], [ 2409480.707481104880571, 2473910.028959025628865 ], [ 2409524.744468570221215, 2473910.028959025628865 ], [ 2409524.744468570221215, 2473954.066071250010282 ], [ 2409568.78145603556186, 2473954.066071250010282 ], [ 2409568.78145603556186, 2473998.104101066943258 ], [ 2409568.78145603556186, 2474042.142130883876234 ], [ 2409568.78145603556186, 2474086.180160701274872 ], [ 2409568.78145603556186, 2474130.217272925656289 ], [ 2409568.78145603556186, 2474174.255302742589265 ], [ 2409524.744468570221215, 2474218.293332559987903 ], [ 2409480.707481104880571, 2474218.293332559987903 ], [ 2409436.670493639539927, 2474218.293332559987903 ], [ 2409436.670493639539927, 2474174.255302742589265 ], [ 2409436.670493639539927, 2474130.217272925656289 ], [ 2409392.633506174199283, 2474130.217272925656289 ], [ 2409392.633506174199283, 2474086.180160701274872 ], [ 2409348.59560113819316, 2474086.180160701274872 ], [ 2409348.59560113819316, 2474042.142130883876234 ], [ 2409304.558613672852516, 2474042.142130883876234 ], [ 2409304.558613672852516, 2473998.104101066943258 ], [ 2409260.521626207511872, 2473998.104101066943258 ], [ 2409216.484638742171228, 2473998.104101066943258 ], [ 2409216.484638742171228, 2474042.142130883876234 ], [ 2409172.447651276830584, 2474042.142130883876234 ], [ 2409172.447651276830584, 2474086.180160701274872 ], [ 2409128.4097462403588, 2474086.180160701274872 ], [ 2409128.4097462403588, 2474130.217272925656289 ], [ 2409128.4097462403588, 2474174.255302742589265 ], [ 2409084.372758775018156, 2474174.255302742589265 ], [ 2409084.372758775018156, 2474218.293332559987903 ], [ 2409040.335771309677511, 2474218.293332559987903 ], [ 2409040.335771309677511, 2474262.331362376920879 ], [ 2408996.298783844336867, 2474262.331362376920879 ], [ 2408952.261796378996223, 2474262.331362376920879 ], [ 2408952.261796378996223, 2474218.293332559987903 ], [ 2408908.224808913655579, 2474218.293332559987903 ], [ 2408864.186903877649456, 2474218.293332559987903 ], [ 2408820.149916412308812, 2474218.293332559987903 ], [ 2408776.112928946968168, 2474218.293332559987903 ], [ 2408732.075941481627524, 2474218.293332559987903 ], [ 2408688.03895401628688, 2474218.293332559987903 ], [ 2408644.001048979815096, 2474174.255302742589265 ], [ 2408644.001048979815096, 2474218.293332559987903 ], [ 2408644.001048979815096, 2474262.331362376920879 ], [ 2408599.964061514474452, 2474262.331362376920879 ], [ 2408599.964061514474452, 2474306.368474601302296 ], [ 2408555.927074049133807, 2474306.368474601302296 ], [ 2408555.927074049133807, 2474350.406504418235272 ], [ 2408511.890086583793163, 2474350.406504418235272 ], [ 2408511.890086583793163, 2474394.44453423563391 ], [ 2408467.853099118452519, 2474394.44453423563391 ], [ 2408423.815194082446396, 2474394.44453423563391 ], [ 2408423.815194082446396, 2474438.482564052566886 ], [ 2408379.778206617105752, 2474438.482564052566886 ], [ 2408379.778206617105752, 2474482.519676276948303 ], [ 2408335.741219151765108, 2474482.519676276948303 ], [ 2408335.741219151765108, 2474526.557706093881279 ], [ 2408291.704231686424464, 2474526.557706093881279 ], [ 2408247.66724422108382, 2474526.557706093881279 ], [ 2408247.66724422108382, 2474570.595735911279917 ], [ 2408203.630256755743176, 2474570.595735911279917 ], [ 2408203.630256755743176, 2474614.632848135661334 ], [ 2408159.592351719271392, 2474614.632848135661334 ], [ 2408159.592351719271392, 2474658.67087795259431 ], [ 2408115.555364253930748, 2474658.67087795259431 ], [ 2408071.518376788590103, 2474702.708907769992948 ], [ 2408027.481389323249459, 2474702.708907769992948 ], [ 2408027.481389323249459, 2474746.746937586925924 ], [ 2407983.444401857908815, 2474746.746937586925924 ], [ 2407939.406496821902692, 2474702.708907769992948 ], [ 2407939.406496821902692, 2474746.746937586925924 ], [ 2407895.369509356562048, 2474746.746937586925924 ], [ 2407895.369509356562048, 2474790.784049811307341 ], [ 2407851.332521891221404, 2474790.784049811307341 ], [ 2407851.332521891221404, 2474834.822079628240317 ], [ 2407807.29553442588076, 2474834.822079628240317 ], [ 2407807.29553442588076, 2474878.860109445638955 ], [ 2407763.258546960540116, 2474878.860109445638955 ], [ 2407763.258546960540116, 2474922.898139262571931 ], [ 2407719.221559495199472, 2474966.935251486953348 ], [ 2407719.221559495199472, 2475010.973281304351985 ], [ 2407675.183654458727688, 2475010.973281304351985 ], [ 2407631.146666993387043, 2475010.973281304351985 ], [ 2407587.109679528046399, 2475010.973281304351985 ], [ 2407587.109679528046399, 2475055.011311121284962 ], [ 2407587.109679528046399, 2475099.049340938217938 ], [ 2407587.109679528046399, 2475143.086453162599355 ], [ 2407631.146666993387043, 2475143.086453162599355 ], [ 2407587.109679528046399, 2475143.086453162599355 ], [ 2407587.109679528046399, 2475187.124482979997993 ], [ 2407543.072692062705755, 2475187.124482979997993 ], [ 2407543.072692062705755, 2475231.162512796930969 ], [ 2407587.109679528046399, 2475231.162512796930969 ], [ 2407587.109679528046399, 2475275.199625021312386 ], [ 2407543.072692062705755, 2475319.237654838245362 ], [ 2407543.072692062705755, 2475363.275684655644 ], [ 2407499.035704597365111, 2475363.275684655644 ], [ 2407499.035704597365111, 2475407.313714472576976 ], [ 2407454.997799561358988, 2475407.313714472576976 ], [ 2407410.960812096018344, 2475407.313714472576976 ], [ 2407410.960812096018344, 2475451.350826696958393 ], [ 2407410.960812096018344, 2475495.38885651435703 ], [ 2407366.9238246306777, 2475495.38885651435703 ], [ 2407322.886837165337056, 2475495.38885651435703 ], [ 2407322.886837165337056, 2475539.426886331290007 ], [ 2407322.886837165337056, 2475583.464916148222983 ], [ 2407322.886837165337056, 2475627.5020283726044 ], [ 2407322.886837165337056, 2475671.540058190003037 ], [ 2407322.886837165337056, 2475715.578088006936014 ], [ 2407366.9238246306777, 2475759.615200231317431 ], [ 2407366.9238246306777, 2475803.653230048716068 ], [ 2407322.886837165337056, 2475803.653230048716068 ], [ 2407322.886837165337056, 2475847.691259865649045 ], [ 2407278.849849699996412, 2475847.691259865649045 ], [ 2407278.849849699996412, 2475891.729289682582021 ], [ 2407278.849849699996412, 2475935.766401906963438 ], [ 2407278.849849699996412, 2475979.804431724362075 ], [ 2407234.811944663524628, 2476023.842461541295052 ], [ 2407234.811944663524628, 2476067.880491358228028 ], [ 2407234.811944663524628, 2476111.917603582609445 ], [ 2407234.811944663524628, 2476155.955633400008082 ], [ 2407234.811944663524628, 2476199.993663216941059 ], [ 2407190.774957198183984, 2476199.993663216941059 ], [ 2407190.774957198183984, 2476244.031693034339696 ], [ 2407190.774957198183984, 2476288.068805258721113 ], [ 2407146.737969732843339, 2476288.068805258721113 ], [ 2407146.737969732843339, 2476332.106835075654089 ], [ 2407146.737969732843339, 2476376.144864892587066 ], [ 2407146.737969732843339, 2476420.181977116968483 ], [ 2407102.700982267502695, 2476420.181977116968483 ], [ 2407102.700982267502695, 2476464.22000693436712 ], [ 2407058.663994802162051, 2476464.22000693436712 ], [ 2407058.663994802162051, 2476508.258036751300097 ], [ 2407058.663994802162051, 2476552.296066568233073 ], [ 2407014.627007336821407, 2476552.296066568233073 ], [ 2407014.627007336821407, 2476596.33317879261449 ], [ 2407014.627007336821407, 2476640.371208610013127 ], [ 2406970.589102300815284, 2476640.371208610013127 ], [ 2406970.589102300815284, 2476684.409238426946104 ], [ 2407014.627007336821407, 2476684.409238426946104 ], [ 2407014.627007336821407, 2476728.447268244344741 ], [ 2407058.663994802162051, 2476728.447268244344741 ], [ 2407058.663994802162051, 2476772.484380468726158 ], [ 2407014.627007336821407, 2476772.484380468726158 ], [ 2407014.627007336821407, 2476816.522410285659134 ], [ 2407014.627007336821407, 2476772.484380468726158 ], [ 2406970.589102300815284, 2476772.484380468726158 ], [ 2406970.589102300815284, 2476816.522410285659134 ], [ 2406970.589102300815284, 2476860.560440102592111 ], [ 2407014.627007336821407, 2476904.597552326973528 ], [ 2406970.589102300815284, 2476904.597552326973528 ], [ 2406970.589102300815284, 2476948.635582144372165 ], [ 2406926.55211483547464, 2476948.635582144372165 ], [ 2406926.55211483547464, 2476992.673611961305141 ], [ 2406882.515127370133996, 2477036.711641778703779 ], [ 2406838.478139904793352, 2477036.711641778703779 ], [ 2406838.478139904793352, 2477080.748754003085196 ], [ 2406794.441152439452708, 2477080.748754003085196 ], [ 2406750.403247402980924, 2477124.786783820018172 ], [ 2406750.403247402980924, 2477168.824813636951149 ], [ 2406750.403247402980924, 2477212.862843454349786 ], [ 2406706.36625993764028, 2477212.862843454349786 ], [ 2406706.36625993764028, 2477256.899955678731203 ], [ 2406706.36625993764028, 2477300.937985495664179 ], [ 2406662.329272472299635, 2477300.937985495664179 ], [ 2406706.36625993764028, 2477300.937985495664179 ], [ 2406706.36625993764028, 2477344.976015312597156 ], [ 2406706.36625993764028, 2477389.014045129995793 ], [ 2406706.36625993764028, 2477433.05115735437721 ], [ 2406706.36625993764028, 2477477.089187171310186 ], [ 2406706.36625993764028, 2477521.127216988708824 ], [ 2406706.36625993764028, 2477565.164329213090241 ], [ 2406662.329272472299635, 2477565.164329213090241 ], [ 2406662.329272472299635, 2477609.202359030023217 ], [ 2406618.292285006958991, 2477609.202359030023217 ], [ 2406618.292285006958991, 2477653.240388846956193 ], [ 2406574.255297541618347, 2477653.240388846956193 ], [ 2406574.255297541618347, 2477697.278418664354831 ], [ 2406618.292285006958991, 2477697.278418664354831 ], [ 2406618.292285006958991, 2477741.315530888736248 ], [ 2406618.292285006958991, 2477785.353560705669224 ], [ 2406662.329272472299635, 2477829.391590523067862 ], [ 2406662.329272472299635, 2477873.429620340000838 ], [ 2406706.36625993764028, 2477873.429620340000838 ], [ 2406706.36625993764028, 2477917.466732564382255 ], [ 2406750.403247402980924, 2477917.466732564382255 ], [ 2406794.441152439452708, 2477917.466732564382255 ], [ 2406838.478139904793352, 2477917.466732564382255 ], [ 2406838.478139904793352, 2477961.504762381315231 ], [ 2406882.515127370133996, 2477961.504762381315231 ], [ 2406926.55211483547464, 2478005.542792198713869 ], [ 2406926.55211483547464, 2478049.580822015646845 ], [ 2406926.55211483547464, 2478093.617934240028262 ], [ 2406926.55211483547464, 2478137.655964056961238 ], [ 2406926.55211483547464, 2478181.693993874359876 ], [ 2406926.55211483547464, 2478225.731106098741293 ], [ 2406926.55211483547464, 2478269.769135915674269 ], [ 2406926.55211483547464, 2478313.807165733072907 ], [ 2406970.589102300815284, 2478313.807165733072907 ], [ 2406970.589102300815284, 2478357.845195550005883 ], [ 2406970.589102300815284, 2478401.8823077743873 ], [ 2407014.627007336821407, 2478401.8823077743873 ], [ 2407058.663994802162051, 2478401.8823077743873 ], [ 2407058.663994802162051, 2478445.920337591320276 ], [ 2407014.627007336821407, 2478489.958367408718914 ], [ 2407058.663994802162051, 2478489.958367408718914 ], [ 2407058.663994802162051, 2478533.99639722565189 ], [ 2407102.700982267502695, 2478533.99639722565189 ], [ 2407102.700982267502695, 2478489.958367408718914 ], [ 2407102.700982267502695, 2478533.99639722565189 ], [ 2407146.737969732843339, 2478533.99639722565189 ], [ 2407190.774957198183984, 2478533.99639722565189 ], [ 2407190.774957198183984, 2478578.033509450033307 ], [ 2407234.811944663524628, 2478578.033509450033307 ], [ 2407234.811944663524628, 2478622.071539266966283 ], [ 2407278.849849699996412, 2478622.071539266966283 ], [ 2407234.811944663524628, 2478622.071539266966283 ], [ 2407234.811944663524628, 2478666.109569084364921 ], [ 2407234.811944663524628, 2478710.146681308746338 ], [ 2407190.774957198183984, 2478710.146681308746338 ], [ 2407190.774957198183984, 2478754.184711125679314 ], [ 2407190.774957198183984, 2478798.222740943077952 ], [ 2407190.774957198183984, 2478842.260770760010928 ], [ 2407146.737969732843339, 2478842.260770760010928 ], [ 2407146.737969732843339, 2478886.297882984392345 ], [ 2407190.774957198183984, 2478886.297882984392345 ], [ 2407190.774957198183984, 2478930.335912801325321 ], [ 2407190.774957198183984, 2478886.297882984392345 ], [ 2407234.811944663524628, 2478886.297882984392345 ], [ 2407234.811944663524628, 2478930.335912801325321 ], [ 2407278.849849699996412, 2478930.335912801325321 ], [ 2407322.886837165337056, 2478930.335912801325321 ], [ 2407322.886837165337056, 2478974.373942618723959 ], [ 2407322.886837165337056, 2479018.411972435656935 ], [ 2407322.886837165337056, 2479062.449084660038352 ], [ 2407322.886837165337056, 2479106.48711447743699 ], [ 2407366.9238246306777, 2479106.48711447743699 ], [ 2407366.9238246306777, 2479150.525144294369966 ], [ 2407366.9238246306777, 2479194.563174111302942 ], [ 2407410.960812096018344, 2479194.563174111302942 ], [ 2407454.997799561358988, 2479194.563174111302942 ] ] } },
{ "type": "Feature", "properties": { }, "geometry": { "type": "LineString", "coordinates": [ [ 2407454.997799561358988, 2479194.563174111302942 ], [ 2407499.035704597365111, 2479194.563174111302942 ], [ 2407543.072692062705755, 2479194.563174111302942 ], [ 2407587.109679528046399, 2479194.563174111302942 ], [ 2407631.146666993387043, 2479194.563174111302942 ], [ 2407675.183654458727688, 2479238.600286335684359 ], [ 2407719.221559495199472, 2479238.600286335684359 ], [ 2407719.221559495199472, 2479282.638316153082997 ], [ 2407719.221559495199472, 2479326.676345970015973 ], [ 2407675.183654458727688, 2479326.676345970015973 ], [ 2407675.183654458727688, 2479370.71345819439739 ], [ 2407675.183654458727688, 2479414.751488011330366 ], [ 2407675.183654458727688, 2479458.789517828729004 ], [ 2407719.221559495199472, 2479502.82754764566198 ], [ 2407719.221559495199472, 2479546.864659870043397 ], [ 2407763.258546960540116, 2479546.864659870043397 ], [ 2407763.258546960540116, 2479590.902689687442034 ], [ 2407807.29553442588076, 2479590.902689687442034 ], [ 2407807.29553442588076, 2479634.940719504375011 ], [ 2407807.29553442588076, 2479678.978749321307987 ], [ 2407807.29553442588076, 2479723.015861545689404 ], [ 2407763.258546960540116, 2479723.015861545689404 ], [ 2407763.258546960540116, 2479767.053891363088042 ], [ 2407807.29553442588076, 2479767.053891363088042 ], [ 2407807.29553442588076, 2479811.091921180021018 ], [ 2407807.29553442588076, 2479855.129950997419655 ], [ 2407851.332521891221404, 2479855.129950997419655 ], [ 2407895.369509356562048, 2479855.129950997419655 ], [ 2407895.369509356562048, 2479899.167063221801072 ], [ 2407895.369509356562048, 2479943.205093038734049 ], [ 2407895.369509356562048, 2479987.243122855667025 ], [ 2407851.332521891221404, 2479987.243122855667025 ], [ 2407851.332521891221404, 2480031.280235080048442 ], [ 2407807.29553442588076, 2480031.280235080048442 ], [ 2407807.29553442588076, 2480075.318264897447079 ], [ 2407807.29553442588076, 2480119.356294714380056 ], [ 2407851.332521891221404, 2480119.356294714380056 ], [ 2407851.332521891221404, 2480163.394324531778693 ], [ 2407851.332521891221404, 2480207.431436755694449 ], [ 2407851.332521891221404, 2480251.469466573093086 ], [ 2407807.29553442588076, 2480251.469466573093086 ], [ 2407807.29553442588076, 2480295.507496390026063 ], [ 2407763.258546960540116, 2480295.507496390026063 ], [ 2407719.221559495199472, 2480295.507496390026063 ], [ 2407719.221559495199472, 2480251.469466573093086 ], [ 2407675.183654458727688, 2480251.469466573093086 ], [ 2407631.146666993387043, 2480251.469466573093086 ], [ 2407631.146666993387043, 2480295.507496390026063 ], [ 2407587.109679528046399, 2480295.507496390026063 ], [ 2407587.109679528046399, 2480339.5455262074247 ], [ 2407587.109679528046399, 2480383.582638431806117 ], [ 2407587.109679528046399, 2480427.620668248739094 ], [ 2407631.146666993387043, 2480427.620668248739094 ], [ 2407587.109679528046399, 2480427.620668248739094 ], [ 2407587.109679528046399, 2480471.65869806567207 ], [ 2407631.146666993387043, 2480471.65869806567207 ], [ 2407631.146666993387043, 2480515.695810290053487 ], [ 2407631.146666993387043, 2480559.733840107452124 ], [ 2407675.183654458727688, 2480559.733840107452124 ], [ 2407719.221559495199472, 2480559.733840107452124 ], [ 2407719.221559495199472, 2480515.695810290053487 ], [ 2407763.258546960540116, 2480515.695810290053487 ], [ 2407763.258546960540116, 2480559.733840107452124 ], [ 2407807.29553442588076, 2480559.733840107452124 ], [ 2407807.29553442588076, 2480603.771869924385101 ], [ 2407763.258546960540116, 2480603.771869924385101 ], [ 2407763.258546960540116, 2480647.809899741783738 ], [ 2407719.221559495199472, 2480603.771869924385101 ], [ 2407719.221559495199472, 2480647.809899741783738 ], [ 2407675.183654458727688, 2480647.809899741783738 ], [ 2407675.183654458727688, 2480691.847011965699494 ], [ 2407631.146666993387043, 2480691.847011965699494 ], [ 2407587.109679528046399, 2480691.847011965699494 ], [ 2407587.109679528046399, 2480735.885041783098131 ], [ 2407543.072692062705755, 2480735.885041783098131 ], [ 2407543.072692062705755, 2480779.923071600031108 ], [ 2407543.072692062705755, 2480823.961101417429745 ], [ 2407543.072692062705755, 2480867.998213641811162 ], [ 2407587.109679528046399, 2480867.998213641811162 ], [ 2407587.109679528046399, 2480912.036243458744138 ], [ 2407587.109679528046399, 2480956.074273275677115 ], [ 2407631.146666993387043, 2480956.074273275677115 ], [ 2407631.146666993387043, 2481000.112303093075752 ], [ 2407631.146666993387043, 2481044.149415317457169 ], [ 2407675.183654458727688, 2481044.149415317457169 ], [ 2407675.183654458727688, 2481088.187445134390146 ], [ 2407675.183654458727688, 2481132.225474951788783 ], [ 2407675.183654458727688, 2481176.2625871761702 ], [ 2407719.221559495199472, 2481220.300616993103176 ], [ 2407719.221559495199472, 2481264.338646810036153 ], [ 2407763.258546960540116, 2481264.338646810036153 ], [ 2407807.29553442588076, 2481264.338646810036153 ], [ 2407851.332521891221404, 2481264.338646810036153 ], [ 2407851.332521891221404, 2481308.37667662743479 ], [ 2407895.369509356562048, 2481308.37667662743479 ], [ 2407939.406496821902692, 2481308.37667662743479 ], [ 2407939.406496821902692, 2481352.413788851816207 ], [ 2407983.444401857908815, 2481352.413788851816207 ], [ 2407983.444401857908815, 2481396.451818668749183 ], [ 2407983.444401857908815, 2481440.489848486147821 ], [ 2407939.406496821902692, 2481484.527878303080797 ], [ 2407939.406496821902692, 2481528.564990527462214 ], [ 2407939.406496821902692, 2481572.60302034439519 ], [ 2407895.369509356562048, 2481572.60302034439519 ], [ 2407895.369509356562048, 2481616.641050161793828 ], [ 2407895.369509356562048, 2481660.679079978726804 ], [ 2407939.406496821902692, 2481660.679079978726804 ], [ 2407939.406496821902692, 2481704.716192203108221 ], [ 2407939.406496821902692, 2481748.754222020041198 ], [ 2407939.406496821902692, 2481792.792251837439835 ], [ 2407895.369509356562048, 2481792.792251837439835 ], [ 2407895.369509356562048, 2481836.829364061821252 ], [ 2407939.406496821902692, 2481836.829364061821252 ], [ 2407939.406496821902692, 2481880.867393878754228 ], [ 2407939.406496821902692, 2481924.905423696152866 ], [ 2407939.406496821902692, 2481968.943453513085842 ], [ 2407895.369509356562048, 2481968.943453513085842 ], [ 2407895.369509356562048, 2482012.980565737467259 ], [ 2407895.369509356562048, 2482057.018595554400235 ], [ 2407851.332521891221404, 2482057.018595554400235 ], [ 2407851.332521891221404, 2482101.056625371798873 ], [ 2407851.332521891221404, 2482145.094655188731849 ], [ 2407807.29553442588076, 2482145.094655188731849 ], [ 2407807.29553442588076, 2482189.131767413113266 ], [ 2407807.29553442588076, 2482233.169797230511904 ], [ 2407763.258546960540116, 2482233.169797230511904 ], [ 2407763.258546960540116, 2482277.20782704744488 ], [ 2407807.29553442588076, 2482277.20782704744488 ], [ 2407851.332521891221404, 2482277.20782704744488 ], [ 2407851.332521891221404, 2482321.244939271826297 ], [ 2407807.29553442588076, 2482321.244939271826297 ], [ 2407807.29553442588076, 2482365.282969088759273 ], [ 2407851.332521891221404, 2482409.320998906157911 ], [ 2407895.369509356562048, 2482409.320998906157911 ], [ 2407895.369509356562048, 2482453.359028723090887 ], [ 2407939.406496821902692, 2482453.359028723090887 ], [ 2407939.406496821902692, 2482497.396140947472304 ], [ 2407939.406496821902692, 2482541.43417076440528 ], [ 2407895.369509356562048, 2482541.43417076440528 ], [ 2407895.369509356562048, 2482585.472200581803918 ], [ 2407895.369509356562048, 2482629.510230398736894 ], [ 2407895.369509356562048, 2482673.547342623118311 ], [ 2407851.332521891221404, 2482673.547342623118311 ], [ 2407851.332521891221404, 2482717.585372440516949 ], [ 2407851.332521891221404, 2482761.623402257449925 ], [ 2407851.332521891221404, 2482805.661432074382901 ], [ 2407895.369509356562048, 2482805.661432074382901 ], [ 2407895.369509356562048, 2482849.698544298764318 ], [ 2407895.369509356562048, 2482893.736574116162956 ], [ 2407895.369509356562048, 2482937.774603933095932 ], [ 2407851.332521891221404, 2482937.774603933095932 ], [ 2407895.369509356562048, 2482937.774603933095932 ], [ 2407895.369509356562048, 2482981.811716157477349 ], [ 2407895.369509356562048, 2483025.849745974410325 ], [ 2407851.332521891221404, 2483025.849745974410325 ], [ 2407851.332521891221404, 2483069.887775791808963 ], [ 2407807.29553442588076, 2483069.887775791808963 ], [ 2407763.258546960540116, 2483069.887775791808963 ], [ 2407763.258546960540116, 2483113.925805608741939 ], [ 2407763.258546960540116, 2483157.962917833123356 ], [ 2407763.258546960540116, 2483202.000947650521994 ], [ 2407719.221559495199472, 2483202.000947650521994 ], [ 2407763.258546960540116, 2483202.000947650521994 ], [ 2407763.258546960540116, 2483246.03897746745497 ], [ 2407763.258546960540116, 2483290.077007284387946 ], [ 2407763.258546960540116, 2483334.114119508769363 ], [ 2407719.221559495199472, 2483334.114119508769363 ], [ 2407719.221559495199472, 2483378.152149326168001 ], [ 2407719.221559495199472, 2483422.190179143100977 ], [ 2407675.183654458727688, 2483422.190179143100977 ], [ 2407675.183654458727688, 2483378.152149326168001 ], [ 2407631.146666993387043, 2483378.152149326168001 ], [ 2407587.109679528046399, 2483378.152149326168001 ], [ 2407587.109679528046399, 2483422.190179143100977 ], [ 2407543.072692062705755, 2483422.190179143100977 ], [ 2407499.035704597365111, 2483422.190179143100977 ], [ 2407499.035704597365111, 2483466.228208960499614 ], [ 2407454.997799561358988, 2483510.265321184881032 ], [ 2407410.960812096018344, 2483510.265321184881032 ], [ 2407410.960812096018344, 2483554.303351001814008 ], [ 2407410.960812096018344, 2483598.341380818746984 ], [ 2407454.997799561358988, 2483598.341380818746984 ], [ 2407454.997799561358988, 2483642.378493043128401 ], [ 2407454.997799561358988, 2483686.416522860527039 ], [ 2407410.960812096018344, 2483686.416522860527039 ], [ 2407410.960812096018344, 2483730.454552677460015 ], [ 2407366.9238246306777, 2483730.454552677460015 ], [ 2407366.9238246306777, 2483774.492582494858652 ], [ 2407366.9238246306777, 2483818.529694718774408 ], [ 2407322.886837165337056, 2483818.529694718774408 ], [ 2407322.886837165337056, 2483862.567724536173046 ], [ 2407278.849849699996412, 2483862.567724536173046 ], [ 2407234.811944663524628, 2483862.567724536173046 ], [ 2407234.811944663524628, 2483906.605754353106022 ], [ 2407190.774957198183984, 2483906.605754353106022 ], [ 2407190.774957198183984, 2483950.643784170504659 ], [ 2407190.774957198183984, 2483994.680896394886076 ], [ 2407234.811944663524628, 2484038.718926211819053 ], [ 2407234.811944663524628, 2484082.756956028752029 ], [ 2407278.849849699996412, 2484082.756956028752029 ], [ 2407278.849849699996412, 2484126.794068253133446 ], [ 2407322.886837165337056, 2484170.832098070532084 ], [ 2407322.886837165337056, 2484214.87012788746506 ], [ 2407366.9238246306777, 2484214.87012788746506 ], [ 2407410.960812096018344, 2484214.87012788746506 ], [ 2407454.997799561358988, 2484214.87012788746506 ], [ 2407454.997799561358988, 2484258.908157704863697 ], [ 2407454.997799561358988, 2484302.945269929245114 ], [ 2407454.997799561358988, 2484346.983299746178091 ], [ 2407454.997799561358988, 2484391.021329563111067 ], [ 2407454.997799561358988, 2484435.059359380509704 ], [ 2407499.035704597365111, 2484435.059359380509704 ], [ 2407499.035704597365111, 2484479.096471604891121 ], [ 2407543.072692062705755, 2484479.096471604891121 ], [ 2407543.072692062705755, 2484523.134501421824098 ], [ 2407587.109679528046399, 2484523.134501421824098 ], [ 2407587.109679528046399, 2484567.172531238757074 ], [ 2407587.109679528046399, 2484611.210561056155711 ], [ 2407587.109679528046399, 2484655.247673280537128 ], [ 2407587.109679528046399, 2484699.285703097470105 ], [ 2407587.109679528046399, 2484743.323732914868742 ], [ 2407631.146666993387043, 2484743.323732914868742 ], [ 2407675.183654458727688, 2484743.323732914868742 ], [ 2407675.183654458727688, 2484787.360845139250159 ], [ 2407675.183654458727688, 2484831.398874956183136 ], [ 2407631.146666993387043, 2484831.398874956183136 ], [ 2407631.146666993387043, 2484875.436904773116112 ], [ 2407587.109679528046399, 2484875.436904773116112 ], [ 2407631.146666993387043, 2484875.436904773116112 ], [ 2407631.146666993387043, 2484919.474934590514749 ], [ 2407675.183654458727688, 2484919.474934590514749 ], [ 2407675.183654458727688, 2484963.512046814896166 ], [ 2407675.183654458727688, 2485007.550076631829143 ], [ 2407675.183654458727688, 2485051.58810644922778 ], [ 2407719.221559495199472, 2485051.58810644922778 ], [ 2407719.221559495199472, 2485095.626136266160756 ], [ 2407763.258546960540116, 2485095.626136266160756 ], [ 2407807.29553442588076, 2485095.626136266160756 ], [ 2407807.29553442588076, 2485139.663248490542173 ], [ 2407851.332521891221404, 2485139.663248490542173 ], [ 2407851.332521891221404, 2485183.70127830747515 ], [ 2407807.29553442588076, 2485183.70127830747515 ], [ 2407807.29553442588076, 2485227.739308124873787 ], [ 2407807.29553442588076, 2485271.777337941806763 ], [ 2407807.29553442588076, 2485315.81445016618818 ], [ 2407807.29553442588076, 2485359.852479983121157 ], [ 2407807.29553442588076, 2485403.890509800519794 ], [ 2407807.29553442588076, 2485447.927622024901211 ], [ 2407763.258546960540116, 2485447.927622024901211 ], [ 2407763.258546960540116, 2485491.965651841834188 ], [ 2407763.258546960540116, 2485536.003681659232825 ], [ 2407719.221559495199472, 2485580.041711476165801 ], [ 2407675.183654458727688, 2485580.041711476165801 ], [ 2407675.183654458727688, 2485624.078823700547218 ], [ 2407675.183654458727688, 2485668.116853517480195 ], [ 2407719.221559495199472, 2485668.116853517480195 ], [ 2407675.183654458727688, 2485668.116853517480195 ], [ 2407719.221559495199472, 2485668.116853517480195 ], [ 2407719.221559495199472, 2485712.154883334878832 ], [ 2407719.221559495199472, 2485756.192913151811808 ], [ 2407675.183654458727688, 2485756.192913151811808 ], [ 2407675.183654458727688, 2485800.230025376193225 ], [ 2407719.221559495199472, 2485800.230025376193225 ], [ 2407719.221559495199472, 2485844.268055193591863 ], [ 2407719.221559495199472, 2485888.306085010524839 ], [ 2407719.221559495199472, 2485932.343197234906256 ], [ 2407719.221559495199472, 2485976.381227051839232 ], [ 2407763.258546960540116, 2485976.381227051839232 ], [ 2407763.258546960540116, 2486020.41925686923787 ], [ 2407763.258546960540116, 2486064.457286686170846 ], [ 2407719.221559495199472, 2486064.457286686170846 ], [ 2407719.221559495199472, 2486108.494398910552263 ], [ 2407719.221559495199472, 2486152.53242872748524 ], [ 2407763.258546960540116, 2486196.570458544883877 ], [ 2407763.258546960540116, 2486240.608488361816853 ], [ 2407763.258546960540116, 2486284.64560058619827 ], [ 2407763.258546960540116, 2486328.683630403596908 ], [ 2407807.29553442588076, 2486328.683630403596908 ], [ 2407807.29553442588076, 2486372.721660220529884 ], [ 2407807.29553442588076, 2486416.75969003746286 ], [ 2407807.29553442588076, 2486460.796802261844277 ], [ 2407807.29553442588076, 2486504.834832079242915 ], [ 2407763.258546960540116, 2486504.834832079242915 ], [ 2407763.258546960540116, 2486548.872861896175891 ], [ 2407763.258546960540116, 2486592.909974120557308 ], [ 2407763.258546960540116, 2486636.948003937490284 ], [ 2407763.258546960540116, 2486680.986033754888922 ], [ 2407763.258546960540116, 2486725.024063571821898 ], [ 2407807.29553442588076, 2486725.024063571821898 ], [ 2407807.29553442588076, 2486769.061175796203315 ], [ 2407807.29553442588076, 2486813.099205613601953 ], [ 2407807.29553442588076, 2486857.137235430534929 ], [ 2407851.332521891221404, 2486857.137235430534929 ], [ 2407851.332521891221404, 2486901.175265247467905 ], [ 2407851.332521891221404, 2486857.137235430534929 ], [ 2407851.332521891221404, 2486901.175265247467905 ], [ 2407851.332521891221404, 2486857.137235430534929 ], [ 2407895.369509356562048, 2486857.137235430534929 ], [ 2407895.369509356562048, 2486901.175265247467905 ], [ 2407939.406496821902692, 2486901.175265247467905 ], [ 2407939.406496821902692, 2486945.212377471849322 ], [ 2407939.406496821902692, 2486989.25040728924796 ], [ 2407939.406496821902692, 2487033.288437106180936 ], [ 2407895.369509356562048, 2487077.326466923579574 ], [ 2407895.369509356562048, 2487121.363579147960991 ], [ 2407939.406496821902692, 2487121.363579147960991 ], [ 2407939.406496821902692, 2487165.401608964893967 ], [ 2407983.444401857908815, 2487165.401608964893967 ], [ 2408027.481389323249459, 2487165.401608964893967 ], [ 2408071.518376788590103, 2487209.439638781826943 ], [ 2408071.518376788590103, 2487253.47675100620836 ], [ 2408027.481389323249459, 2487253.47675100620836 ], [ 2408027.481389323249459, 2487297.514780823606998 ], [ 2407983.444401857908815, 2487297.514780823606998 ], [ 2407983.444401857908815, 2487341.552810640539974 ], [ 2407939.406496821902692, 2487341.552810640539974 ], [ 2407939.406496821902692, 2487385.590840457938612 ], [ 2407895.369509356562048, 2487429.627952681854367 ], [ 2407895.369509356562048, 2487473.665982499253005 ], [ 2407895.369509356562048, 2487517.704012316185981 ], [ 2407851.332521891221404, 2487517.704012316185981 ], [ 2407851.332521891221404, 2487561.742042133584619 ], [ 2407851.332521891221404, 2487605.779154357966036 ], [ 2407895.369509356562048, 2487605.779154357966036 ], [ 2407895.369509356562048, 2487649.817184174899012 ], [ 2407939.406496821902692, 2487649.817184174899012 ], [ 2407939.406496821902692, 2487693.855213991831988 ], [ 2407983.444401857908815, 2487693.855213991831988 ], [ 2408027.481389323249459, 2487737.892326216213405 ], [ 2408027.481389323249459, 2487781.930356033612043 ], [ 2408071.518376788590103, 2487781.930356033612043 ], [ 2408071.518376788590103, 2487825.968385850545019 ], [ 2408071.518376788590103, 2487870.006415667943656 ], [ 2408071.518376788590103, 2487914.043527891859412 ], [ 2408071.518376788590103, 2487958.08155770925805 ], [ 2408115.555364253930748, 2487958.08155770925805 ], [ 2408071.518376788590103, 2487958.08155770925805 ], [ 2408071.518376788590103, 2488002.119587526191026 ], [ 2408071.518376788590103, 2488046.157617343589664 ], [ 2408027.481389323249459, 2488046.157617343589664 ], [ 2408027.481389323249459, 2488090.194729567971081 ], [ 2408027.481389323249459, 2488134.232759384904057 ], [ 2407983.444401857908815, 2488178.270789201837033 ], [ 2407983.444401857908815, 2488222.308819019235671 ], [ 2407983.444401857908815, 2488266.345931243617088 ], [ 2407983.444401857908815, 2488310.383961060550064 ], [ 2407983.444401857908815, 2488354.421990877948701 ], [ 2408027.481389323249459, 2488354.421990877948701 ], [ 2408071.518376788590103, 2488354.421990877948701 ], [ 2408071.518376788590103, 2488398.459103102330118 ], [ 2408115.555364253930748, 2488398.459103102330118 ], [ 2408115.555364253930748, 2488354.421990877948701 ], [ 2408115.555364253930748, 2488398.459103102330118 ], [ 2408159.592351719271392, 2488398.459103102330118 ], [ 2408203.630256755743176, 2488398.459103102330118 ], [ 2408247.66724422108382, 2488442.497132919263095 ], [ 2408247.66724422108382, 2488486.535162736196071 ], [ 2408247.66724422108382, 2488530.573192553594708 ], [ 2408291.704231686424464, 2488530.573192553594708 ], [ 2408291.704231686424464, 2488574.610304777976125 ], [ 2408335.741219151765108, 2488574.610304777976125 ], [ 2408335.741219151765108, 2488618.648334594909102 ], [ 2408379.778206617105752, 2488618.648334594909102 ], [ 2408379.778206617105752, 2488662.686364412307739 ], [ 2408423.815194082446396, 2488662.686364412307739 ], [ 2408423.815194082446396, 2488706.724394229240716 ], [ 2408467.853099118452519, 2488706.724394229240716 ], [ 2408467.853099118452519, 2488750.761506453622133 ], [ 2408467.853099118452519, 2488794.799536270555109 ], [ 2408467.853099118452519, 2488838.837566087953746 ], [ 2408467.853099118452519, 2488882.875595904886723 ], [ 2408467.853099118452519, 2488926.91270812926814 ], [ 2408467.853099118452519, 2488970.950737946201116 ], [ 2408423.815194082446396, 2488970.950737946201116 ], [ 2408423.815194082446396, 2489014.988767763599753 ], [ 2408423.815194082446396, 2489059.02587998798117 ], [ 2408467.853099118452519, 2489059.02587998798117 ], [ 2408467.853099118452519, 2489103.063909804914147 ], [ 2408467.853099118452519, 2489147.101939622312784 ], [ 2408467.853099118452519, 2489191.13996943924576 ], [ 2408511.890086583793163, 2489191.13996943924576 ], [ 2408555.927074049133807, 2489191.13996943924576 ], [ 2408599.964061514474452, 2489235.177081663627177 ], [ 2408599.964061514474452, 2489279.215111480560154 ], [ 2408644.001048979815096, 2489279.215111480560154 ], [ 2408644.001048979815096, 2489323.253141297958791 ], [ 2408688.03895401628688, 2489323.253141297958791 ], [ 2408688.03895401628688, 2489279.215111480560154 ], [ 2408688.03895401628688, 2489235.177081663627177 ], [ 2408732.075941481627524, 2489235.177081663627177 ], [ 2408776.112928946968168, 2489191.13996943924576 ], [ 2408820.149916412308812, 2489191.13996943924576 ], [ 2408820.149916412308812, 2489147.101939622312784 ], [ 2408864.186903877649456, 2489147.101939622312784 ], [ 2408908.224808913655579, 2489103.063909804914147 ], [ 2408908.224808913655579, 2489059.02587998798117 ], [ 2408952.261796378996223, 2489059.02587998798117 ], [ 2408952.261796378996223, 2489014.988767763599753 ], [ 2408952.261796378996223, 2488970.950737946201116 ], [ 2408952.261796378996223, 2488926.91270812926814 ], [ 2408952.261796378996223, 2488882.875595904886723 ], [ 2408952.261796378996223, 2488838.837566087953746 ], [ 2408996.298783844336867, 2488838.837566087953746 ], [ 2408996.298783844336867, 2488794.799536270555109 ], [ 2408996.298783844336867, 2488750.761506453622133 ], [ 2409040.335771309677511, 2488750.761506453622133 ], [ 2409040.335771309677511, 2488706.724394229240716 ], [ 2409084.372758775018156, 2488662.686364412307739 ], [ 2409128.4097462403588, 2488618.648334594909102 ], [ 2409128.4097462403588, 2488574.610304777976125 ], [ 2409172.447651276830584, 2488530.573192553594708 ], [ 2409172.447651276830584, 2488486.535162736196071 ], [ 2409216.484638742171228, 2488486.535162736196071 ], [ 2409216.484638742171228, 2488442.497132919263095 ], [ 2409260.521626207511872, 2488442.497132919263095 ], [ 2409260.521626207511872, 2488398.459103102330118 ], [ 2409304.558613672852516, 2488398.459103102330118 ], [ 2409348.59560113819316, 2488442.497132919263095 ], [ 2409392.633506174199283, 2488486.535162736196071 ], [ 2409392.633506174199283, 2488530.573192553594708 ], [ 2409392.633506174199283, 2488574.610304777976125 ], [ 2409392.633506174199283, 2488662.686364412307739 ], [ 2409436.670493639539927, 2488706.724394229240716 ], [ 2409436.670493639539927, 2488750.761506453622133 ], [ 2409480.707481104880571, 2488838.837566087953746 ], [ 2409524.744468570221215, 2488882.875595904886723 ], [ 2409568.78145603556186, 2488882.875595904886723 ], [ 2409568.78145603556186, 2488926.91270812926814 ], [ 2409480.707481104880571, 2489014.988767763599753 ], [ 2409436.670493639539927, 2489059.02587998798117 ], [ 2409436.670493639539927, 2489103.063909804914147 ], [ 2409436.670493639539927, 2489191.13996943924576 ], [ 2409480.707481104880571, 2489235.177081663627177 ], [ 2409480.707481104880571, 2489323.253141297958791 ], [ 2409524.744468570221215, 2489323.253141297958791 ], [ 2409524.744468570221215, 2489367.291171114891768 ], [ 2409612.819361072033644, 2489499.404342973604798 ], [ 2409700.893336002714932, 2489631.517514832317829 ], [ 2409744.930323468055576, 2489675.555544649250805 ], [ 2409744.930323468055576, 2489763.630686690565199 ], [ 2409788.96731093339622, 2489807.668716507963836 ], [ 2409833.004298398736864, 2489851.706746324896812 ], [ 2409833.004298398736864, 2489939.781888366676867 ], [ 2409877.042203434742987, 2489983.819918183609843 ], [ 2409921.079190900083631, 2489983.819918183609843 ], [ 2409965.116178365424275, 2489939.781888366676867 ], [ 2410009.15316583076492, 2489939.781888366676867 ], [ 2410053.190153296105564, 2489983.819918183609843 ], [ 2410097.228058332577348, 2489983.819918183609843 ], [ 2410185.302033263258636, 2489983.819918183609843 ], [ 2410229.33902072859928, 2490027.857948000542819 ], [ 2410317.413913230411708, 2490027.857948000542819 ], [ 2410361.450900695286691, 2490027.857948000542819 ], [ 2410405.487888160627335, 2490027.857948000542819 ], [ 2410449.524875625967979, 2490027.857948000542819 ], [ 2410493.561863091308624, 2490071.895060224924237 ], [ 2410537.598850556649268, 2490071.895060224924237 ], [ 2410625.673743058461696, 2490115.933090042322874 ], [ 2410669.71073052380234, 2490115.933090042322874 ], [ 2410669.71073052380234, 2490204.008232083637267 ], [ 2410669.71073052380234, 2490292.084291717968881 ], [ 2410713.747717989142984, 2490336.122321534901857 ], [ 2410801.822610490955412, 2490380.159433759283274 ], [ 2410845.859597955830395, 2490424.197463576681912 ], [ 2410933.933572886511683, 2490468.235493393614888 ], [ 2410933.933572886511683, 2490556.310635434929281 ], [ 2411022.008465388324112, 2490732.46183711104095 ], [ 2411066.045452853664756, 2490732.46183711104095 ], [ 2411066.045452853664756, 2490776.499866927973926 ], [ 2411154.119427784346044, 2490776.499866927973926 ], [ 2411198.156415249686688, 2490776.499866927973926 ], [ 2411242.193402715027332, 2490776.499866927973926 ], [ 2411286.231307751499116, 2490776.499866927973926 ], [ 2412211.01171480724588, 2490776.499866927973926 ], [ 2412211.01171480724588, 2491040.726210644934326 ], [ 2412255.048702272586524, 2491172.840300096664578 ], [ 2412299.085689737461507, 2491216.877412321045995 ], [ 2412343.122677202802151, 2491304.953471954911947 ], [ 2412343.122677202802151, 2491348.990584179293364 ], [ 2412343.122677202802151, 2491393.028613996692002 ], [ 2412343.122677202802151, 2491437.066643813624978 ], [ 2412387.159664668142796, 2491613.217845489270985 ], [ 2412387.159664668142796, 2491657.255875306669623 ], [ 2412387.159664668142796, 2491701.29298753105104 ], [ 2412387.159664668142796, 2491789.369047164916992 ], [ 2412387.159664668142796, 2491877.444189206697047 ], [ 2412343.122677202802151, 2491965.520248841028661 ], [ 2412255.048702272586524, 2492097.63342069927603 ], [ 2412034.862847374752164, 2492317.822652192320675 ], [ 2411990.82585990941152, 2492405.897794233635068 ], [ 2411858.713979942258447, 2492538.010966092348099 ], [ 2411770.64000501204282, 2492670.12413795106113 ], [ 2411770.64000501204282, 2492714.162167767994106 ], [ 2411726.603017546702176, 2492802.23822740232572 ], [ 2411638.528125044889748, 2492890.313369443640113 ], [ 2411594.491137579549104, 2492934.35139926103875 ], [ 2411462.379257612396032, 2492934.35139926103875 ], [ 2411418.342270147055387, 2492934.35139926103875 ], [ 2411374.305282681714743, 2492978.389429077971727 ], [ 2411242.193402715027332, 2493110.502600936684757 ], [ 2411154.119427784346044, 2493110.502600936684757 ], [ 2411066.045452853664756, 2493110.502600936684757 ], [ 2411022.008465388324112, 2493154.539713161066175 ], [ 2410977.970560351852328, 2493154.539713161066175 ], [ 2410845.859597955830395, 2493242.615772795397788 ], [ 2410801.822610490955412, 2493242.615772795397788 ], [ 2410581.636755593121052, 2493418.766974471043795 ], [ 2410449.524875625967979, 2493462.805004287976772 ], [ 2410361.450900695286691, 2493506.842116512358189 ], [ 2410317.413913230411708, 2493638.956205963622779 ], [ 2410361.450900695286691, 2493771.069377822335809 ], [ 2410361.450900695286691, 2493815.106490046717227 ], [ 2410317.413913230411708, 2493859.144519863650203 ], [ 2410273.376008193939924, 2493947.220579497981817 ], [ 2410273.376008193939924, 2493991.257691722363234 ], [ 2410273.376008193939924, 2494035.295721539761871 ], [ 2410229.33902072859928, 2494079.333751356694847 ], [ 2410229.33902072859928, 2494123.371781173627824 ], [ 2410229.33902072859928, 2494167.408893398009241 ], [ 2410185.302033263258636, 2494211.446923215407878 ], [ 2410097.228058332577348, 2494299.522982849739492 ], [ 2410053.190153296105564, 2494387.598124891053885 ], [ 2409965.116178365424275, 2494431.636154707986861 ], [ 2409833.004298398736864, 2494519.711296749766916 ], [ 2409744.930323468055576, 2494607.787356383632869 ], [ 2409700.893336002714932, 2494651.824468608014286 ], [ 2409656.856348537374288, 2494651.824468608014286 ], [ 2409656.856348537374288, 2494695.862498425412923 ], [ 2409612.819361072033644, 2494783.938558059744537 ], [ 2409568.78145603556186, 2494827.975670284125954 ], [ 2409524.744468570221215, 2494916.051729917991906 ], [ 2409480.707481104880571, 2494960.088842142373323 ], [ 2409480.707481104880571, 2495048.164901776704937 ], [ 2409436.670493639539927, 2495092.202931594103575 ], [ 2409436.670493639539927, 2495136.240043818019331 ], [ 2409436.670493639539927, 2495224.316103452350944 ], [ 2409392.633506174199283, 2495400.467305127996951 ], [ 2409392.633506174199283, 2495444.505334945395589 ], [ 2409348.59560113819316, 2495444.505334945395589 ], [ 2409304.558613672852516, 2495532.580476986709982 ], [ 2409260.521626207511872, 2495532.580476986709982 ], [ 2409172.447651276830584, 2495620.655619028490037 ], [ 2409084.372758775018156, 2495664.693648845423013 ], [ 2408996.298783844336867, 2495708.731678662355989 ], [ 2408952.261796378996223, 2495708.731678662355989 ], [ 2408864.186903877649456, 2495796.806820704136044 ], [ 2408820.149916412308812, 2495840.84485052106902 ], [ 2408776.112928946968168, 2495928.920910155400634 ], [ 2408732.075941481627524, 2496016.996052196715027 ], [ 2408644.001048979815096, 2496193.147253872361034 ], [ 2408688.03895401628688, 2496237.185283689759672 ], [ 2408467.853099118452519, 2496281.222395914141089 ], [ 2407366.9238246306777, 2496413.336485365405679 ], [ 2407366.9238246306777, 2496369.298455548472703 ], [ 2406970.589102300815284, 2496457.373597589787096 ], [ 2405385.25204812316224, 2496633.524799265433103 ], [ 2404592.582603462971747, 2496765.637971124146134 ], [ 2403799.914076374378055, 2496853.714030758477747 ], [ 2402126.502129694912583, 2497073.903262251056731 ], [ 2402082.465142229571939, 2497073.903262251056731 ], [ 2401862.279287332203239, 2496897.752060575410724 ], [ 2401730.167407365050167, 2496809.67600094107911 ], [ 2401774.204394830390811, 2496853.714030758477747 ], [ 2401774.204394830390811, 2497073.903262251056731 ], [ 2401862.279287332203239, 2497646.39397950284183 ], [ 2401862.279287332203239, 2497866.583210995420814 ], [ 2401906.316274797543883, 2498042.734412671066821 ], [ 2401906.316274797543883, 2498086.771524895448238 ], [ 2401950.353262262884527, 2498571.187100105453283 ], [ 2402038.427237193565816, 2499363.867966442834586 ], [ 2402082.465142229571939, 2499363.867966442834586 ], [ 2401950.353262262884527, 2499407.905078667216003 ], [ 2401906.316274797543883, 2499407.905078667216003 ], [ 2401862.279287332203239, 2499407.905078667216003 ], [ 2401289.795697569847107, 2499407.905078667216003 ], [ 2400497.127170481253415, 2499584.05628034286201 ], [ 2400673.276037913281471, 2500949.227863931562752 ], [ 2400629.238132877275348, 2500949.227863931562752 ], [ 2399440.234883458353579, 2501081.341035789810121 ], [ 2399087.938066164962947, 2501125.379065607208759 ], [ 2399043.901078699622303, 2501125.379065607208759 ], [ 2398779.678236336447299, 2501169.417095424141735 ], [ 2398559.492381439078599, 2501169.417095424141735 ], [ 2398207.194646574091166, 2501213.454207648523152 ], [ 2397987.008791676722467, 2501257.492237465921789 ], [ 2397590.674986917991191, 2501301.530267282854766 ], [ 2397502.600094416178763, 2501301.530267282854766 ], [ 2397458.563106950838119, 2501301.530267282854766 ], [ 2395917.262122667394578, 2501477.681468958500773 ], [ 2395917.262122667394578, 2501521.71949877589941 ], [ 2395961.300027703866363, 2501521.71949877589941 ], [ 2396005.337015169207007, 2501521.71949877589941 ], [ 2396049.374002634547651, 2501521.71949877589941 ], [ 2396093.410990099888295, 2501521.71949877589941 ], [ 2396137.447977565228939, 2501521.71949877589941 ], [ 2396181.485882601700723, 2501521.71949877589941 ], [ 2396181.485882601700723, 2501565.756611000280827 ], [ 2396225.522870066575706, 2501565.756611000280827 ], [ 2396225.522870066575706, 2501609.794640817213804 ], [ 2396269.55985753191635, 2501609.794640817213804 ], [ 2396313.596844997256994, 2501609.794640817213804 ], [ 2396313.596844997256994, 2501653.83267063414678 ], [ 2396313.596844997256994, 2501697.869782858528197 ], [ 2396357.633832462597638, 2501697.869782858528197 ], [ 2396357.633832462597638, 2501741.907812675926834 ], [ 2396401.670819927938282, 2501741.907812675926834 ], [ 2396401.670819927938282, 2501785.945842492859811 ], [ 2396357.633832462597638, 2501785.945842492859811 ], [ 2396357.633832462597638, 2501829.983872310258448 ], [ 2396313.596844997256994, 2501829.983872310258448 ], [ 2396313.596844997256994, 2501874.020984534174204 ], [ 2396357.633832462597638, 2501874.020984534174204 ], [ 2396357.633832462597638, 2501918.059014351572841 ], [ 2396313.596844997256994, 2501918.059014351572841 ], [ 2396313.596844997256994, 2501962.097044168505818 ], [ 2396313.596844997256994, 2502006.135073985904455 ], [ 2396269.55985753191635, 2502006.135073985904455 ], [ 2396225.522870066575706, 2502006.135073985904455 ], [ 2396225.522870066575706, 2502050.172186210285872 ], [ 2396225.522870066575706, 2502094.210216027218848 ], [ 2396269.55985753191635, 2502094.210216027218848 ], [ 2396269.55985753191635, 2502138.248245844151825 ], [ 2396225.522870066575706, 2502138.248245844151825 ], [ 2396225.522870066575706, 2502182.285358068533242 ], [ 2396225.522870066575706, 2502226.323387885931879 ], [ 2396225.522870066575706, 2502270.361417702864856 ], [ 2396225.522870066575706, 2502314.399447520263493 ], [ 2396225.522870066575706, 2502358.436559744179249 ], [ 2396269.55985753191635, 2502358.436559744179249 ], [ 2396269.55985753191635, 2502446.512619378510863 ], [ 2396313.596844997256994, 2502446.512619378510863 ], [ 2396357.633832462597638, 2502446.512619378510863 ], [ 2396401.670819927938282, 2502446.512619378510863 ], [ 2396445.708724964410067, 2502446.512619378510863 ], [ 2396445.708724964410067, 2502490.5506491959095 ], [ 2396489.745712429750711, 2502490.5506491959095 ], [ 2396445.708724964410067, 2502534.587761420290917 ], [ 2396445.708724964410067, 2502578.625791237223893 ], [ 2396445.708724964410067, 2502622.66382105415687 ], [ 2396401.670819927938282, 2502622.66382105415687 ], [ 2396401.670819927938282, 2502666.701850871555507 ], [ 2396401.670819927938282, 2502710.738963095936924 ], [ 2396401.670819927938282, 2502754.7769929128699 ], [ 2396445.708724964410067, 2502754.7769929128699 ], [ 2396401.670819927938282, 2502754.7769929128699 ], [ 2396401.670819927938282, 2502798.815022730268538 ], [ 2396401.670819927938282, 2502842.852134954649955 ], [ 2396357.633832462597638, 2502842.852134954649955 ], [ 2396313.596844997256994, 2502842.852134954649955 ], [ 2396269.55985753191635, 2502842.852134954649955 ], [ 2396269.55985753191635, 2502886.890164771582931 ], [ 2396269.55985753191635, 2502930.928194588515908 ], [ 2396269.55985753191635, 2502974.966224405914545 ], [ 2396269.55985753191635, 2503019.003336630295962 ], [ 2396313.596844997256994, 2503019.003336630295962 ], [ 2396313.596844997256994, 2503063.041366447228938 ], [ 2396269.55985753191635, 2503063.041366447228938 ], [ 2396269.55985753191635, 2503107.079396264627576 ], [ 2396313.596844997256994, 2503107.079396264627576 ], [ 2396313.596844997256994, 2503151.117426081560552 ], [ 2396357.633832462597638, 2503151.117426081560552 ], [ 2396357.633832462597638, 2503195.154538305941969 ], [ 2396401.670819927938282, 2503195.154538305941969 ], [ 2396401.670819927938282, 2503239.192568122874945 ], [ 2396401.670819927938282, 2503283.230597940273583 ], [ 2396401.670819927938282, 2503327.268627757206559 ], [ 2396357.633832462597638, 2503327.268627757206559 ], [ 2396357.633832462597638, 2503371.305739981587976 ], [ 2396357.633832462597638, 2503415.343769798520952 ], [ 2396401.670819927938282, 2503459.38179961591959 ], [ 2396445.708724964410067, 2503459.38179961591959 ], [ 2396489.745712429750711, 2503459.38179961591959 ], [ 2396533.782699895091355, 2503459.38179961591959 ], [ 2396577.819687360431999, 2503503.418911840301007 ], [ 2396577.819687360431999, 2503459.38179961591959 ], [ 2396621.856674825772643, 2503459.38179961591959 ], [ 2396665.894579862244427, 2503459.38179961591959 ], [ 2396665.894579862244427, 2503503.418911840301007 ], [ 2396709.93156732711941, 2503503.418911840301007 ], [ 2396709.93156732711941, 2503547.456941657233983 ], [ 2396665.894579862244427, 2503547.456941657233983 ], [ 2396709.93156732711941, 2503547.456941657233983 ], [ 2396709.93156732711941, 2503591.494971474632621 ], [ 2396753.968554792460054, 2503591.494971474632621 ], [ 2396798.005542257800698, 2503591.494971474632621 ], [ 2396842.042529723141342, 2503591.494971474632621 ], [ 2396886.080434759613127, 2503591.494971474632621 ], [ 2396930.117422224953771, 2503547.456941657233983 ], [ 2396930.117422224953771, 2503591.494971474632621 ], [ 2396974.154409690294415, 2503591.494971474632621 ], [ 2397018.191397155635059, 2503591.494971474632621 ], [ 2397018.191397155635059, 2503547.456941657233983 ], [ 2397062.228384620975703, 2503547.456941657233983 ], [ 2397062.228384620975703, 2503503.418911840301007 ], [ 2397106.265372086316347, 2503503.418911840301007 ], [ 2397106.265372086316347, 2503547.456941657233983 ], [ 2397150.303277122788131, 2503503.418911840301007 ], [ 2397194.340264588128775, 2503503.418911840301007 ], [ 2397238.377252053003758, 2503503.418911840301007 ], [ 2397238.377252053003758, 2503547.456941657233983 ], [ 2397238.377252053003758, 2503591.494971474632621 ], [ 2397238.377252053003758, 2503635.533001291565597 ], [ 2397238.377252053003758, 2503679.570113515947014 ], [ 2397238.377252053003758, 2503723.60814333287999 ], [ 2397282.414239518344402, 2503723.60814333287999 ], [ 2397326.451226983685046, 2503767.646173150278628 ], [ 2397326.451226983685046, 2503811.684202967211604 ], [ 2397370.489132020156831, 2503855.721315191593021 ], [ 2397370.489132020156831, 2503899.759345008525997 ], [ 2397326.451226983685046, 2503899.759345008525997 ], [ 2397326.451226983685046, 2503943.797374825924635 ], [ 2397282.414239518344402, 2503943.797374825924635 ], [ 2397282.414239518344402, 2503987.834487050306052 ], [ 2397282.414239518344402, 2504031.872516867239028 ], [ 2397282.414239518344402, 2504075.910546684637666 ], [ 2397326.451226983685046, 2504075.910546684637666 ], [ 2397370.489132020156831, 2504075.910546684637666 ], [ 2397414.526119485497475, 2504075.910546684637666 ], [ 2397458.563106950838119, 2504075.910546684637666 ], [ 2397502.600094416178763, 2504075.910546684637666 ], [ 2397546.637081881519407, 2504075.910546684637666 ], [ 2397590.674986917991191, 2504075.910546684637666 ], [ 2397634.711974383331835, 2504075.910546684637666 ], [ 2397678.748961848672479, 2504075.910546684637666 ], [ 2397722.785949313547462, 2504075.910546684637666 ], [ 2397766.822936778888106, 2504075.910546684637666 ], [ 2397766.822936778888106, 2504119.948576501570642 ], [ 2397810.85992424422875, 2504119.948576501570642 ], [ 2397810.85992424422875, 2504163.985688725952059 ], [ 2397810.85992424422875, 2504208.023718542885035 ], [ 2397854.897829280700535, 2504208.023718542885035 ], [ 2397854.897829280700535, 2504252.061748360283673 ], [ 2397854.897829280700535, 2504296.099778177216649 ], [ 2397898.934816746041179, 2504296.099778177216649 ], [ 2397898.934816746041179, 2504340.136890401598066 ], [ 2397942.971804211381823, 2504340.136890401598066 ], [ 2397942.971804211381823, 2504384.174920218996704 ], [ 2397942.971804211381823, 2504340.136890401598066 ], [ 2397987.008791676722467, 2504340.136890401598066 ], [ 2398031.045779142063111, 2504340.136890401598066 ], [ 2398031.045779142063111, 2504384.174920218996704 ], [ 2398031.045779142063111, 2504428.21295003592968 ], [ 2398031.045779142063111, 2504472.250979852862656 ], [ 2398031.045779142063111, 2504516.288092077244073 ], [ 2398075.083684178534895, 2504516.288092077244073 ], [ 2398119.120671643875539, 2504516.288092077244073 ], [ 2398119.120671643875539, 2504560.326121894642711 ], [ 2398163.157659109216183, 2504560.326121894642711 ], [ 2398163.157659109216183, 2504604.364151711575687 ], [ 2398207.194646574091166, 2504604.364151711575687 ], [ 2398251.23163403943181, 2504648.401263935957104 ], [ 2398251.23163403943181, 2504692.43929375289008 ], [ 2398295.269539075903594, 2504692.43929375289008 ], [ 2398295.269539075903594, 2504736.477323570288718 ], [ 2398339.306526541244239, 2504780.515353387221694 ], [ 2398339.306526541244239, 2504824.552465611603111 ], [ 2398383.343514006584883, 2504824.552465611603111 ], [ 2398383.343514006584883, 2504868.590495429001749 ], [ 2398427.380501471925527, 2504868.590495429001749 ], [ 2398427.380501471925527, 2504912.628525245934725 ], [ 2398471.417488937266171, 2504912.628525245934725 ], [ 2398471.417488937266171, 2504956.666555062867701 ], [ 2398471.417488937266171, 2505000.703667287249118 ], [ 2398471.417488937266171, 2505044.741697104647756 ], [ 2398471.417488937266171, 2505088.779726921580732 ], [ 2398427.380501471925527, 2505088.779726921580732 ], [ 2398383.343514006584883, 2505088.779726921580732 ], [ 2398339.306526541244239, 2505088.779726921580732 ], [ 2398295.269539075903594, 2505088.779726921580732 ], [ 2398295.269539075903594, 2505132.817756738979369 ], [ 2398251.23163403943181, 2505132.817756738979369 ], [ 2398207.194646574091166, 2505132.817756738979369 ], [ 2398207.194646574091166, 2505176.854868963360786 ], [ 2398163.157659109216183, 2505176.854868963360786 ], [ 2398163.157659109216183, 2505220.892898780293763 ], [ 2398119.120671643875539, 2505220.892898780293763 ], [ 2398075.083684178534895, 2505220.892898780293763 ], [ 2398075.083684178534895, 2505264.930928597226739 ], [ 2398075.083684178534895, 2505308.968040821608156 ], [ 2398075.083684178534895, 2505353.006070639006793 ], [ 2398119.120671643875539, 2505353.006070639006793 ], [ 2398119.120671643875539, 2505397.04410045593977 ], [ 2398119.120671643875539, 2505441.082130272872746 ], [ 2398119.120671643875539, 2505485.119242497254163 ], [ 2398119.120671643875539, 2505529.157272314652801 ], [ 2398075.083684178534895, 2505529.157272314652801 ], [ 2398075.083684178534895, 2505573.195302131585777 ], [ 2398075.083684178534895, 2505617.233331948984414 ], [ 2398075.083684178534895, 2505661.270444173365831 ], [ 2398075.083684178534895, 2505705.308473990298808 ], [ 2398031.045779142063111, 2505705.308473990298808 ], [ 2398031.045779142063111, 2505749.346503807231784 ], [ 2398031.045779142063111, 2505793.383616031613201 ], [ 2397987.008791676722467, 2505793.383616031613201 ], [ 2397987.008791676722467, 2505837.421645849011838 ], [ 2397942.971804211381823, 2505881.459675665944815 ], [ 2397942.971804211381823, 2505925.497705483343452 ], [ 2397942.971804211381823, 2505969.534817707724869 ], [ 2397898.934816746041179, 2505969.534817707724869 ], [ 2397898.934816746041179, 2506013.572847524657845 ], [ 2397898.934816746041179, 2506057.610877341590822 ], [ 2397854.897829280700535, 2506101.648907158989459 ], [ 2397854.897829280700535, 2506145.686019383370876 ], [ 2397854.897829280700535, 2506189.724049200303853 ], [ 2397810.85992424422875, 2506233.762079017236829 ], [ 2397810.85992424422875, 2506277.800108834635466 ], [ 2397766.822936778888106, 2506321.837221059016883 ], [ 2397766.822936778888106, 2506365.87525087594986 ], [ 2397766.822936778888106, 2506409.913280693348497 ], [ 2397722.785949313547462, 2506409.913280693348497 ], [ 2397722.785949313547462, 2506453.950392917729914 ], [ 2397678.748961848672479, 2506453.950392917729914 ], [ 2397678.748961848672479, 2506497.98842273466289 ], [ 2397634.711974383331835, 2506497.98842273466289 ], [ 2397634.711974383331835, 2506542.026452551595867 ], [ 2397590.674986917991191, 2506542.026452551595867 ], [ 2397546.637081881519407, 2506542.026452551595867 ], [ 2397546.637081881519407, 2506586.064482368994504 ], [ 2397502.600094416178763, 2506586.064482368994504 ], [ 2397458.563106950838119, 2506586.064482368994504 ], [ 2397458.563106950838119, 2506630.101594593375921 ], [ 2397458.563106950838119, 2506674.139624410308897 ], [ 2397458.563106950838119, 2506718.177654227241874 ], [ 2397458.563106950838119, 2506762.215684044640511 ], [ 2397458.563106950838119, 2506806.252796269021928 ], [ 2397458.563106950838119, 2506850.290826085954905 ], [ 2397502.600094416178763, 2506850.290826085954905 ], [ 2397502.600094416178763, 2506894.328855903353542 ], [ 2397502.600094416178763, 2506938.366885720286518 ], [ 2397546.637081881519407, 2506938.366885720286518 ], [ 2397546.637081881519407, 2506982.403997944667935 ], [ 2397546.637081881519407, 2507026.442027761600912 ], [ 2397546.637081881519407, 2507070.480057578999549 ], [ 2397546.637081881519407, 2507114.517169803380966 ], [ 2397546.637081881519407, 2507158.555199620313942 ], [ 2397502.600094416178763, 2507158.555199620313942 ], [ 2397458.563106950838119, 2507158.555199620313942 ], [ 2397414.526119485497475, 2507158.555199620313942 ], [ 2397414.526119485497475, 2507202.59322943771258 ], [ 2397370.489132020156831, 2507202.59322943771258 ], [ 2397370.489132020156831, 2507246.631259254645556 ], [ 2397326.451226983685046, 2507246.631259254645556 ], [ 2397326.451226983685046, 2507290.668371479026973 ], [ 2397282.414239518344402, 2507290.668371479026973 ], [ 2397282.414239518344402, 2507334.706401295959949 ], [ 2397282.414239518344402, 2507378.744431113358587 ], [ 2397282.414239518344402, 2507422.782460930291563 ], [ 2397326.451226983685046, 2507422.782460930291563 ], [ 2397326.451226983685046, 2507466.81957315467298 ], [ 2397370.489132020156831, 2507466.81957315467298 ], [ 2397370.489132020156831, 2507510.857602971605957 ], [ 2397370.489132020156831, 2507554.895632789004594 ], [ 2397414.526119485497475, 2507554.895632789004594 ], [ 2397414.526119485497475, 2507598.932745013386011 ], [ 2397458.563106950838119, 2507598.932745013386011 ], [ 2397502.600094416178763, 2507598.932745013386011 ], [ 2397546.637081881519407, 2507642.970774830318987 ], [ 2397590.674986917991191, 2507642.970774830318987 ], [ 2397590.674986917991191, 2507687.008804647717625 ], [ 2397634.711974383331835, 2507687.008804647717625 ], [ 2397634.711974383331835, 2507731.046834464650601 ], [ 2397678.748961848672479, 2507731.046834464650601 ], [ 2397678.748961848672479, 2507775.083946689032018 ], [ 2397722.785949313547462, 2507775.083946689032018 ], [ 2397722.785949313547462, 2507819.121976505964994 ], [ 2397722.785949313547462, 2507863.160006323363632 ], [ 2397766.822936778888106, 2507863.160006323363632 ], [ 2397766.822936778888106, 2507907.198036140296608 ], [ 2397810.85992424422875, 2507907.198036140296608 ], [ 2397810.85992424422875, 2507951.235148364678025 ], [ 2397854.897829280700535, 2507951.235148364678025 ], [ 2397854.897829280700535, 2507995.273178182076663 ], [ 2397898.934816746041179, 2507995.273178182076663 ], [ 2397942.971804211381823, 2508039.311207999009639 ], [ 2397942.971804211381823, 2508083.349237815942615 ], [ 2397942.971804211381823, 2508127.386350040324032 ], [ 2397942.971804211381823, 2508171.42437985772267 ], [ 2397987.008791676722467, 2508215.462409674655646 ], [ 2397987.008791676722467, 2508259.499521899037063 ], [ 2398031.045779142063111, 2508347.575581533368677 ], [ 2398075.083684178534895, 2508347.575581533368677 ], [ 2398075.083684178534895, 2508391.613611350301653 ], [ 2398119.120671643875539, 2508391.613611350301653 ], [ 2398119.120671643875539, 2508435.65072357468307 ], [ 2398119.120671643875539, 2508479.688753392081708 ], [ 2398163.157659109216183, 2508523.726783209014684 ], [ 2398119.120671643875539, 2508567.76481302594766 ], [ 2398163.157659109216183, 2508567.76481302594766 ], [ 2398163.157659109216183, 2508611.801925250329077 ], [ 2398119.120671643875539, 2508611.801925250329077 ], [ 2398163.157659109216183, 2508611.801925250329077 ], [ 2398163.157659109216183, 2508655.839955067727715 ], [ 2398207.194646574091166, 2508655.839955067727715 ], [ 2398207.194646574091166, 2508699.877984884660691 ], [ 2398251.23163403943181, 2508699.877984884660691 ], [ 2398295.269539075903594, 2508699.877984884660691 ], [ 2398295.269539075903594, 2508743.916014702059329 ], [ 2398339.306526541244239, 2508743.916014702059329 ], [ 2398383.343514006584883, 2508743.916014702059329 ], [ 2398427.380501471925527, 2508743.916014702059329 ], [ 2398471.417488937266171, 2508743.916014702059329 ], [ 2398515.454476402606815, 2508743.916014702059329 ], [ 2398559.492381439078599, 2508743.916014702059329 ], [ 2398559.492381439078599, 2508787.953126926440746 ], [ 2398603.529368904419243, 2508787.953126926440746 ], [ 2398647.566356369759887, 2508787.953126926440746 ], [ 2398691.603343835100532, 2508787.953126926440746 ], [ 2398691.603343835100532, 2508831.991156743373722 ], [ 2398691.603343835100532, 2508876.029186560306698 ], [ 2398691.603343835100532, 2508920.066298784688115 ], [ 2398691.603343835100532, 2508964.104328602086753 ], [ 2398691.603343835100532, 2509008.142358419019729 ], [ 2398691.603343835100532, 2509052.180388235952705 ], [ 2398691.603343835100532, 2509096.217500460334122 ], [ 2398691.603343835100532, 2509140.25553027773276 ], [ 2398691.603343835100532, 2509184.293560094665736 ], [ 2398691.603343835100532, 2509228.331589912064373 ], [ 2398691.603343835100532, 2509272.368702136445791 ], [ 2398691.603343835100532, 2509316.406731953378767 ], [ 2398691.603343835100532, 2509360.444761770311743 ], [ 2398691.603343835100532, 2509404.48187399469316 ], [ 2398735.640331299975514, 2509448.519903812091798 ], [ 2398735.640331299975514, 2509492.557933629024774 ], [ 2398779.678236336447299, 2509492.557933629024774 ], [ 2398779.678236336447299, 2509536.595963446423411 ], [ 2398823.715223801787943, 2509536.595963446423411 ], [ 2398823.715223801787943, 2509580.633075670339167 ], [ 2398867.752211267128587, 2509624.671105487737805 ], [ 2398867.752211267128587, 2509668.709135304670781 ], [ 2398911.789198732469231, 2509668.709135304670781 ], [ 2398955.826186197809875, 2509668.709135304670781 ], [ 2398999.864091234281659, 2509668.709135304670781 ], [ 2399043.901078699622303, 2509712.747165122069418 ], [ 2399087.938066164962947, 2509712.747165122069418 ], [ 2399087.938066164962947, 2509756.784277346450835 ], [ 2399087.938066164962947, 2509800.822307163383812 ], [ 2399043.901078699622303, 2509800.822307163383812 ], [ 2399043.901078699622303, 2509844.860336980316788 ], [ 2399043.901078699622303, 2509888.898366797715425 ], [ 2398999.864091234281659, 2509888.898366797715425 ], [ 2398999.864091234281659, 2509932.935479022096843 ], [ 2398999.864091234281659, 2509976.973508839029819 ], [ 2398955.826186197809875, 2509976.973508839029819 ], [ 2398955.826186197809875, 2510021.011538656428456 ], [ 2398911.789198732469231, 2510021.011538656428456 ], [ 2398911.789198732469231, 2510065.048650880809873 ], [ 2398911.789198732469231, 2510109.08668069774285 ], [ 2398911.789198732469231, 2510153.124710514675826 ], [ 2398955.826186197809875, 2510153.124710514675826 ], [ 2398955.826186197809875, 2510197.162740332074463 ], [ 2398911.789198732469231, 2510241.19985255645588 ], [ 2398955.826186197809875, 2510285.237882373388857 ], [ 2398955.826186197809875, 2510329.275912190787494 ], [ 2398955.826186197809875, 2510373.31394200772047 ], [ 2398999.864091234281659, 2510373.31394200772047 ], [ 2399176.012041095644236, 2510329.275912190787494 ], [ 2399880.606593253556639, 2510241.19985255645588 ], [ 2399968.681485755369067, 2511077.917831117752939 ], [ 2400012.718473220709711, 2511121.955860934685916 ], [ 2400761.350012843962759, 2511033.880718893371522 ], [ 2400805.387000309303403, 2511033.880718893371522 ], [ 2400849.423987774644047, 2511077.917831117752939 ], [ 2400893.461892811115831, 2511077.917831117752939 ], [ 2400893.461892811115831, 2511033.880718893371522 ], [ 2400937.498880276456475, 2511033.880718893371522 ], [ 2400981.535867741797119, 2511033.880718893371522 ], [ 2401245.758710104506463, 2511210.03100297646597 ], [ 2401069.609842672478408, 2511518.296294103376567 ], [ 2401069.609842672478408, 2511562.333406327757984 ], [ 2401113.646830137819052, 2511958.673839496448636 ], [ 2401157.684735173825175, 2512266.938213030807674 ], [ 2401201.721722639165819, 2512399.051384889520705 ], [ 2401201.721722639165819, 2512487.127444523386657 ], [ 2401201.721722639165819, 2512531.164556747768074 ], [ 2401289.795697569847107, 2512531.164556747768074 ], [ 2401377.870590071659535, 2512487.127444523386657 ], [ 2401465.944565002340823, 2512487.127444523386657 ] ] } },
{ "type": "Feature", "properties": { }, "geometry": { "type": "LineString", "coordinates": [ [ 2342984.597653445322067, 2466511.681241423822939 ], [ 2343028.634640910662711, 2466511.681241423822939 ], [ 2343160.746520877350122, 2466599.756383465137333 ], [ 2343248.82049580803141, 2466687.832443099468946 ], [ 2343336.894470738712698, 2466731.869555323850363 ], [ 2343424.969363240525126, 2466819.945614957716316 ], [ 2343513.043338171206415, 2466863.983644775114954 ], [ 2343557.080325636547059, 2466863.983644775114954 ], [ 2343601.118230672553182, 2466908.020756999496371 ], [ 2343733.229193068575114, 2466908.020756999496371 ], [ 2343821.303167999256402, 2466908.020756999496371 ], [ 2343909.37806050106883, 2466952.058786816429347 ], [ 2343953.415047966409475, 2466952.058786816429347 ], [ 2343953.415047966409475, 2466996.096816633827984 ], [ 2343997.452035431750119, 2467040.134846450760961 ], [ 2344041.489022897090763, 2467084.171958675142378 ], [ 2344085.526927933096886, 2467084.171958675142378 ], [ 2344129.56391539843753, 2467084.171958675142378 ], [ 2344173.600902863778174, 2467084.171958675142378 ], [ 2344217.637890329118818, 2467128.209988492075354 ], [ 2344261.674877794459462, 2467128.209988492075354 ], [ 2344305.711865259800106, 2467172.248018309473991 ], [ 2344393.786757761612535, 2467172.248018309473991 ], [ 2344437.823745226953179, 2467128.209988492075354 ], [ 2344437.823745226953179, 2467084.171958675142378 ], [ 2344525.897720157634467, 2467084.171958675142378 ], [ 2344569.93562519364059, 2467040.134846450760961 ], [ 2344613.972612658981234, 2467084.171958675142378 ], [ 2344658.009600124321878, 2467084.171958675142378 ], [ 2344702.046587589662522, 2467128.209988492075354 ], [ 2344746.083575055003166, 2467128.209988492075354 ], [ 2344790.12148009147495, 2467172.248018309473991 ], [ 2344834.158467556815594, 2467172.248018309473991 ], [ 2344922.232442487496883, 2467216.286048126406968 ], [ 2344966.269429952837527, 2467216.286048126406968 ], [ 2345010.306417418178171, 2467260.323160350788385 ], [ 2345054.344322454184294, 2467260.323160350788385 ], [ 2345142.418297384865582, 2467304.361190167721361 ], [ 2345230.49227231554687, 2467304.361190167721361 ], [ 2345274.530177352018654, 2467348.399219985119998 ], [ 2345362.604152282699943, 2467348.399219985119998 ], [ 2345362.604152282699943, 2467392.436332209501415 ], [ 2345406.641139748040587, 2467392.436332209501415 ], [ 2345450.678127213381231, 2467392.436332209501415 ], [ 2345450.678127213381231, 2467436.474362026434392 ], [ 2345450.678127213381231, 2467480.512391843833029 ], [ 2345450.678127213381231, 2467524.550421660766006 ], [ 2345494.716032249853015, 2467480.512391843833029 ], [ 2345494.716032249853015, 2467524.550421660766006 ], [ 2345538.753019714727998, 2467524.550421660766006 ], [ 2345582.790007180068642, 2467524.550421660766006 ], [ 2345626.826994645409286, 2467524.550421660766006 ], [ 2345670.86398211074993, 2467524.550421660766006 ], [ 2345714.900969576090574, 2467524.550421660766006 ], [ 2345758.938874612562358, 2467480.512391843833029 ], [ 2345802.975862077903003, 2467480.512391843833029 ], [ 2345847.012849543243647, 2467480.512391843833029 ], [ 2345847.012849543243647, 2467436.474362026434392 ], [ 2345891.049837008584291, 2467436.474362026434392 ], [ 2345935.086824473924935, 2467392.436332209501415 ], [ 2345979.124729510396719, 2467348.399219985119998 ], [ 2346023.161716975271702, 2467304.361190167721361 ], [ 2346111.23569190595299, 2467260.323160350788385 ], [ 2346155.272679371293634, 2467216.286048126406968 ], [ 2346243.347571873106062, 2467216.286048126406968 ], [ 2346331.421546803787351, 2467216.286048126406968 ], [ 2346331.421546803787351, 2467172.248018309473991 ], [ 2346375.458534269127995, 2467172.248018309473991 ], [ 2346419.495521734468639, 2467172.248018309473991 ], [ 2346463.533426770940423, 2467172.248018309473991 ], [ 2346507.570414235815406, 2467172.248018309473991 ], [ 2346595.644389166496694, 2467128.209988492075354 ], [ 2346639.681376631837338, 2467128.209988492075354 ], [ 2346683.719281668309122, 2467128.209988492075354 ], [ 2346727.756269133649766, 2467128.209988492075354 ], [ 2346815.830244064331055, 2467084.171958675142378 ], [ 2346859.867231529671699, 2467084.171958675142378 ], [ 2346903.905136566143483, 2467084.171958675142378 ], [ 2346947.942124031484127, 2467084.171958675142378 ], [ 2347036.016098961699754, 2467084.171958675142378 ], [ 2347080.053086427040398, 2467084.171958675142378 ], [ 2347124.090073892381042, 2467040.134846450760961 ], [ 2347168.127978928852826, 2466996.096816633827984 ], [ 2347212.16496639419347, 2466996.096816633827984 ], [ 2347256.201953859534115, 2466952.058786816429347 ], [ 2347300.238941324874759, 2466952.058786816429347 ], [ 2347344.275928790215403, 2466952.058786816429347 ], [ 2347344.275928790215403, 2466908.020756999496371 ], [ 2347388.313833826687187, 2466908.020756999496371 ], [ 2347388.313833826687187, 2466863.983644775114954 ], [ 2347432.350821292027831, 2466819.945614957716316 ], [ 2347476.387808757368475, 2466819.945614957716316 ], [ 2347520.424796222243458, 2466819.945614957716316 ], [ 2347564.461783687584102, 2466819.945614957716316 ], [ 2347564.461783687584102, 2466863.983644775114954 ], [ 2347608.499688724055886, 2466863.983644775114954 ], [ 2347652.53667618939653, 2466863.983644775114954 ], [ 2347696.573663654737175, 2466863.983644775114954 ], [ 2347740.610651120077819, 2466863.983644775114954 ], [ 2347740.610651120077819, 2466819.945614957716316 ], [ 2347784.647638585418463, 2466819.945614957716316 ], [ 2347828.684626050759107, 2466819.945614957716316 ], [ 2347872.722531087230891, 2466819.945614957716316 ], [ 2347916.759518552571535, 2466819.945614957716316 ], [ 2347960.796506017912179, 2466819.945614957716316 ], [ 2348004.833493482787162, 2466863.983644775114954 ], [ 2348048.870480948127806, 2466908.020756999496371 ], [ 2348092.90838598459959, 2466952.058786816429347 ], [ 2348136.945373449940234, 2466952.058786816429347 ], [ 2348136.945373449940234, 2466996.096816633827984 ], [ 2348180.982360915280879, 2466996.096816633827984 ], [ 2348225.019348380621523, 2466996.096816633827984 ], [ 2348269.056335845962167, 2467040.134846450760961 ], [ 2348489.242190743796527, 2467128.209988492075354 ], [ 2348445.205203278455883, 2467348.399219985119998 ], [ 2348445.205203278455883, 2467392.436332209501415 ], [ 2348489.242190743796527, 2467480.512391843833029 ], [ 2348489.242190743796527, 2467524.550421660766006 ], [ 2348489.242190743796527, 2467568.587533885147423 ], [ 2348489.242190743796527, 2467612.625563702080399 ], [ 2348445.205203278455883, 2467656.663593519479036 ], [ 2348401.168215813115239, 2467700.701623336412013 ], [ 2348401.168215813115239, 2467744.73873556079343 ], [ 2348357.131228347774595, 2467832.814795195125043 ], [ 2348357.131228347774595, 2467920.889937236439437 ], [ 2348313.093323311302811, 2468008.96599687077105 ], [ 2348313.093323311302811, 2468053.003109095152467 ], [ 2348269.056335845962167, 2468097.041138912085444 ], [ 2348269.056335845962167, 2468141.079168729484081 ], [ 2348269.056335845962167, 2468185.117198546417058 ], [ 2348269.056335845962167, 2468229.154310770798475 ], [ 2348269.056335845962167, 2468273.192340588197112 ], [ 2348269.056335845962167, 2468405.305512446444482 ], [ 2348269.056335845962167, 2468449.343542263843119 ], [ 2348269.056335845962167, 2468493.381572080776095 ], [ 2348269.056335845962167, 2468537.418684305157512 ], [ 2348225.019348380621523, 2468581.45671412255615 ], [ 2348225.019348380621523, 2468625.494743939489126 ], [ 2348225.019348380621523, 2468669.532773756422102 ], [ 2348180.982360915280879, 2468669.532773756422102 ], [ 2348180.982360915280879, 2468757.607915798202157 ], [ 2348136.945373449940234, 2468801.645945615135133 ], [ 2348092.90838598459959, 2468845.68397543206811 ], [ 2348048.870480948127806, 2468845.68397543206811 ], [ 2348048.870480948127806, 2468889.721087656449527 ], [ 2348048.870480948127806, 2468977.79714729078114 ], [ 2348048.870480948127806, 2469021.835177108179778 ], [ 2348004.833493482787162, 2469021.835177108179778 ], [ 2348004.833493482787162, 2469065.872289332561195 ], [ 2348004.833493482787162, 2469109.910319149494171 ], [ 2348004.833493482787162, 2469153.948348966427147 ], [ 2347960.796506017912179, 2469153.948348966427147 ], [ 2347960.796506017912179, 2469197.985461190808564 ], [ 2347916.759518552571535, 2469197.985461190808564 ], [ 2347872.722531087230891, 2469242.023491008207202 ], [ 2347872.722531087230891, 2469286.061520825140178 ], [ 2347828.684626050759107, 2469330.099550642538816 ], [ 2347828.684626050759107, 2469374.136662866454571 ], [ 2347872.722531087230891, 2469374.136662866454571 ], [ 2347872.722531087230891, 2469418.174692683853209 ], [ 2347828.684626050759107, 2469462.212722500786185 ], [ 2347872.722531087230891, 2469462.212722500786185 ], [ 2347872.722531087230891, 2469506.250752318184823 ], [ 2347828.684626050759107, 2469506.250752318184823 ], [ 2347828.684626050759107, 2469550.28786454256624 ], [ 2347828.684626050759107, 2469594.325894359499216 ], [ 2347784.647638585418463, 2469594.325894359499216 ], [ 2347784.647638585418463, 2469638.363924176432192 ], [ 2347828.684626050759107, 2469638.363924176432192 ], [ 2347784.647638585418463, 2469682.40195399383083 ], [ 2347784.647638585418463, 2469726.439066218212247 ], [ 2347740.610651120077819, 2469682.40195399383083 ], [ 2347740.610651120077819, 2469726.439066218212247 ], [ 2347740.610651120077819, 2469770.477096035145223 ], [ 2347740.610651120077819, 2469814.515125852543861 ], [ 2347784.647638585418463, 2469814.515125852543861 ], [ 2347784.647638585418463, 2469858.552238076925278 ], [ 2347784.647638585418463, 2469902.590267893858254 ], [ 2347784.647638585418463, 2469946.62829771079123 ], [ 2347784.647638585418463, 2469990.666327528189868 ], [ 2347740.610651120077819, 2469990.666327528189868 ], [ 2347740.610651120077819, 2470034.703439752571285 ], [ 2347740.610651120077819, 2470078.741469569504261 ], [ 2347696.573663654737175, 2470078.741469569504261 ], [ 2347696.573663654737175, 2470122.779499386437237 ], [ 2347696.573663654737175, 2470166.817529203835875 ], [ 2347696.573663654737175, 2470210.854641428217292 ], [ 2347696.573663654737175, 2470254.892671245150268 ], [ 2347696.573663654737175, 2470298.930701062548906 ], [ 2347696.573663654737175, 2470342.967813286930323 ], [ 2347740.610651120077819, 2470342.967813286930323 ], [ 2347740.610651120077819, 2470387.005843103863299 ], [ 2347740.610651120077819, 2470431.043872920796275 ], [ 2347784.647638585418463, 2470431.043872920796275 ], [ 2347784.647638585418463, 2470475.081902738194913 ], [ 2347740.610651120077819, 2470475.081902738194913 ], [ 2347784.647638585418463, 2470475.081902738194913 ], [ 2347784.647638585418463, 2470519.11901496257633 ], [ 2347784.647638585418463, 2470563.157044779509306 ], [ 2347784.647638585418463, 2470607.195074596907943 ], [ 2347784.647638585418463, 2470651.23310441384092 ], [ 2347828.684626050759107, 2470651.23310441384092 ], [ 2347828.684626050759107, 2470695.270216638222337 ], [ 2347828.684626050759107, 2470739.308246455155313 ], [ 2347872.722531087230891, 2470739.308246455155313 ], [ 2347872.722531087230891, 2470783.346276272553951 ], [ 2347872.722531087230891, 2470827.384306089486927 ], [ 2347872.722531087230891, 2470871.421418313868344 ], [ 2347872.722531087230891, 2470915.45944813080132 ], [ 2347872.722531087230891, 2470959.497477948199958 ], [ 2347916.759518552571535, 2470959.497477948199958 ], [ 2347916.759518552571535, 2471003.534590172581375 ], [ 2347916.759518552571535, 2471047.572619989514351 ], [ 2347960.796506017912179, 2471047.572619989514351 ], [ 2347916.759518552571535, 2471047.572619989514351 ], [ 2347916.759518552571535, 2471091.610649806912988 ], [ 2347960.796506017912179, 2471091.610649806912988 ], [ 2347960.796506017912179, 2471135.648679623845965 ], [ 2347916.759518552571535, 2471135.648679623845965 ], [ 2347960.796506017912179, 2471135.648679623845965 ], [ 2347960.796506017912179, 2471179.685791848227382 ], [ 2347960.796506017912179, 2471223.723821665160358 ], [ 2347960.796506017912179, 2471267.761851482558995 ], [ 2347960.796506017912179, 2471311.799881299491972 ], [ 2348004.833493482787162, 2471311.799881299491972 ], [ 2348004.833493482787162, 2471355.836993523873389 ], [ 2347960.796506017912179, 2471399.875023341272026 ], [ 2347960.796506017912179, 2471443.913053158205003 ], [ 2347960.796506017912179, 2471487.951082975137979 ], [ 2347960.796506017912179, 2471531.988195199519396 ], [ 2347960.796506017912179, 2471576.026225016918033 ], [ 2347916.759518552571535, 2471576.026225016918033 ], [ 2347916.759518552571535, 2471620.06425483385101 ], [ 2347916.759518552571535, 2471664.101367058232427 ], [ 2347916.759518552571535, 2471708.139396875165403 ], [ 2347916.759518552571535, 2471752.17742669256404 ], [ 2347960.796506017912179, 2471752.17742669256404 ], [ 2347960.796506017912179, 2471796.215456509497017 ], [ 2347960.796506017912179, 2471840.252568733878434 ], [ 2347960.796506017912179, 2471884.290598551277071 ], [ 2347960.796506017912179, 2471928.328628368210047 ], [ 2347960.796506017912179, 2471972.366658185143024 ], [ 2347960.796506017912179, 2472016.403770409524441 ], [ 2347960.796506017912179, 2472060.441800226923078 ], [ 2347960.796506017912179, 2472104.479830043856055 ], [ 2347916.759518552571535, 2472104.479830043856055 ], [ 2347960.796506017912179, 2472148.516942268237472 ], [ 2347960.796506017912179, 2472192.554972085170448 ], [ 2347960.796506017912179, 2472236.593001902569085 ], [ 2347960.796506017912179, 2472280.631031719502062 ], [ 2347960.796506017912179, 2472324.668143943883479 ], [ 2347916.759518552571535, 2472324.668143943883479 ], [ 2347916.759518552571535, 2472368.706173761282116 ], [ 2347916.759518552571535, 2472412.744203578215092 ], [ 2347916.759518552571535, 2472456.782233395148069 ], [ 2347916.759518552571535, 2472500.819345619529486 ], [ 2347916.759518552571535, 2472544.857375436928123 ], [ 2347916.759518552571535, 2472588.895405253861099 ], [ 2347872.722531087230891, 2472588.895405253861099 ], [ 2347872.722531087230891, 2472632.933435071259737 ], [ 2347828.684626050759107, 2472676.970547295641154 ], [ 2347828.684626050759107, 2472721.00857711257413 ], [ 2347784.647638585418463, 2472721.00857711257413 ], [ 2347828.684626050759107, 2472721.00857711257413 ], [ 2347828.684626050759107, 2472765.046606929507107 ], [ 2347828.684626050759107, 2472809.083719153888524 ], [ 2347828.684626050759107, 2472853.121748971287161 ], [ 2347828.684626050759107, 2472897.159778788220137 ], [ 2347784.647638585418463, 2472897.159778788220137 ], [ 2347784.647638585418463, 2472941.197808605618775 ], [ 2347784.647638585418463, 2472985.234920829534531 ], [ 2347784.647638585418463, 2473029.272950646933168 ], [ 2347740.610651120077819, 2473073.310980463866144 ], [ 2347740.610651120077819, 2473117.349010281264782 ], [ 2347740.610651120077819, 2473161.386122505646199 ], [ 2347740.610651120077819, 2473205.424152322579175 ], [ 2347740.610651120077819, 2473249.462182139512151 ], [ 2347696.573663654737175, 2473249.462182139512151 ], [ 2347696.573663654737175, 2473293.500211956910789 ], [ 2347696.573663654737175, 2473337.537324181292206 ], [ 2347652.53667618939653, 2473337.537324181292206 ], [ 2347652.53667618939653, 2473381.575353998225182 ], [ 2347608.499688724055886, 2473381.575353998225182 ], [ 2347608.499688724055886, 2473425.61338381562382 ], [ 2347608.499688724055886, 2473469.650496039539576 ], [ 2347608.499688724055886, 2473513.688525856938213 ], [ 2347564.461783687584102, 2473513.688525856938213 ], [ 2347564.461783687584102, 2473557.726555673871189 ], [ 2347520.424796222243458, 2473557.726555673871189 ], [ 2347520.424796222243458, 2473601.764585491269827 ], [ 2347520.424796222243458, 2473645.801697715651244 ], [ 2347476.387808757368475, 2473645.801697715651244 ], [ 2347432.350821292027831, 2473689.83972753258422 ], [ 2347432.350821292027831, 2473645.801697715651244 ], [ 2347432.350821292027831, 2473689.83972753258422 ], [ 2347388.313833826687187, 2473689.83972753258422 ], [ 2347388.313833826687187, 2473733.877757349982858 ], [ 2347344.275928790215403, 2473733.877757349982858 ], [ 2347300.238941324874759, 2473733.877757349982858 ], [ 2347300.238941324874759, 2473777.915787166915834 ], [ 2347256.201953859534115, 2473777.915787166915834 ], [ 2347256.201953859534115, 2473821.952899391297251 ], [ 2347256.201953859534115, 2473865.990929208230227 ], [ 2347212.16496639419347, 2473865.990929208230227 ], [ 2347168.127978928852826, 2473865.990929208230227 ], [ 2347168.127978928852826, 2473910.028959025628865 ], [ 2347124.090073892381042, 2473910.028959025628865 ], [ 2347124.090073892381042, 2473954.066071250010282 ], [ 2347124.090073892381042, 2473998.104101066943258 ], [ 2347124.090073892381042, 2474042.142130883876234 ], [ 2347080.053086427040398, 2474042.142130883876234 ], [ 2347080.053086427040398, 2474086.180160701274872 ], [ 2347036.016098961699754, 2474086.180160701274872 ], [ 2347036.016098961699754, 2474130.217272925656289 ], [ 2346991.979111496824771, 2474130.217272925656289 ], [ 2346947.942124031484127, 2474174.255302742589265 ], [ 2346947.942124031484127, 2474218.293332559987903 ], [ 2346903.905136566143483, 2474218.293332559987903 ], [ 2346903.905136566143483, 2474262.331362376920879 ], [ 2346859.867231529671699, 2474262.331362376920879 ], [ 2346859.867231529671699, 2474306.368474601302296 ], [ 2346815.830244064331055, 2474350.406504418235272 ], [ 2346815.830244064331055, 2474394.44453423563391 ], [ 2346771.793256598990411, 2474394.44453423563391 ], [ 2346771.793256598990411, 2474438.482564052566886 ], [ 2346727.756269133649766, 2474438.482564052566886 ], [ 2346727.756269133649766, 2474482.519676276948303 ], [ 2346683.719281668309122, 2474482.519676276948303 ], [ 2346683.719281668309122, 2474526.557706093881279 ], [ 2346639.681376631837338, 2474526.557706093881279 ], [ 2346639.681376631837338, 2474570.595735911279917 ], [ 2346639.681376631837338, 2474614.632848135661334 ], [ 2346639.681376631837338, 2474658.67087795259431 ], [ 2346639.681376631837338, 2474702.708907769992948 ], [ 2346595.644389166496694, 2474702.708907769992948 ], [ 2346595.644389166496694, 2474746.746937586925924 ], [ 2346595.644389166496694, 2474790.784049811307341 ], [ 2346595.644389166496694, 2474834.822079628240317 ], [ 2346595.644389166496694, 2474878.860109445638955 ], [ 2346639.681376631837338, 2474878.860109445638955 ], [ 2346683.719281668309122, 2474922.898139262571931 ], [ 2346683.719281668309122, 2474966.935251486953348 ], [ 2346639.681376631837338, 2474966.935251486953348 ], [ 2346639.681376631837338, 2475010.973281304351985 ], [ 2346639.681376631837338, 2475055.011311121284962 ], [ 2346595.644389166496694, 2475055.011311121284962 ], [ 2346551.60740170115605, 2475099.049340938217938 ], [ 2346551.60740170115605, 2475143.086453162599355 ], [ 2346507.570414235815406, 2475143.086453162599355 ], [ 2346507.570414235815406, 2475187.124482979997993 ], [ 2346463.533426770940423, 2475187.124482979997993 ], [ 2346463.533426770940423, 2475231.162512796930969 ], [ 2346463.533426770940423, 2475275.199625021312386 ], [ 2346419.495521734468639, 2475275.199625021312386 ], [ 2346419.495521734468639, 2475319.237654838245362 ], [ 2346419.495521734468639, 2475363.275684655644 ], [ 2346419.495521734468639, 2475407.313714472576976 ], [ 2346419.495521734468639, 2475451.350826696958393 ], [ 2346419.495521734468639, 2475495.38885651435703 ], [ 2346419.495521734468639, 2475539.426886331290007 ], [ 2346463.533426770940423, 2475583.464916148222983 ], [ 2346463.533426770940423, 2475627.5020283726044 ], [ 2346419.495521734468639, 2475627.5020283726044 ], [ 2346419.495521734468639, 2475671.540058190003037 ], [ 2346419.495521734468639, 2475715.578088006936014 ], [ 2346419.495521734468639, 2475759.615200231317431 ], [ 2346375.458534269127995, 2475759.615200231317431 ], [ 2346331.421546803787351, 2475759.615200231317431 ], [ 2346331.421546803787351, 2475803.653230048716068 ], [ 2346331.421546803787351, 2475847.691259865649045 ], [ 2346287.384559338446707, 2475891.729289682582021 ], [ 2346287.384559338446707, 2475935.766401906963438 ], [ 2346287.384559338446707, 2475979.804431724362075 ], [ 2346243.347571873106062, 2476023.842461541295052 ], [ 2346243.347571873106062, 2476067.880491358228028 ], [ 2346199.310584407765418, 2476111.917603582609445 ], [ 2346199.310584407765418, 2476155.955633400008082 ], [ 2346243.347571873106062, 2476155.955633400008082 ], [ 2346243.347571873106062, 2476199.993663216941059 ], [ 2346243.347571873106062, 2476244.031693034339696 ], [ 2346243.347571873106062, 2476288.068805258721113 ], [ 2346243.347571873106062, 2476332.106835075654089 ], [ 2346287.384559338446707, 2476332.106835075654089 ], [ 2346331.421546803787351, 2476332.106835075654089 ], [ 2346331.421546803787351, 2476376.144864892587066 ], [ 2346375.458534269127995, 2476376.144864892587066 ], [ 2346375.458534269127995, 2476420.181977116968483 ], [ 2346375.458534269127995, 2476464.22000693436712 ], [ 2346331.421546803787351, 2476508.258036751300097 ], [ 2346331.421546803787351, 2476552.296066568233073 ], [ 2346375.458534269127995, 2476552.296066568233073 ], [ 2346419.495521734468639, 2476596.33317879261449 ], [ 2346419.495521734468639, 2476640.371208610013127 ], [ 2346463.533426770940423, 2476640.371208610013127 ], [ 2346507.570414235815406, 2476684.409238426946104 ], [ 2346507.570414235815406, 2476728.447268244344741 ], [ 2346507.570414235815406, 2476772.484380468726158 ], [ 2346507.570414235815406, 2476816.522410285659134 ], [ 2346507.570414235815406, 2476860.560440102592111 ], [ 2346507.570414235815406, 2476904.597552326973528 ], [ 2346463.533426770940423, 2476948.635582144372165 ], [ 2346507.570414235815406, 2476992.673611961305141 ], [ 2346463.533426770940423, 2476992.673611961305141 ], [ 2346463.533426770940423, 2477036.711641778703779 ], [ 2346419.495521734468639, 2477080.748754003085196 ], [ 2346375.458534269127995, 2477124.786783820018172 ], [ 2346331.421546803787351, 2477168.824813636951149 ], [ 2346331.421546803787351, 2477212.862843454349786 ], [ 2346287.384559338446707, 2477212.862843454349786 ], [ 2346287.384559338446707, 2477256.899955678731203 ], [ 2346199.310584407765418, 2477300.937985495664179 ], [ 2346155.272679371293634, 2477300.937985495664179 ], [ 2346155.272679371293634, 2477344.976015312597156 ], [ 2346111.23569190595299, 2477344.976015312597156 ], [ 2346111.23569190595299, 2477389.014045129995793 ], [ 2346067.198704440612346, 2477433.05115735437721 ], [ 2346067.198704440612346, 2477477.089187171310186 ], [ 2346067.198704440612346, 2477521.127216988708824 ], [ 2346023.161716975271702, 2477565.164329213090241 ], [ 2345979.124729510396719, 2477565.164329213090241 ], [ 2345979.124729510396719, 2477609.202359030023217 ], [ 2345979.124729510396719, 2477653.240388846956193 ], [ 2345979.124729510396719, 2477697.278418664354831 ], [ 2345935.086824473924935, 2477741.315530888736248 ], [ 2345891.049837008584291, 2477741.315530888736248 ], [ 2345891.049837008584291, 2477785.353560705669224 ], [ 2345891.049837008584291, 2477829.391590523067862 ], [ 2345891.049837008584291, 2477873.429620340000838 ], [ 2345935.086824473924935, 2477917.466732564382255 ], [ 2345935.086824473924935, 2477961.504762381315231 ], [ 2345935.086824473924935, 2478005.542792198713869 ], [ 2345935.086824473924935, 2478049.580822015646845 ], [ 2345935.086824473924935, 2478093.617934240028262 ], [ 2345935.086824473924935, 2478137.655964056961238 ], [ 2345935.086824473924935, 2478181.693993874359876 ], [ 2345935.086824473924935, 2478225.731106098741293 ], [ 2345935.086824473924935, 2478269.769135915674269 ], [ 2345891.049837008584291, 2478269.769135915674269 ], [ 2345891.049837008584291, 2478313.807165733072907 ], [ 2345847.012849543243647, 2478313.807165733072907 ], [ 2345847.012849543243647, 2478357.845195550005883 ], [ 2345802.975862077903003, 2478357.845195550005883 ], [ 2345847.012849543243647, 2478401.8823077743873 ], [ 2345802.975862077903003, 2478445.920337591320276 ], [ 2345758.938874612562358, 2478489.958367408718914 ], [ 2345714.900969576090574, 2478489.958367408718914 ], [ 2345670.86398211074993, 2478489.958367408718914 ], [ 2345670.86398211074993, 2478533.99639722565189 ], [ 2345626.826994645409286, 2478533.99639722565189 ], [ 2345582.790007180068642, 2478533.99639722565189 ], [ 2345582.790007180068642, 2478578.033509450033307 ], [ 2345538.753019714727998, 2478578.033509450033307 ], [ 2345494.716032249853015, 2478578.033509450033307 ], [ 2345450.678127213381231, 2478578.033509450033307 ], [ 2345450.678127213381231, 2478622.071539266966283 ], [ 2345406.641139748040587, 2478578.033509450033307 ], [ 2345406.641139748040587, 2478622.071539266966283 ], [ 2345362.604152282699943, 2478622.071539266966283 ], [ 2345318.567164817359298, 2478622.071539266966283 ], [ 2345318.567164817359298, 2478666.109569084364921 ], [ 2345274.530177352018654, 2478666.109569084364921 ], [ 2345230.49227231554687, 2478710.146681308746338 ], [ 2345186.455284850206226, 2478754.184711125679314 ], [ 2345142.418297384865582, 2478754.184711125679314 ], [ 2345142.418297384865582, 2478798.222740943077952 ], [ 2345142.418297384865582, 2478842.260770760010928 ], [ 2345098.381309919524938, 2478842.260770760010928 ], [ 2345054.344322454184294, 2478842.260770760010928 ], [ 2345054.344322454184294, 2478886.297882984392345 ], [ 2345010.306417418178171, 2478886.297882984392345 ], [ 2344966.269429952837527, 2478886.297882984392345 ], [ 2344922.232442487496883, 2478886.297882984392345 ], [ 2344878.195455022156239, 2478930.335912801325321 ], [ 2344834.158467556815594, 2478930.335912801325321 ], [ 2344834.158467556815594, 2478974.373942618723959 ], [ 2344834.158467556815594, 2479018.411972435656935 ], [ 2344790.12148009147495, 2479018.411972435656935 ], [ 2344790.12148009147495, 2479062.449084660038352 ], [ 2344790.12148009147495, 2479106.48711447743699 ], [ 2344746.083575055003166, 2479106.48711447743699 ], [ 2344746.083575055003166, 2479150.525144294369966 ], [ 2344746.083575055003166, 2479194.563174111302942 ], [ 2344746.083575055003166, 2479238.600286335684359 ], [ 2344702.046587589662522, 2479238.600286335684359 ], [ 2344702.046587589662522, 2479282.638316153082997 ], [ 2344658.009600124321878, 2479282.638316153082997 ], [ 2344613.972612658981234, 2479282.638316153082997 ], [ 2344613.972612658981234, 2479326.676345970015973 ], [ 2344613.972612658981234, 2479370.71345819439739 ], [ 2344569.93562519364059, 2479370.71345819439739 ], [ 2344569.93562519364059, 2479414.751488011330366 ], [ 2344569.93562519364059, 2479458.789517828729004 ], [ 2344569.93562519364059, 2479502.82754764566198 ], [ 2344569.93562519364059, 2479546.864659870043397 ], [ 2344525.897720157634467, 2479546.864659870043397 ], [ 2344481.860732692293823, 2479546.864659870043397 ], [ 2344437.823745226953179, 2479546.864659870043397 ], [ 2344393.786757761612535, 2479546.864659870043397 ], [ 2344349.74977029627189, 2479546.864659870043397 ], [ 2344305.711865259800106, 2479546.864659870043397 ], [ 2344261.674877794459462, 2479546.864659870043397 ], [ 2344261.674877794459462, 2479502.82754764566198 ], [ 2344217.637890329118818, 2479502.82754764566198 ], [ 2344173.600902863778174, 2479502.82754764566198 ], [ 2344173.600902863778174, 2479458.789517828729004 ], [ 2344129.56391539843753, 2479458.789517828729004 ], [ 2344085.526927933096886, 2479414.751488011330366 ], [ 2344041.489022897090763, 2479414.751488011330366 ], [ 2344041.489022897090763, 2479370.71345819439739 ], [ 2343997.452035431750119, 2479370.71345819439739 ], [ 2343953.415047966409475, 2479370.71345819439739 ], [ 2343909.37806050106883, 2479370.71345819439739 ], [ 2343865.341073035728186, 2479370.71345819439739 ], [ 2343821.303167999256402, 2479414.751488011330366 ], [ 2343777.266180533915758, 2479414.751488011330366 ], [ 2343733.229193068575114, 2479414.751488011330366 ], [ 2343733.229193068575114, 2479458.789517828729004 ], [ 2343689.19220560323447, 2479502.82754764566198 ], [ 2343645.155218137893826, 2479502.82754764566198 ], [ 2343601.118230672553182, 2479502.82754764566198 ], [ 2343557.080325636547059, 2479502.82754764566198 ], [ 2343557.080325636547059, 2479546.864659870043397 ], [ 2343557.080325636547059, 2479590.902689687442034 ], [ 2343557.080325636547059, 2479546.864659870043397 ], [ 2343513.043338171206415, 2479590.902689687442034 ], [ 2343513.043338171206415, 2479634.940719504375011 ], [ 2343469.006350705865771, 2479678.978749321307987 ], [ 2343469.006350705865771, 2479723.015861545689404 ], [ 2343424.969363240525126, 2479723.015861545689404 ], [ 2343424.969363240525126, 2479767.053891363088042 ], [ 2343380.932375775184482, 2479767.053891363088042 ], [ 2343336.894470738712698, 2479811.091921180021018 ], [ 2343292.857483273372054, 2479855.129950997419655 ], [ 2343248.82049580803141, 2479811.091921180021018 ], [ 2343204.783508342690766, 2479811.091921180021018 ], [ 2343204.783508342690766, 2479855.129950997419655 ], [ 2343160.746520877350122, 2479855.129950997419655 ], [ 2343160.746520877350122, 2479899.167063221801072 ], [ 2343160.746520877350122, 2479943.205093038734049 ], [ 2343204.783508342690766, 2479987.243122855667025 ], [ 2343204.783508342690766, 2480031.280235080048442 ], [ 2343160.746520877350122, 2480031.280235080048442 ], [ 2343160.746520877350122, 2480075.318264897447079 ], [ 2343116.708615841343999, 2480075.318264897447079 ], [ 2343116.708615841343999, 2480119.356294714380056 ], [ 2343116.708615841343999, 2480163.394324531778693 ], [ 2343116.708615841343999, 2480207.431436755694449 ], [ 2343116.708615841343999, 2480251.469466573093086 ], [ 2343072.671628376003355, 2480251.469466573093086 ], [ 2343072.671628376003355, 2480295.507496390026063 ], [ 2343028.634640910662711, 2480295.507496390026063 ], [ 2343028.634640910662711, 2480339.5455262074247 ], [ 2343072.671628376003355, 2480339.5455262074247 ], [ 2343072.671628376003355, 2480383.582638431806117 ], [ 2343072.671628376003355, 2480427.620668248739094 ], [ 2343116.708615841343999, 2480427.620668248739094 ], [ 2343116.708615841343999, 2480471.65869806567207 ], [ 2343160.746520877350122, 2480515.695810290053487 ], [ 2343160.746520877350122, 2480559.733840107452124 ], [ 2343160.746520877350122, 2480603.771869924385101 ], [ 2343160.746520877350122, 2480647.809899741783738 ], [ 2343160.746520877350122, 2480691.847011965699494 ], [ 2343116.708615841343999, 2480691.847011965699494 ], [ 2343072.671628376003355, 2480691.847011965699494 ], [ 2343028.634640910662711, 2480691.847011965699494 ], [ 2343028.634640910662711, 2480735.885041783098131 ], [ 2342984.597653445322067, 2480735.885041783098131 ], [ 2342984.597653445322067, 2480779.923071600031108 ], [ 2342984.597653445322067, 2480823.961101417429745 ], [ 2342940.560665979981422, 2480823.961101417429745 ], [ 2342940.560665979981422, 2480867.998213641811162 ], [ 2342984.597653445322067, 2480867.998213641811162 ], [ 2342984.597653445322067, 2480912.036243458744138 ], [ 2342940.560665979981422, 2480912.036243458744138 ], [ 2342940.560665979981422, 2480956.074273275677115 ], [ 2342896.523678514640778, 2480956.074273275677115 ], [ 2342896.523678514640778, 2481000.112303093075752 ], [ 2342852.485773478168994, 2481044.149415317457169 ], [ 2342808.44878601282835, 2481044.149415317457169 ], [ 2342764.411798547487706, 2481044.149415317457169 ], [ 2342764.411798547487706, 2481088.187445134390146 ], [ 2342720.374811082147062, 2481088.187445134390146 ], [ 2342676.337823616806418, 2481088.187445134390146 ], [ 2342632.299918580800295, 2481088.187445134390146 ], [ 2342632.299918580800295, 2481132.225474951788783 ], [ 2342588.262931115459651, 2481132.225474951788783 ], [ 2342544.225943650119007, 2481176.2625871761702 ], [ 2342544.225943650119007, 2481220.300616993103176 ], [ 2342544.225943650119007, 2481264.338646810036153 ], [ 2342500.188956184778363, 2481264.338646810036153 ], [ 2342456.151968719437718, 2481264.338646810036153 ], [ 2342456.151968719437718, 2481308.37667662743479 ], [ 2342456.151968719437718, 2481352.413788851816207 ], [ 2342412.114063682965934, 2481352.413788851816207 ], [ 2342368.07707621762529, 2481396.451818668749183 ], [ 2342324.040088752284646, 2481440.489848486147821 ], [ 2342324.040088752284646, 2481484.527878303080797 ], [ 2342280.003101286944002, 2481484.527878303080797 ], [ 2342235.966113821603358, 2481484.527878303080797 ], [ 2342191.929126356262714, 2481484.527878303080797 ], [ 2342147.891221320256591, 2481528.564990527462214 ], [ 2342059.817246389575303, 2481572.60302034439519 ], [ 2342059.817246389575303, 2481616.641050161793828 ], [ 2342015.780258924234658, 2481616.641050161793828 ], [ 2342015.780258924234658, 2481572.60302034439519 ], [ 2341971.743271458894014, 2481572.60302034439519 ], [ 2341971.743271458894014, 2481528.564990527462214 ], [ 2341971.743271458894014, 2481484.527878303080797 ], [ 2341927.70536642242223, 2481484.527878303080797 ], [ 2341883.668378957081586, 2481484.527878303080797 ], [ 2341839.631391491740942, 2481484.527878303080797 ], [ 2341839.631391491740942, 2481440.489848486147821 ], [ 2341795.594404026400298, 2481440.489848486147821 ], [ 2341795.594404026400298, 2481484.527878303080797 ], [ 2341751.557416561059654, 2481484.527878303080797 ], [ 2341707.51951152458787, 2481484.527878303080797 ], [ 2341663.482524059712887, 2481440.489848486147821 ], [ 2341663.482524059712887, 2481396.451818668749183 ], [ 2341619.445536594372243, 2481396.451818668749183 ], [ 2341619.445536594372243, 2481352.413788851816207 ], [ 2341619.445536594372243, 2481308.37667662743479 ], [ 2341575.408549129031599, 2481264.338646810036153 ], [ 2341531.371561663690954, 2481220.300616993103176 ], [ 2341487.33457419835031, 2481176.2625871761702 ], [ 2341443.296669161878526, 2481176.2625871761702 ], [ 2341443.296669161878526, 2481132.225474951788783 ], [ 2341399.259681696537882, 2481132.225474951788783 ], [ 2341355.222694231197238, 2481088.187445134390146 ], [ 2341311.185706765856594, 2481088.187445134390146 ], [ 2341267.14871930051595, 2481088.187445134390146 ], [ 2341223.110814264044166, 2481044.149415317457169 ], [ 2341179.073826798703521, 2481044.149415317457169 ], [ 2341179.073826798703521, 2481000.112303093075752 ], [ 2341135.036839333828539, 2481000.112303093075752 ], [ 2341135.036839333828539, 2480956.074273275677115 ], [ 2341090.999851868487895, 2480912.036243458744138 ], [ 2341090.999851868487895, 2480867.998213641811162 ], [ 2341046.96286440314725, 2480823.961101417429745 ], [ 2341002.924959366675466, 2480823.961101417429745 ], [ 2340958.887971901334822, 2480823.961101417429745 ], [ 2340958.887971901334822, 2480779.923071600031108 ], [ 2340958.887971901334822, 2480735.885041783098131 ], [ 2340914.850984435994178, 2480735.885041783098131 ], [ 2340870.813996970653534, 2480735.885041783098131 ], [ 2340826.77700950531289, 2480735.885041783098131 ], [ 2340782.740022039972246, 2480735.885041783098131 ], [ 2340738.702117003500462, 2480735.885041783098131 ], [ 2340738.702117003500462, 2480779.923071600031108 ], [ 2340694.665129538159817, 2480779.923071600031108 ], [ 2340650.628142073284835, 2480823.961101417429745 ], [ 2340606.591154607944191, 2480779.923071600031108 ], [ 2340606.591154607944191, 2480735.885041783098131 ], [ 2340606.591154607944191, 2480691.847011965699494 ], [ 2340606.591154607944191, 2480647.809899741783738 ], [ 2340606.591154607944191, 2480603.771869924385101 ], [ 2340606.591154607944191, 2480559.733840107452124 ], [ 2340562.554167142603546, 2480559.733840107452124 ], [ 2340518.516262106131762, 2480559.733840107452124 ], [ 2340474.479274640791118, 2480559.733840107452124 ], [ 2340430.442287175450474, 2480559.733840107452124 ], [ 2340430.442287175450474, 2480603.771869924385101 ], [ 2340386.40529971010983, 2480603.771869924385101 ], [ 2340386.40529971010983, 2480647.809899741783738 ], [ 2340342.368312244769186, 2480603.771869924385101 ], [ 2340342.368312244769186, 2480559.733840107452124 ], [ 2340342.368312244769186, 2480515.695810290053487 ], [ 2340342.368312244769186, 2480471.65869806567207 ], [ 2340298.331324779428542, 2480471.65869806567207 ], [ 2340298.331324779428542, 2480427.620668248739094 ], [ 2340298.331324779428542, 2480383.582638431806117 ], [ 2340298.331324779428542, 2480339.5455262074247 ], [ 2340342.368312244769186, 2480339.5455262074247 ], [ 2340342.368312244769186, 2480295.507496390026063 ], [ 2340386.40529971010983, 2480295.507496390026063 ], [ 2340386.40529971010983, 2480251.469466573093086 ], [ 2340430.442287175450474, 2480251.469466573093086 ], [ 2340430.442287175450474, 2480207.431436755694449 ], [ 2340386.40529971010983, 2480207.431436755694449 ], [ 2340386.40529971010983, 2480163.394324531778693 ], [ 2340342.368312244769186, 2480163.394324531778693 ], [ 2340342.368312244769186, 2480119.356294714380056 ], [ 2340298.331324779428542, 2480119.356294714380056 ], [ 2340298.331324779428542, 2480075.318264897447079 ], [ 2340254.293419742956758, 2480075.318264897447079 ], [ 2340210.256432277616113, 2480075.318264897447079 ], [ 2340166.219444812741131, 2480075.318264897447079 ], [ 2340166.219444812741131, 2480031.280235080048442 ], [ 2340122.182457347400486, 2480031.280235080048442 ], [ 2340078.145469882059842, 2480031.280235080048442 ], [ 2340078.145469882059842, 2479987.243122855667025 ], [ 2340034.107564845588058, 2479987.243122855667025 ], [ 2339990.070577380247414, 2479987.243122855667025 ], [ 2339990.070577380247414, 2479943.205093038734049 ], [ 2339990.070577380247414, 2479899.167063221801072 ], [ 2339990.070577380247414, 2479855.129950997419655 ], [ 2339946.03358991490677, 2479855.129950997419655 ], [ 2339946.03358991490677, 2479811.091921180021018 ], [ 2339990.070577380247414, 2479811.091921180021018 ], [ 2339990.070577380247414, 2479767.053891363088042 ], [ 2339990.070577380247414, 2479723.015861545689404 ], [ 2339990.070577380247414, 2479678.978749321307987 ], [ 2339946.03358991490677, 2479678.978749321307987 ], [ 2339946.03358991490677, 2479634.940719504375011 ], [ 2339946.03358991490677, 2479590.902689687442034 ], [ 2339990.070577380247414, 2479590.902689687442034 ], [ 2339990.070577380247414, 2479546.864659870043397 ], [ 2339990.070577380247414, 2479502.82754764566198 ], [ 2339946.03358991490677, 2479502.82754764566198 ], [ 2339946.03358991490677, 2479458.789517828729004 ], [ 2339901.996602449566126, 2479502.82754764566198 ], [ 2339857.959614984225482, 2479502.82754764566198 ], [ 2339813.921709947753698, 2479502.82754764566198 ], [ 2339813.921709947753698, 2479546.864659870043397 ], [ 2339769.884722482413054, 2479546.864659870043397 ], [ 2339725.847735017072409, 2479546.864659870043397 ], [ 2339681.810747552197427, 2479546.864659870043397 ], [ 2339637.773760086856782, 2479546.864659870043397 ], [ 2339593.736772621516138, 2479590.902689687442034 ], [ 2339549.698867585044354, 2479590.902689687442034 ], [ 2339549.698867585044354, 2479546.864659870043397 ], [ 2339505.66188011970371, 2479546.864659870043397 ], [ 2339505.66188011970371, 2479502.82754764566198 ], [ 2339505.66188011970371, 2479458.789517828729004 ], [ 2339505.66188011970371, 2479414.751488011330366 ], [ 2339505.66188011970371, 2479370.71345819439739 ], [ 2339461.624892654363066, 2479370.71345819439739 ], [ 2339461.624892654363066, 2479326.676345970015973 ], [ 2339461.624892654363066, 2479282.638316153082997 ], [ 2339417.587905189022422, 2479282.638316153082997 ], [ 2339417.587905189022422, 2479238.600286335684359 ], [ 2339461.624892654363066, 2479194.563174111302942 ], [ 2339461.624892654363066, 2479150.525144294369966 ], [ 2339461.624892654363066, 2479106.48711447743699 ], [ 2339505.66188011970371, 2479106.48711447743699 ], [ 2339549.698867585044354, 2479062.449084660038352 ], [ 2339593.736772621516138, 2479062.449084660038352 ], [ 2339637.773760086856782, 2479062.449084660038352 ], [ 2339637.773760086856782, 2479018.411972435656935 ], [ 2339681.810747552197427, 2479018.411972435656935 ], [ 2339681.810747552197427, 2478974.373942618723959 ], [ 2339725.847735017072409, 2478974.373942618723959 ], [ 2339725.847735017072409, 2478930.335912801325321 ], [ 2339769.884722482413054, 2478886.297882984392345 ], [ 2339769.884722482413054, 2478842.260770760010928 ], [ 2339813.921709947753698, 2478842.260770760010928 ], [ 2339813.921709947753698, 2478798.222740943077952 ], [ 2339813.921709947753698, 2478754.184711125679314 ], [ 2339769.884722482413054, 2478754.184711125679314 ], [ 2339725.847735017072409, 2478754.184711125679314 ], [ 2339725.847735017072409, 2478710.146681308746338 ], [ 2339725.847735017072409, 2478666.109569084364921 ], [ 2339681.810747552197427, 2478666.109569084364921 ], [ 2339637.773760086856782, 2478666.109569084364921 ], [ 2339593.736772621516138, 2478622.071539266966283 ], [ 2339549.698867585044354, 2478622.071539266966283 ], [ 2339505.66188011970371, 2478666.109569084364921 ], [ 2339461.624892654363066, 2478666.109569084364921 ], [ 2339461.624892654363066, 2478710.146681308746338 ], [ 2339417.587905189022422, 2478666.109569084364921 ], [ 2339373.550917723681778, 2478666.109569084364921 ], [ 2339373.550917723681778, 2478622.071539266966283 ], [ 2339373.550917723681778, 2478578.033509450033307 ], [ 2339373.550917723681778, 2478533.99639722565189 ], [ 2339417.587905189022422, 2478489.958367408718914 ], [ 2339417.587905189022422, 2478445.920337591320276 ], [ 2339417.587905189022422, 2478401.8823077743873 ], [ 2339417.587905189022422, 2478357.845195550005883 ], [ 2339461.624892654363066, 2478357.845195550005883 ], [ 2339417.587905189022422, 2478313.807165733072907 ], [ 2339373.550917723681778, 2478313.807165733072907 ], [ 2339329.513012687209994, 2478313.807165733072907 ], [ 2339329.513012687209994, 2478269.769135915674269 ], [ 2339285.476025221869349, 2478269.769135915674269 ], [ 2339241.439037756528705, 2478269.769135915674269 ], [ 2339197.402050291188061, 2478225.731106098741293 ], [ 2339197.402050291188061, 2478181.693993874359876 ], [ 2339153.365062826313078, 2478181.693993874359876 ], [ 2339109.327157789841294, 2478181.693993874359876 ], [ 2339065.29017032450065, 2478181.693993874359876 ], [ 2339021.253182859160006, 2478181.693993874359876 ], [ 2339021.253182859160006, 2478137.655964056961238 ], [ 2338977.216195393819362, 2478137.655964056961238 ], [ 2338933.179207928478718, 2478137.655964056961238 ], [ 2338933.179207928478718, 2478093.617934240028262 ], [ 2338977.216195393819362, 2478093.617934240028262 ], [ 2338933.179207928478718, 2478093.617934240028262 ], [ 2338933.179207928478718, 2478049.580822015646845 ], [ 2338889.142220463138074, 2478049.580822015646845 ], [ 2338889.142220463138074, 2478005.542792198713869 ], [ 2338889.142220463138074, 2477961.504762381315231 ], [ 2338845.10431542666629, 2477917.466732564382255 ], [ 2338801.067327961325645, 2477917.466732564382255 ], [ 2338801.067327961325645, 2477873.429620340000838 ], [ 2338801.067327961325645, 2477829.391590523067862 ], [ 2338801.067327961325645, 2477785.353560705669224 ], [ 2338801.067327961325645, 2477741.315530888736248 ], [ 2338845.10431542666629, 2477697.278418664354831 ], [ 2338889.142220463138074, 2477653.240388846956193 ], [ 2338889.142220463138074, 2477697.278418664354831 ], [ 2338889.142220463138074, 2477653.240388846956193 ], [ 2338889.142220463138074, 2477609.202359030023217 ], [ 2338889.142220463138074, 2477565.164329213090241 ], [ 2338889.142220463138074, 2477521.127216988708824 ], [ 2338845.10431542666629, 2477521.127216988708824 ], [ 2338801.067327961325645, 2477521.127216988708824 ], [ 2338757.030340495985001, 2477521.127216988708824 ], [ 2338757.030340495985001, 2477565.164329213090241 ], [ 2338712.993353030644357, 2477565.164329213090241 ], [ 2338668.956365565769374, 2477521.127216988708824 ], [ 2338624.91846052929759, 2477521.127216988708824 ], [ 2338580.881473063956946, 2477521.127216988708824 ], [ 2338536.844485598616302, 2477521.127216988708824 ], [ 2338492.807498133275658, 2477521.127216988708824 ], [ 2338448.770510667935014, 2477521.127216988708824 ], [ 2338448.770510667935014, 2477565.164329213090241 ], [ 2338404.73260563146323, 2477565.164329213090241 ], [ 2338404.73260563146323, 2477609.202359030023217 ], [ 2338448.770510667935014, 2477609.202359030023217 ], [ 2338448.770510667935014, 2477653.240388846956193 ], [ 2338404.73260563146323, 2477653.240388846956193 ], [ 2338360.695618166122586, 2477653.240388846956193 ], [ 2338316.658630700781941, 2477653.240388846956193 ], [ 2338272.621643235441297, 2477697.278418664354831 ], [ 2338228.584655770100653, 2477741.315530888736248 ], [ 2338228.584655770100653, 2477785.353560705669224 ], [ 2338184.54766830522567, 2477785.353560705669224 ], [ 2338140.509763268753886, 2477785.353560705669224 ], [ 2338096.472775803413242, 2477741.315530888736248 ], [ 2338052.435788338072598, 2477741.315530888736248 ], [ 2338008.398800872731954, 2477741.315530888736248 ], [ 2337964.36181340739131, 2477741.315530888736248 ], [ 2337964.36181340739131, 2477785.353560705669224 ], [ 2337964.36181340739131, 2477829.391590523067862 ], [ 2337964.36181340739131, 2477873.429620340000838 ], [ 2337920.323908370919526, 2477873.429620340000838 ], [ 2337876.286920905578882, 2477873.429620340000838 ], [ 2337876.286920905578882, 2477917.466732564382255 ], [ 2337832.249933440238237, 2477873.429620340000838 ], [ 2337788.212945974897593, 2477873.429620340000838 ], [ 2337744.175958509556949, 2477873.429620340000838 ], [ 2337744.175958509556949, 2477917.466732564382255 ], [ 2337700.138053473550826, 2477917.466732564382255 ], [ 2337656.101066008210182, 2477917.466732564382255 ], [ 2337656.101066008210182, 2477961.504762381315231 ], [ 2337700.138053473550826, 2477961.504762381315231 ], [ 2337700.138053473550826, 2478005.542792198713869 ], [ 2337656.101066008210182, 2478005.542792198713869 ], [ 2337656.101066008210182, 2478049.580822015646845 ], [ 2337612.064078542869538, 2478049.580822015646845 ], [ 2337568.027091077528894, 2478049.580822015646845 ], [ 2337523.99010361218825, 2478049.580822015646845 ], [ 2337479.953116146847606, 2478049.580822015646845 ], [ 2337479.953116146847606, 2478005.542792198713869 ], [ 2337435.915211110375822, 2478005.542792198713869 ], [ 2337435.915211110375822, 2478049.580822015646845 ], [ 2337391.878223645035177, 2478093.617934240028262 ], [ 2337435.915211110375822, 2478093.617934240028262 ], [ 2337435.915211110375822, 2478137.655964056961238 ], [ 2337435.915211110375822, 2478181.693993874359876 ], [ 2337479.953116146847606, 2478181.693993874359876 ], [ 2337523.99010361218825, 2478225.731106098741293 ], [ 2337523.99010361218825, 2478269.769135915674269 ], [ 2337479.953116146847606, 2478269.769135915674269 ], [ 2337435.915211110375822, 2478313.807165733072907 ], [ 2337435.915211110375822, 2478269.769135915674269 ], [ 2337435.915211110375822, 2478225.731106098741293 ], [ 2337391.878223645035177, 2478225.731106098741293 ], [ 2337347.841236179694533, 2478225.731106098741293 ], [ 2337347.841236179694533, 2478269.769135915674269 ], [ 2337303.804248714353889, 2478313.807165733072907 ], [ 2337303.804248714353889, 2478357.845195550005883 ], [ 2337303.804248714353889, 2478401.8823077743873 ], [ 2337347.841236179694533, 2478445.920337591320276 ], [ 2337347.841236179694533, 2478489.958367408718914 ], [ 2337347.841236179694533, 2478533.99639722565189 ], [ 2337347.841236179694533, 2478578.033509450033307 ], [ 2337347.841236179694533, 2478622.071539266966283 ], [ 2337347.841236179694533, 2478666.109569084364921 ], [ 2337303.804248714353889, 2478666.109569084364921 ], [ 2337303.804248714353889, 2478710.146681308746338 ], [ 2337259.767261249013245, 2478710.146681308746338 ], [ 2337259.767261249013245, 2478666.109569084364921 ], [ 2337215.729356213007122, 2478666.109569084364921 ], [ 2337171.692368747666478, 2478666.109569084364921 ], [ 2337171.692368747666478, 2478622.071539266966283 ], [ 2337127.655381282325834, 2478622.071539266966283 ], [ 2337127.655381282325834, 2478578.033509450033307 ], [ 2337127.655381282325834, 2478622.071539266966283 ], [ 2337083.61839381698519, 2478622.071539266966283 ], [ 2337039.581406351644546, 2478622.071539266966283 ], [ 2337039.581406351644546, 2478578.033509450033307 ], [ 2337039.581406351644546, 2478533.99639722565189 ], [ 2337039.581406351644546, 2478489.958367408718914 ], [ 2336995.543501315172762, 2478489.958367408718914 ], [ 2336951.506513849832118, 2478489.958367408718914 ], [ 2336951.506513849832118, 2478445.920337591320276 ], [ 2336907.469526384491473, 2478445.920337591320276 ], [ 2336863.432538919150829, 2478445.920337591320276 ], [ 2336863.432538919150829, 2478489.958367408718914 ], [ 2336819.395551453810185, 2478489.958367408718914 ], [ 2336819.395551453810185, 2478533.99639722565189 ], [ 2336819.395551453810185, 2478489.958367408718914 ], [ 2336775.358563988469541, 2478533.99639722565189 ], [ 2336731.320658952463418, 2478533.99639722565189 ], [ 2336731.320658952463418, 2478578.033509450033307 ], [ 2336687.283671487122774, 2478578.033509450033307 ], [ 2336643.24668402178213, 2478578.033509450033307 ], [ 2336643.24668402178213, 2478622.071539266966283 ], [ 2336599.209696556441486, 2478622.071539266966283 ], [ 2336599.209696556441486, 2478666.109569084364921 ], [ 2336555.172709091100842, 2478666.109569084364921 ], [ 2336555.172709091100842, 2478710.146681308746338 ], [ 2336555.172709091100842, 2478754.184711125679314 ], [ 2336511.134804054629058, 2478754.184711125679314 ], [ 2336467.097816589288414, 2478754.184711125679314 ], [ 2336467.097816589288414, 2478710.146681308746338 ], [ 2336423.060829123947769, 2478710.146681308746338 ], [ 2336379.023841658607125, 2478710.146681308746338 ], [ 2336379.023841658607125, 2478754.184711125679314 ], [ 2336334.986854193266481, 2478754.184711125679314 ], [ 2336290.949866727925837, 2478754.184711125679314 ], [ 2336246.911961691919714, 2478710.146681308746338 ], [ 2336246.911961691919714, 2478754.184711125679314 ], [ 2336246.911961691919714, 2478798.222740943077952 ], [ 2336202.87497422657907, 2478798.222740943077952 ], [ 2336246.911961691919714, 2478798.222740943077952 ], [ 2336246.911961691919714, 2478842.260770760010928 ], [ 2336202.87497422657907, 2478842.260770760010928 ], [ 2336202.87497422657907, 2478886.297882984392345 ], [ 2336158.837986761238426, 2478886.297882984392345 ], [ 2336114.800999295897782, 2478886.297882984392345 ], [ 2336114.800999295897782, 2478930.335912801325321 ], [ 2336158.837986761238426, 2478930.335912801325321 ], [ 2336114.800999295897782, 2478930.335912801325321 ], [ 2336114.800999295897782, 2478974.373942618723959 ], [ 2336114.800999295897782, 2479018.411972435656935 ], [ 2336070.764011830557138, 2479018.411972435656935 ], [ 2336070.764011830557138, 2478974.373942618723959 ], [ 2336070.764011830557138, 2479018.411972435656935 ], [ 2336026.726106794085354, 2479018.411972435656935 ], [ 2335982.689119328744709, 2479062.449084660038352 ], [ 2335938.652131863404065, 2479018.411972435656935 ], [ 2335938.652131863404065, 2479062.449084660038352 ], [ 2335894.615144398063421, 2479062.449084660038352 ], [ 2335894.615144398063421, 2479106.48711447743699 ], [ 2335938.652131863404065, 2479106.48711447743699 ], [ 2335938.652131863404065, 2479150.525144294369966 ], [ 2335938.652131863404065, 2479194.563174111302942 ], [ 2335894.615144398063421, 2479194.563174111302942 ], [ 2335894.615144398063421, 2479238.600286335684359 ], [ 2335894.615144398063421, 2479282.638316153082997 ], [ 2335938.652131863404065, 2479282.638316153082997 ], [ 2335938.652131863404065, 2479326.676345970015973 ], [ 2335894.615144398063421, 2479370.71345819439739 ], [ 2335894.615144398063421, 2479326.676345970015973 ], [ 2335850.578156932722777, 2479326.676345970015973 ], [ 2335806.540251896716654, 2479326.676345970015973 ], [ 2335806.540251896716654, 2479370.71345819439739 ], [ 2335806.540251896716654, 2479414.751488011330366 ], [ 2335806.540251896716654, 2479458.789517828729004 ], [ 2335762.50326443137601, 2479458.789517828729004 ], [ 2335718.466276966035366, 2479458.789517828729004 ], [ 2335674.429289500694722, 2479458.789517828729004 ], [ 2335630.392302035354078, 2479458.789517828729004 ], [ 2335630.392302035354078, 2479414.751488011330366 ], [ 2335586.355314570013434, 2479414.751488011330366 ], [ 2335586.355314570013434, 2479370.71345819439739 ], [ 2335542.31740953354165, 2479370.71345819439739 ], [ 2335454.243434602860361, 2479282.638316153082997 ], [ 2335410.206447137519717, 2479282.638316153082997 ], [ 2335366.169459672179073, 2479282.638316153082997 ], [ 2335366.169459672179073, 2479326.676345970015973 ], [ 2335322.13155463617295, 2479326.676345970015973 ], [ 2335278.094567170832306, 2479326.676345970015973 ], [ 2335234.057579705491662, 2479326.676345970015973 ], [ 2335234.057579705491662, 2479282.638316153082997 ], [ 2335145.983604774810374, 2479282.638316153082997 ], [ 2335101.94569973833859, 2479282.638316153082997 ], [ 2335013.871724807657301, 2479282.638316153082997 ], [ 2334969.834737342316657, 2479282.638316153082997 ], [ 2334925.797749876976013, 2479238.600286335684359 ], [ 2334881.760762411635369, 2479238.600286335684359 ], [ 2334881.760762411635369, 2479282.638316153082997 ], [ 2334837.722857375629246, 2479326.676345970015973 ], [ 2334793.685869910288602, 2479326.676345970015973 ], [ 2334793.685869910288602, 2479370.71345819439739 ], [ 2334837.722857375629246, 2479370.71345819439739 ], [ 2334793.685869910288602, 2479414.751488011330366 ], [ 2334749.648882444947958, 2479414.751488011330366 ], [ 2334705.611894979607314, 2479414.751488011330366 ], [ 2334705.611894979607314, 2479370.71345819439739 ], [ 2334661.57490751426667, 2479370.71345819439739 ], [ 2334661.57490751426667, 2479326.676345970015973 ], [ 2334705.611894979607314, 2479326.676345970015973 ], [ 2334705.611894979607314, 2479282.638316153082997 ], [ 2334661.57490751426667, 2479282.638316153082997 ], [ 2334617.537002477794886, 2479326.676345970015973 ], [ 2334573.500015012454242, 2479326.676345970015973 ], [ 2334573.500015012454242, 2479282.638316153082997 ], [ 2334617.537002477794886, 2479238.600286335684359 ], [ 2334617.537002477794886, 2479194.563174111302942 ], [ 2334617.537002477794886, 2479150.525144294369966 ], [ 2334661.57490751426667, 2479150.525144294369966 ], [ 2334617.537002477794886, 2479106.48711447743699 ], [ 2334617.537002477794886, 2479062.449084660038352 ], [ 2334617.537002477794886, 2479018.411972435656935 ], [ 2334573.500015012454242, 2479018.411972435656935 ], [ 2334529.463027547113597, 2479018.411972435656935 ], [ 2334485.426040081772953, 2479062.449084660038352 ], [ 2334441.389052616432309, 2479018.411972435656935 ], [ 2334397.351147579960525, 2479018.411972435656935 ], [ 2334353.314160115085542, 2479062.449084660038352 ], [ 2334309.277172649744898, 2479062.449084660038352 ], [ 2334309.277172649744898, 2479018.411972435656935 ], [ 2334265.240185184404254, 2479018.411972435656935 ], [ 2334265.240185184404254, 2478974.373942618723959 ], [ 2334221.20319771906361, 2478974.373942618723959 ], [ 2334177.166210253722966, 2479018.411972435656935 ], [ 2334133.128305217251182, 2479018.411972435656935 ], [ 2334089.091317751910537, 2479018.411972435656935 ], [ 2334089.091317751910537, 2479062.449084660038352 ], [ 2334045.054330286569893, 2479062.449084660038352 ], [ 2334001.017342821229249, 2479062.449084660038352 ], [ 2334001.017342821229249, 2479106.48711447743699 ] ] } },
{ "type": "Feature", "properties": { }, "geometry": { "type": "LineString", "coordinates": [ [ 2334001.017342821229249, 2479106.48711447743699 ], [ 2333956.980355355888605, 2479106.48711447743699 ], [ 2333912.942450319416821, 2479150.525144294369966 ], [ 2333912.942450319416821, 2479194.563174111302942 ], [ 2333868.905462854076177, 2479194.563174111302942 ], [ 2333824.868475389201194, 2479194.563174111302942 ], [ 2333824.868475389201194, 2479150.525144294369966 ], [ 2333780.83148792386055, 2479106.48711447743699 ], [ 2333736.794500458519906, 2479150.525144294369966 ], [ 2333692.756595422048122, 2479150.525144294369966 ], [ 2333648.719607956707478, 2479150.525144294369966 ], [ 2333648.719607956707478, 2479194.563174111302942 ], [ 2333648.719607956707478, 2479238.600286335684359 ], [ 2333692.756595422048122, 2479238.600286335684359 ], [ 2333692.756595422048122, 2479282.638316153082997 ], [ 2333648.719607956707478, 2479282.638316153082997 ], [ 2333648.719607956707478, 2479326.676345970015973 ], [ 2333604.682620491366833, 2479326.676345970015973 ], [ 2333604.682620491366833, 2479370.71345819439739 ], [ 2333560.645633026026189, 2479414.751488011330366 ], [ 2333560.645633026026189, 2479458.789517828729004 ], [ 2333560.645633026026189, 2479502.82754764566198 ], [ 2333560.645633026026189, 2479546.864659870043397 ], [ 2333516.608645560685545, 2479590.902689687442034 ], [ 2333472.571658095344901, 2479546.864659870043397 ], [ 2333472.571658095344901, 2479502.82754764566198 ], [ 2333428.533753058873117, 2479502.82754764566198 ], [ 2333428.533753058873117, 2479546.864659870043397 ], [ 2333384.496765593532473, 2479546.864659870043397 ], [ 2333384.496765593532473, 2479590.902689687442034 ], [ 2333340.45977812865749, 2479634.940719504375011 ], [ 2333340.45977812865749, 2479678.978749321307987 ], [ 2333296.422790663316846, 2479678.978749321307987 ], [ 2333252.385803197976202, 2479678.978749321307987 ], [ 2333208.347898161504418, 2479723.015861545689404 ], [ 2333164.310910696163774, 2479723.015861545689404 ], [ 2333164.310910696163774, 2479767.053891363088042 ], [ 2333120.273923230823129, 2479811.091921180021018 ], [ 2333076.236935765482485, 2479855.129950997419655 ], [ 2333076.236935765482485, 2479899.167063221801072 ], [ 2333032.199948300141841, 2479899.167063221801072 ], [ 2333032.199948300141841, 2479943.205093038734049 ], [ 2333032.199948300141841, 2479987.243122855667025 ], [ 2332988.162043263670057, 2479987.243122855667025 ], [ 2332988.162043263670057, 2480031.280235080048442 ], [ 2332944.125055798329413, 2480075.318264897447079 ], [ 2332944.125055798329413, 2480119.356294714380056 ], [ 2332900.088068332988769, 2480163.394324531778693 ], [ 2332900.088068332988769, 2480207.431436755694449 ], [ 2332856.051080868113786, 2480251.469466573093086 ], [ 2332812.014093402773142, 2480295.507496390026063 ], [ 2332767.976188366301358, 2480339.5455262074247 ], [ 2332767.976188366301358, 2480383.582638431806117 ], [ 2332723.939200900960714, 2480383.582638431806117 ], [ 2332679.90221343562007, 2480427.620668248739094 ], [ 2332635.865225970279425, 2480427.620668248739094 ], [ 2332635.865225970279425, 2480471.65869806567207 ], [ 2332591.828238504938781, 2480471.65869806567207 ], [ 2332547.791251039598137, 2480471.65869806567207 ], [ 2332547.791251039598137, 2480515.695810290053487 ], [ 2332503.753346003126353, 2480559.733840107452124 ], [ 2332503.753346003126353, 2480603.771869924385101 ], [ 2332503.753346003126353, 2480647.809899741783738 ], [ 2332547.791251039598137, 2480647.809899741783738 ], [ 2332547.791251039598137, 2480691.847011965699494 ], [ 2332547.791251039598137, 2480735.885041783098131 ], [ 2332503.753346003126353, 2480735.885041783098131 ], [ 2332503.753346003126353, 2480779.923071600031108 ], [ 2332503.753346003126353, 2480823.961101417429745 ], [ 2332459.716358537785709, 2480823.961101417429745 ], [ 2332459.716358537785709, 2480867.998213641811162 ], [ 2332415.679371072445065, 2480867.998213641811162 ], [ 2332371.642383607570082, 2480867.998213641811162 ], [ 2332327.605396142229438, 2480867.998213641811162 ], [ 2332283.567491105757654, 2480867.998213641811162 ], [ 2332239.53050364041701, 2480867.998213641811162 ], [ 2332195.493516175076365, 2480912.036243458744138 ], [ 2331490.898964016698301, 2480956.074273275677115 ], [ 2331446.861976551357657, 2480956.074273275677115 ], [ 2331446.861976551357657, 2481000.112303093075752 ], [ 2331402.824989086017013, 2481000.112303093075752 ], [ 2331358.78708405001089, 2481000.112303093075752 ], [ 2331314.750096584670246, 2481000.112303093075752 ], [ 2331270.713109119329602, 2481000.112303093075752 ], [ 2331094.564241686835885, 2481000.112303093075752 ], [ 2331050.527254221495241, 2481044.149415317457169 ], [ 2330874.378386789467186, 2481044.149415317457169 ], [ 2330918.416291825473309, 2481704.716192203108221 ], [ 2330962.453279290813953, 2481836.829364061821252 ], [ 2330962.453279290813953, 2481924.905423696152866 ], [ 2330962.453279290813953, 2481968.943453513085842 ], [ 2330962.453279290813953, 2482012.980565737467259 ], [ 2330962.453279290813953, 2482101.056625371798873 ], [ 2330962.453279290813953, 2482145.094655188731849 ], [ 2331006.490266756154597, 2482189.131767413113266 ], [ 2331006.490266756154597, 2482277.20782704744488 ], [ 2331006.490266756154597, 2482321.244939271826297 ], [ 2331006.490266756154597, 2482409.320998906157911 ], [ 2331006.490266756154597, 2482497.396140947472304 ], [ 2331006.490266756154597, 2482541.43417076440528 ], [ 2330962.453279290813953, 2482629.510230398736894 ], [ 2330918.416291825473309, 2482717.585372440516949 ], [ 2330874.378386789467186, 2482761.623402257449925 ], [ 2330830.341399324126542, 2482805.661432074382901 ], [ 2330786.304411858785897, 2482937.774603933095932 ], [ 2330698.230436928104609, 2483069.887775791808963 ], [ 2330301.895714598242193, 2483774.492582494858652 ], [ 2330213.821739667560905, 2483950.643784170504659 ], [ 2330037.672872235067189, 2484258.908157704863697 ], [ 2329993.635884769726545, 2484346.983299746178091 ], [ 2329949.597979733720422, 2484435.059359380509704 ], [ 2330257.858727132901549, 2484831.398874956183136 ], [ 2330389.969689528923482, 2485183.70127830747515 ], [ 2330434.007594564929605, 2485359.852479983121157 ], [ 2330566.118556960951537, 2485712.154883334878832 ], [ 2330742.267424393445253, 2486064.457286686170846 ], [ 2330786.304411858785897, 2486064.457286686170846 ], [ 2331226.676121653988957, 2487077.326466923579574 ], [ 2331226.676121653988957, 2487121.363579147960991 ], [ 2331226.676121653988957, 2487165.401608964893967 ], [ 2331226.676121653988957, 2487209.439638781826943 ], [ 2331226.676121653988957, 2487297.514780823606998 ], [ 2331226.676121653988957, 2487341.552810640539974 ], [ 2331226.676121653988957, 2487385.590840457938612 ], [ 2331182.639134188648313, 2487385.590840457938612 ], [ 2331182.639134188648313, 2487429.627952681854367 ], [ 2331182.639134188648313, 2487561.742042133584619 ], [ 2331182.639134188648313, 2487649.817184174899012 ], [ 2331182.639134188648313, 2487737.892326216213405 ], [ 2331182.639134188648313, 2487825.968385850545019 ], [ 2331138.602146723307669, 2488002.119587526191026 ], [ 2331138.602146723307669, 2488046.157617343589664 ], [ 2331138.602146723307669, 2488310.383961060550064 ], [ 2331094.564241686835885, 2488574.610304777976125 ], [ 2331094.564241686835885, 2488882.875595904886723 ], [ 2331094.564241686835885, 2488970.950737946201116 ], [ 2331050.527254221495241, 2489147.101939622312784 ], [ 2331050.527254221495241, 2489455.366313156671822 ], [ 2331006.490266756154597, 2489719.592656873632222 ], [ 2331006.490266756154597, 2489939.781888366676867 ], [ 2331006.490266756154597, 2490159.97111985925585 ], [ 2331006.490266756154597, 2490248.046261900570244 ], [ 2330962.453279290813953, 2490248.046261900570244 ], [ 2330962.453279290813953, 2490292.084291717968881 ], [ 2330962.453279290813953, 2490336.122321534901857 ], [ 2330962.453279290813953, 2490380.159433759283274 ], [ 2330874.378386789467186, 2490556.310635434929281 ], [ 2330830.341399324126542, 2490688.424724886659533 ], [ 2330742.267424393445253, 2490864.575008969288319 ], [ 2330742.267424393445253, 2490908.613038786686957 ], [ 2330654.192531891632825, 2491128.80227027926594 ], [ 2330610.155544426292181, 2491216.877412321045995 ], [ 2330610.155544426292181, 2491304.953471954911947 ], [ 2330610.155544426292181, 2491348.990584179293364 ], [ 2330610.155544426292181, 2491393.028613996692002 ], [ 2330610.155544426292181, 2491481.104673631023616 ], [ 2330654.192531891632825, 2491481.104673631023616 ], [ 2330654.192531891632825, 2491525.141785855405033 ], [ 2330654.192531891632825, 2491569.179815672338009 ], [ 2330654.192531891632825, 2491613.217845489270985 ], [ 2330698.230436928104609, 2491701.29298753105104 ], [ 2330786.304411858785897, 2491877.444189206697047 ], [ 2330830.341399324126542, 2491877.444189206697047 ], [ 2330874.378386789467186, 2492009.557361065410078 ], [ 2330918.416291825473309, 2492053.595390882343054 ], [ 2330962.453279290813953, 2492141.671450516674668 ], [ 2330962.453279290813953, 2492185.708562741056085 ], [ 2331006.490266756154597, 2492185.708562741056085 ], [ 2331006.490266756154597, 2492229.746592557989061 ], [ 2331050.527254221495241, 2492317.822652192320675 ], [ 2331094.564241686835885, 2492317.822652192320675 ], [ 2331138.602146723307669, 2492405.897794233635068 ], [ 2330345.932702063582838, 2493154.539713161066175 ], [ 2330345.932702063582838, 2493550.880146329756826 ], [ 2330345.932702063582838, 2493991.257691722363234 ], [ 2330389.969689528923482, 2493991.257691722363234 ], [ 2330434.007594564929605, 2493991.257691722363234 ], [ 2330742.267424393445253, 2495840.84485052106902 ], [ 2330874.378386789467186, 2495840.84485052106902 ], [ 2330874.378386789467186, 2495884.882880338467658 ], [ 2330874.378386789467186, 2496061.034082014113665 ], [ 2330874.378386789467186, 2496149.109224055428058 ], [ 2330874.378386789467186, 2496369.298455548472703 ], [ 2330874.378386789467186, 2496941.789172799792141 ], [ 2330830.341399324126542, 2497029.865232434123755 ], [ 2330918.416291825473309, 2497029.865232434123755 ], [ 2330962.453279290813953, 2497073.903262251056731 ], [ 2331006.490266756154597, 2497073.903262251056731 ], [ 2331138.602146723307669, 2497117.940374475438148 ], [ 2331182.639134188648313, 2497117.940374475438148 ], [ 2331182.639134188648313, 2497250.054463926702738 ], [ 2331182.639134188648313, 2497646.39397950284183 ], [ 2331182.639134188648313, 2497822.545181178487837 ], [ 2331182.639134188648313, 2497954.658353037200868 ], [ 2331138.602146723307669, 2498130.809554712846875 ], [ 2330830.341399324126542, 2498130.809554712846875 ], [ 2330610.155544426292181, 2498439.073928247205913 ], [ 2330301.895714598242193, 2498791.376331598497927 ], [ 2329773.450029872357845, 2499451.943108484148979 ], [ 2329729.413042407017201, 2499451.943108484148979 ], [ 2329729.413042407017201, 2500244.623057228513062 ], [ 2329729.413042407017201, 2500288.661087045446038 ], [ 2329729.413042407017201, 2500332.699116862844676 ], [ 2329729.413042407017201, 2500376.736229087226093 ], [ 2329729.413042407017201, 2500464.812288721557707 ], [ 2329729.413042407017201, 2500552.8874307628721 ], [ 2329729.413042407017201, 2500596.925460579805076 ], [ 2329729.413042407017201, 2500685.00152021413669 ], [ 2329729.413042407017201, 2500773.076662255916744 ], [ 2329729.413042407017201, 2500817.114692072849721 ], [ 2330742.267424393445253, 2500729.038632438518107 ], [ 2330874.378386789467186, 2500729.038632438518107 ], [ 2331270.713109119329602, 2500685.00152021413669 ], [ 2331314.750096584670246, 2500685.00152021413669 ], [ 2331270.713109119329602, 2500729.038632438518107 ], [ 2331270.713109119329602, 2500773.076662255916744 ], [ 2331226.676121653988957, 2500773.076662255916744 ], [ 2331226.676121653988957, 2500817.114692072849721 ], [ 2331270.713109119329602, 2500773.076662255916744 ], [ 2331270.713109119329602, 2500817.114692072849721 ], [ 2331314.750096584670246, 2500817.114692072849721 ], [ 2331314.750096584670246, 2500861.152721889782697 ], [ 2331270.713109119329602, 2500861.152721889782697 ], [ 2331270.713109119329602, 2500905.189834114164114 ], [ 2331226.676121653988957, 2500905.189834114164114 ], [ 2331226.676121653988957, 2500949.227863931562752 ], [ 2331226.676121653988957, 2500993.265893748495728 ], [ 2331226.676121653988957, 2501037.303005972877145 ], [ 2331182.639134188648313, 2501037.303005972877145 ], [ 2331182.639134188648313, 2501081.341035789810121 ], [ 2331226.676121653988957, 2501081.341035789810121 ], [ 2331226.676121653988957, 2501125.379065607208759 ], [ 2331226.676121653988957, 2501169.417095424141735 ], [ 2331182.639134188648313, 2501169.417095424141735 ], [ 2331182.639134188648313, 2501213.454207648523152 ], [ 2331226.676121653988957, 2501213.454207648523152 ], [ 2331226.676121653988957, 2501257.492237465921789 ], [ 2331182.639134188648313, 2501257.492237465921789 ], [ 2331182.639134188648313, 2501301.530267282854766 ], [ 2331138.602146723307669, 2501301.530267282854766 ], [ 2331138.602146723307669, 2501257.492237465921789 ], [ 2331094.564241686835885, 2501257.492237465921789 ], [ 2331094.564241686835885, 2501301.530267282854766 ], [ 2331094.564241686835885, 2501257.492237465921789 ], [ 2331050.527254221495241, 2501301.530267282854766 ], [ 2331006.490266756154597, 2501301.530267282854766 ], [ 2331006.490266756154597, 2501345.568297099787742 ], [ 2330962.453279290813953, 2501301.530267282854766 ], [ 2330962.453279290813953, 2501345.568297099787742 ], [ 2330918.416291825473309, 2501345.568297099787742 ], [ 2330962.453279290813953, 2501345.568297099787742 ], [ 2330962.453279290813953, 2501389.605409324169159 ], [ 2330962.453279290813953, 2501433.643439141567796 ], [ 2330918.416291825473309, 2501433.643439141567796 ], [ 2330962.453279290813953, 2501477.681468958500773 ], [ 2330918.416291825473309, 2501477.681468958500773 ], [ 2330874.378386789467186, 2501477.681468958500773 ], [ 2330874.378386789467186, 2501521.71949877589941 ], [ 2330830.341399324126542, 2501521.71949877589941 ], [ 2330786.304411858785897, 2501521.71949877589941 ], [ 2330786.304411858785897, 2501565.756611000280827 ], [ 2330742.267424393445253, 2501565.756611000280827 ], [ 2330742.267424393445253, 2501609.794640817213804 ], [ 2330786.304411858785897, 2501609.794640817213804 ], [ 2330742.267424393445253, 2501609.794640817213804 ], [ 2330698.230436928104609, 2501653.83267063414678 ], [ 2330654.192531891632825, 2501653.83267063414678 ], [ 2330610.155544426292181, 2501653.83267063414678 ], [ 2330610.155544426292181, 2501697.869782858528197 ], [ 2330610.155544426292181, 2501653.83267063414678 ], [ 2330610.155544426292181, 2501609.794640817213804 ], [ 2330566.118556960951537, 2501609.794640817213804 ], [ 2330566.118556960951537, 2501653.83267063414678 ], [ 2330566.118556960951537, 2501697.869782858528197 ], [ 2330566.118556960951537, 2501741.907812675926834 ], [ 2330522.081569495610893, 2501741.907812675926834 ], [ 2330522.081569495610893, 2501697.869782858528197 ], [ 2330522.081569495610893, 2501653.83267063414678 ], [ 2330522.081569495610893, 2501697.869782858528197 ], [ 2330478.044582030270249, 2501697.869782858528197 ], [ 2330478.044582030270249, 2501741.907812675926834 ], [ 2330522.081569495610893, 2501741.907812675926834 ], [ 2330478.044582030270249, 2501741.907812675926834 ], [ 2330434.007594564929605, 2501741.907812675926834 ], [ 2330434.007594564929605, 2501697.869782858528197 ], [ 2330389.969689528923482, 2501697.869782858528197 ], [ 2330389.969689528923482, 2501653.83267063414678 ], [ 2330345.932702063582838, 2501653.83267063414678 ], [ 2330345.932702063582838, 2501697.869782858528197 ], [ 2330345.932702063582838, 2501741.907812675926834 ], [ 2330301.895714598242193, 2501741.907812675926834 ], [ 2330257.858727132901549, 2501741.907812675926834 ], [ 2330257.858727132901549, 2501697.869782858528197 ], [ 2330213.821739667560905, 2501741.907812675926834 ], [ 2330213.821739667560905, 2501785.945842492859811 ], [ 2330213.821739667560905, 2501829.983872310258448 ], [ 2330169.783834631089121, 2501829.983872310258448 ], [ 2330125.746847165748477, 2501829.983872310258448 ], [ 2330081.709859700407833, 2501829.983872310258448 ], [ 2330081.709859700407833, 2501874.020984534174204 ], [ 2330037.672872235067189, 2501874.020984534174204 ], [ 2330081.709859700407833, 2501874.020984534174204 ], [ 2330037.672872235067189, 2501918.059014351572841 ], [ 2330037.672872235067189, 2501962.097044168505818 ], [ 2330081.709859700407833, 2501962.097044168505818 ], [ 2330081.709859700407833, 2502006.135073985904455 ], [ 2330125.746847165748477, 2502006.135073985904455 ], [ 2330125.746847165748477, 2501962.097044168505818 ], [ 2330169.783834631089121, 2501962.097044168505818 ], [ 2330169.783834631089121, 2502006.135073985904455 ], [ 2330169.783834631089121, 2502050.172186210285872 ], [ 2330125.746847165748477, 2502050.172186210285872 ], [ 2330169.783834631089121, 2502050.172186210285872 ], [ 2330169.783834631089121, 2502094.210216027218848 ], [ 2330125.746847165748477, 2502094.210216027218848 ], [ 2330125.746847165748477, 2502138.248245844151825 ], [ 2330081.709859700407833, 2502138.248245844151825 ], [ 2330081.709859700407833, 2502182.285358068533242 ], [ 2330081.709859700407833, 2502226.323387885931879 ], [ 2330037.672872235067189, 2502226.323387885931879 ], [ 2330037.672872235067189, 2502270.361417702864856 ], [ 2329993.635884769726545, 2502270.361417702864856 ], [ 2329949.597979733720422, 2502270.361417702864856 ], [ 2329949.597979733720422, 2502314.399447520263493 ], [ 2329949.597979733720422, 2502358.436559744179249 ], [ 2329949.597979733720422, 2502402.474589561577886 ], [ 2329949.597979733720422, 2502446.512619378510863 ], [ 2329993.635884769726545, 2502446.512619378510863 ], [ 2330037.672872235067189, 2502446.512619378510863 ], [ 2330125.746847165748477, 2502446.512619378510863 ], [ 2330345.932702063582838, 2502402.474589561577886 ], [ 2330434.007594564929605, 2502402.474589561577886 ], [ 2330478.044582030270249, 2502402.474589561577886 ], [ 2330434.007594564929605, 2502446.512619378510863 ], [ 2330434.007594564929605, 2502490.5506491959095 ], [ 2330434.007594564929605, 2502534.587761420290917 ], [ 2330522.081569495610893, 2503107.079396264627576 ], [ 2330610.155544426292181, 2503899.759345008525997 ], [ 2330654.192531891632825, 2504031.872516867239028 ], [ 2330654.192531891632825, 2504075.910546684637666 ], [ 2330654.192531891632825, 2504119.948576501570642 ], [ 2330654.192531891632825, 2504163.985688725952059 ], [ 2330654.192531891632825, 2504252.061748360283673 ], [ 2330698.230436928104609, 2504384.174920218996704 ], [ 2330698.230436928104609, 2504472.250979852862656 ], [ 2330698.230436928104609, 2504648.401263935957104 ], [ 2330742.267424393445253, 2504868.590495429001749 ], [ 2330786.304411858785897, 2505044.741697104647756 ], [ 2330786.304411858785897, 2505308.968040821608156 ], [ 2330830.341399324126542, 2505573.195302131585777 ], [ 2330874.378386789467186, 2505837.421645849011838 ], [ 2330918.416291825473309, 2506101.648907158989459 ], [ 2330918.416291825473309, 2506145.686019383370876 ], [ 2330918.416291825473309, 2506277.800108834635466 ], [ 2330962.453279290813953, 2506453.950392917729914 ], [ 2330962.453279290813953, 2506630.101594593375921 ], [ 2331006.490266756154597, 2506806.252796269021928 ], [ 2331006.490266756154597, 2506982.403997944667935 ], [ 2331050.527254221495241, 2507158.555199620313942 ], [ 2331050.527254221495241, 2507334.706401295959949 ], [ 2331094.564241686835885, 2507554.895632789004594 ], [ 2331094.564241686835885, 2507731.046834464650601 ], [ 2331138.602146723307669, 2507907.198036140296608 ], [ 2331138.602146723307669, 2508083.349237815942615 ], [ 2331138.602146723307669, 2508127.386350040324032 ], [ 2331182.639134188648313, 2508171.42437985772267 ], [ 2331182.639134188648313, 2508259.499521899037063 ], [ 2331182.639134188648313, 2508391.613611350301653 ], [ 2331226.676121653988957, 2508435.65072357468307 ], [ 2331270.713109119329602, 2508523.726783209014684 ], [ 2331270.713109119329602, 2508611.801925250329077 ], [ 2331314.750096584670246, 2508655.839955067727715 ], [ 2331314.750096584670246, 2508699.877984884660691 ], [ 2331314.750096584670246, 2508743.916014702059329 ], [ 2331314.750096584670246, 2508920.066298784688115 ], [ 2332063.381636207923293, 2508831.991156743373722 ], [ 2332239.53050364041701, 2508831.991156743373722 ], [ 2332283.567491105757654, 2508787.953126926440746 ], [ 2332371.642383607570082, 2508787.953126926440746 ], [ 2332459.716358537785709, 2508787.953126926440746 ], [ 2332856.051080868113786, 2508743.916014702059329 ], [ 2332900.088068332988769, 2508743.916014702059329 ], [ 2332900.088068332988769, 2508787.953126926440746 ], [ 2332944.125055798329413, 2509052.180388235952705 ], [ 2332944.125055798329413, 2509184.293560094665736 ], [ 2332944.125055798329413, 2509228.331589912064373 ], [ 2332988.162043263670057, 2509316.406731953378767 ], [ 2332988.162043263670057, 2509360.444761770311743 ], [ 2332944.125055798329413, 2509360.444761770311743 ], [ 2332944.125055798329413, 2509448.519903812091798 ], [ 2332988.162043263670057, 2509580.633075670339167 ], [ 2333032.199948300141841, 2509580.633075670339167 ], [ 2333076.236935765482485, 2509580.633075670339167 ], [ 2333076.236935765482485, 2509536.595963446423411 ], [ 2333120.273923230823129, 2509536.595963446423411 ], [ 2333164.310910696163774, 2509536.595963446423411 ], [ 2333824.868475389201194, 2509448.519903812091798 ], [ 2334617.537002477794886, 2509360.444761770311743 ], [ 2334661.57490751426667, 2509360.444761770311743 ], [ 2334705.611894979607314, 2509360.444761770311743 ], [ 2334793.685869910288602, 2509316.406731953378767 ], [ 2334837.722857375629246, 2509316.406731953378767 ], [ 2334881.760762411635369, 2509316.406731953378767 ], [ 2334925.797749876976013, 2509316.406731953378767 ], [ 2334969.834737342316657, 2509316.406731953378767 ], [ 2335278.094567170832306, 2509272.368702136445791 ], [ 2335322.13155463617295, 2509272.368702136445791 ], [ 2335366.169459672179073, 2509272.368702136445791 ], [ 2335410.206447137519717, 2509272.368702136445791 ], [ 2335454.243434602860361, 2509272.368702136445791 ], [ 2335718.466276966035366, 2509272.368702136445791 ], [ 2335982.689119328744709, 2509228.331589912064373 ], [ 2336246.911961691919714, 2509184.293560094665736 ], [ 2336334.986854193266481, 2509184.293560094665736 ], [ 2336379.023841658607125, 2509184.293560094665736 ], [ 2336467.097816589288414, 2509184.293560094665736 ], [ 2336555.172709091100842, 2509184.293560094665736 ], [ 2336643.24668402178213, 2509140.25553027773276 ], [ 2337479.953116146847606, 2509052.180388235952705 ], [ 2337656.101066008210182, 2509008.142358419019729 ], [ 2337700.138053473550826, 2509008.142358419019729 ], [ 2337744.175958509556949, 2509008.142358419019729 ], [ 2337788.212945974897593, 2509008.142358419019729 ], [ 2337832.249933440238237, 2509008.142358419019729 ], [ 2337876.286920905578882, 2509008.142358419019729 ], [ 2337964.36181340739131, 2509800.822307163383812 ], [ 2340826.77700950531289, 2509492.557933629024774 ], [ 2340738.702117003500462, 2508831.991156743373722 ], [ 2342191.929126356262714, 2508699.877984884660691 ], [ 2343028.634640910662711, 2508611.801925250329077 ], [ 2343028.634640910662711, 2508655.839955067727715 ], [ 2343160.746520877350122, 2508699.877984884660691 ], [ 2343204.783508342690766, 2508699.877984884660691 ], [ 2343336.894470738712698, 2508567.76481302594766 ], [ 2343424.969363240525126, 2508567.76481302594766 ], [ 2343469.006350705865771, 2508655.839955067727715 ], [ 2343292.857483273372054, 2508964.104328602086753 ], [ 2343160.746520877350122, 2509272.368702136445791 ], [ 2343116.708615841343999, 2509448.519903812091798 ], [ 2343424.969363240525126, 2509404.48187399469316 ], [ 2347564.461783687584102, 2508831.991156743373722 ], [ 2347652.53667618939653, 2508831.991156743373722 ], [ 2347872.722531087230891, 2508787.953126926440746 ], [ 2347960.796506017912179, 2508787.953126926440746 ], [ 2348048.870480948127806, 2508743.916014702059329 ], [ 2348092.90838598459959, 2508743.916014702059329 ], [ 2348136.945373449940234, 2508743.916014702059329 ], [ 2348180.982360915280879, 2508743.916014702059329 ], [ 2348225.019348380621523, 2508743.916014702059329 ], [ 2348269.056335845962167, 2508699.877984884660691 ], [ 2348357.131228347774595, 2508699.877984884660691 ], [ 2348401.168215813115239, 2508699.877984884660691 ], [ 2348489.242190743796527, 2508699.877984884660691 ], [ 2348577.317083245143294, 2508699.877984884660691 ], [ 2348621.354070710483938, 2508699.877984884660691 ], [ 2348709.428045641165227, 2508699.877984884660691 ], [ 2348709.428045641165227, 2508655.839955067727715 ], [ 2348797.502938142977655, 2508655.839955067727715 ], [ 2348841.539925608318299, 2508655.839955067727715 ], [ 2348885.576913073658943, 2508655.839955067727715 ], [ 2348929.613900538999587, 2508655.839955067727715 ], [ 2348973.650888004340231, 2508655.839955067727715 ], [ 2349105.762767971027642, 2508655.839955067727715 ], [ 2349237.873730367049575, 2508611.801925250329077 ], [ 2349325.948622868862003, 2508611.801925250329077 ], [ 2349546.134477766230702, 2508567.76481302594766 ], [ 2349898.431295060086995, 2508523.726783209014684 ], [ 2350118.617149957455695, 2508479.688753392081708 ], [ 2350338.803004855290055, 2508479.688753392081708 ], [ 2350382.839992320630699, 2508435.65072357468307 ], [ 2350426.876979785971344, 2508435.65072357468307 ], [ 2350470.914884821977466, 2508435.65072357468307 ], [ 2350867.248689581174403, 2508435.65072357468307 ], [ 2351043.397557013202459, 2508435.65072357468307 ], [ 2351043.397557013202459, 2508391.613611350301653 ], [ 2351395.69529187772423, 2508347.575581533368677 ], [ 2351483.769266808405519, 2508303.537551715970039 ], [ 2351571.843241739086807, 2508303.537551715970039 ], [ 2351615.881146775558591, 2508303.537551715970039 ], [ 2352100.289844036102295, 2508259.499521899037063 ], [ 2352100.289844036102295, 2508215.462409674655646 ], [ 2352496.623648794833571, 2508171.42437985772267 ], [ 2352496.623648794833571, 2508039.311207999009639 ], [ 2352672.772516227327287, 2508039.311207999009639 ], [ 2352716.809503692667931, 2508303.537551715970039 ], [ 2352981.032346055377275, 2508259.499521899037063 ], [ 2353289.293093455024064, 2508215.462409674655646 ], [ 2353289.293093455024064, 2507951.235148364678025 ], [ 2353245.255188418552279, 2507687.008804647717625 ], [ 2353201.218200953211635, 2507290.668371479026973 ], [ 2353201.218200953211635, 2507246.631259254645556 ], [ 2353201.218200953211635, 2507202.59322943771258 ], [ 2353245.255188418552279, 2507202.59322943771258 ], [ 2353289.293093455024064, 2507202.59322943771258 ], [ 2353333.330080919899046, 2507202.59322943771258 ], [ 2353377.367068385239691, 2507202.59322943771258 ], [ 2353465.441043315920979, 2507202.59322943771258 ], [ 2353509.478948352392763, 2507202.59322943771258 ], [ 2353553.515935817733407, 2507202.59322943771258 ], [ 2353553.515935817733407, 2507158.555199620313942 ], [ 2353597.552923283074051, 2507158.555199620313942 ], [ 2353641.589910748414695, 2507158.555199620313942 ], [ 2353685.626898213755339, 2507114.517169803380966 ], [ 2353773.701790715567768, 2507158.555199620313942 ], [ 2353817.73877818044275, 2507114.517169803380966 ], [ 2353861.775765645783395, 2507114.517169803380966 ], [ 2353905.812753111124039, 2507114.517169803380966 ], [ 2353949.849740576464683, 2507114.517169803380966 ], [ 2355182.890895031858236, 2506938.366885720286518 ], [ 2355050.779015064705163, 2506057.610877341590822 ], [ 2356019.596409585792571, 2506101.648907158989459 ], [ 2356195.745277018286288, 2506101.648907158989459 ], [ 2356459.968119380995631, 2506101.648907158989459 ], [ 2356592.079999348148704, 2506101.648907158989459 ], [ 2356988.413804106879979, 2506101.648907158989459 ], [ 2356988.413804106879979, 2506145.686019383370876 ], [ 2357428.785513902083039, 2506321.837221059016883 ], [ 2358309.528933492489159, 2506806.252796269021928 ], [ 2358353.565920957829803, 2506850.290826085954905 ], [ 2358397.602908423170447, 2506850.290826085954905 ], [ 2360026.977867637295276, 2506630.101594593375921 ], [ 2360026.977867637295276, 2506542.026452551595867 ], [ 2360026.977867637295276, 2506586.064482368994504 ], [ 2360071.01485510263592, 2506630.101594593375921 ], [ 2360115.052760139107704, 2506630.101594593375921 ], [ 2360159.089747603982687, 2506630.101594593375921 ], [ 2360291.20071, 2506586.064482368994504 ], [ 2360555.423552363179624, 2506586.064482368994504 ], [ 2360775.609407260548323, 2506542.026452551595867 ], [ 2360951.75827469304204, 2506497.98842273466289 ], [ 2360995.795262158382684, 2506497.98842273466289 ], [ 2361083.870154660195112, 2506497.98842273466289 ], [ 2361127.907142125535756, 2506497.98842273466289 ], [ 2361171.944129590410739, 2506497.98842273466289 ], [ 2361171.944129590410739, 2506453.950392917729914 ], [ 2361215.981117055751383, 2506409.913280693348497 ], [ 2361260.018104521092027, 2506365.87525087594986 ], [ 2361304.056009557563812, 2506233.762079017236829 ], [ 2361348.092997022904456, 2506233.762079017236829 ], [ 2361392.1299844882451, 2506233.762079017236829 ], [ 2361524.241864455398172, 2506233.762079017236829 ], [ 2361744.426801781635731, 2506189.724049200303853 ], [ 2362052.68754918128252, 2506145.686019383370876 ], [ 2362096.724536646623164, 2506145.686019383370876 ], [ 2362140.761524111498147, 2506145.686019383370876 ], [ 2362184.798511576838791, 2506145.686019383370876 ], [ 2362228.836416613310575, 2506145.686019383370876 ], [ 2362272.87340407865122, 2506101.648907158989459 ], [ 2362316.910391543991864, 2506101.648907158989459 ], [ 2362404.984366474673152, 2506101.648907158989459 ], [ 2362449.021353940013796, 2506101.648907158989459 ], [ 2362537.096246441826224, 2506101.648907158989459 ], [ 2362581.133233907166868, 2506101.648907158989459 ], [ 2362713.24511387385428, 2506057.610877341590822 ], [ 2362977.467956237029284, 2506013.572847524657845 ], [ 2363109.578918633051217, 2506013.572847524657845 ], [ 2363241.690798599738628, 2506013.572847524657845 ], [ 2363285.727786065079272, 2506013.572847524657845 ], [ 2363461.876653497572988, 2505969.534817707724869 ], [ 2363726.099495860282332, 2505925.497705483343452 ], [ 2363858.210458256304264, 2505925.497705483343452 ], [ 2363902.248363292776048, 2505925.497705483343452 ], [ 2363902.248363292776048, 2505881.459675665944815 ], [ 2363946.285350758116692, 2505881.459675665944815 ], [ 2363946.285350758116692, 2505837.421645849011838 ], [ 2363902.248363292776048, 2505837.421645849011838 ], [ 2363946.285350758116692, 2505837.421645849011838 ], [ 2363902.248363292776048, 2505837.421645849011838 ], [ 2363946.285350758116692, 2505793.383616031613201 ], [ 2363946.285350758116692, 2505749.346503807231784 ], [ 2363946.285350758116692, 2505705.308473990298808 ], [ 2363990.322338223457336, 2505705.308473990298808 ], [ 2364562.805010414682329, 2505617.233331948984414 ], [ 2364606.842915450688452, 2505617.233331948984414 ], [ 2366412.365824526175857, 2505397.04410045593977 ], [ 2366984.849414288066328, 2505308.968040821608156 ], [ 2367028.886401753406972, 2505308.968040821608156 ], [ 2366984.849414288066328, 2505000.703667287249118 ], [ 2367953.666808809153736, 2504912.628525245934725 ], [ 2367997.70379627449438, 2504912.628525245934725 ], [ 2368261.926638637669384, 2504912.628525245934725 ], [ 2368526.149481000378728, 2504868.590495429001749 ], [ 2368570.186468465719372, 2504868.590495429001749 ], [ 2368658.2613609675318, 2504824.552465611603111 ], [ 2368834.410228400025517, 2504824.552465611603111 ], [ 2369098.63307076273486, 2504780.515353387221694 ], [ 2369362.855913125909865, 2504736.477323570288718 ], [ 2369671.115742953959852, 2504736.477323570288718 ], [ 2369935.338585317134857, 2504692.43929375289008 ], [ 2370067.450465283822268, 2504648.401263935957104 ], [ 2370155.524440214503556, 2504648.401263935957104 ], [ 2370199.561427679844201, 2504648.401263935957104 ], [ 2370199.561427679844201, 2504692.43929375289008 ], [ 2370199.561427679844201, 2504736.477323570288718 ], [ 2370243.599332716315985, 2504868.590495429001749 ], [ 2370243.599332716315985, 2505132.817756738979369 ], [ 2370287.636320181656629, 2505220.892898780293763 ], [ 2370331.673307646997273, 2505264.930928597226739 ], [ 2370375.710295112337917, 2505220.892898780293763 ], [ 2370419.747282577678561, 2505220.892898780293763 ], [ 2370463.784270042553544, 2505220.892898780293763 ], [ 2370507.822175079025328, 2505220.892898780293763 ], [ 2370551.859162544365972, 2505220.892898780293763 ], [ 2370595.896150009706616, 2505220.892898780293763 ], [ 2370639.933137475047261, 2505220.892898780293763 ], [ 2370683.970124940387905, 2505176.854868963360786 ], [ 2370728.008029976859689, 2505176.854868963360786 ], [ 2370772.045017442200333, 2505176.854868963360786 ], [ 2370860.118992372881621, 2505176.854868963360786 ], [ 2370904.155979838222265, 2505176.854868963360786 ], [ 2370948.193884874228388, 2505176.854868963360786 ], [ 2370992.230872339569032, 2505176.854868963360786 ], [ 2370992.230872339569032, 2505132.817756738979369 ], [ 2373282.162478675600141, 2504868.590495429001749 ], [ 2373282.162478675600141, 2504824.552465611603111 ], [ 2373326.200383711606264, 2504824.552465611603111 ], [ 2373370.237371176946908, 2504868.590495429001749 ], [ 2373678.497201005462557, 2505132.817756738979369 ], [ 2373722.534188470803201, 2505176.854868963360786 ], [ 2373722.534188470803201, 2505132.817756738979369 ], [ 2374118.868910800665617, 2504692.43929375289008 ], [ 2374735.389488028362393, 2503943.797374825924635 ], [ 2374779.426475493237376, 2503943.797374825924635 ], [ 2374647.314595526549965, 2503855.721315191593021 ], [ 2373106.014528814237565, 2502490.5506491959095 ], [ 2373150.051516279578209, 2502490.5506491959095 ], [ 2373370.237371176946908, 2502226.323387885931879 ], [ 2373370.237371176946908, 2502182.285358068533242 ], [ 2373370.237371176946908, 2502138.248245844151825 ], [ 2373326.200383711606264, 2502094.210216027218848 ], [ 2373326.200383711606264, 2502050.172186210285872 ], [ 2373326.200383711606264, 2502006.135073985904455 ], [ 2373326.200383711606264, 2501962.097044168505818 ], [ 2373326.200383711606264, 2501918.059014351572841 ], [ 2373326.200383711606264, 2501829.983872310258448 ], [ 2373282.162478675600141, 2501741.907812675926834 ], [ 2373282.162478675600141, 2501697.869782858528197 ], [ 2373282.162478675600141, 2501609.794640817213804 ], [ 2373282.162478675600141, 2501565.756611000280827 ], [ 2373282.162478675600141, 2501521.71949877589941 ], [ 2373282.162478675600141, 2501477.681468958500773 ], [ 2373238.125491210259497, 2501389.605409324169159 ], [ 2373238.125491210259497, 2501301.530267282854766 ], [ 2373238.125491210259497, 2501257.492237465921789 ], [ 2373238.125491210259497, 2501213.454207648523152 ], [ 2373194.088503744918853, 2501213.454207648523152 ], [ 2373194.088503744918853, 2501125.379065607208759 ], [ 2373238.125491210259497, 2501081.341035789810121 ], [ 2373282.162478675600141, 2501081.341035789810121 ], [ 2373326.200383711606264, 2501081.341035789810121 ], [ 2373370.237371176946908, 2501081.341035789810121 ], [ 2373502.348333572968841, 2501037.303005972877145 ], [ 2373546.386238609440625, 2501037.303005972877145 ], [ 2373590.423226074781269, 2500993.265893748495728 ], [ 2373678.497201005462557, 2500993.265893748495728 ], [ 2373722.534188470803201, 2500949.227863931562752 ], [ 2374383.09175316337496, 2500596.925460579805076 ], [ 2374647.314595526549965, 2500464.812288721557707 ], [ 2374779.426475493237376, 2500376.736229087226093 ], [ 2374867.500450423918664, 2500332.699116862844676 ], [ 2374911.537437889259309, 2500332.699116862844676 ], [ 2374955.575342925731093, 2500288.661087045446038 ], [ 2374999.612330391071737, 2500288.661087045446038 ], [ 2375704.206882549449801, 2500200.585945004131645 ], [ 2375704.206882549449801, 2500156.547915187198669 ], [ 2375704.206882549449801, 2499936.358683694154024 ], [ 2375660.169895084109157, 2499716.1703697941266 ], [ 2375660.169895084109157, 2499540.019168118480593 ], [ 2375616.131990047637373, 2499319.829936625435948 ], [ 2375616.131990047637373, 2499143.678734949789941 ], [ 2375572.095002582296729, 2499143.678734949789941 ], [ 2374867.500450423918664, 2499231.753876991569996 ], [ 2374867.500450423918664, 2499187.716764767188579 ], [ 2374735.389488028362393, 2497866.583210995420814 ], [ 2374691.351582991890609, 2497866.583210995420814 ], [ 2374074.831923335324973, 2497954.658353037200868 ], [ 2373634.460213540121913, 2497998.696382854133844 ], [ 2373502.348333572968841, 2497206.016434109769762 ], [ 2373414.274358642287552, 2496413.336485365405679 ], [ 2373282.162478675600141, 2495532.580476986709982 ], [ 2373194.088503744918853, 2495444.505334945395589 ], [ 2373150.051516279578209, 2495444.505334945395589 ], [ 2373106.014528814237565, 2495400.467305127996951 ], [ 2373017.939636312425137, 2495400.467305127996951 ], [ 2372181.234121758490801, 2495312.391245494130999 ], [ 2372137.197134293150157, 2495312.391245494130999 ], [ 2372137.197134293150157, 2495356.429275311063975 ], [ 2372137.197134293150157, 2495312.391245494130999 ], [ 2372005.085254325997084, 2494299.522982849739492 ], [ 2371872.973374359309673, 2493374.728944653645158 ], [ 2371828.936386893969029, 2492802.23822740232572 ], [ 2371828.936386893969029, 2492758.200197585392743 ], [ 2371740.862411963287741, 2492317.822652192320675 ], [ 2371520.67655706545338, 2490512.273523210547864 ], [ 2371388.564677098765969, 2489411.328283339273185 ], [ 2371300.490702168084681, 2488574.610304777976125 ], [ 2372401.4199766558595, 2488442.497132919263095 ], [ 2372357.382071619853377, 2488398.459103102330118 ], [ 2372357.382071619853377, 2488354.421990877948701 ], [ 2372357.382071619853377, 2488310.383961060550064 ], [ 2372313.345084154512733, 2488310.383961060550064 ], [ 2372269.308096689172089, 2488266.345931243617088 ], [ 2372225.271109223831445, 2488222.308819019235671 ], [ 2372181.234121758490801, 2488222.308819019235671 ], [ 2372181.234121758490801, 2488266.345931243617088 ], [ 2372137.197134293150157, 2488266.345931243617088 ], [ 2372093.159229256678373, 2488222.308819019235671 ], [ 2372093.159229256678373, 2488178.270789201837033 ], [ 2372049.122241791337729, 2488178.270789201837033 ], [ 2372049.122241791337729, 2488134.232759384904057 ], [ 2372049.122241791337729, 2488090.194729567971081 ], [ 2372093.159229256678373, 2488090.194729567971081 ], [ 2372137.197134293150157, 2488090.194729567971081 ], [ 2372137.197134293150157, 2488046.157617343589664 ], [ 2372181.234121758490801, 2488046.157617343589664 ], [ 2372181.234121758490801, 2488002.119587526191026 ], [ 2372181.234121758490801, 2487958.08155770925805 ], [ 2372181.234121758490801, 2487914.043527891859412 ], [ 2372181.234121758490801, 2487870.006415667943656 ], [ 2372137.197134293150157, 2487825.968385850545019 ], [ 2372137.197134293150157, 2487781.930356033612043 ], [ 2372137.197134293150157, 2487737.892326216213405 ], [ 2372137.197134293150157, 2487693.855213991831988 ], [ 2372137.197134293150157, 2487649.817184174899012 ], [ 2372137.197134293150157, 2487605.779154357966036 ], [ 2372137.197134293150157, 2487561.742042133584619 ], [ 2372093.159229256678373, 2487561.742042133584619 ], [ 2372049.122241791337729, 2487561.742042133584619 ], [ 2372049.122241791337729, 2487517.704012316185981 ], [ 2372049.122241791337729, 2487473.665982499253005 ], [ 2372049.122241791337729, 2487429.627952681854367 ], [ 2372005.085254325997084, 2487385.590840457938612 ], [ 2372005.085254325997084, 2487341.552810640539974 ], [ 2372049.122241791337729, 2487341.552810640539974 ], [ 2372049.122241791337729, 2487297.514780823606998 ], [ 2372049.122241791337729, 2487253.47675100620836 ], [ 2372093.159229256678373, 2487253.47675100620836 ], [ 2372093.159229256678373, 2487209.439638781826943 ], [ 2372093.159229256678373, 2487165.401608964893967 ], [ 2372049.122241791337729, 2487165.401608964893967 ], [ 2372049.122241791337729, 2487121.363579147960991 ], [ 2372049.122241791337729, 2487077.326466923579574 ], [ 2372005.085254325997084, 2487077.326466923579574 ], [ 2372005.085254325997084, 2487033.288437106180936 ], [ 2372005.085254325997084, 2486989.25040728924796 ], [ 2372049.122241791337729, 2486945.212377471849322 ], [ 2372049.122241791337729, 2486901.175265247467905 ], [ 2372093.159229256678373, 2486901.175265247467905 ], [ 2372093.159229256678373, 2486857.137235430534929 ], [ 2372093.159229256678373, 2486813.099205613601953 ], [ 2372093.159229256678373, 2486769.061175796203315 ], [ 2372093.159229256678373, 2486725.024063571821898 ], [ 2372137.197134293150157, 2486725.024063571821898 ], [ 2372137.197134293150157, 2486680.986033754888922 ], [ 2372181.234121758490801, 2486636.948003937490284 ], [ 2372181.234121758490801, 2486592.909974120557308 ], [ 2372181.234121758490801, 2486548.872861896175891 ], [ 2372225.271109223831445, 2486548.872861896175891 ], [ 2372225.271109223831445, 2486504.834832079242915 ], [ 2372225.271109223831445, 2486460.796802261844277 ], [ 2372269.308096689172089, 2486460.796802261844277 ], [ 2372269.308096689172089, 2486416.75969003746286 ], [ 2372269.308096689172089, 2486372.721660220529884 ], [ 2372269.308096689172089, 2486328.683630403596908 ], [ 2372269.308096689172089, 2486284.64560058619827 ], [ 2372269.308096689172089, 2486240.608488361816853 ], [ 2372269.308096689172089, 2486196.570458544883877 ], [ 2372269.308096689172089, 2486152.53242872748524 ], [ 2372269.308096689172089, 2486108.494398910552263 ], [ 2372269.308096689172089, 2486064.457286686170846 ], [ 2372313.345084154512733, 2486064.457286686170846 ], [ 2372357.382071619853377, 2486064.457286686170846 ], [ 2372401.4199766558595, 2486064.457286686170846 ], [ 2372445.456964121200144, 2486108.494398910552263 ], [ 2372445.456964121200144, 2486152.53242872748524 ], [ 2372445.456964121200144, 2486196.570458544883877 ], [ 2372445.456964121200144, 2486240.608488361816853 ], [ 2372445.456964121200144, 2486284.64560058619827 ], [ 2372401.4199766558595, 2486284.64560058619827 ], [ 2372401.4199766558595, 2486328.683630403596908 ], [ 2372445.456964121200144, 2486328.683630403596908 ], [ 2372445.456964121200144, 2486372.721660220529884 ], [ 2372489.493951586540788, 2486372.721660220529884 ], [ 2372489.493951586540788, 2486416.75969003746286 ], [ 2372533.530939051881433, 2486416.75969003746286 ], [ 2372577.567926517222077, 2486416.75969003746286 ], [ 2372621.605831553693861, 2486460.796802261844277 ], [ 2372621.605831553693861, 2486504.834832079242915 ], [ 2372665.642819019034505, 2486504.834832079242915 ], [ 2372709.679806484375149, 2486504.834832079242915 ], [ 2372753.716793949715793, 2486504.834832079242915 ], [ 2372797.753781415056437, 2486504.834832079242915 ], [ 2372797.753781415056437, 2486460.796802261844277 ], [ 2372841.79168645106256, 2486460.796802261844277 ], [ 2372841.79168645106256, 2486416.75969003746286 ], [ 2372885.828673916403204, 2486416.75969003746286 ], [ 2372885.828673916403204, 2486372.721660220529884 ], [ 2372929.865661381743848, 2486372.721660220529884 ], [ 2372929.865661381743848, 2486328.683630403596908 ], [ 2372929.865661381743848, 2486284.64560058619827 ], [ 2372929.865661381743848, 2486240.608488361816853 ], [ 2372929.865661381743848, 2486196.570458544883877 ], [ 2372929.865661381743848, 2486152.53242872748524 ], [ 2372973.902648847084492, 2486152.53242872748524 ], [ 2373017.939636312425137, 2486152.53242872748524 ], [ 2373061.976623777765781, 2486152.53242872748524 ], [ 2373061.976623777765781, 2486196.570458544883877 ], [ 2373106.014528814237565, 2486196.570458544883877 ], [ 2373150.051516279578209, 2486196.570458544883877 ], [ 2373150.051516279578209, 2486240.608488361816853 ], [ 2373150.051516279578209, 2486284.64560058619827 ], [ 2373150.051516279578209, 2486328.683630403596908 ], [ 2373150.051516279578209, 2486372.721660220529884 ], [ 2373194.088503744918853, 2486372.721660220529884 ], [ 2373194.088503744918853, 2486416.75969003746286 ], [ 2373194.088503744918853, 2486460.796802261844277 ], [ 2373194.088503744918853, 2486504.834832079242915 ], [ 2373238.125491210259497, 2486504.834832079242915 ], [ 2373282.162478675600141, 2486504.834832079242915 ], [ 2373282.162478675600141, 2486460.796802261844277 ], [ 2373326.200383711606264, 2486460.796802261844277 ], [ 2373370.237371176946908, 2486460.796802261844277 ], [ 2373370.237371176946908, 2486416.75969003746286 ], [ 2373414.274358642287552, 2486416.75969003746286 ], [ 2373458.311346107628196, 2486416.75969003746286 ], [ 2373458.311346107628196, 2486372.721660220529884 ], [ 2373502.348333572968841, 2486372.721660220529884 ], [ 2373546.386238609440625, 2486372.721660220529884 ], [ 2373546.386238609440625, 2486328.683630403596908 ], [ 2373590.423226074781269, 2486328.683630403596908 ], [ 2373634.460213540121913, 2486328.683630403596908 ], [ 2373634.460213540121913, 2486284.64560058619827 ], [ 2373634.460213540121913, 2486240.608488361816853 ], [ 2373678.497201005462557, 2486240.608488361816853 ], [ 2373678.497201005462557, 2486196.570458544883877 ], [ 2373678.497201005462557, 2486152.53242872748524 ], [ 2373678.497201005462557, 2486108.494398910552263 ], [ 2373634.460213540121913, 2486064.457286686170846 ], [ 2373634.460213540121913, 2486020.41925686923787 ], [ 2373678.497201005462557, 2485976.381227051839232 ], [ 2373634.460213540121913, 2485932.343197234906256 ], [ 2373634.460213540121913, 2485888.306085010524839 ], [ 2373678.497201005462557, 2485888.306085010524839 ], [ 2373722.534188470803201, 2485844.268055193591863 ], [ 2373722.534188470803201, 2485800.230025376193225 ], [ 2373722.534188470803201, 2485756.192913151811808 ], [ 2373722.534188470803201, 2485712.154883334878832 ], [ 2373722.534188470803201, 2485668.116853517480195 ], [ 2373678.497201005462557, 2485668.116853517480195 ], [ 2373678.497201005462557, 2485624.078823700547218 ], [ 2373678.497201005462557, 2485580.041711476165801 ], [ 2373722.534188470803201, 2485580.041711476165801 ], [ 2373722.534188470803201, 2485536.003681659232825 ], [ 2373722.534188470803201, 2485491.965651841834188 ], [ 2373722.534188470803201, 2485447.927622024901211 ], [ 2373722.534188470803201, 2485403.890509800519794 ], [ 2373722.534188470803201, 2485359.852479983121157 ], [ 2373766.571175936143845, 2485359.852479983121157 ], [ 2373766.571175936143845, 2485315.81445016618818 ], [ 2373766.571175936143845, 2485271.777337941806763 ], [ 2373810.609080972149968, 2485227.739308124873787 ], [ 2373854.646068437490612, 2485227.739308124873787 ], [ 2373854.646068437490612, 2485183.70127830747515 ], [ 2373898.683055902831256, 2485183.70127830747515 ], [ 2373942.720043368171901, 2485183.70127830747515 ], [ 2373986.757030833512545, 2485183.70127830747515 ], [ 2373986.757030833512545, 2485139.663248490542173 ], [ 2373986.757030833512545, 2485095.626136266160756 ], [ 2373942.720043368171901, 2485095.626136266160756 ], [ 2373942.720043368171901, 2485051.58810644922778 ], [ 2373942.720043368171901, 2485007.550076631829143 ], [ 2373986.757030833512545, 2485007.550076631829143 ], [ 2373986.757030833512545, 2484963.512046814896166 ], [ 2373942.720043368171901, 2484963.512046814896166 ], [ 2373942.720043368171901, 2484919.474934590514749 ], [ 2373898.683055902831256, 2484919.474934590514749 ], [ 2373898.683055902831256, 2484875.436904773116112 ], [ 2373898.683055902831256, 2484831.398874956183136 ], [ 2373898.683055902831256, 2484787.360845139250159 ], [ 2373942.720043368171901, 2484787.360845139250159 ], [ 2373942.720043368171901, 2484743.323732914868742 ], [ 2373986.757030833512545, 2484743.323732914868742 ], [ 2374030.794935869984329, 2484743.323732914868742 ], [ 2374030.794935869984329, 2484699.285703097470105 ], [ 2374074.831923335324973, 2484699.285703097470105 ], [ 2374074.831923335324973, 2484655.247673280537128 ], [ 2374074.831923335324973, 2484611.210561056155711 ], [ 2374074.831923335324973, 2484567.172531238757074 ], [ 2374030.794935869984329, 2484523.134501421824098 ], [ 2374074.831923335324973, 2484523.134501421824098 ], [ 2374074.831923335324973, 2484479.096471604891121 ], [ 2374118.868910800665617, 2484435.059359380509704 ], [ 2374074.831923335324973, 2484435.059359380509704 ], [ 2374074.831923335324973, 2484391.021329563111067 ], [ 2374030.794935869984329, 2484391.021329563111067 ], [ 2374030.794935869984329, 2484346.983299746178091 ], [ 2374030.794935869984329, 2484302.945269929245114 ], [ 2374030.794935869984329, 2484258.908157704863697 ], [ 2374030.794935869984329, 2484214.87012788746506 ], [ 2374030.794935869984329, 2484170.832098070532084 ], [ 2373986.757030833512545, 2484170.832098070532084 ], [ 2373986.757030833512545, 2484126.794068253133446 ], [ 2373986.757030833512545, 2484082.756956028752029 ], [ 2374030.794935869984329, 2484082.756956028752029 ], [ 2374030.794935869984329, 2484038.718926211819053 ], [ 2373986.757030833512545, 2484038.718926211819053 ], [ 2373942.720043368171901, 2484038.718926211819053 ], [ 2373942.720043368171901, 2483994.680896394886076 ], [ 2373942.720043368171901, 2483906.605754353106022 ], [ 2373942.720043368171901, 2483862.567724536173046 ], [ 2373942.720043368171901, 2483818.529694718774408 ], [ 2373898.683055902831256, 2483818.529694718774408 ], [ 2373898.683055902831256, 2483774.492582494858652 ], [ 2373898.683055902831256, 2483730.454552677460015 ], [ 2373898.683055902831256, 2483686.416522860527039 ], [ 2373898.683055902831256, 2483642.378493043128401 ], [ 2373898.683055902831256, 2483598.341380818746984 ], [ 2373854.646068437490612, 2483598.341380818746984 ], [ 2373810.609080972149968, 2483554.303351001814008 ], [ 2373766.571175936143845, 2483554.303351001814008 ], [ 2373766.571175936143845, 2483510.265321184881032 ], [ 2373722.534188470803201, 2483510.265321184881032 ], [ 2373722.534188470803201, 2483466.228208960499614 ], [ 2373678.497201005462557, 2483466.228208960499614 ], [ 2373634.460213540121913, 2483422.190179143100977 ], [ 2373590.423226074781269, 2483422.190179143100977 ], [ 2373590.423226074781269, 2483378.152149326168001 ], [ 2373546.386238609440625, 2483378.152149326168001 ], [ 2373502.348333572968841, 2483378.152149326168001 ], [ 2373458.311346107628196, 2483378.152149326168001 ], [ 2373458.311346107628196, 2483334.114119508769363 ], [ 2373414.274358642287552, 2483334.114119508769363 ], [ 2373370.237371176946908, 2483290.077007284387946 ], [ 2373326.200383711606264, 2483246.03897746745497 ], [ 2373326.200383711606264, 2483202.000947650521994 ], [ 2373282.162478675600141, 2483202.000947650521994 ], [ 2373282.162478675600141, 2483157.962917833123356 ], [ 2373282.162478675600141, 2483113.925805608741939 ], [ 2373282.162478675600141, 2483069.887775791808963 ], [ 2373238.125491210259497, 2483025.849745974410325 ], [ 2373238.125491210259497, 2482981.811716157477349 ], [ 2373238.125491210259497, 2482937.774603933095932 ], [ 2373238.125491210259497, 2482893.736574116162956 ], [ 2373238.125491210259497, 2482849.698544298764318 ], [ 2373238.125491210259497, 2482805.661432074382901 ], [ 2373194.088503744918853, 2482805.661432074382901 ], [ 2373194.088503744918853, 2482761.623402257449925 ], [ 2373194.088503744918853, 2482717.585372440516949 ], [ 2373194.088503744918853, 2482673.547342623118311 ], [ 2373194.088503744918853, 2482629.510230398736894 ], [ 2373150.051516279578209, 2482629.510230398736894 ], [ 2373150.051516279578209, 2482585.472200581803918 ], [ 2373150.051516279578209, 2482541.43417076440528 ], [ 2373106.014528814237565, 2482541.43417076440528 ], [ 2373106.014528814237565, 2482497.396140947472304 ], [ 2373106.014528814237565, 2482453.359028723090887 ], [ 2373061.976623777765781, 2482453.359028723090887 ], [ 2373061.976623777765781, 2482409.320998906157911 ], [ 2373017.939636312425137, 2482409.320998906157911 ], [ 2373017.939636312425137, 2482365.282969088759273 ], [ 2372973.902648847084492, 2482365.282969088759273 ], [ 2372929.865661381743848, 2482321.244939271826297 ], [ 2372885.828673916403204, 2482321.244939271826297 ], [ 2372841.79168645106256, 2482321.244939271826297 ], [ 2372841.79168645106256, 2482277.20782704744488 ], [ 2372797.753781415056437, 2482277.20782704744488 ], [ 2372797.753781415056437, 2482233.169797230511904 ], [ 2372797.753781415056437, 2482189.131767413113266 ], [ 2372753.716793949715793, 2482189.131767413113266 ], [ 2372753.716793949715793, 2482145.094655188731849 ], [ 2372709.679806484375149, 2482145.094655188731849 ], [ 2372709.679806484375149, 2482101.056625371798873 ], [ 2372665.642819019034505, 2482101.056625371798873 ], [ 2372621.605831553693861, 2482101.056625371798873 ], [ 2372577.567926517222077, 2482101.056625371798873 ], [ 2372577.567926517222077, 2482145.094655188731849 ], [ 2372533.530939051881433, 2482145.094655188731849 ], [ 2372489.493951586540788, 2482145.094655188731849 ], [ 2372489.493951586540788, 2482189.131767413113266 ], [ 2372445.456964121200144, 2482189.131767413113266 ], [ 2372401.4199766558595, 2482189.131767413113266 ], [ 2372401.4199766558595, 2482145.094655188731849 ], [ 2372357.382071619853377, 2482145.094655188731849 ], [ 2372357.382071619853377, 2482101.056625371798873 ], [ 2372357.382071619853377, 2482057.018595554400235 ], [ 2372313.345084154512733, 2482057.018595554400235 ], [ 2372313.345084154512733, 2482012.980565737467259 ], [ 2372269.308096689172089, 2482012.980565737467259 ], [ 2372269.308096689172089, 2481968.943453513085842 ], [ 2372225.271109223831445, 2481968.943453513085842 ], [ 2372225.271109223831445, 2481924.905423696152866 ], [ 2372181.234121758490801, 2481880.867393878754228 ], [ 2372137.197134293150157, 2481880.867393878754228 ], [ 2372093.159229256678373, 2481836.829364061821252 ], [ 2372049.122241791337729, 2481836.829364061821252 ], [ 2372005.085254325997084, 2481792.792251837439835 ], [ 2371961.04826686065644, 2481792.792251837439835 ], [ 2371917.011279395315796, 2481792.792251837439835 ], [ 2371917.011279395315796, 2481748.754222020041198 ], [ 2371872.973374359309673, 2481748.754222020041198 ], [ 2371872.973374359309673, 2481704.716192203108221 ], [ 2371828.936386893969029, 2481704.716192203108221 ], [ 2371828.936386893969029, 2481660.679079978726804 ], [ 2371828.936386893969029, 2481616.641050161793828 ], [ 2371784.899399428628385, 2481616.641050161793828 ], [ 2371784.899399428628385, 2481572.60302034439519 ], [ 2371784.899399428628385, 2481528.564990527462214 ], [ 2371784.899399428628385, 2481484.527878303080797 ], [ 2371784.899399428628385, 2481440.489848486147821 ], [ 2371740.862411963287741, 2481440.489848486147821 ], [ 2371740.862411963287741, 2481396.451818668749183 ], [ 2371696.825424497947097, 2481352.413788851816207 ], [ 2371652.788437032606453, 2481352.413788851816207 ], [ 2371608.750531996134669, 2481352.413788851816207 ], [ 2371564.713544530794024, 2481352.413788851816207 ], [ 2371564.713544530794024, 2481396.451818668749183 ], [ 2371564.713544530794024, 2481352.413788851816207 ], [ 2371564.713544530794024, 2481396.451818668749183 ], [ 2371520.67655706545338, 2481396.451818668749183 ], [ 2371520.67655706545338, 2481440.489848486147821 ], [ 2371476.639569600112736, 2481440.489848486147821 ], [ 2371432.602582134772092, 2481440.489848486147821 ], [ 2371388.564677098765969, 2481440.489848486147821 ], [ 2371388.564677098765969, 2481396.451818668749183 ] ] } },
{ "type": "Feature", "properties": { }, "geometry": { "type": "LineString", "coordinates": [ [ 2371388.564677098765969, 2481396.451818668749183 ], [ 2371344.527689633425325, 2481396.451818668749183 ], [ 2371344.527689633425325, 2481352.413788851816207 ], [ 2371344.527689633425325, 2481308.37667662743479 ], [ 2371388.564677098765969, 2481308.37667662743479 ], [ 2371388.564677098765969, 2481264.338646810036153 ], [ 2371432.602582134772092, 2481220.300616993103176 ], [ 2371432.602582134772092, 2481176.2625871761702 ], [ 2371432.602582134772092, 2481132.225474951788783 ], [ 2371476.639569600112736, 2481132.225474951788783 ], [ 2371476.639569600112736, 2481088.187445134390146 ], [ 2371520.67655706545338, 2481044.149415317457169 ], [ 2371520.67655706545338, 2481000.112303093075752 ], [ 2371520.67655706545338, 2480956.074273275677115 ], [ 2371520.67655706545338, 2480912.036243458744138 ], [ 2371476.639569600112736, 2480912.036243458744138 ], [ 2371476.639569600112736, 2480867.998213641811162 ], [ 2371432.602582134772092, 2480867.998213641811162 ], [ 2371432.602582134772092, 2480823.961101417429745 ], [ 2371476.639569600112736, 2480823.961101417429745 ], [ 2371476.639569600112736, 2480735.885041783098131 ], [ 2371476.639569600112736, 2480691.847011965699494 ], [ 2371432.602582134772092, 2480647.809899741783738 ], [ 2371388.564677098765969, 2480603.771869924385101 ], [ 2371344.527689633425325, 2480603.771869924385101 ], [ 2371344.527689633425325, 2480559.733840107452124 ], [ 2371344.527689633425325, 2480515.695810290053487 ], [ 2371344.527689633425325, 2480471.65869806567207 ], [ 2371344.527689633425325, 2480427.620668248739094 ], [ 2371344.527689633425325, 2480383.582638431806117 ], [ 2371344.527689633425325, 2480339.5455262074247 ], [ 2371344.527689633425325, 2480295.507496390026063 ], [ 2371388.564677098765969, 2480295.507496390026063 ], [ 2371388.564677098765969, 2480251.469466573093086 ], [ 2371388.564677098765969, 2480207.431436755694449 ], [ 2371432.602582134772092, 2480207.431436755694449 ], [ 2371432.602582134772092, 2480163.394324531778693 ], [ 2371476.639569600112736, 2480163.394324531778693 ], [ 2371520.67655706545338, 2480119.356294714380056 ], [ 2371564.713544530794024, 2480119.356294714380056 ], [ 2371564.713544530794024, 2480075.318264897447079 ], [ 2371520.67655706545338, 2480031.280235080048442 ], [ 2371520.67655706545338, 2479987.243122855667025 ], [ 2371476.639569600112736, 2479987.243122855667025 ], [ 2371476.639569600112736, 2479943.205093038734049 ], [ 2371476.639569600112736, 2479899.167063221801072 ], [ 2371476.639569600112736, 2479855.129950997419655 ], [ 2371476.639569600112736, 2479811.091921180021018 ], [ 2371432.602582134772092, 2479767.053891363088042 ], [ 2371432.602582134772092, 2479723.015861545689404 ], [ 2371432.602582134772092, 2479678.978749321307987 ], [ 2371432.602582134772092, 2479634.940719504375011 ], [ 2371432.602582134772092, 2479590.902689687442034 ], [ 2371432.602582134772092, 2479546.864659870043397 ], [ 2371388.564677098765969, 2479502.82754764566198 ], [ 2371388.564677098765969, 2479458.789517828729004 ], [ 2371388.564677098765969, 2479414.751488011330366 ], [ 2371432.602582134772092, 2479414.751488011330366 ], [ 2371432.602582134772092, 2479370.71345819439739 ], [ 2371432.602582134772092, 2479326.676345970015973 ], [ 2371432.602582134772092, 2479282.638316153082997 ], [ 2371388.564677098765969, 2479282.638316153082997 ], [ 2371388.564677098765969, 2479238.600286335684359 ], [ 2371388.564677098765969, 2479194.563174111302942 ], [ 2371388.564677098765969, 2479150.525144294369966 ], [ 2371344.527689633425325, 2479106.48711447743699 ], [ 2371344.527689633425325, 2479062.449084660038352 ], [ 2371344.527689633425325, 2479018.411972435656935 ], [ 2371344.527689633425325, 2478974.373942618723959 ], [ 2371388.564677098765969, 2478974.373942618723959 ], [ 2371828.936386893969029, 2478930.335912801325321 ], [ 2372489.493951586540788, 2478842.260770760010928 ], [ 2372533.530939051881433, 2478842.260770760010928 ], [ 2373370.237371176946908, 2478710.146681308746338 ], [ 2373370.237371176946908, 2478754.184711125679314 ], [ 2373414.274358642287552, 2478754.184711125679314 ], [ 2373458.311346107628196, 2478754.184711125679314 ], [ 2373502.348333572968841, 2478754.184711125679314 ], [ 2373502.348333572968841, 2478798.222740943077952 ], [ 2373546.386238609440625, 2478798.222740943077952 ], [ 2373590.423226074781269, 2478798.222740943077952 ], [ 2373634.460213540121913, 2478798.222740943077952 ], [ 2373678.497201005462557, 2478798.222740943077952 ], [ 2373722.534188470803201, 2478798.222740943077952 ], [ 2373766.571175936143845, 2478798.222740943077952 ], [ 2373766.571175936143845, 2478754.184711125679314 ], [ 2373810.609080972149968, 2478754.184711125679314 ], [ 2373810.609080972149968, 2478710.146681308746338 ], [ 2373810.609080972149968, 2478666.109569084364921 ], [ 2373854.646068437490612, 2478666.109569084364921 ], [ 2374383.09175316337496, 2478578.033509450033307 ], [ 2374427.128740628715605, 2478578.033509450033307 ], [ 2374295.017778232693672, 2477697.278418664354831 ], [ 2374295.017778232693672, 2477609.202359030023217 ], [ 2374206.942885731346905, 2477124.786783820018172 ], [ 2374206.942885731346905, 2477036.711641778703779 ], [ 2374206.942885731346905, 2476948.635582144372165 ], [ 2374162.905898266006261, 2476816.522410285659134 ], [ 2374162.905898266006261, 2476772.484380468726158 ], [ 2374162.905898266006261, 2476728.447268244344741 ], [ 2374162.905898266006261, 2476684.409238426946104 ], [ 2374691.351582991890609, 2476596.33317879261449 ], [ 2374999.612330391071737, 2476552.296066568233073 ], [ 2375043.649317856412381, 2476552.296066568233073 ], [ 2376496.875409638043493, 2476376.144864892587066 ], [ 2376893.210131967905909, 2476332.106835075654089 ], [ 2377069.358081829268485, 2476288.068805258721113 ], [ 2377289.543936726637185, 2476288.068805258721113 ], [ 2377597.804684126283973, 2476244.031693034339696 ], [ 2377729.915646522305906, 2476244.031693034339696 ], [ 2377862.027526488993317, 2476199.993663216941059 ], [ 2378038.176393921487033, 2476155.955633400008082 ], [ 2378082.213381386827677, 2476155.955633400008082 ], [ 2378126.250368852168322, 2476155.955633400008082 ], [ 2378170.287356317508966, 2476155.955633400008082 ], [ 2378302.399236284196377, 2476155.955633400008082 ], [ 2378346.436223749537021, 2476155.955633400008082 ], [ 2378390.473211214877665, 2476111.917603582609445 ], [ 2378434.510198680218309, 2476111.917603582609445 ], [ 2378522.585091182030737, 2476111.917603582609445 ], [ 2378698.733041043393314, 2476067.880491358228028 ], [ 2378786.807933544740081, 2476067.880491358228028 ], [ 2378830.844921010080725, 2476067.880491358228028 ], [ 2378918.918895940762013, 2476067.880491358228028 ], [ 2379006.993788442574441, 2476067.880491358228028 ], [ 2379051.030775907915086, 2476067.880491358228028 ], [ 2379095.06776337325573, 2476067.880491358228028 ], [ 2379139.104750838596374, 2476067.880491358228028 ], [ 2379183.141738303937018, 2476067.880491358228028 ], [ 2379183.141738303937018, 2476023.842461541295052 ], [ 2379315.253618270624429, 2476023.842461541295052 ], [ 2379359.290605735965073, 2476023.842461541295052 ], [ 2379315.253618270624429, 2475759.615200231317431 ], [ 2379271.216630805283785, 2475363.275684655644 ], [ 2379227.179643339943141, 2475187.124482979997993 ], [ 2379006.993788442574441, 2473557.726555673871189 ], [ 2379006.993788442574441, 2473513.688525856938213 ], [ 2379667.551353135146201, 2473425.61338381562382 ], [ 2379711.588340600486845, 2473425.61338381562382 ], [ 2379975.811182963661849, 2473381.575353998225182 ], [ 2380019.848170429002494, 2473381.575353998225182 ], [ 2380240.034025326371193, 2473337.537324181292206 ], [ 2380372.144987722393125, 2473337.537324181292206 ], [ 2380636.368747656233609, 2473293.500211956910789 ], [ 2380680.405735121574253, 2473293.500211956910789 ], [ 2380900.591590019408613, 2473249.462182139512151 ], [ 2380944.628577484749258, 2473249.462182139512151 ], [ 2381561.149154712446034, 2473161.386122505646199 ], [ 2381605.186142177321017, 2473161.386122505646199 ], [ 2381561.149154712446034, 2472897.159778788220137 ], [ 2381473.074262210633606, 2472368.706173761282116 ], [ 2381340.963299814611673, 2471576.026225016918033 ], [ 2381076.73953988077119, 2469550.28786454256624 ], [ 2380900.591590019408613, 2468361.268400222063065 ], [ 2380724.442722586914897, 2467392.436332209501415 ], [ 2380724.442722586914897, 2467348.399219985119998 ], [ 2380724.442722586914897, 2467172.248018309473991 ], [ 2380724.442722586914897, 2467128.209988492075354 ], [ 2380724.442722586914897, 2467084.171958675142378 ], [ 2380680.405735121574253, 2466819.945614957716316 ], [ 2380636.368747656233609, 2466511.681241423822939 ] ] } },
{ "type": "Feature", "properties": { }, "geometry": { "type": "LineString", "coordinates": [ [ 2446780.180840451736003, 2507731.046834464650601 ], [ 2446780.180840451736003, 2507687.008804647717625 ], [ 2446736.143852986395359, 2507687.008804647717625 ], [ 2446692.106865521054715, 2507687.008804647717625 ], [ 2446692.106865521054715, 2507642.970774830318987 ], [ 2446648.069878055714071, 2507642.970774830318987 ], [ 2446648.069878055714071, 2507598.932745013386011 ], [ 2446648.069878055714071, 2507554.895632789004594 ], [ 2446604.031973019242287, 2507554.895632789004594 ], [ 2446604.031973019242287, 2507510.857602971605957 ], [ 2446604.031973019242287, 2507466.81957315467298 ], [ 2446648.069878055714071, 2507466.81957315467298 ], [ 2446648.069878055714071, 2507422.782460930291563 ], [ 2446648.069878055714071, 2507378.744431113358587 ], [ 2446648.069878055714071, 2507334.706401295959949 ], [ 2446648.069878055714071, 2507290.668371479026973 ], [ 2446604.031973019242287, 2507290.668371479026973 ], [ 2446604.031973019242287, 2507246.631259254645556 ], [ 2446559.994985553901643, 2507246.631259254645556 ], [ 2446515.957998088560998, 2507246.631259254645556 ], [ 2446515.957998088560998, 2507202.59322943771258 ], [ 2446471.921010623220354, 2507202.59322943771258 ], [ 2446471.921010623220354, 2507158.555199620313942 ], [ 2446427.88402315787971, 2507158.555199620313942 ], [ 2446427.88402315787971, 2507114.517169803380966 ], [ 2446383.847035693004727, 2507114.517169803380966 ], [ 2446383.847035693004727, 2507070.480057578999549 ], [ 2446383.847035693004727, 2507026.442027761600912 ], [ 2446339.809130656532943, 2507026.442027761600912 ], [ 2446339.809130656532943, 2506982.403997944667935 ], [ 2446339.809130656532943, 2506938.366885720286518 ], [ 2446339.809130656532943, 2506894.328855903353542 ], [ 2446383.847035693004727, 2506894.328855903353542 ], [ 2446383.847035693004727, 2506850.290826085954905 ], [ 2446427.88402315787971, 2506850.290826085954905 ], [ 2446471.921010623220354, 2506850.290826085954905 ], [ 2446471.921010623220354, 2506806.252796269021928 ], [ 2446515.957998088560998, 2506806.252796269021928 ], [ 2446515.957998088560998, 2506762.215684044640511 ], [ 2446515.957998088560998, 2506718.177654227241874 ], [ 2446515.957998088560998, 2506674.139624410308897 ], [ 2446515.957998088560998, 2506630.101594593375921 ], [ 2446559.994985553901643, 2506630.101594593375921 ], [ 2446559.994985553901643, 2506586.064482368994504 ], [ 2446559.994985553901643, 2506542.026452551595867 ], [ 2446559.994985553901643, 2506497.98842273466289 ], [ 2446559.994985553901643, 2506453.950392917729914 ], [ 2446515.957998088560998, 2506453.950392917729914 ], [ 2446471.921010623220354, 2506409.913280693348497 ], [ 2446427.88402315787971, 2506409.913280693348497 ], [ 2446383.847035693004727, 2506365.87525087594986 ], [ 2446383.847035693004727, 2506321.837221059016883 ], [ 2446427.88402315787971, 2506321.837221059016883 ], [ 2446427.88402315787971, 2506277.800108834635466 ], [ 2446427.88402315787971, 2506233.762079017236829 ], [ 2446427.88402315787971, 2506189.724049200303853 ], [ 2446471.921010623220354, 2506189.724049200303853 ], [ 2446471.921010623220354, 2506145.686019383370876 ], [ 2446515.957998088560998, 2506145.686019383370876 ], [ 2446515.957998088560998, 2506101.648907158989459 ], [ 2446515.957998088560998, 2506057.610877341590822 ], [ 2446515.957998088560998, 2506013.572847524657845 ], [ 2446515.957998088560998, 2505969.534817707724869 ], [ 2446515.957998088560998, 2505925.497705483343452 ], [ 2446471.921010623220354, 2505925.497705483343452 ], [ 2446471.921010623220354, 2505881.459675665944815 ], [ 2446427.88402315787971, 2505881.459675665944815 ], [ 2446427.88402315787971, 2505837.421645849011838 ], [ 2446383.847035693004727, 2505837.421645849011838 ], [ 2446383.847035693004727, 2505793.383616031613201 ], [ 2446383.847035693004727, 2505749.346503807231784 ], [ 2446339.809130656532943, 2505705.308473990298808 ], [ 2446339.809130656532943, 2505661.270444173365831 ], [ 2446383.847035693004727, 2505661.270444173365831 ], [ 2446383.847035693004727, 2505617.233331948984414 ], [ 2446383.847035693004727, 2505573.195302131585777 ], [ 2446383.847035693004727, 2505529.157272314652801 ], [ 2446339.809130656532943, 2505529.157272314652801 ], [ 2446339.809130656532943, 2505485.119242497254163 ], [ 2446383.847035693004727, 2505485.119242497254163 ], [ 2446383.847035693004727, 2505441.082130272872746 ], [ 2446383.847035693004727, 2505397.04410045593977 ], [ 2446383.847035693004727, 2505353.006070639006793 ], [ 2446339.809130656532943, 2505353.006070639006793 ], [ 2446339.809130656532943, 2505308.968040821608156 ], [ 2446339.809130656532943, 2505264.930928597226739 ], [ 2446339.809130656532943, 2505220.892898780293763 ], [ 2446339.809130656532943, 2505176.854868963360786 ], [ 2446339.809130656532943, 2505132.817756738979369 ], [ 2446383.847035693004727, 2505132.817756738979369 ], [ 2446383.847035693004727, 2505088.779726921580732 ], [ 2446383.847035693004727, 2505044.741697104647756 ], [ 2446339.809130656532943, 2505044.741697104647756 ], [ 2446339.809130656532943, 2505000.703667287249118 ], [ 2446339.809130656532943, 2504956.666555062867701 ], [ 2446339.809130656532943, 2504912.628525245934725 ], [ 2446339.809130656532943, 2504868.590495429001749 ], [ 2446295.772143191192299, 2504868.590495429001749 ], [ 2446295.772143191192299, 2504824.552465611603111 ], [ 2446295.772143191192299, 2504780.515353387221694 ], [ 2446251.735155725851655, 2504780.515353387221694 ], [ 2446207.698168260511011, 2504780.515353387221694 ], [ 2446163.661180795170367, 2504780.515353387221694 ], [ 2446119.623275758698583, 2504780.515353387221694 ], [ 2446075.586288293357939, 2504780.515353387221694 ], [ 2446031.549300828017294, 2504780.515353387221694 ], [ 2445987.51231336267665, 2504780.515353387221694 ], [ 2445943.475325897336006, 2504780.515353387221694 ], [ 2445899.437420861329883, 2504780.515353387221694 ], [ 2445899.437420861329883, 2504736.477323570288718 ], [ 2445855.400433395989239, 2504736.477323570288718 ], [ 2445855.400433395989239, 2504780.515353387221694 ], [ 2445811.363445930648595, 2504780.515353387221694 ], [ 2445811.363445930648595, 2504824.552465611603111 ], [ 2445811.363445930648595, 2504868.590495429001749 ], [ 2445767.326458465307951, 2504868.590495429001749 ], [ 2445767.326458465307951, 2504912.628525245934725 ], [ 2445767.326458465307951, 2504956.666555062867701 ], [ 2445723.289471, 2504956.666555062867701 ], [ 2445723.289471, 2505000.703667287249118 ], [ 2445679.252483534626663, 2505000.703667287249118 ], [ 2445635.214578498154879, 2505000.703667287249118 ], [ 2445591.177591032814234, 2504956.666555062867701 ], [ 2445547.14060356747359, 2504956.666555062867701 ], [ 2445547.14060356747359, 2505000.703667287249118 ], [ 2445503.103616102132946, 2505000.703667287249118 ], [ 2445459.066628636792302, 2505000.703667287249118 ], [ 2445459.066628636792302, 2505044.741697104647756 ], [ 2445415.028723600786179, 2505044.741697104647756 ], [ 2445370.991736135445535, 2505044.741697104647756 ], [ 2445370.991736135445535, 2505000.703667287249118 ], [ 2445326.954748670104891, 2504956.666555062867701 ], [ 2445326.954748670104891, 2504912.628525245934725 ], [ 2445326.954748670104891, 2504868.590495429001749 ], [ 2445282.917761204764247, 2504868.590495429001749 ], [ 2445282.917761204764247, 2504824.552465611603111 ], [ 2445238.880773739423603, 2504824.552465611603111 ], [ 2445238.880773739423603, 2504780.515353387221694 ], [ 2445194.842868702951819, 2504780.515353387221694 ], [ 2445194.842868702951819, 2504736.477323570288718 ], [ 2445194.842868702951819, 2504692.43929375289008 ], [ 2445194.842868702951819, 2504648.401263935957104 ], [ 2445194.842868702951819, 2504604.364151711575687 ], [ 2445150.805881237611175, 2504604.364151711575687 ], [ 2445150.805881237611175, 2504560.326121894642711 ], [ 2445106.76889377227053, 2504560.326121894642711 ], [ 2445062.731906306929886, 2504560.326121894642711 ], [ 2445018.694918841589242, 2504560.326121894642711 ], [ 2444974.657931376248598, 2504560.326121894642711 ], [ 2444930.620026340242475, 2504560.326121894642711 ], [ 2444930.620026340242475, 2504604.364151711575687 ], [ 2444886.583038874901831, 2504604.364151711575687 ], [ 2444886.583038874901831, 2504648.401263935957104 ], [ 2444842.546051409561187, 2504648.401263935957104 ], [ 2444842.546051409561187, 2504692.43929375289008 ], [ 2444842.546051409561187, 2504736.477323570288718 ], [ 2444842.546051409561187, 2504780.515353387221694 ], [ 2444798.509063944220543, 2504780.515353387221694 ], [ 2444798.509063944220543, 2504824.552465611603111 ], [ 2444754.472076478879899, 2504824.552465611603111 ], [ 2444710.434171442408115, 2504824.552465611603111 ], [ 2444710.434171442408115, 2504780.515353387221694 ], [ 2444666.397183977067471, 2504780.515353387221694 ], [ 2444622.360196511726826, 2504780.515353387221694 ], [ 2444622.360196511726826, 2504824.552465611603111 ], [ 2444666.397183977067471, 2504868.590495429001749 ], [ 2444666.397183977067471, 2504912.628525245934725 ], [ 2444754.472076478879899, 2505000.703667287249118 ], [ 2444754.472076478879899, 2505044.741697104647756 ], [ 2443785.654681957792491, 2505176.854868963360786 ], [ 2443565.46882705995813, 2505220.892898780293763 ], [ 2443301.245067126117647, 2505264.930928597226739 ], [ 2442772.799382400233299, 2505308.968040821608156 ], [ 2442772.799382400233299, 2505353.006070639006793 ], [ 2442464.539552572183311, 2505353.006070639006793 ], [ 2442288.390685139689595, 2505397.04410045593977 ], [ 2441583.796132981777191, 2505485.119242497254163 ], [ 2441187.461410651449114, 2505573.195302131585777 ], [ 2441143.42442318610847, 2505529.157272314652801 ], [ 2441099.387435721233487, 2505529.157272314652801 ], [ 2441099.387435721233487, 2505573.195302131585777 ], [ 2441055.350448255892843, 2505573.195302131585777 ], [ 2440967.276473325211555, 2505573.195302131585777 ], [ 2440835.164593358058482, 2505617.233331948984414 ], [ 2440791.127605892717838, 2505617.233331948984414 ], [ 2440747.090618427377194, 2505617.233331948984414 ], [ 2440482.866858493536711, 2505661.270444173365831 ], [ 2440086.533053734339774, 2505705.308473990298808 ], [ 2439998.458161232993007, 2505705.308473990298808 ], [ 2439734.235318869818002, 2505749.346503807231784 ], [ 2439690.198331404477358, 2505749.346503807231784 ], [ 2439470.012476507108659, 2505749.346503807231784 ], [ 2439205.789634143933654, 2505705.308473990298808 ], [ 2439117.715659213252366, 2505661.270444173365831 ], [ 2438853.492816850543022, 2505705.308473990298808 ], [ 2438809.454911814071238, 2505705.308473990298808 ], [ 2438765.417924348730594, 2505793.383616031613201 ], [ 2438677.343949418049306, 2505969.534817707724869 ], [ 2438633.306961952708662, 2506013.572847524657845 ], [ 2437928.712409794796258, 2506101.648907158989459 ], [ 2437708.526554896961898, 2506145.686019383370876 ], [ 2437664.489567431621253, 2506145.686019383370876 ], [ 2437664.489567431621253, 2506013.572847524657845 ], [ 2437444.303712534252554, 2504560.326121894642711 ], [ 2437444.303712534252554, 2504516.288092077244073 ], [ 2436475.485400442034006, 2504648.401263935957104 ], [ 2435858.96574078546837, 2504736.477323570288718 ], [ 2435506.668005920946598, 2504824.552465611603111 ], [ 2434934.185333729721606, 2504912.628525245934725 ], [ 2434846.111358799040318, 2504912.628525245934725 ], [ 2434581.887598865199834, 2504956.666555062867701 ], [ 2434317.664756502024829, 2504956.666555062867701 ], [ 2433701.145096845924854, 2505088.779726921580732 ], [ 2433436.92225448274985, 2505088.779726921580732 ], [ 2433392.884349446278065, 2505088.779726921580732 ], [ 2433348.847361980937421, 2505132.817756738979369 ], [ 2433260.773387050721794, 2505132.817756738979369 ], [ 2433216.73639958538115, 2505132.817756738979369 ], [ 2433128.661507083568722, 2505132.817756738979369 ], [ 2433084.624519618228078, 2505176.854868963360786 ], [ 2432600.215822357684374, 2505220.892898780293763 ], [ 2432556.17883489234373, 2505264.930928597226739 ], [ 2432556.17883489234373, 2505308.968040821608156 ], [ 2432380.029967459850013, 2505220.892898780293763 ], [ 2432380.029967459850013, 2505264.930928597226739 ], [ 2432335.992979994509369, 2505397.04410045593977 ], [ 2432291.955992529168725, 2505529.157272314652801 ], [ 2432071.770137631800026, 2505925.497705483343452 ], [ 2432027.733150166459382, 2506057.610877341590822 ], [ 2431983.695245129987597, 2506145.686019383370876 ], [ 2431939.658257664646953, 2506233.762079017236829 ], [ 2431895.621270199306309, 2506409.913280693348497 ], [ 2431895.621270199306309, 2506542.026452551595867 ], [ 2431851.584282733965665, 2506630.101594593375921 ], [ 2431807.547295268625021, 2506762.215684044640511 ], [ 2431763.510307803750038, 2506806.252796269021928 ], [ 2431719.472402767278254, 2506938.366885720286518 ], [ 2431543.324452905915678, 2507202.59322943771258 ], [ 2431455.249560404103249, 2507422.782460930291563 ], [ 2431411.212572938762605, 2507554.895632789004594 ], [ 2431411.212572938762605, 2507642.970774830318987 ], [ 2431279.100692972075194, 2508171.42437985772267 ], [ 2431235.06370550673455, 2508347.575581533368677 ], [ 2431191.026718041393906, 2508303.537551715970039 ], [ 2431102.952743110712618, 2508303.537551715970039 ], [ 2430970.840863143559545, 2508259.499521899037063 ], [ 2430926.803875678218901, 2508215.462409674655646 ], [ 2430882.766888212878257, 2508215.462409674655646 ], [ 2430838.729900747537613, 2508215.462409674655646 ], [ 2430838.729900747537613, 2508259.499521899037063 ], [ 2430838.729900747537613, 2508303.537551715970039 ], [ 2430794.69199571153149, 2508347.575581533368677 ], [ 2430794.69199571153149, 2508391.613611350301653 ], [ 2430794.69199571153149, 2508435.65072357468307 ], [ 2430662.581033315509558, 2508435.65072357468307 ], [ 2430618.544045850168914, 2508435.65072357468307 ], [ 2430354.321203486993909, 2508479.688753392081708 ], [ 2429825.874601190444082, 2508523.726783209014684 ], [ 2429473.577783896587789, 2508567.76481302594766 ], [ 2429473.577783896587789, 2508611.801925250329077 ], [ 2429429.540796431247145, 2508611.801925250329077 ], [ 2429121.280049032066017, 2508655.839955067727715 ], [ 2429077.243061566725373, 2508655.839955067727715 ], [ 2428989.169086636044085, 2508655.839955067727715 ], [ 2428724.946244273334742, 2508699.877984884660691 ], [ 2428504.760389375500381, 2508699.877984884660691 ], [ 2428372.64850940881297, 2508743.916014702059329 ], [ 2428284.574534478131682, 2508743.916014702059329 ], [ 2428240.537547012791038, 2508743.916014702059329 ], [ 2428152.462654510978609, 2508787.953126926440746 ], [ 2428064.388679580297321, 2508787.953126926440746 ], [ 2427844.202824682928622, 2508787.953126926440746 ], [ 2427712.090944715775549, 2508831.991156743373722 ], [ 2427668.053957250434905, 2508831.991156743373722 ], [ 2427624.016969785094261, 2508831.991156743373722 ], [ 2427579.979982319753617, 2508831.991156743373722 ], [ 2427491.905089817941189, 2508876.029186560306698 ], [ 2427447.868102352600545, 2508876.029186560306698 ], [ 2427403.831114887725562, 2508876.029186560306698 ], [ 2427271.71923492057249, 2508876.029186560306698 ], [ 2427139.608272524550557, 2508920.066298784688115 ], [ 2427007.496392557397485, 2508920.066298784688115 ], [ 2426919.422417627181858, 2508920.066298784688115 ], [ 2426699.236562729347497, 2508964.104328602086753 ], [ 2426611.162587798666209, 2508964.104328602086753 ], [ 2426479.050707831513137, 2509008.142358419019729 ], [ 2426258.864852934144437, 2509008.142358419019729 ], [ 2426214.827865468803793, 2509008.142358419019729 ], [ 2426038.678998036310077, 2509052.180388235952705 ], [ 2425994.642010570969433, 2509052.180388235952705 ], [ 2425862.530130604282022, 2509052.180388235952705 ], [ 2425818.493143138941377, 2509096.217500460334122 ], [ 2425554.270300775766373, 2509096.217500460334122 ], [ 2425510.233313310425729, 2509140.25553027773276 ], [ 2425334.084445878397673, 2509140.25553027773276 ], [ 2425290.047458413057029, 2509140.25553027773276 ], [ 2425246.010470947716385, 2509140.25553027773276 ], [ 2425201.973483482375741, 2509140.25553027773276 ], [ 2425201.973483482375741, 2509184.293560094665736 ], [ 2425157.935578445903957, 2509184.293560094665736 ], [ 2425113.898590980563313, 2509184.293560094665736 ], [ 2424981.78762858454138, 2509184.293560094665736 ], [ 2424893.712736083194613, 2509184.293560094665736 ], [ 2424673.526881185360253, 2509228.331589912064373 ], [ 2424453.341026287991554, 2509272.368702136445791 ], [ 2424409.304038822650909, 2509272.368702136445791 ], [ 2424233.156088961288333, 2509316.406731953378767 ], [ 2424057.007221528794616, 2509316.406731953378767 ], [ 2423968.93232902744785, 2509316.406731953378767 ], [ 2423792.784379166085273, 2509360.444761770311743 ], [ 2423660.672499198932201, 2509360.444761770311743 ], [ 2423616.635511733591557, 2509360.444761770311743 ], [ 2423528.561536802910268, 2509404.48187399469316 ], [ 2423484.523631766904145, 2509404.48187399469316 ], [ 2423308.375681905541569, 2509404.48187399469316 ], [ 2423088.189827007707208, 2509448.519903812091798 ], [ 2423044.152839542366564, 2509448.519903812091798 ], [ 2422735.892092143185437, 2509492.557933629024774 ], [ 2422691.855104677844793, 2509492.557933629024774 ], [ 2422075.334527450613678, 2509580.633075670339167 ], [ 2421458.814867794048041, 2509668.709135304670781 ], [ 2421062.480145464185625, 2509756.784277346450835 ], [ 2420357.885593305807561, 2509844.860336980316788 ], [ 2420181.736725873313844, 2509888.898366797715425 ], [ 2418552.361766659654677, 2510109.08668069774285 ], [ 2415117.463898370508105, 2510593.502255907747895 ], [ 2413532.12592662172392, 2510813.691487400792539 ], [ 2413179.829109328333288, 2510857.729517217725515 ], [ 2413179.829109328333288, 2510901.766629442106932 ], [ 2413267.903084259014577, 2511298.107062610797584 ], [ 2413267.903084259014577, 2511386.182204652111977 ], [ 2413311.94007172388956, 2511650.409465962089598 ], [ 2413576.162914087064564, 2511606.371436145156622 ], [ 2413664.237806588876992, 2512266.938213030807674 ], [ 2413796.348768984898925, 2512266.938213030807674 ], [ 2413840.385756449773908, 2512266.938213030807674 ], [ 2413840.385756449773908, 2512399.051384889520705 ], [ 2413972.49763641692698, 2513367.882535309530795 ], [ 2414060.571611347608268, 2513940.374170153867453 ], [ 2414060.571611347608268, 2514028.449312195181847 ], [ 2414148.646503849420696, 2514644.978976856451482 ], [ 2414192.683491314761341, 2514997.280462615191936 ], [ 2414192.683491314761341, 2515085.35652224952355 ], [ 2414236.720478780101985, 2515129.394552066456527 ], [ 2414236.720478780101985, 2515217.469694108236581 ], [ 2414236.720478780101985, 2515437.658925600815564 ], [ 2414280.757466245442629, 2515613.810127276461571 ], [ 2414324.795371281448752, 2515833.998441176488996 ], [ 2414324.795371281448752, 2515922.074500810820609 ], [ 2414368.832358746789396, 2516098.225702486466616 ], [ 2414368.832358746789396, 2516318.41401638649404 ], [ 2414412.86934621213004, 2516406.490076020825654 ], [ 2414412.86934621213004, 2516450.528105838224292 ], [ 2414412.86934621213004, 2516538.603247879538685 ], [ 2414412.86934621213004, 2516582.641277696471661 ], [ 2414412.86934621213004, 2516626.678389920853078 ], [ 2414500.943321142811328, 2517155.131994948256761 ], [ 2414500.943321142811328, 2517199.170024765189737 ], [ 2414544.980308608151972, 2517243.208054582588375 ], [ 2414544.980308608151972, 2517287.245166806969792 ], [ 2414677.092188575305045, 2518256.077234819531441 ], [ 2414677.092188575305045, 2518344.152376860845834 ], [ 2414677.092188575305045, 2518432.227518902625889 ], [ 2414677.092188575305045, 2518476.265548719558865 ], [ 2414721.129176040645689, 2518564.341608353890479 ], [ 2414721.129176040645689, 2518652.416750395204872 ], [ 2414721.129176040645689, 2518696.454780212603509 ], [ 2414721.129176040645689, 2518784.529922253917903 ], [ 2414765.166163505986333, 2518872.605981888249516 ], [ 2414765.166163505986333, 2518916.644011705182493 ], [ 2414765.166163505986333, 2519004.719153746962547 ], [ 2414765.166163505986333, 2519092.794295788276941 ], [ 2414809.204068541992456, 2519136.832325605209917 ], [ 2414809.204068541992456, 2519224.908385239541531 ], [ 2414809.204068541992456, 2519312.983527281321585 ], [ 2414809.204068541992456, 2519357.021557098254561 ], [ 2414853.2410560073331, 2519445.096699139568955 ], [ 2414853.2410560073331, 2519533.172758773900568 ], [ 2414853.2410560073331, 2519577.209870998281986 ], [ 2414853.2410560073331, 2519621.247900815680623 ], [ 2414853.2410560073331, 2519665.285930632613599 ], [ 2414853.2410560073331, 2519753.361072673927993 ], [ 2414897.278043472673744, 2519753.361072673927993 ], [ 2414897.278043472673744, 2519797.39910249132663 ], [ 2414897.278043472673744, 2519885.475162125192583 ], [ 2414897.278043472673744, 2519973.550304166972637 ], [ 2414897.278043472673744, 2520061.626363801304251 ], [ 2414941.315030938014388, 2520105.663476025685668 ], [ 2414941.315030938014388, 2520193.73953565955162 ], [ 2414941.315030938014388, 2520281.814677701331675 ], [ 2414941.315030938014388, 2520325.852707518264651 ], [ 2414985.352018403355032, 2520413.927849559579045 ], [ 2414985.352018403355032, 2520457.965879376977682 ], [ 2414985.352018403355032, 2520502.003909193910658 ], [ 2414985.352018403355032, 2520546.041939011309296 ], [ 2414985.352018403355032, 2520634.117081052623689 ], [ 2415029.389923439826816, 2520678.155110869556665 ], [ 2415029.389923439826816, 2520722.193140686955303 ], [ 2415029.389923439826816, 2520766.23025291133672 ], [ 2415029.389923439826816, 2520854.306312545668334 ], [ 2415029.389923439826816, 2520942.381454586982727 ], [ 2415073.42691090516746, 2520986.419484403915703 ], [ 2415073.42691090516746, 2521074.494626445695758 ], [ 2415073.42691090516746, 2521162.570686080027372 ], [ 2415073.42691090516746, 2521206.608715896960348 ], [ 2415117.463898370508105, 2521294.683857938274741 ], [ 2415117.463898370508105, 2521382.758999980054796 ], [ 2415117.463898370508105, 2521470.835059613920748 ], [ 2415117.463898370508105, 2521514.873089431319386 ], [ 2415161.500885835848749, 2521602.948231472633779 ], [ 2415161.500885835848749, 2521691.024291106965393 ], [ 2415161.500885835848749, 2521735.06140333134681 ], [ 2415161.500885835848749, 2521823.137462965678424 ], [ 2415161.500885835848749, 2521867.1754927826114 ], [ 2415205.537873301189393, 2521867.1754927826114 ], [ 2415161.500885835848749, 2521867.1754927826114 ], [ 2415117.463898370508105, 2521867.1754927826114 ], [ 2415029.389923439826816, 2521911.212605006992817 ], [ 2414941.315030938014388, 2521911.212605006992817 ], [ 2414897.278043472673744, 2521911.212605006992817 ], [ 2415029.389923439826816, 2522615.817411710042506 ], [ 2415029.389923439826816, 2522659.855441526975483 ], [ 2415117.463898370508105, 2522747.930583568289876 ], [ 2415557.835608165711164, 2523276.384188595693558 ], [ 2415778.021463063079864, 2523540.610532312653959 ], [ 2415954.16941292444244, 2523760.799763805698603 ], [ 2415954.16941292444244, 2523804.83779362263158 ], [ 2415998.207317960914224, 2523848.874905847012997 ], [ 2416042.244305426254869, 2523892.912935664411634 ], [ 2416042.244305426254869, 2523936.95096548134461 ], [ 2416086.281292891595513, 2524025.026107522659004 ], [ 2416086.281292891595513, 2524201.177309198770672 ], [ 2416130.318280356936157, 2524333.291398650035262 ], [ 2416130.318280356936157, 2524377.328510874416679 ], [ 2416174.355267822276801, 2524421.366540691349655 ], [ 2416130.318280356936157, 2524465.404570508748293 ], [ 2416218.393172858282924, 2525170.008459618780762 ], [ 2416262.430160323623568, 2525170.008459618780762 ], [ 2416306.467147788964212, 2525346.159661294426769 ], [ 2416306.467147788964212, 2525478.273750745691359 ], [ 2416570.689990152139217, 2525478.273750745691359 ], [ 2416922.987725016660988, 2525522.310862970072776 ], [ 2417099.135674878023565, 2525522.310862970072776 ], [ 2417099.135674878023565, 2525698.462064645718783 ], [ 2417143.172662343364209, 2525830.575236504431814 ], [ 2417143.172662343364209, 2525962.689325955696404 ], [ 2417187.210567379370332, 2526182.877639855723828 ], [ 2417231.247554844710976, 2526359.028841531369835 ], [ 2417231.247554844710976, 2526447.104901165701449 ], [ 2417275.28454231005162, 2526799.406386924441904 ], [ 2417363.358517240732908, 2527327.859991951845586 ], [ 2417451.433409742545336, 2527856.313596978783607 ], [ 2417495.470397207885981, 2528076.502828471828252 ], [ 2417451.433409742545336, 2528120.539940696209669 ], [ 2417187.210567379370332, 2528472.842344047501683 ], [ 2417011.061699947342277, 2528693.031575540080667 ], [ 2416790.875845049507916, 2529001.295949074439704 ], [ 2416746.838857584167272, 2529045.333978891838342 ], [ 2416790.875845049507916, 2529353.59835242619738 ], [ 2416042.244305426254869, 2529485.711524284444749 ], [ 2416042.244305426254869, 2529441.673494467511773 ], [ 2416042.244305426254869, 2529485.711524284444749 ], [ 2416218.393172858282924, 2530718.76993601443246 ], [ 2416834.91283251484856, 2530630.693876380566508 ], [ 2416790.875845049507916, 2532172.016661644913256 ], [ 2416790.875845049507916, 2533713.338529316242784 ], [ 2416746.838857584167272, 2533757.376559133641422 ], [ 2416702.801870118826628, 2533801.414588950574398 ], [ 2416746.838857584167272, 2533801.414588950574398 ], [ 2416790.875845049507916, 2533801.414588950574398 ], [ 2416790.875845049507916, 2534858.320881411898881 ], [ 2416746.838857584167272, 2535430.81251625623554 ], [ 2416790.875845049507916, 2535474.850546073634177 ], [ 2416746.838857584167272, 2535562.925688114948571 ], [ 2416746.838857584167272, 2535739.076889790594578 ], [ 2416746.838857584167272, 2535915.228091466240585 ], [ 2416746.838857584167272, 2536091.379293142352253 ], [ 2416746.838857584167272, 2536311.568524634931237 ], [ 2416746.838857584167272, 2536531.756838534958661 ], [ 2416746.838857584167272, 2536619.832898169290274 ] ] } },
{ "type": "Feature", "properties": { }, "geometry": { "type": "LineString", "coordinates": [ [ 2416746.838857584167272, 2536619.832898169290274 ], [ 2416746.838857584167272, 2536531.756838534958661 ], [ 2416746.838857584167272, 2536311.568524634931237 ], [ 2416746.838857584167272, 2536091.379293142352253 ], [ 2416746.838857584167272, 2535915.228091466240585 ], [ 2416746.838857584167272, 2535739.076889790594578 ], [ 2416746.838857584167272, 2535562.925688114948571 ], [ 2416790.875845049507916, 2535474.850546073634177 ], [ 2416746.838857584167272, 2535430.81251625623554 ], [ 2416790.875845049507916, 2534858.320881411898881 ], [ 2416790.875845049507916, 2533801.414588950574398 ], [ 2416746.838857584167272, 2533801.414588950574398 ], [ 2416702.801870118826628, 2533801.414588950574398 ], [ 2416746.838857584167272, 2533757.376559133641422 ], [ 2416790.875845049507916, 2533713.338529316242784 ], [ 2416790.875845049507916, 2532172.016661644913256 ], [ 2416834.91283251484856, 2530630.693876380566508 ], [ 2416218.393172858282924, 2530718.76993601443246 ], [ 2416042.244305426254869, 2529485.711524284444749 ], [ 2416042.244305426254869, 2529441.673494467511773 ], [ 2416042.244305426254869, 2529485.711524284444749 ], [ 2416790.875845049507916, 2529353.59835242619738 ], [ 2416746.838857584167272, 2529045.333978891838342 ], [ 2416790.875845049507916, 2529001.295949074439704 ], [ 2417011.061699947342277, 2528693.031575540080667 ], [ 2417187.210567379370332, 2528472.842344047501683 ], [ 2417451.433409742545336, 2528120.539940696209669 ], [ 2417495.470397207885981, 2528076.502828471828252 ], [ 2417451.433409742545336, 2527856.313596978783607 ], [ 2417363.358517240732908, 2527327.859991951845586 ], [ 2417275.28454231005162, 2526799.406386924441904 ], [ 2417231.247554844710976, 2526447.104901165701449 ], [ 2417231.247554844710976, 2526359.028841531369835 ], [ 2417187.210567379370332, 2526182.877639855723828 ], [ 2417143.172662343364209, 2525962.689325955696404 ], [ 2417143.172662343364209, 2525830.575236504431814 ], [ 2417099.135674878023565, 2525698.462064645718783 ], [ 2417099.135674878023565, 2525522.310862970072776 ], [ 2416922.987725016660988, 2525522.310862970072776 ], [ 2416570.689990152139217, 2525478.273750745691359 ], [ 2416306.467147788964212, 2525478.273750745691359 ], [ 2416306.467147788964212, 2525346.159661294426769 ], [ 2416262.430160323623568, 2525170.008459618780762 ], [ 2416218.393172858282924, 2525170.008459618780762 ], [ 2416130.318280356936157, 2524465.404570508748293 ], [ 2416174.355267822276801, 2524421.366540691349655 ], [ 2416130.318280356936157, 2524377.328510874416679 ], [ 2416130.318280356936157, 2524333.291398650035262 ], [ 2416086.281292891595513, 2524201.177309198770672 ], [ 2416086.281292891595513, 2524025.026107522659004 ], [ 2416042.244305426254869, 2523936.95096548134461 ], [ 2416042.244305426254869, 2523892.912935664411634 ], [ 2415998.207317960914224, 2523848.874905847012997 ], [ 2415954.16941292444244, 2523804.83779362263158 ], [ 2415954.16941292444244, 2523760.799763805698603 ], [ 2415778.021463063079864, 2523540.610532312653959 ], [ 2415557.835608165711164, 2523276.384188595693558 ], [ 2415117.463898370508105, 2522747.930583568289876 ], [ 2415029.389923439826816, 2522659.855441526975483 ], [ 2415029.389923439826816, 2522615.817411710042506 ], [ 2414897.278043472673744, 2521911.212605006992817 ], [ 2414941.315030938014388, 2521911.212605006992817 ], [ 2415029.389923439826816, 2521911.212605006992817 ], [ 2415117.463898370508105, 2521867.1754927826114 ], [ 2415161.500885835848749, 2521867.1754927826114 ], [ 2415205.537873301189393, 2521867.1754927826114 ], [ 2415161.500885835848749, 2521867.1754927826114 ], [ 2415161.500885835848749, 2521823.137462965678424 ], [ 2415161.500885835848749, 2521735.06140333134681 ], [ 2415161.500885835848749, 2521691.024291106965393 ], [ 2415161.500885835848749, 2521602.948231472633779 ], [ 2415117.463898370508105, 2521514.873089431319386 ], [ 2415117.463898370508105, 2521470.835059613920748 ], [ 2415117.463898370508105, 2521382.758999980054796 ], [ 2415117.463898370508105, 2521294.683857938274741 ], [ 2415073.42691090516746, 2521206.608715896960348 ], [ 2415073.42691090516746, 2521162.570686080027372 ], [ 2415073.42691090516746, 2521074.494626445695758 ], [ 2415073.42691090516746, 2520986.419484403915703 ], [ 2415029.389923439826816, 2520942.381454586982727 ], [ 2415029.389923439826816, 2520854.306312545668334 ], [ 2415029.389923439826816, 2520766.23025291133672 ], [ 2415029.389923439826816, 2520722.193140686955303 ], [ 2415029.389923439826816, 2520678.155110869556665 ], [ 2414985.352018403355032, 2520634.117081052623689 ], [ 2414985.352018403355032, 2520546.041939011309296 ], [ 2414985.352018403355032, 2520502.003909193910658 ], [ 2414985.352018403355032, 2520457.965879376977682 ], [ 2414985.352018403355032, 2520413.927849559579045 ], [ 2414941.315030938014388, 2520325.852707518264651 ], [ 2414941.315030938014388, 2520281.814677701331675 ], [ 2414941.315030938014388, 2520193.73953565955162 ], [ 2414941.315030938014388, 2520105.663476025685668 ], [ 2414897.278043472673744, 2520061.626363801304251 ], [ 2414897.278043472673744, 2519973.550304166972637 ], [ 2414897.278043472673744, 2519885.475162125192583 ], [ 2414897.278043472673744, 2519797.39910249132663 ], [ 2414897.278043472673744, 2519753.361072673927993 ], [ 2414853.2410560073331, 2519753.361072673927993 ], [ 2414853.2410560073331, 2519665.285930632613599 ], [ 2414853.2410560073331, 2519621.247900815680623 ], [ 2414853.2410560073331, 2519577.209870998281986 ], [ 2414853.2410560073331, 2519533.172758773900568 ], [ 2414853.2410560073331, 2519445.096699139568955 ], [ 2414809.204068541992456, 2519357.021557098254561 ], [ 2414809.204068541992456, 2519312.983527281321585 ], [ 2414809.204068541992456, 2519224.908385239541531 ], [ 2414809.204068541992456, 2519136.832325605209917 ], [ 2414765.166163505986333, 2519092.794295788276941 ], [ 2414765.166163505986333, 2519004.719153746962547 ], [ 2414765.166163505986333, 2518916.644011705182493 ], [ 2414765.166163505986333, 2518872.605981888249516 ], [ 2414721.129176040645689, 2518784.529922253917903 ], [ 2414721.129176040645689, 2518696.454780212603509 ], [ 2414721.129176040645689, 2518652.416750395204872 ], [ 2414721.129176040645689, 2518564.341608353890479 ], [ 2414677.092188575305045, 2518476.265548719558865 ], [ 2414677.092188575305045, 2518432.227518902625889 ], [ 2414677.092188575305045, 2518344.152376860845834 ], [ 2414677.092188575305045, 2518256.077234819531441 ], [ 2414544.980308608151972, 2517287.245166806969792 ], [ 2414544.980308608151972, 2517243.208054582588375 ], [ 2414500.943321142811328, 2517199.170024765189737 ], [ 2414500.943321142811328, 2517155.131994948256761 ], [ 2414412.86934621213004, 2516626.678389920853078 ], [ 2414412.86934621213004, 2516582.641277696471661 ], [ 2414412.86934621213004, 2516538.603247879538685 ], [ 2414412.86934621213004, 2516450.528105838224292 ], [ 2414412.86934621213004, 2516406.490076020825654 ], [ 2414368.832358746789396, 2516318.41401638649404 ], [ 2414368.832358746789396, 2516098.225702486466616 ], [ 2414324.795371281448752, 2515922.074500810820609 ], [ 2414324.795371281448752, 2515833.998441176488996 ], [ 2414280.757466245442629, 2515613.810127276461571 ], [ 2414236.720478780101985, 2515437.658925600815564 ], [ 2414236.720478780101985, 2515217.469694108236581 ], [ 2414236.720478780101985, 2515129.394552066456527 ], [ 2414192.683491314761341, 2515085.35652224952355 ], [ 2414192.683491314761341, 2514997.280462615191936 ], [ 2414148.646503849420696, 2514644.978976856451482 ], [ 2414060.571611347608268, 2514028.449312195181847 ], [ 2414060.571611347608268, 2513940.374170153867453 ], [ 2413972.49763641692698, 2513367.882535309530795 ], [ 2413840.385756449773908, 2512399.051384889520705 ], [ 2413840.385756449773908, 2512266.938213030807674 ], [ 2413796.348768984898925, 2512266.938213030807674 ], [ 2413664.237806588876992, 2512266.938213030807674 ], [ 2413576.162914087064564, 2511606.371436145156622 ], [ 2413311.94007172388956, 2511650.409465962089598 ], [ 2413267.903084259014577, 2511386.182204652111977 ], [ 2413267.903084259014577, 2511298.107062610797584 ], [ 2413179.829109328333288, 2510901.766629442106932 ], [ 2413179.829109328333288, 2510857.729517217725515 ], [ 2412475.234557169955224, 2510945.804659259039909 ], [ 2412387.159664668142796, 2510989.842689076438546 ], [ 2411990.82585990941152, 2511033.880718893371522 ], [ 2411066.045452853664756, 2511165.993890752084553 ], [ 2410405.487888160627335, 2511254.069032793398947 ], [ 2410361.450900695286691, 2511254.069032793398947 ], [ 2409965.116178365424275, 2511298.107062610797584 ], [ 2409788.96731093339622, 2511342.14509242773056 ], [ 2409040.335771309677511, 2511430.220234469044954 ], [ 2408732.075941481627524, 2511474.258264286443591 ], [ 2408688.03895401628688, 2511518.296294103376567 ], [ 2408644.001048979815096, 2511518.296294103376567 ], [ 2408599.964061514474452, 2511518.296294103376567 ], [ 2408555.927074049133807, 2511518.296294103376567 ], [ 2408511.890086583793163, 2511518.296294103376567 ], [ 2408467.853099118452519, 2511518.296294103376567 ], [ 2408379.778206617105752, 2511518.296294103376567 ], [ 2408379.778206617105752, 2511562.333406327757984 ], [ 2408291.704231686424464, 2511562.333406327757984 ], [ 2408247.66724422108382, 2511562.333406327757984 ], [ 2408159.592351719271392, 2511562.333406327757984 ], [ 2408071.518376788590103, 2511562.333406327757984 ], [ 2408027.481389323249459, 2511606.371436145156622 ], [ 2407983.444401857908815, 2511606.371436145156622 ], [ 2407895.369509356562048, 2511606.371436145156622 ], [ 2407851.332521891221404, 2511606.371436145156622 ], [ 2407763.258546960540116, 2511606.371436145156622 ], [ 2407719.221559495199472, 2511650.409465962089598 ], [ 2407631.146666993387043, 2511650.409465962089598 ], [ 2407543.072692062705755, 2511650.409465962089598 ], [ 2407499.035704597365111, 2511650.409465962089598 ], [ 2407410.960812096018344, 2511694.447495779022574 ], [ 2407322.886837165337056, 2511694.447495779022574 ], [ 2407278.849849699996412, 2511694.447495779022574 ], [ 2407190.774957198183984, 2511694.447495779022574 ], [ 2407146.737969732843339, 2511738.484608003403991 ], [ 2405429.289035588502884, 2511958.673839496448636 ], [ 2405473.326023053843528, 2511870.597779862117022 ], [ 2405429.289035588502884, 2511914.635809679049999 ], [ 2405385.25204812316224, 2511914.635809679049999 ], [ 2405341.214143086690456, 2511958.673839496448636 ], [ 2405297.177155621349812, 2511958.673839496448636 ], [ 2404812.768458360806108, 2512002.711869313381612 ], [ 2404724.694483430124819, 2512046.748981537763029 ], [ 2404548.545615997631103, 2512046.748981537763029 ], [ 2404372.396748565603048, 2512090.787011355161667 ], [ 2404284.322773634921759, 2512090.787011355161667 ], [ 2404108.173906202428043, 2512134.825041172094643 ], [ 2403932.025038770399988, 2512134.825041172094643 ], [ 2403799.914076374378055, 2512178.863070989027619 ], [ 2403623.765208941884339, 2512178.863070989027619 ], [ 2403447.616341509856284, 2512222.900183213409036 ], [ 2403315.505379113834351, 2512222.900183213409036 ], [ 2403139.356511681340635, 2512266.938213030807674 ], [ 2403095.319524216, 2512266.938213030807674 ], [ 2403051.282536750659347, 2512266.938213030807674 ], [ 2402831.096681853290647, 2512310.97624284774065 ], [ 2402522.83593445410952, 2512355.013355072122067 ], [ 2402258.613092090934515, 2512399.051384889520705 ], [ 2401994.390249728225172, 2512399.051384889520705 ], [ 2401862.279287332203239, 2512443.089414706453681 ], [ 2401686.130419899709523, 2512443.089414706453681 ], [ 2401642.093432434368879, 2512487.127444523386657 ], [ 2401554.018539933022112, 2512487.127444523386657 ], [ 2401509.981552467681468, 2512487.127444523386657 ], [ 2401465.944565002340823, 2512487.127444523386657 ], [ 2401377.870590071659535, 2512487.127444523386657 ], [ 2401289.795697569847107, 2512531.164556747768074 ], [ 2401201.721722639165819, 2512531.164556747768074 ], [ 2401201.721722639165819, 2512487.127444523386657 ], [ 2401201.721722639165819, 2512399.051384889520705 ], [ 2401157.684735173825175, 2512266.938213030807674 ], [ 2401113.646830137819052, 2511958.673839496448636 ], [ 2401069.609842672478408, 2511562.333406327757984 ], [ 2401069.609842672478408, 2511518.296294103376567 ], [ 2401245.758710104506463, 2511210.03100297646597 ], [ 2400981.535867741797119, 2511033.880718893371522 ], [ 2400937.498880276456475, 2511033.880718893371522 ], [ 2400893.461892811115831, 2511033.880718893371522 ], [ 2400893.461892811115831, 2511077.917831117752939 ], [ 2400849.423987774644047, 2511077.917831117752939 ], [ 2400805.387000309303403, 2511033.880718893371522 ], [ 2400761.350012843962759, 2511033.880718893371522 ], [ 2400012.718473220709711, 2511121.955860934685916 ], [ 2399968.681485755369067, 2511077.917831117752939 ], [ 2399880.606593253556639, 2510241.19985255645588 ], [ 2399176.012041095644236, 2510329.275912190787494 ], [ 2398999.864091234281659, 2510373.31394200772047 ], [ 2398955.826186197809875, 2510373.31394200772047 ], [ 2398647.566356369759887, 2510417.351054232101887 ], [ 2398031.045779142063111, 2510505.427113866433501 ], [ 2398251.23163403943181, 2512002.711869313381612 ], [ 2398251.23163403943181, 2512046.748981537763029 ], [ 2398207.194646574091166, 2512090.787011355161667 ], [ 2398119.120671643875539, 2512134.825041172094643 ], [ 2397942.971804211381823, 2512134.825041172094643 ], [ 2397766.822936778888106, 2512178.863070989027619 ], [ 2397678.748961848672479, 2512178.863070989027619 ], [ 2397590.674986917991191, 2512178.863070989027619 ], [ 2397546.637081881519407, 2512178.863070989027619 ], [ 2397502.600094416178763, 2512178.863070989027619 ], [ 2397414.526119485497475, 2512178.863070989027619 ], [ 2397414.526119485497475, 2512222.900183213409036 ], [ 2397370.489132020156831, 2512310.97624284774065 ], [ 2397326.451226983685046, 2512443.089414706453681 ], [ 2397326.451226983685046, 2512487.127444523386657 ], [ 2397282.414239518344402, 2512531.164556747768074 ], [ 2397238.377252053003758, 2512575.202586565166712 ], [ 2397194.340264588128775, 2512619.240616382099688 ], [ 2397150.303277122788131, 2512663.278646199032664 ], [ 2396886.080434759613127, 2512707.315758423414081 ], [ 2396709.93156732711941, 2512707.315758423414081 ], [ 2396533.782699895091355, 2512751.353788240812719 ], [ 2396445.708724964410067, 2512751.353788240812719 ], [ 2396401.670819927938282, 2512751.353788240812719 ], [ 2396005.337015169207007, 2512795.391818057745695 ], [ 2395873.225135202053934, 2512839.429847875144333 ], [ 2395829.18814773671329, 2512839.429847875144333 ], [ 2395520.928317908663303, 2512883.46696009952575 ], [ 2395432.853425406850874, 2512883.46696009952575 ], [ 2395212.667570509482175, 2512927.504989916458726 ], [ 2394948.44472814630717, 2512971.543019733391702 ], [ 2394904.407740680966526, 2512971.543019733391702 ], [ 2394860.370753215625882, 2512971.543019733391702 ], [ 2394816.333765750285238, 2512971.543019733391702 ], [ 2394772.296778284944594, 2512971.543019733391702 ], [ 2394684.221885783597827, 2513015.580131957773119 ], [ 2394552.110923387575895, 2513015.580131957773119 ], [ 2394375.962055955082178, 2513059.618161775171757 ], [ 2394111.739213592372835, 2513103.656191592104733 ], [ 2393847.51637122919783, 2513191.731333633419126 ], [ 2393583.293528866488487, 2513235.769363450817764 ], [ 2393451.181648899335414, 2513279.80739326775074 ], [ 2393407.14466143399477, 2513279.80739326775074 ], [ 2393363.107673968654126, 2513279.80739326775074 ], [ 2393275.032781467307359, 2513323.845423085149378 ], [ 2393186.958806536626071, 2513323.845423085149378 ], [ 2393054.846926569472998, 2513323.845423085149378 ], [ 2392966.77295163879171, 2513279.80739326775074 ], [ 2392790.624084206763655, 2513279.80739326775074 ], [ 2392658.513121810741723, 2513279.80739326775074 ], [ 2392526.40124184358865, 2513235.769363450817764 ], [ 2392438.327266912907362, 2513235.769363450817764 ], [ 2392350.252374411560595, 2513235.769363450817764 ], [ 2392306.215386946219951, 2513235.769363450817764 ], [ 2392262.178399480879307, 2513235.769363450817764 ], [ 2392174.104424550198019, 2513235.769363450817764 ], [ 2392130.066519513726234, 2513235.769363450817764 ], [ 2392086.02953204838559, 2513235.769363450817764 ], [ 2391997.955557117704302, 2513279.80739326775074 ], [ 2391953.918569652363658, 2513279.80739326775074 ], [ 2391777.769702220335603, 2513367.882535309530795 ], [ 2391689.695727289654315, 2513367.882535309530795 ], [ 2391557.583847322501242, 2513411.920565126463771 ], [ 2391469.509872391819954, 2513455.958594943396747 ], [ 2391381.434979890007526, 2513455.958594943396747 ], [ 2391205.28611245797947, 2513499.996624760795385 ], [ 2390324.543610438704491, 2513808.260998295154423 ], [ 2390280.506622973363847, 2513808.260998295154423 ], [ 2390192.431730471551418, 2513852.29811051953584 ], [ 2390148.394743006210774, 2513852.29811051953584 ], [ 2390104.35775554087013, 2513852.29811051953584 ], [ 2390060.320768075529486, 2513852.29811051953584 ], [ 2390016.282863039057702, 2513852.29811051953584 ], [ 2389972.245875573717058, 2513852.29811051953584 ], [ 2389928.208888108376414, 2513896.336140336468816 ], [ 2389884.171900643035769, 2513896.336140336468816 ], [ 2389840.134913178160787, 2513896.336140336468816 ], [ 2389796.097008141689003, 2513896.336140336468816 ], [ 2389752.060020676348358, 2513896.336140336468816 ], [ 2389708.023033211007714, 2513896.336140336468816 ], [ 2389619.949058280326426, 2513940.374170153867453 ], [ 2389531.874165778513998, 2513940.374170153867453 ], [ 2389443.80019084783271, 2513940.374170153867453 ], [ 2389311.688310881145298, 2513940.374170153867453 ], [ 2389267.651323415804654, 2513940.374170153867453 ], [ 2389223.61433595046401, 2513940.374170153867453 ], [ 2389179.577348485123366, 2513940.374170153867453 ], [ 2389135.540361019782722, 2513940.374170153867453 ], [ 2389135.540361019782722, 2513984.41219997080043 ], [ 2389135.540361019782722, 2514028.449312195181847 ], [ 2389135.540361019782722, 2514072.487342012114823 ], [ 2389135.540361019782722, 2514160.562484053894877 ], [ 2389135.540361019782722, 2514204.600513870827854 ], [ 2389091.502455983310938, 2514292.676573505159467 ], [ 2389091.502455983310938, 2514380.751715546473861 ], [ 2389047.465468517970294, 2514424.789745363872498 ], [ 2389003.42848105262965, 2514468.827775180805475 ], [ 2389003.42848105262965, 2514556.902917222119868 ], [ 2389003.42848105262965, 2514600.940947039518505 ], [ 2388959.391493587289006, 2514644.978976856451482 ], [ 2388915.354506121948361, 2514689.016089080832899 ], [ 2388959.391493587289006, 2514733.054118897765875 ], [ 2389091.502455983310938, 2514777.092148715164512 ], [ 2389047.465468517970294, 2514821.129260939545929 ], [ 2389047.465468517970294, 2514909.205320573877543 ], [ 2389003.42848105262965, 2514997.280462615191936 ], [ 2389003.42848105262965, 2515041.318492432124913 ], [ 2389003.42848105262965, 2515085.35652224952355 ], [ 2389135.540361019782722, 2515966.111613035202026 ], [ 2389179.577348485123366, 2516318.41401638649404 ], [ 2389267.651323415804654, 2516318.41401638649404 ], [ 2389311.688310881145298, 2516714.754449555184692 ], [ 2388210.759953964035958, 2516890.905651230830699 ], [ 2387858.462219099514186, 2516890.905651230830699 ], [ 2387814.425231634173542, 2516890.905651230830699 ], [ 2387506.165401805657893, 2516934.943681048229337 ], [ 2387418.090509304311126, 2516978.980793272610754 ], [ 2387418.090509304311126, 2516934.943681048229337 ], [ 2387241.94255944294855, 2516934.943681048229337 ], [ 2387241.94255944294855, 2517023.01882308954373 ], [ 2387241.94255944294855, 2516978.980793272610754 ], [ 2387109.830679475795478, 2517023.01882308954373 ], [ 2387065.793692010454834, 2517023.01882308954373 ], [ 2386977.719717079773545, 2517023.01882308954373 ], [ 2386801.57084964774549, 2517067.056852906476706 ], [ 2386757.533862182404846, 2517067.056852906476706 ], [ 2386713.495957145933062, 2517067.056852906476706 ], [ 2386405.236127317883074, 2517111.094882723875344 ], [ 2386405.236127317883074, 2517155.131994948256761 ], [ 2386229.087259885389358, 2517155.131994948256761 ], [ 2386008.901404988020658, 2517199.170024765189737 ], [ 2385964.864417522680014, 2517199.170024765189737 ], [ 2385920.82743005733937, 2517199.170024765189737 ], [ 2385656.604587694164366, 2517243.208054582588375 ], [ 2385612.567600228823721, 2517375.321226440835744 ], [ 2385612.567600228823721, 2517419.359256258234382 ], [ 2385568.530612763483077, 2517463.396368482615799 ], [ 2385524.492707727476954, 2517507.434398299548775 ], [ 2385304.306852829642594, 2517683.585599975194782 ], [ 2385216.232877898961306, 2517815.698771833907813 ], [ 2385128.158902968280017, 2517903.774831468239427 ], [ 2385040.08401046693325, 2517947.811943692620844 ], [ 2384996.047023001592606, 2518035.888003326952457 ], [ 2384863.936060605570674, 2518123.963145368266851 ], [ 2384731.824180638417602, 2518300.114347043912858 ], [ 2384687.787193173076957, 2518344.152376860845834 ], [ 2384555.675313206389546, 2518432.227518902625889 ], [ 2384423.564350810367614, 2518564.341608353890479 ], [ 2384291.452470843214542, 2518696.454780212603509 ], [ 2384291.452470843214542, 2518740.492810029536486 ], [ 2384247.415483377873898, 2518784.529922253917903 ], [ 2384203.378495912533253, 2518828.56795207131654 ], [ 2384159.341508447192609, 2518828.56795207131654 ], [ 2384115.303603410720825, 2518828.56795207131654 ], [ 2384071.266615945380181, 2518872.605981888249516 ], [ 2384027.229628480505198, 2518872.605981888249516 ], [ 2383983.192641015164554, 2518872.605981888249516 ], [ 2383939.15565354982391, 2518916.644011705182493 ], [ 2383807.043773582670838, 2518960.68112392956391 ], [ 2383674.932811186648905, 2518960.68112392956391 ], [ 2383586.857918684836477, 2519004.719153746962547 ], [ 2383366.672063787467778, 2519048.757183563895524 ], [ 2383234.561101391445845, 2519092.794295788276941 ], [ 2383058.41223395941779, 2519136.832325605209917 ], [ 2382794.189391596242785, 2519224.908385239541531 ], [ 2382750.152404130902141, 2519224.908385239541531 ], [ 2382750.152404130902141, 2519268.945497463922948 ], [ 2382706.114499094430357, 2519268.945497463922948 ], [ 2382662.077511629089713, 2519312.983527281321585 ], [ 2382485.928644197061658, 2519401.059586915187538 ], [ 2382309.780694335699081, 2519489.134728956967592 ], [ 2382265.743706870358437, 2519533.172758773900568 ], [ 2382221.705801833886653, 2519533.172758773900568 ], [ 2382221.705801833886653, 2519577.209870998281986 ], [ 2382177.668814368546009, 2519621.247900815680623 ], [ 2382133.631826903205365, 2519621.247900815680623 ], [ 2382133.631826903205365, 2519665.285930632613599 ], [ 2382089.594839437864721, 2519709.323960449546576 ], [ 2382089.594839437864721, 2519753.361072673927993 ], [ 2382045.557851972989738, 2519753.361072673927993 ], [ 2382001.519946936517954, 2519841.437132308259606 ], [ 2382001.519946936517954, 2519885.475162125192583 ], [ 2382001.519946936517954, 2519929.512274349574 ], [ 2381957.48295947117731, 2520061.626363801304251 ], [ 2381957.48295947117731, 2520105.663476025685668 ], [ 2381957.48295947117731, 2520149.701505842618644 ], [ 2381957.48295947117731, 2520193.73953565955162 ], [ 2381957.48295947117731, 2520237.776647883933038 ], [ 2382001.519946936517954, 2520325.852707518264651 ], [ 2382045.557851972989738, 2520502.003909193910658 ], [ 2382045.557851972989738, 2520546.041939011309296 ], [ 2382045.557851972989738, 2520590.079051235690713 ], [ 2382089.594839437864721, 2520590.079051235690713 ], [ 2382133.631826903205365, 2520810.268282728269696 ], [ 2382133.631826903205365, 2520854.306312545668334 ], [ 2382133.631826903205365, 2520942.381454586982727 ], [ 2382133.631826903205365, 2520986.419484403915703 ], [ 2382133.631826903205365, 2521030.457514221314341 ], [ 2382177.668814368546009, 2521206.608715896960348 ], [ 2382221.705801833886653, 2521294.683857938274741 ], [ 2382221.705801833886653, 2521470.835059613920748 ], [ 2382221.705801833886653, 2521514.873089431319386 ], [ 2382177.668814368546009, 2521779.099433148279786 ], [ 2382177.668814368546009, 2521911.212605006992817 ], [ 2382133.631826903205365, 2522043.325776865705848 ], [ 2382133.631826903205365, 2522175.439866316970438 ], [ 2382089.594839437864721, 2522395.628180216997862 ], [ 2382045.557851972989738, 2522791.968613385688514 ], [ 2382045.557851972989738, 2522836.00664320262149 ], [ 2382001.519946936517954, 2522880.043755427002907 ], [ 2381957.48295947117731, 2523056.194957102648914 ], [ 2381957.48295947117731, 2523144.271016736980528 ], [ 2381913.445972005836666, 2523320.422218412626535 ], [ 2381913.445972005836666, 2523408.497360454406589 ], [ 2381913.445972005836666, 2523496.573420088272542 ], [ 2381869.408984540496022, 2523716.761733988765627 ], [ 2381825.371997075155377, 2523936.95096548134461 ], [ 2381825.371997075155377, 2524069.064137340057641 ], [ 2381825.371997075155377, 2524113.102167156990618 ], [ 2381781.334092038683593, 2524289.253368832636625 ], [ 2381781.334092038683593, 2524333.291398650035262 ], [ 2381781.334092038683593, 2524421.366540691349655 ], [ 2381737.297104573342949, 2524641.5557721843943 ], [ 2381693.260117108002305, 2524817.706973860040307 ], [ 2381693.260117108002305, 2524861.744086084421724 ], [ 2381649.223129642661661, 2524993.857257943134755 ], [ 2381605.186142177321017, 2525081.933317577000707 ], [ 2381517.11124967597425, 2525214.046489435713738 ], [ 2381429.037274745292962, 2525390.197691111359745 ], [ 2381296.925394778139889, 2525698.462064645718783 ], [ 2381032.702552415430546, 2526226.915669673122466 ], [ 2381120.777444916777313, 2526182.877639855723828 ], [ 2381252.888407312799245, 2526182.877639855723828 ], [ 2381429.037274745292962, 2526138.840527631342411 ], [ 2381517.11124967597425, 2526843.444416741840541 ], [ 2381605.186142177321017, 2526799.406386924441904 ], [ 2381649.223129642661661, 2526931.520476375706494 ], [ 2381649.223129642661661, 2526975.557588600087911 ], [ 2381561.149154712446034, 2526975.557588600087911 ], [ 2381561.149154712446034, 2527107.671678051352501 ], [ 2381605.186142177321017, 2527504.011193627491593 ], [ 2381649.223129642661661, 2527768.238454937469214 ], [ 2381605.186142177321017, 2527768.238454937469214 ], [ 2380812.516697517596185, 2527900.351626795716584 ], [ 2380856.554602554067969, 2528208.616000330075622 ], [ 2381032.702552415430546, 2528913.220807033125311 ], [ 2381076.73953988077119, 2529221.485180567484349 ], [ 2381120.777444916777313, 2529485.711524284444749 ], [ 2381164.814432382117957, 2529617.82469614315778 ], [ 2381164.814432382117957, 2529705.900755777489394 ], [ 2381164.814432382117957, 2529838.013927636202425 ], [ 2380636.368747656233609, 2529838.013927636202425 ], [ 2380240.034025326371193, 2529838.013927636202425 ], [ 2379535.43947316845879, 2529882.051957453135401 ], [ 2379227.179643339943141, 2529882.051957453135401 ], [ 2379139.104750838596374, 2529882.051957453135401 ], [ 2379095.06776337325573, 2529882.051957453135401 ], [ 2378874.881908475421369, 2529926.089069677516818 ], [ 2378214.32434378284961, 2530014.165129311848432 ], [ 2378170.287356317508966, 2530014.165129311848432 ], [ 2377817.990539023652673, 2530058.203159128781408 ], [ 2377817.990539023652673, 2530014.165129311848432 ], [ 2377862.027526488993317, 2530014.165129311848432 ], [ 2377862.027526488993317, 2529926.089069677516818 ], [ 2377906.064513954333961, 2529882.051957453135401 ], [ 2377906.064513954333961, 2529838.013927636202425 ], [ 2377906.064513954333961, 2529793.975897818803787 ], [ 2377906.064513954333961, 2529749.93878559442237 ], [ 2377862.027526488993317, 2529705.900755777489394 ], [ 2377862.027526488993317, 2529661.862725960556418 ], [ 2377862.027526488993317, 2529617.82469614315778 ], [ 2377862.027526488993317, 2529573.787583918776363 ], [ 2377906.064513954333961, 2529485.711524284444749 ], [ 2377906.064513954333961, 2529441.673494467511773 ], [ 2377906.064513954333961, 2529397.636382243130356 ], [ 2377906.064513954333961, 2529309.560322608798742 ], [ 2377906.064513954333961, 2529265.522292791865766 ], [ 2377906.064513954333961, 2529221.485180567484349 ], [ 2377862.027526488993317, 2529221.485180567484349 ], [ 2377817.990539023652673, 2529177.447150750085711 ], [ 2377773.952633987180889, 2529133.409120933152735 ], [ 2377773.952633987180889, 2529089.372008708771318 ], [ 2377729.915646522305906, 2529089.372008708771318 ], [ 2377685.878659056965262, 2529001.295949074439704 ], [ 2377641.841671591624618, 2528913.220807033125311 ], [ 2377597.804684126283973, 2528869.182777216192335 ], [ 2377597.804684126283973, 2528825.144747398793697 ], [ 2377553.767696660943329, 2528737.069605357479304 ], [ 2377553.767696660943329, 2528693.031575540080667 ], [ 2377553.767696660943329, 2528648.99354572314769 ], [ 2377553.767696660943329, 2528560.918403681833297 ], [ 2377553.767696660943329, 2528516.880373864434659 ], [ 2377509.729791624471545, 2528428.805231823120266 ], [ 2374030.794935869984329, 2528913.220807033125311 ], [ 2373986.757030833512545, 2528913.220807033125311 ], [ 2373678.497201005462557, 2528957.257919257506728 ], [ 2373150.051516279578209, 2529045.333978891838342 ], [ 2372621.605831553693861, 2529133.409120933152735 ], [ 2372577.567926517222077, 2529001.295949074439704 ], [ 2372533.530939051881433, 2528825.144747398793697 ], [ 2372489.493951586540788, 2528648.99354572314769 ], [ 2372445.456964121200144, 2528472.842344047501683 ], [ 2372401.4199766558595, 2528296.691142371855676 ], [ 2372313.345084154512733, 2528120.539940696209669 ], [ 2372269.308096689172089, 2527988.426768837496638 ], [ 2372225.271109223831445, 2527812.275567161850631 ], [ 2372181.234121758490801, 2527680.1623953031376 ], [ 2372137.197134293150157, 2527680.1623953031376 ], [ 2372093.159229256678373, 2527724.200425120070577 ], [ 2372005.085254325997084, 2527724.200425120070577 ], [ 2371961.04826686065644, 2527768.238454937469214 ], [ 2371917.011279395315796, 2527768.238454937469214 ], [ 2371872.973374359309673, 2527768.238454937469214 ], [ 2371872.973374359309673, 2527812.275567161850631 ], [ 2371828.936386893969029, 2527812.275567161850631 ], [ 2371784.899399428628385, 2527812.275567161850631 ], [ 2371784.899399428628385, 2527768.238454937469214 ], [ 2371740.862411963287741, 2527724.200425120070577 ], [ 2371696.825424497947097, 2527724.200425120070577 ], [ 2371652.788437032606453, 2527724.200425120070577 ], [ 2371212.416727237403393, 2527768.238454937469214 ], [ 2371212.416727237403393, 2527812.275567161850631 ], [ 2371168.378822200931609, 2527812.275567161850631 ], [ 2371080.30484727025032, 2527812.275567161850631 ], [ 2371036.267859804909676, 2527856.313596978783607 ], [ 2370948.193884874228388, 2527856.313596978783607 ], [ 2370860.118992372881621, 2527856.313596978783607 ], [ 2370816.082004907540977, 2527856.313596978783607 ], [ 2370772.045017442200333, 2527856.313596978783607 ], [ 2370728.008029976859689, 2527856.313596978783607 ], [ 2370639.933137475047261, 2527900.351626795716584 ], [ 2370595.896150009706616, 2527900.351626795716584 ], [ 2370551.859162544365972, 2527900.351626795716584 ], [ 2370419.747282577678561, 2527636.124365485738963 ], [ 2370419.747282577678561, 2527592.087253261823207 ], [ 2370375.710295112337917, 2527548.04922344442457 ], [ 2370375.710295112337917, 2527592.087253261823207 ], [ 2370331.673307646997273, 2527592.087253261823207 ], [ 2370111.487452749162912, 2527636.124365485738963 ], [ 2370111.487452749162912, 2527724.200425120070577 ], [ 2369627.078755488619208, 2527812.275567161850631 ], [ 2369583.041768023278564, 2527812.275567161850631 ], [ 2368922.484203330706805, 2527768.238454937469214 ], [ 2368878.447215865366161, 2527768.238454937469214 ], [ 2368878.447215865366161, 2527724.200425120070577 ], [ 2368834.410228400025517, 2527724.200425120070577 ], [ 2368790.372323363553733, 2527724.200425120070577 ], [ 2368746.335335898213089, 2527724.200425120070577 ], [ 2368702.298348432872444, 2527724.200425120070577 ], [ 2368658.2613609675318, 2527724.200425120070577 ], [ 2368570.186468465719372, 2527768.238454937469214 ], [ 2368482.112493535038084, 2527724.200425120070577 ], [ 2368438.07550606969744, 2527724.200425120070577 ], [ 2368394.038518604822457, 2527768.238454937469214 ], [ 2368350.000613568350673, 2527768.238454937469214 ], [ 2368261.926638637669384, 2527724.200425120070577 ], [ 2368217.88965117232874, 2527724.200425120070577 ], [ 2368129.815676241647452, 2527724.200425120070577 ], [ 2368041.740783739835024, 2527724.200425120070577 ], [ 2367997.70379627449438, 2527724.200425120070577 ], [ 2367953.666808809153736, 2527724.200425120070577 ], [ 2367909.629821344278753, 2527724.200425120070577 ], [ 2367821.554928842466325, 2527724.200425120070577 ], [ 2367777.51794137712568, 2527724.200425120070577 ], [ 2367733.480953911785036, 2527724.200425120070577 ], [ 2367689.443966446444392, 2527724.200425120070577 ], [ 2367601.369073944631964, 2527724.200425120070577 ], [ 2367557.33208647929132, 2527724.200425120070577 ], [ 2367469.258111548610032, 2527768.238454937469214 ], [ 2367425.221124083735049, 2527768.238454937469214 ], [ 2367381.183219047263265, 2527724.200425120070577 ], [ 2367337.146231581922621, 2527724.200425120070577 ], [ 2367293.109244116581976, 2527724.200425120070577 ], [ 2367249.072256651241332, 2527724.200425120070577 ], [ 2367160.997364149428904, 2527724.200425120070577 ], [ 2367116.96037668408826, 2527724.200425120070577 ], [ 2367028.886401753406972, 2527724.200425120070577 ], [ 2366940.812426823191345, 2527724.200425120070577 ], [ 2366896.774521786719561, 2527724.200425120070577 ], [ 2366852.737534321378917, 2527724.200425120070577 ], [ 2366764.663559390697628, 2527680.1623953031376 ], [ 2366720.626571925356984, 2527680.1623953031376 ], [ 2366632.551679423544556, 2527680.1623953031376 ], [ 2366544.477704492863268, 2527680.1623953031376 ], [ 2366500.440717027522624, 2527680.1623953031376 ], [ 2366368.328837060835212, 2527680.1623953031376 ], [ 2366324.291849595494568, 2527724.200425120070577 ], [ 2366236.21787466481328, 2527724.200425120070577 ], [ 2366148.142982163000852, 2527724.200425120070577 ], [ 2366104.105994697660208, 2527680.1623953031376 ], [ 2366060.069007232319564, 2527724.200425120070577 ], [ 2365971.994114730972797, 2527680.1623953031376 ], [ 2365927.957127265632153, 2527680.1623953031376 ], [ 2365839.883152334950864, 2527724.200425120070577 ], [ 2365795.84616486961022, 2527724.200425120070577 ], [ 2365707.771272367797792, 2527680.1623953031376 ], [ 2365663.734284902457148, 2527724.200425120070577 ], [ 2365663.734284902457148, 2527195.746820093132555 ], [ 2365663.734284902457148, 2527107.671678051352501 ], [ 2365663.734284902457148, 2526843.444416741840541 ], [ 2365663.734284902457148, 2526799.406386924441904 ], [ 2365663.734284902457148, 2526755.369274700060487 ], [ 2365663.734284902457148, 2526667.293215065728873 ], [ 2365663.734284902457148, 2526579.21807302441448 ], [ 2365663.734284902457148, 2526535.180043207481503 ], [ 2365663.734284902457148, 2526447.104901165701449 ], [ 2365663.734284902457148, 2526403.066871348768473 ], [ 2365663.734284902457148, 2526314.990811714436859 ], [ 2365663.734284902457148, 2526226.915669673122466 ], [ 2365663.734284902457148, 2526182.877639855723828 ], [ 2365663.734284902457148, 2526050.764467997476459 ], [ 2365091.251612711232156, 2526050.764467997476459 ], [ 2365047.213707675226033, 2526050.764467997476459 ], [ 2365003.176720209885389, 2526050.764467997476459 ], [ 2364959.139732744544744, 2526050.764467997476459 ], [ 2364871.065757813863456, 2526050.764467997476459 ], [ 2364827.028770348522812, 2526050.764467997476459 ], [ 2364738.953877846710384, 2526050.764467997476459 ], [ 2364650.879902916029096, 2526050.764467997476459 ], [ 2364606.842915450688452, 2526050.764467997476459 ], [ 2364562.805010414682329, 2526050.764467997476459 ], [ 2364518.768022949341685, 2526050.764467997476459 ], [ 2364474.73103548400104, 2526050.764467997476459 ], [ 2364430.694048018660396, 2526050.764467997476459 ], [ 2364298.582168051507324, 2526050.764467997476459 ], [ 2364210.508193120826036, 2526050.764467997476459 ], [ 2364034.359325688797981, 2526050.764467997476459 ], [ 2363946.285350758116692, 2526050.764467997476459 ], [ 2363770.136483325622976, 2526050.764467997476459 ], [ 2363329.764773530419916, 2526006.726438180077821 ], [ 2363153.615906097926199, 2526006.726438180077821 ], [ 2363109.578918633051217, 2526006.726438180077821 ], [ 2363065.541931167710572, 2526006.726438180077821 ], [ 2362977.467956237029284, 2526006.726438180077821 ], [ 2362889.393063735216856, 2526006.726438180077821 ], [ 2362845.356076269876212, 2526050.764467997476459 ], [ 2362845.356076269876212, 2526006.726438180077821 ], [ 2362801.319088804535568, 2526006.726438180077821 ], [ 2362801.319088804535568, 2526050.764467997476459 ], [ 2362801.319088804535568, 2526094.802497814409435 ], [ 2362801.319088804535568, 2526138.840527631342411 ], [ 2362845.356076269876212, 2526138.840527631342411 ], [ 2362845.356076269876212, 2526182.877639855723828 ], [ 2362845.356076269876212, 2526226.915669673122466 ], [ 2362845.356076269876212, 2526270.953699490055442 ], [ 2362845.356076269876212, 2526314.990811714436859 ], [ 2362845.356076269876212, 2526359.028841531369835 ], [ 2362845.356076269876212, 2526403.066871348768473 ], [ 2362801.319088804535568, 2526403.066871348768473 ], [ 2362801.319088804535568, 2526447.104901165701449 ], [ 2362801.319088804535568, 2526491.142013390082866 ], [ 2362757.282101339194924, 2526491.142013390082866 ], [ 2362757.282101339194924, 2526535.180043207481503 ], [ 2362713.24511387385428, 2526535.180043207481503 ], [ 2362713.24511387385428, 2526579.21807302441448 ], [ 2362713.24511387385428, 2526623.256102841347456 ], [ 2362757.282101339194924, 2526623.256102841347456 ], [ 2362757.282101339194924, 2526667.293215065728873 ], [ 2362757.282101339194924, 2526711.331244883127511 ], [ 2362757.282101339194924, 2526755.369274700060487 ], [ 2362757.282101339194924, 2526799.406386924441904 ], [ 2362713.24511387385428, 2526799.406386924441904 ], [ 2362713.24511387385428, 2526843.444416741840541 ], [ 2362669.207208837382495, 2526843.444416741840541 ], [ 2362625.170221372041851, 2526887.482446558773518 ], [ 2362581.133233907166868, 2526887.482446558773518 ], [ 2362537.096246441826224, 2526887.482446558773518 ], [ 2362537.096246441826224, 2526843.444416741840541 ], [ 2362493.05925897648558, 2526843.444416741840541 ], [ 2362493.05925897648558, 2526887.482446558773518 ], [ 2362493.05925897648558, 2526931.520476375706494 ], [ 2362493.05925897648558, 2526975.557588600087911 ], [ 2362493.05925897648558, 2527019.595618417486548 ], [ 2362449.021353940013796, 2527019.595618417486548 ], [ 2362449.021353940013796, 2527063.633648234419525 ], [ 2362449.021353940013796, 2527107.671678051352501 ], [ 2362449.021353940013796, 2527151.708790275733918 ], [ 2362493.05925897648558, 2527151.708790275733918 ], [ 2362449.021353940013796, 2527151.708790275733918 ], [ 2362493.05925897648558, 2527195.746820093132555 ], [ 2362537.096246441826224, 2527195.746820093132555 ], [ 2362581.133233907166868, 2527239.784849910065532 ], [ 2362581.133233907166868, 2527283.822879727464169 ], [ 2362581.133233907166868, 2527327.859991951845586 ], [ 2362581.133233907166868, 2527371.898021768778563 ], [ 2362625.170221372041851, 2527371.898021768778563 ], [ 2362669.207208837382495, 2527371.898021768778563 ], [ 2362713.24511387385428, 2527415.936051585711539 ], [ 2362757.282101339194924, 2527415.936051585711539 ], [ 2362757.282101339194924, 2527459.973163810092956 ], [ 2362757.282101339194924, 2527504.011193627491593 ], [ 2362757.282101339194924, 2527548.04922344442457 ], [ 2362757.282101339194924, 2527592.087253261823207 ], [ 2362757.282101339194924, 2527636.124365485738963 ], [ 2362757.282101339194924, 2527680.1623953031376 ], [ 2362801.319088804535568, 2527680.1623953031376 ], [ 2362845.356076269876212, 2527680.1623953031376 ], [ 2362845.356076269876212, 2527724.200425120070577 ], [ 2362889.393063735216856, 2527724.200425120070577 ], [ 2362889.393063735216856, 2527768.238454937469214 ], [ 2362933.43096877168864, 2527768.238454937469214 ], [ 2362977.467956237029284, 2527768.238454937469214 ], [ 2362977.467956237029284, 2527812.275567161850631 ], [ 2362977.467956237029284, 2527856.313596978783607 ], [ 2363021.504943702369928, 2527856.313596978783607 ], [ 2363021.504943702369928, 2527900.351626795716584 ], [ 2363065.541931167710572, 2527900.351626795716584 ], [ 2363065.541931167710572, 2527944.389656613115221 ], [ 2363021.504943702369928, 2527944.389656613115221 ], [ 2362977.467956237029284, 2527944.389656613115221 ], [ 2362977.467956237029284, 2527988.426768837496638 ], [ 2362933.43096877168864, 2527988.426768837496638 ], [ 2362889.393063735216856, 2527988.426768837496638 ], [ 2362889.393063735216856, 2528032.464798654429615 ], [ 2362845.356076269876212, 2528032.464798654429615 ], [ 2362845.356076269876212, 2528076.502828471828252 ], [ 2362801.319088804535568, 2528076.502828471828252 ], [ 2362801.319088804535568, 2528120.539940696209669 ], [ 2362845.356076269876212, 2528164.577970513142645 ], [ 2362845.356076269876212, 2528208.616000330075622 ], [ 2362801.319088804535568, 2528208.616000330075622 ], [ 2362801.319088804535568, 2528252.654030147474259 ], [ 2362757.282101339194924, 2528252.654030147474259 ], [ 2362713.24511387385428, 2528296.691142371855676 ], [ 2362713.24511387385428, 2528340.729172188788652 ], [ 2362757.282101339194924, 2528340.729172188788652 ], [ 2362757.282101339194924, 2528384.76720200618729 ], [ 2362713.24511387385428, 2528384.76720200618729 ], [ 2362669.207208837382495, 2528384.76720200618729 ], [ 2362625.170221372041851, 2528384.76720200618729 ], [ 2362581.133233907166868, 2528384.76720200618729 ], [ 2362581.133233907166868, 2528428.805231823120266 ], [ 2362625.170221372041851, 2528428.805231823120266 ], [ 2362625.170221372041851, 2528472.842344047501683 ], [ 2362669.207208837382495, 2528472.842344047501683 ], [ 2362669.207208837382495, 2528516.880373864434659 ], [ 2362669.207208837382495, 2528560.918403681833297 ], [ 2362625.170221372041851, 2528560.918403681833297 ], [ 2362581.133233907166868, 2528560.918403681833297 ], [ 2362537.096246441826224, 2528516.880373864434659 ], [ 2362537.096246441826224, 2528560.918403681833297 ], [ 2362537.096246441826224, 2528604.955515906214714 ], [ 2362581.133233907166868, 2528648.99354572314769 ], [ 2362625.170221372041851, 2528648.99354572314769 ], [ 2362625.170221372041851, 2528693.031575540080667 ], [ 2362669.207208837382495, 2528693.031575540080667 ], [ 2362669.207208837382495, 2528737.069605357479304 ], [ 2362669.207208837382495, 2528781.106717581860721 ], [ 2362669.207208837382495, 2528825.144747398793697 ], [ 2362713.24511387385428, 2528825.144747398793697 ], [ 2362713.24511387385428, 2528869.182777216192335 ], [ 2362713.24511387385428, 2528913.220807033125311 ], [ 2362713.24511387385428, 2528957.257919257506728 ], [ 2362713.24511387385428, 2529001.295949074439704 ], [ 2362757.282101339194924, 2529001.295949074439704 ], [ 2362757.282101339194924, 2529045.333978891838342 ], [ 2362801.319088804535568, 2529045.333978891838342 ], [ 2362845.356076269876212, 2529045.333978891838342 ], [ 2362845.356076269876212, 2529089.372008708771318 ], [ 2362889.393063735216856, 2529089.372008708771318 ], [ 2362933.43096877168864, 2529089.372008708771318 ], [ 2362977.467956237029284, 2529089.372008708771318 ], [ 2363021.504943702369928, 2529089.372008708771318 ], [ 2363021.504943702369928, 2529133.409120933152735 ], [ 2363021.504943702369928, 2529177.447150750085711 ], [ 2363021.504943702369928, 2529221.485180567484349 ], [ 2363021.504943702369928, 2529265.522292791865766 ], [ 2363021.504943702369928, 2529309.560322608798742 ], [ 2363065.541931167710572, 2529309.560322608798742 ], [ 2363065.541931167710572, 2529353.59835242619738 ], [ 2363065.541931167710572, 2529397.636382243130356 ], [ 2363109.578918633051217, 2529397.636382243130356 ], [ 2363109.578918633051217, 2529441.673494467511773 ], [ 2363153.615906097926199, 2529441.673494467511773 ], [ 2363153.615906097926199, 2529485.711524284444749 ], [ 2363197.653811134397984, 2529485.711524284444749 ], [ 2363241.690798599738628, 2529485.711524284444749 ], [ 2363285.727786065079272, 2529485.711524284444749 ], [ 2363285.727786065079272, 2529529.749554101843387 ], [ 2363329.764773530419916, 2529529.749554101843387 ], [ 2363329.764773530419916, 2529573.787583918776363 ], [ 2363373.80176099576056, 2529573.787583918776363 ], [ 2363373.80176099576056, 2529617.82469614315778 ], [ 2363417.839666032232344, 2529617.82469614315778 ], [ 2363417.839666032232344, 2529661.862725960556418 ], [ 2363373.80176099576056, 2529705.900755777489394 ], [ 2363373.80176099576056, 2529749.93878559442237 ], [ 2363329.764773530419916, 2529793.975897818803787 ], [ 2363285.727786065079272, 2529793.975897818803787 ], [ 2363285.727786065079272, 2529749.93878559442237 ], [ 2363241.690798599738628, 2529749.93878559442237 ], [ 2363197.653811134397984, 2529749.93878559442237 ], [ 2363197.653811134397984, 2529793.975897818803787 ], [ 2363197.653811134397984, 2529838.013927636202425 ], [ 2363241.690798599738628, 2529838.013927636202425 ], [ 2363241.690798599738628, 2529882.051957453135401 ], [ 2363285.727786065079272, 2529882.051957453135401 ], [ 2363285.727786065079272, 2529926.089069677516818 ], [ 2363285.727786065079272, 2529970.127099494449794 ], [ 2363329.764773530419916, 2529926.089069677516818 ], [ 2363373.80176099576056, 2529926.089069677516818 ], [ 2363417.839666032232344, 2529926.089069677516818 ], [ 2363417.839666032232344, 2529970.127099494449794 ], [ 2363417.839666032232344, 2530014.165129311848432 ], [ 2363461.876653497572988, 2530014.165129311848432 ], [ 2363461.876653497572988, 2530058.203159128781408 ], [ 2363505.913640962913632, 2530058.203159128781408 ], [ 2363505.913640962913632, 2530014.165129311848432 ], [ 2363549.950628428254277, 2530014.165129311848432 ], [ 2363549.950628428254277, 2530058.203159128781408 ], [ 2363593.987615893594921, 2530058.203159128781408 ], [ 2363593.987615893594921, 2530102.240271353162825 ], [ 2363593.987615893594921, 2530146.278301170561463 ], [ 2363593.987615893594921, 2530190.316330987494439 ], [ 2363638.025520929601043, 2530190.316330987494439 ], [ 2363682.062508394941688, 2530234.354360804427415 ], [ 2363682.062508394941688, 2530278.391473028808832 ], [ 2363682.062508394941688, 2530322.42950284620747 ], [ 2363682.062508394941688, 2530366.467532663140446 ], [ 2363638.025520929601043, 2530366.467532663140446 ], [ 2363638.025520929601043, 2530410.504644887521863 ], [ 2363638.025520929601043, 2530454.542674704454839 ], [ 2363638.025520929601043, 2530498.580704521853477 ], [ 2363682.062508394941688, 2530498.580704521853477 ], [ 2363682.062508394941688, 2530542.618734338786453 ], [ 2363682.062508394941688, 2530586.65584656316787 ], [ 2363682.062508394941688, 2530630.693876380566508 ], [ 2363726.099495860282332, 2530630.693876380566508 ], [ 2363770.136483325622976, 2530586.65584656316787 ], [ 2363814.17347079096362, 2530586.65584656316787 ], [ 2363814.17347079096362, 2530630.693876380566508 ], [ 2363858.210458256304264, 2530630.693876380566508 ], [ 2363814.17347079096362, 2530630.693876380566508 ], [ 2363814.17347079096362, 2530674.731906197499484 ], [ 2363814.17347079096362, 2530718.76993601443246 ], [ 2363814.17347079096362, 2530762.807048238813877 ], [ 2363814.17347079096362, 2530806.845078056212515 ], [ 2363770.136483325622976, 2530850.883107873145491 ], [ 2363770.136483325622976, 2530894.921137690544128 ], [ 2363726.099495860282332, 2530894.921137690544128 ], [ 2363726.099495860282332, 2530938.958249914925545 ], [ 2363770.136483325622976, 2530982.996279731858522 ], [ 2363814.17347079096362, 2530982.996279731858522 ], [ 2363814.17347079096362, 2531027.034309548791498 ], [ 2363858.210458256304264, 2531027.034309548791498 ], [ 2363902.248363292776048, 2531027.034309548791498 ], [ 2363946.285350758116692, 2531027.034309548791498 ], [ 2363990.322338223457336, 2531027.034309548791498 ], [ 2363990.322338223457336, 2531071.071421773172915 ], [ 2364034.359325688797981, 2531071.071421773172915 ], [ 2364078.396313154138625, 2531071.071421773172915 ], [ 2364122.434218190144747, 2531071.071421773172915 ], [ 2364166.471205655485392, 2531071.071421773172915 ], [ 2364166.471205655485392, 2531115.109451590571553 ], [ 2364166.471205655485392, 2531159.147481407504529 ], [ 2364166.471205655485392, 2531203.185511224903166 ], [ 2364210.508193120826036, 2531203.185511224903166 ], [ 2364254.54518058616668, 2531203.185511224903166 ], [ 2364254.54518058616668, 2531247.222623448818922 ], [ 2364298.582168051507324, 2531247.222623448818922 ], [ 2364342.619155516847968, 2531247.222623448818922 ], [ 2364342.619155516847968, 2531291.26065326621756 ], [ 2364342.619155516847968, 2531335.298683083150536 ], [ 2364386.657060553319752, 2531335.298683083150536 ], [ 2364430.694048018660396, 2531335.298683083150536 ], [ 2364430.694048018660396, 2531379.336712900549173 ], [ 2364474.73103548400104, 2531379.336712900549173 ], [ 2364518.768022949341685, 2531423.37382512493059 ], [ 2364562.805010414682329, 2531423.37382512493059 ], [ 2364562.805010414682329, 2531467.411854941863567 ], [ 2364562.805010414682329, 2531511.449884758796543 ], [ 2364562.805010414682329, 2531555.48791457619518 ], [ 2364606.842915450688452, 2531555.48791457619518 ], [ 2364606.842915450688452, 2531599.525026800576597 ], [ 2364650.879902916029096, 2531599.525026800576597 ], [ 2364650.879902916029096, 2531643.563056617509574 ], [ 2364694.91689038136974, 2531643.563056617509574 ], [ 2364694.91689038136974, 2531687.601086434908211 ], [ 2364738.953877846710384, 2531687.601086434908211 ], [ 2364782.990865312051028, 2531687.601086434908211 ], [ 2364782.990865312051028, 2531731.638198659289628 ], [ 2364827.028770348522812, 2531731.638198659289628 ], [ 2364871.065757813863456, 2531731.638198659289628 ], [ 2364871.065757813863456, 2531775.676228476222605 ], [ 2364915.1027452792041, 2531775.676228476222605 ], [ 2364915.1027452792041, 2531819.714258293155581 ], [ 2364871.065757813863456, 2531819.714258293155581 ], [ 2364871.065757813863456, 2531863.752288110554218 ], [ 2364827.028770348522812, 2531907.789400334935635 ], [ 2364827.028770348522812, 2531951.827430151868612 ], [ 2364827.028770348522812, 2531995.865459968801588 ], [ 2364871.065757813863456, 2531995.865459968801588 ], [ 2364871.065757813863456, 2532039.903489786200225 ], [ 2364871.065757813863456, 2532083.940602010581642 ], [ 2364871.065757813863456, 2532127.978631827514619 ], [ 2364871.065757813863456, 2532172.016661644913256 ], [ 2364827.028770348522812, 2532172.016661644913256 ], [ 2364827.028770348522812, 2532216.053773869294673 ], [ 2364782.990865312051028, 2532216.053773869294673 ], [ 2364827.028770348522812, 2532216.053773869294673 ], [ 2364782.990865312051028, 2532216.053773869294673 ], [ 2364827.028770348522812, 2532260.091803686227649 ], [ 2364782.990865312051028, 2532260.091803686227649 ], [ 2364827.028770348522812, 2532260.091803686227649 ], [ 2364827.028770348522812, 2532304.129833503160626 ], [ 2364827.028770348522812, 2532348.167863320559263 ], [ 2364871.065757813863456, 2532348.167863320559263 ], [ 2364871.065757813863456, 2532392.20497554494068 ], [ 2364871.065757813863456, 2532436.243005361873657 ], [ 2364871.065757813863456, 2532480.281035179272294 ], [ 2364871.065757813863456, 2532524.31906499620527 ], [ 2364871.065757813863456, 2532568.356177220586687 ], [ 2364871.065757813863456, 2532612.394207037519664 ], [ 2364915.1027452792041, 2532612.394207037519664 ], [ 2364915.1027452792041, 2532656.432236854918301 ], [ 2364959.139732744544744, 2532656.432236854918301 ], [ 2365003.176720209885389, 2532656.432236854918301 ], [ 2365047.213707675226033, 2532656.432236854918301 ], [ 2365047.213707675226033, 2532700.470266671851277 ], [ 2365047.213707675226033, 2532744.507378896232694 ], [ 2365047.213707675226033, 2532788.545408713165671 ], [ 2365003.176720209885389, 2532788.545408713165671 ], [ 2365003.176720209885389, 2532832.583438530564308 ], [ 2365003.176720209885389, 2532876.620550754945725 ], [ 2365047.213707675226033, 2532876.620550754945725 ], [ 2365047.213707675226033, 2532920.658580571878701 ], [ 2365091.251612711232156, 2532920.658580571878701 ], [ 2365091.251612711232156, 2532964.696610389277339 ], [ 2365091.251612711232156, 2533008.734640206210315 ], [ 2365047.213707675226033, 2533008.734640206210315 ], [ 2365047.213707675226033, 2533052.771752430591732 ], [ 2365003.176720209885389, 2533052.771752430591732 ], [ 2365003.176720209885389, 2533096.809782247524709 ], [ 2364959.139732744544744, 2533096.809782247524709 ], [ 2364959.139732744544744, 2533140.847812064923346 ], [ 2364959.139732744544744, 2533184.885841881856322 ], [ 2365003.176720209885389, 2533184.885841881856322 ], [ 2365047.213707675226033, 2533184.885841881856322 ], [ 2365091.251612711232156, 2533184.885841881856322 ], [ 2365135.2886001765728, 2533184.885841881856322 ], [ 2365135.2886001765728, 2533140.847812064923346 ], [ 2365135.2886001765728, 2533184.885841881856322 ], [ 2365135.2886001765728, 2533228.922954106237739 ], [ 2365135.2886001765728, 2533272.960983923636377 ], [ 2365179.325587641913444, 2533272.960983923636377 ], [ 2365179.325587641913444, 2533316.999013740569353 ], [ 2365223.362575107254088, 2533316.999013740569353 ], [ 2365223.362575107254088, 2533361.037043557502329 ], [ 2365267.399562572594732, 2533405.074155781883746 ], [ 2365267.399562572594732, 2533449.112185599282384 ], [ 2365223.362575107254088, 2533493.15021541621536 ], [ 2365267.399562572594732, 2533493.15021541621536 ], [ 2365267.399562572594732, 2533537.187327640596777 ], [ 2365311.437467609066516, 2533537.187327640596777 ], [ 2365355.47445507440716, 2533537.187327640596777 ], [ 2365399.511442539747804, 2533537.187327640596777 ], [ 2365399.511442539747804, 2533581.225357457529753 ], [ 2365443.548430005088449, 2533581.225357457529753 ], [ 2365443.548430005088449, 2533625.263387274928391 ], [ 2365487.585417470429093, 2533625.263387274928391 ], [ 2365531.623322506435215, 2533625.263387274928391 ], [ 2365575.66030997177586, 2533625.263387274928391 ], [ 2365575.66030997177586, 2533581.225357457529753 ], [ 2365619.697297437116504, 2533581.225357457529753 ], [ 2365663.734284902457148, 2533581.225357457529753 ], [ 2365663.734284902457148, 2533625.263387274928391 ], [ 2365663.734284902457148, 2533669.301417091861367 ], [ 2365663.734284902457148, 2533713.338529316242784 ], [ 2365663.734284902457148, 2533757.376559133641422 ], [ 2365663.734284902457148, 2533801.414588950574398 ], [ 2365663.734284902457148, 2533845.452618767507374 ], [ 2365663.734284902457148, 2533889.489730991888791 ], [ 2365663.734284902457148, 2533933.527760809287429 ], [ 2365619.697297437116504, 2533933.527760809287429 ], [ 2365619.697297437116504, 2533977.565790626220405 ], [ 2365663.734284902457148, 2533977.565790626220405 ], [ 2365663.734284902457148, 2534021.602902850601822 ], [ 2365707.771272367797792, 2534021.602902850601822 ], [ 2365707.771272367797792, 2534065.640932667534798 ], [ 2365707.771272367797792, 2534109.678962484933436 ] ] } },
{ "type": "Feature", "properties": { }, "geometry": { "type": "LineString", "coordinates": [ [ 2365707.771272367797792, 2534109.678962484933436 ], [ 2365707.771272367797792, 2534153.716992301866412 ], [ 2365663.734284902457148, 2534153.716992301866412 ], [ 2365619.697297437116504, 2534153.716992301866412 ], [ 2365575.66030997177586, 2534153.716992301866412 ], [ 2365575.66030997177586, 2534197.754104526247829 ], [ 2365531.623322506435215, 2534197.754104526247829 ], [ 2365487.585417470429093, 2534197.754104526247829 ], [ 2365487.585417470429093, 2534241.792134343646467 ], [ 2365487.585417470429093, 2534285.830164160579443 ], [ 2365487.585417470429093, 2534329.868193977512419 ], [ 2365531.623322506435215, 2534329.868193977512419 ], [ 2365575.66030997177586, 2534373.905306201893836 ], [ 2365619.697297437116504, 2534373.905306201893836 ], [ 2365619.697297437116504, 2534417.943336019292474 ], [ 2365619.697297437116504, 2534461.98136583622545 ], [ 2365619.697297437116504, 2534506.019395653624088 ], [ 2365663.734284902457148, 2534506.019395653624088 ], [ 2365707.771272367797792, 2534506.019395653624088 ], [ 2365707.771272367797792, 2534550.056507878005505 ], [ 2365707.771272367797792, 2534594.094537694938481 ], [ 2365663.734284902457148, 2534594.094537694938481 ], [ 2365663.734284902457148, 2534638.132567511871457 ], [ 2365619.697297437116504, 2534638.132567511871457 ], [ 2365619.697297437116504, 2534682.169679736252874 ], [ 2365619.697297437116504, 2534726.207709553651512 ], [ 2365663.734284902457148, 2534726.207709553651512 ], [ 2365707.771272367797792, 2534726.207709553651512 ], [ 2365707.771272367797792, 2534770.245739370584488 ], [ 2365751.808259833138436, 2534770.245739370584488 ], [ 2365751.808259833138436, 2534814.283769187983125 ], [ 2365795.84616486961022, 2534814.283769187983125 ], [ 2365795.84616486961022, 2534858.320881411898881 ], [ 2365795.84616486961022, 2534902.358911229297519 ], [ 2365795.84616486961022, 2534946.396941046230495 ], [ 2365839.883152334950864, 2534946.396941046230495 ], [ 2365839.883152334950864, 2534990.434970863629133 ], [ 2365883.920139800291508, 2534990.434970863629133 ], [ 2365883.920139800291508, 2534946.396941046230495 ], [ 2365927.957127265632153, 2534946.396941046230495 ], [ 2365971.994114730972797, 2534946.396941046230495 ], [ 2365971.994114730972797, 2534990.434970863629133 ], [ 2366016.03201976697892, 2534990.434970863629133 ], [ 2366016.03201976697892, 2534946.396941046230495 ], [ 2366016.03201976697892, 2534990.434970863629133 ], [ 2366060.069007232319564, 2534990.434970863629133 ], [ 2366060.069007232319564, 2535034.47208308801055 ], [ 2366060.069007232319564, 2535078.510112904943526 ], [ 2366016.03201976697892, 2535078.510112904943526 ], [ 2366016.03201976697892, 2535122.548142721876502 ], [ 2365971.994114730972797, 2535122.548142721876502 ], [ 2365927.957127265632153, 2535122.548142721876502 ], [ 2365927.957127265632153, 2535166.58617253927514 ], [ 2365883.920139800291508, 2535166.58617253927514 ], [ 2365883.920139800291508, 2535210.623284763656557 ], [ 2365927.957127265632153, 2535210.623284763656557 ], [ 2365927.957127265632153, 2535254.661314580589533 ], [ 2365883.920139800291508, 2535254.661314580589533 ], [ 2365883.920139800291508, 2535298.69934439798817 ], [ 2365839.883152334950864, 2535298.69934439798817 ], [ 2365839.883152334950864, 2535342.736456622369587 ], [ 2365883.920139800291508, 2535386.774486439302564 ], [ 2365883.920139800291508, 2535430.81251625623554 ], [ 2365927.957127265632153, 2535430.81251625623554 ], [ 2365971.994114730972797, 2535430.81251625623554 ], [ 2366016.03201976697892, 2535430.81251625623554 ], [ 2366060.069007232319564, 2535430.81251625623554 ], [ 2366060.069007232319564, 2535474.850546073634177 ], [ 2366060.069007232319564, 2535518.887658298015594 ], [ 2366060.069007232319564, 2535562.925688114948571 ], [ 2366016.03201976697892, 2535562.925688114948571 ], [ 2366016.03201976697892, 2535606.963717932347208 ], [ 2366060.069007232319564, 2535651.001747749280185 ], [ 2366060.069007232319564, 2535695.038859973661602 ], [ 2366016.03201976697892, 2535695.038859973661602 ], [ 2365971.994114730972797, 2535695.038859973661602 ], [ 2365971.994114730972797, 2535739.076889790594578 ], [ 2365927.957127265632153, 2535739.076889790594578 ], [ 2365883.920139800291508, 2535739.076889790594578 ], [ 2365927.957127265632153, 2535739.076889790594578 ], [ 2365927.957127265632153, 2535783.114919607993215 ], [ 2365927.957127265632153, 2535827.152031832374632 ], [ 2365971.994114730972797, 2535871.190061649307609 ], [ 2366016.03201976697892, 2535871.190061649307609 ], [ 2366060.069007232319564, 2535871.190061649307609 ], [ 2366060.069007232319564, 2535915.228091466240585 ], [ 2366104.105994697660208, 2535915.228091466240585 ], [ 2366104.105994697660208, 2535959.266121283639222 ], [ 2366104.105994697660208, 2536003.303233508020639 ], [ 2366104.105994697660208, 2536047.341263324953616 ], [ 2366148.142982163000852, 2536047.341263324953616 ], [ 2366148.142982163000852, 2536091.379293142352253 ], [ 2366148.142982163000852, 2536135.417322959285229 ], [ 2366148.142982163000852, 2536179.454435183666646 ], [ 2366148.142982163000852, 2536223.492465000599623 ], [ 2366192.179969628341496, 2536223.492465000599623 ], [ 2366192.179969628341496, 2536267.53049481799826 ], [ 2366192.179969628341496, 2536311.568524634931237 ], [ 2366148.142982163000852, 2536311.568524634931237 ], [ 2366104.105994697660208, 2536311.568524634931237 ], [ 2366104.105994697660208, 2536355.605636859312654 ], [ 2366060.069007232319564, 2536355.605636859312654 ], [ 2366060.069007232319564, 2536399.64366667624563 ], [ 2366016.03201976697892, 2536399.64366667624563 ], [ 2365971.994114730972797, 2536399.64366667624563 ], [ 2365971.994114730972797, 2536443.681696493644267 ], [ 2365971.994114730972797, 2536487.718808718025684 ], [ 2366016.03201976697892, 2536487.718808718025684 ], [ 2366016.03201976697892, 2536531.756838534958661 ], [ 2366060.069007232319564, 2536531.756838534958661 ], [ 2366104.105994697660208, 2536531.756838534958661 ], [ 2366104.105994697660208, 2536575.794868352357298 ], [ 2366060.069007232319564, 2536575.794868352357298 ], [ 2366060.069007232319564, 2536619.832898169290274 ], [ 2366016.03201976697892, 2536619.832898169290274 ] ] } },
{ "type": "Feature", "properties": { }, "geometry": { "type": "LineString", "coordinates": [ [ 2439954.421173767652363, 2466511.681241423822939 ], [ 2439910.384186302311718, 2466511.681241423822939 ], [ 2439822.31021137163043, 2466511.681241423822939 ], [ 2439778.273223906289786, 2466511.681241423822939 ], [ 2439690.198331404477358, 2466555.719271240755916 ], [ 2439514.049463972449303, 2466643.794413282070309 ], [ 2439470.012476507108659, 2466643.794413282070309 ], [ 2439425.975489041768014, 2466687.832443099468946 ], [ 2439381.93850157642737, 2466731.869555323850363 ], [ 2439337.901514111086726, 2466731.869555323850363 ], [ 2439293.863609074614942, 2466819.945614957716316 ], [ 2439249.826621609274298, 2466863.983644775114954 ], [ 2439205.789634143933654, 2466863.983644775114954 ], [ 2439161.75264667859301, 2466908.020756999496371 ], [ 2439117.715659213252366, 2466952.058786816429347 ], [ 2439073.678671748377383, 2466996.096816633827984 ], [ 2438985.603779246564955, 2467128.209988492075354 ], [ 2438897.529804315883666, 2467216.286048126406968 ], [ 2438897.529804315883666, 2467260.323160350788385 ], [ 2438897.529804315883666, 2467304.361190167721361 ], [ 2438897.529804315883666, 2467348.399219985119998 ], [ 2438897.529804315883666, 2467392.436332209501415 ], [ 2438897.529804315883666, 2467436.474362026434392 ], [ 2438941.56679178122431, 2467480.512391843833029 ], [ 2438941.56679178122431, 2467524.550421660766006 ], [ 2438985.603779246564955, 2467524.550421660766006 ], [ 2438985.603779246564955, 2467568.587533885147423 ], [ 2438985.603779246564955, 2467612.625563702080399 ], [ 2438985.603779246564955, 2467656.663593519479036 ], [ 2438985.603779246564955, 2467700.701623336412013 ], [ 2438985.603779246564955, 2467744.73873556079343 ], [ 2439029.640766711905599, 2467744.73873556079343 ], [ 2438985.603779246564955, 2467744.73873556079343 ], [ 2438985.603779246564955, 2467788.776765378192067 ], [ 2438985.603779246564955, 2467832.814795195125043 ], [ 2439029.640766711905599, 2467832.814795195125043 ], [ 2439073.678671748377383, 2467832.814795195125043 ], [ 2439073.678671748377383, 2467876.85282501205802 ], [ 2439117.715659213252366, 2467876.85282501205802 ], [ 2439161.75264667859301, 2467876.85282501205802 ], [ 2439161.75264667859301, 2467920.889937236439437 ], [ 2439205.789634143933654, 2467920.889937236439437 ], [ 2439205.789634143933654, 2467964.927967053838074 ], [ 2439205.789634143933654, 2468008.96599687077105 ], [ 2439249.826621609274298, 2468008.96599687077105 ], [ 2439205.789634143933654, 2468008.96599687077105 ], [ 2439205.789634143933654, 2468053.003109095152467 ], [ 2439205.789634143933654, 2468097.041138912085444 ], [ 2439249.826621609274298, 2468141.079168729484081 ], [ 2439249.826621609274298, 2468185.117198546417058 ], [ 2439205.789634143933654, 2468185.117198546417058 ], [ 2439249.826621609274298, 2468185.117198546417058 ], [ 2439205.789634143933654, 2468185.117198546417058 ], [ 2439249.826621609274298, 2468229.154310770798475 ], [ 2439249.826621609274298, 2468273.192340588197112 ], [ 2439205.789634143933654, 2468273.192340588197112 ], [ 2439205.789634143933654, 2468317.230370405130088 ], [ 2439249.826621609274298, 2468317.230370405130088 ], [ 2439249.826621609274298, 2468361.268400222063065 ], [ 2439249.826621609274298, 2468405.305512446444482 ], [ 2439293.863609074614942, 2468405.305512446444482 ], [ 2439293.863609074614942, 2468449.343542263843119 ], [ 2439337.901514111086726, 2468449.343542263843119 ], [ 2439337.901514111086726, 2468493.381572080776095 ], [ 2439381.93850157642737, 2468493.381572080776095 ], [ 2439381.93850157642737, 2468449.343542263843119 ], [ 2439381.93850157642737, 2468405.305512446444482 ], [ 2439425.975489041768014, 2468405.305512446444482 ], [ 2439425.975489041768014, 2468361.268400222063065 ], [ 2439470.012476507108659, 2468361.268400222063065 ], [ 2439470.012476507108659, 2468317.230370405130088 ], [ 2439470.012476507108659, 2468273.192340588197112 ], [ 2439514.049463972449303, 2468273.192340588197112 ], [ 2439558.087369008921087, 2468273.192340588197112 ], [ 2439602.12435647379607, 2468273.192340588197112 ], [ 2439602.12435647379607, 2468317.230370405130088 ], [ 2439558.087369008921087, 2468317.230370405130088 ], [ 2439558.087369008921087, 2468361.268400222063065 ], [ 2439514.049463972449303, 2468361.268400222063065 ], [ 2439514.049463972449303, 2468405.305512446444482 ], [ 2439514.049463972449303, 2468449.343542263843119 ], [ 2439514.049463972449303, 2468493.381572080776095 ], [ 2439514.049463972449303, 2468537.418684305157512 ], [ 2439514.049463972449303, 2468581.45671412255615 ], [ 2439514.049463972449303, 2468625.494743939489126 ], [ 2439558.087369008921087, 2468625.494743939489126 ], [ 2439558.087369008921087, 2468669.532773756422102 ], [ 2439558.087369008921087, 2468713.569885980803519 ], [ 2439602.12435647379607, 2468713.569885980803519 ], [ 2439602.12435647379607, 2468669.532773756422102 ], [ 2439646.161343939136714, 2468669.532773756422102 ], [ 2439690.198331404477358, 2468669.532773756422102 ], [ 2439690.198331404477358, 2468713.569885980803519 ], [ 2439734.235318869818002, 2468713.569885980803519 ], [ 2439778.273223906289786, 2468713.569885980803519 ], [ 2439778.273223906289786, 2468757.607915798202157 ], [ 2439778.273223906289786, 2468801.645945615135133 ], [ 2439778.273223906289786, 2468845.68397543206811 ], [ 2439778.273223906289786, 2468889.721087656449527 ], [ 2439778.273223906289786, 2468933.759117473848164 ], [ 2439822.31021137163043, 2468933.759117473848164 ], [ 2439778.273223906289786, 2468933.759117473848164 ], [ 2439822.31021137163043, 2468933.759117473848164 ], [ 2439778.273223906289786, 2468933.759117473848164 ], [ 2439822.31021137163043, 2468933.759117473848164 ], [ 2439822.31021137163043, 2468977.79714729078114 ], [ 2439822.31021137163043, 2469021.835177108179778 ], [ 2439822.31021137163043, 2469065.872289332561195 ], [ 2439866.347198836971074, 2469065.872289332561195 ], [ 2439866.347198836971074, 2469109.910319149494171 ], [ 2439822.31021137163043, 2469109.910319149494171 ], [ 2439822.31021137163043, 2469153.948348966427147 ], [ 2439822.31021137163043, 2469197.985461190808564 ], [ 2439778.273223906289786, 2469197.985461190808564 ], [ 2439778.273223906289786, 2469242.023491008207202 ], [ 2439734.235318869818002, 2469242.023491008207202 ], [ 2439734.235318869818002, 2469286.061520825140178 ], [ 2439734.235318869818002, 2469330.099550642538816 ], [ 2439734.235318869818002, 2469374.136662866454571 ], [ 2439690.198331404477358, 2469374.136662866454571 ], [ 2439690.198331404477358, 2469418.174692683853209 ], [ 2439690.198331404477358, 2469462.212722500786185 ], [ 2439690.198331404477358, 2469506.250752318184823 ], [ 2439690.198331404477358, 2469550.28786454256624 ], [ 2439690.198331404477358, 2469594.325894359499216 ], [ 2439690.198331404477358, 2469638.363924176432192 ], [ 2439690.198331404477358, 2469682.40195399383083 ], [ 2439690.198331404477358, 2469726.439066218212247 ], [ 2439690.198331404477358, 2469770.477096035145223 ], [ 2439690.198331404477358, 2469814.515125852543861 ], [ 2439734.235318869818002, 2469814.515125852543861 ], [ 2439734.235318869818002, 2469858.552238076925278 ], [ 2439734.235318869818002, 2469902.590267893858254 ], [ 2439690.198331404477358, 2469902.590267893858254 ], [ 2439734.235318869818002, 2469902.590267893858254 ], [ 2439778.273223906289786, 2469902.590267893858254 ], [ 2439734.235318869818002, 2469902.590267893858254 ], [ 2439734.235318869818002, 2469946.62829771079123 ], [ 2439734.235318869818002, 2469990.666327528189868 ], [ 2439778.273223906289786, 2469990.666327528189868 ], [ 2439734.235318869818002, 2469990.666327528189868 ], [ 2439778.273223906289786, 2469990.666327528189868 ], [ 2439778.273223906289786, 2470034.703439752571285 ], [ 2439734.235318869818002, 2470034.703439752571285 ], [ 2439734.235318869818002, 2470078.741469569504261 ], [ 2439778.273223906289786, 2470078.741469569504261 ], [ 2439822.31021137163043, 2470078.741469569504261 ], [ 2439822.31021137163043, 2470122.779499386437237 ], [ 2439822.31021137163043, 2470078.741469569504261 ], [ 2439866.347198836971074, 2470078.741469569504261 ], [ 2439866.347198836971074, 2470122.779499386437237 ], [ 2439866.347198836971074, 2470166.817529203835875 ], [ 2439822.31021137163043, 2470166.817529203835875 ], [ 2439822.31021137163043, 2470210.854641428217292 ], [ 2439866.347198836971074, 2470210.854641428217292 ], [ 2439822.31021137163043, 2470210.854641428217292 ], [ 2439822.31021137163043, 2470254.892671245150268 ], [ 2439822.31021137163043, 2470298.930701062548906 ], [ 2439866.347198836971074, 2470298.930701062548906 ], [ 2439866.347198836971074, 2470254.892671245150268 ], [ 2439910.384186302311718, 2470254.892671245150268 ], [ 2439910.384186302311718, 2470298.930701062548906 ], [ 2439866.347198836971074, 2470298.930701062548906 ], [ 2439910.384186302311718, 2470298.930701062548906 ], [ 2439910.384186302311718, 2470342.967813286930323 ], [ 2439910.384186302311718, 2470387.005843103863299 ], [ 2439954.421173767652363, 2470387.005843103863299 ], [ 2439954.421173767652363, 2470431.043872920796275 ], [ 2439998.458161232993007, 2470431.043872920796275 ], [ 2439998.458161232993007, 2470475.081902738194913 ], [ 2439998.458161232993007, 2470519.11901496257633 ], [ 2439998.458161232993007, 2470563.157044779509306 ], [ 2439998.458161232993007, 2470607.195074596907943 ], [ 2440042.496066269464791, 2470607.195074596907943 ], [ 2439998.458161232993007, 2470607.195074596907943 ], [ 2439998.458161232993007, 2470651.23310441384092 ], [ 2439954.421173767652363, 2470651.23310441384092 ], [ 2439998.458161232993007, 2470651.23310441384092 ], [ 2439998.458161232993007, 2470695.270216638222337 ], [ 2439998.458161232993007, 2470739.308246455155313 ], [ 2439998.458161232993007, 2470783.346276272553951 ], [ 2439998.458161232993007, 2470827.384306089486927 ], [ 2439998.458161232993007, 2470871.421418313868344 ], [ 2440042.496066269464791, 2470871.421418313868344 ], [ 2440042.496066269464791, 2470915.45944813080132 ], [ 2440042.496066269464791, 2470959.497477948199958 ], [ 2440042.496066269464791, 2471003.534590172581375 ], [ 2440086.533053734339774, 2471003.534590172581375 ], [ 2440086.533053734339774, 2471047.572619989514351 ], [ 2440130.570041199680418, 2471047.572619989514351 ], [ 2440130.570041199680418, 2471091.610649806912988 ], [ 2440130.570041199680418, 2471135.648679623845965 ], [ 2440174.607028665021062, 2471135.648679623845965 ], [ 2440130.570041199680418, 2471135.648679623845965 ], [ 2440130.570041199680418, 2471179.685791848227382 ], [ 2440174.607028665021062, 2471179.685791848227382 ], [ 2440174.607028665021062, 2471223.723821665160358 ], [ 2440218.644016130361706, 2471223.723821665160358 ], [ 2440262.68192116683349, 2471223.723821665160358 ], [ 2440306.718908632174134, 2471267.761851482558995 ], [ 2440306.718908632174134, 2471311.799881299491972 ], [ 2440350.755896097514778, 2471311.799881299491972 ], [ 2440350.755896097514778, 2471355.836993523873389 ], [ 2440350.755896097514778, 2471399.875023341272026 ], [ 2440350.755896097514778, 2471443.913053158205003 ], [ 2440394.792883562855422, 2471443.913053158205003 ], [ 2440394.792883562855422, 2471487.951082975137979 ], [ 2440438.829871028196067, 2471487.951082975137979 ], [ 2440438.829871028196067, 2471443.913053158205003 ], [ 2440482.866858493536711, 2471443.913053158205003 ], [ 2440482.866858493536711, 2471487.951082975137979 ], [ 2440526.904763530008495, 2471487.951082975137979 ], [ 2440570.941750994883478, 2471487.951082975137979 ], [ 2440570.941750994883478, 2471443.913053158205003 ], [ 2440614.978738460224122, 2471443.913053158205003 ], [ 2440614.978738460224122, 2471399.875023341272026 ], [ 2440659.015725925564766, 2471399.875023341272026 ], [ 2440703.05271339090541, 2471399.875023341272026 ], [ 2440703.05271339090541, 2471355.836993523873389 ], [ 2440703.05271339090541, 2471311.799881299491972 ], [ 2440747.090618427377194, 2471311.799881299491972 ], [ 2440747.090618427377194, 2471267.761851482558995 ], [ 2440791.127605892717838, 2471267.761851482558995 ], [ 2440835.164593358058482, 2471267.761851482558995 ], [ 2440879.201580823399127, 2471267.761851482558995 ], [ 2440879.201580823399127, 2471311.799881299491972 ], [ 2440879.201580823399127, 2471355.836993523873389 ], [ 2440879.201580823399127, 2471399.875023341272026 ], [ 2440879.201580823399127, 2471443.913053158205003 ], [ 2440835.164593358058482, 2471443.913053158205003 ], [ 2440835.164593358058482, 2471487.951082975137979 ], [ 2440835.164593358058482, 2471531.988195199519396 ], [ 2440835.164593358058482, 2471576.026225016918033 ], [ 2440835.164593358058482, 2471620.06425483385101 ], [ 2440835.164593358058482, 2471664.101367058232427 ], [ 2440879.201580823399127, 2471664.101367058232427 ], [ 2440923.238568288739771, 2471664.101367058232427 ], [ 2440923.238568288739771, 2471708.139396875165403 ], [ 2440967.276473325211555, 2471708.139396875165403 ], [ 2440967.276473325211555, 2471752.17742669256404 ], [ 2441011.313460790552199, 2471752.17742669256404 ], [ 2441055.350448255892843, 2471752.17742669256404 ], [ 2441011.313460790552199, 2471752.17742669256404 ], [ 2441011.313460790552199, 2471796.215456509497017 ], [ 2441011.313460790552199, 2471840.252568733878434 ], [ 2441011.313460790552199, 2471884.290598551277071 ], [ 2441011.313460790552199, 2471928.328628368210047 ], [ 2441011.313460790552199, 2471972.366658185143024 ], [ 2441011.313460790552199, 2472016.403770409524441 ], [ 2441055.350448255892843, 2472016.403770409524441 ], [ 2441055.350448255892843, 2472060.441800226923078 ], [ 2441011.313460790552199, 2472060.441800226923078 ], [ 2441055.350448255892843, 2472104.479830043856055 ], [ 2441099.387435721233487, 2472104.479830043856055 ], [ 2441099.387435721233487, 2472148.516942268237472 ], [ 2441099.387435721233487, 2472192.554972085170448 ], [ 2441055.350448255892843, 2472192.554972085170448 ], [ 2441055.350448255892843, 2472236.593001902569085 ], [ 2441055.350448255892843, 2472280.631031719502062 ], [ 2441099.387435721233487, 2472280.631031719502062 ], [ 2441143.42442318610847, 2472280.631031719502062 ], [ 2441143.42442318610847, 2472324.668143943883479 ], [ 2441187.461410651449114, 2472324.668143943883479 ], [ 2441187.461410651449114, 2472368.706173761282116 ], [ 2441231.499315687920898, 2472368.706173761282116 ], [ 2441231.499315687920898, 2472412.744203578215092 ], [ 2441275.536303153261542, 2472412.744203578215092 ], [ 2441275.536303153261542, 2472456.782233395148069 ], [ 2441275.536303153261542, 2472500.819345619529486 ], [ 2441231.499315687920898, 2472544.857375436928123 ], [ 2441275.536303153261542, 2472544.857375436928123 ], [ 2441275.536303153261542, 2472588.895405253861099 ], [ 2441275.536303153261542, 2472632.933435071259737 ], [ 2441275.536303153261542, 2472588.895405253861099 ], [ 2441231.499315687920898, 2472588.895405253861099 ], [ 2441231.499315687920898, 2472632.933435071259737 ], [ 2441231.499315687920898, 2472676.970547295641154 ], [ 2441231.499315687920898, 2472721.00857711257413 ], [ 2441275.536303153261542, 2472721.00857711257413 ], [ 2441275.536303153261542, 2472765.046606929507107 ], [ 2441275.536303153261542, 2472809.083719153888524 ], [ 2441275.536303153261542, 2472853.121748971287161 ], [ 2441275.536303153261542, 2472897.159778788220137 ], [ 2441275.536303153261542, 2472941.197808605618775 ], [ 2441319.573290618602186, 2472941.197808605618775 ], [ 2441319.573290618602186, 2472985.234920829534531 ], [ 2441319.573290618602186, 2473029.272950646933168 ], [ 2441319.573290618602186, 2473073.310980463866144 ], [ 2441363.610278083942831, 2473073.310980463866144 ], [ 2441363.610278083942831, 2473117.349010281264782 ], [ 2441363.610278083942831, 2473161.386122505646199 ], [ 2441363.610278083942831, 2473205.424152322579175 ], [ 2441407.647265549283475, 2473205.424152322579175 ], [ 2441407.647265549283475, 2473249.462182139512151 ], [ 2441407.647265549283475, 2473293.500211956910789 ], [ 2441407.647265549283475, 2473337.537324181292206 ], [ 2441407.647265549283475, 2473381.575353998225182 ], [ 2441451.685170585755259, 2473425.61338381562382 ], [ 2441407.647265549283475, 2473425.61338381562382 ], [ 2441407.647265549283475, 2473469.650496039539576 ], [ 2441451.685170585755259, 2473469.650496039539576 ], [ 2441495.722158051095903, 2473513.688525856938213 ], [ 2441451.685170585755259, 2473513.688525856938213 ], [ 2441495.722158051095903, 2473513.688525856938213 ], [ 2441539.759145516436547, 2473513.688525856938213 ], [ 2441539.759145516436547, 2473557.726555673871189 ], [ 2441539.759145516436547, 2473601.764585491269827 ], [ 2441539.759145516436547, 2473645.801697715651244 ], [ 2441539.759145516436547, 2473689.83972753258422 ], [ 2441495.722158051095903, 2473689.83972753258422 ], [ 2441495.722158051095903, 2473733.877757349982858 ], [ 2441495.722158051095903, 2473777.915787166915834 ], [ 2441495.722158051095903, 2473821.952899391297251 ], [ 2441539.759145516436547, 2473821.952899391297251 ], [ 2441539.759145516436547, 2473865.990929208230227 ], [ 2441583.796132981777191, 2473865.990929208230227 ], [ 2441583.796132981777191, 2473910.028959025628865 ], [ 2441583.796132981777191, 2473954.066071250010282 ], [ 2441627.833120446652174, 2473954.066071250010282 ], [ 2441627.833120446652174, 2473998.104101066943258 ], [ 2441627.833120446652174, 2474042.142130883876234 ], [ 2441671.871025483123958, 2474042.142130883876234 ], [ 2441671.871025483123958, 2474086.180160701274872 ], [ 2441671.871025483123958, 2474130.217272925656289 ], [ 2441715.908012948464602, 2474130.217272925656289 ], [ 2441715.908012948464602, 2474174.255302742589265 ], [ 2441759.945000413805246, 2474174.255302742589265 ], [ 2441759.945000413805246, 2474218.293332559987903 ], [ 2441759.945000413805246, 2474262.331362376920879 ], [ 2441759.945000413805246, 2474306.368474601302296 ], [ 2441759.945000413805246, 2474350.406504418235272 ], [ 2441759.945000413805246, 2474394.44453423563391 ], [ 2441759.945000413805246, 2474438.482564052566886 ], [ 2441759.945000413805246, 2474482.519676276948303 ], [ 2441715.908012948464602, 2474482.519676276948303 ], [ 2441759.945000413805246, 2474482.519676276948303 ], [ 2441759.945000413805246, 2474526.557706093881279 ], [ 2441803.98198787914589, 2474526.557706093881279 ], [ 2441803.98198787914589, 2474570.595735911279917 ], [ 2441759.945000413805246, 2474570.595735911279917 ], [ 2441759.945000413805246, 2474614.632848135661334 ], [ 2441759.945000413805246, 2474658.67087795259431 ], [ 2441759.945000413805246, 2474702.708907769992948 ], [ 2441803.98198787914589, 2474702.708907769992948 ], [ 2441848.018975344486535, 2474702.708907769992948 ], [ 2441848.018975344486535, 2474746.746937586925924 ], [ 2441892.055962809827179, 2474746.746937586925924 ], [ 2441936.093867846298963, 2474746.746937586925924 ], [ 2441980.130855311639607, 2474746.746937586925924 ], [ 2441980.130855311639607, 2474790.784049811307341 ], [ 2442024.167842776980251, 2474790.784049811307341 ], [ 2442024.167842776980251, 2474834.822079628240317 ], [ 2442068.204830241855234, 2474834.822079628240317 ], [ 2442112.241817707195878, 2474834.822079628240317 ], [ 2442112.241817707195878, 2474878.860109445638955 ], [ 2442156.279722743667662, 2474878.860109445638955 ], [ 2442156.279722743667662, 2474922.898139262571931 ], [ 2442156.279722743667662, 2474966.935251486953348 ], [ 2442156.279722743667662, 2475010.973281304351985 ], [ 2442200.316710209008306, 2475010.973281304351985 ], [ 2442200.316710209008306, 2475055.011311121284962 ], [ 2442156.279722743667662, 2475055.011311121284962 ], [ 2442156.279722743667662, 2475099.049340938217938 ], [ 2442156.279722743667662, 2475143.086453162599355 ], [ 2442156.279722743667662, 2475187.124482979997993 ], [ 2442200.316710209008306, 2475187.124482979997993 ], [ 2442244.35369767434895, 2475187.124482979997993 ], [ 2442244.35369767434895, 2475231.162512796930969 ], [ 2442288.390685139689595, 2475231.162512796930969 ], [ 2442288.390685139689595, 2475187.124482979997993 ], [ 2442288.390685139689595, 2475231.162512796930969 ], [ 2442332.427672605030239, 2475231.162512796930969 ], [ 2442332.427672605030239, 2475275.199625021312386 ], [ 2442376.465577641502023, 2475275.199625021312386 ], [ 2442376.465577641502023, 2475319.237654838245362 ], [ 2442376.465577641502023, 2475363.275684655644 ], [ 2442420.502565106842667, 2475363.275684655644 ], [ 2442420.502565106842667, 2475407.313714472576976 ], [ 2442464.539552572183311, 2475407.313714472576976 ], [ 2442464.539552572183311, 2475451.350826696958393 ], [ 2442420.502565106842667, 2475451.350826696958393 ], [ 2442464.539552572183311, 2475451.350826696958393 ], [ 2442464.539552572183311, 2475495.38885651435703 ], [ 2442508.576540037523955, 2475495.38885651435703 ], [ 2442508.576540037523955, 2475539.426886331290007 ], [ 2442552.613527502864599, 2475539.426886331290007 ], [ 2442596.650514967739582, 2475539.426886331290007 ], [ 2442596.650514967739582, 2475583.464916148222983 ], [ 2442596.650514967739582, 2475627.5020283726044 ], [ 2442640.688420004211366, 2475627.5020283726044 ], [ 2442640.688420004211366, 2475671.540058190003037 ], [ 2442640.688420004211366, 2475715.578088006936014 ], [ 2442640.688420004211366, 2475759.615200231317431 ], [ 2442640.688420004211366, 2475803.653230048716068 ], [ 2442684.72540746955201, 2475803.653230048716068 ], [ 2442684.72540746955201, 2475847.691259865649045 ], [ 2442728.762394934892654, 2475847.691259865649045 ], [ 2442728.762394934892654, 2475891.729289682582021 ], [ 2442772.799382400233299, 2475935.766401906963438 ], [ 2442772.799382400233299, 2475979.804431724362075 ], [ 2442816.836369865573943, 2476023.842461541295052 ], [ 2442860.874274902045727, 2476111.917603582609445 ], [ 2442904.911262367386371, 2476155.955633400008082 ], [ 2442904.911262367386371, 2476199.993663216941059 ], [ 2442948.948249832727015, 2476288.068805258721113 ], [ 2442948.948249832727015, 2476332.106835075654089 ], [ 2442992.985237298067659, 2476332.106835075654089 ], [ 2442992.985237298067659, 2476376.144864892587066 ], [ 2443081.060129799414426, 2476376.144864892587066 ], [ 2443125.09711726475507, 2476420.181977116968483 ], [ 2443169.134104730095714, 2476420.181977116968483 ], [ 2443169.134104730095714, 2476464.22000693436712 ], [ 2443213.171092195436358, 2476464.22000693436712 ], [ 2443213.171092195436358, 2476508.258036751300097 ], [ 2443257.208079660777003, 2476508.258036751300097 ], [ 2443257.208079660777003, 2476552.296066568233073 ], [ 2443301.245067126117647, 2476596.33317879261449 ], [ 2443345.282972162589431, 2476684.409238426946104 ], [ 2443389.319959627930075, 2476684.409238426946104 ], [ 2443433.356947093270719, 2476684.409238426946104 ], [ 2443477.393934558611363, 2476728.447268244344741 ], [ 2443521.430922023952007, 2476728.447268244344741 ], [ 2443565.46882705995813, 2476728.447268244344741 ], [ 2443609.505814525298774, 2476772.484380468726158 ], [ 2443653.542801990639418, 2476772.484380468726158 ], [ 2443697.579789455980062, 2476816.522410285659134 ], [ 2443741.616776921320707, 2476816.522410285659134 ], [ 2443785.654681957792491, 2476816.522410285659134 ], [ 2443829.691669423133135, 2476816.522410285659134 ], [ 2443873.728656888473779, 2476860.560440102592111 ], [ 2443917.765644353814423, 2476860.560440102592111 ], [ 2443961.802631819155067, 2476860.560440102592111 ], [ 2444005.839619284495711, 2476904.597552326973528 ], [ 2444049.877524320501834, 2476948.635582144372165 ], [ 2444093.914511785842478, 2476992.673611961305141 ], [ 2444137.951499251183122, 2476992.673611961305141 ], [ 2444181.988486716523767, 2477036.711641778703779 ], [ 2444226.025474181864411, 2477036.711641778703779 ], [ 2444270.063379218336195, 2477036.711641778703779 ], [ 2444314.100366683676839, 2477036.711641778703779 ], [ 2444358.137354149017483, 2477080.748754003085196 ], [ 2444402.174341614358127, 2477124.786783820018172 ], [ 2444446.211329079698771, 2477168.824813636951149 ], [ 2444490.248316545039415, 2477168.824813636951149 ], [ 2444490.248316545039415, 2477212.862843454349786 ], [ 2444534.286221581045538, 2477256.899955678731203 ], [ 2444578.323209046386182, 2477256.899955678731203 ], [ 2444578.323209046386182, 2477300.937985495664179 ], [ 2444622.360196511726826, 2477300.937985495664179 ], [ 2444622.360196511726826, 2477344.976015312597156 ], [ 2444666.397183977067471, 2477389.014045129995793 ], [ 2444710.434171442408115, 2477433.05115735437721 ], [ 2444710.434171442408115, 2477521.127216988708824 ], [ 2444710.434171442408115, 2477565.164329213090241 ], [ 2444710.434171442408115, 2477609.202359030023217 ], [ 2444666.397183977067471, 2477653.240388846956193 ], [ 2444622.360196511726826, 2477697.278418664354831 ], [ 2444578.323209046386182, 2477741.315530888736248 ], [ 2444578.323209046386182, 2477785.353560705669224 ], [ 2444534.286221581045538, 2477829.391590523067862 ], [ 2444534.286221581045538, 2477873.429620340000838 ], [ 2444534.286221581045538, 2477917.466732564382255 ], [ 2444534.286221581045538, 2477961.504762381315231 ], [ 2444578.323209046386182, 2477961.504762381315231 ], [ 2444578.323209046386182, 2478005.542792198713869 ], [ 2444578.323209046386182, 2478049.580822015646845 ], [ 2444578.323209046386182, 2478093.617934240028262 ], [ 2444534.286221581045538, 2478093.617934240028262 ], [ 2444358.137354149017483, 2478093.617934240028262 ], [ 2444358.137354149017483, 2478137.655964056961238 ], [ 2444137.951499251183122, 2478137.655964056961238 ], [ 2444005.839619284495711, 2478181.693993874359876 ], [ 2443829.691669423133135, 2478181.693993874359876 ], [ 2443609.505814525298774, 2478225.731106098741293 ], [ 2443521.430922023952007, 2478225.731106098741293 ], [ 2443213.171092195436358, 2478269.769135915674269 ], [ 2443213.171092195436358, 2478313.807165733072907 ], [ 2443213.171092195436358, 2478357.845195550005883 ], [ 2443257.208079660777003, 2478445.920337591320276 ], [ 2443345.282972162589431, 2479106.48711447743699 ], [ 2443345.282972162589431, 2479194.563174111302942 ], [ 2443389.319959627930075, 2479634.940719504375011 ], [ 2443433.356947093270719, 2479678.978749321307987 ], [ 2443433.356947093270719, 2479723.015861545689404 ], [ 2443433.356947093270719, 2479855.129950997419655 ], [ 2443433.356947093270719, 2479899.167063221801072 ], [ 2443521.430922023952007, 2479899.167063221801072 ], [ 2443609.505814525298774, 2479899.167063221801072 ], [ 2444490.248316545039415, 2479767.053891363088042 ], [ 2444534.286221581045538, 2479767.053891363088042 ], [ 2444534.286221581045538, 2479811.091921180021018 ], [ 2444578.323209046386182, 2479811.091921180021018 ], [ 2444622.360196511726826, 2479811.091921180021018 ], [ 2444622.360196511726826, 2479855.129950997419655 ], [ 2444666.397183977067471, 2479855.129950997419655 ], [ 2444710.434171442408115, 2479855.129950997419655 ], [ 2444710.434171442408115, 2479899.167063221801072 ], [ 2444754.472076478879899, 2479899.167063221801072 ], [ 2444754.472076478879899, 2479943.205093038734049 ], [ 2444754.472076478879899, 2479987.243122855667025 ], [ 2444798.509063944220543, 2479987.243122855667025 ], [ 2444798.509063944220543, 2480031.280235080048442 ], [ 2444798.509063944220543, 2480075.318264897447079 ], [ 2444798.509063944220543, 2480119.356294714380056 ], [ 2444842.546051409561187, 2480119.356294714380056 ], [ 2444842.546051409561187, 2480163.394324531778693 ], [ 2444842.546051409561187, 2480207.431436755694449 ], [ 2444886.583038874901831, 2480207.431436755694449 ], [ 2444886.583038874901831, 2480251.469466573093086 ], [ 2444930.620026340242475, 2480251.469466573093086 ], [ 2444930.620026340242475, 2480295.507496390026063 ], [ 2444974.657931376248598, 2480339.5455262074247 ], [ 2444974.657931376248598, 2480383.582638431806117 ], [ 2444974.657931376248598, 2480427.620668248739094 ], [ 2444930.620026340242475, 2480427.620668248739094 ], [ 2444886.583038874901831, 2480427.620668248739094 ], [ 2444886.583038874901831, 2480383.582638431806117 ], [ 2444842.546051409561187, 2480383.582638431806117 ], [ 2444842.546051409561187, 2480339.5455262074247 ], [ 2444798.509063944220543, 2480339.5455262074247 ], [ 2444798.509063944220543, 2480295.507496390026063 ], [ 2444754.472076478879899, 2480295.507496390026063 ], [ 2444710.434171442408115, 2480295.507496390026063 ], [ 2444666.397183977067471, 2480295.507496390026063 ], [ 2444666.397183977067471, 2480339.5455262074247 ], [ 2444666.397183977067471, 2480383.582638431806117 ], [ 2444666.397183977067471, 2480427.620668248739094 ], [ 2444622.360196511726826, 2480427.620668248739094 ], [ 2444622.360196511726826, 2480471.65869806567207 ], [ 2444578.323209046386182, 2480471.65869806567207 ], [ 2444578.323209046386182, 2480515.695810290053487 ], [ 2444534.286221581045538, 2480515.695810290053487 ], [ 2444534.286221581045538, 2480559.733840107452124 ], [ 2444490.248316545039415, 2480559.733840107452124 ], [ 2444446.211329079698771, 2480559.733840107452124 ], [ 2444446.211329079698771, 2480603.771869924385101 ], [ 2444446.211329079698771, 2480647.809899741783738 ], [ 2444446.211329079698771, 2480691.847011965699494 ], [ 2444446.211329079698771, 2480735.885041783098131 ], [ 2444490.248316545039415, 2480735.885041783098131 ], [ 2444446.211329079698771, 2480735.885041783098131 ], [ 2444446.211329079698771, 2480779.923071600031108 ], [ 2444446.211329079698771, 2480823.961101417429745 ], [ 2444446.211329079698771, 2480867.998213641811162 ], [ 2444402.174341614358127, 2480867.998213641811162 ], [ 2444402.174341614358127, 2480912.036243458744138 ], [ 2444358.137354149017483, 2480912.036243458744138 ], [ 2444358.137354149017483, 2480956.074273275677115 ], [ 2444358.137354149017483, 2481000.112303093075752 ], [ 2444314.100366683676839, 2481000.112303093075752 ], [ 2444314.100366683676839, 2481044.149415317457169 ], [ 2444314.100366683676839, 2481088.187445134390146 ], [ 2444314.100366683676839, 2481132.225474951788783 ], [ 2444270.063379218336195, 2481132.225474951788783 ], [ 2444270.063379218336195, 2481176.2625871761702 ], [ 2444270.063379218336195, 2481220.300616993103176 ], [ 2444270.063379218336195, 2481264.338646810036153 ], [ 2444270.063379218336195, 2481308.37667662743479 ], [ 2444226.025474181864411, 2481352.413788851816207 ], [ 2444181.988486716523767, 2481396.451818668749183 ], [ 2444093.914511785842478, 2481396.451818668749183 ], [ 2444049.877524320501834, 2481440.489848486147821 ], [ 2444005.839619284495711, 2481440.489848486147821 ], [ 2443961.802631819155067, 2481440.489848486147821 ], [ 2443961.802631819155067, 2481484.527878303080797 ], [ 2443917.765644353814423, 2481484.527878303080797 ], [ 2443917.765644353814423, 2481528.564990527462214 ], [ 2443873.728656888473779, 2481528.564990527462214 ], [ 2443829.691669423133135, 2481528.564990527462214 ], [ 2443785.654681957792491, 2481572.60302034439519 ], [ 2443741.616776921320707, 2481616.641050161793828 ], [ 2443741.616776921320707, 2481660.679079978726804 ], [ 2443697.579789455980062, 2481660.679079978726804 ], [ 2443697.579789455980062, 2481704.716192203108221 ], [ 2443697.579789455980062, 2481748.754222020041198 ], [ 2443697.579789455980062, 2481792.792251837439835 ], [ 2443741.616776921320707, 2481792.792251837439835 ], [ 2443741.616776921320707, 2481836.829364061821252 ], [ 2443785.654681957792491, 2481836.829364061821252 ], [ 2443785.654681957792491, 2481880.867393878754228 ], [ 2443785.654681957792491, 2481924.905423696152866 ], [ 2443785.654681957792491, 2481968.943453513085842 ], [ 2443785.654681957792491, 2482012.980565737467259 ], [ 2443741.616776921320707, 2482057.018595554400235 ], [ 2443741.616776921320707, 2482101.056625371798873 ], [ 2443741.616776921320707, 2482145.094655188731849 ], [ 2443741.616776921320707, 2482189.131767413113266 ], [ 2443741.616776921320707, 2482233.169797230511904 ], [ 2443741.616776921320707, 2482277.20782704744488 ], [ 2443785.654681957792491, 2482277.20782704744488 ], [ 2443785.654681957792491, 2482321.244939271826297 ], [ 2443829.691669423133135, 2482321.244939271826297 ], [ 2443829.691669423133135, 2482365.282969088759273 ], [ 2444049.877524320501834, 2482321.244939271826297 ], [ 2444798.509063944220543, 2482233.169797230511904 ], [ 2444842.546051409561187, 2482189.131767413113266 ], [ 2444886.583038874901831, 2482189.131767413113266 ], [ 2445811.363445930648595, 2482057.018595554400235 ], [ 2446471.921010623220354, 2481968.943453513085842 ], [ 2446559.994985553901643, 2481968.943453513085842 ], [ 2446604.031973019242287, 2481968.943453513085842 ], [ 2446780.180840451736003, 2481924.905423696152866 ] ] } },
{ "type": "Feature", "properties": { }, "geometry": { "type": "LineString", "coordinates": [ [ 2366016.03201976697892, 2536619.832898169290274 ], [ 2366060.069007232319564, 2536619.832898169290274 ], [ 2366060.069007232319564, 2536575.794868352357298 ], [ 2366104.105994697660208, 2536575.794868352357298 ], [ 2366104.105994697660208, 2536531.756838534958661 ], [ 2366060.069007232319564, 2536531.756838534958661 ], [ 2366016.03201976697892, 2536531.756838534958661 ], [ 2366016.03201976697892, 2536487.718808718025684 ], [ 2365971.994114730972797, 2536487.718808718025684 ], [ 2365971.994114730972797, 2536443.681696493644267 ], [ 2365971.994114730972797, 2536399.64366667624563 ], [ 2366016.03201976697892, 2536399.64366667624563 ], [ 2366060.069007232319564, 2536399.64366667624563 ], [ 2366060.069007232319564, 2536355.605636859312654 ], [ 2366104.105994697660208, 2536355.605636859312654 ], [ 2366104.105994697660208, 2536311.568524634931237 ], [ 2366148.142982163000852, 2536311.568524634931237 ], [ 2366192.179969628341496, 2536311.568524634931237 ], [ 2366192.179969628341496, 2536267.53049481799826 ], [ 2366192.179969628341496, 2536223.492465000599623 ], [ 2366148.142982163000852, 2536223.492465000599623 ], [ 2366148.142982163000852, 2536179.454435183666646 ], [ 2366148.142982163000852, 2536135.417322959285229 ], [ 2366148.142982163000852, 2536091.379293142352253 ], [ 2366148.142982163000852, 2536047.341263324953616 ], [ 2366104.105994697660208, 2536047.341263324953616 ], [ 2366104.105994697660208, 2536003.303233508020639 ], [ 2366104.105994697660208, 2535959.266121283639222 ], [ 2366104.105994697660208, 2535915.228091466240585 ], [ 2366060.069007232319564, 2535915.228091466240585 ], [ 2366060.069007232319564, 2535871.190061649307609 ], [ 2366016.03201976697892, 2535871.190061649307609 ], [ 2365971.994114730972797, 2535871.190061649307609 ], [ 2365927.957127265632153, 2535827.152031832374632 ], [ 2365927.957127265632153, 2535783.114919607993215 ], [ 2365927.957127265632153, 2535739.076889790594578 ], [ 2365883.920139800291508, 2535739.076889790594578 ], [ 2365927.957127265632153, 2535739.076889790594578 ], [ 2365971.994114730972797, 2535739.076889790594578 ], [ 2365971.994114730972797, 2535695.038859973661602 ], [ 2366016.03201976697892, 2535695.038859973661602 ], [ 2366060.069007232319564, 2535695.038859973661602 ], [ 2366060.069007232319564, 2535651.001747749280185 ], [ 2366016.03201976697892, 2535606.963717932347208 ], [ 2366016.03201976697892, 2535562.925688114948571 ], [ 2366060.069007232319564, 2535562.925688114948571 ], [ 2366060.069007232319564, 2535518.887658298015594 ], [ 2366060.069007232319564, 2535474.850546073634177 ], [ 2366060.069007232319564, 2535430.81251625623554 ], [ 2366016.03201976697892, 2535430.81251625623554 ], [ 2365971.994114730972797, 2535430.81251625623554 ], [ 2365927.957127265632153, 2535430.81251625623554 ], [ 2365883.920139800291508, 2535430.81251625623554 ], [ 2365883.920139800291508, 2535386.774486439302564 ], [ 2365839.883152334950864, 2535342.736456622369587 ], [ 2365839.883152334950864, 2535298.69934439798817 ], [ 2365883.920139800291508, 2535298.69934439798817 ], [ 2365883.920139800291508, 2535254.661314580589533 ], [ 2365927.957127265632153, 2535254.661314580589533 ], [ 2365927.957127265632153, 2535210.623284763656557 ], [ 2365883.920139800291508, 2535210.623284763656557 ], [ 2365883.920139800291508, 2535166.58617253927514 ], [ 2365927.957127265632153, 2535166.58617253927514 ], [ 2365927.957127265632153, 2535122.548142721876502 ], [ 2365971.994114730972797, 2535122.548142721876502 ], [ 2366016.03201976697892, 2535122.548142721876502 ], [ 2366016.03201976697892, 2535078.510112904943526 ], [ 2366060.069007232319564, 2535078.510112904943526 ], [ 2366060.069007232319564, 2535034.47208308801055 ], [ 2366060.069007232319564, 2534990.434970863629133 ], [ 2366016.03201976697892, 2534990.434970863629133 ], [ 2366016.03201976697892, 2534946.396941046230495 ], [ 2366016.03201976697892, 2534990.434970863629133 ], [ 2365971.994114730972797, 2534990.434970863629133 ], [ 2365971.994114730972797, 2534946.396941046230495 ], [ 2365927.957127265632153, 2534946.396941046230495 ], [ 2365883.920139800291508, 2534946.396941046230495 ], [ 2365883.920139800291508, 2534990.434970863629133 ], [ 2365839.883152334950864, 2534990.434970863629133 ], [ 2365839.883152334950864, 2534946.396941046230495 ], [ 2365795.84616486961022, 2534946.396941046230495 ], [ 2365795.84616486961022, 2534902.358911229297519 ], [ 2365795.84616486961022, 2534858.320881411898881 ], [ 2365795.84616486961022, 2534814.283769187983125 ], [ 2365751.808259833138436, 2534814.283769187983125 ], [ 2365751.808259833138436, 2534770.245739370584488 ], [ 2365707.771272367797792, 2534770.245739370584488 ], [ 2365707.771272367797792, 2534726.207709553651512 ], [ 2365663.734284902457148, 2534726.207709553651512 ], [ 2365619.697297437116504, 2534726.207709553651512 ], [ 2365619.697297437116504, 2534682.169679736252874 ], [ 2365619.697297437116504, 2534638.132567511871457 ], [ 2365663.734284902457148, 2534638.132567511871457 ], [ 2365663.734284902457148, 2534594.094537694938481 ], [ 2365707.771272367797792, 2534594.094537694938481 ], [ 2365707.771272367797792, 2534550.056507878005505 ], [ 2365707.771272367797792, 2534506.019395653624088 ], [ 2365663.734284902457148, 2534506.019395653624088 ], [ 2365619.697297437116504, 2534506.019395653624088 ], [ 2365619.697297437116504, 2534461.98136583622545 ], [ 2365619.697297437116504, 2534417.943336019292474 ], [ 2365619.697297437116504, 2534373.905306201893836 ], [ 2365575.66030997177586, 2534373.905306201893836 ], [ 2365531.623322506435215, 2534329.868193977512419 ], [ 2365487.585417470429093, 2534329.868193977512419 ], [ 2365487.585417470429093, 2534285.830164160579443 ], [ 2365487.585417470429093, 2534241.792134343646467 ], [ 2365487.585417470429093, 2534197.754104526247829 ], [ 2365531.623322506435215, 2534197.754104526247829 ], [ 2365575.66030997177586, 2534197.754104526247829 ], [ 2365575.66030997177586, 2534153.716992301866412 ], [ 2365619.697297437116504, 2534153.716992301866412 ], [ 2365663.734284902457148, 2534153.716992301866412 ], [ 2365707.771272367797792, 2534153.716992301866412 ], [ 2365707.771272367797792, 2534109.678962484933436 ], [ 2365707.771272367797792, 2534065.640932667534798 ], [ 2365707.771272367797792, 2534021.602902850601822 ], [ 2365663.734284902457148, 2534021.602902850601822 ], [ 2365663.734284902457148, 2533977.565790626220405 ], [ 2365619.697297437116504, 2533977.565790626220405 ], [ 2365619.697297437116504, 2533933.527760809287429 ], [ 2365663.734284902457148, 2533933.527760809287429 ], [ 2365663.734284902457148, 2533889.489730991888791 ], [ 2365663.734284902457148, 2533845.452618767507374 ], [ 2365663.734284902457148, 2533801.414588950574398 ], [ 2365663.734284902457148, 2533757.376559133641422 ], [ 2365663.734284902457148, 2533713.338529316242784 ], [ 2365663.734284902457148, 2533669.301417091861367 ], [ 2365663.734284902457148, 2533625.263387274928391 ], [ 2365663.734284902457148, 2533581.225357457529753 ], [ 2365619.697297437116504, 2533581.225357457529753 ], [ 2365575.66030997177586, 2533581.225357457529753 ], [ 2365575.66030997177586, 2533625.263387274928391 ], [ 2365531.623322506435215, 2533625.263387274928391 ], [ 2365487.585417470429093, 2533625.263387274928391 ], [ 2365443.548430005088449, 2533625.263387274928391 ], [ 2365443.548430005088449, 2533581.225357457529753 ], [ 2365399.511442539747804, 2533581.225357457529753 ], [ 2365399.511442539747804, 2533537.187327640596777 ], [ 2365355.47445507440716, 2533537.187327640596777 ], [ 2365311.437467609066516, 2533537.187327640596777 ], [ 2365267.399562572594732, 2533537.187327640596777 ], [ 2365267.399562572594732, 2533493.15021541621536 ], [ 2365223.362575107254088, 2533493.15021541621536 ], [ 2365267.399562572594732, 2533449.112185599282384 ], [ 2365267.399562572594732, 2533405.074155781883746 ], [ 2365223.362575107254088, 2533361.037043557502329 ], [ 2365223.362575107254088, 2533316.999013740569353 ], [ 2365179.325587641913444, 2533316.999013740569353 ], [ 2365179.325587641913444, 2533272.960983923636377 ], [ 2365135.2886001765728, 2533272.960983923636377 ], [ 2365135.2886001765728, 2533228.922954106237739 ], [ 2365135.2886001765728, 2533184.885841881856322 ], [ 2365135.2886001765728, 2533140.847812064923346 ], [ 2365135.2886001765728, 2533184.885841881856322 ], [ 2365091.251612711232156, 2533184.885841881856322 ], [ 2365047.213707675226033, 2533184.885841881856322 ], [ 2365003.176720209885389, 2533184.885841881856322 ], [ 2364959.139732744544744, 2533184.885841881856322 ], [ 2364959.139732744544744, 2533140.847812064923346 ], [ 2364959.139732744544744, 2533096.809782247524709 ], [ 2365003.176720209885389, 2533096.809782247524709 ], [ 2365003.176720209885389, 2533052.771752430591732 ], [ 2365047.213707675226033, 2533052.771752430591732 ], [ 2365047.213707675226033, 2533008.734640206210315 ], [ 2365091.251612711232156, 2533008.734640206210315 ], [ 2365091.251612711232156, 2532964.696610389277339 ], [ 2365091.251612711232156, 2532920.658580571878701 ], [ 2365047.213707675226033, 2532920.658580571878701 ], [ 2365047.213707675226033, 2532876.620550754945725 ], [ 2365003.176720209885389, 2532876.620550754945725 ], [ 2365003.176720209885389, 2532832.583438530564308 ], [ 2365003.176720209885389, 2532788.545408713165671 ], [ 2365047.213707675226033, 2532788.545408713165671 ], [ 2365047.213707675226033, 2532744.507378896232694 ], [ 2365047.213707675226033, 2532700.470266671851277 ], [ 2365047.213707675226033, 2532656.432236854918301 ], [ 2365003.176720209885389, 2532656.432236854918301 ], [ 2364959.139732744544744, 2532656.432236854918301 ], [ 2364915.1027452792041, 2532656.432236854918301 ], [ 2364915.1027452792041, 2532612.394207037519664 ], [ 2364871.065757813863456, 2532612.394207037519664 ], [ 2364871.065757813863456, 2532568.356177220586687 ], [ 2364871.065757813863456, 2532524.31906499620527 ], [ 2364871.065757813863456, 2532480.281035179272294 ], [ 2364871.065757813863456, 2532436.243005361873657 ], [ 2364871.065757813863456, 2532392.20497554494068 ], [ 2364871.065757813863456, 2532348.167863320559263 ], [ 2364827.028770348522812, 2532348.167863320559263 ], [ 2364827.028770348522812, 2532304.129833503160626 ], [ 2364827.028770348522812, 2532260.091803686227649 ], [ 2364782.990865312051028, 2532260.091803686227649 ], [ 2364827.028770348522812, 2532260.091803686227649 ], [ 2364782.990865312051028, 2532216.053773869294673 ], [ 2364827.028770348522812, 2532216.053773869294673 ], [ 2364782.990865312051028, 2532216.053773869294673 ], [ 2364827.028770348522812, 2532216.053773869294673 ], [ 2364827.028770348522812, 2532172.016661644913256 ], [ 2364871.065757813863456, 2532172.016661644913256 ], [ 2364871.065757813863456, 2532127.978631827514619 ], [ 2364871.065757813863456, 2532083.940602010581642 ], [ 2364871.065757813863456, 2532039.903489786200225 ], [ 2364871.065757813863456, 2531995.865459968801588 ], [ 2364827.028770348522812, 2531995.865459968801588 ], [ 2364827.028770348522812, 2531951.827430151868612 ], [ 2364827.028770348522812, 2531907.789400334935635 ], [ 2364871.065757813863456, 2531863.752288110554218 ], [ 2364871.065757813863456, 2531819.714258293155581 ], [ 2364915.1027452792041, 2531819.714258293155581 ], [ 2364915.1027452792041, 2531775.676228476222605 ], [ 2364871.065757813863456, 2531775.676228476222605 ], [ 2364871.065757813863456, 2531731.638198659289628 ], [ 2364827.028770348522812, 2531731.638198659289628 ], [ 2364782.990865312051028, 2531731.638198659289628 ], [ 2364782.990865312051028, 2531687.601086434908211 ], [ 2364738.953877846710384, 2531687.601086434908211 ], [ 2364694.91689038136974, 2531687.601086434908211 ], [ 2364694.91689038136974, 2531643.563056617509574 ], [ 2364650.879902916029096, 2531643.563056617509574 ], [ 2364650.879902916029096, 2531599.525026800576597 ], [ 2364606.842915450688452, 2531599.525026800576597 ], [ 2364606.842915450688452, 2531555.48791457619518 ], [ 2364562.805010414682329, 2531555.48791457619518 ], [ 2364562.805010414682329, 2531511.449884758796543 ], [ 2364562.805010414682329, 2531467.411854941863567 ], [ 2364562.805010414682329, 2531423.37382512493059 ], [ 2364518.768022949341685, 2531423.37382512493059 ], [ 2364474.73103548400104, 2531379.336712900549173 ], [ 2364430.694048018660396, 2531379.336712900549173 ], [ 2364430.694048018660396, 2531335.298683083150536 ], [ 2364386.657060553319752, 2531335.298683083150536 ], [ 2364342.619155516847968, 2531335.298683083150536 ], [ 2364342.619155516847968, 2531291.26065326621756 ], [ 2364342.619155516847968, 2531247.222623448818922 ], [ 2364298.582168051507324, 2531247.222623448818922 ], [ 2364254.54518058616668, 2531247.222623448818922 ], [ 2364254.54518058616668, 2531203.185511224903166 ], [ 2364210.508193120826036, 2531203.185511224903166 ], [ 2364166.471205655485392, 2531203.185511224903166 ], [ 2364166.471205655485392, 2531159.147481407504529 ], [ 2364166.471205655485392, 2531115.109451590571553 ], [ 2364166.471205655485392, 2531071.071421773172915 ], [ 2364122.434218190144747, 2531071.071421773172915 ], [ 2364078.396313154138625, 2531071.071421773172915 ], [ 2364034.359325688797981, 2531071.071421773172915 ], [ 2363990.322338223457336, 2531071.071421773172915 ], [ 2363990.322338223457336, 2531027.034309548791498 ], [ 2363946.285350758116692, 2531027.034309548791498 ], [ 2363902.248363292776048, 2531027.034309548791498 ], [ 2363858.210458256304264, 2531027.034309548791498 ], [ 2363814.17347079096362, 2531027.034309548791498 ], [ 2363814.17347079096362, 2530982.996279731858522 ], [ 2363770.136483325622976, 2530982.996279731858522 ], [ 2363726.099495860282332, 2530938.958249914925545 ], [ 2363726.099495860282332, 2530894.921137690544128 ], [ 2363770.136483325622976, 2530894.921137690544128 ], [ 2363770.136483325622976, 2530850.883107873145491 ], [ 2363814.17347079096362, 2530806.845078056212515 ], [ 2363814.17347079096362, 2530762.807048238813877 ], [ 2363814.17347079096362, 2530718.76993601443246 ], [ 2363814.17347079096362, 2530674.731906197499484 ], [ 2363814.17347079096362, 2530630.693876380566508 ], [ 2363858.210458256304264, 2530630.693876380566508 ], [ 2363814.17347079096362, 2530630.693876380566508 ], [ 2363814.17347079096362, 2530586.65584656316787 ], [ 2363770.136483325622976, 2530586.65584656316787 ], [ 2363726.099495860282332, 2530630.693876380566508 ], [ 2363682.062508394941688, 2530630.693876380566508 ], [ 2363682.062508394941688, 2530586.65584656316787 ], [ 2363682.062508394941688, 2530542.618734338786453 ], [ 2363682.062508394941688, 2530498.580704521853477 ], [ 2363638.025520929601043, 2530498.580704521853477 ], [ 2363638.025520929601043, 2530454.542674704454839 ], [ 2363638.025520929601043, 2530410.504644887521863 ], [ 2363638.025520929601043, 2530366.467532663140446 ], [ 2363682.062508394941688, 2530366.467532663140446 ], [ 2363682.062508394941688, 2530322.42950284620747 ], [ 2363682.062508394941688, 2530278.391473028808832 ], [ 2363682.062508394941688, 2530234.354360804427415 ], [ 2363638.025520929601043, 2530190.316330987494439 ], [ 2363593.987615893594921, 2530190.316330987494439 ], [ 2363593.987615893594921, 2530146.278301170561463 ], [ 2363593.987615893594921, 2530102.240271353162825 ], [ 2363593.987615893594921, 2530058.203159128781408 ], [ 2363549.950628428254277, 2530058.203159128781408 ], [ 2363549.950628428254277, 2530014.165129311848432 ], [ 2363505.913640962913632, 2530014.165129311848432 ], [ 2363505.913640962913632, 2530058.203159128781408 ], [ 2363461.876653497572988, 2530058.203159128781408 ], [ 2363461.876653497572988, 2530014.165129311848432 ], [ 2363417.839666032232344, 2530014.165129311848432 ], [ 2363417.839666032232344, 2529970.127099494449794 ], [ 2363417.839666032232344, 2529926.089069677516818 ], [ 2363373.80176099576056, 2529926.089069677516818 ], [ 2363329.764773530419916, 2529926.089069677516818 ], [ 2363285.727786065079272, 2529970.127099494449794 ], [ 2363285.727786065079272, 2529926.089069677516818 ], [ 2363285.727786065079272, 2529882.051957453135401 ], [ 2363241.690798599738628, 2529882.051957453135401 ], [ 2363241.690798599738628, 2529838.013927636202425 ], [ 2363197.653811134397984, 2529838.013927636202425 ], [ 2363197.653811134397984, 2529793.975897818803787 ], [ 2363197.653811134397984, 2529749.93878559442237 ], [ 2363241.690798599738628, 2529749.93878559442237 ], [ 2363285.727786065079272, 2529749.93878559442237 ], [ 2363285.727786065079272, 2529793.975897818803787 ], [ 2363329.764773530419916, 2529793.975897818803787 ], [ 2363373.80176099576056, 2529749.93878559442237 ], [ 2363373.80176099576056, 2529705.900755777489394 ], [ 2363417.839666032232344, 2529661.862725960556418 ], [ 2363417.839666032232344, 2529617.82469614315778 ], [ 2363373.80176099576056, 2529617.82469614315778 ], [ 2363373.80176099576056, 2529573.787583918776363 ], [ 2363329.764773530419916, 2529573.787583918776363 ], [ 2363329.764773530419916, 2529529.749554101843387 ], [ 2363285.727786065079272, 2529529.749554101843387 ], [ 2363285.727786065079272, 2529485.711524284444749 ], [ 2363241.690798599738628, 2529485.711524284444749 ], [ 2363197.653811134397984, 2529485.711524284444749 ], [ 2363153.615906097926199, 2529485.711524284444749 ], [ 2363153.615906097926199, 2529441.673494467511773 ], [ 2363109.578918633051217, 2529441.673494467511773 ], [ 2363109.578918633051217, 2529397.636382243130356 ], [ 2363065.541931167710572, 2529397.636382243130356 ], [ 2363065.541931167710572, 2529353.59835242619738 ], [ 2363065.541931167710572, 2529309.560322608798742 ], [ 2363021.504943702369928, 2529309.560322608798742 ], [ 2363021.504943702369928, 2529265.522292791865766 ], [ 2363021.504943702369928, 2529221.485180567484349 ], [ 2363021.504943702369928, 2529177.447150750085711 ], [ 2363021.504943702369928, 2529133.409120933152735 ], [ 2363021.504943702369928, 2529089.372008708771318 ], [ 2362977.467956237029284, 2529089.372008708771318 ], [ 2362933.43096877168864, 2529089.372008708771318 ], [ 2362889.393063735216856, 2529089.372008708771318 ], [ 2362845.356076269876212, 2529089.372008708771318 ], [ 2362845.356076269876212, 2529045.333978891838342 ], [ 2362801.319088804535568, 2529045.333978891838342 ], [ 2362757.282101339194924, 2529045.333978891838342 ], [ 2362757.282101339194924, 2529001.295949074439704 ], [ 2362713.24511387385428, 2529001.295949074439704 ], [ 2362713.24511387385428, 2528957.257919257506728 ], [ 2362713.24511387385428, 2528913.220807033125311 ], [ 2362713.24511387385428, 2528869.182777216192335 ], [ 2362713.24511387385428, 2528825.144747398793697 ], [ 2362669.207208837382495, 2528825.144747398793697 ], [ 2362669.207208837382495, 2528781.106717581860721 ], [ 2362669.207208837382495, 2528737.069605357479304 ], [ 2362669.207208837382495, 2528693.031575540080667 ], [ 2362625.170221372041851, 2528693.031575540080667 ], [ 2362625.170221372041851, 2528648.99354572314769 ], [ 2362581.133233907166868, 2528648.99354572314769 ], [ 2362537.096246441826224, 2528604.955515906214714 ], [ 2362537.096246441826224, 2528560.918403681833297 ], [ 2362537.096246441826224, 2528516.880373864434659 ], [ 2362581.133233907166868, 2528560.918403681833297 ], [ 2362625.170221372041851, 2528560.918403681833297 ], [ 2362669.207208837382495, 2528560.918403681833297 ], [ 2362669.207208837382495, 2528516.880373864434659 ], [ 2362669.207208837382495, 2528472.842344047501683 ], [ 2362625.170221372041851, 2528472.842344047501683 ], [ 2362625.170221372041851, 2528428.805231823120266 ], [ 2362581.133233907166868, 2528428.805231823120266 ], [ 2362581.133233907166868, 2528384.76720200618729 ], [ 2362625.170221372041851, 2528384.76720200618729 ], [ 2362669.207208837382495, 2528384.76720200618729 ], [ 2362713.24511387385428, 2528384.76720200618729 ], [ 2362757.282101339194924, 2528384.76720200618729 ], [ 2362757.282101339194924, 2528340.729172188788652 ], [ 2362713.24511387385428, 2528340.729172188788652 ], [ 2362713.24511387385428, 2528296.691142371855676 ], [ 2362757.282101339194924, 2528252.654030147474259 ], [ 2362801.319088804535568, 2528252.654030147474259 ], [ 2362801.319088804535568, 2528208.616000330075622 ], [ 2362845.356076269876212, 2528208.616000330075622 ], [ 2362845.356076269876212, 2528164.577970513142645 ], [ 2362801.319088804535568, 2528120.539940696209669 ], [ 2362801.319088804535568, 2528076.502828471828252 ], [ 2362845.356076269876212, 2528076.502828471828252 ], [ 2362845.356076269876212, 2528032.464798654429615 ], [ 2362889.393063735216856, 2528032.464798654429615 ], [ 2362889.393063735216856, 2527988.426768837496638 ], [ 2362933.43096877168864, 2527988.426768837496638 ], [ 2362977.467956237029284, 2527988.426768837496638 ], [ 2362977.467956237029284, 2527944.389656613115221 ], [ 2363021.504943702369928, 2527944.389656613115221 ], [ 2363065.541931167710572, 2527944.389656613115221 ], [ 2363065.541931167710572, 2527900.351626795716584 ], [ 2363021.504943702369928, 2527900.351626795716584 ], [ 2363021.504943702369928, 2527856.313596978783607 ], [ 2362977.467956237029284, 2527856.313596978783607 ], [ 2362977.467956237029284, 2527812.275567161850631 ], [ 2362977.467956237029284, 2527768.238454937469214 ], [ 2362933.43096877168864, 2527768.238454937469214 ], [ 2362889.393063735216856, 2527768.238454937469214 ], [ 2362889.393063735216856, 2527724.200425120070577 ], [ 2362845.356076269876212, 2527724.200425120070577 ], [ 2362845.356076269876212, 2527680.1623953031376 ], [ 2362801.319088804535568, 2527680.1623953031376 ], [ 2362757.282101339194924, 2527680.1623953031376 ], [ 2362757.282101339194924, 2527636.124365485738963 ], [ 2362757.282101339194924, 2527592.087253261823207 ], [ 2362757.282101339194924, 2527548.04922344442457 ], [ 2362757.282101339194924, 2527504.011193627491593 ], [ 2362757.282101339194924, 2527459.973163810092956 ], [ 2362757.282101339194924, 2527415.936051585711539 ], [ 2362713.24511387385428, 2527415.936051585711539 ], [ 2362669.207208837382495, 2527371.898021768778563 ], [ 2362625.170221372041851, 2527371.898021768778563 ], [ 2362581.133233907166868, 2527371.898021768778563 ], [ 2362581.133233907166868, 2527327.859991951845586 ], [ 2362581.133233907166868, 2527283.822879727464169 ], [ 2362581.133233907166868, 2527239.784849910065532 ], [ 2362537.096246441826224, 2527195.746820093132555 ], [ 2362493.05925897648558, 2527195.746820093132555 ], [ 2362449.021353940013796, 2527151.708790275733918 ], [ 2362493.05925897648558, 2527151.708790275733918 ], [ 2362449.021353940013796, 2527151.708790275733918 ], [ 2362449.021353940013796, 2527107.671678051352501 ], [ 2362449.021353940013796, 2527063.633648234419525 ], [ 2362449.021353940013796, 2527019.595618417486548 ], [ 2362493.05925897648558, 2527019.595618417486548 ], [ 2362493.05925897648558, 2526975.557588600087911 ], [ 2362493.05925897648558, 2526931.520476375706494 ], [ 2362493.05925897648558, 2526887.482446558773518 ], [ 2362493.05925897648558, 2526843.444416741840541 ], [ 2362537.096246441826224, 2526843.444416741840541 ], [ 2362537.096246441826224, 2526887.482446558773518 ], [ 2362581.133233907166868, 2526887.482446558773518 ], [ 2362625.170221372041851, 2526887.482446558773518 ], [ 2362669.207208837382495, 2526843.444416741840541 ], [ 2362713.24511387385428, 2526843.444416741840541 ], [ 2362713.24511387385428, 2526799.406386924441904 ], [ 2362757.282101339194924, 2526799.406386924441904 ], [ 2362757.282101339194924, 2526755.369274700060487 ], [ 2362757.282101339194924, 2526711.331244883127511 ], [ 2362757.282101339194924, 2526667.293215065728873 ], [ 2362757.282101339194924, 2526623.256102841347456 ], [ 2362713.24511387385428, 2526623.256102841347456 ], [ 2362713.24511387385428, 2526579.21807302441448 ], [ 2362713.24511387385428, 2526535.180043207481503 ], [ 2362757.282101339194924, 2526535.180043207481503 ], [ 2362757.282101339194924, 2526491.142013390082866 ], [ 2362801.319088804535568, 2526491.142013390082866 ], [ 2362801.319088804535568, 2526447.104901165701449 ], [ 2362801.319088804535568, 2526403.066871348768473 ], [ 2362845.356076269876212, 2526403.066871348768473 ], [ 2362845.356076269876212, 2526359.028841531369835 ], [ 2362845.356076269876212, 2526314.990811714436859 ], [ 2362845.356076269876212, 2526270.953699490055442 ], [ 2362845.356076269876212, 2526226.915669673122466 ], [ 2362845.356076269876212, 2526182.877639855723828 ], [ 2362845.356076269876212, 2526138.840527631342411 ], [ 2362801.319088804535568, 2526138.840527631342411 ], [ 2362801.319088804535568, 2526094.802497814409435 ], [ 2362801.319088804535568, 2526050.764467997476459 ], [ 2362801.319088804535568, 2526006.726438180077821 ], [ 2362845.356076269876212, 2526006.726438180077821 ], [ 2362845.356076269876212, 2525962.689325955696404 ], [ 2362845.356076269876212, 2525918.651296138763428 ], [ 2362889.393063735216856, 2525918.651296138763428 ], [ 2362889.393063735216856, 2525874.61326632136479 ], [ 2362889.393063735216856, 2525830.575236504431814 ], [ 2362933.43096877168864, 2525830.575236504431814 ], [ 2362933.43096877168864, 2525786.538124280050397 ], [ 2362933.43096877168864, 2525742.500094463117421 ], [ 2362977.467956237029284, 2525742.500094463117421 ], [ 2362977.467956237029284, 2525698.462064645718783 ], [ 2363021.504943702369928, 2525698.462064645718783 ], [ 2363021.504943702369928, 2525654.424034828785807 ], [ 2363021.504943702369928, 2525610.38692260440439 ], [ 2363021.504943702369928, 2525566.348892787005752 ], [ 2363021.504943702369928, 2525522.310862970072776 ], [ 2363065.541931167710572, 2525522.310862970072776 ], [ 2363109.578918633051217, 2525522.310862970072776 ], [ 2363109.578918633051217, 2525478.273750745691359 ], [ 2363153.615906097926199, 2525478.273750745691359 ], [ 2363153.615906097926199, 2525434.235720928758383 ], [ 2363197.653811134397984, 2525434.235720928758383 ], [ 2363197.653811134397984, 2525390.197691111359745 ], [ 2363241.690798599738628, 2525390.197691111359745 ], [ 2363241.690798599738628, 2525434.235720928758383 ], [ 2363285.727786065079272, 2525434.235720928758383 ], [ 2363329.764773530419916, 2525434.235720928758383 ], [ 2363373.80176099576056, 2525434.235720928758383 ], [ 2363417.839666032232344, 2525434.235720928758383 ], [ 2363461.876653497572988, 2525434.235720928758383 ], [ 2363505.913640962913632, 2525434.235720928758383 ], [ 2363549.950628428254277, 2525434.235720928758383 ], [ 2363549.950628428254277, 2525390.197691111359745 ], [ 2363549.950628428254277, 2525346.159661294426769 ], [ 2363549.950628428254277, 2525302.122549070045352 ], [ 2363549.950628428254277, 2525258.084519253112376 ], [ 2363593.987615893594921, 2525258.084519253112376 ], [ 2363593.987615893594921, 2525214.046489435713738 ], [ 2363638.025520929601043, 2525214.046489435713738 ], [ 2363638.025520929601043, 2525170.008459618780762 ], [ 2363682.062508394941688, 2525170.008459618780762 ], [ 2363726.099495860282332, 2525125.971347394399345 ], [ 2363770.136483325622976, 2525125.971347394399345 ], [ 2363770.136483325622976, 2525081.933317577000707 ], [ 2363814.17347079096362, 2525081.933317577000707 ], [ 2363814.17347079096362, 2525037.895287760067731 ], [ 2363858.210458256304264, 2525037.895287760067731 ], [ 2363858.210458256304264, 2524993.857257943134755 ], [ 2363858.210458256304264, 2524949.820145718753338 ], [ 2363902.248363292776048, 2524949.820145718753338 ], [ 2363902.248363292776048, 2524905.7821159013547 ], [ 2363946.285350758116692, 2524905.7821159013547 ], [ 2363946.285350758116692, 2524861.744086084421724 ], [ 2363990.322338223457336, 2524861.744086084421724 ], [ 2364034.359325688797981, 2524861.744086084421724 ], [ 2364078.396313154138625, 2524861.744086084421724 ], [ 2364122.434218190144747, 2524861.744086084421724 ], [ 2364122.434218190144747, 2524817.706973860040307 ], [ 2364166.471205655485392, 2524817.706973860040307 ], [ 2364210.508193120826036, 2524817.706973860040307 ], [ 2364210.508193120826036, 2524773.668944043107331 ], [ 2364254.54518058616668, 2524773.668944043107331 ], [ 2364254.54518058616668, 2524729.630914225708693 ], [ 2364298.582168051507324, 2524729.630914225708693 ], [ 2364298.582168051507324, 2524685.592884408775717 ], [ 2364298.582168051507324, 2524641.5557721843943 ], [ 2364298.582168051507324, 2524597.517742366995662 ], [ 2364254.54518058616668, 2524553.479712550062686 ], [ 2364254.54518058616668, 2524509.44168273312971 ], [ 2364210.508193120826036, 2524509.44168273312971 ], [ 2364210.508193120826036, 2524465.404570508748293 ], [ 2364166.471205655485392, 2524465.404570508748293 ], [ 2364166.471205655485392, 2524421.366540691349655 ], [ 2364122.434218190144747, 2524421.366540691349655 ], [ 2364122.434218190144747, 2524377.328510874416679 ], [ 2364122.434218190144747, 2524333.291398650035262 ], [ 2364166.471205655485392, 2524289.253368832636625 ], [ 2364166.471205655485392, 2524245.215339015703648 ], [ 2364210.508193120826036, 2524245.215339015703648 ], [ 2364254.54518058616668, 2524245.215339015703648 ], [ 2364254.54518058616668, 2524201.177309198770672 ], [ 2364254.54518058616668, 2524157.140196974389255 ], [ 2364298.582168051507324, 2524157.140196974389255 ], [ 2364298.582168051507324, 2524113.102167156990618 ], [ 2364298.582168051507324, 2524069.064137340057641 ], [ 2364342.619155516847968, 2524069.064137340057641 ], [ 2364342.619155516847968, 2524025.026107522659004 ], [ 2364342.619155516847968, 2523980.988995298743248 ], [ 2364386.657060553319752, 2523980.988995298743248 ], [ 2364386.657060553319752, 2523936.95096548134461 ], [ 2364430.694048018660396, 2523936.95096548134461 ], [ 2364474.73103548400104, 2523936.95096548134461 ], [ 2364518.768022949341685, 2523936.95096548134461 ], [ 2364562.805010414682329, 2523936.95096548134461 ], [ 2364562.805010414682329, 2523892.912935664411634 ], [ 2364562.805010414682329, 2523936.95096548134461 ], [ 2364562.805010414682329, 2523892.912935664411634 ], [ 2364562.805010414682329, 2523936.95096548134461 ], [ 2364562.805010414682329, 2523892.912935664411634 ], [ 2364562.805010414682329, 2523936.95096548134461 ], [ 2364562.805010414682329, 2523892.912935664411634 ], [ 2364606.842915450688452, 2523892.912935664411634 ], [ 2364650.879902916029096, 2523892.912935664411634 ], [ 2364650.879902916029096, 2523848.874905847012997 ], [ 2364650.879902916029096, 2523804.83779362263158 ], [ 2364694.91689038136974, 2523804.83779362263158 ], [ 2364694.91689038136974, 2523760.799763805698603 ], [ 2364694.91689038136974, 2523716.761733988765627 ], [ 2364738.953877846710384, 2523716.761733988765627 ], [ 2364738.953877846710384, 2523672.72462176438421 ], [ 2364782.990865312051028, 2523672.72462176438421 ], [ 2364827.028770348522812, 2523672.72462176438421 ], [ 2364871.065757813863456, 2523628.686591946985573 ], [ 2364915.1027452792041, 2523628.686591946985573 ], [ 2364915.1027452792041, 2523584.648562130052596 ], [ 2364915.1027452792041, 2523540.610532312653959 ], [ 2364959.139732744544744, 2523496.573420088272542 ], [ 2364915.1027452792041, 2523496.573420088272542 ], [ 2364915.1027452792041, 2523452.535390271339566 ], [ 2364915.1027452792041, 2523408.497360454406589 ], [ 2364959.139732744544744, 2523408.497360454406589 ], [ 2364959.139732744544744, 2523364.459330637007952 ], [ 2365003.176720209885389, 2523364.459330637007952 ], [ 2365003.176720209885389, 2523320.422218412626535 ], [ 2365003.176720209885389, 2523276.384188595693558 ], [ 2365047.213707675226033, 2523276.384188595693558 ], [ 2365047.213707675226033, 2523232.346158778760582 ], [ 2365047.213707675226033, 2523188.308128961361945 ], [ 2365047.213707675226033, 2523144.271016736980528 ], [ 2365047.213707675226033, 2523100.232986920047551 ], [ 2365091.251612711232156, 2523100.232986920047551 ], [ 2365091.251612711232156, 2523056.194957102648914 ], [ 2365091.251612711232156, 2523012.157844878267497 ], [ 2365091.251612711232156, 2522968.119815061334521 ], [ 2365047.213707675226033, 2522968.119815061334521 ], [ 2365047.213707675226033, 2522924.081785244401544 ], [ 2365047.213707675226033, 2522880.043755427002907 ], [ 2365047.213707675226033, 2522836.00664320262149 ], [ 2365047.213707675226033, 2522791.968613385688514 ], [ 2365091.251612711232156, 2522791.968613385688514 ], [ 2365091.251612711232156, 2522747.930583568289876 ], [ 2365135.2886001765728, 2522747.930583568289876 ], [ 2365135.2886001765728, 2522703.8925537513569 ], [ 2365179.325587641913444, 2522659.855441526975483 ], [ 2365179.325587641913444, 2522615.817411710042506 ], [ 2365179.325587641913444, 2522571.779381892643869 ], [ 2365179.325587641913444, 2522527.742269668262452 ], [ 2365223.362575107254088, 2522527.742269668262452 ], [ 2365223.362575107254088, 2522483.704239851329476 ], [ 2365223.362575107254088, 2522439.666210034396499 ], [ 2365223.362575107254088, 2522395.628180216997862 ], [ 2365223.362575107254088, 2522351.591067992616445 ], [ 2365223.362575107254088, 2522307.553038175683469 ], [ 2365267.399562572594732, 2522307.553038175683469 ], [ 2365267.399562572594732, 2522263.515008358284831 ], [ 2365311.437467609066516, 2522263.515008358284831 ], [ 2365355.47445507440716, 2522219.476978541351855 ], [ 2365399.511442539747804, 2522219.476978541351855 ], [ 2365443.548430005088449, 2522175.439866316970438 ], [ 2365443.548430005088449, 2522131.401836500037462 ], [ 2365487.585417470429093, 2522131.401836500037462 ], [ 2365487.585417470429093, 2522087.363806682638824 ], [ 2365531.623322506435215, 2522087.363806682638824 ], [ 2365531.623322506435215, 2522043.325776865705848 ], [ 2365575.66030997177586, 2522043.325776865705848 ], [ 2365575.66030997177586, 2521999.288664641324431 ], [ 2365619.697297437116504, 2521999.288664641324431 ], [ 2365619.697297437116504, 2521955.250634823925793 ], [ 2365619.697297437116504, 2521911.212605006992817 ], [ 2365663.734284902457148, 2521911.212605006992817 ], [ 2365663.734284902457148, 2521867.1754927826114 ], [ 2365663.734284902457148, 2521823.137462965678424 ], [ 2365707.771272367797792, 2521779.099433148279786 ], [ 2365707.771272367797792, 2521735.06140333134681 ], [ 2365707.771272367797792, 2521691.024291106965393 ], [ 2365707.771272367797792, 2521646.986261290032417 ], [ 2365751.808259833138436, 2521646.986261290032417 ], [ 2365795.84616486961022, 2521646.986261290032417 ], [ 2365839.883152334950864, 2521646.986261290032417 ], [ 2365883.920139800291508, 2521646.986261290032417 ], [ 2365927.957127265632153, 2521646.986261290032417 ], [ 2365971.994114730972797, 2521646.986261290032417 ], [ 2366016.03201976697892, 2521646.986261290032417 ], [ 2366016.03201976697892, 2521602.948231472633779 ], [ 2366060.069007232319564, 2521602.948231472633779 ], [ 2366104.105994697660208, 2521602.948231472633779 ], [ 2366104.105994697660208, 2521558.910201655700803 ], [ 2366104.105994697660208, 2521514.873089431319386 ], [ 2366148.142982163000852, 2521514.873089431319386 ], [ 2366148.142982163000852, 2521470.835059613920748 ], [ 2366192.179969628341496, 2521470.835059613920748 ], [ 2366192.179969628341496, 2521426.797029796987772 ], [ 2366236.21787466481328, 2521426.797029796987772 ], [ 2366236.21787466481328, 2521382.758999980054796 ], [ 2366236.21787466481328, 2521338.721887755673379 ], [ 2366280.254862130153924, 2521338.721887755673379 ], [ 2366280.254862130153924, 2521294.683857938274741 ], [ 2366324.291849595494568, 2521294.683857938274741 ], [ 2366324.291849595494568, 2521250.645828121341765 ], [ 2366324.291849595494568, 2521206.608715896960348 ], [ 2366324.291849595494568, 2521162.570686080027372 ], [ 2366324.291849595494568, 2521118.532656262628734 ], [ 2366324.291849595494568, 2521074.494626445695758 ], [ 2366280.254862130153924, 2521030.457514221314341 ], [ 2366280.254862130153924, 2520986.419484403915703 ], [ 2366280.254862130153924, 2520942.381454586982727 ], [ 2366280.254862130153924, 2520898.343424770049751 ], [ 2366280.254862130153924, 2520854.306312545668334 ], [ 2366324.291849595494568, 2520854.306312545668334 ], [ 2366324.291849595494568, 2520810.268282728269696 ], [ 2366324.291849595494568, 2520766.23025291133672 ], [ 2366368.328837060835212, 2520766.23025291133672 ], [ 2366368.328837060835212, 2520722.193140686955303 ], [ 2366368.328837060835212, 2520678.155110869556665 ], [ 2366412.365824526175857, 2520678.155110869556665 ], [ 2366456.402811991516501, 2520678.155110869556665 ], [ 2366456.402811991516501, 2520634.117081052623689 ], [ 2366500.440717027522624, 2520634.117081052623689 ], [ 2366500.440717027522624, 2520590.079051235690713 ], [ 2366544.477704492863268, 2520590.079051235690713 ], [ 2366588.514691958203912, 2520634.117081052623689 ], [ 2366632.551679423544556, 2520634.117081052623689 ], [ 2366676.5886668888852, 2520590.079051235690713 ], [ 2366676.5886668888852, 2520546.041939011309296 ], [ 2366676.5886668888852, 2520502.003909193910658 ], [ 2366676.5886668888852, 2520457.965879376977682 ], [ 2366676.5886668888852, 2520413.927849559579045 ], [ 2366676.5886668888852, 2520369.890737335663289 ], [ 2366720.626571925356984, 2520369.890737335663289 ], [ 2366720.626571925356984, 2520325.852707518264651 ], [ 2366764.663559390697628, 2520325.852707518264651 ], [ 2366764.663559390697628, 2520281.814677701331675 ], [ 2366808.700546856038272, 2520281.814677701331675 ], [ 2366764.663559390697628, 2520281.814677701331675 ], [ 2366808.700546856038272, 2520281.814677701331675 ], [ 2366808.700546856038272, 2520237.776647883933038 ], [ 2366808.700546856038272, 2520193.73953565955162 ], [ 2366764.663559390697628, 2520193.73953565955162 ], [ 2366764.663559390697628, 2520149.701505842618644 ], [ 2366808.700546856038272, 2520149.701505842618644 ], [ 2366808.700546856038272, 2520105.663476025685668 ], [ 2366852.737534321378917, 2520105.663476025685668 ], [ 2366852.737534321378917, 2520061.626363801304251 ], [ 2366852.737534321378917, 2520017.588333983905613 ], [ 2366896.774521786719561, 2520017.588333983905613 ], [ 2366896.774521786719561, 2519973.550304166972637 ], [ 2366852.737534321378917, 2519973.550304166972637 ], [ 2366852.737534321378917, 2519885.475162125192583 ], [ 2366852.737534321378917, 2519841.437132308259606 ], [ 2366852.737534321378917, 2519797.39910249132663 ], [ 2366852.737534321378917, 2519753.361072673927993 ], [ 2366852.737534321378917, 2519709.323960449546576 ], [ 2366852.737534321378917, 2519665.285930632613599 ], [ 2366808.700546856038272, 2519665.285930632613599 ], [ 2366764.663559390697628, 2519665.285930632613599 ], [ 2366720.626571925356984, 2519665.285930632613599 ], [ 2366676.5886668888852, 2519665.285930632613599 ], [ 2366676.5886668888852, 2519621.247900815680623 ], [ 2366676.5886668888852, 2519665.285930632613599 ], [ 2366676.5886668888852, 2519621.247900815680623 ], [ 2366676.5886668888852, 2519665.285930632613599 ], [ 2366676.5886668888852, 2519621.247900815680623 ], [ 2366632.551679423544556, 2519621.247900815680623 ], [ 2366588.514691958203912, 2519621.247900815680623 ], [ 2366544.477704492863268, 2519621.247900815680623 ], [ 2366544.477704492863268, 2519577.209870998281986 ], [ 2366544.477704492863268, 2519533.172758773900568 ], [ 2366544.477704492863268, 2519489.134728956967592 ], [ 2366544.477704492863268, 2519401.059586915187538 ], [ 2366544.477704492863268, 2519357.021557098254561 ], [ 2366544.477704492863268, 2519312.983527281321585 ], [ 2366544.477704492863268, 2519268.945497463922948 ], [ 2366544.477704492863268, 2519224.908385239541531 ], [ 2366544.477704492863268, 2519180.870355422608554 ], [ 2366544.477704492863268, 2519136.832325605209917 ], [ 2366500.440717027522624, 2519092.794295788276941 ], [ 2366456.402811991516501, 2519048.757183563895524 ], [ 2366412.365824526175857, 2519048.757183563895524 ], [ 2366368.328837060835212, 2519048.757183563895524 ], [ 2366324.291849595494568, 2519048.757183563895524 ], [ 2366324.291849595494568, 2519004.719153746962547 ], [ 2366324.291849595494568, 2518960.68112392956391 ], [ 2366324.291849595494568, 2518916.644011705182493 ], [ 2366280.254862130153924, 2518916.644011705182493 ], [ 2366280.254862130153924, 2518872.605981888249516 ], [ 2366236.21787466481328, 2518872.605981888249516 ], [ 2366192.179969628341496, 2518828.56795207131654 ], [ 2366148.142982163000852, 2518828.56795207131654 ], [ 2366148.142982163000852, 2518784.529922253917903 ], [ 2366104.105994697660208, 2518784.529922253917903 ], [ 2366104.105994697660208, 2518740.492810029536486 ], [ 2366104.105994697660208, 2518696.454780212603509 ], [ 2366104.105994697660208, 2518652.416750395204872 ], [ 2366148.142982163000852, 2518652.416750395204872 ], [ 2366148.142982163000852, 2518608.378720578271896 ], [ 2366148.142982163000852, 2518564.341608353890479 ], [ 2366148.142982163000852, 2518520.303578536957502 ], [ 2366104.105994697660208, 2518520.303578536957502 ], [ 2366104.105994697660208, 2518476.265548719558865 ], [ 2366104.105994697660208, 2518432.227518902625889 ], [ 2366104.105994697660208, 2518388.190406678244472 ], [ 2366104.105994697660208, 2518344.152376860845834 ], [ 2366104.105994697660208, 2518300.114347043912858 ], [ 2366104.105994697660208, 2518256.077234819531441 ], [ 2366104.105994697660208, 2518212.039205002598464 ], [ 2366104.105994697660208, 2518168.001175185199827 ], [ 2366104.105994697660208, 2518123.963145368266851 ], [ 2366148.142982163000852, 2518123.963145368266851 ], [ 2366148.142982163000852, 2518079.926033143885434 ], [ 2366148.142982163000852, 2518035.888003326952457 ], [ 2366148.142982163000852, 2517991.84997350955382 ], [ 2366148.142982163000852, 2517947.811943692620844 ], [ 2366192.179969628341496, 2517947.811943692620844 ], [ 2366236.21787466481328, 2517903.774831468239427 ], [ 2366280.254862130153924, 2517859.736801650840789 ], [ 2366280.254862130153924, 2517815.698771833907813 ], [ 2366324.291849595494568, 2517771.660742016974837 ], [ 2366324.291849595494568, 2517727.62362979259342 ], [ 2366324.291849595494568, 2517683.585599975194782 ], [ 2366324.291849595494568, 2517639.547570158261806 ], [ 2366324.291849595494568, 2517595.510457933880389 ], [ 2366280.254862130153924, 2517595.510457933880389 ], [ 2366280.254862130153924, 2517551.472428116947412 ], [ 2366280.254862130153924, 2517507.434398299548775 ], [ 2366280.254862130153924, 2517463.396368482615799 ], [ 2366280.254862130153924, 2517419.359256258234382 ], [ 2366280.254862130153924, 2517375.321226440835744 ], [ 2366280.254862130153924, 2517331.283196623902768 ], [ 2366236.21787466481328, 2517331.283196623902768 ], [ 2366236.21787466481328, 2517287.245166806969792 ], [ 2366192.179969628341496, 2517287.245166806969792 ], [ 2366192.179969628341496, 2517243.208054582588375 ], [ 2366192.179969628341496, 2517199.170024765189737 ], [ 2366192.179969628341496, 2517155.131994948256761 ], [ 2366192.179969628341496, 2517111.094882723875344 ], [ 2366236.21787466481328, 2517111.094882723875344 ], [ 2366236.21787466481328, 2517067.056852906476706 ], [ 2366236.21787466481328, 2517023.01882308954373 ], [ 2366236.21787466481328, 2516978.980793272610754 ], [ 2366236.21787466481328, 2516934.943681048229337 ], [ 2366236.21787466481328, 2516890.905651230830699 ], [ 2366280.254862130153924, 2516890.905651230830699 ], [ 2366280.254862130153924, 2516846.867621413897723 ], [ 2366324.291849595494568, 2516802.829591596499085 ], [ 2366368.328837060835212, 2516802.829591596499085 ], [ 2366368.328837060835212, 2516758.79247937258333 ], [ 2366412.365824526175857, 2516758.79247937258333 ], [ 2366412.365824526175857, 2516714.754449555184692 ], [ 2366456.402811991516501, 2516670.716419738251716 ], [ 2366500.440717027522624, 2516670.716419738251716 ], [ 2366500.440717027522624, 2516626.678389920853078 ], [ 2366544.477704492863268, 2516626.678389920853078 ], [ 2366544.477704492863268, 2516582.641277696471661 ], [ 2366588.514691958203912, 2516582.641277696471661 ], [ 2366588.514691958203912, 2516538.603247879538685 ], [ 2366632.551679423544556, 2516494.565218062605709 ], [ 2366632.551679423544556, 2516450.528105838224292 ], [ 2366676.5886668888852, 2516406.490076020825654 ], [ 2366676.5886668888852, 2516362.452046203892678 ], [ 2366720.626571925356984, 2516362.452046203892678 ], [ 2366720.626571925356984, 2516318.41401638649404 ], [ 2366720.626571925356984, 2516274.376904162112623 ], [ 2366764.663559390697628, 2516274.376904162112623 ], [ 2366808.700546856038272, 2516274.376904162112623 ], [ 2366808.700546856038272, 2516230.338874345179647 ], [ 2366852.737534321378917, 2516186.300844528246671 ], [ 2366852.737534321378917, 2516142.262814710848033 ], [ 2366896.774521786719561, 2516142.262814710848033 ], [ 2366896.774521786719561, 2516098.225702486466616 ], [ 2366896.774521786719561, 2516054.18767266953364 ], [ 2366940.812426823191345, 2516010.149642852600664 ], [ 2366940.812426823191345, 2515966.111613035202026 ], [ 2366940.812426823191345, 2515922.074500810820609 ], [ 2366984.849414288066328, 2515922.074500810820609 ], [ 2367028.886401753406972, 2515922.074500810820609 ], [ 2367028.886401753406972, 2515878.036470993887633 ], [ 2367072.923389218747616, 2515878.036470993887633 ], [ 2367072.923389218747616, 2515833.998441176488996 ], [ 2367116.96037668408826, 2515833.998441176488996 ], [ 2367116.96037668408826, 2515789.961328952107579 ], [ 2367160.997364149428904, 2515745.923299135174602 ], [ 2367160.997364149428904, 2515701.885269318241626 ], [ 2367160.997364149428904, 2515657.847239500842988 ], [ 2367116.96037668408826, 2515657.847239500842988 ], [ 2367116.96037668408826, 2515613.810127276461571 ], [ 2367160.997364149428904, 2515569.772097459528595 ], [ 2367160.997364149428904, 2515525.734067642129958 ], [ 2367160.997364149428904, 2515481.696037825196981 ], [ 2367116.96037668408826, 2515481.696037825196981 ], [ 2367116.96037668408826, 2515437.658925600815564 ], [ 2367072.923389218747616, 2515437.658925600815564 ], [ 2367072.923389218747616, 2515393.620895783882588 ], [ 2367116.96037668408826, 2515393.620895783882588 ], [ 2367116.96037668408826, 2515349.582865966483951 ], [ 2367160.997364149428904, 2515349.582865966483951 ], [ 2367160.997364149428904, 2515305.545753742102534 ], [ 2367160.997364149428904, 2515261.507723925169557 ], [ 2367116.96037668408826, 2515261.507723925169557 ], [ 2367116.96037668408826, 2515217.469694108236581 ], [ 2367160.997364149428904, 2515217.469694108236581 ], [ 2367160.997364149428904, 2515173.431664290837944 ], [ 2367160.997364149428904, 2515129.394552066456527 ], [ 2367160.997364149428904, 2515085.35652224952355 ], [ 2367205.035269185900688, 2515085.35652224952355 ], [ 2367205.035269185900688, 2515041.318492432124913 ], [ 2367205.035269185900688, 2514997.280462615191936 ], [ 2367249.072256651241332, 2514997.280462615191936 ], [ 2367249.072256651241332, 2514953.243350390810519 ], [ 2367249.072256651241332, 2514909.205320573877543 ], [ 2367249.072256651241332, 2514865.167290756478906 ], [ 2367205.035269185900688, 2514865.167290756478906 ], [ 2367205.035269185900688, 2514821.129260939545929 ], [ 2367205.035269185900688, 2514777.092148715164512 ], [ 2367249.072256651241332, 2514777.092148715164512 ], [ 2367249.072256651241332, 2514733.054118897765875 ], [ 2367249.072256651241332, 2514689.016089080832899 ], [ 2367249.072256651241332, 2514644.978976856451482 ], [ 2367249.072256651241332, 2514600.940947039518505 ], [ 2367205.035269185900688, 2514600.940947039518505 ], [ 2367205.035269185900688, 2514556.902917222119868 ], [ 2367160.997364149428904, 2514556.902917222119868 ], [ 2367160.997364149428904, 2514512.864887405186892 ], [ 2367116.96037668408826, 2514512.864887405186892 ], [ 2367116.96037668408826, 2514468.827775180805475 ], [ 2367116.96037668408826, 2514424.789745363872498 ], [ 2367072.923389218747616, 2514424.789745363872498 ], [ 2367072.923389218747616, 2514380.751715546473861 ], [ 2367028.886401753406972, 2514380.751715546473861 ], [ 2366984.849414288066328, 2514380.751715546473861 ], [ 2366984.849414288066328, 2514336.713685729540884 ], [ 2366940.812426823191345, 2514336.713685729540884 ], [ 2366940.812426823191345, 2514292.676573505159467 ], [ 2366940.812426823191345, 2514248.63854368776083 ], [ 2366940.812426823191345, 2514204.600513870827854 ], [ 2366940.812426823191345, 2514160.562484053894877 ], [ 2366940.812426823191345, 2514116.52537182951346 ], [ 2366984.849414288066328, 2514116.52537182951346 ], [ 2366984.849414288066328, 2514072.487342012114823 ], [ 2366984.849414288066328, 2514028.449312195181847 ], [ 2366984.849414288066328, 2513984.41219997080043 ], [ 2366984.849414288066328, 2513940.374170153867453 ], [ 2367028.886401753406972, 2513940.374170153867453 ], [ 2367028.886401753406972, 2513896.336140336468816 ], [ 2367028.886401753406972, 2513852.29811051953584 ], [ 2367028.886401753406972, 2513808.260998295154423 ], [ 2367028.886401753406972, 2513764.222968477755785 ], [ 2367028.886401753406972, 2513720.184938660822809 ], [ 2367072.923389218747616, 2513720.184938660822809 ], [ 2367072.923389218747616, 2513676.146908843889832 ], [ 2367116.96037668408826, 2513676.146908843889832 ], [ 2367116.96037668408826, 2513632.109796619508415 ], [ 2367116.96037668408826, 2513588.071766802109778 ], [ 2367160.997364149428904, 2513588.071766802109778 ], [ 2367205.035269185900688, 2513588.071766802109778 ], [ 2367205.035269185900688, 2513544.033736985176802 ], [ 2367205.035269185900688, 2513499.996624760795385 ], [ 2367160.997364149428904, 2513499.996624760795385 ], [ 2367160.997364149428904, 2513455.958594943396747 ], [ 2367116.96037668408826, 2513455.958594943396747 ], [ 2367116.96037668408826, 2513411.920565126463771 ], [ 2367116.96037668408826, 2513367.882535309530795 ], [ 2367072.923389218747616, 2513367.882535309530795 ], [ 2367072.923389218747616, 2513323.845423085149378 ], [ 2367072.923389218747616, 2513279.80739326775074 ], [ 2367072.923389218747616, 2513235.769363450817764 ], [ 2367072.923389218747616, 2513191.731333633419126 ], [ 2367028.886401753406972, 2513191.731333633419126 ], [ 2367028.886401753406972, 2513147.694221409503371 ], [ 2367028.886401753406972, 2513103.656191592104733 ], [ 2367028.886401753406972, 2513059.618161775171757 ], [ 2367072.923389218747616, 2513059.618161775171757 ], [ 2367072.923389218747616, 2513015.580131957773119 ], [ 2367028.886401753406972, 2513015.580131957773119 ], [ 2366984.849414288066328, 2512971.543019733391702 ], [ 2366940.812426823191345, 2512971.543019733391702 ], [ 2366940.812426823191345, 2512927.504989916458726 ], [ 2366984.849414288066328, 2512927.504989916458726 ], [ 2367028.886401753406972, 2512927.504989916458726 ], [ 2367028.886401753406972, 2512883.46696009952575 ], [ 2366984.849414288066328, 2512883.46696009952575 ], [ 2366940.812426823191345, 2512883.46696009952575 ], [ 2366940.812426823191345, 2512839.429847875144333 ], [ 2366940.812426823191345, 2512795.391818057745695 ], [ 2366984.849414288066328, 2512795.391818057745695 ], [ 2366984.849414288066328, 2512751.353788240812719 ], [ 2366940.812426823191345, 2512751.353788240812719 ], [ 2366940.812426823191345, 2512707.315758423414081 ], [ 2366984.849414288066328, 2512707.315758423414081 ], [ 2367028.886401753406972, 2512663.278646199032664 ], [ 2367028.886401753406972, 2512619.240616382099688 ], [ 2366984.849414288066328, 2512619.240616382099688 ], [ 2366940.812426823191345, 2512619.240616382099688 ], [ 2366940.812426823191345, 2512575.202586565166712 ], [ 2366984.849414288066328, 2512575.202586565166712 ], [ 2366984.849414288066328, 2512531.164556747768074 ], [ 2366984.849414288066328, 2512487.127444523386657 ], [ 2366984.849414288066328, 2512443.089414706453681 ], [ 2367028.886401753406972, 2512443.089414706453681 ], [ 2367028.886401753406972, 2512399.051384889520705 ], [ 2366984.849414288066328, 2512399.051384889520705 ], [ 2366984.849414288066328, 2512355.013355072122067 ], [ 2366940.812426823191345, 2512355.013355072122067 ], [ 2366896.774521786719561, 2512355.013355072122067 ], [ 2366896.774521786719561, 2512310.97624284774065 ], [ 2366852.737534321378917, 2512310.97624284774065 ], [ 2366808.700546856038272, 2512310.97624284774065 ], [ 2366808.700546856038272, 2512355.013355072122067 ], [ 2366808.700546856038272, 2512310.97624284774065 ], [ 2366764.663559390697628, 2512310.97624284774065 ], [ 2366720.626571925356984, 2512310.97624284774065 ], [ 2366720.626571925356984, 2512266.938213030807674 ], [ 2366720.626571925356984, 2512222.900183213409036 ], [ 2366764.663559390697628, 2512222.900183213409036 ], [ 2366808.700546856038272, 2512222.900183213409036 ], [ 2366808.700546856038272, 2512178.863070989027619 ], [ 2366808.700546856038272, 2512134.825041172094643 ], [ 2366764.663559390697628, 2512134.825041172094643 ], [ 2366764.663559390697628, 2512090.787011355161667 ], [ 2366720.626571925356984, 2512090.787011355161667 ], [ 2366764.663559390697628, 2512090.787011355161667 ], [ 2366764.663559390697628, 2512046.748981537763029 ], [ 2366720.626571925356984, 2512046.748981537763029 ], [ 2366720.626571925356984, 2512002.711869313381612 ], [ 2366676.5886668888852, 2512002.711869313381612 ], [ 2366632.551679423544556, 2512002.711869313381612 ], [ 2366632.551679423544556, 2511958.673839496448636 ], [ 2366632.551679423544556, 2511914.635809679049999 ], [ 2366632.551679423544556, 2511870.597779862117022 ], [ 2366632.551679423544556, 2511826.560667637735605 ], [ 2366632.551679423544556, 2511782.522637820802629 ], [ 2366632.551679423544556, 2511738.484608003403991 ], [ 2366588.514691958203912, 2511738.484608003403991 ], [ 2366588.514691958203912, 2511694.447495779022574 ], [ 2366544.477704492863268, 2511694.447495779022574 ], [ 2366544.477704492863268, 2511650.409465962089598 ], [ 2366544.477704492863268, 2511606.371436145156622 ], [ 2366500.440717027522624, 2511562.333406327757984 ], [ 2366500.440717027522624, 2511518.296294103376567 ], [ 2366500.440717027522624, 2511474.258264286443591 ], [ 2366500.440717027522624, 2511430.220234469044954 ], [ 2366456.402811991516501, 2511430.220234469044954 ], [ 2366412.365824526175857, 2511430.220234469044954 ], [ 2366412.365824526175857, 2511386.182204652111977 ], [ 2366368.328837060835212, 2511386.182204652111977 ], [ 2366368.328837060835212, 2511342.14509242773056 ], [ 2366324.291849595494568, 2511342.14509242773056 ], [ 2366280.254862130153924, 2511342.14509242773056 ], [ 2366280.254862130153924, 2511298.107062610797584 ], [ 2366236.21787466481328, 2511298.107062610797584 ], [ 2366236.21787466481328, 2511254.069032793398947 ], [ 2366192.179969628341496, 2511254.069032793398947 ], [ 2366192.179969628341496, 2511210.03100297646597 ], [ 2366148.142982163000852, 2511210.03100297646597 ], [ 2366104.105994697660208, 2511210.03100297646597 ], [ 2366104.105994697660208, 2511254.069032793398947 ], [ 2366060.069007232319564, 2511254.069032793398947 ], [ 2366060.069007232319564, 2511210.03100297646597 ], [ 2366016.03201976697892, 2511210.03100297646597 ], [ 2366016.03201976697892, 2511165.993890752084553 ], [ 2365971.994114730972797, 2511165.993890752084553 ], [ 2365971.994114730972797, 2511121.955860934685916 ], [ 2365971.994114730972797, 2511077.917831117752939 ], [ 2365971.994114730972797, 2511033.880718893371522 ], [ 2365927.957127265632153, 2511033.880718893371522 ], [ 2365883.920139800291508, 2511033.880718893371522 ], [ 2365839.883152334950864, 2511033.880718893371522 ], [ 2365795.84616486961022, 2511033.880718893371522 ] ] } },
{ "type": "Feature", "properties": { }, "geometry": { "type": "LineString", "coordinates": [ [ 2365795.84616486961022, 2511033.880718893371522 ], [ 2365795.84616486961022, 2511077.917831117752939 ], [ 2365751.808259833138436, 2511077.917831117752939 ], [ 2365751.808259833138436, 2511033.880718893371522 ], [ 2365707.771272367797792, 2511033.880718893371522 ], [ 2365663.734284902457148, 2511033.880718893371522 ], [ 2365619.697297437116504, 2511033.880718893371522 ], [ 2365619.697297437116504, 2511077.917831117752939 ], [ 2365575.66030997177586, 2511077.917831117752939 ], [ 2365575.66030997177586, 2511121.955860934685916 ], [ 2365531.623322506435215, 2511121.955860934685916 ], [ 2365531.623322506435215, 2511165.993890752084553 ], [ 2365487.585417470429093, 2511165.993890752084553 ], [ 2365487.585417470429093, 2511210.03100297646597 ], [ 2365443.548430005088449, 2511210.03100297646597 ], [ 2365487.585417470429093, 2511254.069032793398947 ], [ 2365443.548430005088449, 2511254.069032793398947 ], [ 2365443.548430005088449, 2511298.107062610797584 ], [ 2365399.511442539747804, 2511298.107062610797584 ], [ 2365355.47445507440716, 2511298.107062610797584 ], [ 2365355.47445507440716, 2511342.14509242773056 ], [ 2365311.437467609066516, 2511342.14509242773056 ], [ 2365267.399562572594732, 2511342.14509242773056 ], [ 2365267.399562572594732, 2511298.107062610797584 ], [ 2365223.362575107254088, 2511298.107062610797584 ], [ 2365223.362575107254088, 2511254.069032793398947 ], [ 2365179.325587641913444, 2511210.03100297646597 ], [ 2365179.325587641913444, 2511165.993890752084553 ], [ 2365223.362575107254088, 2511165.993890752084553 ], [ 2365223.362575107254088, 2511121.955860934685916 ], [ 2365267.399562572594732, 2511121.955860934685916 ], [ 2365267.399562572594732, 2511077.917831117752939 ], [ 2365267.399562572594732, 2511033.880718893371522 ], [ 2365223.362575107254088, 2511033.880718893371522 ], [ 2365223.362575107254088, 2510989.842689076438546 ], [ 2365223.362575107254088, 2510945.804659259039909 ], [ 2365179.325587641913444, 2510945.804659259039909 ], [ 2365179.325587641913444, 2510901.766629442106932 ], [ 2365179.325587641913444, 2510945.804659259039909 ], [ 2365135.2886001765728, 2510945.804659259039909 ], [ 2365135.2886001765728, 2510901.766629442106932 ], [ 2365091.251612711232156, 2510901.766629442106932 ], [ 2365047.213707675226033, 2510901.766629442106932 ], [ 2365047.213707675226033, 2510857.729517217725515 ], [ 2365047.213707675226033, 2510813.691487400792539 ], [ 2365091.251612711232156, 2510813.691487400792539 ], [ 2365091.251612711232156, 2510769.653457583393902 ], [ 2365091.251612711232156, 2510725.615427766460925 ], [ 2365047.213707675226033, 2510725.615427766460925 ], [ 2365047.213707675226033, 2510681.578315542079508 ], [ 2365003.176720209885389, 2510681.578315542079508 ], [ 2364959.139732744544744, 2510681.578315542079508 ], [ 2364915.1027452792041, 2510681.578315542079508 ], [ 2364915.1027452792041, 2510725.615427766460925 ], [ 2364915.1027452792041, 2510681.578315542079508 ], [ 2364915.1027452792041, 2510637.540285724680871 ], [ 2364871.065757813863456, 2510637.540285724680871 ], [ 2364827.028770348522812, 2510593.502255907747895 ], [ 2364782.990865312051028, 2510593.502255907747895 ], [ 2364738.953877846710384, 2510593.502255907747895 ], [ 2364738.953877846710384, 2510549.465143683366477 ], [ 2364738.953877846710384, 2510505.427113866433501 ], [ 2364738.953877846710384, 2510461.389084049034864 ], [ 2364782.990865312051028, 2510417.351054232101887 ], [ 2364782.990865312051028, 2510373.31394200772047 ], [ 2364827.028770348522812, 2510373.31394200772047 ], [ 2364827.028770348522812, 2510329.275912190787494 ], [ 2364871.065757813863456, 2510329.275912190787494 ], [ 2364871.065757813863456, 2510285.237882373388857 ], [ 2364915.1027452792041, 2510285.237882373388857 ], [ 2364915.1027452792041, 2510241.19985255645588 ], [ 2364915.1027452792041, 2510197.162740332074463 ], [ 2364915.1027452792041, 2510153.124710514675826 ], [ 2364959.139732744544744, 2510153.124710514675826 ], [ 2364959.139732744544744, 2510109.08668069774285 ], [ 2364959.139732744544744, 2510065.048650880809873 ], [ 2365003.176720209885389, 2510065.048650880809873 ], [ 2365003.176720209885389, 2510021.011538656428456 ], [ 2365003.176720209885389, 2509976.973508839029819 ], [ 2364959.139732744544744, 2509976.973508839029819 ], [ 2364959.139732744544744, 2509932.935479022096843 ], [ 2364915.1027452792041, 2509932.935479022096843 ], [ 2364915.1027452792041, 2509888.898366797715425 ], [ 2364915.1027452792041, 2509932.935479022096843 ], [ 2364871.065757813863456, 2509932.935479022096843 ], [ 2364871.065757813863456, 2509888.898366797715425 ], [ 2364827.028770348522812, 2509888.898366797715425 ], [ 2364827.028770348522812, 2509844.860336980316788 ], [ 2364827.028770348522812, 2509800.822307163383812 ], [ 2364782.990865312051028, 2509800.822307163383812 ], [ 2364782.990865312051028, 2509756.784277346450835 ], [ 2364782.990865312051028, 2509712.747165122069418 ], [ 2364738.953877846710384, 2509712.747165122069418 ], [ 2364694.91689038136974, 2509712.747165122069418 ], [ 2364694.91689038136974, 2509668.709135304670781 ], [ 2364650.879902916029096, 2509668.709135304670781 ], [ 2364606.842915450688452, 2509624.671105487737805 ], [ 2364606.842915450688452, 2509580.633075670339167 ], [ 2364562.805010414682329, 2509580.633075670339167 ], [ 2364562.805010414682329, 2509536.595963446423411 ], [ 2364518.768022949341685, 2509536.595963446423411 ], [ 2364518.768022949341685, 2509492.557933629024774 ], [ 2364474.73103548400104, 2509492.557933629024774 ], [ 2364474.73103548400104, 2509536.595963446423411 ], [ 2364430.694048018660396, 2509536.595963446423411 ], [ 2364430.694048018660396, 2509492.557933629024774 ], [ 2364386.657060553319752, 2509492.557933629024774 ], [ 2364386.657060553319752, 2509448.519903812091798 ], [ 2364342.619155516847968, 2509448.519903812091798 ], [ 2364298.582168051507324, 2509448.519903812091798 ], [ 2364298.582168051507324, 2509404.48187399469316 ], [ 2364254.54518058616668, 2509404.48187399469316 ], [ 2364254.54518058616668, 2509360.444761770311743 ], [ 2364210.508193120826036, 2509360.444761770311743 ], [ 2364210.508193120826036, 2509404.48187399469316 ], [ 2364166.471205655485392, 2509404.48187399469316 ], [ 2364166.471205655485392, 2509360.444761770311743 ], [ 2364166.471205655485392, 2509316.406731953378767 ], [ 2364122.434218190144747, 2509316.406731953378767 ], [ 2364122.434218190144747, 2509272.368702136445791 ], [ 2364166.471205655485392, 2509272.368702136445791 ], [ 2364166.471205655485392, 2509228.331589912064373 ], [ 2364210.508193120826036, 2509228.331589912064373 ], [ 2364210.508193120826036, 2509184.293560094665736 ], [ 2364210.508193120826036, 2509140.25553027773276 ], [ 2364254.54518058616668, 2509096.217500460334122 ], [ 2364254.54518058616668, 2509052.180388235952705 ], [ 2364210.508193120826036, 2509052.180388235952705 ], [ 2364210.508193120826036, 2509008.142358419019729 ], [ 2364166.471205655485392, 2509008.142358419019729 ], [ 2364122.434218190144747, 2509008.142358419019729 ], [ 2364122.434218190144747, 2508964.104328602086753 ], [ 2364078.396313154138625, 2508964.104328602086753 ], [ 2364078.396313154138625, 2508920.066298784688115 ], [ 2364078.396313154138625, 2508876.029186560306698 ], [ 2364034.359325688797981, 2508876.029186560306698 ], [ 2363990.322338223457336, 2508876.029186560306698 ], [ 2363990.322338223457336, 2508831.991156743373722 ], [ 2363946.285350758116692, 2508831.991156743373722 ], [ 2363902.248363292776048, 2508831.991156743373722 ], [ 2363902.248363292776048, 2508876.029186560306698 ], [ 2363858.210458256304264, 2508876.029186560306698 ], [ 2363814.17347079096362, 2508876.029186560306698 ], [ 2363770.136483325622976, 2508876.029186560306698 ], [ 2363770.136483325622976, 2508831.991156743373722 ], [ 2363726.099495860282332, 2508831.991156743373722 ], [ 2363682.062508394941688, 2508831.991156743373722 ], [ 2363638.025520929601043, 2508831.991156743373722 ], [ 2363593.987615893594921, 2508831.991156743373722 ], [ 2363549.950628428254277, 2508831.991156743373722 ], [ 2363505.913640962913632, 2508787.953126926440746 ], [ 2363461.876653497572988, 2508787.953126926440746 ], [ 2363461.876653497572988, 2508743.916014702059329 ], [ 2363417.839666032232344, 2508743.916014702059329 ], [ 2363417.839666032232344, 2508699.877984884660691 ], [ 2363461.876653497572988, 2508699.877984884660691 ], [ 2363461.876653497572988, 2508655.839955067727715 ], [ 2363461.876653497572988, 2508611.801925250329077 ], [ 2363417.839666032232344, 2508611.801925250329077 ], [ 2363417.839666032232344, 2508567.76481302594766 ], [ 2363417.839666032232344, 2508523.726783209014684 ], [ 2363417.839666032232344, 2508479.688753392081708 ], [ 2363417.839666032232344, 2508435.65072357468307 ], [ 2363461.876653497572988, 2508435.65072357468307 ], [ 2363461.876653497572988, 2508391.613611350301653 ], [ 2363505.913640962913632, 2508347.575581533368677 ], [ 2363505.913640962913632, 2508303.537551715970039 ], [ 2363505.913640962913632, 2508259.499521899037063 ], [ 2363461.876653497572988, 2508259.499521899037063 ], [ 2363461.876653497572988, 2508215.462409674655646 ], [ 2363417.839666032232344, 2508215.462409674655646 ], [ 2363417.839666032232344, 2508171.42437985772267 ], [ 2363417.839666032232344, 2508127.386350040324032 ], [ 2363417.839666032232344, 2508083.349237815942615 ], [ 2363417.839666032232344, 2508039.311207999009639 ], [ 2363461.876653497572988, 2508039.311207999009639 ], [ 2363461.876653497572988, 2507995.273178182076663 ], [ 2363461.876653497572988, 2507951.235148364678025 ], [ 2363461.876653497572988, 2507907.198036140296608 ], [ 2363461.876653497572988, 2507863.160006323363632 ], [ 2363461.876653497572988, 2507819.121976505964994 ], [ 2363461.876653497572988, 2507775.083946689032018 ], [ 2363505.913640962913632, 2507731.046834464650601 ], [ 2363505.913640962913632, 2507687.008804647717625 ], [ 2363505.913640962913632, 2507642.970774830318987 ], [ 2363549.950628428254277, 2507598.932745013386011 ], [ 2363549.950628428254277, 2507554.895632789004594 ], [ 2363549.950628428254277, 2507510.857602971605957 ], [ 2363593.987615893594921, 2507510.857602971605957 ], [ 2363593.987615893594921, 2507466.81957315467298 ], [ 2363593.987615893594921, 2507422.782460930291563 ], [ 2363593.987615893594921, 2507378.744431113358587 ], [ 2363593.987615893594921, 2507334.706401295959949 ], [ 2363593.987615893594921, 2507290.668371479026973 ], [ 2363638.025520929601043, 2507290.668371479026973 ], [ 2363638.025520929601043, 2507246.631259254645556 ], [ 2363593.987615893594921, 2507246.631259254645556 ], [ 2363593.987615893594921, 2507202.59322943771258 ], [ 2363638.025520929601043, 2507158.555199620313942 ], [ 2363593.987615893594921, 2507158.555199620313942 ], [ 2363593.987615893594921, 2507114.517169803380966 ], [ 2363593.987615893594921, 2507070.480057578999549 ], [ 2363549.950628428254277, 2507070.480057578999549 ], [ 2363505.913640962913632, 2507070.480057578999549 ], [ 2363505.913640962913632, 2507026.442027761600912 ], [ 2363505.913640962913632, 2506982.403997944667935 ], [ 2363505.913640962913632, 2506938.366885720286518 ], [ 2363505.913640962913632, 2506894.328855903353542 ], [ 2363461.876653497572988, 2506894.328855903353542 ], [ 2363461.876653497572988, 2506850.290826085954905 ], [ 2363461.876653497572988, 2506806.252796269021928 ], [ 2363417.839666032232344, 2506806.252796269021928 ], [ 2363417.839666032232344, 2506762.215684044640511 ], [ 2363417.839666032232344, 2506718.177654227241874 ], [ 2363417.839666032232344, 2506674.139624410308897 ], [ 2363417.839666032232344, 2506630.101594593375921 ], [ 2363417.839666032232344, 2506586.064482368994504 ], [ 2363461.876653497572988, 2506586.064482368994504 ], [ 2363505.913640962913632, 2506586.064482368994504 ], [ 2363549.950628428254277, 2506586.064482368994504 ], [ 2363593.987615893594921, 2506586.064482368994504 ], [ 2363638.025520929601043, 2506586.064482368994504 ], [ 2363682.062508394941688, 2506542.026452551595867 ], [ 2363726.099495860282332, 2506542.026452551595867 ], [ 2363726.099495860282332, 2506497.98842273466289 ], [ 2363726.099495860282332, 2506453.950392917729914 ], [ 2363726.099495860282332, 2506409.913280693348497 ], [ 2363726.099495860282332, 2506365.87525087594986 ], [ 2363770.136483325622976, 2506365.87525087594986 ], [ 2363770.136483325622976, 2506321.837221059016883 ], [ 2363770.136483325622976, 2506277.800108834635466 ], [ 2363726.099495860282332, 2506277.800108834635466 ], [ 2363726.099495860282332, 2506233.762079017236829 ], [ 2363770.136483325622976, 2506233.762079017236829 ], [ 2363770.136483325622976, 2506189.724049200303853 ], [ 2363770.136483325622976, 2506145.686019383370876 ], [ 2363814.17347079096362, 2506101.648907158989459 ], [ 2363814.17347079096362, 2506057.610877341590822 ], [ 2363814.17347079096362, 2506013.572847524657845 ], [ 2363858.210458256304264, 2506013.572847524657845 ], [ 2363858.210458256304264, 2505969.534817707724869 ], [ 2363902.248363292776048, 2505969.534817707724869 ], [ 2363902.248363292776048, 2505925.497705483343452 ], [ 2363858.210458256304264, 2505925.497705483343452 ], [ 2363726.099495860282332, 2505925.497705483343452 ], [ 2363461.876653497572988, 2505969.534817707724869 ], [ 2363285.727786065079272, 2506013.572847524657845 ], [ 2363241.690798599738628, 2506013.572847524657845 ], [ 2363109.578918633051217, 2506013.572847524657845 ], [ 2362977.467956237029284, 2506013.572847524657845 ], [ 2362713.24511387385428, 2506057.610877341590822 ], [ 2362581.133233907166868, 2506101.648907158989459 ], [ 2362537.096246441826224, 2506101.648907158989459 ], [ 2362449.021353940013796, 2506101.648907158989459 ], [ 2362404.984366474673152, 2506101.648907158989459 ], [ 2362316.910391543991864, 2506101.648907158989459 ], [ 2362272.87340407865122, 2506101.648907158989459 ], [ 2362228.836416613310575, 2506145.686019383370876 ], [ 2362184.798511576838791, 2506145.686019383370876 ], [ 2362140.761524111498147, 2506145.686019383370876 ], [ 2362096.724536646623164, 2506145.686019383370876 ], [ 2362052.68754918128252, 2506145.686019383370876 ], [ 2361744.426801781635731, 2506189.724049200303853 ], [ 2361524.241864455398172, 2506233.762079017236829 ], [ 2361392.1299844882451, 2506233.762079017236829 ], [ 2361348.092997022904456, 2506233.762079017236829 ], [ 2361304.056009557563812, 2506233.762079017236829 ], [ 2361260.018104521092027, 2506365.87525087594986 ], [ 2361215.981117055751383, 2506409.913280693348497 ], [ 2361171.944129590410739, 2506453.950392917729914 ], [ 2361171.944129590410739, 2506497.98842273466289 ], [ 2361127.907142125535756, 2506497.98842273466289 ], [ 2361083.870154660195112, 2506497.98842273466289 ], [ 2360995.795262158382684, 2506497.98842273466289 ], [ 2360951.75827469304204, 2506497.98842273466289 ], [ 2360775.609407260548323, 2506542.026452551595867 ], [ 2360555.423552363179624, 2506586.064482368994504 ], [ 2360291.20071, 2506586.064482368994504 ], [ 2360159.089747603982687, 2506630.101594593375921 ], [ 2360115.052760139107704, 2506630.101594593375921 ], [ 2360071.01485510263592, 2506630.101594593375921 ], [ 2360026.977867637295276, 2506586.064482368994504 ], [ 2360026.977867637295276, 2506542.026452551595867 ], [ 2360026.977867637295276, 2506630.101594593375921 ], [ 2358397.602908423170447, 2506850.290826085954905 ], [ 2358353.565920957829803, 2506850.290826085954905 ], [ 2358309.528933492489159, 2506806.252796269021928 ], [ 2357428.785513902083039, 2506321.837221059016883 ], [ 2356988.413804106879979, 2506145.686019383370876 ], [ 2356988.413804106879979, 2506101.648907158989459 ], [ 2356592.079999348148704, 2506101.648907158989459 ], [ 2356459.968119380995631, 2506101.648907158989459 ], [ 2356195.745277018286288, 2506101.648907158989459 ], [ 2356019.596409585792571, 2506101.648907158989459 ], [ 2355050.779015064705163, 2506057.610877341590822 ], [ 2355182.890895031858236, 2506938.366885720286518 ], [ 2353949.849740576464683, 2507114.517169803380966 ], [ 2353905.812753111124039, 2507114.517169803380966 ], [ 2353861.775765645783395, 2507114.517169803380966 ], [ 2353817.73877818044275, 2507114.517169803380966 ], [ 2353773.701790715567768, 2507158.555199620313942 ], [ 2353685.626898213755339, 2507114.517169803380966 ], [ 2353641.589910748414695, 2507158.555199620313942 ], [ 2353597.552923283074051, 2507158.555199620313942 ], [ 2353553.515935817733407, 2507158.555199620313942 ], [ 2353553.515935817733407, 2507202.59322943771258 ], [ 2353509.478948352392763, 2507202.59322943771258 ], [ 2353465.441043315920979, 2507202.59322943771258 ], [ 2353377.367068385239691, 2507202.59322943771258 ], [ 2353333.330080919899046, 2507202.59322943771258 ], [ 2353289.293093455024064, 2507202.59322943771258 ], [ 2353245.255188418552279, 2507202.59322943771258 ], [ 2353201.218200953211635, 2507202.59322943771258 ], [ 2353201.218200953211635, 2507246.631259254645556 ], [ 2353201.218200953211635, 2507290.668371479026973 ], [ 2353245.255188418552279, 2507687.008804647717625 ], [ 2353289.293093455024064, 2507951.235148364678025 ], [ 2353289.293093455024064, 2508215.462409674655646 ], [ 2352981.032346055377275, 2508259.499521899037063 ], [ 2352716.809503692667931, 2508303.537551715970039 ], [ 2352672.772516227327287, 2508039.311207999009639 ], [ 2352496.623648794833571, 2508039.311207999009639 ], [ 2352496.623648794833571, 2508171.42437985772267 ], [ 2352100.289844036102295, 2508215.462409674655646 ], [ 2352100.289844036102295, 2508259.499521899037063 ], [ 2351615.881146775558591, 2508303.537551715970039 ], [ 2351571.843241739086807, 2508303.537551715970039 ], [ 2351483.769266808405519, 2508303.537551715970039 ], [ 2351395.69529187772423, 2508347.575581533368677 ], [ 2351043.397557013202459, 2508391.613611350301653 ], [ 2351043.397557013202459, 2508435.65072357468307 ], [ 2350867.248689581174403, 2508435.65072357468307 ], [ 2350470.914884821977466, 2508435.65072357468307 ], [ 2350426.876979785971344, 2508435.65072357468307 ], [ 2350382.839992320630699, 2508435.65072357468307 ], [ 2350338.803004855290055, 2508479.688753392081708 ], [ 2350118.617149957455695, 2508479.688753392081708 ], [ 2349898.431295060086995, 2508523.726783209014684 ], [ 2349546.134477766230702, 2508567.76481302594766 ], [ 2349325.948622868862003, 2508611.801925250329077 ], [ 2349237.873730367049575, 2508611.801925250329077 ], [ 2349105.762767971027642, 2508655.839955067727715 ], [ 2348973.650888004340231, 2508655.839955067727715 ], [ 2348929.613900538999587, 2508655.839955067727715 ], [ 2348885.576913073658943, 2508655.839955067727715 ], [ 2348841.539925608318299, 2508655.839955067727715 ], [ 2348797.502938142977655, 2508655.839955067727715 ], [ 2348709.428045641165227, 2508655.839955067727715 ], [ 2348709.428045641165227, 2508699.877984884660691 ], [ 2348621.354070710483938, 2508699.877984884660691 ], [ 2348577.317083245143294, 2508699.877984884660691 ], [ 2348489.242190743796527, 2508699.877984884660691 ], [ 2348401.168215813115239, 2508699.877984884660691 ], [ 2348357.131228347774595, 2508699.877984884660691 ], [ 2348269.056335845962167, 2508699.877984884660691 ], [ 2348225.019348380621523, 2508743.916014702059329 ], [ 2348180.982360915280879, 2508743.916014702059329 ], [ 2348136.945373449940234, 2508743.916014702059329 ], [ 2348092.90838598459959, 2508743.916014702059329 ], [ 2348048.870480948127806, 2508743.916014702059329 ], [ 2347960.796506017912179, 2508787.953126926440746 ], [ 2347872.722531087230891, 2508787.953126926440746 ], [ 2347652.53667618939653, 2508831.991156743373722 ], [ 2347564.461783687584102, 2508831.991156743373722 ], [ 2343424.969363240525126, 2509404.48187399469316 ], [ 2343116.708615841343999, 2509448.519903812091798 ], [ 2343160.746520877350122, 2509272.368702136445791 ], [ 2343292.857483273372054, 2508964.104328602086753 ], [ 2343469.006350705865771, 2508655.839955067727715 ], [ 2343424.969363240525126, 2508567.76481302594766 ], [ 2343336.894470738712698, 2508567.76481302594766 ], [ 2343204.783508342690766, 2508699.877984884660691 ], [ 2343160.746520877350122, 2508699.877984884660691 ], [ 2343028.634640910662711, 2508655.839955067727715 ], [ 2343028.634640910662711, 2508611.801925250329077 ], [ 2342191.929126356262714, 2508699.877984884660691 ], [ 2340738.702117003500462, 2508831.991156743373722 ], [ 2340826.77700950531289, 2509492.557933629024774 ], [ 2337964.36181340739131, 2509800.822307163383812 ], [ 2337876.286920905578882, 2509008.142358419019729 ], [ 2337832.249933440238237, 2509008.142358419019729 ], [ 2337788.212945974897593, 2509008.142358419019729 ], [ 2337744.175958509556949, 2509008.142358419019729 ], [ 2337700.138053473550826, 2509008.142358419019729 ], [ 2337656.101066008210182, 2509008.142358419019729 ], [ 2337479.953116146847606, 2509052.180388235952705 ], [ 2336643.24668402178213, 2509140.25553027773276 ], [ 2336555.172709091100842, 2509184.293560094665736 ], [ 2336467.097816589288414, 2509184.293560094665736 ], [ 2336379.023841658607125, 2509184.293560094665736 ], [ 2336334.986854193266481, 2509184.293560094665736 ], [ 2336246.911961691919714, 2509184.293560094665736 ], [ 2335982.689119328744709, 2509228.331589912064373 ], [ 2335718.466276966035366, 2509272.368702136445791 ], [ 2335454.243434602860361, 2509272.368702136445791 ], [ 2335410.206447137519717, 2509272.368702136445791 ], [ 2335366.169459672179073, 2509272.368702136445791 ], [ 2335322.13155463617295, 2509272.368702136445791 ], [ 2335278.094567170832306, 2509272.368702136445791 ], [ 2334969.834737342316657, 2509316.406731953378767 ], [ 2334925.797749876976013, 2509316.406731953378767 ], [ 2334881.760762411635369, 2509316.406731953378767 ], [ 2334837.722857375629246, 2509316.406731953378767 ], [ 2334793.685869910288602, 2509316.406731953378767 ], [ 2334705.611894979607314, 2509360.444761770311743 ], [ 2334661.57490751426667, 2509360.444761770311743 ], [ 2334617.537002477794886, 2509360.444761770311743 ], [ 2333824.868475389201194, 2509448.519903812091798 ], [ 2333164.310910696163774, 2509536.595963446423411 ], [ 2333120.273923230823129, 2509536.595963446423411 ], [ 2333076.236935765482485, 2509536.595963446423411 ], [ 2333076.236935765482485, 2509580.633075670339167 ], [ 2333032.199948300141841, 2509580.633075670339167 ], [ 2332988.162043263670057, 2509580.633075670339167 ], [ 2332944.125055798329413, 2509448.519903812091798 ], [ 2332944.125055798329413, 2509360.444761770311743 ], [ 2332988.162043263670057, 2509360.444761770311743 ], [ 2332988.162043263670057, 2509316.406731953378767 ], [ 2332944.125055798329413, 2509228.331589912064373 ], [ 2332944.125055798329413, 2509184.293560094665736 ], [ 2332944.125055798329413, 2509052.180388235952705 ], [ 2332900.088068332988769, 2508787.953126926440746 ], [ 2332900.088068332988769, 2508743.916014702059329 ], [ 2332856.051080868113786, 2508743.916014702059329 ], [ 2332459.716358537785709, 2508787.953126926440746 ], [ 2332371.642383607570082, 2508787.953126926440746 ], [ 2332283.567491105757654, 2508787.953126926440746 ], [ 2332239.53050364041701, 2508831.991156743373722 ], [ 2332063.381636207923293, 2508831.991156743373722 ], [ 2331314.750096584670246, 2508920.066298784688115 ], [ 2331314.750096584670246, 2508743.916014702059329 ], [ 2331314.750096584670246, 2508699.877984884660691 ], [ 2331314.750096584670246, 2508655.839955067727715 ], [ 2331270.713109119329602, 2508611.801925250329077 ], [ 2331270.713109119329602, 2508523.726783209014684 ], [ 2331226.676121653988957, 2508435.65072357468307 ], [ 2331182.639134188648313, 2508391.613611350301653 ], [ 2331182.639134188648313, 2508259.499521899037063 ], [ 2331182.639134188648313, 2508171.42437985772267 ], [ 2331138.602146723307669, 2508127.386350040324032 ], [ 2331138.602146723307669, 2508083.349237815942615 ], [ 2331138.602146723307669, 2507907.198036140296608 ], [ 2331094.564241686835885, 2507731.046834464650601 ], [ 2331094.564241686835885, 2507554.895632789004594 ], [ 2331050.527254221495241, 2507334.706401295959949 ], [ 2331050.527254221495241, 2507158.555199620313942 ], [ 2331006.490266756154597, 2506982.403997944667935 ], [ 2331006.490266756154597, 2506806.252796269021928 ], [ 2330962.453279290813953, 2506630.101594593375921 ], [ 2330962.453279290813953, 2506453.950392917729914 ], [ 2330918.416291825473309, 2506277.800108834635466 ], [ 2330918.416291825473309, 2506145.686019383370876 ], [ 2330918.416291825473309, 2506101.648907158989459 ], [ 2330874.378386789467186, 2505837.421645849011838 ], [ 2330830.341399324126542, 2505573.195302131585777 ], [ 2330786.304411858785897, 2505308.968040821608156 ], [ 2330786.304411858785897, 2505044.741697104647756 ], [ 2330742.267424393445253, 2504868.590495429001749 ], [ 2330698.230436928104609, 2504648.401263935957104 ], [ 2330698.230436928104609, 2504472.250979852862656 ], [ 2330698.230436928104609, 2504384.174920218996704 ], [ 2330654.192531891632825, 2504252.061748360283673 ], [ 2330654.192531891632825, 2504163.985688725952059 ], [ 2330654.192531891632825, 2504119.948576501570642 ], [ 2330654.192531891632825, 2504075.910546684637666 ], [ 2330654.192531891632825, 2504031.872516867239028 ], [ 2330610.155544426292181, 2503899.759345008525997 ], [ 2330522.081569495610893, 2503107.079396264627576 ], [ 2330434.007594564929605, 2502534.587761420290917 ], [ 2330434.007594564929605, 2502490.5506491959095 ], [ 2330434.007594564929605, 2502446.512619378510863 ], [ 2330478.044582030270249, 2502402.474589561577886 ], [ 2330434.007594564929605, 2502402.474589561577886 ], [ 2330345.932702063582838, 2502402.474589561577886 ], [ 2330125.746847165748477, 2502446.512619378510863 ], [ 2330037.672872235067189, 2502446.512619378510863 ], [ 2329993.635884769726545, 2502446.512619378510863 ], [ 2329949.597979733720422, 2502446.512619378510863 ], [ 2329949.597979733720422, 2502402.474589561577886 ], [ 2329949.597979733720422, 2502358.436559744179249 ], [ 2329949.597979733720422, 2502314.399447520263493 ], [ 2329949.597979733720422, 2502270.361417702864856 ], [ 2329993.635884769726545, 2502270.361417702864856 ], [ 2330037.672872235067189, 2502270.361417702864856 ], [ 2330037.672872235067189, 2502226.323387885931879 ], [ 2330081.709859700407833, 2502226.323387885931879 ], [ 2330081.709859700407833, 2502182.285358068533242 ], [ 2330081.709859700407833, 2502138.248245844151825 ], [ 2330125.746847165748477, 2502138.248245844151825 ], [ 2330125.746847165748477, 2502094.210216027218848 ], [ 2330169.783834631089121, 2502094.210216027218848 ], [ 2330169.783834631089121, 2502050.172186210285872 ], [ 2330125.746847165748477, 2502050.172186210285872 ], [ 2330169.783834631089121, 2502050.172186210285872 ], [ 2330169.783834631089121, 2502006.135073985904455 ], [ 2330169.783834631089121, 2501962.097044168505818 ], [ 2330125.746847165748477, 2501962.097044168505818 ], [ 2330125.746847165748477, 2502006.135073985904455 ], [ 2330081.709859700407833, 2502006.135073985904455 ], [ 2330081.709859700407833, 2501962.097044168505818 ], [ 2330037.672872235067189, 2501962.097044168505818 ], [ 2330037.672872235067189, 2501918.059014351572841 ], [ 2330081.709859700407833, 2501874.020984534174204 ], [ 2330037.672872235067189, 2501874.020984534174204 ], [ 2330081.709859700407833, 2501874.020984534174204 ], [ 2330081.709859700407833, 2501829.983872310258448 ], [ 2330125.746847165748477, 2501829.983872310258448 ], [ 2330169.783834631089121, 2501829.983872310258448 ], [ 2330213.821739667560905, 2501829.983872310258448 ], [ 2330213.821739667560905, 2501785.945842492859811 ], [ 2330213.821739667560905, 2501741.907812675926834 ], [ 2330257.858727132901549, 2501697.869782858528197 ], [ 2330257.858727132901549, 2501741.907812675926834 ], [ 2330301.895714598242193, 2501741.907812675926834 ], [ 2330345.932702063582838, 2501741.907812675926834 ], [ 2330345.932702063582838, 2501697.869782858528197 ], [ 2330345.932702063582838, 2501653.83267063414678 ], [ 2330389.969689528923482, 2501653.83267063414678 ], [ 2330389.969689528923482, 2501697.869782858528197 ], [ 2330434.007594564929605, 2501697.869782858528197 ], [ 2330434.007594564929605, 2501741.907812675926834 ], [ 2330478.044582030270249, 2501741.907812675926834 ], [ 2330522.081569495610893, 2501741.907812675926834 ], [ 2330478.044582030270249, 2501741.907812675926834 ], [ 2330478.044582030270249, 2501697.869782858528197 ], [ 2330522.081569495610893, 2501697.869782858528197 ], [ 2330522.081569495610893, 2501653.83267063414678 ], [ 2330522.081569495610893, 2501697.869782858528197 ], [ 2330522.081569495610893, 2501741.907812675926834 ], [ 2330566.118556960951537, 2501741.907812675926834 ], [ 2330566.118556960951537, 2501697.869782858528197 ], [ 2330566.118556960951537, 2501653.83267063414678 ], [ 2330566.118556960951537, 2501609.794640817213804 ], [ 2330610.155544426292181, 2501609.794640817213804 ], [ 2330610.155544426292181, 2501653.83267063414678 ], [ 2330610.155544426292181, 2501697.869782858528197 ], [ 2330610.155544426292181, 2501653.83267063414678 ], [ 2330654.192531891632825, 2501653.83267063414678 ], [ 2330698.230436928104609, 2501653.83267063414678 ], [ 2330742.267424393445253, 2501609.794640817213804 ], [ 2330786.304411858785897, 2501609.794640817213804 ], [ 2330742.267424393445253, 2501609.794640817213804 ], [ 2330742.267424393445253, 2501565.756611000280827 ], [ 2330786.304411858785897, 2501565.756611000280827 ], [ 2330786.304411858785897, 2501521.71949877589941 ], [ 2330830.341399324126542, 2501521.71949877589941 ], [ 2330874.378386789467186, 2501521.71949877589941 ], [ 2330874.378386789467186, 2501477.681468958500773 ], [ 2330918.416291825473309, 2501477.681468958500773 ], [ 2330962.453279290813953, 2501477.681468958500773 ], [ 2330918.416291825473309, 2501433.643439141567796 ], [ 2330962.453279290813953, 2501433.643439141567796 ], [ 2330962.453279290813953, 2501389.605409324169159 ], [ 2330962.453279290813953, 2501345.568297099787742 ], [ 2330918.416291825473309, 2501345.568297099787742 ], [ 2330962.453279290813953, 2501345.568297099787742 ], [ 2330962.453279290813953, 2501301.530267282854766 ], [ 2331006.490266756154597, 2501345.568297099787742 ], [ 2331006.490266756154597, 2501301.530267282854766 ], [ 2331050.527254221495241, 2501301.530267282854766 ], [ 2331094.564241686835885, 2501257.492237465921789 ], [ 2331094.564241686835885, 2501301.530267282854766 ], [ 2331094.564241686835885, 2501257.492237465921789 ], [ 2331138.602146723307669, 2501257.492237465921789 ], [ 2331138.602146723307669, 2501301.530267282854766 ], [ 2331182.639134188648313, 2501301.530267282854766 ], [ 2331182.639134188648313, 2501257.492237465921789 ], [ 2331226.676121653988957, 2501257.492237465921789 ], [ 2331226.676121653988957, 2501213.454207648523152 ], [ 2331182.639134188648313, 2501213.454207648523152 ], [ 2331182.639134188648313, 2501169.417095424141735 ], [ 2331226.676121653988957, 2501169.417095424141735 ], [ 2331226.676121653988957, 2501125.379065607208759 ], [ 2331226.676121653988957, 2501081.341035789810121 ], [ 2331182.639134188648313, 2501081.341035789810121 ], [ 2331182.639134188648313, 2501037.303005972877145 ], [ 2331226.676121653988957, 2501037.303005972877145 ], [ 2331226.676121653988957, 2500993.265893748495728 ], [ 2331226.676121653988957, 2500949.227863931562752 ], [ 2331226.676121653988957, 2500905.189834114164114 ], [ 2331270.713109119329602, 2500905.189834114164114 ], [ 2331270.713109119329602, 2500861.152721889782697 ], [ 2331314.750096584670246, 2500861.152721889782697 ], [ 2331314.750096584670246, 2500817.114692072849721 ], [ 2331270.713109119329602, 2500817.114692072849721 ], [ 2331270.713109119329602, 2500773.076662255916744 ], [ 2331226.676121653988957, 2500817.114692072849721 ], [ 2331226.676121653988957, 2500773.076662255916744 ], [ 2331270.713109119329602, 2500773.076662255916744 ], [ 2331270.713109119329602, 2500729.038632438518107 ], [ 2331314.750096584670246, 2500685.00152021413669 ], [ 2331270.713109119329602, 2500685.00152021413669 ], [ 2330874.378386789467186, 2500729.038632438518107 ], [ 2330742.267424393445253, 2500729.038632438518107 ], [ 2329729.413042407017201, 2500817.114692072849721 ], [ 2329729.413042407017201, 2500773.076662255916744 ], [ 2329729.413042407017201, 2500685.00152021413669 ], [ 2329729.413042407017201, 2500596.925460579805076 ], [ 2329729.413042407017201, 2500552.8874307628721 ], [ 2329729.413042407017201, 2500464.812288721557707 ], [ 2329729.413042407017201, 2500376.736229087226093 ], [ 2329729.413042407017201, 2500332.699116862844676 ], [ 2329729.413042407017201, 2500288.661087045446038 ], [ 2329729.413042407017201, 2500244.623057228513062 ], [ 2329729.413042407017201, 2499451.943108484148979 ], [ 2329773.450029872357845, 2499451.943108484148979 ], [ 2330301.895714598242193, 2498791.376331598497927 ], [ 2330610.155544426292181, 2498439.073928247205913 ], [ 2330830.341399324126542, 2498130.809554712846875 ], [ 2331138.602146723307669, 2498130.809554712846875 ], [ 2331182.639134188648313, 2497954.658353037200868 ], [ 2331182.639134188648313, 2497822.545181178487837 ], [ 2331182.639134188648313, 2497646.39397950284183 ], [ 2331182.639134188648313, 2497250.054463926702738 ], [ 2331182.639134188648313, 2497117.940374475438148 ], [ 2331138.602146723307669, 2497117.940374475438148 ], [ 2331006.490266756154597, 2497073.903262251056731 ], [ 2330962.453279290813953, 2497073.903262251056731 ], [ 2330918.416291825473309, 2497029.865232434123755 ], [ 2330830.341399324126542, 2497029.865232434123755 ], [ 2330874.378386789467186, 2496941.789172799792141 ], [ 2330874.378386789467186, 2496369.298455548472703 ], [ 2330874.378386789467186, 2496149.109224055428058 ], [ 2330874.378386789467186, 2496061.034082014113665 ], [ 2330874.378386789467186, 2495884.882880338467658 ], [ 2330874.378386789467186, 2495840.84485052106902 ], [ 2330742.267424393445253, 2495840.84485052106902 ], [ 2330434.007594564929605, 2493991.257691722363234 ], [ 2330389.969689528923482, 2493991.257691722363234 ], [ 2330345.932702063582838, 2493991.257691722363234 ], [ 2330345.932702063582838, 2493550.880146329756826 ], [ 2330345.932702063582838, 2493154.539713161066175 ], [ 2331138.602146723307669, 2492405.897794233635068 ], [ 2331094.564241686835885, 2492317.822652192320675 ], [ 2331050.527254221495241, 2492317.822652192320675 ], [ 2331006.490266756154597, 2492229.746592557989061 ], [ 2331006.490266756154597, 2492185.708562741056085 ], [ 2330962.453279290813953, 2492185.708562741056085 ], [ 2330962.453279290813953, 2492141.671450516674668 ], [ 2330918.416291825473309, 2492053.595390882343054 ], [ 2330874.378386789467186, 2492009.557361065410078 ], [ 2330830.341399324126542, 2491877.444189206697047 ], [ 2330786.304411858785897, 2491877.444189206697047 ], [ 2330698.230436928104609, 2491701.29298753105104 ], [ 2330654.192531891632825, 2491613.217845489270985 ], [ 2330654.192531891632825, 2491569.179815672338009 ], [ 2330654.192531891632825, 2491525.141785855405033 ], [ 2330654.192531891632825, 2491481.104673631023616 ], [ 2330610.155544426292181, 2491481.104673631023616 ], [ 2330610.155544426292181, 2491393.028613996692002 ], [ 2330610.155544426292181, 2491348.990584179293364 ], [ 2330610.155544426292181, 2491304.953471954911947 ], [ 2330610.155544426292181, 2491216.877412321045995 ], [ 2330654.192531891632825, 2491128.80227027926594 ], [ 2330742.267424393445253, 2490908.613038786686957 ], [ 2330742.267424393445253, 2490864.575008969288319 ], [ 2330830.341399324126542, 2490688.424724886659533 ], [ 2330874.378386789467186, 2490556.310635434929281 ], [ 2330962.453279290813953, 2490380.159433759283274 ], [ 2330962.453279290813953, 2490336.122321534901857 ], [ 2330962.453279290813953, 2490292.084291717968881 ], [ 2330962.453279290813953, 2490248.046261900570244 ], [ 2331006.490266756154597, 2490248.046261900570244 ], [ 2331006.490266756154597, 2490159.97111985925585 ], [ 2331006.490266756154597, 2489939.781888366676867 ], [ 2331006.490266756154597, 2489719.592656873632222 ], [ 2331050.527254221495241, 2489455.366313156671822 ], [ 2331050.527254221495241, 2489147.101939622312784 ], [ 2331094.564241686835885, 2488970.950737946201116 ], [ 2331094.564241686835885, 2488882.875595904886723 ], [ 2331094.564241686835885, 2488574.610304777976125 ], [ 2331138.602146723307669, 2488310.383961060550064 ], [ 2331138.602146723307669, 2488046.157617343589664 ], [ 2331138.602146723307669, 2488002.119587526191026 ], [ 2331182.639134188648313, 2487825.968385850545019 ], [ 2331182.639134188648313, 2487737.892326216213405 ], [ 2331182.639134188648313, 2487649.817184174899012 ], [ 2331182.639134188648313, 2487561.742042133584619 ], [ 2331182.639134188648313, 2487429.627952681854367 ], [ 2331182.639134188648313, 2487385.590840457938612 ], [ 2331226.676121653988957, 2487385.590840457938612 ], [ 2331226.676121653988957, 2487341.552810640539974 ], [ 2331226.676121653988957, 2487297.514780823606998 ], [ 2331226.676121653988957, 2487209.439638781826943 ], [ 2331226.676121653988957, 2487165.401608964893967 ], [ 2331226.676121653988957, 2487121.363579147960991 ], [ 2331226.676121653988957, 2487077.326466923579574 ], [ 2330786.304411858785897, 2486064.457286686170846 ], [ 2330742.267424393445253, 2486064.457286686170846 ], [ 2330566.118556960951537, 2485712.154883334878832 ], [ 2330434.007594564929605, 2485359.852479983121157 ], [ 2330389.969689528923482, 2485183.70127830747515 ], [ 2330257.858727132901549, 2484831.398874956183136 ], [ 2329949.597979733720422, 2484435.059359380509704 ], [ 2329993.635884769726545, 2484346.983299746178091 ], [ 2330037.672872235067189, 2484258.908157704863697 ], [ 2330213.821739667560905, 2483950.643784170504659 ], [ 2330301.895714598242193, 2483774.492582494858652 ], [ 2330698.230436928104609, 2483069.887775791808963 ], [ 2330786.304411858785897, 2482937.774603933095932 ], [ 2330830.341399324126542, 2482805.661432074382901 ], [ 2330874.378386789467186, 2482761.623402257449925 ], [ 2330918.416291825473309, 2482717.585372440516949 ], [ 2330962.453279290813953, 2482629.510230398736894 ], [ 2331006.490266756154597, 2482541.43417076440528 ], [ 2331006.490266756154597, 2482497.396140947472304 ], [ 2331006.490266756154597, 2482409.320998906157911 ], [ 2331006.490266756154597, 2482321.244939271826297 ], [ 2331006.490266756154597, 2482277.20782704744488 ], [ 2331006.490266756154597, 2482189.131767413113266 ], [ 2330962.453279290813953, 2482145.094655188731849 ], [ 2330962.453279290813953, 2482101.056625371798873 ], [ 2330962.453279290813953, 2482012.980565737467259 ], [ 2330962.453279290813953, 2481968.943453513085842 ], [ 2330962.453279290813953, 2481924.905423696152866 ], [ 2330962.453279290813953, 2481836.829364061821252 ], [ 2330918.416291825473309, 2481704.716192203108221 ], [ 2330874.378386789467186, 2481044.149415317457169 ], [ 2330434.007594564929605, 2481088.187445134390146 ], [ 2330389.969689528923482, 2481088.187445134390146 ], [ 2329817.487017337698489, 2481792.792251837439835 ], [ 2329773.450029872357845, 2481792.792251837439835 ], [ 2329597.301162439864129, 2481616.641050161793828 ], [ 2329421.152295007836074, 2481572.60302034439519 ], [ 2329465.189282473176718, 2481748.754222020041198 ], [ 2329068.855477713979781, 2481792.792251837439835 ], [ 2328584.446780453436077, 2481880.867393878754228 ] ] } }
]
}
